dialogue_id,turn_id,query,response,response_type
food_level3_dial26,1,How does ultraviolet spoil beer?,"The ultraviolet and visible light causes riboflavin to react with and break down isohumulones, chemicals that contribute to the bitterness of the beer.",directAnswer
food_level3_dial26,2,What are the different colors of glass used for beer bottles?,"The glass commonly is brown or green to reduce spoilage from light, especially ultraviolet.",directAnswer
food_level3_dial26,3,How is the beer glass colored brown or green?,"FeO and chromium oxide (Cr2O3) additives are used in the production of green bottles. Iron oxide, on the other-hand, produces yellow or yellow-brown glass. Copper oxide (Cu2O) gives a dull brown-red colour to the glass.",directAnswer
food_level3_dial26,4,What is lightstruck beer?,"Lightstruck, or ""skunked"" or ""skunky"", beer has been exposed to ultraviolet and visible light. In some cases, such as Miller High Life, a hops extract that does not have isohumulones is used to bitter the beer so it cannot be ""lightstruck"", and there are also other solutions available to prevent beer bottled in clear and green glass from becoming skunked or light-struck, such as taller walls on 6-pack carriers.",directAnswer
food_level3_dial26,5,What are some other skunky beers?,"Most beer bottles use green packaging to avoid lightstruck, which tastes like sulphur in beer.",noAnswerButRelevantInfo
food_level3_dial26,6,How about using bottles as weapons? Does that only happen in the movies?,"Bottles are used for weapons in real life, for instance, beer bottles are sometimes used as makeshift clubs in bar fights, and other glass bottles can be used to make Molotov cocktails, which are incendiary weapons and were first used in the Spanish Civil War.",directAnswer
hobby_level1_dial16,1,How do cameras work?,"A small hole on the camera allows light to pass through, which then reaches a light-sensitive surface. The image is then recorded onto this surface from this light, which is focused using a lens.",directAnswer
hobby_level1_dial16,2,What causes motion blur when using a camera?,"When the image being recorded changes during the recording of a single exposure or long exposure due to rapid movement, it results in Motion Blur.",directAnswer
hobby_level1_dial16,3,Is there a way to minimize the motion blur when taking a photo?,"Image stabilization (IS) is a family of techniques that reduce blurring associated with the motion of a camera or other imaging device during exposure. However, image stabilization does not prevent motion blur caused by the movement of the subject or by extreme movements of the camera.",directAnswer
hobby_level1_dial16,4,Can you tell me more about what type of tripods i can use for a camera to limit motion blur?,"Would you like to know about least expensive, more expensive, table top, or negative string tripods?",clarification
hobby_level1_dial16,5,I am interested in the least expensive ones.,"The least expensive, made of aluminum tubing and costing less than US$50, is used primarily for consumer still and video cameras and has an attached head and rubber feet.",directAnswer
hobby_level1_dial16,6,What makes other tripods more expensive than ones made with aluminum tubing?,"More expensive tripods are studier, have separate heads and additional features, as well as come in different sizes. Which of these features do you want to know more about?",directAnswer
top25_dial5,1,What other movies has Jaume Collet-Serra directed?,"He is known for directing the horror films House of Wax (2005), Orphan (2009), and The Shallows (2016), as well as the Liam Neeson-led thriller films Unknown (2011), Non-Stop (2014), Run All Night (2015), and The Commuter (2018).",directAnswer
top25_dial5,2,Which country had the highest box office sales the first week of screening Jungle Cruise?,"The film was released both digitally as well as in theaters, and it made $23.3 million from the US digitally, and as of late 2021, it has grossed $117 million, but I don't have the information on which country had the highest box office sales on the first week.",noAnswerButRelevantInfo
top25_dial5,3,How much box office total did the movie get after its run in the cinemas?,"Jungle Cruise had a digital release on August 31 and it was released via 4K, Blu-ray, and DVD on November 16.It debuted atop the ""NPD Videoscan First Alert"", ranking first in both the overall disc sales and Blu-ray sales. 55% of the sales came from Blu-ray, including 16% from 4K Blu-ray and 39% from traditional Blu-ray.",directAnswer
food_level2_dial36,1,Ginkgo biloba is native to what country?,Ginkgo biloba is native to China.,directAnswer
food_level2_dial36,2,Is the Ginkgo bilbo found anywhere else?,"The Ginkgo biloba tree is also commonly found in North America, Europe, Korea and Japan.",directAnswer
food_level2_dial36,3,How long will a ginkgo biloba typically live?,"Ginkgos are generally durable, with some specimens claimed as having lived for over 2,500 years.",directAnswer
food_level2_dial36,4,What kind of climate is suitable to grow Ginkgo biloba?,"I don't have an information about the suitable climate for Ginko biloba, but I know they grow in Zhejiang, and Zhejiang has a humid subtropical climate with four distinct seasons.",noAnswerButRelevantInfo
food_level2_dial36,5,What are the culinary uses for ginkgo biloba?,"The nut-like gametophytes inside the seeds are particularly esteemed in Asia, and are a traditional Chinese food, being used in congee, added to dishes such as chawanmushi, and cooked seeds are often eaten along with other dishes.",directAnswer
food_level3_dial27,1,How many countries does the popular restaurant chain Chipotle serve?,"Chipotle operates in 5 countries: the United States, the United Kingdom, Canada, Germany, and France.",directAnswer
food_level3_dial27,2,When was Chipotle founded?,"Chipotle was founded by Steve Ells on July 13, 1993.",directAnswer
food_level3_dial27,3,What is the name of the person who Chipotle in 1993?,Steve Ells is the founder of Chipotle.,directAnswer
food_level3_dial27,4,Is Steve Ells the founder of any other restaurants or businesses?,"Sorry, I did not find any useful information.",noAnswerNoRelevantInfo
food_level3_dial27,5,What is the most popular menu item ordered at Chipotle?,"I didn't find the most popular menu item but Chipotle's menu consists of five items: burritos, bowls, tacos, quesadillas, and salads.",noAnswerButRelevantInfo
food_level3_dial27,6,Does Chipotle serve an breakfast menu?,The chain experimented with breakfast foods at two airports in the Washington (D.C.) metropolitan area but decided against expanding the menu in that direction.,directAnswer
food_level2_dial37,1,What two labels have been given to Hong Kong for their cuisine?,"Hong Kong has been given the labels ""Gourmet Paradise"" and ""World's Fair of Food"" to describe its complex food combinations and gourmet expertise.",directAnswer
food_level2_dial37,2,What is the western take on Hong Kong cuisine?,"Most Western-style adaptations of Hong-Kong cuisine combine the dishes with Cantonese (Chines) influences. This involves marinating steak in soy sauce, serving dishes with a soy sauce gravy, or serving dishes with fried rice or pasta on the side.",directAnswer
food_level2_dial37,3,Which cultures influence Hong Kong Cuisine?,"Hong Kong cuisine is mainly influenced by Cantonese cuisine, Taiwanese cuisine, Western cuisines, European cuisines, and non-Cantonese Chinese cuisines (especially Hakka, Teochew, Hokkien and Shanghainese), as well as Japanese, Korean, Australian and Southeast Asian cuisines.",directAnswer
food_level2_dial37,4,What are some of the ingredients that are typically found in Hong Kong cuisine?,"Typical Hong Kong cuisine ingredients are century egg, Chinese cabbage, Chinese sausage, dried shrimp and scallop, Hoisin sauce, jujube, kai-lan, lotus seed, red bean, salted duck egg, and shiitake.",directAnswer
food_level2_dial37,5,What are some popular street food in Hong Kong?,"Egg tarts, fish balls, egg waffles, and stinky tofu are examples of Hong Kong street food.",directAnswer
food_level2_dial37,6,"What gives ""stinky tofu"" its name?","I didn't find information specifically about the name but Stinky tofu (Chinese: 臭豆腐; pinyin: chòu dòufu) is a Chinese form of fermented tofu that has a strong odor. According to a Chinese legend, a scholar named Wang Zhihe (王致和) hailing from Huang Shan in Anhui Province invented stinky tofu during the Qing dynasty.",noAnswerButRelevantInfo
food_level2_dial12,1,How many liters of water consumption per day is recommended for good health in hot climates?,The people working in hot climate may need to have 16 liters of water every day.,noAnswerButRelevantInfo
food_level2_dial12,2,What methods are used to determine the safety of drinking water?,"Would you like to know about physical, chemical, or microbiological parameters?",clarification
food_level2_dial12,3,What are the physical parameters that make water safe to drink?,"Physical and chemical parameters include heavy metals, trace organic compounds, total suspended solids (TSS), and turbidity. Physical parameters affect the aesthetics and taste of the drinking water and may complicate the removal of microbial pathogens.",directAnswer
food_level2_dial12,4,What measures are in place to make sure drinking water is safe?,"All public water suppliers in the US must uphold a certain standard of water quality. In the US, the EPA establishes standards as required by the Safe Drinking Water Act.",directAnswer
food_level2_dial12,5,Does the EPA oversee the quality of bottled water as well?,In the US the Food and Drug Administration regulates bottled water.,directAnswer
food_level2_dial12,6,Was the Food and Drug Administration founded before or after the EPA?,"The FDA was organized as the Food, Drug, and Insecticide Administration in 1927, the name was shortened to the Food and Drug Administration 3 years later. The EPA was proposed by Richard Nixon on July 9, 1970, and began operation on December 2, 1970.",directAnswer
hobby_level2_dial2,1,What is the main cause of low literacy in the United States?,A lack of higher education is the cause of low literacy.,directAnswer
hobby_level2_dial2,2,"That seems a bit too simple, right? What are some other causes?",Some point to segregation in schools and the decentralization of public education as some of the reasons for low literacy rates among minorities in the United States.,noAnswerButRelevantInfo
hobby_level2_dial2,3,How would one be defined as illiterate?,"One would be considered functionally illiterate if one's reading and writing skills are inadequate ""to manage daily living and employment tasks that require reading skills beyond a basic level"".",directAnswer
hobby_level2_dial2,4,What are some solutions to the elementary literacy gap in the United States?,"A number of solutions have been made, would you like to know about the ones from the United State government or the solutions from Non-Profit Tutoring Programs?",clarification
hobby_level2_dial2,5,I interested in the solutions advised by the United State government.,"The federal government has provided funding through programs such as Head Start, Title I, an No Child Left Behind to schools whose student populations come from loww income households to insure access to better education and resources.",directAnswer
hobby_level2_dial2,6,What qualifies you to be low income in the United States?,"I couldn't find a exact breakdown for various groups but in 2020, the single person poverty threshold under 65 was an annual income of $12,760. For a family of four with two children, it was $26,200.",noAnswerButRelevantInfo
hobby_level3_dial33,1,Which prime minister of India had a mother who was assassinated?,"Rajiv Ratna Gandhi was an Indian politician who served as the sixth prime minister of India from 1984 to 1989. He took office after the 1984 assassination of his mother, then Prime Minister Indira Gandhi.",directAnswer
hobby_level3_dial33,2,What foreign policy was enacted under Rajiv Ratna Gandhi as Prime Minister?,"According to Rejaul Karim Laskar, the ""whole gamut"" of Rajiv Gandhi's foreign policy was ""geared towards"" making India ""strong, independent, self-reliant and in the front rank of the nations of the world"".",directAnswer
hobby_level3_dial33,3,Did the prime minister succeed in suppressing the coup in Maldives?,"In 1988, he reversed the coup in Maldives.",directAnswer
hobby_level3_dial33,4,Why did Rajiv Ratna Gandhi receive funding from the KGB?,"In 1992, the Indian newspapers Times of India and The Hindu published reports alleging that Rajiv Gandhi had received funds from the KGB.The Russian government confirmed this disclosure and defended the payments as necessary for Soviet ideological interest.",directAnswer
hobby_level3_dial33,5,What was the public's general view of Rajiv Gandhi?,"I could not find anything regarding the public's general view, but Gandhi posthumously received the Bharat Ratna, India's highest civilian award.",noAnswerButRelevantInfo
hobby_level3_dial33,6,Did Ghandi ever recieved any recognition outside India?,There were allegations against him that he had money in Switzerland banks but there was not much on if he received any awards or anything from places outside India.,noAnswerButRelevantInfo
food_level1_dial1,1,What is used to consumed sugar in the grapes in the wine making process?,"Yeast consumes the sugar in the grapes and converts it to ethanol and carbon dioxide, releasing heat in the process.",directAnswer
food_level1_dial1,2,Does wine making require a special kind of yeast?,"There are a variety of yeasts used in winemaking including Saccharomyces cerevisiae, Saccharomyces bayanus, and yeast from the genera Kloeckera, Candida, and Brettanomyces. Which would you like to know more of?",clarification
hobby_level1_dial17,1,What kind of animals commonly live in sea shells?,Hermit crabs are anomuran decapod crustaceans of the superfamily Paguroidea that have adapted to occupy empty scavenged mollusc shells to protect their fragile exoskeletons.,directAnswer
hobby_level1_dial17,2,Do seashells contain any nutrients?,"Yes, seashells contain mainly calcium carbonate which is added to both soil and some kinds of poultry feed in India as a nutrient.",directAnswer
hobby_level1_dial17,3,Why are seashells good as poultry feed?,"Prior to the 20th century, poultry were fed oyster shells as calcium supplements. Although I can't say for certain, it is likely that seashells are added to poultry feeds in India as a similar source of calcium, as egg laying hens require 4 grams of calcium per day in order to lay eggs.",noAnswerButRelevantInfo
hobby_level1_dial17,4,I'm interested in learning about Conchology.,"Conchology is the study of mollusc shells. Conchology is one aspect of malacology, the study of molluscs; however, malacology is the study of molluscs as whole organisms, whereas conchology is confined to the study of their shells.",directAnswer
hobby_level1_dial17,5,Can you really hear the ocean if you hold a seashell to your ear?,"Seashell resonance refers to a popular folk myth that the sound of the ocean may be heard through seashells, particularly conch shells. This effect is similarly observed in any resonant cavity, such as an empty cup or a hand clasped to the ear.",directAnswer
hobby_level1_dial17,6,Are there any places that used seashells as currency in the past?,"Yes, shell money has appeared in the Americas, Asia, Africa and Australia.",directAnswer
top25_dial23,1,Who was the green party candidate for the 2019 Canadian federal election?,2019 Federal election in Canada involved multiple offices including parliament and prime minister where the Green party won three seats. For which office would you like to know the Green Party candidates?,clarification
top25_dial23,2,I'm interested in the Green Party candidates for the Members of the House of Commons.,"Sorry that i didn't find the answer but i found Green Party members Elizabeth May, Paul Manly and Jenica Atwin were re-elected in 2019 federal elections, Pierre Nantel ran under the banner of Green Party as well but lost the election.",noAnswerButRelevantInfo
top25_dial23,3,"And of those Green party candidates in 2019, who were the winners?","Elizabeth May was reelected with 54% of the vote, and Jenica Atwin was elected as the first Member of Parliament of the Green Party of Canada outside of British Columbia.",directAnswer
top25_dial23,4,You said Elizabeth May was reelected. How many times has she been elected to Parliament?,"She has been elected as a Member of Parliament twice. The first time on May 2, 2011, and the second time on October 21, 2019.",directAnswer
top25_dial23,5,What were some campaign slogans from 2019?,"Sorry, I did not find any useful information.",noAnswerNoRelevantInfo
top25_dial23,6,"Oh, okay. Well, what is the oldest still functioning political party in Canada?",The Liberal Party of Canada is the longest-serving and oldest active federal political party in Canada.,directAnswer
food_level3_dial28,1,Can grenache be found in South Africa?,"While there isn't a lot of Grenache Noir planted in South Africa at only 305 hectares in 2014, many of the 100+ Grenache based blends are proving to be very fashionable with winemakers due to South Africa's warm climate, dry land and granitic soils.",directAnswer
food_level3_dial28,2,Is there anywhere else grenache is grown?,"Grenache is one of the most widely planted red wine grape varieties in the world. In addition to being grown in Spain and South Africa it is also commonly grown in Sardinia, France, Australia, and California.",directAnswer
food_level3_dial28,3,What type of growing conditions does Grenache needs to be grown at?,"Grenache grows in hot, dry soils that are well drained but it is also adaptable to all vineyard soil types.",directAnswer
food_level3_dial28,4,"How long does it take for Grenache to grow if it is a hot, dry environment?","I couldn't find an exact length, but Grenache needs a long growing season to fully ripen and is one of the last grapes harvested, often ripening weeks after Cabernet Sauvignon, which itself, is one of the last major grape varieties to bud and ripen, often 1-2 weeks after Merlot and Cabernet franc.",noAnswerButRelevantInfo
food_level3_dial28,5,How is grenache used in winemaking?,"Grenahce is often used as a blending component, adding body and sweet fruitiness to a wine.",directAnswer
food_level3_dial28,6,What kind of flavor is it noted for?,"Characteristic flavor profiles for Grenache include red fruit flavors like raspberry and strawberry with a subtle, white pepper spice note. As Grenache ages, it has a more leather and tar sort of flavor.",directAnswer
hobby_level2_dial20,1,What are the health benefits of Tai Chi?,The major health benefit of Tai Chi is relieving stress on the body and mind. It may also reduce the number of falls in older people and increase functional exercise capacity.,directAnswer
hobby_level2_dial20,2,Where do the different Tai Chi lineages originate from?,"Most modern styles trace their development to the five traditional schools: Chen, Yang, Wu (Hao), Wu, and Sun. All trace their historical origins to Chen Village.",directAnswer
hobby_level2_dial20,3,How is Tai Chi used for self defense?,"Tai chi is a martial art, and as a martial art, it focuses on defense over offense.",directAnswer
hobby_level2_dial20,4,What types of weapons are used in TaiChi?,"The jian, a straight double-edged sword, practiced as taijijian, the dao, a heavier curved saber, sometimes called a broadsword;the qiang, a 2 m long spear or a 4 m long lance are some of the weapons are used in TaiChi.",directAnswer
hobby_level2_dial20,5,How is Tai Chi used for sport?,"Practitioners test their skills against students from other schools and martial arts styles in tuishou (""pushing hands"") and sanshou competition.",directAnswer
hobby_level2_dial20,6,Are there noticeable differences in style or how it is practiced in any particular countries?,"I couldn't find major noticeable differences but there are many new, hybrid and offshoot styles but the family schools are the accepted standards in the international community.",noAnswerButRelevantInfo
top25_dial50,1,What was the Al-Aqsa Mosque used for after the Crusaders captured it?,The Crusaders used the mosque as a palace.,directAnswer
top25_dial50,2,Why is Al-Aqsa Mosque so important to Muslims?,The Al-Aqsa Mosque is important in Islam as it is believed that Muhammad was transported there from the Great Mosque of Mecca during the Night Journey.,directAnswer
top25_dial50,3,What are some conflicts associated with the Al-Aqsa Mosque?,"In April 2021, Jewish settlers performed prayers and read the Torah inside the Al-Aqsa Mosque, the area is typically off limits to non-Muslims. On 14th of April, Israeli police also entered and cut speaker wires in minarets, saying it interfered with an event by the Israeli president.",directAnswer
top25_dial50,4,How was the Al-Aqsa Mosque involved with the assassination of King Abdullah I?,It was involved in that King Abdullah I was assassinated by Mustafa Shukri Ashu while attending prayers there on 20 July 1951.,directAnswer
top25_dial50,5,Can anyone visit the Al-Asqua Mosque if they want?,"Muslim residents of Israel and Palestinians living in East Jerusalem are normally allowed to enter the Temple Mount and pray at the al-Aqsa Mosque without restrictions. Due to security measures, the Israeli government occasionally prevents certain groups of Muslims from reaching al-Aqsa by blocking the entrances to the complex; the restrictions vary from time to time.",directAnswer
top25_dial50,6,"Second Intifada, can you explain further?","The Second Intifada, also known as the Al-Aqsa Intifada was a Palestinian uprising against Israel resulting from the failure of the 2000 Camp David Summit to reach final agreement on the Israeli-Palestinian peace process in July 2000.",directAnswer
hobby_level3_dial34,1,When did women start playing rugby?,The first documented case of all women's rugby team is from 1891.,directAnswer
hobby_level3_dial34,2,Where did the first women's rugby team play?,"There are also early reports of women's rugby union being played in France (1903) and England (1913). In the case of the all women's ruby team in 1891 on a tour of New Zealand, the match was cancelled due to public outcry.",noAnswerButRelevantInfo
hobby_level3_dial34,3,What is the most notable rugby competition?,"The highest profile women's rugby tournament is the Rugby World Cup, historically known as the Women's Rugby World Cup.",directAnswer
hobby_level3_dial34,4,What part of the world is rugby most commonly played in?,"I was not able to find that there is one particular place where it is played more, but I did find that is very popular throughout the World and is played on every continent but Antarctica.",noAnswerButRelevantInfo
hobby_level3_dial34,5,Who is considered the most famous rugby player?,"I don't have information on who the most famous rugby player is, but The World Rugby Men's 15s Player of the Year is presented to honor ""the achievements of those involved at the highest level of the world game on the field"", and Antoine Dupont, a French rugby player is the 2021 World Rugby Men's 15s Player of the Year.",noAnswerButRelevantInfo
hobby_level3_dial34,6,What team does Antoine Dupont play for?,Antoine Dupont currently plays for Toulouse in the Top 14 and captains the France national team.,directAnswer
food_level1_dial10,1,What type of grain is fermented in making sake?,"Sake is produced from fermented rice. There are at least 80 types of rice used in Japan, including: Yamadanishiki, Gohyakumangoku, Miyamanishiki and Omachi.",directAnswer
food_level1_dial10,2,How does fermenting rice cause sake to become alcoholic?,"Sake is produced by a brewing process more akin to that of beer, where starch is converted into sugars which ferment into alcohol.",directAnswer
food_level1_dial10,3,Are there different types of sake?,"Yes, there are two basic types of sake: Futsū-shu (普通酒, ordinary sake) and Tokutei meishō-shu (特定名称酒, special-designation sake). There are eight varieties of special-designation sake.",directAnswer
food_level1_dial10,4,What are the ceremonial uses of sake?,"Sake is often consumed as part of Shinto purification rituals, and at New Year many Japanese people drink a special sake called toso.",directAnswer
food_level1_dial10,5,"Yes, please let me know how sake is used in new year celebrations.","On New Year's, a special kind of sake called toso is drank, though plain sake is used in some regions of Japan. It is done to wash away the ailments, to inspire the drinker to live a long life, and to prevent one's family from becoming ill.",directAnswer
food_level1_dial10,6,What is toso made of?,"Ingredients have changed somewhat over time; some of the original Chinese ones were deemed at one point or another to be too potent for casual consumption. Nowadays it is typically made from Japanese pepper, asiasari radix, apiaceae, cinnamon, dried ginger, atractylodes Japonica, Chinese bellflower and rhubarb, amongst others.",directAnswer
food_level2_dial38,1,Are bananas susceptible to any sorts of diseases?,"Bananas are susceptible to a number of diseases, including Panama disease, Tropical race 4, Black Sigatoka, and Banana bunchy top virus. Is there a specific disease you'd like to hear more about?",clarification
food_level2_dial38,2,What is the banana cartel?,"Sorry that i didn't find the answer but i found United Fruit Company, Vaccaro firm and Cuyamel maintained a cartel like cooperation in banana agriculture output.",noAnswerButRelevantInfo
food_level2_dial38,3,What are the nutritional properties of bananas?,"Bananas are a great source of Vitamin B6 and a good source of Vitamin C, manganese, and dietary fiber. Contrary to popular belief, they aren't a great source of potassium.",directAnswer
food_level2_dial38,4,What country is the largest producer of bananas?,"As of 2017, India and China were the largest producers of banana with a combined total of 27% to global production.",directAnswer
food_level2_dial38,5,I heard all those bananas from India and China are of one variety or cultivar. What are they called?,Bananas in the Cavendish group are by far the most important cultivars. These include theDwarf Cavendish and Grand Nain (Chiquita Banana).,directAnswer
food_level2_dial38,6,Are there any pests that cause problems for bananas?,"There are many, but one of the most serious is called Cosmopolites sordidus, commonly known as the banana root borer, banana borer, or banana weevil, is a species of weevil in the family Curculionidae. Another pest that targets bananas is Pentalonia nigronervosa (banana aphid) is an aphid in the superfamily Aphidoidea in the order Hemiptera.",directAnswer
food_level2_dial38,7,Tell me more about Black sigatoka!,"Black sigatoka is a leaf-spot disease of banana plants caused by the ascomycete fungus Mycosphaerella fijiensis (Morelet). Plants with leaves damaged by the disease may have up to 50% lower yield of fruit, and control can take up to 50 sprays a year.",directAnswer
top25_dial24,1,How much older is Alexander than his youngest brother?,"There are many Alexanders in the history. Which Alexander are you referring to, The Alexander the Great, Alexander Hamilton, or some other Alexander?",clarification
top25_dial24,2,I'm referring to Alexander Rae Baldwin III. How much older is he than his youngest brother?,He is eight years older than Stephen.,directAnswer
top25_dial24,3,How did Alec (or Alexander) Baldwin get his start in the show business?,Baldwin got his start in 1986 on Broadway in a revival of Joe Orton's Loot.,directAnswer
top25_dial24,4,What was Alec Baldwin's first movie appearance?,"Baldwin made his film debut with a minor role in the 1987 film Forever, Lulu.",directAnswer
top25_dial24,5,Can you tell me about the shooting incident that happened on set with Alec Baldwin?,"On October 21, 2021, while filming for the upcoming film Rust, Baldwin discharged a prop gun and killed cinematographer Halyna Hutchins and injured director Joel Souza.",directAnswer
top25_dial24,6,Was Alec Baldwin ever charged with any crime with this incident?,"Baldwin was questioned, but left without charges being filed.",directAnswer
food_level3_dial29,1,What is the earliest recorded use of Black pepper?,"Black pepper is native to South Asia and Southeast Asia, and has been known to Indian cooking since at least 2000 BCE.",directAnswer
food_level3_dial29,2,How did black pepper spread out of South and Southeast Asia?,Black pepper found its way out of South and Southeast Asia via trade routes with western civilizations.,directAnswer
food_level3_dial29,3,How is black pepper typically produced?,"Black peppers are produced from unripe drupes of the pepper plant. The drupes are cooked in hot water, then dried by the sun or by machine for several days.",directAnswer
food_level3_dial29,4,Has black pepper been used in China?,"It is possible that black pepper was known in China in the second century BCE, according to Tang Meng reports. By the 12th century, however, black pepper had become a popular ingredient in the cuisine of the wealthy and powerful, sometimes taking the place of China's native Sichuan pepper.",directAnswer
food_level3_dial29,5,Are there any nutritional aspects of black pepper?,"Black pepper contains between 4.6 and 9.7% piperine by mass, and white pepper slightly more than that.",directAnswer
food_level3_dial29,6,Is black pepper used in medicine at all?,"Historically, black pepper was used as a traditional medicine, though current medical research hasn't confirmed any benefits.",directAnswer
hobby_level2_dial9,1,What is crossover referring too in a story?,"A crossover is the placement of two or more otherwise discrete fictional characters, settings, or universes into the context of a single story.",directAnswer
hobby_level2_dial9,2,Can you tell me about how crossovers get started?,"They can arise from legal agreements between the relevant copyright holders, unauthorized efforts by fans, or common corporate ownership. Crossover origins vary across genres. Would you like to know more about crossovers in animation or film?",clarification
hobby_level2_dial9,3,What are some famous crossovers that have appeared in a tv series?,"Crossovers in TV series are not uncommon, one example being Cartoon network show, The Grim Adventures of the Kids Next Door. It features five crossovers – Ed, Edd n Eddy, Codename: Kids Next Door, The Grim Adventures of Billy and Mandy, a reference to The Powerpuff Girls, and a quote from Scooby-Doo.",directAnswer
hobby_level2_dial9,4,Which show did the character of Ursula Buffay first appear on?,"Phoebe's crass, identical twin sister, Ursula Buffay (also portrayed by Kudrow), a character originally created for and appearing in the American sitcom Mad About You as a waitress, is also introduced in the first season of Friends, in ""The One with Two Parts"".",directAnswer
hobby_level2_dial9,5,What are some famous crossovers in movies?,"The first film crossover in a series of Universal Studios monster films was Frankenstein Meets the Wolf Man, in 1943 and there have been numerous crossovers in Japanese cinema. Would you like to know more about crossovers in American film or Japanese cinema?",clarification
top25_dial51,1,Why did the people of Fergana rebel against Babur?,The noble people of Fergana favored Babar's younger brother as their ruler and rebelled against him.,directAnswer
top25_dial51,2,Which regions did Babur still have control over at the time of his death?,"I don't have any information on the regions under Babur's control at the time of his death, but he was the founder of the Mughal Empire and was buried initially in Agra.",noAnswerButRelevantInfo
top25_dial51,3,What regions of Indian subcontinent have been under the control of the Mughal empire?,"Although I can't say with certainty how much of India was under the Mughal's control, at its height, their empire stretched from the Indus basin in the west, Afghanistan and Kashmir in the north, Bangladesh in the east, and the Deccan Plateau in the South. By the time of Emperor Aurangzeb, the Mughal Empire had conquered almost all of South Asia.",noAnswerButRelevantInfo
top25_dial51,4,How did Babur die?,"I couldn't find evidence of how he died. However, Babur died in Agra at the age of 47 on 5 January [O.S. 26 December 1530] 1531, and was first buried in Agra but, as per his wishes, his mortal remains were moved to Kabul and reburied in Bagh-e Babur in Kabul sometime between 1539 and 1544.",noAnswerButRelevantInfo
top25_dial51,5,Does Babur have any living descendants?,"I could not find anything regarding living descendants, but the final ruler from the House of Babur, Bahadur Shah, was exiled in 1857.",noAnswerButRelevantInfo
top25_dial51,6,Where was he exiled too in 1857?,"He was exiled to Rangoon, Burma.",directAnswer
hobby_level3_dial35,1,What are some of the manga series that are associated with Kamiwaza Wanda?,"The Kamiwaza Wanda series includes its self-title installment, as well as the spinoff Kamiwaza Wanda: Mysterious Joker Promin Stories.",directAnswer
hobby_level3_dial35,2,How long is the main series?,"By ""how long"", do you mean, how many pages, or how many volumes, or how many years or months have the series been published?",clarification
hobby_level3_dial35,3,I'd like to know how many volumes the main series consists of.,"The series consists of three volumes, which were released from July 2016 to April 2017. A spin-off series titled ""Kamiwaza Wanda: Mysterious Joker Promin Stories"" was also published between 2016 and 2017, but no full volumes of it have been released.",directAnswer
hobby_level3_dial35,4,Has the creator published anything else besides Kamiwaza Wanda and its spin-offs?,"Kamiwaza Wanda was created by both Takara Tomy and TBS Holdings, Inc. Which of these two companies' publishing histories are you interested in learning more about?",clarification
hobby_level3_dial35,5,What's the Takara Tomy's annual revenue?,"Sorry, I did not find any useful information.",noAnswerNoRelevantInfo
hobby_level3_dial35,6,Can you tell me about some of the mechanical or electronic games the company has released?,"Tomy has a variety of mechanical and electronic games, including Screwball Scramble, Starriors, and Tomy Tutor.",directAnswer
hobby_level3_dial35,7,I want to know more about both Armatron and Blip!,"Being a toy robot made by TOMY and distributed by Radio Shack in the United States since 1984, the Armatron consists of a crane-like arm which picks up small objects by the user manipulating two attached joysticks and its shape resembles industrial robots of the 1980s, though it is strictly user-controlled, with no automation built in. Blip (stylized as Blip. THE DIGITAL GAME), being a tabletop electro-mechanical game marketed by Tomy starting in 1977 in the United States, the system can play a two-player game that is very similar to Atari's video game Pong, and a single-player game.",directAnswer
food_level1_dial11,1,What regions did Chicha originate from in Latin America?,Chicha originates from the Andes and Amazonia regions of Latin America.,directAnswer
food_level1_dial11,2,What is the average alcohol percentage of Chicha in its fermented form?,"I did not find the answer, but  I did find that the highly fermented forms contain a significant alcohol content.",noAnswerButRelevantInfo
food_level1_dial11,3,What was chicha's purpose in the Inca Empire's ceremonies and rituals?,"Chicha played an important role in ceremonies and rituals as shown in rites of passage, choice of women preparers (the aclla), how Inca royalty perceived themselves, and Inca religion. Which of these aspects do you want to learn more about?",clarification
food_level1_dial11,4,How does Chica contribute to the Incan economy?,"Assuming you mean in the past, since the Incan Empire is no more, and assuming you mean Chicha and not Chica, it was used only for ritual purposes and consumed during religious festivals, and by leaders as a means of extending invitations and cementing power relationships and alliances.",directAnswer
food_level1_dial11,5,Can you also tell me about the women's role in preparing chicha?,"At around age 10, the most attractive, virgin girls were chosen to become aclla (Chosen Women), and were trained for four years in the brewing of chicha, which would be used in ceremonies and community worship. They would chew maize to create a mush which would then be fermented into chicha, which was considered sacred when produced by the aclla.",directAnswer
food_level1_dial11,6,Were there ever any male aclla?,"There are small amounts of evidence that suggest that they may have existed, however, the overwhelming amount of evidences suggests that the majority of aclla were indeed women. In fact, one of the roles of the aclla was to be given to men as wives, further supporting this.",directAnswer
hobby_level2_dial21,1,What legacy did Ian Lancaster Fleming leave behind?,The Bond character's influence is prominent in other novels and films.,noAnswerButRelevantInfo
hobby_level2_dial21,2,How did Ian Lancaster Fleming begin his writing career?,"After the second world war, Fleming became the foreign manager in the Kemsley newspaper group, where he continued to write articles until at least 1961.",directAnswer
hobby_level2_dial21,3,What was the reception to Fleming's initial James Bond novel?,"Fleming's first Bond novel, Casino Royale, was a success with three print runs being commissioned to cope with the demand.",directAnswer
hobby_level2_dial21,4,How did Fleming die?,Fleming died at age 56 at Kent and Canterbury Hospital in the early morning of 12 August 1964 following a heart attack the previous day.,directAnswer
food_level2_dial4,1,What should a person do if they accidentally eat a poisonous mushroom?,"I could find the specific information you are looking for, but I did discover that individuals ingesting less poisonous mushrooms usually respond well to treatment, but some are so toxic that even with prompt treatment, mortality is high.",noAnswerButRelevantInfo
food_level2_dial4,2,What is the most lethal variety of mushroom?,"I did not find the most lethal, but I did find of the most lethal five species belong to the genus Amanita, and two belong to the genus Cortinarius.",noAnswerButRelevantInfo
food_level2_dial4,3,What is a common purpose for mushroom hunting?,"Mushroom hunting is the activity of gathering mushrooms in the wild, typically for culinary use.",directAnswer
food_level2_dial4,4,What gives mushrooms psychotropic properties?,"""Magic mushrooms"" contain psilocybin which is rapidly dephosphorylated in the body to psilocin, which is an agonist for several serotonin receptors.",directAnswer
food_level2_dial4,5,How can you tell the difference between a normal mushroom and a psychotropic mushroom?,"I was unable to find a direct answer to that, but I did find that eating mushrooms gathered in the wild is risky and should only be undertaken by people knowledgeable in mushroom identification.",noAnswerButRelevantInfo
food_level2_dial4,6,What makes a mushroom toxic to consume?,"Mushrooms toxins are secondary metabolites and can differ markedly in toxicity. Most ""poisonous"" mushrooms contain gastrointestinal irritants that that cause vomiting and diarrhea, however, there are a number of recognized mushroom toxins with specific, sometimes deadly, effects.",directAnswer
hobby_level3_dial1,1,What is the purpose of running up the score?,"There are several reasons a coach may want to run up the score of a team, such as doing so to impress other coaches and sportswriters, to allow players to gain more experience, or to prevent a comeback by the opposing team.",directAnswer
hobby_level3_dial1,2,Are there sports that allow a game to be automatically won if a team runs up the score to a certain extent?,"Some forms of basketball utilize the Elam ending, where the game ends when a team reaches a target score.",directAnswer
hobby_level3_dial1,3,What are some example of running up the score outside of the sports world?,"In 1995, Florida college football coach Steve Spurrier ran up the score against opponent Georgia in order to humiliate the other team. The game ended with a final score of 52-17, and stands as a record of the most points ever scored by an opposing team at Sanford Stadium. Similarly, in 1916, Georgia Tech led by coach John Heisman defeated the Cumberland College Bulldogs with a score of 222–0 . Heisman ran up the score in order to avenge an embarrassing loss earlier in the year to a Cumberland baseball team. Would you like to know more about either of these games or other examples of running up the score in the sports world?",clarification
hobby_level3_dial1,4,Does any memorabilia of the Cumberland vs. Georgia Tech game currently exist?,"Yes, in fact the game ball was kept with the score written on it as a memento. It sold at auction in 2014 for $40,388, with the buyer intending to donate it back to Georgia Tech.",directAnswer
hobby_level3_dial1,5,"Has Georgia Tech been involved in any other big, historical sports games?","Tech has seventeen varsity sports: football, baseball, softball, volleyball, golf, and men's and women's tennis, basketball, swimming and diving, track and field, and cross country. Which sport are you interested in?",clarification
hobby_level3_dial1,6,I am interested in football.,"Arguably their most historically noteworthy game happened in 1956, when the Georgia Tech Yellow Jackets played in the first integrated Sugar Bowl game under civil rights advocate Blake Van Leer's tenure.",directAnswer
hobby_level1_dial18,1,How do sports improve physical health?,"Physical exercise is important for maintaining physical fitness and can contribute to maintaining a healthy weight, regulating the digestive system, building and maintaining healthy bone density, muscle strength, and joint mobility, promoting physiological well-being, reducing surgical risks, and strengthening the immune system.",directAnswer
hobby_level1_dial18,2,What is the difference between amateur and professional sports?,Professional sports is different from amature sports in that the athletes in profressional sports are compensated for their performance.,directAnswer
hobby_level1_dial18,3,Tell me more about how finances differ in amateur and professional sports.,"In professional sports, the player are financially compensated for their performance, whereas in amateur sports, the players are largely or entirely without such remuneration.",directAnswer
hobby_level1_dial18,4,What is the highest payed professional sport?,"I'm sorry, but I couldn't find the information you requested. However, I did find that Conor McGregor was ranked as the world's highest paid athlete by Forbes in 2021, earning a reported $180 million.",noAnswerButRelevantInfo
hobby_level1_dial18,5,Which pro sports player in the world has the highest paying contract without endorsements ?,"I couldn't find an exact answer but lists include the contract's signing bonuses but exclude thing such as options, buyouts, and endorsement deals. In addition, sometimes the contracts may be terminated and does not reflect the actual money athletes may earn.",noAnswerButRelevantInfo
hobby_level1_dial18,6,Who does Patrick Mahomes play for?,Patrick Mahomes plays for the Kansas City Chiefs.,directAnswer
food_level1_dial12,1,Margarine is composed of what type of oil?,"Although originally made from animal fats, most margarine consumed today is made from vegetable oil.",directAnswer
food_level1_dial12,2,How is the vegetable oil transformed into margarine?,Oils undergo a full or partial hydrogenation to solidify them.,directAnswer
food_level1_dial12,3,How is margarine manufactured?,"The basic method of making margarine today consists of emulsifying a blend of oils and fats from vegetable and animal sources, which can be modified using fractionation, interesterification or hydrogenation, with skimmed milk which may be fermented or soured, salt, citric or lactic acid, chilling the mixture to solidify it, and working it to improve the texture.To produce margarine, first oils and fats are extracted, e.g. by pressing from seeds, and then refined.",directAnswer
food_level1_dial12,4,"Okay, so what kinds of animal fats are used in making margarine?","Margarine was originally made from animal fats, however most margarine consumed today is made from vegetable oil. It was first made in France in 1869, and was created by Hippolyte Mège-Mouriès in response to a challenge by Emperor Napoleon III to create a butter substitute from beef tallow for the armed forces and lower classes.",noAnswerButRelevantInfo
food_level1_dial12,5,What part of the world is margarine most popular in?,"Sorry, I did not find any useful information.",noAnswerNoRelevantInfo
food_level1_dial12,6,Is there any Margarine alternatives?,Butter can be used as an alternative to margarine.,directAnswer
top25_dial52,1,What school did Brian Keith Kelly attend?,He attended St. John's Preparatory School and  Assumption College.,directAnswer
top25_dial52,2,What did he do after he left college?,"He stayed at Assumption after after he graduated, from 1983 to 1986, and served as linebackers coach, defensive coordinator, and softball coach. He then went on to serve in coaching positions at Grand Valley Sate University, Central Michigan University, the University of Notre Dame, and Louisiana State University.",directAnswer
hobby_level3_dial36,1,What kind of images did the Apollo TV camera take?,The Tv cameras first produced black and white images and later produced color images.,directAnswer
hobby_level3_dial36,2,That's cool! Which company made these cameras?,The Apollo TV cameras were made by RCA and Westinghouse.,directAnswer
hobby_level3_dial36,3,Which specific Apollo mission the TV camera was used?,"Pete Conrad and Alan Bean carried the first lunar surface color television camera on Apollo 12, but it was damaged when accidentally pointed into the Sun. However, they made two EVAs totaling 7 hours and 45 minutes.",directAnswer
food_level3_dial3,1,What country did the Green tea originate from?,"Green tea originated in China, and since then its production and manufacture has spread to other countries in East Asia.",directAnswer
food_level3_dial3,2,Does all green tea come from the same species of leaf?,"Yes, all green tea is made from the Camellia sinesnis leaf.",directAnswer
food_level3_dial3,3,How is green tea utilized for weight loss?,There is no good evidence that green tea aids in weight loss or weight maintenance.,directAnswer
food_level3_dial3,4,Does green tea have any beneficial health effect?,"Although it has been studied extensively for it's pontential to lower the risk of human diseases, there is no good scientific evidence to indicate that consuming tea affects any disease or improves health. However, the caffeine in the tea leaves may possibly increase alertness.",directAnswer
food_level3_dial3,5,Is green tea popular anywhere else other than China?,"Yes, green tea is popular in Japan and Korea. Are you interested to know more about green tea in any of those countries?",clarification
food_level3_dial3,6,"Yes, I would like know more about green tea in Korea.","Korean green tea can be classified into Ujeon, Sejak, Jungjak and Daejak based on several different factors such as the flush, or the time of the year when the leaves are plucked (and thus also by leaf size). Ipcha and yeopcha refer to loose leaf tea, often in contrast to tea in tea bags, while arucha and malcha refer to powdered tea.",directAnswer
hobby_level2_dial22,1,Hamilton was enrolled in what community?,Are you asking about Alexander Hamilton? Would you like to know which community militia company he joined?,clarification
hobby_level2_dial22,2,What community was Ira Hamilton Hayes enrolled in?,Ira Hamilton Hayes was an enrolled member of the Gila River Indian Community.,directAnswer
hobby_level2_dial22,3,Did Ira Hamilton Hayes see combat during the WWII?,"Ira Hayes saw combat during the Bougainville Campaign in World War II, fighting against the Japanese. After the iconic raising of the second American flag at Iwo Jima, he remained to fight on the island until it was secure.",directAnswer
hobby_level2_dial22,4,What were the circumstances around Ira Hamilton Hayes' death?,"The Pinal County coroner concluded that Hayes's death was caused by exposure and alcohol poisoning. However, his brother Kenneth, a Korean War veteran, believes that the death resulted from the altercation with Setoyant.",directAnswer
hobby_level2_dial22,5,What military awards did Hayes receive?,"Hayes received the following military awards: Navy and Marine Corps Commendation Medal with Combat ""V"" for meritorious service; the Navy Combat Action Ribbon for combat participation in World War II; the 5⁄16"" a Marine Corps, World War II, campaign participation star  for Iwo Jima.",directAnswer
hobby_level2_dial22,6,"Out of the medals received by Hayes, what is considered the highest medal?","The highest would be the Navy Presidential Unit Citation because the collective degree of valor against an armed enemy to receive that award is the same as that which would warrant the award of the individual award of the Navy Cross. The Navy Cross is the Navy's second highest medal, with the first highest being the medal of honor.",directAnswer
food_level2_dial5,1,What are some popular dishes in Burmese cuisine?,"Some popular dishes in Burmese cuisine include curries, salads, and soups eaten with white rise. These curries, salads, and soups often include noodles and are served with Indian breads.",directAnswer
food_level2_dial5,2,What types of dishes are served on Burmese religious holidays?,"There are a number of Burmese religious holidays, do you happen to mean food for the Thingyan, pagoda festivals, or some other holiday?",clarification
food_level2_dial5,3,What are some dishes served on Buddhism related holidays in Burma?,"The Thadingyut Festival, festival celebrating Buddha's descent, has many food stalls selling a variety of Myanmar traditional food. Thingyan, or Burmese New Year Festival, serves food such as mont lone yay baw, glutinous rice balls with jaggery as well as Mont let saung, which is bits of sticky rice with toasted sesame in jaggery syrup and coconut milk.",noAnswerButRelevantInfo
food_level1_dial13,1,What island in Japan do most Ainu live today?,"As there's no official category for Ainu on the Japanese census, it's unknown the exact location and number of Ainu people. However, Hokkaido has maintained a steady Ainu population, though many Ainu people also live outside of that area.",noAnswerButRelevantInfo
food_level1_dial13,2,What are some of the common dishes in the Ainu cuisine?,"Ainu cuisine has many primary dishes, like citatap, ohaw, rataskep, and sayo, just to name a few. Which of these do you want to know more about?",clarification
food_level1_dial13,3,I want to know more about rataskep.,"Rataskep, meaning ""mixed food"", includes wild vegetables and beans that are stewed until soft then is mashed and seasoned with bear or fish oils and salt.",directAnswer
hobby_level3_dial37,1,What brand of bikes did Hoy generally ride during competitions?,"I don't have information on the brands bikes he used in competitions, but he did start his own brand of bikes.",noAnswerButRelevantInfo
hobby_level3_dial37,2,What was the name of the brand of bikes that Sir Christopher Andrew Hoy started?,The name of the brand was Hoy bearing his own name.,directAnswer
hobby_level3_dial37,3,Is Sir Christopher Hoy still an active racing driver as of 2022?,It is unclear if Chris Hoy will continue his career in motorsports. He last raced in 2016 at the Le Mans 24 Hours competition.,noAnswerButRelevantInfo
hobby_level3_dial37,4,Who ended up winning the 2016 Le Mans 24 Hours?,"Neel Jani of Porsche was the winner, it was his and co-driver Marc Lieb's first Le Mans win.",directAnswer
hobby_level3_dial37,5,What other races has Marc Lieb' won?,"He won the FIA GT Championship in 2003 and 2005 and the European Le Mans Series in 2005, 2006, 2009, and 2010. He also won the 24 Hours Nürburgring four times, 2008's 12 Hours of Sebring, 2003's 24 hours of Spa and 2007 Petit Le Mans and also was the 2016 FIA World Endurance Champion.",directAnswer
hobby_level3_dial37,6,Does Marc Lieb own any speed world records on the track?,"Sorry, I did not find any useful information.",noAnswerNoRelevantInfo
hobby_level3_dial10,1,How did Henri Cartier-Bresson get started in photography?,Young Henri Cartier-Bresson started photography by taking holiday snapshots with a Box Brownie and later with 3x4 inch view camera.,directAnswer
hobby_level3_dial10,2,Did he ever get involved with any other art media besides photography?,"As a young man he tried sketching, music, and oil painting. In the 1930's he acted in 2 films directed by Jean Renoir.",directAnswer
hobby_level3_dial10,3,What two films did acted on that was directed by Jean Renoir?,He acted in Renoir's 1936 film Partie de campagne and in the 1939 La Règle du jeu.,directAnswer
hobby_level3_dial10,4,What awards did Cartier-Bresson receive?,"He was awarded  Overseas Press Club of America Award, The A.S.M.P. Award, and Overseas Press Club of America Award, just to mention some.",directAnswer
food_level2_dial13,1,Do sugary drinks actually cause obesity?,"The consumption of sugar-sweetened beverages is associated with weight and obesity, and changes in consumption can help predict changes in weight.",directAnswer
food_level2_dial13,2,Which countries have the highest soda tax?,"Countries with the highest soda tax include India at 40%, Saudi Arabia at 50%, and United Arab Emirates at 50%.",directAnswer
food_level2_dial13,3,Are there any places that don't have a soda tax?,"I couldn't find information on which countries don't have a soda tax, but have found when certain countries started a sugary drink tax. Would you like to know when Bahrain, Brunei, Hungary, or India started their sugary drink tax?",clarification
food_level2_dial13,4,Can you name some localities within the US that have sugar tax?,"The United States does not have a nationwide soda tax, but a few of its cities including  Berkeley, Philadelphia, San Francisco, Oakland and others have passed their own tax and the U.S. has seen a growing debate around taxing soda in various cities, states and even in Congress in recent years.",directAnswer
food_level2_dial13,5,I interested in the ones in California.,"Sugar taxes are present in the California cities of Berkeley, San Francisco, and Oakland. Which measure would you like to learn more of?",clarification
food_level2_dial13,6,I would like to know about sugar taxes in San Francisco.,"A one-cent-per-ounce soda tax (Prop V) passed with over 61% of the vote on 8 November 2016 and applies to distributors of sugary beverages on 1 January 2018, exempting   infant formulas, milk products, supplements, drinks used for medical reasons, and 100% fruit and vegetable juices.",directAnswer
food_level3_dial30,1,"When was Conagra Brands, Inc founded?","Conagra Brands, Inc. was founded in 1919.",directAnswer
food_level3_dial30,2,Could you tell me about the kinds of places their stuff is available at?,"Conagra makes and sells products under various brand names that are available in supermarkets, restaurants, and food service establishments.",directAnswer
food_level3_dial30,3,What's the best selling product Conagra sells?,"I could not find the information you requested, but I did find that the company is the third largest flour miller in the U.S.",noAnswerButRelevantInfo
food_level3_dial30,4,What was Conagra Brands formerly known as?,Formerly it was known as Nebraska Consolidated Mills (NCM).,directAnswer
food_level3_dial30,5,Did they say why they wanted to change their name to Conagra Brands?,"Sorry, I did not find any useful information.",noAnswerNoRelevantInfo
food_level3_dial30,6,"Fine, then can you tell me the problems that Conagra Brands encounter with their employees?","Sure, there's several things I could tell you about.  Would you like to know more about the charges of hiring discrimination brought against them by the EEOC, the safety issues at their Greely, Colorado plant, or the shooting at their Kansas City plant in July of 2004?",clarification
food_level3_dial30,7,"I would like to know more about the safety issues at their Greely, Colorado plant.","The company's Greeley, Colorado, plant had been cited almost 10 times from 1999 to 2002 for violating worker safety.",directAnswer
food_level1_dial14,1,What type of milk is used in making tofu?,Soy milk is used to make tofu.,directAnswer
food_level1_dial14,2,What are the nutritional benefits of tofu?,"Tofu provides protein, iron, calcium and magnesium while remaining low in calories.",directAnswer
food_level1_dial14,3,What kind of foods taste similar to tofu?,"The flavor of tofu is said to be bland, though regional variations from different countries may have different flavors. Pre-flavored tofu can also be purchased in supermarkets, as processed tofu can be made using techniques to add different flavors.",directAnswer
food_level1_dial14,4,What is Paneer made of?,Paneer or Indian cottage cheese made from cow or buffalo milk.,directAnswer
food_level1_dial14,5,"Are there different flavors for paneers, like salty, sweet etc?",Paneer can be sweet like the Shahi paneer and really spicy like the Chilli paneer.,directAnswer
food_level1_dial14,6,Is paneer typically eaten when?,"Paneer is the most common type of cheese used in traditional cuisines from the Indian subcontinent, but I don't have any information on when the paneer is typically eaten.",noAnswerButRelevantInfo
hobby_level1_dial19,1,Why did Hartmut Lutz coin the term Indianthusiasm?,"Native Americans in German popular culture have, since the 18th century, been a topic of fascination, with imaginary Native Americans influencing German ideas and attitudes towards environmentalism, literature, art, historical reenactment, and German theatrical and film depictions of Indigenous Americans. Hartmut Lutz coined the term, Indianthusiasm, for this phenomenon.",directAnswer
hobby_level1_dial19,2,Which spiritual and esoteric aspects of Native American life were influenced by Germans?,The German people were influenced by spiritual and esoteric aspects of Native American life with the widespread idea of a coming new humanity.,noAnswerButRelevantInfo
hobby_level1_dial19,3,How were Native Americans portrayed in art?,"Native Americans in German popular culture were portrayed in a romanticized, idealized, and fantasy-based manner.",directAnswer
hobby_level1_dial19,4,What were the consequences of German pop culture treating Native Americans in this romanticized way?,"Such a romantic image lead to the common use of stereotypes, such as ""An Indian knows no pain"". Further, romanticized material was prioritized over the contemporary realities facing the real, and diverse, Indigenous peoples of the Americas.",directAnswer
hobby_level1_dial19,5,Are there any notable museum collections of the German Native American art?,"Yes, the Ethnological Museum of Berlin,  Nordamerika Native Museum (NONAM) in Zurich, the Karl-May-Museum, and The Museum Five Continents in Munich are notable museum collections of German Native American art.",directAnswer
hobby_level1_dial19,6,What other types of interesting art does the Ethnological Museum of Berlin have?,"Highlights of the Ethnological Museum of Berlin include important objects from the Sepik River, Hawaii, the Kingdom of Benin, Cameroon, Congo, Tanzania, China, the Pacific Coast of North America, Mesoamerica, the Andes, as well as one of the first ethnomusicology collections of sound recordings (the Berliner Phonogramm-Archiv).",directAnswer
top25_dial53,1,Is Philip Mickelson still a golf competitor as of 2022?,"As of 2022, Philip Mickelson announced he would be steeping away from golf to spend time with his family and would miss the 2022 Masters tournament.",directAnswer
top25_dial53,2,Has Philip Mickelson had any injuries?,Philip Mickelson had a wrist injury while practicing at Oakmont before the US Open.,directAnswer
top25_dial53,3,What kind of playing style is Philip Mickelson known for?,"Mickelson's playing style is described by many as ""aggressive"" and highly social. Mickelson has also been characterized by his powerful and sometimes inaccurate driver.",directAnswer
top25_dial53,4,When did Mickelson first play professionally?,Mickelson played professionally after graduation from ASU in June 1992.,directAnswer
top25_dial53,5,What were some of Phil Mickelson's most notable endorsements?,"Major companies which Mickelson currently endorses are ExxonMobil, Rolex, and Mizzen+Main. According to one estimate of 2011 earnings, he earned $53 million from endorsements.",directAnswer
top25_dial53,6,I am interested in previous sponsors.,"Mickelson's previous sponsors include Titleist, KPMG, Workday, Bearing Point, Barclays, Amstel Light, and Ford. His sponsorship with Callaway Golf is currently ""paused"", and at one point, he was endorsing the drug, Enbrel.",directAnswer
food_level3_dial31,1,What places is the blue crab endemic to?,The blue crab is native to the waters of the western Atlantic Ocean and the Gulf of Mexico.,directAnswer
food_level3_dial31,2,What type of crabbing gear is needed ro catch blue crabs?,"Crabbing gear for catching blue crabs includes hand lines, dig nets, push nets, trotlines, and crab pots.",directAnswer
food_level3_dial31,3,Can normal people catch blue crabs in the gulf region in the US as a hobby?,Recreational crabbing occur year-round in the Gulf of Mexico.,directAnswer
food_level3_dial31,4,How do blue crabs reproduce?,"To ensure that a male can mate, he actively seeks a receptive female and guards her for up to seven days until she molts, when insemination occurs. Crabs compete with other individuals before, during, and after insemination, so mate guarding is very important for reproductive success.",directAnswer
food_level3_dial31,5,Are blue crabs very common to catch?,"I don't have an information about how common it is to catch the blue crabs and in what region, but the Chesapeake Bay which has had the largest blue crab harvest for more than a century, has seen a decrease of about 70% in the last few decades.",noAnswerButRelevantInfo
food_level3_dial31,6,Do you know by how much the population has declined?,"The most recent figures claim over the decade between the mid-1990s to 2004, the population fell from 900 million to around 300 million.",directAnswer
hobby_level1_dial2,1,Why is it important to consider soil when planning a garden?,The soil needs to have proper PH levels and nutrients for vegetation and plants. Plants need different nutrient and soil conditions as well.,directAnswer
hobby_level1_dial2,2,Which regions are rock gardens best suited for?,"Sorry that I didn't find the answer, but I found Some rock gardens are planted around natural outcrops of rock, perhaps with some artificial landscaping, but most are entirely artificial, with both rocks and plants brought in.",noAnswerButRelevantInfo
hobby_level1_dial2,3,How does one become a landscape architect?,"Are you interested in the process of becoming a landscape architect in the U.S., Austrailia, or the U.K.?",clarification
hobby_level1_dial2,4,What are the essential elements in a kitchen garden?,"Elements of a kitchen garden can be separated into various categories including design and layout, typical vegetables grown, and typical herbs grown. Which category would you like to further explore?",clarification
hobby_level1_dial2,5,I would like to know about Modern ptager garden?,"In some modern gardens, edible plants, like fruit trees, and especially herbs are planted alongside ornamental plants. The goal is to make the function of providing food aesthetically pleasing.",directAnswer
hobby_level1_dial2,6,What parts of the world ptager garden is mainly found?,"I did not find a particular country, but I did find that the owner of the Château de Villandry in France had decided to use the garden scheme as an attraction with worked well and the most notable is the The Potager du roi (Kitchen Garden of the King) which was created for the court of Louis XIV near the Palace of Versailles.",noAnswerButRelevantInfo
food_level2_dial14,1,Why are morels prized by gourmet cooks?,Morels are prized by chefs worldwide because of their unique flavor.,directAnswer
food_level2_dial14,2,What other ingredient can be substituted for morels ina recipe?,"Sorry, I did not find any useful information.",noAnswerNoRelevantInfo
food_level2_dial14,3,What are the nutritional aspects of morchella?,"Raw morel mushrooms are 90% water, 5% carbohydrates, 3% protein, and 1% fat. A 100 gram reference amount supplies 31 calories, and is a rich source of iron (94% of the Daily Value, DV), manganese, phosphorus, zinc, moderate levels of several B vitamins and vitamin D (34% DV, if having been exposed to sunlight or artificial ultraviolet light).",directAnswer
food_level2_dial14,4,Is it possible for morchella to be toxic?,"Morchella species are thought to contain small amounts of hydrazine toxins or an unknown toxin that is destroyed through cooking; because of this, morels should never be eaten raw. Also, Morels growing in old apple orchards that had been treated with the insecticide lead arsenate may accumulate levels of toxic lead and arsenic that are unsuitable for human consumption.",directAnswer
food_level2_dial14,5,How is morchella sourced?,"In 1901, Repin reported successfully obtaining fruit bodies in a cave in which cultures had been established in flower pots nine years previously in 1892. More recently, small-scale commercial growers have had success growing morels by using partially shaded rows of mulched wood.",directAnswer
food_level2_dial14,6,which country consumes the most morels in the world?,"I couldn't find which countries consumes them the most, but harvesting of wild morels takes place in North America, Turkey, China, the Himalayas, India, and Pakistan as these locations have an abundance of morels.",noAnswerButRelevantInfo
hobby_level3_dial38,1,Who first used the term barbarian in Ancient Greece?,"While it seems impossible to tell who actually first used the term, the earliest attested form of the word is in Mycenaean Greek.",noAnswerButRelevantInfo
hobby_level3_dial38,2,Who were the most notorious barbarians?,"The word barbarian has been used by the ancient Greeks, Romans, and Chinese. Which one of these ancient peoples and their barbarians are you interested in?",clarification
hobby_level3_dial38,3,I want to know more about the Roman barbarians!,"The Romans adapted the ancient Greek term and used it towards tribal non-Romans such as the Berbers, Germanics, Celts, Iberians, Thracians, Illyrians, and Sarmatians.",directAnswer
hobby_level3_dial38,4,Did Romans use the term Barbarian a derogatory word?,"I couldn't find info on the word being used as a derogatory word, specifically but the Romans did use ""barbarus"" for uncivilised people and it became a common term for all foreigners after the Augustus age.",noAnswerButRelevantInfo
hobby_level3_dial38,5,"What is the modern day use of the term ""barbarian"" like?","In the early modern period and sometimes later, the Byzantine Greeks used it for the Turks in a clearly pejorative manner. Modern popular culture contains such fantasy barbarians as Conan the Barbarian.",directAnswer
hobby_level3_dial38,6,I've heard the term's tied to Marxism as well. Could you tell me how that got started?,"One of Engels category of primitive communist societies was the ""barbarian"" phase, which held a superstructure like that of the ancient Germanic populations beyond Rome and the Indigenous peoples of North America before colonization, being intra-communally egalitarian and matrilineal within the community.",directAnswer
hobby_level2_dial23,1,What are the consequences of getting bitten by a tick?,"Some tick bites, especially those where the tick is attached for less than 36 hours, have no negative consequences. However, many tick bites can result in any one of a number of different infections caused by pathogens, or in some cases a condition caused tick paralysis.",directAnswer
hobby_level2_dial23,2,What regions of the United States are ticks found in?,I did not find the answer but I did find that ticks generally can be found anywhere there is a dense host species population and  there is enough humidity for them to remain hydrated.,noAnswerButRelevantInfo
hobby_level2_dial23,3,What do ticks feed on?,"Ticks are parasitic and feed on the blood of mammals, birds, and occasionally reptiles and amphibians. Blood provides them with all of their nutritional needs, but because they require a host in order to drink their blood, their saliva contains between 1,500 to 3,000 proteins. These proteins have anti-inflammatory properties, which allow the tick to feed for up to 10 days without the host becoming aware of their presence.",directAnswer
hobby_level2_dial23,4,What are tick population control measures in the United States?,"Helmeted guineafowls, opossums and a high animal diversity are used as natural forms of control for ticks in the United States. The synthetic pyrethroid insecticide phenothrin in combination with the hormone analogue methoprene is a popular topical flea and tick therapy for felines.",directAnswer
hobby_level2_dial23,5,How many people fall sick from tick bites a year anyway?,"I was not able to locate a specific number, but the occurrence of ticks and tick-borne illnesses in humans is increasing.",noAnswerButRelevantInfo
hobby_level2_dial23,6,"Besides mice, what other animals are hosts for ticks?","A range of host taxa exists, such as marsupial and placental mammals, birds, reptiles like snakes, iguanas, and lizards, and amphibians. There are also ticks whose hosts are domestic animals as well.",directAnswer
hobby_level3_dial11,1,Is organ printing a common practice?,Not as of yet. Organ printing is still in the developmental stages.,directAnswer
hobby_level3_dial11,2,That's unfortunate. Have there been any clinical trials involving organ printing?,"I do not have any information on on-going clinical trials involving organ printing, but the challenges faced in organ printing field are being addressed.",noAnswerButRelevantInfo
hobby_level3_dial11,3,What are the ethical concerns about organ printing?,"From an ethical standpoint, there are concerns with respect to the availability of organ printing technologies, the cell sources, and public expectations. Contemporary research has found that there is potential social stratification for the wealthier population to have access to this therapy while the general population remains on the organ registry.",directAnswer
hobby_level3_dial11,4,"Do wealthy people currently have to use the organ registry, or do they already have access to other ways of gaining organs?",Sorry i didn't find the answer but i found that United States has two agencies that govern organ procurement and distribution within the country. The United Network for Organ Sharing and the Organ Procurement and Transplant Network (OPTN) regulate Organ Procurement Organizations (OPO) with regard to procurement and distribution ethics and standards.,noAnswerButRelevantInfo
hobby_level3_dial11,5,"Is OPTN a private organization, or is government run?","It is a government run organization established by the U.S. Congress in 1984 by Gene A/ Pierce and it is administered by The United Network for Organ Sharing (UNOS) a non-profit, scientific and educational organization.",directAnswer
hobby_level3_dial11,6,Is the OPTN organization still in existence today?,"Organ Procurement and Transplantation Network operate by grouping states into several different regions throughout the country; would you like to know if the specific regional branch in Connecticut, Maine, Massachusetts or New Hampshire is in existence today?",clarification
hobby_level3_dial11,7,Tell me more about both Massachusetts and New Hampshire!,"Sorry, I did not find any useful information.",noAnswerNoRelevantInfo
food_level1_dial15,1,How is lumpia usually served?,"Lumpia could be deep fried or fresh, and could be served as an appetizer or a snack.",directAnswer
food_level1_dial15,2,What are the most common ingredients in lumpia?,"Generally, lumpia are made of paper-thin pastry skins known as ""lumpia wrappers"", which cover a sweet or savory filling. However, specific types of lumpia have different kinds of ingredients. Would you like to know more about the kinds of lumpia that are common in Indonesia, the Philippines, or the Netherlands?",clarification
food_level1_dial15,3,I'd like to know what kinds of lumpia are common in Indonesia.,"Throughout the country, spring rolls are generally called lumpia; however, sometimes an old Chinese Indonesian spelling is used: loen pia; the most popular variant is Lumpia Semarang. Unlike popular Semarang lumpia that uses rebung or bamboo shoots, Jakarta lumpia uses bengkuang or jicama, and served with typical Indonesian sambal kacang or spicy peanut sauce as a dipping sauce. Lumpia Bogor uses jicama, and added with tofu and ebi dried shrimp.",directAnswer
food_level1_dial15,4,What kinds of lumpia are common in Indonesia?,"More common types of lumpia found in Indonesia are: Lumpia Surabaya, Lumpia Yogyakarta, Lumpia Medan and Lumpia goreng.",directAnswer
food_level1_dial15,5,Are there any vegan lumpia varities?,"Yes, Lumpia sayur and Lumpia tahu are vegetarian variations of Lumpia. Also,  Lumpiang gulay which is  is not vegetarian by default, but vegan and vegetarian versions can be made from the basic recipe. Which one of these are you interested to know more about?",clarification
food_level1_dial15,6,I would like to know more about Lumpia tahu.,"Lumpia tahu is filled with tofu and diced carrot, lightly seasoned, and deep fried.",directAnswer
food_level3_dial32,1,What is the chemical formula of silicone dioxide?,"Silicon dioxide, also known as silica, is an oxide of silicon with the chemical formula SiO2, most commonly found in nature as quartz and in various living organisms.",directAnswer
food_level3_dial32,2,What are the structural uses of silicone dioxide?,"Commercially, 95% of silicon dioxide is used in construction, most notably in the production of cement. It is also used in iron casting, due to the high melting point of silica.",directAnswer
food_level3_dial32,3,Can you explain what hydraulic fracturing process?,"The process involves the high-pressure injection of ""fracking fluid"" (primarily water, containing sand or other proppants suspended with the aid of thickening agents) into a wellbore to create cracks in the deep-rock formations through which natural gas, petroleum, and brine will flow more freely. When the hydraulic pressure is removed from the well, small grains of hydraulic fracturing proppants (either sand or aluminium oxide) hold the fractures open.",directAnswer
food_level3_dial32,4,Is hydraulic fracturing bad for the environment?,"The potential environmental impacts of hydraulic fracturing include air emissions and climate change, high water consumption, groundwater contamination, land use, risk of earthquakes, noise pollution, and various health effects on humans. Air emissions are primarily methane that escapes from wells, along with industrial emissions from equipment used in the extraction process.",directAnswer
food_level3_dial32,5,Are there any safety issues we should know about regarding silicone dioxide?,"There sure are!  Would you like to know more about the general adverse health effects of silica, the occupational hazards it involves, or the pathophysiology of it?",clarification
food_level3_dial32,6,I am interested in the general adverse health effects.,"Silica ingested orally is essentially nontoxic, but inhaling finely divided crystalline silica dust can lead to silicosis, bronchitis, or lung cancer.",directAnswer
top25_dial25,1,What system of religious law is based on the Quran and the Hadith?,Sharia law is based on the Quaran and the Hadith.,directAnswer
top25_dial25,2,Which countries oppose Sharia law?,"Countries opposing Sharia law include the United States, the UK, Germany and Canada.",directAnswer
top25_dial25,3,Why does the United States oppose Sharia law?,Would you like to know why certain groups in the U.S. oppose the law or what the U.S. courts have determined about the law?,clarification
top25_dial25,4,"Yes, why certain groups in the U.S. oppose the law?","While not possible to know every motivation, common causes of opposition stem from fear, identity politics, the desire to not have multiple law system running in a single country, and concerns over women's rights.",noAnswerButRelevantInfo
top25_dial25,5,How does Sharia law affect the LGBT community?,There are ongoing debates as to whether Sharia is compatible with LGBT rights.,directAnswer
top25_dial25,6,I would like to know how it affect the LGBT community in Indonesia.,"In the Aceh province of Indonesia, homosexuality is illegal for Muslims under Islamic Sharia law and punishable by flogging.",directAnswer
hobby_level3_dial4,1,How did the IOC get started?,"The IOC is the supreme authority of the worldwide modern Olympic Movement and was was created by Pierre de Coubertin, on 23 June 1894 with Demetrios Vikelas as its first president.",directAnswer
hobby_level3_dial4,2,Who is the current president of the IOC?,"Thomas Bach OLY (born 29 December 1953) is a German lawyer, former Olympic fencer and Olympic gold medalist, serving as the ninth and current president of the International Olympic Committee since 10 September 2013.",directAnswer
hobby_level3_dial4,3,Have there been any scandals associated with the IOC?,"Thomas Bach has been mired with scandals involving accusation of corruption and racism, cost issue surrounding security, and working with a Chinese politician accused of sexual assault. Which of these scandals would you like to know more about?",clarification
hobby_level1_dial20,1,What is the purpose of historical reenactments?,Historical reenactment (or re-enactment) is an educational or entertainment activity in which mainly amateur hobbyists and history enthusiasts put on uniforms and follow a plan to recreate aspects of a historical event or period.,directAnswer
hobby_level1_dial20,2,What are the dangers of participating in historical reenactments?,"the SCA, which uses rattan swords to avoid injury. Others combine the sport with more traditional forms of reenactment, such as living history. It is usual to fight using more restricted target areas than in a real fight and with less speed and force, although some systems try to get as close to real combat as possible.",directAnswer
hobby_level1_dial20,3,I would like to know about the social dangers.,The social danger of participating in historical reenactments includes being stopped by astonished spectators who usually assume the participants are portraying certain characters such as enslaved people.,directAnswer
hobby_level1_dial20,4,Have there been any notable reenactors who have been said to hold Nazi beliefs?,"In October 2010, a Republican candidate for US Congress, Rich Iott, was thought by some to be a holder of such beliefs when he dressed up as an SS man at a reenactment. It was revealed however that he participated in a range of reenactments over the years, and he told ""The Atlantic"" that he absolutely does not agree with the tenets of Nazism.",directAnswer
hobby_level1_dial20,5,Has there been any media support for historical reenactment?,"Yes, Motion picture and television producers often turn to reenactment groups for support; films like Gettysburg, Glory,The Patriot, and Alatriste benefited greatly from the input of reenactors, who arrived on set fully equipped and steeped in knowledge of military procedures, camp life, and tactics.",directAnswer
hobby_level1_dial20,6,What is Alatriste about?,"Based on a series of five novels written by Arturo Pérez-Reverte, the film is set in the time period of the Spanish Empire in the 17th century. The plot follows the exploits of Diego Alatriste, a soldier in the Eighty Year's War.",directAnswer
food_level2_dial15,1,When was yeast first used for baking purposes?,"It is not known when exactly yeast was first used for baking purposes, but records show yeast was used as early as Ancient Egypt.",directAnswer
food_level2_dial15,2,How was yeast used by the Ancient Egyptians?,"Archaeologist digging in Egyptian ruins found early grinding stones and baking chambers for yeast-raised bread, as well as drawings of 4,000-year-old bakeries and breweries.",directAnswer
food_level2_dial15,3,How is s. cerevisiae used in winemaking?,"The most common yeast associated with winemaking is Saccharomyces cerevisiae which has been favored due to its predictable and vigorous fermentation capabilities, tolerance of relatively high levels of alcohol and sulfur dioxide as well as its ability to thrive in normal wine pH between 2.8 and 4. Despite its widespread use which often includes deliberate inoculation from cultured stock, S. cerevisiae is rarely the only yeast species involved in a fermentation. The primary role of yeast is to convert the sugars present (namely glucose) in the grape must into alcohol.",directAnswer
food_level2_dial15,4,What is the average alcohol content of wine?,"Natural wines may exhibit a broad range of alcohol content, from below 9% to above 16% ABV, with most wines being in the 12.5–14.5% range. Fortified wines (usually with brandy) may contain 20% alcohol or more.",directAnswer
food_level2_dial15,5,What's the highest alcohol content a wine has ever had?,"I did not find answer, but I did find Natural wines may exhibit a broad range of alcohol content, from below 9% to above 16% ABV, with most wines being in the 12.5–14.5% range.[129] Fortified wines (usually with brandy) may contain 20% alcohol or more, with the Rice Wine variety having an ABV of 18%-25%.",noAnswerButRelevantInfo
food_level2_dial15,6,Who consumes the most rice wine?,"Rice wine is  traditionally consumed in East Asia, Southeast Asia and South Asia. Rice wines are used in East Asian, Southeast Asian and South Asian gastronomy at formal dinners and banquets and in cooking.",directAnswer
food_level3_dial33,1,Why do people say Nitrogen is good to have in soil?,"Nitrogen is essential for plant growth and reproduction and, with the exception of moist tropical forests, it is the most critical element obtained from the soil by plants.",directAnswer
food_level3_dial33,2,How do plants obtain Nitrogen from soil?,There are several steps in the process which includes the fixation of nitrogen via bacteria and root absorption. Which of those steps are you interested in learning more about?,clarification
food_level3_dial33,3,I am interested in root absorption.,"Nitrogen enters through the roots where it accumulates in different compositions depending on the length of the day, time of the day, temperature and nutrition of the plant. Which of these conditions that change the nitrogen composition do you want to know more about?",clarification
food_level3_dial33,4,I am interested in how time of day affects root absorption.,"Darkness favors protein breakdown accompanied by high asparagine accumulation, and night temperature modifies the effects due to night length, with soluble nitrogen tending to accumulate owing to retarded synthesis and breakdown of proteins. Low night temperature conserves glutamine; high night temperature increases accumulation of asparagine because of breakdown.",directAnswer
hobby_level3_dial13,1,Are horizontal or vertical East Asian scripts more common?,"Many such scripts can be written in either format, and different types of written works such as calligraphy, newspapers, and computer text have come to favor one option over another. Which type of written work are you interested in learning more about?",clarification
hobby_level3_dial13,2,"I've always wanted to know more about calligraphy, it sounds so cool! Could you tell me where it came from?","I don't have information on where the calligraphy came from, but in East Asian calligraphy, vertical writing remains the dominant direction.",noAnswerButRelevantInfo
hobby_level3_dial13,3,Who are some widely known calligraphers from the Shang Dynasty?,"I do not have examples of widely known calligraphers frm the Shang dynasty, but in 2003, ceramic inscriptions dating to 1435–1412 B.C. have been found by archaeologists which puts the date of Chinese writing to the middle of Shan dynasty.",noAnswerButRelevantInfo
hobby_level3_dial13,4,What exactly is oracle bone script?,"Oracle bone script, or jiǎgǔwén, which translates ""inscriptions upon bone and tortoise shell,"" was an ancestor of modern Chinese characters engraved on oracle bones. The late Shang oracle bone writings, along with a few roughly contemporaneous inscriptions in a different style cast in bronzes, constitute the earliest significant corpus of Chinese writing.",directAnswer
hobby_level3_dial13,5,Is calligraphy still commonly used in present day?,"Calligraphy continues to be used today for many written works including wedding invitations,  religious art, announcements, graphic design, and other handwritten works.",directAnswer
hobby_level3_dial13,6,Is calligraphy used with computers at all?,"I could not find anything exact, but modern typefaces used by computers, from word processors like Microsoft Word or Apple Pages, were influenced by calligraphy.",noAnswerButRelevantInfo
food_level1_dial16,1,What type of beverages are served during beer festivals?,"During beer festivals, a variety of beers are available for purchase, which vary by region. For example, in Britain beer festivals focus on draught real ale, while some Canadian beer festivals focus on cask ales.",directAnswer
food_level1_dial16,2,That's interesting! What are draught real ales and cask ales?,"Draught beer is served from a keg or a cask, and real ale is made from traditional ingredients, while a cask and bottled beers are both referred to as real ale.",directAnswer
food_level1_dial16,3,What are the ingredients for real ale?,"There are many different types of ale to tell you the ingredients of.  Would you be interested in knowing about brown ale, pale ale, India Pale ale, golden ale, or some other type of ale?",clarification
food_level1_dial16,4,Is there variations of real ale in other countries?,"To the best of my knowledge, the only regional variation I can find are methods of dispensing, particularly via electric pumps in the Midlands of England and Scotland, versus the usual handpump used elsewhere.",noAnswerButRelevantInfo
food_level1_dial16,5,Is there anywhere in the world that has more beer festivals than anywhere else?,"I did not find a place with themost festivals, but I did find the Oktoberfest, which is held in Munich, Germany in October and attended by 6 million people annually. It is the most recognized festival, and has inspired similar festivals around the world.",noAnswerButRelevantInfo
food_level1_dial16,6,What similar festivals were inspired by it?,"Do you wish to know more about the other Oktoberfest celebrations outside of Munich, Germany but still in Germany or those of several other countries such as Argentina's National Beer Festival, Australia's Oktoberfests, or China's?",clarification
food_level2_dial16,1,What is the world's most expensive spice?,Saffron is the world's most expensive spice.,directAnswer
food_level2_dial16,2,I see! Where does saffron come from?,"Saffron is a spice derived from the flower of Crocus sativus, commonly known as the ""saffron crocus"". It is believed that saffron originated in Iran, Greece or Mesopotamia then slowly propagated throughout much of Eurasia and was later brought to parts of North Africa, North America, and Oceania.",directAnswer
food_level2_dial16,3,What kinds of dishes is saffron used in?,"Saffron is used in dishes ranging from the jewelled rice and khoresh of Iran, the Milanese risotto of Italy, the paella of Spain, the bouillabaisse of France, to the biryani with various meat accompaniments in South Asia. One of the most esteemed use for saffron is in the preparation of the Golden Ham, a precious dry-cured ham made with saffron from San Gimignano.",directAnswer
food_level2_dial16,4,Why is saffron so expensive?,"I couldn't find the information you requested, but ""Mongra"" or ""Lacha"" saffron of Kashmir, is among the most difficult for consumers to obtain. Repeated droughts, blights, and crop failures in Kashmir combined with an Indian export ban, contribute to its prohibitive overseas prices.",noAnswerButRelevantInfo
food_level2_dial16,5,What are some saffron substitutes?,"Common saffron substitutes include safflower (Carthamus tinctorius, which is often sold as ""Portuguese saffron"" or ""açafrão""), annatto, and turmeric (Curcuma longa).",directAnswer
food_level2_dial16,6,Cool! Could you tell me more about where safflower comes from?,Would you like to know where safflower grows now or where it was first cultivated?,clarification
hobby_level3_dial5,1,When was the Fortress of Solitude first suggested to be in outer space instead of the arctic?,"Detailed description of Superman's fortress comes from 1981, and Action Comic #261 said Superman first established the fortress in outer space. But I don't have information on when Action Comic #261 was published.",noAnswerButRelevantInfo
hobby_level3_dial5,2,Did The Fortress of Solitude ever appear on television?,Would you like to know about Fortress of Solitude in episodes of The Super Friends or DC animated universe?,clarification
hobby_level3_dial5,3,I'd like to know more about the Fortress of Solitude in the DC animated universe.,"Yes, the Fortress of Solitude appeared in Superman: The Animated Series, Justice League Unlimited, and Batman Beyond.",directAnswer
hobby_level3_dial5,4,Was the Fortress of Solitude present in any video games?,"The Fortress of Solitude is present in the following video games: the DC Universe Online MMORPG,  Mortal Kombat vs. DC, The Death and Return of Superman for SNES, and Injustice: Gods Among Us.",directAnswer
hobby_level3_dial5,5,What did the Fortress of Solitude look like?,"The Fortress contained an alien zoo, a giant steel diary in which Superman wrote his memoirs (using either his invulnerable finger, twin hand touch pads that record thoughts instantly, or heat vision to engrave entries into its pages), a chess-playing robot, specialized exercise equipment, a laboratory where Superman worked on various projects such as developing defenses to kryptonite, a (room-sized) computer, communications equipment, and rooms dedicated to all of his friends, including one for Clark Kent to fool visitors.",directAnswer
hobby_level3_dial5,6,I would like know how it looked in 1949.,"By issue #58 of Superman in 1949, it seems at a glance to be a freestanding castle located in a ""polar waste"".",directAnswer
food_level3_dial34,1,What kinds of special uses are there for the carya glabra?,Would you like to know about uses as animal feed or shade covering?,clarification
food_level3_dial34,2,I see. Are there any damaging agents associated with it?,"The carya glabra, or pignut hickory can be damaged by fire, diseases from fungi, trunk rot and other causes. Which of these causes do you want to know more about?",clarification
food_level3_dial34,3,What type of climate does carya glabra grow in?,It primarily grows in a humid climate.,directAnswer
food_level3_dial34,4,How does the carya glabra seedling develop?,"Hickories exhibit embryo dormancy which must be overcome, would you like to know about natural seedling development or in forest tree nurseries?",clarification
food_level3_dial34,5,What kind of soil is ideal for growing carya glabra?,"In the Great Smoky Mountains pignut hickory has been observed on dry sandy soils at low elevations. Also, its taproots may develop in compact and stony soils.",directAnswer
food_level3_dial34,6,How does it react to competition?,"The hickories as a group are classed as intermediate in shade tolerance; however, pignut hickory has been classed as intolerant in the Northeast and tolerant in the Southeast.",directAnswer
food_level1_dial17,1,What are fish eggs called?,"Another word for fish eggs is ""roe"".",directAnswer
food_level1_dial17,2,What causes egg allergies?,"Egg allergies are generally caused by reactions to the proteins in eggs. There are five major proteins in the egg that cause allergies, and they are designated Gal d 1-5.",directAnswer
food_level1_dial17,3,What are the five major proteins in eggs?,"Eggs (boiled) supply several vitamins including vitamin A (19 percent DV),  vitamin B12 (46 percent DV),  and vitamin vitamin D (15 percent DV).",directAnswer
food_level1_dial17,4,What are the proteins in the yolk?,"Egg yolk has phosvitins, which are important to sequestering calcium iron and other cations for developing embryos. It also has Lipovitellins, which are involved in lipid and metal storage.",directAnswer
food_level1_dial17,5,Is the egg white or the egg yolk considered more nutritional?,"The yolk is the nutrient-bearing part for the embryo, while the whites provide additional nutrition for the growth, but for people, egg yolk and whole eggs provide protein and choline. Which of these do you want to know more about?",clarification
food_level1_dial17,6,I want know more about yolk.,"Do you want to know about the chicken egg yolk in general, its uses, composition of the yolk, or yolk's proteins?",clarification
food_level2_dial17,1,What class do ray-finned fish belong to?,Ray-finned fish belong to the class of bony fishes.,directAnswer
food_level2_dial17,2,How old are Actinopterygii fish?,The oldest fossils from Actinopterygii fish are 420 million years old.,directAnswer
food_level2_dial17,3,What cultures consume fish the most?,Asian cultures consumed more than two-thirds of the global total of 106 million tonnes in 2015.,directAnswer
food_level2_dial17,4,How does that compare to consumption of fish in the United States?,"Sorry, I did not find any useful information.",noAnswerNoRelevantInfo
food_level2_dial17,5,What does a fish's diet consist of?,Fish have varied diets which often include plants and other organisms.,directAnswer
food_level2_dial17,6,What are negatives of eating fish?,"Eating fish comes with a number of hazards. Would you like to know more about fish bones, fish as allergens, fish biotoxins, or mercury and other toxic metals in fish?",clarification
top25_dial54,1,How many electoral votes did Trump recieve?,In 2016 Trump recieved 306 pledged electoral votes and in 2020 he recieved 232 electoral college votes.,directAnswer
top25_dial54,2,Which Republican senators voted for Trump's impeachment?,Are you interested in the first or second impeachment trial?,clarification
top25_dial54,3,I'd like to know about the first impeachment.,"Great, would you like to know more about the scandal that lead up to it, the inquiry that spawned it, or the impeachment process itself?",clarification
top25_dial26,1,What was Elizabeth Cheney's stance towards same-sex marriage?,"Originally, Cheney was opposed to same-sex marriage but recanted her views during an interview on 60 minutes in September of 2021.",directAnswer
top25_dial26,2,What caused Elizabeth Cheney to change her stance on same-sex marriage?,"Liz Cheney's position on same-sex marriage caused a public falling-out with her sister Mary Cheney, who siad Liz's position was to treat Mary's family as second-class citizens.  Reflecting on this, Liz expressed regret for not supporting same-sex marriage in a 60 minutes interview in September of 2021.",directAnswer
top25_dial26,3,What were Elizabeth Cheney's views on foreign policy?,"Cheney is a neoconservative who rejects America First foreign policy. When working in the United States Department of State as Deputy Assistant Secretary of State for Near Eastern Affairs, Cheney supported the Iraq War, as promoted by her father, Dick Cheney. Cheney is a strong supporter of Israel and has expressed support for Israeli plans to annex parts of the occupied West Bank.",directAnswer
top25_dial26,4,What is a Neo conservative?,"A neoconservative is someone who follows the doctrine of neoconservatism. They believe in democracy through interventionism, peace through strength, and profess disdain for communism and radicalism.",directAnswer
top25_dial26,5,Can you tell me about Elizabeth Cheney's views on drafting women?,Cheney voted to include provisions to draft women in the National Defense Authorization Act of 2022.,directAnswer
top25_dial26,6,What age can women be drafted according to this act?,"If the act goes into effect in In September 2022, it would effect women between the ages of 18 and 25.",directAnswer
food_level1_dial18,1,What temperature is used to make ice cream?,Cream used in making the desert becomes solid at below 2 °C or 35 °F.,directAnswer
food_level1_dial18,2,"What is the difference between gelato, ice cream and sorbet?","Differences include the amount of air incorporated into the product, ingredients, and country of origin. Which aspects of gelato, ice cream and sorbet are you looking to compare?",clarification
food_level1_dial18,3,"I'd like to know if there's a significant ingredient difference between gelato, ice cream and sorbet.","Sorbet is made from sugar-sweetened water with flavorings. Gelato is an Italian ice cream, ice cream is made from sweetened milk or cream with spices or fruit.",directAnswer
food_level1_dial18,4,"Interesting. So then, which came first, ice cream or gelato?","Some sources describe ice cream-like foods as originating in Persia as far back as 550 BCE[3][4] while others claim that the Roman Emperor Nero had ice collected from the Apennine Mountains to produce the first sorbet mixed with honey and wine, whereas gelato, at least in its modern form, is credited to a chef from the late 1600's.",directAnswer
food_level1_dial18,5,I wonder how many gelato specialty shops are in the US?,"Sorry, I did not find any useful information.",noAnswerNoRelevantInfo
food_level1_dial18,6,I see. What was the name of the chef that created gelato?,"Gelato, in its modern form, is credited to the Italian chef Francesco Procopio dei Coltelli.",directAnswer
hobby_level3_dial15,1,What did William Swinden Barber specialize in?,William Swinden Barber was an architect that specialized in modest but finely furnished Anglican churches.,directAnswer
hobby_level3_dial15,2,How many of The Barber churches held religious services in 2020?,"While I can't find any information on services held in 2020, some locations that Barber worked on continue to be active as of fairly recently. One such example is St Peter's Church, which held a funeral for television actor Gorden Kaye in 2017. Another such example is Church of St Thomas in Thurstonland, which regularly has all-ages worship and communion services. Would you like to learn more about these or other locations that William Swinden Barber worked on?",noAnswerButRelevantInfo
hobby_level3_dial15,3,"Yes, please tell me more about other locations William Swinden Barber has worked on.",William Swinden Barber has worked on many buildings in partnership with others as well as an independent architect. Which is these are you interested in knowing more about?,clarification
hobby_level3_dial15,4,What were the projects that Barber worked on while he was partnered with Mallinson?,Mallinson and Barber worked on many projects together before dissolving the partnership by mutual consent in 1871.  Would you like to know about a specific project?,clarification
hobby_level3_dial15,5,What was William Swinden Barber's most famous work of art?,"I couldn't find info on his most famous work, but some of his independent works include Stafford Hall at Skircoat Green, the Church of St Peter at Huddersfield, the Victoria Cross at Akroydon, and the Church of St Matthew at Lightcliffe.",noAnswerButRelevantInfo
hobby_level3_dial15,6,Is his work displayed in any big art museums?,The windows of the former St James Church of Brighouse is in the Cliffe Castle Museum but I couldn't find if his whole works or parts of them are in museums or not.,noAnswerButRelevantInfo
food_level2_dial6,1,Which culture is known for medieval cuisine?,"Medieval cuisine includes foods, eating habits, and cooking methods of various European cultures during the Middle Ages, which lasted from the fifth to the fifteenth century.",directAnswer
food_level2_dial6,2,What food preservation methods were used in medieval cuisine?,"Food was preserved in medieval times mostly by drying it in the sun or in a warm oven, cellar, or attic. People also smoked, salted, brined, or fermented food to make it last longer.",directAnswer
food_level2_dial6,3,What were some popular dishes in medieval cuisine?,Would you like to know about popular medieval dishes  in Germany or Poland?,directAnswer
food_level2_dial6,4,Tell me more about cereals. How were the cereals eaten by the medieval people different from those today?,"More intense agriculture on ever-increasing acreage resulted in a shift from animal products, like meat and dairy, to various grains and vegetables as the staple of the majority population.A bread-based diet became gradually more common during the 15th century and replaced warm intermediate meals that were porridge- or gruel-based.",directAnswer
food_level2_dial6,5,Is medieval cuisine still consumed in present day?,"Many varieties of cheese eaten today, like Dutch Edam, Northern French Brie and Italian Parmesan, were available and well known in late medieval times.",directAnswer
food_level2_dial6,6,Can you tell more about French Brie?,"Brie is a soft cow's-milk cheese named after Brie, the French region from which it originated, and it's pale in color with edible rind of white mould.  It is similar to Camembert, which is native to a different region of France.",directAnswer
hobby_level1_dial21,1,What kind of range could I expect with a citizens band radio?,Which citizens band radio are you asking about? Citizens band radio in the United Kingdom or in the United States?,clarification
hobby_level1_dial21,2,What can affect the range of CB radios?,The 27 MHz frequency CB uses means it needs long aerials and its range is affected indoors.,directAnswer
hobby_level1_dial21,3,I'm interested in choice of equipment.,"The choice of antenna has a considerable impact on the performance of a CB radio, and Truckers use two co-phased antenna to improve performance front to back. But I don't have information on how much improvement in the range these setups give.",noAnswerButRelevantInfo
hobby_level1_dial21,4,Thank you. Can you tell me how loading coils work?,"A loading coil or load coil is an inductor that is inserted into an electronic circuit to increase its inductance.  The term is also used for inductors in radio antennas, or between the antenna and its feedline, to make an electrically short antenna resonant at its operating frequency.",directAnswer
hobby_level1_dial21,5,How do radio antennas work?,"In radio transmission, a radio transmitter supplies an electric current to the antenna's terminals, and the antenna radiates the energy from the current as electromagnetic waves (radio waves). In radio reception, an antenna intercepts some of the power of a radio wave in order to produce an electric current at its terminals, that is applied to a receiver to be amplified.",directAnswer
hobby_level1_dial21,6,Can you tell more about electromagnetic waves?,"Radio waves happens to be electromagnetic waves, carrying signals through the air at light speed with almost no transmission loss.",directAnswer
food_level3_dial35,1,When was whiskey first made?,"In Scotland, the first evidence of whisky production comes from an entry in the Exchequer Rolls for 1495 where malt is sent ""To Friar John Cor, by order of the king, to make aquavitae"", enough to make about 500 bottles.",directAnswer
food_level3_dial35,2,Where else is whiskey made?,"In addition to Scotland, whiskey is also manufactured and exported from the US, France, the UK, and Canada.",directAnswer
food_level3_dial35,3,How is whiskey distilled?,"Plants containing carbohydrates are allowed to ferment creating ethanol, then the dilute solution is separated creating whisky.",directAnswer
food_level3_dial35,4,How long does it take to manufacture whiskey?,"It is difficult to say, as there are many different types of whiskey, which can be aged for various amounts of time. Whiskies do not mature in the bottle, only in the cask, so the ""age"" of a whisky is only the time between distillation and bottling.",noAnswerButRelevantInfo
food_level3_dial35,5,What kind of packaging is used for whiskey?,"I could not find anything regarding exact packaging, but most whiskies are sold at or near an alcoholic strength of 40% abv.",noAnswerButRelevantInfo
food_level3_dial35,6,What does 40% abv mean in terms of alcoholic content in whiskey?,Alcohol by volume is defined as the number of millilitres (mL) of pure ethanol present in 100 ml of solution at 20 °C.,directAnswer
hobby_level3_dial16,1,What type of fictional world is the series Fullmetal Alchemist situated in?,Fullmetal Alchemist is set in a  steampunk world.,directAnswer
hobby_level3_dial16,2,"Is the sequel, Brotherhood, also set in the same type of universe?","Yes, it takes place in the same type of universe, although Brotherhood is not a direct sequel to the first anime series, and is instead a more faithful adaptation of the Fullmetal Alchemist manga.",directAnswer
hobby_level3_dial16,3,What happened to the bodies of Edward and Alphonse Elric that they were looking for the philosopher's stone to restore them?,"While attempting to bring their mother back to life, Edward loses his left leg while Alphonse loses his body. Edward also loses his right arm as a sacrifice to bind Alphonse's soul into a suit of armor.",directAnswer
hobby_level3_dial16,4,How did Edward lose his left leg?,He lost his left leg in a backfired attempt to bring his mother back from the dead with alchemy.,directAnswer
hobby_level3_dial16,5,What was the critical reception of Fullmetal Alchemist?,"Fullmetal Alchemist has generally been well received by critics. Though the first volumes were thought to be formulaic, critics said that the series grows in complexity as it progresses.",directAnswer
hobby_level3_dial16,6,I want to know Hilary Goldstein reaction more!,"Hilary Goldstein wrote that the characterization of Edward balances between being a ""typical clever kid"" and a ""stubborn kid"", allowing him to float between the comical moments and the underlying drama without seeming false.",directAnswer
hobby_level3_dial6,1,In what situations are quantum mechanics used?,Quantum mechanics provides description of the physical properties of nature at the scale of atoms and subatomic particles.,directAnswer
hobby_level3_dial6,2,What are some of the interpretive challenges that arise from quantum mechanics?,The mathematical structure of quantum mechanics is abstract without a clear interpretation of its quantities which presents an interpretive challenge as does the fact that physical principles no longer apply in the quantum domain.,directAnswer
hobby_level3_dial6,3,How did quantum mechanics come to be?,"Quantum mechanics developed as a result of attempts to explain the phenomena that were observed in earlier times, like the wave nature of the light, atomic theory of matter, and the black body radiation. Which of these are you interested in learning more about?",clarification
hobby_level3_dial6,4,What is quantum mechanics use for today?,"Important applications of quantum theory include quantum chemistry, quantum optics, quantum computing, superconducting magnets, light-emitting diodes, the optical amplifier and the laser, the transistor and semiconductors such as the microprocessor, medical and research imaging such as magnetic resonance imaging and electron microscopy.",directAnswer
hobby_level3_dial6,5,I 'd like to know more about how quantum mechanics functions in cryptography.,"Quantum cryptography is the science of exploiting quantum mechanical properties to perform cryptographic tasks, it has advantages and applications like Quantum key distribution and Mistrustful quantum cryptography. Which would you like to know more about?",clarification
hobby_level3_dial6,6,I am interested in Quantum key distribution.,"Quantum key distribution is a secure communication method that enables two parties to produce a shared random secret key known only to them, which can then be used to encrypt and decrypt messages.",directAnswer
food_level2_dial7,1,Where did 52% of Danone S.A.'s sales come from in 2018's first half?,52% of Danone S.A's sales fame from dairy and plant-based products in the first half of 2018.,directAnswer
food_level2_dial7,2,Where did the other 48% of Danone S.A.'s sales come from?,"In the first half of 2018, 29% of sales came from specialized nutritional preparations and 19% came from branded bottled water.",directAnswer
food_level2_dial7,3,Where is Danone S.A.'s largest market?,"While I cannot answer that directly, I did find that Russia and China are among Danone's top 5 markets.",noAnswerButRelevantInfo
food_level2_dial7,4,What other markets does Danone engage in besides Russia and China?,"Indonesia, France, Mexico and Brazil, UK and USA are markets that Danone engages in and has regional brands for Danone.",directAnswer
food_level2_dial7,5,"What are specialized nutritional preparations, anyway?","For example, Danone India offers a range of specialized products across life stages that includes pregnancy, infants, young children as well as adults.",directAnswer
food_level2_dial7,6,What are some infant products does Danone produce?,"They make infant formula and Dexolac is the name of Danone's infant milk substitute product.  Unfortunately, that's the only specific product name I could find.",directAnswer
hobby_level1_dial22,1,What is the oldest form of orienteering?,The oldest and the most popular is foot orienteering.,directAnswer
hobby_level1_dial22,2,What is foot orienteering?,"Foot orienteering is a timed race in which participants start at staggered intervals, are individually timed, and are expected to perform all navigation on their own. The control points are shown on the orienteering map and must be visited in the specified order.",directAnswer
hobby_level1_dial22,3,What is an example of foot orienteering that's still being played today?,Foot Orienteering competitions are held by the World Orienteering Championships.,directAnswer
hobby_level1_dial22,4,Where does one attend an orienteering competition?,"Bodies that govern orienting competitions exist in several countries, as do orienting events, such as the North American Orienteering Championships. Would you like to know more about orienting competitions in any particular country or the bodies that govern orienting within those countries?",clarification
hobby_level1_dial22,5,"Yes, I would like to know the orienting competitions in U.S.",The first known competitive orienteering events in the U.S. were held from 1941 to 1943 in New Hampshire by a Finnish army officer named Piltti Heiskanen. Bill Gookin's first events in 1969 in the San Diego area were the earliest known competitive public orienteering events west of the Mississippi.,directAnswer
hobby_level1_dial22,6,What kind of equipment do people need to participate in these competitive orienteering events?,"The basic equipment required for orienteering are a compass, appropriate outdoor clothing, a whistle, a clear map case, a clear plastic sleeve, and a map board.",directAnswer
food_level1_dial19,1,Where are the indigenous peoples located who ingest Ayahuasca?,Ayahuasca is a South American (pan-Amazonian)psychoactive brew used both socially and as ceremonial spiritual medicine among the indigenous peoples of the Amazon basin.,directAnswer
food_level1_dial19,2,What effects does Ayahuasca have on users?,"Ayahuasca is prepared in a tea that, when consumed, causes an altered state of consciousness or ""high"", including visual hallucinations and altered perceptions of reality.",directAnswer
food_level1_dial19,3,"I would like to know what the effects are in general. What are some general, medically documented effects of Ayahuasca?","Ingesting Ayahuasca can cause hallucinations, as well as vomiting, diarrhea, autonomic instability, hyperthermia, sweating, motor function impairment, sedation, relaxation, vertigo, dizziness, and muscle spasms. Ayahuasca has also been shown to interact with the visual cortex of the brain, keeping it active even when a person has their eyes closed.",directAnswer
food_level1_dial19,4,What is the legal status of Ayahusca in the US?,In the US it is a Schedule I drug that is illegal to possess or consume outside of a few religious exemptions.,directAnswer
top25_dial55,1,What was Thomas' major in college?,"Are you referring to Thomas Jefferson, Thomas Edison, Clarence Thomas, or some other person with the name Thomas?",clarification
top25_dial55,2,What was Thomas Jefferson's major in college?,"I'm not sure what Jefferson's exact major was. Jefferson studied mathematics, metaphysics, and philosophy under Professor William Small at the College of William & Mary.",noAnswerButRelevantInfo
top25_dial55,3,How did Demaryius Thomas die?,"Thomas was found dead at his home in Roswell, Georgia, on December 9, 2021, 16 days before his 34th birthday. The cause of death was a seizure due to complication of injuries Thomas suffered in a 2019 car crash.",directAnswer
top25_dial55,4,What were some notable milestones that Demaryius Thomas reached in his football career?,"Would you like to know about his high school, college, or professional career?",clarification
top25_dial55,5,Did Demaryius Thomas have children?,I cannot find any relevant information about his personal life regarding children.,noAnswerNoRelevantInfo
top25_dial55,6,Demaryius Thomas ever win any NFL championships?,"Yes, he won the Superbowl 50, playing for the Denver Broncos. He played as a receiver and led the team with 105 receptions for 1,304 yards and six touchdowns.",directAnswer
food_level3_dial36,1,Which two countries began the movement of microbrewing?,"The microbrewing movement started in the 1970s in the United States and the United Kingdom, but artisanal brewing had already existed in Europe for centuries.",directAnswer
food_level3_dial36,2,When did artisanal brewing begin in Europe?,"The oldest, still functional, brewery in the world is believed to be the German state-owned Weihenstephan brewery in the city of Freising, Bavaria which has a history dating back to 1040 AD.",directAnswer
food_level3_dial36,3,What is the craft brewery industry like in Asia?,"China, being the largest beer consumer in the world, has a growing craft beer market, as does Japan. Likewise, the popularity of craft beer has grown rapidly in Thailand since its introduction in 2012, but despite this Vietnam remains the largest producer of craft beer in all of Southeast Asia. Would you like to know more about the beer industry in any of these or other countries?",clarification
food_level3_dial36,4,Yes. When did Vietnam become the largest producer in Southeast Asia?,"I couldn't find the information on when they became the largest producer in Southeast Asia but they made 31,000 hectolitres in 2018. Vietnam's beer culture started back in French colonization and they had 31 microbreweries in 2018.",noAnswerButRelevantInfo
food_level3_dial36,5,What's the biggest microbrewery by revenue in Vietnam?,"I was not able to locate that information, but I did find out that, while not a microbrewery, the most dominant brewery in Vietnam is Sabeco Brewery. Established microbreweries in Vietnam include BiaCraft, Platinum Beers and Pasteur Street Brewing Company.",noAnswerButRelevantInfo
food_level3_dial36,6,What is Sabeco Brewery's most well known product?,"They are best known for their brands of beer, Bia Saigon and 333 Beer.",directAnswer
hobby_level3_dial17,1,What branch of the U.S. military was involved in the Air Mail scandal?,The U.S. Army Air Corps was involved in the Air Mail scandal.,directAnswer
hobby_level3_dial17,2,Who suffered repercussions as a result of the Air Mail scandal?,"One former member of Hoover's administration, William P. MacCracken Jr, was given a citation for the scandal.",directAnswer
hobby_level3_dial17,3,Who else was held responsible for the airmail scandal besides William P. MacCracken Jr?,"United Airlines' president, Philip G. Johnson, chose to leave the United States; William Boeing took early retirement; Colonel Paul Henderson was compelled to leave his position as National Air Transport's general manager.",directAnswer
hobby_level3_dial17,4,What effects did the Air Mail scandal have on the airline industry?,"It led to the Air Mail Act of June 12, 1934 where it restored competitive bidding, closely regulated airmail labor operations, dissolved the holding companies that brought the airlines and aircraft manufacturers together, and prevented companies that held old contracts from getting new ones. The industry's response was to reorganize and change their names and ironically, all of the major carriers got new contracts except United, who was innocent of the collusion charges.",directAnswer
hobby_level3_dial17,5,Was there any weather factors that were associated with The Air Mail scandal?,Weather factors in the airmail-scandal involved blizzard disruption and death of pilots. Which of these interests you?,clarification
hobby_level3_dial17,6,The death of pilots interest me!,"On February 16, three pilots on familiarization flights were killed in crashes attributed to bad weather. On February 22 a young pilot flew into a snow storm over Deshler, Ohio, and became lost after his navigational radio failed; he was killed as he bailed out and his parachute caught on the tail section of his airplane.",directAnswer
hobby_level1_dial23,1,What does the hobby of fishkeeping concern?,Fishkeeping as a hobby is the practice of keeping fish in a home aquarium or garden pond.,directAnswer
hobby_level1_dial23,2,Could you tell me about some fishkeeping systems?,"There are three types of fishkeeping systems: freshwater, brakish, and marine (saltwater).  Which of these three systems would you like to know more about?",clarification
hobby_level1_dial23,3,I'd like to know more about marine systems.,"Marine aquaria have more specific needs and requirements to maintain, and the livestock is generally more expensive. Marine aquarists often attempt to recreate a coral reef in their aquaria using large quantities of living rock, porous calcareous rocks encrusted with coralline algae, sponges, worms, and other small marine organisms.",directAnswer
hobby_level1_dial23,4,I'd like to know about coral reefs.,"A coral reef is an underwater ecosystem characterized by reef-building corals, formed of colonies of coral polyps held together by calcium carbonate. Coral belongs to the class Anthozoa in the animal phylum Cnidaria, which includes sea anemones and jellyfish, and are sometimes refered to as rainforests of the sea.",directAnswer
hobby_level1_dial23,5,Where are coral reefs primarily found?,"The Indo-Pacific region accounts for 91.9% of the coral reefs, breaking it down, Southeast Asia has 32.3% of that, Pacific including Australia accounts for 40.8% and the Atlantic and Caribbean coral reefs account for 7.6%.",directAnswer
hobby_level1_dial23,6,What is the most famous coral reef in Australia?,"""Famous"" is subjective but The Great Barrier Reef is the world's largest coral reef system composed of over 2,900 individual reefs and 900 islands. Approximately two million people visit the Great Barrier Reef each year.",noAnswerButRelevantInfo
hobby_level3_dial7,1,What religions recognize the Torah?,"Torah is recognized by Judaism as it is part of the larger text known as the Tanakh and by Christianity as the ""Old Testament"".",directAnswer
hobby_level3_dial7,2,Who authored the Torah??,"It was originally thought that a majority of the Torah was written by Moses, with a few verses at the end being written by Joshua. However, it's now thought that many different authors' works were compiled into the Torah, though the number of authors is up for debate.",noAnswerButRelevantInfo
hobby_level3_dial7,3,Is there a consensus of the numbers of authors of the Torah?,"For most of the twentyth century the consensus was there were four sources, but that theory has been revised in the later part of the century.",directAnswer
hobby_level3_dial7,4,Is it possible that the Torah has other origins other than Jewish?,"It appears to be purely Jewish in origin, as Rabbinic tradition's understanding is that all of the teachings found in the Torah (both written and oral) were given by God through the prophet Moses, some at Mount Sinai and others at the Tabernacle, and all the teachings were written down by Moses, which resulted in the Torah that exists today. According to the Midrash, the Torah was created prior to the creation of the world, and was used as the blueprint for Creation.",directAnswer
hobby_level3_dial7,5,What is the linguistic dating of the Torah?,While some scholars have attempted to date the various strata of the Pentateuch on the basis of the form of Hebrew language used it is difficult to determine precisely when Classical Hebrew ceased being used and scholars disagree about the variety of Hebrew to which the various strata should be assigned. The presence of archaic language in a text cannot be considered definitive proof that the text dates to an early period because biblical authors often intentionally use archaisms for stylistic effects.,noAnswerButRelevantInfo
hobby_level3_dial7,6,How is the classic Hebrew language different from that used today?,"Classical Hebrew, is an archaic form of the Hebrew language, a language in the Canaanite branch of Semitic languages spoken by the Israelites, but I don't have specific information on how it differs from today's Hebrew.",noAnswerButRelevantInfo
food_level2_dial8,1,An animal unit is equivalent to what in pounds of live animal weight?,An animal unit is defined using a 1000-pound cow (with or without nursing a calf) as its standard.,directAnswer
food_level2_dial8,2,Which byproducts from livestock production cause negative environmental impact?,"Some of the environmental effects that have been associated with meat production are pollution through fossil fuel usage, animal methane, effluent waste, and water and land consumption.",directAnswer
food_level2_dial8,3,When did the efforts to regulate concentrated animal feeding operations began in the US?,The first major concentrated animal feeding operation (CAFO) regulatory developments occurred in the 1970s. The Environmental Protection Agency first promulgated effluent limitations guidelines for CAFOs in 1976.,directAnswer
food_level2_dial8,4,Does the EPA have any other regulations regarding how livestock are kept?,"In 2005, the EPA and agricultural industry negotiated to get the Air Compliance Agreement in January 2005.",directAnswer
food_level2_dial8,5,What deals with the livestock housing in the EPA's updated regulations from 2008?,"EPA's 2008 rule specifies that ""large CAFOs are automatically subject to EPA regulation; medium CAFOs must also meet one of two 'method of discharge' criteria to be defined as a CAFO (or may be designated as such); and small CAFOs can only be made subject to EPA regulations on a case-by-case basis.",directAnswer
food_level2_dial8,6,How many animals can a CAFO have before it is no longer considered small in the EPA's eyes?,"The animal unit for each category depends on the species and capacity, the only example I could find is that small CAFOs can harbor no more than 300 cattle.",noAnswerButRelevantInfo
top25_dial27,1,What are the conspiracy theories surrounding the Son of Sam shootings?,"I don't know of any conspiracy theories about the Son of Sam shootings, but Berkowitz claimed to have joined a satanic cult in 1975 who were his accomplices.",noAnswerButRelevantInfo
top25_dial27,2,What is the single shooter theory in the Son of Sam case?,"David Berkowitz confessed to all the shootings, claiming they were done for a demon in his neighbor's dog, Sam. However, others had issues with that, like John Santucci, Queen's District Attorney, and Mike Novotny, police investigator,  as well as Richard Johnson who said there were multiple cars, and various suspect descriptions.",directAnswer
top25_dial27,3,What was the motive behind David Berkowitz shootings?,"Several motives have been noted over the years. They include seeking revenge, carrying out the demands of a demon possessed dog, and the performance of satanic cult rituals.",directAnswer
top25_dial27,4,Did David Berkowitz confess to his crimes?,"He did confess to the shootings within 30 minutes of the interrogation, and in the 90s, he amended his confession to claim his Satanic cult connection.",directAnswer
top25_dial27,5,What happened to Berkowitz after he plead guilty?,"A number of things have happened to him, amongst some of them, do you wish to know what he did during his sentencing, what his sentence was, his detention journey before going to his final prison, or how he became an Evangelical Christian?",clarification
top25_dial27,6,"Yes, Can you tell about what he did during his sentencing.","At his sentencing, Berkowitz caused an uproar when he attempted to jump out of a window of the seventh-floor courtroom. After he was restrained, he repeatedly chanted ""Stacy [his last victim] was a whore"" and shouted ""I'd kill her again. I'd kill them all again"", after which the judge ordered a psychiatric examination before sentencing could proceed, at which he was found competent.",directAnswer
food_level2_dial9,1,How is sugarcane made into biofuel?,"The cane delivered to the processing plant is called burned and cropped (b&c), and represents 77% of the mass of the raw cane. The reason for this reduction is that the stalks are separated from the leaves (which are burned and whose ashes are left in the field as fertilizer), and from the roots that remain in the ground to sprout for the next crop.",directAnswer
food_level2_dial9,2,I think you misunderstood the question. I asked how sugarcane is made into biofuel. What you're talking about is one step in preparing the sugarcane for biofuel production. I mean how is sugarcane converted to biofuel?,"Biofuel, bioethanol, for instance, is made from sugarcane as well as other sources by using fermentation of the carbohydrates.",directAnswer
food_level2_dial9,3,Are there other methods than fermentation that turn sugarcane into biofuel?,Technologies are being developed to use enzymes to transform bagasse into advanced biofuel and biogas.,directAnswer
food_level2_dial9,4,What are some bagasse applications that are being used?,"Other than biofuel, bagasse is also used in the manufacture of pulp and building materials.",directAnswer
food_level2_dial9,5,I want know about its use in fuel production.,"Sugar mills often use bagasse as a primary fuel source; when burned in quantity, bagasse produces enough heat energy to fully power a typical sugar mill, with some energy to spare. Also, several research demonstrated the potential of Bagasse for use in advanced biofuels.",directAnswer
food_level2_dial9,6,Cool. How about its use in nanocellulose?,"Nanocellulose, a higher-value product, can be produced from bagasse through various conventional and novel processes.",directAnswer
hobby_level2_dial24,1,How were phonics developed?,I did not find the answer but I did find that the principal was introduced by John Hart in 1950 and the method of teaching is dated to 1901 in the Oxford Dictionary.,noAnswerButRelevantInfo
hobby_level2_dial24,2,Which countries predominantly use the phonics teaching method?,"Would you like to know about the phonics teaching integration in Australia, England, Canada or France?",clarification
hobby_level2_dial24,3,I'd like to know more about phonics usage in Australia.,"A report in 2005 in Australia found the importance of teaching systematic, explicit phonics.",directAnswer
hobby_level2_dial24,4,What are systematic explicit phonics?,Systematic phonics happens to be phonic approaches that are taught explicitly and in a structured systematic manner. It is systematic because it teaches letters and sounds in a specific sequence.,directAnswer
hobby_level2_dial24,5,I wonder how students feel about having to use phonics to learn to read?,"I was unable to find information on how students feel about using phonics but I did find that one review concluded that outcomes were positive for one-to-one tutoring, and positive but not as large for one-to-small group tutoring.",noAnswerButRelevantInfo
hobby_level2_dial24,6,What about the use of phonics in the U.S.?,Are you asking how phonics is used in the U.S. or are you asking how students in the U.S. feel about using phonics?,clarification
hobby_level2_dial24,7,I want to know about how phonics is used within the United States.,"With the latest development in the usage of phonics in the United States in 2021 that the State of Connecticut passed an act concerning the ""right to read"" that will take effect in 2023, it required education standards that are evidenced-based and scientifically-based and focused on competency in the five areas of reading: phonemic awareness, phonics, fluency, vocabulary development, and reading fluency, including oral skills and reading comprehension. In the same year, the state of North Carolina passed a bill requiring that the teaching of reading be based on the science of reading.",directAnswer
hobby_level1_dial3,1,What country did Yoga originate from?,"Yoga is a group of physical, mental, and spiritual practices or disciplines which originated in ancient India and aim to control (yoke) and still the mind, recognizing a detached witness-consciousness untouched by the mind (Chitta) and mundane suffering (Duḥkha).",directAnswer
hobby_level1_dial3,2,How did Yoga spread to the west?,"Yoga began to spread to the west in the mid-19th century. In 1851 N.C. Paul published Treatise on Yoga Philosophy, and in the 1890's Swami Vivekananda, a Hindu teacher, toured Europe and the United States.",directAnswer
hobby_level1_dial3,3,What's the estimate of the number of people who practice yoga in the US?,"Would you like to know about people who practice the yoga philosophy, yoga for exercise, or yoga for therapy?",clarification
hobby_level1_dial3,4,I'd like to know about people who practice yoga for exercise please.,"Sorry, I did not find any useful information.",noAnswerNoRelevantInfo
hobby_level1_dial3,5,"Can yoga really help you get bigger, more muscular?","I'm sorry, but I could not find the information you requested. However, I did find that effect of postural yoga on physical and mental health has been a subject of study, with evidence that regular yoga practice is beneficial for low back pain and stress.",noAnswerButRelevantInfo
hobby_level1_dial3,6,Is there any different styles of yoga?,"By 2012, there were at least 19 widespread styles from Ashtanga Yoga to Viniyoga.",directAnswer
food_level1_dial2,1,What type of dough is used to wrap Pierogi's?,Pierogi are filled dumplings made by wrapping unleavened dough around a savoury or sweet filling and cooking in boiling water.,directAnswer
food_level1_dial2,2,What holidays include pierogis in the feast?,In Poland pierogi's are an important part of Christmas Eve and Christmastide. Ukrainians similarly incorporate the meal at Christmas Eve as well as Holy Supper.,directAnswer
food_level1_dial2,3,Are Pierogi's considered a snack in Poland?,"I cannot find any evidence of it being considered a snack. In Poland it is traditionally eaten as part of a Christmas supper, which would suggest it is not a snack. Likewise, in Ukraine and Hungary, pierogi (or similar dishes like derelye) are considered regular meals.",noAnswerButRelevantInfo
food_level1_dial2,4,Are Pierogi's commonly consumed outside of Europe?,"Vareniki became especially popular in Russia during the Soviet period. Also, pierogi were brought to the United States and Canada by Central and Eastern European immigrants, and are particularly common in areas with large Polish or Ukrainian populations, such as Cleveland, Chicago, and New York City along with its New Jersey suburbs.",directAnswer
food_level1_dial2,5,Can you tell me more about how Pierogi's originated in China?,"Like other dumplings, they most likely originated in China and became widespread in Europe during the Middle Ages or later periods. A legend goes that dumplings were first invented in the era of the Three Kingdoms, around 225 AD. Zhuge Liang, a general and minister of Shu Han, dammed up a poison marsh on his southern campaign against the Nanman with dumplings instead of the heads that the Nanman used.",directAnswer
food_level1_dial2,6,Who is this Marco Polo guy that is associated with bringing Pierogi's from China to Europe?,"Marco Emilio Polo (c. 1254 – January 8, 1324) was a Venetian merchant, explorer, and writer who travelled through Asia along the Silk Road between 1271 and 1295. His travels are recorded in The Travels of Marco Polo (also known as Book of the Marvels of the World and Il Milione, c. 1300), a book that described to Europeans the then mysterious culture and inner workings of the Eastern world, including the wealth and great size of the Mongol Empire and China in the Yuan Dynasty, giving their first comprehensive look into China, Persia, India, Japan and other Asian cities and countries.",directAnswer
food_level1_dial2,7,Tell me about his Genoese captivity and later life!,"Marco Polo returned to Venice in 1295, which was at war with the Republic of Genoa, and Polo joined the war. He was caught by Genoans and spent several months dictating an account of his travels to a fellow inmate, Rustichello da Pisa, and after the release, Polo returned home to Venice, where his father and uncle in the meantime had purchased a large palazzo.",directAnswer
food_level2_dial19,1,"What is the last name of main character of the book ""Charlie and the Chocolate Factory""?",The last name of the main character of Charlie and the Chocolate Factory is Bucket. Their full name is Charlie Bucket.,directAnswer
food_level2_dial19,2,"Which actor played the lead role in the ""Charlie and the Chocolate Factory"" film?","Sorry that I didn't find the answer, but I found that the film stars Johnny Depp as Willy Wonka and Freddie Highmore as Charlie Bucket, alongside David Kelly, Helena Bonham Carter, Noah Taylor, Missi Pyle, James Fox, Deep Roy, and Christopher Lee.",noAnswerButRelevantInfo
food_level2_dial19,3,What was the plot of Charlie and the Chocolate factory?,"Charlie Bucket is a kind and loving boy who lives with his family in poverty near the Wonka Factory. One day, Wonka announces a contest in which Golden Tickets have been placed in five random Wonka Bars worldwide, and the winners will receive a full tour of the factory as well as a lifetime supply of chocolate, while one will receive an additional prize at the end of the tour. After the tour, the four eliminated children leave the factory with an exaggerated characteristic or deformity related to their elimination while Charlie learns that Wonka, now approaching retirement, intended to find a worthy heir. Since Charlie was the ""least rotten"" of the five, Wonka invites Charlie to come live and work in the factory with him, provided that he leave his family behind. Charlie declines, as his family is the most important thing in his life.",directAnswer
food_level2_dial19,4,What was the controversy surrounding the 50th anniversary Charlie and the Chocolate Factory cover?,"The cover photo of the 50th anniversary edition, published by Penguin Modern Classics for sale in the UK and aimed at the adult market, received widespread commentary and criticism due to the cover being a oto of a heavily made up young girl seated on her mother's knee and wearing a doll-like expression, which critics complained had nothing to do with the story and invoked creepy, sexualised themes.",directAnswer
food_level2_dial19,5,How was Charlie and the Chocolate Factory critically received?,Would you like to know about the critical reception of the film or the book?,clarification
food_level2_dial19,6,I would like to know the critical reception of the film.,"The film has an average rating of 7.2/10 on Rotten Tomatoes, and an A- by audiences polled by CinemaScore. The New York Times, the San Fransisco Chronicle, and Rolling Stone all gave the film positive reviews, however Johnny Depp's performance as Willy Wonka was divisive among critics.",directAnswer
hobby_level2_dial25,1,What was the first instance of collage art being used?,"The first noted instance of collage art being used can be traced back to 10th century Japan where calligraphers, in the process of writing their poems, applied glued paper to their work.",directAnswer
hobby_level2_dial25,2,What makes collage art different from other art?,Collage is an art technique in which an assemblage of different forms creates a new whole.,directAnswer
hobby_level2_dial25,3,I would like to know about collages in visual arts.,"In visual arts, a collage is the technique of assembling different visuals together to create something new, such as magazine and newspaper clippings glued to a piece of paper. Another example of this is the collage film ""Our Nixon"", which cuts together home movies footage filmed by Nixon's aides to tell the story of his presidency.",directAnswer
hobby_level2_dial25,4,"Is ""Our Nixon"" show the former president in a favorable light?","Matt Zoller-Seitz of RogerEbert.com wrote that the documentary portrayed its subjects not as villains, but as people.",directAnswer
hobby_level2_dial25,5,Can you tell me what a 3D collage is?,"A 3D collage is one where three-dimensional objects like rocks, beads, buttons, and more are put altogether to form a new object or new whole. Examples are things like houses, bead circles, and more.",directAnswer
hobby_level2_dial25,6,Are they any famous art work that is a 3D collage?,"Sorry, I did not find any useful information.",noAnswerNoRelevantInfo
hobby_level3_dial18,1,When was Ferdinand Marcos voted in as President of the Philippines?,Ferdinand Marcos was the 10th president of the Philipines from 1965 to 1986.,directAnswer
hobby_level3_dial18,2,Why was Ferdinand Marcos' wife Imelda controversial?,Imelda was controversial due to her excess spending during her and her husband's conjugal dictatorship.,directAnswer
hobby_level3_dial18,3,I'm interested in the Miss Manila Beauty Pageant controversy.,"There was controversy over the results, which led to both Imelda and another contestant moving on to the larger Miss Philippines pageant.",directAnswer
hobby_level3_dial18,4,Who was the other contestant who also moved onto the pageant?,"The other candidate who moved on with Imelda was Miss Norma Jiménez. However, both Imelda and Norma eventually lost to Miss Cristina Galang.",directAnswer
hobby_level3_dial18,5,"So, what was the controversy surrounding her arrival at Hawaii, then?","I couldn't find why exactly it was controversial, but Ferdinand Marcos had allegations of vote rigging, which led to mass protests and his eventual step down, but was given safe passage to flee to Hawaii. The Marcos' entire family fled, but residents wanted them to leave.",noAnswerButRelevantInfo
hobby_level3_dial18,6,What happened to the family when they arrived in Hawaii?,"Hawaii residents called on the government to force the Marcoses to leave, but Ferdinand and Imelda moved into a pair of residences in Makiki Heights, Honolulu, a month later.",directAnswer
food_level3_dial37,1,The PWD was tasked in developing what type of product as a weapon of war?,"The department was initially tasked with developing the uses of petroleum as a weapon of war, and it oversaw the introduction of a wide range of flame warfare weapons.",directAnswer
food_level3_dial37,2,Petroleum Warfare Department is developing what type of product as a weapon of war?,"Currently the Petroleum Warfare Department is defunct and no longer develops weapons. However, previously they had developed weapons such as flame traps, portable flamethrowers, and vehicle mounted flamethrowers, to name a few.",directAnswer
food_level3_dial37,3,What kind of legacy has the Petroleum Warfare Department left behind?,"The Petroleum Warfare Department has left behind flame throwing weapons, the FIDO system and PLUTO, a converted fishing vessel equipped with a cockatrice-like weapon, and a PLUTO pump on display at the Bembridge Heritage Centre and at the Isle of Wight Zoo at Sandown.",directAnswer
food_level3_dial37,4,Why was the petroleum Warfare Department closed?,"Sorry, I did not find any useful information.",noAnswerNoRelevantInfo
food_level3_dial37,5,"Okay, then when was the petroleum Warfare Department closed?","Sorry, I did not find any useful information.",noAnswerNoRelevantInfo
food_level3_dial37,6,I see. Could you tell me when it was established then?,It was established in 1940 in Britain as a precaution against the threat of a German invasion during WWII.,directAnswer
hobby_level3_dial8,1,How is Buddhism practiced in the western world?,"There is a general distinction between Buddhism brought to the West by Asian immigrants, which may be Mahayana, Theravada or a traditional East Asian mix (""ethnic Buddhism""), and Buddhism as practiced by converts (""convert Buddhism""), which is often Zen, Pure Land, Vipassana or Tibetan Buddhism. Some Western Buddhists are actually non-denominational and accept teachings from a variety of different sects.",directAnswer
hobby_level3_dial8,2,How is Buddhism practiced in the west during the early 2000's?,"Would you like to know the Buddhist practices from United States, Australia, New Zealand or Europe?",clarification
hobby_level3_dial8,3,I would like to know the main ways the United States practice Buddhism.,"American Buddhists tend to incorporate dharma practice into their normal routines and traditions, and as a result American Buddhists come from every ethnicity, nationality and religious tradition.",directAnswer
hobby_level3_dial8,4,What is the dharma practice?,"In Buddhism, dharma refers to cosmic law and order, and follows the teachings of the Buddha.",directAnswer
hobby_level3_dial8,5,How many Americans practice Buddhism?,"In 2012, U-T San Diego estimated U.S. practitioners at 1.2 million people, of whom 40% are living in Southern California. In terms of percentage, Hawaii has the most Buddhists at 8% of the population, due to its large Asian-American community.",directAnswer
hobby_level3_dial8,6,Are there different types of Buddhism practice in the United States?,"Yes, according to Charles Prebish, a Buddhist American scholar, there are three broad types of American Buddhism: ""immigrant"" or ""ethnic Buddhism"", ""import Buddhists"" also called ""elite Buddhism"", and ""export"" or ""evangelical Buddhist"". Would you like to know more about one of these groups?",clarification
food_level3_dial38,1,What kinds of medicines are made from papaver somniferum?,"Hydrocodone, oxycodone, morphine and codeine are made from papaver somniferum.",directAnswer
food_level3_dial38,2,How is papaver somniferum used in food?,Poppy seeds from Papaver somniferum can be used as food for both animals and humans. Which of these two uses do you want to know more about?,clarification
food_level3_dial38,3,Can you tell more about poppy sees in food?,"The poppy seed roll is a pastry consisting of a roll of sweet yeast bread (a viennoiserie) with a dense, rich, bittersweet filling of poppy seed. Poppy seed paste, also known as mohn is a common ingredient in Jewish pastries and desserts, and is made from ground poppy seeds and additional sweeteners.",directAnswer
food_level3_dial38,4,What pests are papaver somniferum prone to?,"Pests include flea beetles, and the poppy root weevil.",directAnswer
food_level3_dial38,5,What exactly is a weevil?,Weevils are beetles known for their elongated snouts and many are known pests for causing damages and deaths to crops.,directAnswer
food_level3_dial38,6,What are some things that weevils are known to eat?,"Nothing specific is stated as there's 97,000 species of weevils but they are herbivorous, so they eat plant material as their main diet component.",noAnswerButRelevantInfo
top25_dial56,1,At what age did Usain start running ?,"I did not find an age, but Usain Bolt started running in High School.",noAnswerButRelevantInfo
top25_dial56,2,What school did he run for?,"While attending William Knibb Memorial High School, Bolt won his first annual high school championships medal in 2001.",directAnswer
top25_dial56,3,Is Usain Bolt still an active competitor as of 2022?,"No, Bolt retired after the 2017 World Championships.",directAnswer
top25_dial56,4,What world records does Bolt hold?,"Do you want to know his 100 meters records, 200 meters records or his world-record-setting with Jamaican relay teams?",clarification
top25_dial56,5,Is anyone else in Usain Bolt's family an athlete?,Sorry i didn't find the answer but i found Bolt's parents ran the local grocery store in the rural area.,noAnswerButRelevantInfo
top25_dial56,6,Do you know the names of Bolt's sister and brother?,"Sadiki is his brother's name, and Sherine is his sister's name.",directAnswer
top25_dial28,1,Who is Elaine Lan Chao married to?,Chao is married to Mitch McConnell.,directAnswer
top25_dial28,2,How did Elaine Chao get her start in politics?,"In 1986, Chao became Deputy Administrator of the Maritime Administration in the U.S. Department of Transportation.",directAnswer
top25_dial28,3,What has Elaine Chao been up to after the Trump administration?,Chao was elected to the board of directors of Kroger supermarket chain in August 2021.,directAnswer
top25_dial28,4,How many children does Chao have?,"Sorry, I did not find any useful information.",noAnswerNoRelevantInfo
top25_dial28,5,Can you tell me about Elaine Chao's husband's run with politics?,"McConnell was first elected to the US Senate in 1984 and is the second Kentuckian to serve as a party leader in the Senate, he was chairman of the National Republican Senatorial Committee during the 1998 and 2000 election cycles. He was elected Majority Whip in the 108th Congress and re-elected to the post in 2004 and he was elected Senate minority leader in November 2006 until 2015.",directAnswer
top25_dial28,6,I am interested about his time in the Senate.,"From 1997 to 2001, McConnell was chairman of the National Republican Senatorial Committee, the body charged with securing electoral victories for Republicans.McConnell regularly obtained earmarks for businesses and institutions in Kentucky, until the practice was banned by Congress in 2010.",directAnswer
top25_dial28,7,I would like to know more about his handling of judicial nominees.,"Mitch McConnell made frequent use of the filibuster, and blocked many of President Barack Obama's judicial nominees, including Supreme Court nominee Merrick Garland.",directAnswer
hobby_level1_dial4,1,What do fish use their fins for?,"Depending on where a fin is located, it can have different purposes. The most common purposes of fins are swimming, gliding, and crawling, though some specific species use their fins to deliver sperm, stun prey, and inject venom.",directAnswer
hobby_level1_dial4,2,How do fish use their Pectoral fins?,"Often the tail fin is used, but some aquatic animals generate thrust from pectoral fins.",directAnswer
hobby_level1_dial4,3,Are pectoral fins used as a weapon by any fish?,"I did not find evidence of use as a weapon by any fish but certain rays of the pectoral fins may be adapted into finger-like projections, such as in sea robins and flying gurnards.",noAnswerButRelevantInfo
hobby_level1_dial4,4,How does the fish use their swim bladder?,"Many bony fish us the swim bladder to control their buoyancy and stability. Additionally, the swim bladder functions as a resonating chamber, to produce or receive sound.",directAnswer
hobby_level1_dial4,5,What is the purpose of scales on a fish?,Fish scales are derived from the mesoderm and provide protection.,directAnswer
hobby_level1_dial4,6,What makes the fish scales camouflage?,Scales provide camouflage to fish through coloration and reflection resulting in silvering.,directAnswer
hobby_level1_dial4,7,Tell me more about counterillumination!,"Counterillumination is a type of active camouflage (a camouflage that adapts quickly to its surroundings) that produces light to match the environment. In the sea, animals produce bioluminescent light to match the light of their surroundings, which reduces their contrast against the background, making them less visible.",directAnswer
hobby_level3_dial9,1,What were the names of the 3D comics that Blackthorne Publishing released for Star Wars?,I could not find the names of the issues but it was a three-issue series called 3D Star Wars.,noAnswerButRelevantInfo
hobby_level3_dial9,2,Which American newspapers ran the Star Wars self-titled comic strip?,The  Los Angeles Times Syndicate and the Watertown Daily Times both distributed the comic.,directAnswer
hobby_level3_dial9,3,What's the latest Star Wars comics Dark Horse created?,"Did you mean the last Star Wars comic? In 2014, Lucasfilm announced that, as of 2015, future Star Wars comics would be published by Lucasfilm's corporate sibling, Marvel Comics.",clarification
hobby_level3_dial19,1,Are polyesters biodegradable?,"Most synthetic polyesters are not biodegradable, but natural polyesters and a few synthetic ones are.",directAnswer
hobby_level3_dial19,2,What are the environmental ramifications of synthetic polyester production?,"Synthetic polyester is made through chemical reactions of coal, petroleum, air, and water. This creates air pollution like carbon dioxide, particulate matter, nitrogen oxides, carbon monoxide, hydrogen sulfide, and sulfur dioxide. In addition, making polyester is an energy intensive action with no net gain and micro plastics enter the water system and get digested by humans.",directAnswer
hobby_level3_dial19,3,How is polyester manufactured?,"While I can't find much information on how polyester is manufactured, I can say that unsaturated polyester is formed when polyols react with alcohol. During this process water is removed, which completes the reaction. I can also tell you how polyester is recycled. Would you like to learn about this?",noAnswerButRelevantInfo
hobby_level3_dial19,4,Please tell me about Melt esterification synthesis.,"When melting points of the monomers are sufficiently low, a polyester can be formed via direct esterification while removing the reaction water via vacuum. Direct bulk polyesterification at high temperatures (150 – 290 °C) is well-suited and used on the industrial scale for the production of aliphatic polyesters, unsaturated polyesters and aromatic–aliphatic polyesters.",directAnswer
hobby_level3_dial19,5,How is polyester recycled?,"It starts at the recycling center, where white and colored plastics are separated, then machines gets rid of excess water and stripped and then the stickers and caps are stripped from the plastics. Eventually the plastics are put in an oven, melted into a liquid and forced into a sieve that turns the liquid into fiber, which is heated and bonded and set to another factory and spun into pure polyester.",directAnswer
hobby_level3_dial19,6,What temperature do they use to make sure all plastics melt?,"Different plastics melt at different temperatures, such as polypropylene which melts at 160-171 °C, or polyethylene terephthalate which melts at 225-255 °C. Would you like to know the melting point of any particular type of plastic?",clarification
hobby_level3_dial19,7,"No, but I want to know more about polyester processing.","After the first stage of polymer production in the melt phase, the product stream divides into two different application areas which are mainly textile applications and packaging applications. In order to produce the polyester melt with a high efficiency, high-output processing steps like staple fiber (50–300 tonnes/day per spinning line) or POY /FDY (up to 600 tonnes/day split into about 10 spinning machines) are meanwhile more and more vertically integrated direct processes.",directAnswer
hobby_level2_dial26,1,What was General Gregor MacGregor's childhood like?,"After his father's death in 1794, MacGregor and his two sisters were raised primarily by his mother with the help of various relatives. He would probably have spoken mainly Gaelic during his early childhood, and learned English only after starting school around the age of five-and-a-half.",directAnswer
hobby_level2_dial26,2,Where did General Gregor MacGregor grow up?,"MacGregor grew up at his family's ancestral home of Glengyle, located on the shore of Loch Katrine in Stirlingshire, Scotland.",directAnswer
hobby_level2_dial26,3,What age did Glengyle leave his ancestral home?,"Did you mean MacGregor instead of Glengyle? MacGregor joined the British Army at 16, the youngest age it was possible for him to do so, in April 1803.",clarification
hobby_level2_dial26,4,What happened to MacGregor when he joined the army?,"Following less than a year in training, he was promoted to lieutenant. Later that year, after spending some months in Guernsey, he was posted to Gibraltar.",directAnswer
hobby_level2_dial26,5,What was the cause of death for General Gregor MacGregor?,"Sorry I didn't find the answer, but I found that he died at Burghmuirhead, near Edinburgh, on 4 May 1838.",noAnswerButRelevantInfo
hobby_level2_dial26,6,Sounds like an impressive funeral! Has anyone else famous been buried in Caracas Cathedral?,Simón Bolívar's remains were entombed there from 1842 until 1876 when they were solemnly transferred to the Panteón Nacional.,directAnswer
food_level2_dial2,1,How many basic steps are in the process in coffee making?,"While the particular steps vary with the type of coffee and with the raw materials, the process includes four basic steps: raw coffee beans must be roasted, the roasted coffee beans must then be ground, the ground coffee must then be mixed with hot water for a certain time (brewed), and finally the liquid coffee must be separated from the used grounds.",directAnswer
food_level2_dial2,2,What is the most expensive coffee in the world?,"In Thailand black ivory coffee beans are fed to elephants and then the beans are collected from their dung after their digestive enzymes have made the beans taste less bitter. This coffee sells for over $500 a pound, making it the most expensive coffee in the world.",directAnswer
food_level2_dial2,3,How is coffee used in cold drinks?,"Coffee can be brewed in cold water, or once brewed served cold as iced coffee. Also it can be made into canned coffee with various flavors.",directAnswer
food_level2_dial2,4,How is coffee used as confectionery?,"Kopiko is an Indonesian brand of coffee confectioneries originally produced in Indonesia by Mayora Indah, currently available in over 80 countries around the world. Also, Chocolate-covered coffee beans are confections made by coating roasted coffee beans in some kind of chocolate.",directAnswer
food_level2_dial2,5,Is coffee something that is considered healthy?,"A 2017 review of clinical trials found that drinking coffee is generally safe within usual levels of intake and is more likely to improve health outcomes than to cause harm at doses of 3 or 4 cups of coffee daily. However, it is possible that it can increase risk in women having bone fractures, and a possible increased risk in pregnant women of fetal loss or decreased birth weight.",directAnswer
food_level2_dial2,6,"Yes, tell me about digestion problems associated with drinking coffee.","A 1999 review found that coffee does not cause indigestion, but may promote gastrointestinal reflux and two clinical studies on people recovering from abdominal, colorectal, and gynecological surgery found that coffee consumption was safe and effective for enhancing postoperative gastrointestinal function.",directAnswer
hobby_level2_dial27,1,What are the two styles of Mississippian stone statuary artifacts?,The first syle is carved flint clay and the second style is a variety of carved and polished stone.,directAnswer
hobby_level2_dial27,2,What stone is used for the polished stone statuary?,"In Mississippian stone statuary there were two distinct styles of statuary. One using carved flint clay, and the other using carved and polished local stone found in the Tennessee-Cumberland region.",directAnswer
hobby_level2_dial27,3,When was the first modern discovery of the Mississippian stone statuary?,"The first modern, documented discovery happened in 1790 in Kentucky.",directAnswer
hobby_level2_dial27,4,Why was Thomas Jefferson gifted the Mississippian stone statuary artifact?,"I couldn't find why it was gifted to Thomas Jefferson, but Jefferson eventually had five statuettes and displayed them at Monticello.",noAnswerButRelevantInfo
hobby_level2_dial27,5,What kind of statues were present at the gallery of Cahokian?,"I was not able to locate that information, but this style of statuary is found in western Illinois, eastern Missouri, eastern Oklahoma, northwestern Louisiana, and various other sites throughout the American southeast.  Many of the figurines depict mythological characters from the Chiefly Warrior cult and the Earth/fertility cult.",noAnswerButRelevantInfo
hobby_level2_dial27,6,What is flint clay?,"A clay associated with coal beds is a smooth, flint-like refractory clay or mudstone composed dominantly of kaolin, called ""flint clay"". Flint clay breaks with a pronounced conchoidal fracture and resists slaking in water, and can either be detrital or authegenic in origin.",directAnswer
food_level1_dial20,1,What type of grain does sticky rice have?,"Glutinous rice, or sticky rice, has opaque grains, with low amylose content, which is sticky when cooked.",directAnswer
food_level1_dial20,2,What are some non-food uses for Glutinous rice?,"Glutinous rice is a component of sticky rice mortar used in masonry, and was used in the construction of the Great Wall of China, the city walls of Xi'an and palaces in Assam during the Ahom rule. Its starch may also be used to create wheatpaste, as an adhesive.",directAnswer
food_level1_dial20,3,Who produces the most glutinous rice in the world?,"I don't know which country produces the most glutinous rice in particular, but China is the largest producer of rice in general, and Laos has the highest per capita consumption of sticky, glutinous rice in the world at 377 pounds per year.",noAnswerButRelevantInfo
food_level1_dial20,4,What kinds of beverages are made from glutinous rice?,"Choujiu,  Sato (rice wine), Home brew sato kits, Rượu nếp, and Rượu cần are all beverages made from glutinous rice.",directAnswer
food_level1_dial20,5,What occasions are drinks like lemang typically drank on?,"I didn't find in what occasions lemang typically drank in Indonesia, but I found that in Malaysia lemang is prepared for festive occasions like Ari Gawai, Hari Raya Aidilfitri, and Hari Raya Aidiladha.",noAnswerButRelevantInfo
food_level1_dial20,6,how long does lemang typically last for?,"Sorry, I did not find any useful information.",noAnswerNoRelevantInfo
hobby_level3_dial2,1,How did FenCon get started?,"I did not find the answer, but I did find out FenCon is held each year near Dallas, TX and is a production of the Dallas Future Society.",noAnswerButRelevantInfo
hobby_level3_dial2,2,When was FenCon first held?,"FenCon was first held September 24-26, 2004.",directAnswer
hobby_level3_dial2,3,How many people attended the first Fen Con in 2004?,"Unfortunately, that information does not appear to be available.  I can tell you that Larry Niven, Michael Longcor, Jim Murray, Elizabeth Moon, Joe R. Lansdale, and Ardath Mayhar attended.",noAnswerButRelevantInfo
hobby_level3_dial2,4,No thank you. When is the next convention?,"I'm sorry but I couldn't find information on an upcoming convention. However, FenCon XVII was to be held 17–19 September 2021, at the Sheraton DFW Airport in Irving, Texas.",noAnswerButRelevantInfo
hobby_level3_dial2,5,I wonder how much money Fen Con generates for the Dallas Future Society?,"Unfortunately, I can't find a comprehensive answer to that.  I can tell you it generated 3500 which was donated to the Salvation Army in 2005, $1400 was raised and donated to the American Diabetes Association in 2006, and a grand total of $2000 was raised and donated at FenCon IV, if you'd like to know more about any of those?",noAnswerButRelevantInfo
hobby_level3_dial2,6,Sure! Tell me more about FenCon IV's $2000 it raised?,"FenCon held an auction and sold a limited-edition art print provided by Artist GoH David Mattingly to raise funds for the North Texas Food Bank in 2007, in which a grand total of $2000 was raised and donated at FenCon IV. The NTFB ""passionately pursues a hunger-free community."" by distributing 32 million pounds of food to 764 feeding and education programs in 13 North Texas counties.",directAnswer
food_level2_dial20,1,How were rotary parlors developed for dairy farming?,Would you like to know about parlors in the United States or New Zealand?,clarification
food_level2_dial20,2,Which countries pioneered fully automated robotic milking?,"I'm not sure which countries pioneered it but a lot of research and development was put in since the 1970s to develop the automated voluntary milking system, AMS. Denmark and the Netherlands have the most farms with AMS and Netherlands is where a lot of the development and research for AMS took place.",noAnswerButRelevantInfo
food_level2_dial20,3,What type of industry uses robotic milkers?,"Robotic milking is performed on dairy animals, especially dairy cattle to get their milk. The milk is involved with the dairy industries as they are important producers, exporters, and importers of milk.",noAnswerButRelevantInfo
top25_dial29,1,What was the first no. 1 song from Let It Be?,"I don't know the timeline of the no. 1 songs from Let It Be, but ""Let It Be"" and ""The Long Winding Road"" both became no. 1 songs in the US.",noAnswerButRelevantInfo
top25_dial29,2,When was the album Let It Be released?,"The album was released on May 8th, 1970, which was a month after the group broke up.",directAnswer
top25_dial29,3,What did critics find unfavourable about The Beatles' album Let It Be?,"There were criticisms from many reviewers like Keith Badman, John Mendelsohn, John Gabree, William Mann, and  Richie Unterberger. Which of these reviewers' comments are you interested in?",clarification
top25_dial29,4,What is the Beatles' best selling album?,"The Beatles are the best-selling music act of all time with 600 million units sold worldwide, but I don't have information on which album is their best-selling album.",noAnswerButRelevantInfo
top25_dial29,5,What was the most famous song that came from the album Let It Be?,"I don't know the most popular song from Let It Be, but ""Let It Be"" and ""The Long Winding Road"" both became no. 1 songs in the US.",noAnswerButRelevantInfo
top25_dial29,6,Did they have another number one songs in the US besides those two?,"The Beatles are the number one all-time  most successful Billboard Hot 100 artist. As of 2017, they hold the record for the most number one hits on the Billboard Hot 100, with twenty.",directAnswer
food_level3_dial1,1,How many different spellings are there for Bereshit?,There are eight different spellings for Bereshit.,directAnswer
food_level3_dial1,2,Thank you! Do all of these spellings have the same meaning?,"That seems to be the case!  Bereshit, Bereishit, Bereshis, Bereishis, B'reshith, Beresh't, Beresheet, or Bereishees all mean ""in a beginning"" in Hebrew.",directAnswer
food_level3_dial1,3,Is the term Bereshit used outside of religious scripture?,"Sorry, I did not find any useful information.",noAnswerNoRelevantInfo
food_level3_dial1,4,How does Bereshit intersect with the Commandments?,"There exists one commandment in the parashah, according to Sefer ha-Chinuch, a noted authority on the commandments. It is the to ""be fruitful and multiply"" one.",directAnswer
food_level3_dial1,5,What is Bereshit's significance in the liturgy?,"The first word of Genesis 1:1, בְּרֵאשִׁית‎, bereishit, and thus God's role as Creator, is recited in the Aleinu prayer near the end of each of the three daily prayer services.",directAnswer
food_level3_dial1,6,What are the tree daily prayers are recited during the Aleinu prayer?,"Traditionally, the three prayer services that are recited daily are the morning prayer, Shacharit, the afternoon prayer, Mincha, and the evening prayer, Arvit.",noAnswerButRelevantInfo
hobby_level3_dial20,1,What happened to the mother of Goofy's son Max?,"In earlier films, Goofy was also portrayed as his wife, but Disney Guest Services later stated that there is no definitive answer regarding the details as the mother has not been revealed on the screen.",directAnswer
hobby_level3_dial20,2,When was Goofy's son Max's first appearance in a Disney film or show?,Are you interested in learning when the character of Goofy's son first appeared or when he first appeared with the name Max?,clarification
hobby_level3_dial20,3,Who did the voice acting for Goofy?,"Goofy debuted in 1932 and was voiced by many actors depending on the years and the cartoons. Is there a specific year or a specific cartoon you have in mind, or do you need a list of cartoons with Goofy in them?",clarification
hobby_level3_dial20,4,Who originally voiced Goofy?,"Pinto Colvig, an American voice actor, newspaper cartoonist and vaudeville performer, voiced Goofy for most of his classic appearances from 1932 (Mickey's Revue) to 1938 (The Whalers) when he had a fallout with Disney and left the company to work on other projects.",directAnswer
hobby_level3_dial20,5,What other projects did he move onto?,"He was offered a job with Fleischer Studios, 1939's Gulliver's Travels voicing Gabby, and he also voiced Bluto for the studio's Popeye the Sailor cartoons. He also voiced Munchkin in the Wizard of Oz and he cast as Bozo the Clown for Capitol Records.",directAnswer
hobby_level3_dial20,6,Who was the most recent actor to portray Bozo the Clown?,Cláudio Siqueira (2021-2022 present) continues to perform as Bozo on Sistema Brasileiro de Televisão in Brazil.,directAnswer
top25_dial57,1,How many albums has Aaliyah released?,Aaliyah has released six albums.,directAnswer
top25_dial57,2,Who was Aaliyah romantically linked to?,"Aaliyah was illegitimately married to R. Kelly, and sought to have record of the marriage expunged due to the fact that she was not old enough to be married without parental consent. At the time of her death, she had been dating Damon Dash.",directAnswer
top25_dial57,3,How did Aaliyah die?,"On August 25, 2001, at 6:50 p.m. (EDT), Aaliyah and some employees of her record company boarded a twin-engine Cessna 402 light aircraft at the Marsh Harbour Airport in Abaco Islands, the Bahamas, to travel to the Opa-Locka Airport in Florida, after they completed filming the music video for ""Rock the Boat"". The plane crashed and caught fire shortly after takeoff, about 200 feet (60 m) from the end of the runway.",directAnswer
top25_dial57,4,Why was she traveling to Florida?,"She had a flight scheduled the following day, but with filming finishing early, Aaliyah and her entourage were eager to return to the U.S. and made the decision to leave immediately.",directAnswer
top25_dial57,5,How old was Aaliyah when she died?,"On August 25, 2001, Aaliyah died at the age of 22 in an airplane accident in the Bahamas.",directAnswer
top25_dial57,6,Was the cause of the airplane crash that killed Aaliyah ever revealed to the public?,"I did not find specific evidence as to what was revealed to the public but the subsequent investigation determined, the aircraft was overloaded by 700 pounds (320 kg) when it attempted to take off, and was carrying one more passenger than it was certified for. The National Transportation Safety Board reported that ""the airplane was seen lifting off the runway, and then nose down, impacting in a marsh on the south side of the departure end of runway 27, and also indicated that the pilot was not approved to fly the plane.",noAnswerButRelevantInfo
food_level1_dial21,1,What are the key ingredients in an eggnog?,"Eggnog is traditionally made with milk, cream, sugar, egg yolks, and whipped egg whites.",directAnswer
food_level1_dial21,2,What are the most popular alcoholic ingredients to add to eggnog?,"Distilled spirits such as brandy, rum, whisky or bourbon are often a key ingredient. Depending upon national and regional versions, the drink may also contain cognac, sherry, and grain alcohol.",directAnswer
food_level1_dial21,3,When is eggnog typically served?,"Throughout Canada, the United States and some European countries, eggnog is traditionally consumed over the Christmas season, from late October until the end of the holiday season.",directAnswer
food_level1_dial21,4,What health risks are associated with consuming raw eggs?,The U.S. Department of Agriculture recommends not eating raw eggs due to the possibility of Salmonella.,directAnswer
food_level1_dial21,5,Can you tell me about the origins of eggnog?,"Both the drink itself and the name of the drink have debated origins. Which one would you like to know about, the name or the drink?",clarification
food_level1_dial21,6,I would like to know more about the name.,"Babson College professor Frederick Douglass Opie ""wrote that the term is a combination of two colonial slang words—rum was referred to as grog and bartenders served it in small wooden mugs called noggins, while Ben Zimmer, executive editor for Vocabulary.com, disputes the ""egg-n-grog"" theory as lacking proof; Zimmer states that the term ""nog"" may be related to the ""Scottish term nugg or nugged ale, meaning ""ale warmed with a hot poker. Meanwhile, The Online Etymology Dictionary states that the term ""eggnog"" is an American term introduced in 1775, consisting of the words ""egg"" and ""nog"", with ""nog"" meaning ""strong ale"", while the Oxford English Dictionary states that nog was ""a kind of strong beer brewed in East Anglia"".",directAnswer
hobby_level2_dial28,1,What was the cause of CTE in American football?,Concussions and repeated blows to head are the cause of CTE.,directAnswer
hobby_level2_dial28,2,Has the NFL put any measures in place to prevent CTEs in their athletes?,"The use of helmets and mouth-guards has been put forward as preventative measures, but significant research has not been shown to support their efficacy. However, the NFL announce in 2009 that it would collaborate with the BU School of Medicine to support their research.",directAnswer
hobby_level2_dial28,3,Who provided the research that mouthguards has not show their efficacy against CTE?,I couldn't find information on who had done the research that mouthguards has not shown efficacy against CTE but the ADA shows that mouthguards are very effective at preventing facial injury and recommends it for sports such as American football.,noAnswerButRelevantInfo
hobby_level2_dial28,4,When was the practice of using mouth guards adopted in professional sports?,"Sorry, I did not find any useful information.",noAnswerNoRelevantInfo
hobby_level2_dial28,5,What prevention efforts are made against concussions in youth football?,"Several programs have been started by both the CDC and the NFL/USA Football, with the former educating about preventing, recognizing and responding to a concussion and the latter  emphasizes a smarter and safer way to play and teach youth football. Additionally, in 2016, the Pop Warner league banned kickoffs in an attempt to reduce high-speed collisions that result in concussions.",directAnswer
hobby_level2_dial28,6,"Since they banned kickoffs, what did they replace them with?","I was not able to find information specific to the Pop Warner league, but in certain leagues consisting of younger players, teams are automatically awarded the ball at a certain spot on the field.",noAnswerButRelevantInfo
top25_dial3,1,How did trick-or-treating get started for Halloween?,Do you want to know how it got started in North America or  Europe?,clarification
top25_dial3,2,I'm referring to the origins of trick or treating in North America.,"The earliest known occurrence of what is now known as trick-or-treating happened in 1911 in Kingston, Ontario, with a newspaper reporting children going ""guising"" around the neighborhood.",directAnswer
top25_dial3,3,How did the jack-o'-lantern become a symbol of Halloween?,"It is believed that the custom of making jack-o'-lanterns at Halloween time began in Ireland. It has also been suggested that the jack-o'-lanterns originally represented Christian souls in purgatory, as Halloween is the eve of All Saints' Day on the first of November.",noAnswerButRelevantInfo
top25_dial3,4,"If jack-o'-lanterns are from Ireland, how did they make their way to America?",The tradition developed in the United States when Irish immigrants brought the root vegetable carving traditions with them.,directAnswer
top25_dial3,5,Are jack-o'-lanterns still popular in modern day Ireland?,"Sorry, I did not find any useful information regarding current day pumpkin carving in Ireland.",noAnswerNoRelevantInfo
top25_dial3,6,"Other than in the UK, is Halloween supported elsewhere in Europe?","Yes, it's in several countries in Europe. Would you like to hear more about Halloween is France, Germany, Greece, Ireland, or somewhere else?",clarification
top25_dial3,7,I would Ike to hear more about Halloween in Germany!,"Halloween was not generally observed in Germany prior to the 1990s, but has been increasing in popularity. It has been associated with the influence of United States culture, and ""Trick or Treating"" has been occurring in various German cities, especially in areas such as the Dahlem neighborhood in Berlin, which was part of the American zone during the Cold War.",directAnswer
food_level3_dial4,1,"Does the coconut tree have any relatives, deceased or living?",The coconut tree is the only living species of genus Cocos and the member of palm tree family.,directAnswer
food_level3_dial4,2,What is the most common variety of coconut tree?,"I could not find anything regarding the most common coconut tree, Indonesia is currently the largest producer of coconuts in the world.",noAnswerButRelevantInfo
food_level3_dial4,3,Which country is the vast majority of coconut trees located?,"I don't have the information which country has the vast majority of the coconut trees, but 75% of the world's supply of coconuts is produced by Indonesia, the Philippines, and India.",noAnswerButRelevantInfo
food_level3_dial4,4,What is coconut copra?,Copra refers to the dried coconut kernels from which coconut oil is expelled.,directAnswer
food_level3_dial4,5,What is the cause of coconut allergies?,"The proteins in coconuts can cause an abnormal immune response, which triggers the release of chemicals such as histamine, and symptoms (which can range from mild to severe) such as: Rash, hives, itching, swelling, difficulty swallowing or breathing, runny nose, hoarse voice, diarrhea, lightheadedness, fainting, nausea and vomiting.",directAnswer
food_level3_dial4,6,Are there any cultures where the coconut is particularly important?,Would you like to know about coconut importance in cultural rituals in the Philippines or Hindu tradition?,clarification
top25_dial1,1,What toxins from the 9/11 attacks caused all these health problems?,"The dust from the collapsed towers was ""wildly toxic"", according to air pollution expert and University of California Davis Professor Emeritus Thomas Cahill.",directAnswer
top25_dial1,2,What conspiracy theories surround the 9/11 attacks?,The most prominent conspiracy theory is that the collapse of the Twin Towers and 7 World Trade Center were the result of controlled demolitions rather than structural failure due to impact and fire. Another prominent belief is that the Pentagon was hit by a missile launched by elements from inside the U.S. government.,directAnswer
top25_dial1,3,I'd like to know more about the conspiracy theories surrounding controlled demolition of Tower 7.,"The controlled demolition theories say that the collapse of the tower was caused by explosives installed in the buildings in advance. Some claim the aircraft impact and resulting fires could not have caused the collapse on their own, and others state that thermite and nano-thermite composites were found in the dust and debris following the collapse.",directAnswer
top25_dial1,4,"Are there any notable people who believe in the ""Controlled Demolition Theory""?","I cannot find the answer, but I did find supporters of the broader scope of 911 conspiacy theory, most notable being talk show personality Alex Jones, former Michigan governor Jesse Ventura, and actor Charlie Sheen.",noAnswerButRelevantInfo
top25_dial1,5,Has there every been any similar terrorist threats to the US after 9/11?,"Yes, in 2007 there was an alleged Islamist terrorist plot to blow up a system of jet fuel supply tanks and pipelines that feed fuel to John F. Kennedy International Airport in New York, and in 2010, two packages, each containing a bomb and a detonating mechanism, were found on separate cargo planes bound from Yemen to the United States. Which series of events would you like to know more about?",clarification
top25_dial1,6,I am interested in the series of events in 2010.,"Would you like to know about the location of the bombs, the bombs themselves, those responsible, or the response to the event?",clarification
food_level2_dial21,1,What is an example of staple food in Latin America?,"Staple foods vary, depending on the country or specific region. Would you like to learn more about staple foods in Haiti, Central America, Costa Rica, Nicaragua, or some other place?",clarification
food_level2_dial21,2,Where was maize first cultivated?,"Maize requires human intervention to propagate. I could not find a concrete answer, by most historians believe it was first domesticated in the Tehuacán Valley of Mexico.",noAnswerButRelevantInfo
food_level2_dial21,3,Why is the term maize used for corn?,"The word maize derives from the Spanish form of the Taíno word for the plant, mahiz.",directAnswer
food_level2_dial21,4,You mention the Taino people. Who were they?,"The Taíno were an indigenous people of the Caribbean.[2] At the time of European contact in the late fifteenth century, they were the principal inhabitants of most of what is now Cuba, Hispaniola, Jamaica, Puerto Rico, the Bahamas, and the northern Lesser Antilles.",directAnswer
food_level2_dial21,5,What are some maize based dishes in the Caribbean?,"Sorry I didn't find the answer, but I found that Maize was the staple food or , or a major staple – along with squash, Andean region potato, quinoa, beans, and amaranth – of most pre-Columbian North American, Mesoamerican, South American, and Caribbean cultures.",noAnswerButRelevantInfo
food_level2_dial21,6,Can you tell me some other stable foods of Caribbean culture?,"Assuming you mean staple food, and not stable food, Ingredients that are common in most islands' dishes are rice, plantains, beans, cassava, cilantro, bell peppers, chickpeas, tomatoes, sweet potatoes, coconut, and any of various meats that are locally available like beef, poultry, pork or fish. A characteristic seasoning for the region is a green herb-and-oil-based marinade called sofrito, which imparts a flavor profile which is quintessentially Caribbean in character, and ingredients may include garlic, onions, scotch bonnet peppers, celery, green onions, and herbs like cilantro, Mexican mint, chives, marjoram, rosemary, tarragon and thyme.",directAnswer
hobby_level3_dial21,1,"Which person was a professor of physical training and gymnasium director at Yale University, the University of Michigan, and Princeton University?","Dennis Keene Fitzpatrick was a gymnasium director at Yale, University of Michigan and Princeton University at different periods of time.",directAnswer
hobby_level3_dial21,2,Did Fitzpatrick participate in any sport professionally?,"Fitzpatrick was a professional sprinter in the 1880's, competing for the Natick Hook and Ladder Company team.",directAnswer
hobby_level3_dial21,3,Did Fitzpatrick win any first place prizes as he competed for the Natick Hook and Ladder Company team?,"I could not find evidence of Fitzpatrick winning any first place prizes, but in 1885, the only sweepstake race to determine the national champion of American professional sprinters was held and won by Natick's Piper Donovan.",noAnswerButRelevantInfo
hobby_level3_dial21,4,What did Fitzpatrick do in his retirement?,"Fitzpatrick noted that he sought to retire to a ""less strenuous mode of life."" He continued to live in Princeton, New Jersey after his retirement, where died at his home in Princeton in 1944 after a long illness.",noAnswerButRelevantInfo
hobby_level3_dial21,5,How did Dennis Keene Fitzpatrick get started in coaching?,"Fitzpatrick worked as an athletic trainer at Yale, Detroit and Michigan, eventually becoming a coach at Michigan in 1900.",directAnswer
hobby_level3_dial21,6,I would like to know about his coaching at Yale University.,"In 1890 and 1891, Fitzpatrick was an athletic trainer at Yale University. Time magazine wrote in its obituary of Fitzpatrick: ""When he was just beginning his coaching career, at Yale, he gave later-famed coach Amos Alonzo Stagg a primer course in the art of the fast breakaway."".",directAnswer
hobby_level1_dial6,1,What science has been able to prove that ghosts exist?,The overwhelming consensus of science is that there is no proof that ghosts exist.,directAnswer
hobby_level1_dial6,2,Is there nonscientific evidence that ghosts exist?,"I could not find anything regarding exact nonscientific evidence that ghosts exist, but according to a Monash University study of 2,000 respondents in 2006, over 70% of those interviewed believed to have an unexplained paranormal event happen to them.",noAnswerButRelevantInfo
hobby_level1_dial6,3,What are some common examples of what someone sees when they have ghost encounter?,"I couldn't find what people typically sees, but CSI's Richard Wiseman reports that while 15% of people believe they've met a ghost, only 1% see a full-fledged ghost. The rest reported strange sensory stimuli such as wisps of smoke.",noAnswerButRelevantInfo
hobby_level1_dial6,4,What are some popular TV shows about ghost hunting?,Ghost Hunters is an American paranormal and reality television series and Most Haunted is a British paranormal reality television series.,directAnswer
hobby_level1_dial6,5,I am interested in the Ghost Adventures series.,Ghost Adventures is an American paranormal and reality television series that follows ghost hunters as they investigate locations that are reported to be haunted. It is on  Discovery+ as of 2021.,directAnswer
hobby_level1_dial6,6,Does Discovery+ have any other ghost shows?,"Yes On May 18, 2021 it was announced that Ghost Hunters was sold to Discovery+.",directAnswer
food_level1_dial22,1,Which country consumes the most cider per capita?,"The UK has the world's highest per capita consumption, as well as the largest cider-producing companies.",directAnswer
food_level1_dial22,2,Which country consumes the most non-alcoholic cider?,"I was unable to find that answer, but I did find that apple cider is the name used in the US and Canada, while in other parts of the world it is commonly referred to as cloudy apple juice.",noAnswerButRelevantInfo
food_level1_dial22,3,What kind of apples are used to produce cider?,"I don't have a specific list of apples used in cider making as apples come in many varieties. But commercially, different varieties yield different amounts of cider, and variations of the cider, Rosé apple cider, can be obtained using red-fleshed applecrabs.",noAnswerButRelevantInfo
food_level1_dial22,4,What the difference between the heirloom varieties of apples and other apples?,"Heirloom fruits are old cultivars of a plant that is grown and maintained in isolated or ethnic minority communities of the Western world, and are not used in modern large-scale agriculture. They differ from the monocultural plot grown ones who are also less diverse and selected for their productivity and ability to ripen at the same time as well as being able to withstand mechanical picking and cross-country shipping and droughts, frost, or pesticides.",directAnswer
food_level1_dial22,5,"Are there GMO apples, like they do with soy and corn?","Yes, there are GMO apples.  In fact, the Arctic apple, the first genetically engineered apple to be approved for commercial sale, was deemed by the FDA in 2015 to be as safe and nutritious as a conventional apple.",directAnswer
food_level1_dial22,6,"Aside from Apple, is there any GMO meat?","Yes, as of 2015, the AquAdvantage salmon is the only approved animal for consumption.",directAnswer
hobby_level3_dial22,1,What superpowers does Eclipso have?,"Eclipso has demonstrated the powers of flight, immortality, invulnerability, super speed and stamina. Furthermore, he possesses vast magical powers.",directAnswer
hobby_level3_dial22,2,When did Eclipso first appear in the DC Comics Universe?,Eclipso first appeared in House of Secrets #61 (August 1963) and was created by Bob Haney and Lee Elias.,directAnswer
hobby_level3_dial22,3,"Can you tell me more about the creator of Eclipso, Bob Haney?","There's a number of things in Bob Haney's life. Do you wish to know about his early life before DC Comics, his almost thirty years association with DC Comics, or about his later life, such as when he died?",clarification
hobby_level3_dial22,4,When did he do after he left Marvel?,"I could not find anything about that, as Haney spent the majority of his career working for DC, not Marvel. After working for DC he wrote several Rankin/Bass animated shows.",noAnswerButRelevantInfo
food_level1_dial23,1,Does the hog dog have multiple variations?,Do you want to know about the Hog-dog rodeo or Uncle Earl's Hog Dog Trials?,clarification
food_level1_dial23,2,How is a corn dog made?,"A corn dog is a sausage (usually a hot dog) on a stick that has been coated in a thick layer of cornmeal batter and deep fried. There are also variations like the corn brat, corn puppies or pancake on a stick. Would you like to know more about corn brats or corn puppies?",directAnswer
food_level1_dial23,3,I would like to know more about the corn puppies variation.,"Small corn dogs, known as ""corn puppies"", ""mini corn dogs"", or ""corn dog nuggets"", are a variation served in some restaurants, generally on the children's menu or at fast food establishments. A serving includes multiple pieces, usually 10. Corn puppies are normally served stickless as finger food.",directAnswer
food_level1_dial23,4,What is inside corn puppies beside the sausage?,"A corn dog (also spelled corndog) is a sausage (usually a hot dog) on a stick that has been coated in a thick layer of cornmeal batter and deep fried.  Since a corn puppie is just a smaller version of this, it has the same ingredients.",directAnswer
food_level1_dial23,5,In which state of the United States is hot dog the most popular?,"The hot dog is particularly connected with New York City and its cuisine, it became ubiquitous throughout the US, with many regional varieties such as New York dog, Italian hot dog, Chicago style hot dog, Michigan hot dog, Coney Island hot dogs, Texas hot dogs, Texas Tommy, Dodger Dogs, and Fenway Franks. Which of these interests you the most?",clarification
food_level1_dial23,6,I would like to know more about the Italian hot dog.,"The Italian hot dog is popular in New Jersey, it contains sauteed bell peppers, onions, and potatoes.",directAnswer
food_level2_dial22,1,What two types of oyster habitats?,Oyster different families may live in marine or brackish habitats.,directAnswer
food_level2_dial22,2,Are oysters considered a nutritious food to eat?,"Yes, they contain a variety of vitamins and minerals, including zinc, iron, calcium, selenium, Vitamin A, and Vitamin B12. They are also rich in protein.",directAnswer
food_level2_dial22,3,How are oysters sourced from the water?,"If the oysters are harvested in the wild, they're simply gathered, and if they're are cultivated in oyster farms, release and bagging method is used. Which of these do you want to know more about?",clarification
food_level2_dial22,4,How are oysters harvested in the wild?,"There are two methods commonly used, release and bagging. Which one would you be interested in learning more about?",clarification
food_level2_dial22,5,I'd like to know more about release.,"First, oysters are cultivated onshore to the size of spat, when they can attach themselves to a substrate. The release technique involves distributing the spat throughout existing oyster beds, allowing them to mature naturally to be collected like wild oysters.",directAnswer
food_level2_dial22,6,Does oyster contain any mercury?,"Sorry, I did not find any useful information.",noAnswerNoRelevantInfo
hobby_level2_dial29,1,Why do Manx cats not have tails?,"Manx cats lack tails due to a spontaneous gene mutation, which is now called the Manx taillessness gene.",directAnswer
hobby_level2_dial29,2,That's really interesting! Where are these cats found?,Manx cats were first found on the Isle of Man.,directAnswer
hobby_level2_dial29,3,Can you tell me an exact place in Europe can Manx cats can be found?,I don't information as to the exact place in Europe where Manx cats can be found other than the Isle of Man.,noAnswerButRelevantInfo
hobby_level2_dial29,4,Are there any famous real-world Manx cats?,"Yes, a number of them. Do you wish to know about the three Manx cats who are companions of Koko, a captive-gorilla, Bob who was the male subject of Bob the Preschool Cat: A Biography of an Urban Manx Cat, Stubbs, the honorary mayor of Talkeetna, Alaska, or Bonnag, who was the first Manx to have her whole genome sequenced?",clarification
hobby_level2_dial29,5,I am interesting in learning more about the cat named Bonnag.,"The first cat sequenced as a part of the Manx Cat Genome Project was a purebred Manx calico rumpy named Bonnag, selected because the registry of this dam (breeding female) and her kittens in the British Governing Council of the Cat Fancy (GCCF) aids controlled study of a specific bloodline.",directAnswer
hobby_level2_dial29,6,"Governing Council of the Cat Fancy, can you tell more more about it?","The Governing Council of the Cat Fancy (GCCF) is a cat registry, established in 1910 and the largest organisation that registers pedigree cats in the United Kingdom.",directAnswer
hobby_level3_dial23,1,What has the popular image of Queen Elizabeth II been?,Queen Elizabeth II has had a favorable image.,directAnswer
hobby_level3_dial23,2,Which portrait of Queen Elizabeth II appears on the postage stamps?,"The original 2003 stamp featuring Queen Elizabeth II was a photograph taken by Bryan Adams at the Buckingham Palace. The current stamp, as of January 2019, is of a picture taken of the Queen in 2017 at Portsmouth, England.",directAnswer
hobby_level3_dial23,3,What image of Queen Elizabeth II appears on the currency in the UK?,"On the 50p, four different portraits of the Queen have been used, with the latest design by Jody Clark being introduced in 2015.",directAnswer
hobby_level3_dial23,4,What sort of coinage is used in the UK?,"Would you like to know about currently circulating and commemorative issue coins, coins prior to the 1971 decimalisation, or ancient coins?",clarification
hobby_level3_dial23,5,Has Queen Elizabeth II ever been in any movies?,"I was unable to find if she has appeared in any movies. I did find that she has been portrayed in movies such as The Queen, A Royal Night Out, and A Queen is Crowned.",noAnswerButRelevantInfo
top25_dial30,1,Who is the current president of the United States?,"Joe Biden's tenure as the 46th president of the United States began with his inauguration on January 20, 2021.",directAnswer
top25_dial30,2,When was Joe Biden elected as the president of the United States?,"The 2020 presidential election was held on November 3, 2020, certified by each State and the District of Colombia by December 9, 2020 and these votes officially counted by Congress by January 7, 2021.",directAnswer
top25_dial30,3,Who was the most well liked president of the United States?,"I don't have one single person as the most well-liked president in the US, but historians consider Abraham Lincoln, Franklin D. Roosevelt, and George Washington are most often listed as the three highest rated presidents.",noAnswerButRelevantInfo
top25_dial30,4,How many presidents have been assassinated?,"Four sitting presidents have been killed: Abraham Lincoln (1865, by John Wilkes Booth), James A. Garfield (1881, by Charles J. Guiteau), William McKinley (1901, by Leon Czolgosz), and John F. Kennedy (1963, by Lee Harvey Oswald).",directAnswer
top25_dial30,5,Why is not possible for the president of the United States to serve more than two terms?,"When the first president, George Washington, announced in his Farewell Address that he was not running for a third term, he established a ""two terms then out"" precedent. FDR was elected to a third term, breaking the precedent, prompting the Twenty-second Amendment, which bars anyone from being elected president more than twice.",directAnswer
top25_dial30,6,When was the 22nd Amendment added to the Constitution?,"Congress approved the Twenty-second Amendment on March 21, 1947, and submitted it to the state legislatures for ratification. That process was completed on February 27, 1951, and its provisions came into force on that date.",directAnswer
food_level1_dial3,1,What ingredient is typically used in energy drinks?,"They may or may not be carbonated and may also contain caffeine,sugar, other sweeteners, herbal extracts, taurine, and amino acids.",directAnswer
food_level1_dial3,2,Does the energy boost come only from the caffeine?,"While most of the energy boosting effects are caused by the caffeine in energy drinks, some studies suggest that other ingredients do play a role. However, some of the common ingredients used in energy drinks such as guarana and yerba mate also primarily contain caffeine as their main stimulant.",directAnswer
food_level1_dial3,3,Can you tell me what other ingredients in energy drinks have a role in energy boosting effects?,"There actually is little or not evidence that the other ingredients in energy drinks, other than caffeine and sugar, have any effect. Ingredients found in energy drinks like guarana has effects mainly due to its high caffeine concentration.",directAnswer
food_level1_dial3,4,What are the health risks of consuming energy drinks?,"Energy drinks have been associated with many health risks, such as an increased rate of injury when usage is combined with alcohol, and excessive or repeated consumption can lead to psychiatric and cardiac conditions, including arrhythmias and heart attacks, anxiety and phobias. In 2005, there were 1,494 emergency department visits related to energy drink consumption in the United States; whereas, in 2011, energy drinks were linked to 20,783 emergency department visits.",directAnswer
food_level1_dial3,5,What part of the world is the biggest market for energy drinks?,I did not find the biggest market but I did find that in 2017 global sales of the drink was $44 billion and the projected 2021 sales just in the United States is expected to reach $19 billion.,noAnswerButRelevantInfo
food_level1_dial3,6,Which energy drink is the most popular in the world?,"Red Bull, with 38% market share, it is the most popular energy drink brand as of 2019.  In 1987, the company sold its first can of Red Bull in Europe; in 1996 Red Bull began operation in the United States and has seen steady growth ever since.",directAnswer
hobby_level1_dial7,1,Mosaics are often used as decorations for what part of the house?,"Mosaics are often used as floor and wall decoration, and were particularly popular in the Ancient Roman world.",directAnswer
hobby_level1_dial7,2,Where is the largest outdoor mosaic in the Middle East?,"Sorry, I did not find any useful information.",noAnswerNoRelevantInfo
hobby_level1_dial7,3,How are mosaics used in street art?,"French artist Invader has done almost all his work as small traditional tile mosaics of 8 bit video game characters or as ""Rubikcubism"" using a dual layer mosaic via grids of scrambled Rubik's Cubes. Many other artists do work in the mosaic styles also.",directAnswer
hobby_level1_dial7,4,Is there any American artist doing work in the mosaic styles?,"American mosaic artists include Isiah Zagar, Sonia King, Millard Sheets, and Maxine Albro. Are you interested in learning more about a specific artist?",clarification
hobby_level1_dial7,5,"Yes, please tell me more about Sonia King.","Sonia King's mosaic art has a complex variety of tesserae, working with spacing, reflectivity and texture which offers new relations even after extensive viewing. All of the pieces are cut by hand and she has developed a technique called 'fresco grout' for large scale works.",directAnswer
hobby_level1_dial7,6,Can you please tell me about Sonia King's upbringing?,"Sonia King received a Bachelor of Fine Arts (BFA) degree from the California College of Arts and later a Master of Business Administration (MBA) from Southern Methodist University, but I don't have any information from her earlier years.",noAnswerButRelevantInfo
hobby_level2_dial3,1,What are some examples of rhetoric?,"Would you like to know about procedural rhetoric, ideograph rhetoric, parenthesis rhetoric, or Digital rhetoric?",clarification
hobby_level2_dial3,2,Can you tell me about procedural rhetoric?,"Procedural rhetoric is a concept to explain how people learn through the authorship of rules and processes, and analyzes persuasion by representations and interactions instead of the spoken or written word.",directAnswer
hobby_level2_dial3,3,What are some examples of procedural rhetoric used in real life?,"While not common, games are used in political arguments; and in advertising, it's used to persuade; and in education, the rhetoric teaches by reward-punishment mechanism. Which of these are you interested in?",clarification
hobby_level2_dial3,4,What kinds of games are used in political arguments?,"The games Howard Dean for Iowa Game and America's Army are both games said to make political arguments. There was also a wave of anti-Osama video games after September 11, 2001.",directAnswer
hobby_level2_dial3,5,Rhetorics using rewards-punishment mechanism... I wonder how that works?,The award and punishment encourages learning the process forces the learning by use of the punishment.,directAnswer
hobby_level2_dial3,6,"Is the ""carrot and stick"" an example of that type of mechanism?",Yes. That phrase does refer to the use of a combination of reward and punishment to induce behavior.,directAnswer
food_level3_dial10,1,What's believed to be the largest company ever to exist in recorded history?,Would you like to know the largest company by market capitalization or by number of employees?,clarification
food_level3_dial10,2,"Oh, sorry I should've been more specific. I meant by market cap!","I don't know the current rankings but Apple, in 2020, had a market capitalization of 2 trillion dollars. Microsoft was the second most-valuable company by market capitalization in 2014, behind Apple.",noAnswerButRelevantInfo
food_level3_dial10,3,What was the Microsoft's market cap value in 2020?,"Sorry I didn't find the answer, but I found Microsoft's valuation came to near $2 trillion in 2021.",noAnswerButRelevantInfo
food_level3_dial10,4,When did The Dutch East India Company go out of business?,"After the Fourth Anglo-Dutch War, the The Dutch East India Company was a financial wreck. After attempts to reorganise, it nationalised by the new Batavian Republic on 1 March 1796, but its charter was allowed to expire on 31 December 1799.",directAnswer
food_level3_dial10,5,What are the cultural depictions of The Dutch East India Company?,"There have been many depictions of the Dutch East Indies: Flying Dutchman, the ghost ship; Hansken, the Asian elephant; Batavia, the painting by Beekman; and Cosmos with Carl Sagan. Which of these interests you?",clarification
food_level3_dial10,6,I am interested in Flying Dutchman.,The Flying Dutchman is a legendary ghost ship which is said to be doomed to sail the oceans forever.  The myth is likely to have originated from the 17th-century Golden Age of the Dutch East India Company and Dutch maritime power in which Dutch East India Company navigators and cartographers helped shape cartographic and geographic knowledge of the modern-day world.,directAnswer
food_level1_dial4,1,What are considered traditionally warm drinks?,"Coffee, tea, and hot chocolate are traditionally warm drinks.",directAnswer
food_level1_dial4,2,What is the most popular type of tea?,"I could not find anything regarding what is the most popular tea, however, China is currently the largest producer of tea. Chinese tea can be divided into six categories: white, green, yellow, oolong, black and post-fermented.",noAnswerButRelevantInfo
food_level1_dial4,3,Are there any drinks that have been known to help you sleep better?,Drinks that aid in sleep include both alcoholic and non-alcoholic drinks. Which type you like to know more of?,clarification
food_level1_dial4,4,Can you tell me about non-alcoholic drinks please?,"Warm milk is often recommended for inducing sleep due to it containing both tryptophan and calcium.  A brand of milk flavoring product, Ovaltine, brands itself around being a product that ensures sound, natural sleep.",directAnswer
food_level1_dial4,5,Where are some popular places to have a drink in Europe?,"Europe has several popular spots to have a drink. Would you like to know about a Tavern, Coffeehouse, or Gay bar?",clarification
food_level1_dial4,6,Tell me about taverns!,"A tavern is a place of business where people gather to drink alcoholic beverages and be served food such as different types of roast meats and cheese, and (mostly historically) where travelers would receive lodging. Their stated purpose, however, was to serve wine (not beer or cider, which had other outlets) and they were so disreputable that women of any standing avoided them.",directAnswer
food_level3_dial6,1,What is the percentage of water covering the earth's surface?,"About 71% of Earth's surface is made up of the ocean, dwarfing Earth's polar ice, lakes, and rivers.",directAnswer
food_level3_dial6,2,Where are the sources of ancient water in the solar system?,"Would you like to know about ancient water on Mars, Venus or comets?",clarification
food_level3_dial6,3,I'd like to know about ancient water on Mars.,"Prior to 3.8 billion years ago, Mars may have had a large ocean  of liquid water (called Oceanus Borealis) that would have covered one-third of the planet. An ancient planet-wide groundwater system may have also been connected to this ocean. The planet may also have been warm enough to allow for rainfall, while other areas may supported ice-covered lakes.",directAnswer
food_level3_dial6,4,How do magnetic fields affect water?,"Sorry, I did not find any useful information.",noAnswerNoRelevantInfo
food_level3_dial6,5,What planet other than Earth has the most water?,Earth is the only planet known to have stable bodies of liquid water on its surface.,noAnswerButRelevantInfo
food_level3_dial6,6,"If not liquid water, are there other planets known to have ice on them?","There are many moons in our solar system that have ice on them, but as far as planets (and dwarf planets, are concerned, only Pluto, Uranus, Mars and Neptune are currently thought to have water or ice on them.",directAnswer
top25_dial31,1,Who performed in the pre-show of the 2021 Hell in a Cell event?,"During the Hell in a Cell Kickoff pre-show, one-half of the WWE Women's Tag Team Champions, Natalya (accompanied by her tag team partner, Tamina), faced Mandy Rose (accompanied by Dana Brooke).",directAnswer
top25_dial31,2,How much revenue was generated from the 2021 Hell in a Cell televised broadcast?,I was unable to find the reveneue but I did find it was televised worldwide on Pay Per View on the WWE Network and in the United States on Peacock.,noAnswerButRelevantInfo
top25_dial31,3,What was the main event of the 2021 Hell in a Cell?,The main event of Hell in a Cell 2021 involved Bobby Lashley defending the WWE Championship against Drew McIntyre in a Hell in a Cell match.,directAnswer
top25_dial31,4,Who won the Hell in the Cell match?,"As McIntyre tried freeing himself from MVP's grip, Lashley rolled up McIntyre with a schoolboy to win and retain the title.",directAnswer
top25_dial31,5,What is a schoolboy in this context?,"The schoolboy sweep sees the attacking wrestler drop down behind the opponent and put one arm up between the opponent's legs to pull the opponent over the attacking wrestler so that they fall flat on their back. At this point, the attacking wrestler would stack the fallen opponent on their shoulders for the pin.",directAnswer
top25_dial31,6,How does one win in wrestling using the school boy technique?,"The schoolboy sweep sees the attacking wrestler drop down behind the opponent and put one arm up between the opponent's legs to pull the opponent over the attacking wrestler so that they fall flat on their back. At this point, the attacking wrestler would stack the fallen opponent on their shoulders for the pin.",directAnswer
top25_dial10,1,What is the prominent religion practiced in the Gaza Strip area?,99% of Gaza Strip's population practice Islam.,directAnswer
top25_dial10,2,Who controls the air space over the Gaza Strip area?,"Israel controls Gaza's air and maritime space, as well as six of Gaza's seven land crossings.",directAnswer
top25_dial10,3,Who are some notable people who come from the Gaza Strip?,"Some notable historical individuals from the Gaza Strip include: Al-Shafiʽi, Dorotheus of Gaza, Hilarion, Nathan of Gaza Porphyry of Gaza, and Procopius Sozomen. More recent examples of famous individuals from Gaza City (located within the Gaza Strip) include Mohammed Assaf, a Palestinian pop singer, and MC Abdul, a Palestinian rapper.",directAnswer
top25_dial10,4,Who had control of the Gaza Strip in the 1940s?,"Gaza was part of the United Kingdom during 1940-48, followed by Egypt from 1948-67.",directAnswer
top25_dial10,5,What kind of religious conflicts have taken place in the Gaza strip?,"Religious conflict is caused or justified by differences in religion, and people view the current Israel-Palestine conflict as a religious war between jews and muslims.",directAnswer
top25_dial10,6,I'm interested in hearing more about the Salafist movement. Where did it get started?,"The Salafist leader, Abdul Latif Moussa, and nineteen other people were killed by Hamas forces, and in 2011, Salafists abducted and murdered a pro-Palestinian Italian activist, Vittorio Arrigoni. Following this Hamas again took action to crush the Salafist groups.",directAnswer
food_level2_dial23,1,What are two examples of food taboos?,"Many food taboos and other prohibitions forbid the meat of a particular animal, including mammals, rodents, reptiles, amphibians, fish, molluscs, crustaceans and insects, which may relate to a disgust response being more often associated with meats than plant-based foods. Some prohibitions are specific to a particular part or excretion of an animal, while others forgo the consumption of plants or fungi.",directAnswer
food_level2_dial23,2,I would like two examples of religious food taboos.,"Judaism prescribes a strict set of rules, called Kashrut, regarding what may and may not be eaten, and notably forbidding the mixing of meat with dairy products. Also,  Cat meat is forbidden by Jewish and Islamic law as both religions forbid the eating of carnivores.",directAnswer
food_level2_dial23,3,What kinds of foods are considered taboo in general?,"Of all the taboo meat, human flesh ranks as the most heavily proscribed. Generally in all Western countries eating dog or cat meat is considered taboo.",directAnswer
food_level2_dial23,4,Are there countries were eating dog or cat meat is not considered taboo?,"In the 21st century, dog meat is consumed in China, Nigeria, Switzerland, and Vietnam, and it is eaten or is legal to be eaten in other countries throughout the world. Some countries serve cat meat as a regular food, whereas others have only consumed cat meat in desperation during wartime or poverty.",directAnswer
food_level2_dial23,5,Yes I'd like to know more about consumption in Vietnam.,"Around five million dogs are slaughtered in Vietnam every year, making the country the second biggest consumer of dog meat in the world after China. As of 2015, cat meat is eaten in Vietnam. It is generally seen on menus with the euphemism ""tiểu hổ"", literally ""baby tiger"" rather than the literal ""thịt mèo"".",directAnswer
food_level2_dial23,6,I am interested in modern dog meat consumption.,"By 1999, in Hoi An, only a couple of places served dog meat, but by 2004 there were “dozens of eating venues throughout the town, however Connecting to the previous section, Vietnamese pet owners together with activists from other nations are advocating for legalizing the ban of dog meat by emotional appeals and raising public health concerns over diseases and the nation's image of a civilized and modernized nation.",directAnswer
hobby_level3_dial24,1,Where was Song of the South filmed?,"A plantation set for the outdoor scenes was constructed in Phoenix, Arizona, while other scenes were filmed in Hollywood.",directAnswer
hobby_level3_dial24,2,"I was asking about ""Song of the South"" from 1946.","The studio constructed a set in Phoenix, Arizona for outdoor scenes and other scenes were filmed in Hollywood.",directAnswer
hobby_level3_dial24,3,Has Song of the South won any awards?,"The film won the 1948 Academy Award for Best Original Song, and James Baskett won an Academy Honorary Award for his portrayal of Uncle Remus, despite Walt Disney's campaign for him to win an Academy Award. One of the film's songs is also ranked #47 on ""AFI's 100 Years...100 Songs"" list, and was nominated by AFI for ""Greatest Musical Movie"".",directAnswer
hobby_level3_dial24,4,Who were the lead actors cast in Song of the South?,"James Baskett was cast as Uncle Remus, the butterfly, and Br'er Fox. Br'er Rabbit was voiced by Johnny Lee, and the children in the movie were played by Bobby Driscoll, Luana Patten, and Glenn Leedy.",directAnswer
hobby_level3_dial24,5,What was the critical reception for Song of the South?,"Criticism in the mainstream press focused on the artistic merit while criticism in the black press was more politically divided.  The review aggregator website Rotten Tomatoes reported that 50% of critics have given the film a positive review based on 14 reviews On Metacritic, the film has a weighted average score of 54 out of 100 based on 6 critics, indicating ""mixed or average reviews"".",directAnswer
hobby_level3_dial24,6,Why is rotten tomatoes famous for movie reviews?,"I'm unable to find evidence that it is ""famous"" for reviews. Would you like to know about the history of Rotten Tomatoes , features or traffic?",noAnswerButRelevantInfo
hobby_level2_dial30,1,How did MEC get started?,"Would you like to know about the Mountain Equipment Co., The Minisrty of Education in Brazil, The Mountain East Conference or Multi-access edge computing?",clarification
hobby_level2_dial30,2,I don't want to know about any of the options you presented. I would like to know specifically about the Mountain Equipment Co-op.,"In 1971, four members of the University of British Columbia Varsity Outdoor Club conceived the idea of a mountain climbing equipment co-op when a snowstorm stranded them on Mount Baker in Washington state. Other Varsity Outdoor Club members joined the plan and MEC was formed.",directAnswer
hobby_level2_dial30,3,What were some of the financial difficulties that MEC faced?,"Facing mounting financial losses in 2019 and during the COVID-19 pandemic in Canada, in September 2020, without consulting its membership, the board of directors of the co-operative entered into an agreement to sell its assets to Kingswood.",directAnswer
hobby_level2_dial30,4,Do you know any of the lenders MEC owes money to?,"Sorry, I did not find any useful information.",noAnswerNoRelevantInfo
hobby_level2_dial30,5,What was the cause of MEC's financial difficulties and sale of assets in 2020?,"As of September 14, 2020, MEC owed a syndicate of lenders $74 million. It had suffered loses and laid off 900 employees, in part because of the COVID-19 pandemic. On September 14, 2020, it was announced that MEC's assets, including the majority of its retail stores, would be acquired by private equity firm Kingswood Capital Management, LP in a deal under the federal Companies' Creditors Arrangement Act.",directAnswer
hobby_level2_dial30,6,Can you describe the leadership of MEC ?,Do you want to know the names of the past CEOs or the Board Chairs?,clarification
top25_dial58,1,What event marked the end of the War in Afghanistan in 2021?,"The United States and the Taliban signed a peace deal in February of 2020. This required the US troops to withdraw from the region, which occurred on August 31, 2021.",directAnswer
top25_dial58,2,How long did the War in Afghanistan last?,The War in Afghanistan was a conflict that took place from 2001 to 2021 in the South-Central Asian country of Afghanistan. It began with the invasion of Afghanistan and removal of the Taliban-ruled Islamic Emirate and ended with the Taliban regaining power after a nearly 20-year-long insurgency against allied NATO and Afghan Armed Forces.,directAnswer
top25_dial58,3,Why did the United States invade Afghanistan?,"George W. Bush demanded that the Taliban extradite Osama bin Laden for masterminding the September 11, 2001 attacks. They refused, leading to the invasion of Afghanistan.",directAnswer
top25_dial58,4,What war crimes were committed by the Taliban?,"The Taliban have committed a number of war crimes over different times and incidents, do you wish to know more about the military takeover of Mazar-i-Sharif,  the massacres they've carried out in May 2000 to January 2001, the terrorism according to the Afghanistan Independent Human Rights Commission, the allegation from NATO or something else like during the Panjshir conflict?",clarification
top25_dial58,5,Were the US and the allies also accused of war crimes in Afghanistan?,"An International Criminal Court (ICC) investigation in Afghanistan was authorised to proceed in 2020, concerning  war crimes and crimes against humanity committed since 1 May 2003, in the context of the war in Afghanistan by the Afghan National Security Forces, and war crimes committed in Afghanistan, Poland, Romania and Lithuania by United States Armed Forces and the United States Central Intelligence Agency (CIA).",directAnswer
top25_dial58,6,Who was the most famous leader tried for War crimes by the ICC?,"There have been a number of leader indicted but nothing on who was the most famous. Would you like to know more about tried leaders such as Muammar Gaddafi, Germain Katanga, Tohami Khaled, or Joshua Sang?",clarification
top25_dial58,7,Tell me more about Joshua Sang.,"Joshua Arap Sang, born in Kitale, Trans-Nzoia District, Kenya, is the current head of Radio Emoo fm and acting head of radio stations at mediamax ltd in Nairobi, Kenya. With Sang indicted by the International Criminal Court for five charges of crimes against humanity committed during the 2007–2008 Kenyan crisis on March 8, 2011 and alleged to have committed these crimes against PNU supporters, an ICC Pre-Trial Chamber summoned him to appear before the court on April 7, 2011, together with William Ruto and Henry Kiprono Kosgey, but the ICC charges against Ruto and Sang were dropped in April 2016.",directAnswer
hobby_level1_dial8,1,When did cosplaying become popular?,"The Japanese term ""cosplay"" (コスプレ, kosupure) was coined in 1984. A rapid growth in the number of people cosplaying as a hobby since the 1990s has made the phenomenon a significant aspect of popular culture in Japan, as well as in other parts of East Asia and in the Western world.",directAnswer
hobby_level1_dial8,2,Which country hosts the largest cosplay convention?,Japan's Comic Market (Comiket) is the single largest event with cosplay.,directAnswer
hobby_level1_dial8,3,What's the biggest cosplay event in the US?,"I don't have the direct answer as to the biggest cosplay event in the US, but the highest-attended fan conventions featuring cosplayers are the San Diego Comic-Con, New York Comic Con, and Anime Expo in Los Angeles.",noAnswerButRelevantInfo
top25_dial32,1,Did Kathleen Ledecky win any medals in the Tokyo 2020 Olympics?,"Yes, she won two gold medals and two silver medals at the Tokyo 2020 Olympics.",directAnswer
top25_dial32,2,Could you tell me about any records she holds?,"She holds the fastest-ever times in the women's 500-, 1000-, 1500-, and 1650-yard freestyle events, and is the world record holder in the women's 400-, 800-, and 1500-meter freestyle (long course).",directAnswer
top25_dial32,3,What is her best record in 1500 meter freestyle event?,"Her personal best record in 1500 meter freestyle is 15:20.48 at 2018 TYR Pro Swim Series – Indianapolis in May 16, 2018.",directAnswer
top25_dial32,4,What was the previous world record before Ledecky broke the record in the 1500 meter freestyle?,Ledecky was herself the previous record holder. She broke her own record by five seconds.,directAnswer
top25_dial32,5,What are some of Ledecky's other personal bests?,She set the new championship record in the 800 meter freestyle at the 2021 U.S. Open Championships as well as the new championship record for the 400 meter freestyle. She also set two championship records in the 200 meter freestyle.,directAnswer
top25_dial32,6,Did Ledecky ever set an Olympic world record?,"Yes, Kathleen Ledecky set an Olympic record of 3:58.71 in the 400-meter freestyle qualifier at the 2016 Summer Olympics, which she proceeded to break in competition and win gold medal with a time of 3:56.46. She also set a world record in the 800-meter freestyle at the 2016 Summer Olympics, with a time of 8:04.79.",directAnswer
food_level1_dial5,1,What process is used to make olive oil?,Olive oil extraction is the process of separating the oil from the other fruit contents (vegetative extract liquid and solid material).,directAnswer
food_level1_dial5,2,Where was olive oil first made?,"The earliest surviving olive oil amphorae date to 3500 BC (Early Minoan times), in the area of Crete, though the production of olive oil is assumed to have started before 4000 BC.",directAnswer
food_level1_dial5,3,What are the health benefits of olive oil?,"Olive oil acts as an antioxidant, can be used to maintain normal LDL-cholesterol levels, and contains Vitamin E and Vitamin K. Increased consumption of olive oil has also shown to reduce the risk of mortality, cardiovascular events and stroke.",directAnswer
food_level1_dial5,4,Does olive oil consumption lead to any negative health outcomes?,"To the contrary, a 2014 meta-analysis concluded that increased consumption of olive oil was associated with reduced risk of all-cause mortality, cardiovascular events and stroke, while monounsaturated fatty acids of mixed animal and plant origin showed no significant effects.",directAnswer
food_level1_dial5,5,Which countries consume the most olive oil?,"San Marino has by far the largest per capita consumption of olive oil worldwide, around 24 L; of olive oil per person per year; Greece, Spain and Italy, around 14 L; Tunisia, Portugal, Syria, Jordan and Lebanon, around 8 L; Israel, around 3.5 L.",directAnswer
food_level1_dial5,6,"On the topic of olive oil, can you tell me some differences between it and canola oil?","Olive oil is a liquid fat obtained from olives produced by pressing whole olives and extracting the oil. Canola oil is a vegetable oil derived from a variety of rapeseed that is low in erucic acid, as opposed to colza oil.",directAnswer
top25_dial11,1,Who produced the 34th annual Royal Rumble?,the 34th annual Royal Rumble was produced by the WWE.,directAnswer
top25_dial11,2,Which wrestlers were featured in the 34th annual Royal Rumble pre-show?,The pre-show featured Raw Women's Champion Asuka and Charlotte Flair against Nia Jax and Shayna Baszler. Ric Flair and Lacey Evans also made an appearance in the event.,directAnswer
top25_dial11,3,Which female wrestler pair won the match in the 34th annual Royal Rumble pre-show?,Raw Women's Champion Asuka and Charlotte Flair defended the WWE Women's Tag Team Championship against Nia Jax and Shayna Baszler during the Royal Rumble Kickoff pre-show.,directAnswer
top25_dial11,4,What happened in the Raw Aftermath?,"On the RAW aftermath, Asuka & Charlotte lost a triple threat tag-team match for an opportunity for a rematch for the tag-team titles against Dana Brooke & Mandy Rose and eventual winners Naomi & Lana.",directAnswer
top25_dial11,5,Whatever happened with Asuka & Charlotte Flair at the Raw Aftermath?,"Following Raw, former WWE Women's Tag Team Champions Asuka & Charlotte Flair participated in a triple threat tag team match to earn an opportunity at a rematch for the titles against new champions Nia Jax & Shayna Baszler, which also involved the teams of Naomi & Lana and Dana Brooke & Mandy Rose.",directAnswer
top25_dial11,6,Is WWE still a major player in wrestling?,"Yes, it, along with All Elite Wrestling (AEW), Impact Wrestling, Ring of Honor (ROH), Major League Wrestling (MLW), and the National Wrestling Alliance (NWA), are seen as the most prominent promotions in the United States.",directAnswer
food_level3_dial7,1,What companies were included in the horse meat scandal?,"Many companies were involved in the horse meat scandal. The four most prominent ones were ABP Food Group, Spanghero, Comigel, and HJ Schypke.",directAnswer
food_level3_dial7,2,What countries were involved in the scandal?,"Would you like to know about the countries involved in the horse meat scandal for ABP Food Group, Spanghero, Comigel, or HJ Schypke?",clarification
food_level3_dial7,3,Tell more about the France scandal!,"French meat processing company À la Table de Spanghero relabelled correctly labelled horse meat from Romania as beef and sold it to Comigel, another French company.",directAnswer
food_level3_dial7,4,What was the French governments response to the Scandal?,"France's Consumer Affairs Minister Benoit Hamon warned it ""will not hesitate"" to take legal action if there is evidence companies had knowingly duped consumers, but I don't have any information on what other responses French government had.",noAnswerButRelevantInfo
food_level3_dial7,5,What were the implications for religious groups stemming from the horse meat scandal?,Observant Jews consider it sinful to eat horse due to religious prohibitions.,directAnswer
food_level3_dial7,6,Why do they consider it a sin to consume pig?,"The Jewish faith follows what is written in the Torah which lists the animals that people are permitted to eat. As for Islamic law, the Quran features verses that state that the flesh of swine is not consecrated with the Name of God and are not to be consumed.",directAnswer
hobby_level2_dial31,1,How did Ansel Easton Adams get started in photography?,"As a youth, Adams avidly read photography magazines, attended camera club meetings and went to photography and art exhibits.",directAnswer
hobby_level2_dial31,2,What type of photographs was Ansel Easton Adams most famous for?,Ansel Adams was known for his black and white images of the American West.,directAnswer
hobby_level2_dial31,3,Explain the zone system method developed by Ansel Adams.,"Based on 19th century studies, the Zone System provides photographers with a systematic method of precisely defining the relationship between the way they visualize the photographic subject and the final results.",directAnswer
hobby_level2_dial31,4,What other famous photographers have used the Zone method?,"Sorry, I did not find any useful information.",noAnswerNoRelevantInfo
hobby_level2_dial31,5,That's fine. Can you instead tell me what are Ansel Adam's most famous photographs?,"I couldn't find the information you are requesting, but I did find that an archive of Adams's work is located at the Center for Creative Photography at the University of Arizona in Tucson. Numerous works by the artist have been sold at auction, including a mural-sized print of Clearing Winter Storm, Yosemite National Park, which sold at Sotheby's New York in 2010 for $722,500, the highest price ever paid for an original Ansel Adams photograph.",noAnswerButRelevantInfo
hobby_level2_dial31,6,Who bought the most famous Ansel Adams photograph?,"I couldn't find a definitive answer to what his most famous work was, so I couldn't tell you who bought it.  I do know three of his most famous works are Clearing Winter Storm, Monolith, the Face of Half Dome, and Moonrise, Hernandez, New Mexico if you'd like to hear about any of those?",noAnswerButRelevantInfo
hobby_level1_dial9,1,What is the primary benefit of using models in wargaming?,"The primary benefit of using models is aesthetics, though in certain wargames the size and shape of the models can have practical consequences on how the match plays out.",noAnswerButRelevantInfo
hobby_level1_dial9,2,"I'd like to know about the use of models in leisure activities, such as board games.","Sorry, I did not find any useful information.",noAnswerNoRelevantInfo
hobby_level1_dial9,3,How is miniature wargaming used in roleplaying games?,Two new trends in wargaming emerged in the 1960's and 1970's: small-unit rules sets and and interest in fantasy miniatures wargaming. These two converged and the role-playing game hobby quickly became distinct from the wargaming hobby.,noAnswerButRelevantInfo
hobby_level1_dial9,4,Are models painted?,"After assembling the model, the player should then paint it to make it more presentable and easier to identify on the game table. The time and skill involved in assembling and painting models deters some people from miniature wargaming.",directAnswer
hobby_level1_dial9,5,"I see. Can you explain to me what the difference between a miniature model and a scale model is, then?","Actually, miniature models are scale models. They're used in many fields and while the purposes may differ, they are all based on the same principles and meet the same general requirements to be functional.",directAnswer
hobby_level1_dial9,6,Is there a maximum size can a model be to be considered a miniature still?,"In miniature wargaming, miniature models can be anywhere from 2 mm to 54 mm in height.",directAnswer
food_level3_dial11,1,The word asphalt is derive from what word in ancient Greek?,The word asphalt  is derived from the Ancient Greek ἄσφαλτος ásphaltos.,directAnswer
food_level3_dial11,2,When was asphalt first used and for what purpose?,"Asphalt was first used for waterproofing, and as an adhesive dating at least to the fifth millennium BC, with a crop storage basket discovered in Mehrgarh, of the Indus Valley Civilization, lined with it.",directAnswer
food_level3_dial11,3,What country has the largest known reserve of natural asphalt?,"Canada has the largest reserves of asphalt in the world, particularly the province of Alberta.",directAnswer
food_level3_dial11,4,What are some alternatives to asphalt?,"Alternatives to asphalt include concrete, gravel, cobblestone and granite, but most of these have been superseded by asphalt. Asphalt itself can be made in a number of ways however, such as rubberized asphalt made from used tires, nonpetroleum-based renewable resources like sugar, molasses, rice, corn and potato starches, or even used motor oil.",directAnswer
food_level3_dial11,5,What is the difference between asphalt and concrete?,"Asphalt is a sticky, black, highly viscous liquid or semi-solid form of petroleum that is used as a glue or binder when mixed with aggregates, while concrete itself is a composite material that is composed of fine and coarse aggregate and can be mixed with asphalt.",directAnswer
food_level3_dial11,6,Does asphalt have any advantages over concrete or vice versa?,"There is a term called urban heat island (UHI) which describes how urban areas are significantly warmer than surrounding land, due to things like the concentration of roads and pavement. However, between the two concrete contributes less to the to UHI than asphalt does.",directAnswer
top25_dial59,1,What limitations do the Eternals have?,Would you like to know about physical or mental limitations?,clarification
top25_dial59,2,I would like to know about the Eternals' physical limitations.,"If Eternals attempt to attack their Celestial ""masters"", whether intentionally or accidentally, their body shuts down.",directAnswer
top25_dial59,3,"Why can't they attack their Celestial ""masters""?","The eternals are programmed to have the limitation to their powers, and any attempt to attack a Celestial will shut down the body of the attacking Eternal.",directAnswer
top25_dial59,4,Has there been a film adaptation of the Eternals?,"Yes, the Eternals is a 2021 American superhero film from Marvel Studios. It premiered on October 18, 2021 and had its U.S. release on November 5.",directAnswer
top25_dial59,5,Was The Eternals recognized for any awards?,The film was given the Seal of Authentic Representation from the Ruderman Family Foundation. The Seal is given to movies and television series that feature actors with disabilities that have at least five lines of dialogue.,directAnswer
top25_dial59,6,"Oh cool, who had a disability in that film?",The actor in question was Lauren Ridloff. She played the first deaf superhero in the MCU.,directAnswer
food_level1_dial6,1,What type of fungus is used in the fermentation of soybeans to make tempeh?,Rhizopus oligosporus or Rhizopus oryzae is used to ferment soybeans.,directAnswer
food_level1_dial6,2,How does Rhizopus oligosporus differ from Rhizopus oryzae?,Rhizopus oryzae differs from Rhizopus oligosporus by its larger columellae and sporangiospores.,directAnswer
food_level1_dial6,3,What are the nutritional aspects of tempeh?,"Tempeh is 60% water, 20% protein, 8% carbohydrates, and 11% fats. In a reference amount of 100 grams (3.5 oz), tempeh supplies 192 calories, and is a rich source of several B vitamins and dietary minerals, such as riboflavin (30% DV) and manganese (62% DV).",directAnswer
food_level1_dial6,4,How is tempeh made?,"Tempeh is made by a natural culturing and controlled fermentation process that binds soybeans into a cake form, where soybeans are being softened by soaking, and dehulled, then partly cooked, and are then allowed to ferment  for 24 to 36 hours at a temperature around 86°F. After rapid mold growth happening for around 4 hours and soybeans being bound into a solid mass by the mycelium, tempeh is harvested after 48 hours of fermentation with its distinguishable whitish color, firm texture, and nutty flavor.",directAnswer
food_level1_dial6,5,Was there any questions about Tempeh's origins?,It's almost certain that tempeh originated in Indonesia in central or east Java.,directAnswer
food_level1_dial6,6,Yes that what I was asking for.,"Chinese Indonesian historian Ong Hok Ham suggests that tempeh might have been produced as a byproduct of tahu, the Indonesian word for tofu. Murdijati Gardjito, a food historian at Gadjah Mada University, argued that tempeh was made by native Javanese people, and that its preparation predates the introduction of Chinese-style tofu products.",directAnswer
hobby_level2_dial32,1,What other countries is Little League Baseball popular in?,"Which International Bracket would you like to know about: Asia, Australia, Canada, Carribean, Europe and Africa, Japan, Latin America or Mexico?",clarification
hobby_level2_dial32,2,I would like to know about the International Bracket in Asia.,"Sorry i didn't find the answer but i found Taiwan dominated the series from 1969 to 1991, winning 15 out of 23 years.",noAnswerButRelevantInfo
hobby_level2_dial32,3,What team did Taiwan face in the finals in 1991?,"Taiwan's opponent was the San Ramon Valley Little League team of Danville, California, which they competed against in the final game of the 45th Little League World Series.",directAnswer
hobby_level2_dial32,4,"Ah, I see. Well then, can you tell me when the San Ramon Valley Little League of Danville was first founded?","Sorry, I did not find any useful information.",noAnswerNoRelevantInfo
hobby_level2_dial32,5,What are the rules regarding substitutions in Little League?,"The substitution rule state that players who have been substituted may return to the game under certain conditions, though a player who is removed as pitcher may not return to pitch.",directAnswer
hobby_level2_dial32,6,What are the conditions for substituting a player back in?,"I don't have any additional info about the substitution conditions other than for the pitcher, who once removed, cannot return as a pitcher.",noAnswerButRelevantInfo
food_level3_dial12,1,What kind of pollutants are found in water?,"Common pollutants found in water include pathogens, non-biodegradable organic matter, persistent organic pollutants, and inorganic water pollutants. Which type of pollutant would you like to know more of?",clarification
food_level3_dial12,2,I would like to learn more about pathogen pollutants in water.,"There are many waterborne pathogens such as protozoa, bacteria, virus, and various metazoan parasites. Which of these would you like to know more about?",clarification
food_level3_dial12,3,Tell more above the protozoa pathogen please?,"Many protozoa are intestinal parasites, or they invade the tissues or circulatory system through walls of the digestive tract.",directAnswer
food_level3_dial12,4,What protozoa pathogens cause malaria?,Malaria is caused by single-celled micro-organisms of the Plasmodium group.,directAnswer
food_level3_dial12,5,Which country has the best quality of water?,"Sorry, I did not find any useful information.",noAnswerNoRelevantInfo
food_level3_dial12,6,Tell me more about Europe!,"Routine inspection and, where required, enforcement is enacted by means of penalties imposed by the European Commission on non-compliant nations. Would you like to know about the parametric standards included in the Drinking Water Directive?",clarification
food_level3_dial12,7,"Yes, please tell me something about the parametric standards included in the Drinking Water Directive.","The following parametric standards are included in the Drinking Water Directive and are expected to be enforced by appropriate legislation in every country in the European Union. 
Acrylamide 0.10 μg/l
Antimony 5.0 μg/l
Arsenic 10 μg/l
Benzene 1.0 μg/l
Benzo(a)pyrene 0.010 μg/l
Boron 1.0 mg/l
Bromate 10 μg/l
Cadmium 5.0 μg/l
Chromium 50 μg/l
Copper 2.0 mg/l
Cyanide 50 μg/l
1,2-dichloroethane 3.0 μg/l
Epichlorohydrin 0.10 μg/l
Fluoride 1.5 mg/l
Lead 10 μg/l
Mercury 1.0 μg/l
Nickel 20 μg/l
Nitrate 50 mg/l
Nitrite 0.50 mg/l
Pesticides 0.10 μg/l
Pesticides - Total 0.50 μg/l
Polycyclic aromatic hydrocarbons 0.10 μg/l Sum of concentrations of specified compounds;
Selenium 10 μg/l
Tetrachloroethene and Trichloroethene 10 μg/l Sum of concentrations of specified parameters
Trihalomethanes — Total 100 μg/l Sum of concentrations of specified compounds
Vinyl chloride 0.50 μg/l.",directAnswer
food_level3_dial8,1,How has hemp been used historically for industry in the United States?,"Hemp has been used in the United Sates to produce rope, fabric, canvas, and military uniforms as early as the 18th century.",directAnswer
food_level3_dial8,2,Interesting! Where did hemp first come from?,"I'm not sure the exact location where hemp originated, as it's one of the earliest plants to have ever been cultivated. There are records from 8000BC showing its usage for textiles in Japan and China, though historians think it was likely used for other purposes long before that.",noAnswerButRelevantInfo
food_level3_dial8,3,What country is the biggest producers of hemp currently?,China is the biggest producer of hemp with 70% of global output.,directAnswer
food_level3_dial8,4,What countries allow legal recreational cannabis use?,"Some states of the United States have legalized or allows cannabis use such as Washington and Colorado. Uruguay in 2013 became the first country to legalize cannabis use and Canada followed in 2018, India and Sri Lanka also allows it in the context of traditional culture.",directAnswer
food_level3_dial8,5,What was the first state in the USA to legalize cannabis?,"In 1973 Oregon became the first state to decriminalize cannabis, and in 2012 Colorado and Washington became the first states to legalize recreational use. In 1996, California became the first state to legalize the medical use of cannabis.",directAnswer
food_level3_dial8,6,What's the difference between the term Cannabis and Marijuana?,"Cannabis has many different names, including more than 1,200 slang terms, and more than 2,300 names for individual strains. Some jurisdictions define ""marijuana"" as the whole cannabis plant or any part of it, while others refer to ""marijuana"" as a portion of the cannabis plant that contains high levels of tetrahydrocannabinol (THC).",directAnswer
food_level1_dial7,1,When the shell of Cacao bean is removed is called what?,The pieces of beans removed from the shells are called nibs.,directAnswer
food_level1_dial7,2,I think you misunderstood my question. I'm interested in what the process of removing the shells is called.,"The Cacao beans are cracked and then deshelled by a ""winnower"", his is called winnowing. The resulting pieces of beans are called nibs.",directAnswer
food_level1_dial7,3,What kind of drinks is chocolate used in?,"Would you like to know about general chocolate drinks, liqueur or Mexican chocolate beverages?",clarification
hobby_level2_dial33,1,What color is Marsupilami?,The marsupilami is yellow with black-spots.,directAnswer
hobby_level2_dial33,2,Has the Marsupilami's appearance been consistent as it's appeared in the comics over the years?,It has been depicted in at least eight different specimens and multiple fur colors.,directAnswer
hobby_level2_dial33,3,Black and yellow which's to be h is color. Why type of animal species is Marsupilami?,Marsupilami is a fictional animal species that André Franquin created.,directAnswer
hobby_level2_dial33,4,Which movies has Marsupilami been featured in?,"Marsupilami was featured in Sur la piste du Marsupilami (On the Trail of the Marsupilami) is a live-action, computer-animated, comedy adventure film directed by Alain Chabat and released in 2012.",directAnswer
hobby_level2_dial33,5,Was Marsupilami a very popular comic book character?,"Yes, since 1952 it appeared regularly in the popular Belgian comics series Spirou & Fantasio, as a pet of the main characters. In the late 1980s, another character of the same species, distinct from the pet Marsupilami owned by Spirou and Fantasio, got its own successful spin-off series of comic albums entitled Marsupilami, written by Greg, Yann, and Dugomier, and drawn by Batem.",directAnswer
hobby_level2_dial33,6,What's this comic book ever made to a movie?,"Yes, Sur la piste du Marsupilami  or On the Trail of the Marsupilami was a live-action, computer-animated, comedy adventure and released in 2012.",directAnswer
food_level3_dial13,1,What is the size range of Pangolins?,Pangolins species range in size from 30 to 100 cm (12 to 39 in).,directAnswer
food_level3_dial13,2,Thank you! What's the normal lifespan of a Pangolin?,"Sorry that I didn't find the answer, but I found that Pangolins raise their offspring for about two years.",noAnswerButRelevantInfo
food_level3_dial13,3,Are pangolins a threat to humans?,"I could not find anything regarding pangolins as being a threat to humans, but during the COVID pandemic there was a misconception that pangolins were a possible source of the the COVID-19 virues, but this was later proven false.",noAnswerButRelevantInfo
food_level3_dial13,4,What conservation efforts are being made for Pangolins?,"Efforts center around disrupting pangolin trafficking, breeding, raising awareness, and establishing conservation grounds. Which of these efforts would you like to hear more about?",clarification
food_level3_dial13,5,Please tell me more about pangolin trafficking.,"Wildlife conservation group TRAFFIC has identified 159 smuggling routes used by pangolin traffickers, and the Counting Pangolins movement was launched in 2018, calling for joint efforts to save the mammals from trafficking. There are also efforts made to disrupt the smugglers' profits by interrupting money flows.",directAnswer
food_level3_dial13,6,What kind of medicinal properties are their scales believed to have?,"They believe pangolin scales dissolve blood clots, promote blood circulation, or help lactating women secrete milk.",directAnswer
food_level2_dial24,1,What are some traditional Danish Christmas dishes?,Would you like to know about Christmas dinner or lunch?,clarification
food_level2_dial24,2,I would like to know more about traditional Danish Christmas dishes typically served at dinner time.,"A traditional Christmas Eve dinner in Denmark consists of either roast pork, roast duck, roast goose, along with potatoes, caramelized potatoes, red cabbage and plenty of brown gravy.",directAnswer
food_level2_dial24,3,Which Danish dishes are common for breakfast?,"The basic Danish breakfast consists of coffee, or tea, and rye bread, white bread, or rolls with cheese or jam. On weekdays, various cereals, such as corn flakes, muesli or rolled oats, are often served for breakfast with just cold milk and sugar.",directAnswer
food_level2_dial24,4,What are some popular Danish street foods?,Street food has made an enormous impact on the way Danes eat. Do you want to know about hot dog vans or social dinning food?,clarification
food_level2_dial24,5,I'd like to know more about hot dog vans.,"The pølsevogn (lit. sausage wagon) food truck is a well-established common fast food option and the ""original"" street food outlet in Denmark. They serve a variety of pork sausages, including Denmark's renowned red sausages, røde pølser.",directAnswer
food_level2_dial24,6,What is red sausage composed off?,"Rød pølse is a pork sausage of the Vienna type, those being traditionally made of pork and beef in a casing of sheep's intestine.",directAnswer
food_level3_dial14,1,What sort of flavor does a leek have?,"A leek is a crunch, firm vegetable, with an onion-like taste.",directAnswer
food_level3_dial14,2,What is a common non-culinary use for the leek?,"The leek has cultural significance in Wales and is worn on St. David's Day, though there are conflicting reports as to why the leek is important to Wales. The leek is most visible as the cap badge of the Welsh guards.",directAnswer
food_level3_dial14,3,What is the active ingredient in leek useful for medicinal purposes?,"Unfortunately, I cannot find the answer to that.  I can tell you the Ojibwa used it as an emetic and the Iroquios used it to treat worms in children.",noAnswerButRelevantInfo
food_level3_dial14,4,What is the best way to store onions or leeks?,"I did not find information about leeks but cooking onions and sweet onions are better stored at room temperature, optimally in a single layer, in large mesh bags in a dry, cool, dark, well-ventilated location.",noAnswerButRelevantInfo
food_level3_dial14,5,What are some health benefits of onions in general?,"Onions contain quercetin, a plant pigment which has antioxidant properties in vitro. Studies in Japan and China concluded that onions can reduce oxidative stress.",directAnswer
food_level3_dial14,6,Are onion pills available to take as a supplement to reduce oxidative stress?,I couldn't find information on onion pills or their availability but the Chinese study said that onion juice can reduce oxidative stress.,noAnswerButRelevantInfo
top25_dial33,1,"Other than Shang-Chi, what other characters has Steve Englehart created?",Two other characters created by Englehart are Mantis and Star-Lord.,directAnswer
top25_dial33,2,What country is Shang-chi's largest fandom in?,"Would you like to know about the comic book character, the Marvel Cinematic Universe character, or the Legends of the Ten Rings character?",clarification
top25_dial33,3,What's the latest estimate of the total revenue made by Shang Chi in the US?,"I don't have the information on the total revenue made by Shang Chi from all sources, but based on Deadline Hollywood projection, the film would've made $250 million from the total domestic box office.",noAnswerButRelevantInfo
top25_dial33,4,"Was the films revenue higher for box office sales, or digital rentals.","I could not find the exact answer but according to The Numbers, it sold a combined 274,482 DVD and Blu-ray units in the first week for a revenue of $5.2 million and it sold 143,178 units for $2.7 million in the second week.",noAnswerButRelevantInfo
top25_dial33,5,Are there any plans for a Shang-Chi sequel?,"A sequel is currently in development, with Cretton set to return as writer and director, and Liu was expected to reprise his role.",directAnswer
top25_dial33,6,When will filming of the sequel begin?,"Sorry, I did not find any useful information.",noAnswerNoRelevantInfo
hobby_level3_dial26,1,What is considered an incomplete formation in association football?,A formation is considered to be incomplete when a player leaves the field of play and no substitute is put in their place.,directAnswer
hobby_level3_dial26,2,Can you tell me about some of the earliest formations?,"A number of early formations existed, the first international game saw the English team use a 1-1-8 or 1-2-7 while Scotland used 2-2-6. The first succesful formation recorded in 1880, the Pyramid was a 2-3-5, a metodo, a derivation of the Danubian school, which was a modified 2-3-5, used 2-3-2-3 and there was also the WM, which used a 3-2-5, 3-4-3, or more accurately, a 3-2-2-3.",directAnswer
hobby_level3_dial26,3,I'm interested in knowing about the one played by England against Scotland.,"England played with seven or eight forwards in a 1–1–8 or 1–2–7 formation, that is, one player would remain in defense, picking up loose balls, and one or two players would hang around midfield and kick the ball upfield for the other 8 or 7 forwards to chase.",directAnswer
hobby_level3_dial26,4,What are some modern formations?,"There are many common modern formations, with the 4-4-2 being the most common in football in the 1990s and early 2000s. Are you interested in learning more about narrow formations or wide formations?",clarification
hobby_level3_dial26,5,I'm interested in learning more about wide formations.,"Teams with many forwards and wingers can adopt wide formations such as 4–2–3–1, 3–4–3 and 4–3–3, which commit forwards and wingers high up the pitch, causing defending team to cover more ground.",directAnswer
hobby_level3_dial26,6,"When is this –2–3–1, 3–4–3 and 4–3– typically deployed during the game?",These wide formations allow the attacking team to stretch play and cause the defending team to cover more ground. Teams may use these formations when chasing a game for a desirable result.,directAnswer
top25_dial35,1,How did Princess Margaret die?,"Would you like to know about the Princess from Denmark, Prussia,   Connaught, or the Countess of Snowdon?",clarification
top25_dial35,2,How did the Princess of Denmark die in 1992?,"I was unable to find a specific mention of her cause of death but she died on September 18,1992 just one day after her 97th birthday presumably of natural causes.",noAnswerButRelevantInfo
top25_dial35,3,What kind of charity acts did Princess Margaret take part in?,"Sorry, I did not find any useful information.",noAnswerNoRelevantInfo
top25_dial35,4,Who was Princess Margaret married to?,"She married a Catholic prince, her mother's relative, Prince René of Bourbon-Parma (Schwarzau, 17 October 1894 – Hellerup, Copenhagen, 30 July 1962) on 9 June 1921 at Sacred Heart of Jesus Church in Copenhagen. Prince René of Bourbon-Parma was the seventh surviving son of Robert I, Duke of Parma, and his second wife, Infanta Maria Antonia of Portugal.",directAnswer
top25_dial35,5,What kind of legacy did Princess Margaret leave bhind?,"Sorry, I did not find any useful information.",noAnswerNoRelevantInfo
food_level1_dial8,1,What does the pickling process do to food?,"Pickling a food item is a way of preserving, or extending the shelf-life of food. This is achieved by causing a pH of 4.6 or lower, which kills most bacteria.",directAnswer
food_level1_dial8,2,What are some popular pickled foods in Asia?,"Would you like to know more about pickled foods in South Asia, Southeast Asia, East Asia, or Western Asia? All these areas have a wide variety of pickled foods.",clarification
food_level1_dial8,3,Tell me more about pickled foods in Southeast Asia.,"Singapore, Indonesian and Malaysian pickles are called acar and made out of cucumber, carrot, bird's eye chilies, and shallots, these items being seasoned with vinegar, sugar and salt. Philippines and Vietnamese has popular pickling of fruits and vegetables as well.",directAnswer
food_level1_dial8,4,What are some common pickled food items from Europe?,"Would you like to know about pickled foods in Hungary , Romania or Poland?",clarification
food_level1_dial8,5,I want to know about pickled foods in Hungary.,"Pickled foods common in Hungarian cuisine include sour-cabbage, soured peppers, gherkins, and a mix of cauliflower, green tomatoes, baby water melon, and other vegetables.",directAnswer
food_level1_dial8,6,Tell me more about pickled sour cabbage?,"It is the most common pickled food and called savanyú káposzta, or sour-cabbage (sauerkraut).",directAnswer
food_level3_dial9,1,How many tribes did Israel have?,"According to Hebrew scriptures, Israel had twelve tribes.",directAnswer
food_level3_dial9,2,Can you tell me how the ten lost tribes were lost?,The tribes were lost when they separated from the twelve after being exiled from the Kingdom of Jerusalem.,directAnswer
food_level3_dial9,3,Who are the remaining two tribes of Israel?,"The tribes of Judah and Benjamin were not exiled. According to the Jewish historian Josephus (37–100 CE)  ""there are but two tribes in Asia and Europe subject to the Romans, while the ten tribes are beyond Euphrates till now, and are an immense multitude, and not to be estimated by numbers"".",directAnswer
food_level3_dial9,4,How many known translations are there for V'Zot_HaBerachah?,"The Tora has been translated into many dialects, including Aramaic, Greek, Latin and Arabic. Are you interested in any of these?",clarification
food_level3_dial9,5,Can you tell me about the Twelve Tribes of Israel?,"The Twelve Tribes of Israel are the descendants of the biblical patriarch Jacob through his twelve sons. Listed in order from oldest to youngest, they are: Reuben, Simeon, Levi, Judah, Dan, Naphtali, Gad, Asher, Issachar, Zebulun, Joseph, and Benjamin.",directAnswer
food_level3_dial9,6,What are some other examples of a founding myth?,"Other famous founding myths include the founding of the Zhou dynasty, the founding of Rome by Romulus and Remus, and the Scythian founding myth. Which would you like to learn more of?",clarification
hobby_level2_dial1,1,What type of birth certificate did Obama release in April 2011?,In April 2011 a certified copy of Obama's original Certificate of Live Birth (or long-form birth certificate) was released as well as a birth announcements published in Hawaii newspapers.,directAnswer
hobby_level2_dial1,2,Why did people want his birth certificate?,"People wanted to know where he was born, as they believed he was not eligible to be the President of the United States because they thought he was not a natural-born citizen.",directAnswer
hobby_level2_dial1,3,What made people think that Barrack Obama was not a natural-born US citizen?,"In 1991, Obama's literary agency, Acton & Dystel, printed a promotional booklet which misidentified Obama's birthplace, and stated that Obama was ""born in Kenya and raised in Indonesia and Hawaii"". The rumor surfaced again in 2008, in an NPR article that referred to ""Kenyan-born"" Senator Barack Obama.",directAnswer
hobby_level2_dial1,4,Why did he not address the error when it was first made?,"I couldn't find a direct answer to that questions, but I did find that the editor of the promotional booklet said that the incorrect information was her mistake. Then in 2008 Obama's campaign responded to the rumors by posting an image of his birth certificate online.",noAnswerButRelevantInfo
hobby_level2_dial1,5,Do you know who the editor who made that mistake was?,"I couldn't find a direct answer but the editor was working with Acton & Dystel, Obama's literary agency.",noAnswerButRelevantInfo
hobby_level2_dial1,6,"Oh, okay. Well, do you know of any American politicians who actually were born in Kenya?","Elizabeth Furse was born in Kenya, and she was the first naturalized U.S. citizen born in Africa to win election to the United States Congress. She served as a democrat in the United States House of Representatives from 1993 to 1999.",directAnswer
food_level1_dial9,1,Vinegar contains 5-8 percent by volume of what type of acid?,Vinegar typically contains 5–8% acetic acid by volume.,directAnswer
food_level1_dial9,2,What is the difference between balsamic vinegar and malt vinegar?,"Traditional vinegars are made by fermenting alcohol (wine, in the case of wine vinegar; cider for cider vinegar, and an ale made from malted barley in the case of malt vinegar). Balsamic vinegar is made wholly or partially from grape must: freshly crushed grape juice with all the skins, seeds and stems.",directAnswer
food_level1_dial9,3,What are some common fruit vinegars used today?,"Common flavors of fruit vinegar include apple, blackcurrant, raspberry, quince, and tomato.",directAnswer
food_level1_dial9,4,"What does the ""mother"" refer to in vinegars?","Mother of vinegar is a biofilm composed of a form of cellulose and acetic acid bacteria that develops on fermenting alcoholic liquids, which turns alcohol into acetic acid with the help of oxygen from the air. It is added to wine, cider, or other alcoholic liquids to produce vinegar.",directAnswer
food_level1_dial9,5,Is vinegar considered a nutritious liquid at all?,"Are you interested in balsamic, distilled, red wine, or apple cider vinegar?",clarification
food_level1_dial9,6,I am interested in red wine.,"Distilled or red wine vinegar is 95% water, with no fat or protein. In a 100 mL (3+1⁄2 US fl oz) reference amount, distilled vinegar supplies 75 kJ (18 kcal) of food energy and no micronutrients in significant content.",directAnswer
top25_dial6,1,How did Thanksgiving get started?,Documented thanksgiving services in the United States were conducted by Spaniards and French in the 16th Century.,directAnswer
top25_dial6,2,What foods are commonly served at Canadian Thanksgiving?,"Some common foods served are turkey, roast beef, mashed potatoes, sweet potatoes, sweet corn, pumpkin pie, and yams.",directAnswer
top25_dial6,3,How did Thanksgiving get started in the United States?,"Documented thanksgiving services in territory currently belonging to the United States were conducted by Spaniards and the French in the 16th century. Nationally, Thanksgiving has been celebrated on and off since 1789, with a proclamation by President George Washington after a request by Congress, and the last Thursday of November was officially set as the day by Congress in 1942.",directAnswer
top25_dial6,4,Why was the last Thursday of November chosen for Thanksgiving?,"I couldn't find a direct answer, but Lincoln declared it for the last Thursday in November, and on June 28, 1870, President Ulysses S. Grant signed into law the Holidays Act that made Thanksgiving a yearly appointed federal holiday in Washington D.C. Under President Franklin D. Roosevelt, the date was moved to one week earlier, observed between 1939 and 1941 amid significant controversy, but from 1942 onwards, Thanksgiving, by an act of Congress, signed into law by FDR, received a permanent observation date, the fourth Thursday in November.",noAnswerButRelevantInfo
top25_dial6,5,How do people in the Philippines celebrate Thanksgiving?,Would you like to know about  how the Philippines celebrated Thanksgiving before or after the Japanese occupation during World War II?,clarification
top25_dial6,6,What caused the tradition of Thanksgiving to come back after it was previously dropped?,"Thanksgiving was celebrated in secret during the Japanese occupation in World War II, and continued until 1969 when it was revived by President Ferdinand Marcos, but the date was changed to September 21, when martial law was imposed on the country. After Marcos' ouster in 1986, the tradition was no longer continued, due to the controversial events that occurred during his long administration.",directAnswer
food_level3_dial15,1,What are a few examples of Cadbury products?,"Cadbury is known for its Dairy Milk chocolate, the Creme Egg, and the Roses selection box, among other candy products.",directAnswer
food_level3_dial15,2,What was Cadbury's first product?,"I'm not sure exactly what the first product was, but John Cadbury began selling tea, coffee, and drinking chocolate in 1824.",noAnswerButRelevantInfo
food_level3_dial15,3,How did Cadbury get its start?,"In 1824, John Cadbury, a Quaker, began selling tea, coffee and drinking chocolate in Bull Street in Birmingham, England. From 1831 he moved into the production of a variety of cocoa and drinking chocolates. Cadbury introduced his brand of the chocolate bar in 1849.",directAnswer
food_level3_dial15,4,Which international market earns Cadbury the highest revenue?,"I was not able to locate that information. However, I did find out that Cadbury is the market leader in the chocolate confectionery business in India with a market share of over 70%.",noAnswerButRelevantInfo
food_level3_dial15,5,What was the most popular Cadbury product of all time?,"Cadbury s known for its Dairy Milk chocolate, the Creme Egg and Roses selection box. Dairy Milk bar was launched in 1905 which was a production of exceptional quality.",directAnswer
food_level3_dial15,6,When were the Creme Eggs first released?,Cadbury creme eggs were first released in 1963.,directAnswer
top25_dial36,1,Who was the first coach for the Milwaukee Bucks?,Larry Costello was the first coach for the Milwaukee Bucks.,directAnswer
top25_dial36,2,Did he lead the team to any championship wins?,"Yes, Milwaukee Bucks won the championship in the post-season with a 4–0 sweep of the Baltimore Bullets under Costello's coaching.",directAnswer
top25_dial36,3,How much did herb kohl receive for selling the Bucks?,"On April 16, 2014, Kohl agreed to sell the Bucks for $550 million to New York-based billionaires Wesley Edens and Marc Lasry.",directAnswer
top25_dial36,4,Who is the current head coach for the Bucks?,Mike Budenholzer is currently head coach for the Bucks.,directAnswer
top25_dial36,5,Who is the most famous player of all time from the Milwaukee Bucks?,"I was unable to find the most famous player, but Kareem Abdul-Jabbar and Giannis Antetokounmpo have both been named the NBA's Most Valuable Player while playing for the Bucks. They are both also the only players to win Finals MVP for the franchise.",noAnswerButRelevantInfo
top25_dial36,6,When did Giannis Antetokounmpo join the Bucks?,"He signed his rookie scale contract with the Bucks on July 20, 2013.",directAnswer
food_level2_dial1,1,How did the Kellogg Company come in to being?,"When W. K. Kellogg and his brother worked at Battle Creek Sanitarium, they created corn flakes. This led to the creation of the Battle Creek Toasted Corn Flake Company in 1906, which was renamed once before it was renamed again to the currently known Kellogg company in 1922.",directAnswer
food_level2_dial1,2,What was Kellog's first product?,Kellog's first product was Kellogg's Toasted Corn Flakes.,directAnswer
food_level2_dial1,3,When did the frosted corn flakes become available?,"Frosted corn flakes was introduced in the United States, in 1952, as ""Sugar Frosted Flakes"".",directAnswer
food_level2_dial1,4,"Okay, so when did Frosted Flakes get their mascot Tony the Tiger?","Tony the Tiger became the mascot for Frosted Flakes in 1952, and originally had a more tiger-like appearance, which has has since evolved into a more muscular, human-like form.",directAnswer
food_level2_dial1,5,What made them choose a tiger to become the mascot for Frosted Flakes?,"I'm sorry, but I could not find the information you requested. However, I did find that Eugene Kolkey, an accomplished graphics artist and art director at Leo Burnett, created a character that was to become the official mascot of a Kellogg's brand-new breakfast cereal, designing a tiger named Tony (named after an ad man at Leo Burnett—Raymond Anthony Wells).",noAnswerButRelevantInfo
food_level2_dial1,6,How long has Tony Jr been a mascot for frosted flakes?,Tony the Tiger began his trademark debut with Kellogg in 1952. The Tiger was used as a cartoon character featured on every box of Kellogg's Frosted Flakes.,directAnswer
food_level3_dial16,1,How many varieties of grapes are sanctioned for port wine?,"According to the Method of Punctuation of the Plots of Land of Vineyards of the Region of Douro (decree nº 413/2001), there were 30 recommended and 82 permitted grape varieties in Port wine production.",directAnswer
food_level3_dial16,2,"Of the grapes sanctioned for port wine, what are the most common varieties used in production?","Only five varieties of grapes are widely cultivated and used for port: Tinta Barroca, Tinto Cão, Tinta Roriz, Touriga Francesa, and Touriga Nacional.",directAnswer
food_level3_dial16,3,What is port wine made out of?,"Port wine is made from grapes (black or white), before being fermented and aged in a barrel. There are 82 types of permitted grapes for Port wine production, and 30 types of grapes that are recommended.",directAnswer
food_level3_dial16,4,How exactly are grapes determined to be permitted or not?,"Sorry, I did not find any useful information.",noAnswerNoRelevantInfo
food_level3_dial16,5,Has port wine been known to treat any illnesses?,"While port wine has been dispensed as a medicinal treatment in the past, I could not find any evidence to indicate it has actually treated an illness. A famous example comes from British Prime Minister William Pitt the Younger who, in an attempt to treat his gout, drank a bottle of port a day. Heavy alcohol consumption is known to exacerbate gout however, and there is no evidence to indicate he was cured.",noAnswerButRelevantInfo
food_level3_dial16,6,What did prot wine contain that it was used to treat gout?,"I did not find a direct answer but aged port wine contains a family of bluish phenolic pigments called portosins (vinylpyranoanthocyanins) and oxovitisin A, an oxovitisin, a type of pyranoanthocyanin with a 2-pyrone component.",noAnswerButRelevantInfo
top25_dial12,1,What was the worst injury Mayweather sustained during his boxing career?,"Are you referring to Floyd Mayweather Jr., Jeff Mayweather, Anthony Mayweather, or some other person with the last name Mayweather?",clarification
top25_dial12,2,"How about Floyd Mayweather Jr., since he's the only one I've ever heard of?","While his absolute worst injury is hard to determine, Mayweather has had a few injuries during his career. After coming out of a 21-month retirement, Mayweather was scheduled to fight Juan Manuel Márquez on July 18, 2009, but the fight had to be postponed until September 19th due to a rib injury Mayweather had received while training. Another notable injury occurred on May 26th, 2001, while Mayweather battled Carlos Hernández. It was in this fight that he suffered the first knockout of his career, and injured his left hand while hitting Hernández.",directAnswer
top25_dial12,3,What was Floyd Mayweather Jr's most recent boxing championship as of 2022?,"Sorry, I did not find any useful information.",noAnswerNoRelevantInfo
hobby_level1_dial1,1,What makes bonsai different from penjing?,"Unlike penjing, which utilizes traditional techniques to produce entirely natural scenery in small pots that mimic the grandiose shapes of real life scenery, the Japanese ""bonsai"" only attempts to produce small trees that mimic the shape of real life trees.",directAnswer
hobby_level1_dial1,2,How is formal upright bonsai different from shanshui penjing?,"Formal upright bonsai is a style of tree characterized by a straight, upright, tapering trunk, while shanshui penjing depicts a miniature landscape of rocks and water with small live plants.",directAnswer
hobby_level1_dial1,3,Who uses the formal upright bonsai method?,"Formal upright bonsai is a common Japanese style, I don't have any information on the individuals who practice this styles.",noAnswerButRelevantInfo
hobby_level1_dial1,4,How did was this form developed?,"I know that different terms are used for a tree by the locations of the apex over the the trunk's entry into the soil and formal upright is a style of trees characterized by a straight, upright, tapering trunk. But I don't have information as to how the styles developed.",noAnswerButRelevantInfo
hobby_level1_dial1,5,I wonder how many people practice this artform of bonsai in Japan?,"I'm sorry, but I could not find the information you requested. However, I did find that bonsai has now reached a worldwide audience, and there are over twelve hundred books on bonsai and the related arts in at least twenty-six languages available in over ninety countries and territories.",noAnswerButRelevantInfo
hobby_level1_dial1,6,Is there any famous people that are know to be part of this hobbyist bonsai group ?,"Bjorn Bjorholm, Marco Invernizzi, Masahiko Kimura and Kunio Kobayashi are all notable bonsai artists.  Would you like to hear more about any of them?",clarification
hobby_level1_dial1,7,I would like to know more about both Masahiko Kimura and Kunio Kobayashi.,"Masahiko Kimura was born in Ōmiya-ku, Saitama, Japan on March 31, 1940 and is a widely recognized bonsai master with trees designed by him, mostly Juniperus chinensis var. Shimpaku, won the prestigious Prime Minister's Award for the years 1988, 1995, 2000, and 2001, and the Minister of Education Award in 1999. Kunio Kobayashi , born in Tokyo, Japan in 1948, is a Japanese bonsai artist, the owner of the Shunkaen Bonsai Museum in Tokyo, and has won awards at the Kokufu-ten exhibition, including four Prime Minister Awards (the highest honor), the Koju-ten Taisho (first place), four Saikan-ten Prime Minister Awards, the Ministry of Agriculture Award, two Ministry of Education Awards, and numerous other awards and honors.",directAnswer
hobby_level2_dial10,1,How is Che Guevara's image most commonly presented?,"Che Guevara's image is viewed as everything from an inspirational icon of revolution, to a retro and vintage logo.",directAnswer
hobby_level2_dial10,2,When did Jim Fitzpatrick create the iconic facial caricature of Che Guevara?,It was created in 1968.,directAnswer
hobby_level2_dial10,3,Was Jim Fitzpatrick paid for his creation of the caricature of Che Guevara in any way?,"Sorry, I didn't find the answer, but I found Jim Fitzpatrick chose to remove copyright from the image so it could used freely by left wing groups. In 2011, Fitzpatrick handed the copyright of the iconic red and black Che Guevara graphic to the family of Guevara in Cuba, still the image is available for free through Fitzpatrick's website for non-commercial usage.",noAnswerButRelevantInfo
hobby_level2_dial10,4,How many living relatives does Guevara currently have?,"I did not find the answer, but I did find Guevara had five children between two marriages and the eldest daughter from his second marriage, Aleida Guevara, is living.",noAnswerButRelevantInfo
hobby_level2_dial10,5,Does Aleida Guevara live in Cuba or elsewhere?,"I couldn't find information confirming her exact location but as of 2009, Guevara helps run two homes for disabled children in Cuba and two more for refugee children with domestic problems.",noAnswerButRelevantInfo
hobby_level2_dial10,6,That's sweet of her! What're the homes called?,"Sorry, I did not find any useful information.",noAnswerNoRelevantInfo
hobby_level3_dial27,1,When was the telescopic scope first invented?,"The history of the telescope can be traced to before the invention of the earliest known telescope, which appeared in 1608 in the Netherlands, when a patent was submitted by Hans Lippershey, an eyeglass maker.",directAnswer
hobby_level3_dial27,2,"Thanks for telling me who invented the first telescopic sight rifle, but I asked for when this happened.",The first documented telescopic rifle sight was invented between 1835 and 1840.,directAnswer
hobby_level3_dial27,3,How are telescopic sights used in the military?,Snipers use high magnification scopes with special reticles to estimate ranges to their target. Some other uses include providing reticle illumination under adverse light circumstances as well as presenting scope settings or ballistic relevant environmental measurement data.,directAnswer
hobby_level3_dial27,4,How is the reticle made onto the scope?,Would you like to know about wire reticles or etched reticles?,clarification
hobby_level3_dial27,5,Please tell me about wire reticles.,"Wire reticles are the oldest type of reticles and are made out of metal wire or thread, mounted in an optically appropriate position in the telescopic sight's tube. Etched reticles are an optic element (often a glass plate) with inked patterns etched onto it, and are mounted as an integrated part of the lightpath.",directAnswer
hobby_level3_dial27,6,Tell more about the telescope?,"Sure!  Would you like to know more about x-ray telescopes, Gamma-ray telescopes, or other types of telescopes?",clarification
hobby_level3_dial27,7,I want know more about Gamma ray telescopes please?,"Gamma-ray telescopes refrain from focusing completely and use coded aperture masks: the patterns of the shadow the mask creates can be reconstructed to form an image. Gamma-ray telescopes are usually installed on Earth-orbiting satellites or high-flying balloons since the Earth's atmosphere is opaque to this part of the electromagnetic spectrum, with an example of this type of telescope being the Fermi Gamma-ray Space Telescope.",directAnswer
food_level2_dial25,1,What is the traditional spelling of the word donut?,"For the word ""donut,"" ""doughnut"" is the traditional spelling.",directAnswer
food_level2_dial25,2,I see. What are donuts made from?,"Doughnuts are typically made from a deep fried flour dough and some also include water, leavening, eggs, milk, sugar, oil, shortening, and natural or artificial flavors. Fillings for donuts are often made from fruit preserves, cream, custard, or other sweet fillings.",directAnswer
food_level2_dial25,3,Where in the world can you find the lead consumers of donuts?,"Per capita, Canadians eat the most doughnuts compared to all world countries.",directAnswer
food_level2_dial25,4,When were damaged first introduced to Canada?,I can't find any information on how donuts were introduced to Canada. I did find various mentions of what may have been early donuts in North America in cook books and other literature from the early 1800s. An American named Hanson Gregory also claims to have invented ring-shaped donuts in 1847. Would you like to learn more about the history of the donut?,noAnswerButRelevantInfo
food_level2_dial25,5,"Yes, please tell me more about the history of the donut.","The earliest reference to a doughnut precursor that I could find comes from a 1485 cookbook called ”Küchenmeisterei (Mastery of the Kitchen)"". It printed a recipe for ”Gefüllte Krapfen”, which were sugar free, stuffed, and fried dough cakes.",directAnswer
food_level2_dial25,6,Any more you can tell me about the donut?,"Would you like to know more about the science aspect of donuts, like cake vs. yeast style, physical structure, molecular composition,  or health effects?",clarification
food_level2_dial25,7,Tell me about the health effects of donuts!,"All I can tell you is that they are unhealthy, though some are less healthy than others, depending on whether or not the trans fats have been removed. Eating many doughnuts with trans fats can raise the risk of coronary artery disease.",directAnswer
hobby_level2_dial34,1,Was anyone fined for the wardrobe malfunction?,Are you  asking about the Super Bowl XXXVIII halftime show controversy?,clarification
hobby_level2_dial34,2,How did Nipplegate impact Janet Jackson's career?,"Jackson wasn't allowed to attend the 46th Grammy Awards or present, and lost the opportunity to star in a biographical film about Lena Horne. Her next album, Damita Jo, was blacklisted from radio and music channels and it failed to get high chart positions.",directAnswer
hobby_level2_dial34,3,Who filed the lawsuit against Janet Jackson and Justin Timberlake?,"Terri Carlin, a banker from Knoxville, Tennessee, filed a class action lawsuit against Jackson and Timberlake on behalf of ""all American citizens who watched the outrageous conduct"".",directAnswer
hobby_level2_dial34,4,What was the outcome of the lawsuit against Janet Jackson and Justin Timberlake?,Carlin later dropped the lawsuit.,directAnswer
hobby_level2_dial34,5,"Who suffered more consequences from the Superbowl incident, Janet or Justin?","Jackson received a number of blacklisting notices from the entertainment industry, while Justin's reputation came out relatively unscathed.",directAnswer
hobby_level2_dial34,6,Was there any sort of public debate that arose from Nipplegate?,"There were several debates which emerged, including censorship on television, ""moral values"" and ""media decency"", and the treatment of Jackson following the incident compared to Timberlake. Which one would like to know more about?",clarification
hobby_level2_dial34,7,"I would like to know more about ""moral values"".","Frederick S. Lane argued in his 2006 book The Decency Wars that the Super Bowl halftime show controversy influenced the primary focus on ""moral values"" and ""media decency"" in the 2004 Democratic Party primaries.",directAnswer
hobby_level1_dial10,1,Have magicians ever been prosecuted for witchcraft?,"Are you referring to the magician's who practice stage magic, or magician's who claim to have supernatural powers?",clarification
hobby_level1_dial10,2,Have magicians who practice stage magic ever been prosecuted for witchcraft?,"I don't have that information, but the book, ""The Discoverie of Witchcraft"" published in 1584, was created to prevent people from being killed for witchcraft.",noAnswerButRelevantInfo
hobby_level1_dial10,3,Has anyone ever used magic for wrongdoings?,"Yes, Black magic has traditionally referred to the use of supernatural powers or magic for evil and selfish purposes;or magic associated with the devil or other evil spirits.",directAnswer
hobby_level1_dial10,4,What is an example of black magic?,Are you looking for examples of types of black magic or specific practices associated with black magic?,clarification
hobby_level1_dial10,5,Who is one of the most famous magicians to have lived?,"Harry Houdini achieved widespread commercial success during what has become known as ""the Golden Age of Magic"". In a posthumous ceremony on October 31, 1975, Houdini was given a star on the Hollywood Walk of Fame.",directAnswer
hobby_level3_dial28,1,Which fictional character did writer Jeph Loeb and artist Steve Skroce create in March of 1995?,Nathaniel Grey from X-Men is the fictional superhero created by writer Jeph Loeb and artist Steve Skroce.,directAnswer
hobby_level3_dial28,2,What kind of powers or abilities did this character have?,Nathaniel Grey achieved vast telepathic and telekinetic powers.,directAnswer
hobby_level3_dial28,3,Did the character Nathaniel Grey appear in any movies?,"I do not find he appears in any films, but there is a mutant resembling his character in a scream from the feature film X-Men: Days of Future Past.",directAnswer
food_level3_dial18,1,The reindeer is also known as what in North America?,"The reindeer (Rangifer tarandus), also known as the caribou in North America,is a species of deer with circumpolar distribution, native to Arctic, subarctic, tundra, boreal, and mountainous regions of northern Europe, Siberia, and North America.",directAnswer
food_level3_dial18,2,Are reindeer (or caribou) considered endangered?,"According to IUCN, Rangifer tarandus as a species is not endangered because of its overall large population and its widespread range.",directAnswer
food_level3_dial18,3,What continent has the largest population of reindeers?,"The Taimyr herd of migrating Siberian tundra reindeer (R. t. sibiricus) in Russia is the largest wild reindeer herd in the world, varying between 400,000 and 1,000,000.",directAnswer
food_level3_dial18,4,What is the clicking sound made by reindeers?,The knees of many subspecies of reindeer are adapted to produce a clicking sound as they walk.The sounds originate in the tendons of the knees and may be audible from several hundred metres away.,directAnswer
food_level3_dial18,5,How did reindeer become a symbol of Christmas?,"Sorry, I did not find any useful information.",noAnswerNoRelevantInfo
food_level3_dial18,6,Are reindeer raised by humans anywhere?,"Reindeer in northern Fennoscandia (northern Norway, Sweden and Finland) as well in the Kola Peninsula and Yakutia in Russia, are all semi-wild domestic reindeer, ear-marked by their owners.",directAnswer
food_level2_dial26,1,What are some other plants in the cactus family Cactaceae?,"The species within the Cactaceae family breakdown into four groups: opuntias, cactoids, three tree-like genera (Leuenbergeria, Pereskia and Rhodocactus), and Maihuenia. Which one are you interested in hearing more about?",clarification
food_level2_dial26,2,Opuntias sound interesting! Could you tell me about where you find them?,"Like most true cactus species, prickly pears are native only to the Americas. Through human actions, they have since been introduced to many other areas of the world like Canada and Australia.",directAnswer
food_level2_dial26,3,How are prickly pears used in food?,"The fruit of prickly pears, commonly called cactus fruit, cactus fig, Indian fig, nopales or tuna in Spanish, is edible, although it must be peeled carefully to remove the small spines on the outer skin before consumption. There are many traditional ways to eat them, would you like to know more about Mexican, European, Native American, Maltese, or perhaps another preparation method?",clarification
food_level2_dial26,4,What are the European ways of consuming prickly pears?,Prickly pears flourish in the south of France and southern Italy. In Malta it is enjoyed as a summer fruit and used to make the popular liqueur bajtra.,directAnswer
food_level2_dial26,5,Are there any other drinks made from cacti besides bajtra?,There is a drink called colonche that is made from Opuntia cacti and Opuntia streptacantha.,directAnswer
food_level2_dial26,6,What type of drink is colonche?,It is an alcoholic red colored drink made by Mexicans for thousands of years with the fruits of Opuntia cacti and Opuntia streptacantha.,directAnswer
hobby_level3_dial29,1,What health hazards are associated with fiberglass?,"Fiberglass will irritate the eyes, skin and the respirator system. Potential symptoms include irritation of eyes, skin, nose, throat, dyspnea (breathing difficulty); sore throat, hoarseness and cough.",directAnswer
hobby_level3_dial29,2,What equipment can be worn to mitigate these hazards?,"I did not find equipment to be worn, but I did find saftey and security around fiberglass can be achieved with proper extraction and filtration equipment.",noAnswerButRelevantInfo
hobby_level3_dial29,3,What sort of applications involve fiberglass and need PPE use?,"I don't have a direct answer as to which applications of fiberglass need PPE, but fiberglass dust, in general, is an anticipated human carcinogen. People can be exposed to fiberglass by inhaling, skin or eye contact.",noAnswerButRelevantInfo
hobby_level3_dial29,4,What are some common types of fiberglass?,"I'm not sure on how common they are, but fiberglass can be made of thermosetting polymers such as epoxy, polyester resin, or vinyl ester resin or thermoplastic.",noAnswerButRelevantInfo
hobby_level3_dial29,5,Can you give me some examples of what fiberglass is used for?,"There several applications for fiberglass such as storage tanks, house building, oil and gas artificial lift systems and piping. which one of those you want learn more about?",clarification
hobby_level3_dial29,6,I am interested in its use for storage tanks.,Storage tanks can be made of fiberglass with capacities up to about 300 tonnes.Fiberglass is also used for septic tanks.,directAnswer
hobby_level3_dial29,7,More interested in house it's for smaller tanks!,Did you mean how it's used for smaller tanks? Smaller tanks can be made with chopped strand mat cast over a thermoplastic inner tank which acts as a preform during construction.,clarification
top25_dial13,1,Who did Tyson Luke defeat in 2015 to win the ring titles?,Tyson Luke Fury defeated Wladimir Klitschko in 2015 to win the ring titles.,directAnswer
top25_dial13,2,How many KO's did Tyson Luke land in his professional career?,"Sorry, I did not find any useful information.",noAnswerNoRelevantInfo
top25_dial13,3,How is Tyson Luke Fury viewed by the public?,"After becoming world champion in 2015, he's been scrutinized and criticized for his comments about his sister, various groups of people like the Jewish people, and about homosexuals. After his return to the ring, he's been called ""The People's Champion"" due to his open and honest discussions of his mental health struggles.",directAnswer
top25_dial13,4,Is Tyson Luke married with children?,"Yes, he is married to Paris (née Mullroy) and they have six children together: three sons (all named Prince) and three daughters.",directAnswer
top25_dial13,5,What kind of mental health struggles did Tyson Luke face?,"Fury suffered from mental health issues leading to alcoholism, recreational drug use and extreme weight gain.",directAnswer
top25_dial13,6,How much did Fury gain during his metal health issues?,"I do not know the exact amount, but he ended up weighing over 330 pounds.",noAnswerButRelevantInfo
top25_dial37,1,Does Kamala Harris have any siblings?,"Yes, Kamala Harris has a younger sister called Maya Harris.",directAnswer
top25_dial37,2,How did Harris start her political career?,"Harris was hired as a deputy district attorney in Alameda County, California in 1990.",directAnswer
top25_dial37,3,What was Harris' next appointment after being the deputy district attorney in Alameda?,"In 1994 Harris was appointed to the state Unemployment Insurance Appeals Board, and later the California Medical Assistance Commission by Willie Brown who served as the Speaker of the California Assembly. For the first six-months Harris took a leave of absence from her duties as an attorney, before later returning to her work while continuing to sit on the boards.",directAnswer
top25_dial37,4,How old is Kamala Harris?,"Harris was born on October 20, 1964, making her 57 years old.",directAnswer
top25_dial37,5,What are some of the things that Kamala Harris has achieved while in office?,"Harris has held many offices, such as the District Attorney of San Francisco, the Attorney General of California, the U.S. Senate, and the Vice presidency currently. Achievements from which office are you interested in learning about?",clarification
top25_dial37,6,Tell me about her achievement as the Attorney General of California.,"She had many achievements. Would you like to know about her achievements in consumer protection, criminal justice reform, LGBT rights, or environmental protection?",clarification
food_level2_dial27,1,"In addition to rice, what ingredients are sometimes added to mochi?","Other ingredients can be added to mochi such as water, sugar, and cornstarch.",directAnswer
food_level2_dial27,2,What is done to the rice to make mochi?,The rice is pounded into paste and molded into mochi.,directAnswer
food_level2_dial27,3,Are there any health concerns with mochi that we should be aware about?,"Suffocation deaths are caused by mochi every year in Japan, especially among elderly people. Additionally, people allergic to rice react to some rice proteins after they eat rice or breathe in rice steam.",directAnswer
food_level2_dial27,4,"Oh no! Are there any kinds of mochi made without rice, in that case?","Sorry, I did not find any useful information.",noAnswerNoRelevantInfo
food_level2_dial27,5,What are some popular flavors of mochi ice cream?,"The traditional ice cream flavors used are vanilla, chocolate and strawberry. Other flavors, such as Kona coffee, plum wine, green tea, and red bean, are also widely used.",directAnswer
food_level2_dial27,6,Are other red bean foods popular in Japan as well?,"There sure are!  Which would you like to know more about, red bean paste itself, the dish Anpan that contains it, or the confection Yōkan which is partially made from it?",clarification
food_level2_dial27,7,I want to know about red bean paste!,"Red bean paste is a paste made of red beans used in East Asian cuisine, made by boiling beans, then grinding or mashing them, and then optionally sweetening them. Red bean paste is used in many Chinese dishes such as Red bean soup, and Mooncakes, Japanese dishes such as Anmitsu and Anpan, and Korean dishes such as Baram-tteok and Bungeo-ppang among many others.",directAnswer
food_level3_dial19,1,What is Husky Energy a subsidiary of?,Husky Energy is a subsidy of Cenovus Energy.,directAnswer
food_level3_dial19,2,Where are the pipelines used by Husky Energy ?,"I'm sorry, I can't find any information on the pipelines Husky Energy uses.",noAnswerNoRelevantInfo
food_level3_dial19,3,Where does Western Canadian Select import oil from?,"Western Canadian Select refers to a blend of crude oil from a Canadian oil stream. Would you instead like to know where Canadian oil companies such as Cenovus Energy, Imperial Oil, or others import their oil from?",noAnswerButRelevantInfo
food_level3_dial19,4,Where does Imperial Oil get its product from?,Most of Imperial's production is from its vast natural resource holdings in the Alberta oil sands and the Norman Wells oil field in the Northwest Territories.,directAnswer
food_level3_dial19,5,What is WCS doing to lower production costs?,"The Connecticut-based General Electric company repurposed its thermal evaporation technology to extract bitumen from the Athabasca Oil Sands of Canada, which improved on the existing water-intensive Steam Assisted Gravity Drainage (SAGD) method. Similarly,  Petro-Canada installed new evaporative technology to replace older systems, allowing the company to recycle the water it uses, while Suncor Energy is investigating the creation of small-capacity SAGD plants that can be replicated easily using money-saving ""cookie cutter"" parts.",directAnswer
food_level3_dial19,6,I would like to know more about the repurpose of the thermal evaporation technology.,GE's thermal evaporation technology developed in the 1980s for use in desalination plants and the power generation industry was repurposed in 1999 to improve on the water-intensive Steam Assisted Gravity Drainage (SAGD) method used to extract bitumen from the Athabasca Oil Sands. In 1999 and 2002 Petro-Canada's MacKay River facility was the first to install these GE SAGD zero-liquid discharge (ZLD) systems using a combination of the new evaporative technology and crystallizer system in which all the water was recycled and only solids were discharged off site.,directAnswer
top25_dial15,1,At what age did Thomas Robert Daley start diving?,Thomas Daley started diving at the age of seven.,directAnswer
top25_dial15,2,How many Olympic medals does Thomas Robert Daley have?,He has won four Olympic medals.,directAnswer
top25_dial15,3,Is Thomas Robert Daley involved in coaching diving currently?,"As of 2020, he was still diving in competition as won the Olympic bronze at 2020 platform event, but I cannot find any information on his coaching activities.",noAnswerButRelevantInfo
top25_dial15,4,What does Thomas Daley do for a living then?,"I couldn't find information on what he does to make a consistent living but he does have a YouTube channel that covers topics like vlogs, exercise, and food. His other hobbies include knitting and crochet, which he took up after the COVID-19 pandemic lockdown.",noAnswerButRelevantInfo
top25_dial15,5,Does Thomas Robert Daley have children?,"Yes, on 14 February 2018, Daley announced via Instagram that he and Black were expecting their first child through surrogacy. Their son was born in June.",directAnswer
top25_dial15,6,What is their son's name?,"I could not find anything regarding their son's name, as they like to maintain their privacy.",noAnswerButRelevantInfo
top25_dial60,1,How did Limbaugh get into radio?,He accepted an offer to DJ at WIXZ in February 1971.,directAnswer
top25_dial60,2,What was Rush Limbaugh's view on abortion?,"Rush Limbaugh was denounced for making anti-abortion statements. For a short time he also performed ""caller abortions"" on his show to illustrate the tragedy of abortion.",directAnswer
top25_dial60,3,What were Rush Limbaugh's views on the COVID-19 pandemic?,"During the COVID-19 pandemic in the United States, Limbaugh asserted that the virus was the common cold.",directAnswer
top25_dial60,4,What charitable work has Rush done?,"Rush has been involved with several charities. Would you like to know more about his work with the Leukemia and Lymphoma Society, the Marine Corps–Law Enforcement Foundation, or the Tunnel to Towers Foundation?",clarification
top25_dial60,5,What did Rush die of in 2021?,"Limbaugh died on February 17, 2021, at the age of 70. According to his wife, Kathryn Rogers Limbaugh, his death was attributed to complications of his lung cancer.",directAnswer
top25_dial60,6,Was Rush involved in any scandals?,"Rush has been involved in a variety of controversies. These include the Rush Limbaugh-Sandra Fluke controversy, his comments on COVID-19, his comments on Iraq War veterans opposed to the war, and his comments towards Michael J. Fox and Parkinson's disease. Which would you like to learn more of?",clarification
top25_dial60,7,Tell me more about his comments on Iraq War veterans opposed to the war!,"It was reported that in 2007 Limbaugh called veterans of the Iraq War who were opposed to the war ""phony soldiers"", but later said he was speaking of only Jesse MacBeth, an anti-war protester who was convicted of falsely claiming to be an Army Ranger and veteran of the Iraq War. Limbaugh later published a transcript of the conversation, but one minute and thirty seconds of the transcript were missing, though Limbaugh claimed it was merely were edited for reasons of space or relevance, and not to hide anything.",directAnswer
food_level2_dial28,1,The peanut belongs on what type of food crop?,The peanut is a legume crop.,directAnswer
food_level2_dial28,2,How are peanuts produced for consumption?,"Would you like to know about whole peanuts, peanut butter, or peanut oil?",clarification
food_level2_dial28,3,"Yes i am, dry roasting method!",Dry peanuts can be roasted in the shell or shelled in a home oven if spread out one layer deep in a pan and baked at a temperature of 177 °C (351 °F) for 15 to 20 min (shelled) and 20 to 25 min (in shell).,directAnswer
food_level2_dial28,4,What causes peanut allergies?,"It is due to a type I hypersensitivity reaction of the immune system in susceptible individuals. Type I hypersensitivity is similar to an infectious immune response, but differs because the antibody involved is IgE instead of IgA, IgG, or IgM.",directAnswer
food_level2_dial28,5,What is the process of producing peanut butter?,"There are several steps to producing peanut butter, the peanuts must be roasted, cooled, blanched, and then ground. Would you like to know more about any of these 4 steps?",clarification
food_level2_dial28,6,"Yes, can you tell me more about the blanching step please.","After the kernels have been cooled down, the peanuts will undergo either heat blanching or water blanching to remove the remaining seed coats.",directAnswer
hobby_level1_dial11,1,How is reading taught?,"There are three main methods, phonics, whole language and balanced literacy. Which of these methods are you talking about?",directAnswer
hobby_level1_dial11,2,What does whole language teaching involve?,The whole language approach focus on teaching meaning and making students read more contrasting the phonics-based methods of teaching reading and writing. It can be viewed as being founded on the educational philosophy of John Amos Comenius in the early 17th century.,directAnswer
hobby_level1_dial11,3,How fast can most people read?,"There are different speeds for different types of reading such as reading aloud, speed reading, and proofreading. The speed also differs in different languages. Which of these are you interested in?",clarification
hobby_level1_dial11,4,What are the common reading difficulties?,"There are many reading disabilities including developmental dyslexia, alexia, and hyperlexia or difficulties arising from educational and social issues. What would you like to know more about?",clarification
hobby_level1_dial11,5,I interested in development dyslexia.,"Do you want to know about the signs and symptoms, causes, pathophysiology, or diagnosis of dyslexia?",clarification
hobby_level1_dial11,6,I want to know about problems caused by dyslexia.,"Problems include difficulties in spelling words, reading quickly, writing words, ""sounding out"" words in the head, and pronouncing words when reading aloud and understanding what one reads.",directAnswer
hobby_level2_dial11,1,What are examples of concrete used during ancient times?,Would you like to know about concrete use in the Classical era or Middle Ages?,clarification
hobby_level2_dial11,2,I would like to know about how concrete was used in the Classical Era.,"Concrete was used for construction in many ancient structures by the Ancient Egyptians, Greeks and Romans.",directAnswer
hobby_level2_dial11,3,What is the process of producing concrete?,"Concrete production is the process of mixing together the various ingredients—water, aggregate, cement, and any additives—to produce concrete. In modern usage, most concrete production takes place in a large type of industrial facility called a concrete plant, or often a batch plant.",directAnswer
hobby_level2_dial11,4,What properties make concrete good for building?,It becomes stronger over time and is resistant to fire.,directAnswer
hobby_level2_dial11,5,How much stronger is steel re-enforced concrete compare to regular concrete?,"When steel is placed in concrete, the material resists no only compression, but also bending and other direct tensile actions.",directAnswer
hobby_level2_dial11,6,Where is reinforce concrete mainly used for?,"Many different types of structures and components of structures can be built using reinforced concrete including slabs, walls, beams, columns, foundations, frames and more. Without reinforcement, constructing modern structures with concrete material would not be possible.",directAnswer
food_level3_dial20,1,Who is responsible for the discovery of propane?,Propane was discovered in 1857 by the French chemist Marcellin Berthelot.,directAnswer
food_level3_dial20,2,Which country uses the most propane?,"Sorry, I did not find any useful information.",noAnswerNoRelevantInfo
food_level3_dial20,3,What's the primary source of the propane used in the US?,"Sorry I didn't find the answer, but I found that Propane is a by-product of natural gas processing and petroleum refining.",noAnswerButRelevantInfo
food_level3_dial20,4,Where is propane sourced from in the US?,"The two sources of propane in the US are both byproducts of other processes, one of them being natural gas processing and the other oil refining. The Propane sourced from importing comes mainly from Canada.",directAnswer
food_level3_dial20,5,Does propane have a negative effect on the environment?,"I found that Propane is one of a group of liquefied petroleum gases (LP gases). LP burns relatively cleanly with no soot and very few sulfur emissions and it does not pose ground or water pollution hazards, but it can cause air pollution.",directAnswer
food_level3_dial20,6,What does it cause air pollution?,"Burning LPG releases CO2, a greenhouse gas.",directAnswer
food_level3_dial20,7,How does propane compare with natural gas?,"Propane's per-BTU production of CO2 is almost as low as that of natural gas, it is also much more commonly used to fuel vehicles than is natural gas, because that equipment costs less. Unlike natural gas, propane is denser than air and can be abused as an inhalant, and if a leak in a propane fuel system occurs, it sinks into any enclosed area and poses a risk of explosion and fire.",directAnswer
food_level2_dial10,1,Why are certain nutrients added after manufacturing cat food?,"Certain nutrients, including many vitamins and amino acids, are degraded by the temperatures, pressures and chemical treatments used during manufacture, and hence must be added after manufacture to avoid nutritional deficiency.",directAnswer
food_level2_dial10,2,What vitamins are added to cat food?,"While I could not find exactly which specific vitamins are added to which specific cat foods, cats require Vitamin A, Vitamin C, Vitamin D, and Vitamin E to function.",noAnswerButRelevantInfo
food_level2_dial10,3,I would like to know more about commercial cat food.,"Vitamins A, B, C, D, and E are all added to commercial cat food.",directAnswer
food_level2_dial10,4,What is the benefit of Vitamin A in a cat's diet?,"Cats need vitamin A because it plays a key role in the keratinization of the skin, hair, and nails. It also helps with the development of various epithelial tissues along the body.",directAnswer
food_level2_dial10,5,Is it possible to feed a cat a vegetarian diet?,"Vegetarian or vegan cat food has been available for many years, and is targeted primarily at vegan and vegetarian pet owners. However, cats on a vegan diet can develop abnormally alkaline (high pH) urine, which can cause bladder crystals and/or stones.",directAnswer
food_level2_dial10,6,What is an example of synthetically produced nutrients that are added to vegan cat food?,Taurine is an example of synthetically produced nutrients that are added to vegan cat food.,directAnswer
top25_dial61,1,How old was Woods when he first started golfing?,Tiger Woods was under 2 years old when he was first introduced to golf.,directAnswer
top25_dial61,2,Who introduced Tiger Woods to golf?,"Tiger Woods was introduced to golf by his father, Earl Woods.",directAnswer
top25_dial61,3,What was Tiger Woods' relationship with his father like?,"I was unable to find information on Woods' relationship with his father, but I did find that he first defeated his father at the age of 11. From then on his father lost to him every time.",noAnswerButRelevantInfo
top25_dial61,4,How old was Tiger Woods when he started playing golf professionally?,Woods turned professional at age 20 in August 1996 and immediately signed advertising deals with Nike Inc. and Titleist that ranked as the most lucrative endorsement contracts in golf history at that time.,directAnswer
top25_dial61,5,When did Tiger Woods make the deal to have his likeness used for video games?,"In 1998, EA began publishing their golf games with the endorsement of Tiger Woods. Following the Tiger Woods 99 PGA Tour Golf release, subsequent titles were named Tiger Woods PGA Tour and released yearly.",directAnswer
top25_dial61,6,How many EA golf covers did Tiger Woods graze?,"Assuming you mean grace, I cannot find a comprehensive answer for that.  He did spend 15 years with EA Sports, however.",noAnswerButRelevantInfo
hobby_level1_dial12,1,What channel broadcasted the 2015 Bojangles' Southern 500 to the American audience?,The Bojangles' Southern 500 was carried by NBC Sports on the broadcast NBC network for the American television audience.,directAnswer
hobby_level1_dial12,2,What sort of results happened in the qualifying rounds for the 2015 Bojangles' Southern 500?,Are you looking to know who won the pole from the qualifying or something else such as what racers have said about it?,clarification
hobby_level1_dial12,3,I'd like to know who won the pole from the qualifying.,Brad Keselowski won the pole with a time of 27.492 and a speed of 178.874 mph (287.870 km/h).,directAnswer
hobby_level1_dial12,4,What have racers said about it?,"Brad Keselowski, Kurt Busch, and Kevin Harvick all made comments. Whose comments would you like to hear?",clarification
hobby_level1_dial12,5,Which radio stations provided coverage of the 2015 Bojangles' Southern 500?,The Motor Racing Network and Sirius XM NASCAR Radio carried the radio broadcast for the race.,directAnswer
hobby_level1_dial12,6,So who won the race?,The 2015 Bojangles' Southern 500 was won by Carl Edwards.,directAnswer
food_level2_dial11,1,What are some examples of pseudocereals?,"Some common examples of pseudocereals are amaranth, quinoa, and buckwheat.",directAnswer
food_level2_dial11,2,What type of fertilizers are required for oat production?,"Oats remove nitrogen and phosphates from the soil which must be replaced. In addition nitrogen is also important though the amount needed may be reduced when the prior-year crop was a legume, or where ample manure is applied.",directAnswer
food_level2_dial11,3,What are some of the health consequences of oats?,"Avenins present in oats (proteins similar to gliadin from wheat) can trigger celiac disease in a small proportion of people. Also, oat products are frequently contaminated by other gluten-containing grains, mainly wheat and barley.",directAnswer
food_level2_dial11,4,Let's learn more about gluten-related disorder caused by oats.,"Oat allergy in gluten-sensitive enteropathy can explain an avenin-sensitive individual with no histological abnormality, no T-cell reaction to avenin, bearing the rarer DQ2.5trans phenotype, and with anaphylactic reaction to avenin.",directAnswer
food_level2_dial11,5,Can you tell me about the process of harvesting oats?,"Harvesting techniques depends on the equipment, local tradition, and priorities but farmers who want the highest yields time it so the kernels have reached 35% moisture or when the greener kernels are turning cream-coloured. Harvesting is then done with swathing and the windrows are left to dry in the sun for several days and bale the straw.",directAnswer
food_level2_dial11,6,"After it's harvested, how is it usually stored?","After combining, the oats are transported to the farmyard where they are augered or conveyed into a bin for storage, if  there is not enough bin space, they are augered into portable grain rings, or piled on the ground.",directAnswer
top25_dial38,1,Did Christopher Reeve have any children?,Christopher Reeve had two sons and a daughter.,directAnswer
top25_dial38,2,When were Christopher Reeve's children born?,"Matthew Exton Reeve was born on December 20, 1979, and Alexandra Exton Reeve was born in December 1983.  William was born on June 7, 1992.",directAnswer
top25_dial38,3,Did Christopher Reeve have a long marriage with his first wife?,"I don't know what constitutes a long marriage, but Reeves was married in 1992 until his death. Do you want to know the actual number of years Reeve was married?",clarification
top25_dial38,4,Who are Reeve's children?,"Christopher Reeve had three children. Matthew Exton Reeve was born on December 20, 1979, Alexandra Exton Reeve was born in December 1983, and William Reeve was born on June 7, 1992.",directAnswer
top25_dial38,5,How did Reeve live with paralysis from an accident?,Would you like to know about the care he received after his paralysis or how he coped psychologically?,clarification
top25_dial38,6,"Sure, what kid of care did he receive?","After his accident, Reeve received round-the-clock care for the rest of his life, with a team of ten nurses and aides working in his home.",directAnswer
food_level2_dial29,1,What are some different methods of harvesting olives?,"Different methods of harvesting olives include shaking the boughs or the whole tree, standing on a ladder and ""milking"" the olives into a sack tied around the harvester's waist, using a device called an oli-net that wraps around the tree trunk and opens to form an umbrella-like catcher from which workers collect the fruit, using an electric tool, the beater that has large tongs that spin around quickly, removing fruit from the tree and harvesting by hand.",directAnswer
food_level2_dial29,2,What are the nutritional aspects of olives?,"One hundred grams of cured green olives provide 146 calories, are a rich source of vitamin E (25% of the Daily Value, DV), and contain a large amount of sodium (104% DV); other nutrients are insignificant. Green olives are 75% water, 15% fat, 4% carbohydrates and 1% protein.",directAnswer
food_level2_dial29,3,Are there any allergens that people should be aware of with olives?,"I don't have a list of compounds found in olives that some people might be allergic to, but olive tree pollens are extremely allergenic, with OPAL scale rating of 10 out of 10.",noAnswerButRelevantInfo
food_level2_dial29,4,Why are olive trees so allergenic?,"Olea europaea is primarily wind-pollinated and its light, buoyant pollen is a strong trigger for asthma. One popular variety, ""Swan Hill"", is widely sold as an ""allergy-free"" olive tree; however, this variety does bloom and produce allergenic pollen.",directAnswer
food_level2_dial29,5,How can Swan Hill be sold as an allergy-free variety if it produces allergenic pollens?,"Sorry, I did not find any useful information.",noAnswerNoRelevantInfo
food_level2_dial29,6,"Okay, then what climate is good for growing olives?","Olives like hot weather and sunny positions without any shade, while temperatures below −10 °C (14 °F) may injure even a mature tree. They tolerate drought well because of their sturdy and extensive root systems.",directAnswer
top25_dial16,1,How did Krysten Lea Sinema get started in politics?,Sinema began her political career in the Arizona Green Party before joining the Arizona Democratic Party in 2004.  She began he time in politics working on Ralph Nader's presidential campaign.,directAnswer
top25_dial16,2,What is Kyrsten Lea Sinema's position on LGBT rights?,She has a history of policy advocating for the LGBT rights and issues.,directAnswer
top25_dial16,3,What is Kyrsten Sinema's stance on gun control?,Sinema favors gun control laws like background checks for private sales and license for ownership. The NRA gave 33% score whereas the Gun Owners of America gave her a 17% rating.,directAnswer
top25_dial16,4,What sports does Kyrsten Sinema participate in?,"Sinema has completed numerous marathons. On November 17, 2013, Sinema completed an Ironman Triathlon in a little over 15 hours and on December 25, 2013, she climbed to the summit of Mount Kilimanjaro.",directAnswer
top25_dial16,5,Can you tell me about Krysten Sinema's family life?,"Sinema has an older brother and younger sister, and her parents are Marilyn Wiley and Dan Sinema. Sinema married, and later divorced, her BYU classmate Blake Dain.",directAnswer
top25_dial16,6,Krysten Sinema ever get married?,"Sinema married, and later divorced, her BYU classmate Blake Dain.",directAnswer
hobby_level1_dial13,1,What is the biggest fandom in the U.S.?,"Would you like to know about films, television shows, books, games, sports teams, or celebrity fandoms?",clarification
hobby_level1_dial13,2,"Is there any way to know about the largest fandom overall? If not, I'd like to know about the largest TV show fandom.","I don't have information on which the largest fandom overall is, or which tv show fandom is the largest, but fandoms overlap and there are many large conventions that cater to fandoms including tv shows.",noAnswerButRelevantInfo
hobby_level1_dial13,3,How do fans of celebrities show their appreciation?,"I couldn't find an exact behavior but action varies on the degree of devotion the fans have for the celebrity or celebrities. A groupie, for example, would follow a band or musician on concert tours while others may develop celebrity worship syndrome, leading to stalking or materialism and compulsive buying.",noAnswerButRelevantInfo
hobby_level1_dial13,4,"Yes, can you tell me how any notable fandoms have interacted with the creators of a work?",I didn't find information about interactions with a creator but the book Fifty Shades of Grey by E.L. James was originally a fan fiction of the Twilight series published on FanFiction.Net.,noAnswerButRelevantInfo
hobby_level1_dial13,5,"What does the term ""Stan"" fans refer to?","A stan is an excessively avid fan and supporter of a celebrity, TV show, group, musical artist, film or film series.",directAnswer
hobby_level1_dial13,6,What kind of creative activities are fans known for engaging in?,"One highly organized and popular activity for fans is conventions. There are many of them held at many different locations throughout the year. Another activity that is especially popular at conventions is cosplay, which involves dressing and acting out favorite characters.",directAnswer
hobby_level2_dial36,1,What is the chemical symbol for Iron?,Iron is a chemical element with symbol Fe.,directAnswer
hobby_level2_dial36,2,I see. Where does the Fe come from? There's no F in Iron.,The symbol Fe comes from the Latin word ferrum.,directAnswer
hobby_level2_dial36,3,What is iron primarily used for?,"Iron is used in construction of machinery and machine tools, rails, automobiles, ship hulls, concrete reinforcing bars, and the load-carrying framework of buildings.",directAnswer
hobby_level2_dial36,4,How is iron produced for industrial use?,"There are several ways of processing iron. Would you like to know about blast furnace processing, steelmaking, direct iron reduction, or thermite process?",clarification
hobby_level2_dial36,5,I'd like to know more about steelmaking.,"Steel is produced by reducing the amount of carbon in pig iron to 0.002-2.1%, steel articles can then be made by cold working, hot rolling, forging, and machining. After they are forged to shape, steel products often undergo various heat treatments which make the steel softer and more workable.",directAnswer
hobby_level2_dial36,6,Why do they need to remove impurities?,"Limiting dissolved gases such as nitrogen and oxygen and entrained impurities (termed ""inclusions"") in the steel is also important to ensure the quality of the products cast from the liquid steel.",directAnswer
hobby_level2_dial37,1,Can anyone visit The Library of Congress?,The Library of Congress is open to the public for research.,directAnswer
hobby_level2_dial37,2,How does someone get a Reader Identification Card?,"I could not find information about acquiring a Reader Identification Card. However, the Library of Congress participates in the interlibrary loan program.",noAnswerButRelevantInfo
hobby_level2_dial37,3,What is the interlibrary loan program?,"It is a service where patrons of one library can borrow things such as books, DVDs, music, and more from another library.",directAnswer
hobby_level2_dial37,4,What exhibits are in the John Adams building at the library of congress?,I was unable to find information on exhibits but I did find that the building was designed in a restrained but very detailed Art Deco style faced with white Georgia marble.,noAnswerButRelevantInfo
hobby_level2_dial37,5,What type of things are curated in John Adams building at the LOC?,"I could not find an answer regarding curated collections but  initially, the John Adams building  housed the U.S. Copyright Office which moved to the Madison building in the 1970s.",noAnswerButRelevantInfo
hobby_level2_dial37,6,Why did the copyright office move to a different location?,"Because of the Copyright Law of 1870, which required all copyright applicants to send to the Library two copies of their work, which resulted in a flood of books, pamphlets, maps, music, prints and photographs, causing the intial move, and subsequent moves.",directAnswer
food_level2_dial3,1,How does motor oil prevent corrosion of engine parts?,Additives can be included in motor oil that inhibit corrosion of engine parts.,directAnswer
food_level2_dial3,2,What does oxygen do to engine parts?,"When iron masses meet oxygen and water, it will eventually turn to rust. Alloys of iron, such as steel, also will have this corrosion effect and other metals as well but they're not typically called ""rust"".",directAnswer
food_level2_dial3,3,What are the effects that motor oil has on the environment?,"Most motor oil contains petroleum, which is toxic, and can end up in waterways, threatening fish, waterfowl and other aquatic life, including those which require photosynthesis, as motor oil on water's surface can block out sunlight. Motor oil can also contaminate healthy soil, which plants may depend on to grow, as well as poisoning plants outright.",directAnswer
food_level2_dial3,4,What is the proper way to dispose of motor oil?,"Waste oil can be sent to a facility permitted to handle the used oil such as a local garage or local waste disposal facility, or recycled to be combusted as fuel.",directAnswer
food_level2_dial3,5,Is it possible for motor oil to be synthetically made?,"Yes, Synthetic lubricants were first synthesized, or man-made, in significant quantities as replacements for mineral lubricants (and fuels) by German scientists in the late 1930s and early 1940s. In fact, synthetics are more stable than conventional oils.",directAnswer
food_level2_dial3,6,What makes them more stable than conventional oils?,"Synthetic motor oil has better low and high temperature viscosity performance at service temperature extremes, better Viscosity Index, and chemical and shear stability.",directAnswer
hobby_level2_dial38,1,Does Stephen Wozniak still work with Apple?,"Wozniak left Apple by early 1985, but he still is on the official employee list and receives a stipend.",directAnswer
hobby_level2_dial38,2,Which philanthropic organizations has Stephen Wozniak founded?,"He founded the Electronic Frontier Foundation,  the Tech Museum, Silicon Valley Ballet and Children's Discovery Museum of San Jose.",directAnswer
hobby_level2_dial38,3,What does the Electronic Frontier Foundation do or promote?,The foundation was formed on 10 July 1990 to promote Internet civil liberties.,directAnswer
hobby_level2_dial38,4,"How is ""internet civil liberties"" defined?","Civil liberties are guarantees and freedoms that governments commit not to abridge, either by constitution, legislation, or judicial interpretation, without due process. When these principals are applied to the internet, they are called ""internet civil liberties"".",noAnswerButRelevantInfo
hobby_level2_dial38,5,"Sure, but let's find out who came up with the idea of digital rights. Who was the first person to have used or invented the term?","I'm sorry, but I could not find the information you requested. However, I did find that The APC Internet Rights Charter was established by the Association for Progressive Communications (APC) at the APC Europe Internet Rights Workshop, held in Prague, February 2001.",noAnswerButRelevantInfo
hobby_level2_dial38,6,Who was involved in establishing APC Internet Rights Charter?,"I did not find an exact answer but the Association for Progressive Communications (APC) is an international network of organizations that was founded in 1990 to provide communication infrastructure, including Internet-based applications, to groups and individuals who work for peace, human rights, protection of the environment, and sustainability.The first APC Internet Rights Charter was published in three languages: English, French and Spanish.",noAnswerButRelevantInfo
top25_dial4,1,How many people were killed by Hurricane Katrina in 2005?,"According to National Hurricane Center, 1836 people have died from Katrina.",directAnswer
top25_dial4,2,"What were the ""surrounding areas"" that had fatalities caused by Hurricane Katrina?","The ""surrounding areas"" that had fatalities caused by Hurricane Katrina included Alabama, Florida, Georgia, Kentucky, Louisiana, Mississippi and Ohio.",directAnswer
top25_dial4,3,What was the economic damage to New Orleans by Hurricane Katrina?,"New Orleans relied on the major industries of transportation, entertainment and public servises for economic revenue, which were reduced and heavily effected by the hurricane. Further, the disaster reduced the labor force, unemployment rates skyrocketed, and wages decreased by staggering amounts.",directAnswer
top25_dial4,4,Were the economic effects of Hurricane Katrina very bad?,"Yes, the Bush Administration sought $105 billion for repairs and reconstruction, which did not account for damage to the economy caused by potential interruption of the oil supply, destruction of the Gulf Coast's highway infrastructure, and exports of commodities such as grain. Katrina also displaced over one million people from the central Gulf coast to elsewhere across the United States, becoming the largest diaspora in the history of the United States.",directAnswer
top25_dial4,5,How are the effects of Hurricane Katrina felt in present day?,"More than one-fourth of the sample of a study published in Community Mental Health Journal from January 2016 met the criteria for major depressive disorder (MDD), and about one-third of the individuals received a referral to mental health services for meeting symptom criteria for incident MDD and PTSD. Additionally, researchers in a study published in Maternal and Child Health Journal  concluded that natural disasters may have long-term effects on pregnancy outcomes.",directAnswer
top25_dial4,6,"Yes, please tell me about the social effects.","The social effects include mental health issues, health issues, and issues caused by mandatory evacuation. Which of these would you like to focus on?",clarification
hobby_level1_dial14,1,What health benefits are associated with knitting?,"Knitting can stenghthen the immune system, decrease blood pressure and heart rate, as well as prevent illness.",directAnswer
hobby_level1_dial14,2,What types of needles are used for knitting?,"The needles used for knitting are single-point, double-point and circular.",directAnswer
hobby_level1_dial14,3,How did knitting come to be?,"The exact origins of knitting are unknown, the earliest known examples being cotton socks found in the remains of the city of Fustat, now part of Cairo. The first commercial knitting guilds appear in Western Europe in the early fifteenth century (Tournai in 1429, Barcelona in 1496).",noAnswerButRelevantInfo
hobby_level1_dial14,4,Is knitting still popular today?,"The 21st century has seen a resurgence of knitting, coinciding with the growth of the internet and interest in DIY crafts.",directAnswer
hobby_level1_dial14,5,"What kind of materials are typically required for knitting, other than needles?","Knitting may be done by hand or by machine, to manipulate yarn to crate a textile or fabric. In addition, vrious tools have been developed to make hand-knitting easier, such as the yarn swift, ballwinder, ""yarntainers"", crochet hooks, darning needles, knitting spools, rcicular stitch markers, row counters, sundry bags and containers..",directAnswer
hobby_level1_dial14,6,What are some different knitting techniques?,"Knitting techniques include double knitting, Fair Isle, Mega knitting, and Micro knitting. Which would you like to learn more of?",clarification
top25_dial62,1,Was the Matrix franchise adapted from any other work?,"While not explicitly adapted from another work, the Matrix did draw heavily on Jean Baudrillard's philosophical work Simulacra and Simulation,  Kevin Kelly's Out of Control: The New Biology of Machines, Social Systems, and the Economic World, and Dylan Evans’s ideas on evolutionary psychology.  as well as the cyberpunk genre as a whole.",noAnswerButRelevantInfo
top25_dial62,2,That's impressive! Can you tell me about who worked on the film?,"Many people worked on The Matrix. Would you like to know more about the cast, producers, directors, sound effects crew, or music crew?",clarification
top25_dial62,3,I would like to know more about the directors.,"Will do, would you like to know more about their early life and career, their Matrix franchise work, their style and influences, or something else?",clarification
top25_dial62,4,"Tell me about how they have influenced other filmmakers, please.","I was unable to find information on their influence on other filmmakers, but I did find that they were influence by J.Michael Straczynski, the Coen brothers, Roger Corman, and John Woo.",noAnswerButRelevantInfo
top25_dial62,5,Were the directors involved in any controversy?,"I couldn't find anything about them themselves in any controversy but their film, V for Vendetta, had a controversial storyline and themes.",noAnswerButRelevantInfo
top25_dial62,6,What made the V for Vendetta controversial?,The political content of the film was considered to be controversial.,directAnswer
food_level3_dial21,1,What is the chemical symbol for Helium?,"Helium (from Greek: ἥλιος, romanized: helios, lit. 'sun') is a chemical element with the symbol He and atomic number 2.",directAnswer
food_level3_dial21,2,What is the most common type of helium??,"Helium-4 is by far the more abundant of the two naturally occurring isotopes of helium, making up about 99.99986% of the helium on Earth.",directAnswer
food_level3_dial21,3,What are the inhalation consequences of helium?,"Inhaling helium can be dangerous if done to excess, since helium is a simple asphyxiant and so displaces oxygen needed for normal respiration. Two fatalities were reported between 2000 and 2004, in the United States and in February of 2015 it was revealed that a 12-year-old member of Japanese all-girl singing group 3B Junior suffered from air embolism and fell into a coma as a result after inhaling huge quantities of helium as part of a game.",directAnswer
food_level3_dial21,4,Has anyone ever died from inhaling helium?,"Death caused by helium is rare, first known death from 1998 and there were only two deaths in the US between 2000 and 2004. One death each in Vancouver and Australia in 2003; two asphyxiated in South Florida in 2006; one death in California and another in Northern Ireland in 2009 and 2010; in Oregon, a girl died in 2012 and a girl from Michigan died from hypoxia.",directAnswer
food_level3_dial21,5,What makes Helium such a light element?,"Helium is the second lightest element by mass. Its atomic number, 2, is synonymous with it nuclear make-up of two protons , compared the Hydrogen's one proton, having an atomic number of one.",directAnswer
food_level3_dial21,6,How are atomic numbers assigned?,"The atomic number or nuclear charge number (symbol Z) of a chemical element is the charge number of an atomic nucleus. For ordinary nuclei, this is equal to the proton number (np) or the number of protons found in the nucleus for every atom of that element.",directAnswer
hobby_level3_dial3,1,What are the super powers of Iron Man?,Iron Man has a mechanized suit of armor that is equipped with weapons and technological devices that allow him to help protect the world.,directAnswer
hobby_level3_dial3,2,What does Iron Man's arc reactor do?,"Iron Man's brain was ""wiped out"" to prevent Normal Osborn from gaining his information, but unfortunately the process left him with no autonomic functions and no memory. Iron Man uses the arc reactor to control blinking, breathing, and serve as his digital memory.",directAnswer
hobby_level3_dial3,3,What powers did the body restructuring machines give to Iron Man?,"When Tony uses the modified techno-organic virus-like body restructuring machines in a process known as the Extremis process, he gains an enhanced healing factor, merges entirely with his armor, gains technopathy, and can now recall some parts of his armor directly from beneath his own skin, at-will.  Later, from the same process, he gains more strength, stamina, and intellect as well.",directAnswer
hobby_level3_dial3,4,Which video games has Iron Man been featured in?,"Iron Man has been featured in the video games Iron Man released in 2008, Iron Man and X-O Manowar in Heavy Metal released in 1996, Iron Man 2 released in 2010, and in Captain America and the Avengers released in 1991, among others.",directAnswer
hobby_level2_dial4,1,How did the third jersey come to be?,"A third jersey, alternative jersey, third kit, third sweater or alternative uniform is a jersey or uniform that a sports team can wear instead of its home outfit or its away outfit during games, often when the colors of two competing teams' other uniforms are too similar to contrast easily.",directAnswer
hobby_level2_dial4,2,I would like to explore the history of the adaption of third jerseys for monetary reasons.,"Of North American sports leagues, the NFL generates $1.2 billion in jersey sales, and the NBA sells $900 million, both annually.",directAnswer
hobby_level2_dial4,3,Which sports league uses third jerseys the most?,Third-choice jerseys or uniforms are used in all four major professional sports leagues in the United States and Canada.,directAnswer
hobby_level2_dial4,4,How are third jerseys used in Canadian football?,Third jerseys are worn to differentiate the teams when two competing teams have very similar uniforms. And the CFL does not have a rule for use of alternate uniforms and teams are able to wear them as often or as little as they like.,directAnswer
hobby_level2_dial4,5,How are third jerseys used in ice hockey?,"It is used as dress for away-games, known as ""white while away"", in major league professional hockey.",directAnswer
hobby_level2_dial4,6,"Does ""white while away"" mean that hockey players don't wear white at home-games?","The NHL requires any team seeking to wear white at home to get express permission from the league office to do so and in minor league hockey the rules are the team wears white jerseys at home during one half of the season, then wears the color jerseys during the other half at home, and vice versa on the road.",directAnswer
top25_dial17,1,What type of assistance was offered by FEMA after Hurricane Ida?,"States of emergency were declared in New York, including in New York City, New Jersey, and Connecticut.[2][35] President of the United States Joe Biden stated that the Federal Emergency Management Agency (FEMA) was responding to the catastrophe.",noAnswerButRelevantInfo
top25_dial17,2,Did Hurricane Ida cross the Canadian border?,"Ida's remnants moved northeastward across Atlantic Canada, bringing heavy rain and gale-force winds to communities throughout the region.",directAnswer
top25_dial17,3,What is the estimate of the damages caused by Hurricane Ida in the US?,Are you asking about the fiscal damages or the death toll damages?,clarification
top25_dial17,4,I'm asking about the fiscal damages.,Ida was estimated to have caused at least $65 billion (2021 USD) in damages in the United States.,directAnswer
top25_dial17,5,"Yes, tell me more about the Gulf region.","The storm shut down nearly all Gulf Coast oil production, Louisiana's mainland refineries, and the Colonial Pipeline, and the offshore and onshore of the Gulf Region is up to $35 billion in Insured loss.",directAnswer
top25_dial17,6,Could you tell me more about these rescue efforts with the residents?,"The Louisiana National Guard activated 4,900 guard personnel, and dispatched about 200 high-water vehicles, along with more than 70 rescue boats and 30 helicopters. Over 5,000 national guard members were deployed, and more than 25,000 workers nationwide came in support of recovery efforts.",directAnswer
hobby_level2_dial5,1,What tools were used for engraving purposes of early Mississippian culture pottery?,"Sticks, reeds, or bone fragments were used to engrave pottery, while sharpened reeds or fingernails were used to add in smaller marks.",directAnswer
hobby_level2_dial5,2,What are the notable distinctions between Cahokian pottery and Southern Appalachian pottery?,"Cahokian pottery was especially fine, exhibiting smooth surfaces, very thin walls, and distinctive shell tempering, slips and coloring. Meanwhile, in Southern Appalachian pottery, limestone was initially used as a pottery temper before shell became the popular choice, with rounded bowls and spherical jars being the most common forms, sometimes with embellished rims and handles.",directAnswer
hobby_level2_dial5,3,Why is Mississippian culture pottery considered valuable?,Shell tempering is one of the hallmarks of Mississippian cultural practices. The value of this pottery on the illegal antiquities market has led to extensive looting of sites.,directAnswer
hobby_level2_dial5,4,What kinds of Mississippian pottery have been discovered?,"A number of forms exist, from earplugs and beads to cooking pots and bottles and the unique Mississippian forms like head pots or hooded vessels. The most ubiquitous form of Mississippian pottery was the ""standard Mississippi jar"", which was a globular jar with a recurved rim and subtle should.",directAnswer
hobby_level3_dial30,1,Where is the Silk Road located?,"First coined in the late 19th century, the name ""Silk Road"" has fallen into disuse among some modern historians in favor of Silk Routes, which more accurately describes the intricate web of land and sea East and Southeast Asia, the Indian subcontinent, Central Asia, the Middle East, East Africa and Europe.",directAnswer
hobby_level3_dial30,2,"I asked about the Silk Road, not the New Silk Road. I would like to know about the historical Silk Road, which was used until the 15th century. Where was it located?","The silk road which historians now refer to as Silk routes  was a network of Eurasian trade routes active from the second century BCE until the mid-15th century. It was an intricate web of land and sea routes that connected  East and Southeast Asia, the Indian subcontinent, Central Asia, the Middle East, East Africa and Europe.",directAnswer
hobby_level3_dial30,3,Where is the Amber Road located?,"Amber road was a trade route from coastal Sicily, the North Sea and the Baltic sea to the Mediterranean sea.",directAnswer
hobby_level3_dial30,4,When did the Amber Road fall out of use?,"Sorry, I did not find any useful information.",noAnswerNoRelevantInfo
hobby_level3_dial30,5,That's okay. Can you instead tell me about other ancient trade routes?,"Long-distance trade routes were developed in the Chalcolithic Period, middle of the 2nd millennium BCE to the beginning of the Common Era saw societies in Southeast Asia, Western Asia, the Mediterranean, China, and the Indian subcontinent develop major transportation networks for trade.",directAnswer
hobby_level3_dial30,6,I am interested in the Indian Incense Road.,"I'm sorry, I meant to say the Grand Trunk Road was associated with India while the Incense Road was associated with Arabia, primarily.  As the Indian Incense road does not exist, would you like to know more about the Arabian Incense road instead, or would you rather hear about the Grand Trunk Road, the Roman Via Maris, or ancient West African trade routes?",clarification
hobby_level3_dial30,7,I would rather hear a out Grand Trunk Road!,"The Grand Trunk Road, connecting Chittagong in Bangladesh to Peshawar in Pakistan, has existed for over two and a half millennia. One of the important trade routes of the world, this road has been a strategic artery with fortresses, halting posts, wells, post offices, milestones and other facilities, and part of this road through Pakistan also coincided with the Silk Road.",directAnswer
hobby_level3_dial32,1,What is the feminist interpretation of the book?,Feminist literary criticism deals with applying feminist theories to the literature. Feminist interpretation of which book are you interested in?,clarification
hobby_level3_dial32,2,What is the feminist interpretation of the book with regard to Batman's relationship to the Joker?,"Sorry, I did not find any useful information.",noAnswerNoRelevantInfo
hobby_level2_dial6,1,What structures are bricks most commonly used in?,"bricks are used to build to build walls, pavements and other elements in masonry construction.",directAnswer
hobby_level2_dial6,2,How are bricks joined together to build structures?,"Bricks can be joined with mortar, adhesives, or by interlocking them.",directAnswer
hobby_level2_dial6,3,What is the interlocking method?,"Sorry, I did not find any useful information.",noAnswerNoRelevantInfo
hobby_level2_dial6,4,Are there any regions of the world that use bricks the most?,"I did not find one country of significantly more usage, but I  did find that the UK, the US, Japan, Belgium, and the Netherlands all boast a large brick industry and until most recently almost all houses in Northwest Europe and almost all buildings in Columbia were made of brick.",noAnswerButRelevantInfo
hobby_level2_dial6,5,Can you tell me what compressed earth blocks are?,"A compressed earth block (CEB), also known as a pressed earth block or a compressed soil block, is a building material made primarily from an appropriate mix of fairly dry inorganic subsoil, non-expansive clay, sand, and aggregate. Forming compressed earth blocks requires dampening, mechanically pressing at high pressure, and then drying the resulting material.",directAnswer
hobby_level2_dial6,6,How long does CEB's last for?,"Sorry, I did not find any useful information.",noAnswerNoRelevantInfo
hobby_level1_dial15,1,How deep into the water can a scuba diver go?,Would you like to know about recreational diving or commercial diving?,clarification
hobby_level1_dial15,2,I would like to know about recreational diving.,"Depth limitations are imposed by the certification agencies, and relate to the competency associated with the specific certification. Entry level divers may be restricted to a depth of 18 or 20 metres (59 or 66 ft), and more advanced divers to 30, 40, 50 or 60 m depending on the certification and agency. Junior divers may be restricted to shallower depths.",directAnswer
hobby_level1_dial15,3,What are some of the risks of scuba diving?,"The most common injuries and causes of death in scuba diving are drowning or asphyxia, air embolism, and cardiac events.",directAnswer
hobby_level1_dial15,4,What is decompression sickness?,"Decompression, or DCS, sickness is a medical condition caused by dissolved gases emerging from solution as bubbles inside the body tissues during decompression. DCS can produce many symptoms, and its effects may vary from joint pain and rashes to paralysis and death, but can be treated initially with 100% oxygen until hyperbaric oxygen therapy.",directAnswer
hobby_level1_dial15,5,Tell me more about the nitrogen narcosis in deeper dives.,"Narcosis while diving (also known as nitrogen narcosis) is a reversible alteration in consciousness that occurs while diving at depth and is caused by the anesthetic effect of certain gases at high pressure.  Narcosis may be completely reversed in a few minutes by ascending to a shallower depth, with no long-term effects.",directAnswer
hobby_level1_dial15,6,How do divers try and avoid narcosis?,"The most straightforward way to avoid nitrogen narcosis is for a diver to limit the depth of dives, and this depth can be tested via gradual training to find the individual diver's sensitivity. In addition, because of similar and additive effects, divers should avoid sedating medications and drugs, such as cannabis and alcohol before any dive.",directAnswer
top25_dial40,1,How long did it take to dig the Suez Canal?,"The excavation took some 10 years, with forced labour (corvée) being employed until 1864 to dig out the canal.",directAnswer
top25_dial40,2,What trade routes were used before the Suez Canal opened?,"Prior to the Suez Canal, the first known canal verified to have been constructed was built by Necho II in the late 7th century BC, and then was either completed or re-constructed by Darius the Great sometime later. By the time of Ptolemy II (pharaoh of Egypt from 283 to 246 BC) the canal Darius I had dug had become blocked, but was restored to operation by Ptolemy II in around 270 BC.",directAnswer
top25_dial40,3,How deep is The Suez Canal?,"When it was first built, the depth of the canal was 26 feet deep.  The New Suez Canal, functional since 8/6/15, has a depth of 23-75-79 feet.",directAnswer
top25_dial40,4,How long did it take for the New Suez Canal to be expanded from its original depth of 26 feet?,"While I can't tell you exactly how long that portion of the project took, I can tell you the project was inaugurated by the Chairman of the Suez Canal Authority Mohab Mamish in the presence of Egyptian President Abdel Fattah el-Sisi on 5 August 2014, and the new canal was opened a year later.",noAnswerButRelevantInfo
top25_dial40,5,"What are the bad environmental impacts from the Suez Canal, if any?",Many local and endemic species to the Mediterranean sea have been endangered by invasive species originating from the Red Sea who traveled to the Mediterranean via the canal. This has had serious impacts on the ecology of the Mediterranean ecosystem.,directAnswer
top25_dial40,6,What are they doing to clean up the Mediterranean ecosystem?,I can't find any information about efforts to deal with the invasive species problem resulting from the New Suez Canal.,noAnswerNoRelevantInfo
top25_dial63,1,When will the next election take place?,"There are many elections in the US, and in the UK, and 0ther countries. Which country's upcoming election would you like to know about?",clarification
top25_dial63,2,When is the next Federal election in Germany?,"The next federal election in Germany will be on or before October 26, 2025, to elect the members of the 21st Bundestag. The election would be earlier if the President of Germany dissolves the Bundestag and schedules a snap election.",directAnswer
top25_dial63,3,Why did Angela Merkel choose not to run in the election?,"In October 2018, Merkel announced that she would resign as leader of the CDU at the party's conference in December 2018 and step down as Chancellor of Germany at the forthcoming election due to poor results at state elections for the CSU in Bavaria and for the CDU in Hesse.",directAnswer
top25_dial63,4,Who succeeded Markel?,Annegret Kramp-Karrenbauer succeeded Markel after he resign as leader of the CDU.,directAnswer
top25_dial63,5,What is the history of the CDU political party?,"Do you want to know about the founding period, Adenauer era, Opposition against social-liberal governments, or Kohl era?",clarification
top25_dial63,6,I am interested in the founding period.,"The CDU was established in Berlin on 26 June 1945 and in Rheinland by former members of the Centre Party, the German Democratic Party, the German National People's Party and the German People's Party, and the result of these meetings was the establishment of an inter-confessional party influenced heavily by the political tradition of liberal conservatism.",directAnswer
hobby_level2_dial12,1,Who was South Africa's Prime Minister at the time of the D'Oliveria affair?,The Prime Minister was  B. J. Vorster.,directAnswer
hobby_level2_dial12,2,What was the reaction to the D'Oliveria affair controversy?,"The South African realized they had to change and In 1969, the South African Cricket Board of Control (SACBOC) announced that future teams would be racially integrated.",directAnswer
hobby_level2_dial12,3,What ended up happening with the D'Oliveira affair?,"The D'Oliveira affair had a numerous aftermath effects, such as, the necessity for change in South African cricket, many of the events being made public, controversy regarding sporting links with South Africa, and resultant isolation of South Africa. Which of these effects do you want to know more about?",clarification
hobby_level2_dial12,4,How was South Africa isolated as a result of these events?,The Affair led to the near-complete isolation of South Africa from the international cricket scene.,directAnswer
hobby_level2_dial12,5,Can you tell me more about the controversy regarding sporting links with South Africa?,"D'Oliveira affair describes the controversies surrounding South Africa's sports teams. Do you want to know hwat happened during the build-up, during the height of the controversy, or the aftermath of the controversy?",clarification
hobby_level2_dial12,6,"Yes, tell me what happened during the build-up of the controversy.","Gotcha!  That's a pretty lengthy story in and of itself, however, so would you like me to tell you about the anticipation involving it, South Africa's problematic position on mixed-race teams that contributed to it, the MCC maneuvers that were part of the build-up, or D'Oliveira's actions in 1968?",clarification
hobby_level2_dial12,7,Tell me more about the MCC maneuvers that were part of the build-up!,"In March 1968, having received no response from the SACA to Griffith's letter, the MCC asked Alec Douglas-Home to intervene. Following Douglas-Home's advice, the MCC let the matter drift throughout the 1968 season and the letter was never presented to the full MCC Committee.",directAnswer
food_level2_dial30,1,What current day dishes are directly from the Mayan culture?,"Chocolate, avocado/guacamole, tortillas, and tamales, all found in modern-day cuisine, were all a part of Mayan cuisine.",directAnswer
food_level2_dial30,2,What Mexican foods are influenced by Mayan culture?,"The ingredients and methods in Mexican cuisine began with Maya who domesticated maize, invented maize nixtamalization.",directAnswer
food_level2_dial30,3,I think you misunderstood my question. Which current day Mexican dishes are inspired by Mayan culture?,"Many foods are inspired by Ancient Maya cuisine, including chocolate, guacamole, tortillas, and tamales. Are you interested in learning about a specific type?",clarification
food_level2_dial30,4,How did ancient Mayans use chocolate?,"The Maya have used it in a number of purposes, cacao beans were used as ceremonial sacrifices to the Mayan gods, it was enjoyed by all social classes due to its aphrodisiac powers and chocolate was drank during marriage and engagement. It was also ground up and mixed with chili peppers, cornmeal, and honey to create a drink called xocolatl, which was for the rich and nobility.",directAnswer
food_level2_dial30,5,Can you tell me a bit about Mayan religious rituals?,"Mayan religious rituals involve ritual topography and calendrical mapping, pilgrimage, offerings and sacrifices, just to name a few things. Which of these are you interested in?",clarification
food_level2_dial30,6,I am interested in pilgrimage.,"Pilgrimages created networks connecting places over larger distances, transcending the limits of the local community. Nowadays, pilgrimages often involve reciprocal visits of the village saints, but also visits to farther-removed sanctuaries, for example, the Q'eqchi' pilgrimages to their thirteen sacred mountains.",directAnswer
top25_dial18,1,Was any of the $25 million bounty offered by the FBI paid to anyone?,"The largest reward offered was $25 million for the leader of al-Qaeda, Osama bin Laden, which had ""attracted hundreds of anonymous calls but no reliable leads.",noAnswerButRelevantInfo
top25_dial18,2,How was bin Laden caught?,"Bin Laden was not captured, but confirmed killed by SEAL Team Six on may 2, 2011.",directAnswer
top25_dial18,3,How was the killing of Osama bin Laden confirmed?,"Initially, at around 10:24 p.m. on May 2, 2011,  Navy Reserve intel officer Keith Urbahn and actor Dwayne Johnson both tweeted about the death of bin Laden, which was anonymously confirmed to the media by government officials. Later at 11:35 p.m., President Obama appeared on network television confirming the news, which was also further confirmed by Al-Qaeda on May 6th, via posts on militant websites.",directAnswer
top25_dial18,4,Was there a burial for Osama bin Laden?,"After the assassination, Bin Laden was buried at sea.",directAnswer
top25_dial18,5,How did Pakistan support protection of bin Laden?,"US-government files leaked by WikiLeaks disclosed that American diplomats were told that Pakistani security services were tipping off bin Laden every time US-forces approached. According to the leaked files, in December 2009, the government of Tajikistan had told US-officials that many in Pakistan were aware of bin Laden's whereabouts.",directAnswer
top25_dial18,6,Who runs wiki leaks?,"Wikileaks was started by Julian Assange, and since 2018 has been run by Kristinn Hrafnsson.",directAnswer
food_level3_dial22,1,What kind of political ideologies did Sir Roger Vernon Scruton have?,Scruton embraced conservatism after witnessing the May 1968 student protests in France.,directAnswer
food_level3_dial22,2,What was Sir Roger Vernon Scruton's upbringing like?,"By ""upbringing"", do you mean his family background, his religious background, his home location, or his education?",clarification
food_level3_dial22,3,I mean his family background.,"Roger Scruton was born in Buslingthorpe, Lincolnshire,[9] to John ""Jack"" Scruton, a teacher from Manchester, and his wife, Beryl Claris Scruton , and was raised with his two sisters in High Wycombe and Marlow. He was raised in a back-to-back on Upper Cyrus Street, Ancoats, an inner-city area of Manchester, and won a scholarship to Manchester High School, a grammar school.",directAnswer
food_level3_dial22,4,What were Sir Roger Vernon Scruton's political views?,"His political views were very conservative and he was highly critical of the Campaign for Nuclear Disarmament, egalitarianism, feminism, foreign aid, multiculturalism and modernism. Scruton further believed that society is held together by authority and the rule of law, in the sense of the right to obedience, not by the imagined rights of citizens.",directAnswer
food_level3_dial22,5,I'm interested in topics he was critical of.,"Scruton was critical of the contemporary feminist movement, while reserving praise for suffragists such as Mary Wollstonecraft.",directAnswer
food_level3_dial22,6,What are the origins of kitsch art?,"As a descriptive term, kitsch originated in the art markets of Munich in the 1860s and the 1870s, describing cheap, popular, and marketable pictures and sketches. Kitsch is regarded as a modern phenomenon, coinciding with social changes in recent centuries such as the Industrial Revolution, urbanization, mass production, modern materials and media such as plastics, radio and television, the rise of the middle class and public education—all of which have factored into a perception of oversaturation of art produced for the popular taste.",directAnswer
hobby_level2_dial14,1,What kind of wildlife is present at Spreckels Lake?,"Spreckels Lake hosts a variety of wildlife, including migratory waterfowl and game-birds, several species of fish, and turtles. In the nearby trees there are squirrels, and the area of the lake is used by several hunting and foraging species as well.",directAnswer
hobby_level2_dial14,2,What is the largest animal at Spreckels Lake?,"I could not find anything regarding which exact animal and species of animal is the largest, but the wild carp present in Spreckels Lake can grow to over 24 inches in size.",noAnswerButRelevantInfo
hobby_level2_dial14,3,What fish species are found in Spreckels Lake other than carp?,"Aquatically, the lake's algae-laden water hosts minnows, sticklebacks and carp. There is a 'tradition' of dumping goldfish in many of Golden Gate Park's lakes, sometimes by the bucketfuls, for good luck as well as a means of 'freeing' unwanted pets.",directAnswer
hobby_level2_dial14,4,"You say there's goldfish in the lake. So, how do goldfish survive in the wild after they've been released?","Their survival depends on their diet, water conditions, and their appearance. Which aspect would you like to know more about?",clarification
hobby_level2_dial14,5,I'd like to know more about water conditions.,They are able to survive or even thrive in any climate that supports a pond.,directAnswer
hobby_level2_dial14,6,"On the subject of goldfish, how big was the largest known goldfish?",The largest goldfish as of April 2008 was one found in the Netherlands and measured 19 inches or 48 cm.,directAnswer
food_level3_dial23,1,What is engineered wood made out of?,"Engineered wood, also called mass timber, composite wood, man-made wood, or manufactured board, includes a range of derivative wood products which are manufactured by binding or fixing the strands, particles, fibres, or veneers or boards of wood, together with adhesives, or other methods of fixation to form composite material.",directAnswer
food_level3_dial23,2,What kind of wood is used to manufacture lumber?,"Hardwood and softwood makes up manufactured lumber, hardwood is from angiosperm tree, many of which are deciduous such as oak. Softwood is from gymnosperm trees such as pines and spruces.",directAnswer
food_level3_dial23,3,What are some specific uses for softwood manufactured as lumber?,"Softwood typically is used in construction as structural carcassing timber as well as finishing timber. Certain softwood trees are also used for certain purposes, like eastern white pine for furniture, larch for cladding and boats, and western hemlock for doors, joinery, and furniture.",directAnswer
food_level3_dial23,4,What is the most durable wood for flooring?,"The Janka hardness test measures the resistance of a sample of wood to denting and wear. Of the woods often used as flooring materials, Brazilian Cherry / Jatoba score the highest with a total of 2350, which implies that it would be the most durable.",directAnswer
food_level3_dial23,5,How did the industry of lumber come to be?,"Following the near eradication of domestic timber on the British Isles, the abundance of old-growth forests in the New World posed an attractive alternative to importing choice timber from the Baltic via the narrow straits and channels between Denmark and Sweden.The easily available timber proved an incredible resource to early settlers, with both domestic consumption and overseas trade fueling demand and the industry expanded rapidly as Americans logged their way across the country.",directAnswer
food_level3_dial23,6,"What makes a forest an ""old-growth forest""?","An old-growth forest – also termed primary forest, virgin forest, late seral forest, primeval forest or first-growth forest – is a forest that has attained great age without significant disturbance and thereby exhibits unique ecological features and might be classified as a climax community. The Food and Agriculture Organization of the United Nations defines primary forests as naturally regenerated forests of native tree species where there are no clearly visible indications of human activity and the ecological processes are not significantly disturbed.",directAnswer
top25_dial64,1,Have the Palestinians and Israelis reached any agreement after the war?,"Do you mean the Six-Day war, the Lebanese Civil War, the 1982 Lebanon War, the first Palestinian uprising, or some other war?",clarification
top25_dial64,2,I would like to know about any agreements after whichever war was the most recent.,"The most recent conflict between Israel and Palestine, the 2021 Israel-Palestine Crisis, ended with a cease in hostilities on 20 May 2021.",directAnswer
hobby_level2_dial15,1,Which sport was the first to use uniform numbers?,"Australian rules football was the first sport to use uniform numbers, with evidence for them being used as early as May of 1903.",directAnswer
hobby_level2_dial15,2,Thank you! How are the uniform numbers assigned to the players?,"Sorry, I did not find any useful information for how numbers are assigned in Australian rules football.",noAnswerNoRelevantInfo
hobby_level2_dial15,3,What are some famous numbers in team sports?,Would you like to know about cricket or American football numbers?,clarification
hobby_level2_dial15,4,I'd like to know about American football numbers.,"Since NFL teams began retiring numbers, 155 players have had their jersey number retired, with the Chicago Bears and the New York Giants having the most retired numbers of the teams with 14 a piece.  Only one player, Reggie White, has had his number retired by two teams, although Peyton Manning received an acknowledgment when the Denver Broncos re-retired the number 18, which is officially retired under the name of Frank Tripucka, who let Manning use it.",directAnswer
hobby_level2_dial15,5,Why was Bosworth unable to wear the number 44?,"Bosworth was prevented from wearing 44, the number of his choice, because the rules were that linebackers had to wear number 50-59, and Bosworth was a linebacker.",directAnswer
hobby_level2_dial15,6,What kind of position usually wore the 40's?,"Numbers 20s to 40s were worn by running backs, fullbacks, wide receivers, tight ends, H-backs, linebackers, and defensive backs.",directAnswer
top25_dial41,1,In what year was Yom Kippur first observed?,"Sorry, I did not find any useful information.",noAnswerNoRelevantInfo
top25_dial41,2,I don't think I phrased the question properly. How long has Yom Kippur been around?,"I was unable to find an exact date, but scholars date the original ceremony found in Torah to before the priestly source, but after JE.",noAnswerButRelevantInfo
top25_dial41,3,How is Yom Kippur observed in Israel?,"Yom Kippur is a legal holiday in the modern state of Israel, on which there are no radio or television broadcasts, airports are shut down, there is no public transportation, and all shops and businesses are closed.  Many Jewish people of Israel fast on the holiday, but bicycle-riding and inline skating on the empty streets have become common among secular Israeli youths.",directAnswer
top25_dial41,4,Is Yom Kippur observed outside of Israel?,"As one of the most culturally significant Jewish holidays, and one observed by many secular Jews, it is very likely that it is observed outside of Israel.  However, I cannot find a definitive statement that it is.",noAnswerButRelevantInfo
top25_dial41,5,Are there any other famous Jewish baseball players other than Sandy Koufax?,"There are many Jewish baseball players, including, Richard Bleier, Alex Bregman, Scott Effross, Max Fried, and Paul Goldschmidt.",directAnswer
top25_dial41,6,Has Paul Goldschmidt won any awards?,"He has won the NL Hank Aaron Award, Gold Glove Award, and Silver Slugger Award and  has twice finished runner-up for the NL Major League Baseball Most Valuable Player Award, in 2013 and 2015.",directAnswer
hobby_level2_dial7,1,What was the cause of death for Stephen of Blois?,He died of a stomach disease on October 25th.,directAnswer
hobby_level2_dial7,2,How many battles did Stephen of Blois lose in England?,"I'm not sure on the exact number, but he was unsuccessful in defending the Argentan province in 1135. He also lost in the Battle of Lincoln, leading to his temporary imprisonment and loss of power.",noAnswerButRelevantInfo
hobby_level2_dial7,3,What was Stephen of Blois' childhood like?,"Stephen was born in France in either 1092 or 1096. His father, Stephen-Henry, was killed during the First Crusade, leaving his mother, Adela, to raise him.",directAnswer
hobby_level2_dial7,4,Is anything know about Stephen's relationship with his mother Adela?,"Little is know other than that she had a strong matriarchal influence on Stephen during his early years. She was famous for her piety, wealth, and political talent.",noAnswerButRelevantInfo
hobby_level2_dial7,5,What kind of legacy did Stephen of Blois leave behind?,"Do you want to know about his legacy regarding aftermath, historiography, or popular representations?",clarification
hobby_level2_dial7,6,I would like know about his legacy regarding historiography.,"Much of the modern history of Stephen's reign is based on accounts of chroniclers who lived in, or close to, the middle of the 12th century, forming a relatively rich account of the period. Stephen remains a popular subject for historical study: David Crouch suggests that after King John he is ""arguably the most written-about medieval king of England"".",directAnswer
top25_dial19,1,"What kinds of criticism did the Enema of the State album, by Blink-182, receive?","Different people like fans, commentators, journalists nd others had different criticisms of the album. Which of these criticisms are you interested in learning more about?",clarification
top25_dial19,2,What kinds of criticism did Blink-182 receive from fans?,"The success of the album, as well as its cleaner sound and the group's appearances on MTV, caused many longtime fans to accuse the band of ""selling out."" Many commentators stated that the band's polished pop sound only remotely resembled punk music.",directAnswer
top25_dial19,3,How many albums did Blink-182 sell with Enema of the State?,"During its first week, the album sold 109,000 units, and by early 2001 it had gone platinum five times. As of 2014, it has sold over 15 million copies worldwide, with over 4.5 million being in the United States, making it the band's most successful album.",directAnswer
top25_dial19,4,How much did they make from this album?,"Sorry, I did not find any useful information.",noAnswerNoRelevantInfo
top25_dial19,5,What was the blink-182's last album?,Nine is the 8th and latest studio album and it was produced in 2019.,directAnswer
top25_dial19,6,How many albums did they sell in 2019 for the album Nine?,"To date, it sold over 202,000 copies worldwide.",directAnswer
hobby_level2_dial16,1,How was Umineko When They Cry developed?,Would you like to know about illustration or game design development?,clarification
hobby_level2_dial16,2,"You told me that Ryukishi07 wrote Umineko no Naku Koro ni, but I already know that. I want to know how he came up with and wrote this visual novel.","Ryukishi07 developed Higurashi When They Cry from a play he had previously written named Hinamizawa Bus Stop. He wrote the play for a contest, which he lost, then later restructured it into the episodic visual novel series, Higurashi When They Cry.",directAnswer
hobby_level2_dial16,3,How many novels did he write?,"Sorry, I did not find any useful information.",noAnswerNoRelevantInfo
food_level2_dial31,1,Why is Korosten not part of the Korosten Raion?,Korosten is a city of regional significance and administrative center of the Korosten Raion.,directAnswer
food_level2_dial31,2,When was Korosten founded?,Korosten was founded over a millennium ago.,directAnswer
food_level2_dial31,3,Were there any conflicts that occurred in Korosten?,"Conflicts that took place in Korosten include the 968 besieging of the city by the Pechenegs, the 1240 Mongol Invasion of Rus', the 1649 Khmelnytsky Uprising, and World War II. Which conflicts that involve Korosten would you like to know more of?",clarification
food_level2_dial31,4,Tell me about how Korosten was involved in World War II.,"Soviet forces held out at Korosten but was forced to retreat, leaving it occupied by the German Army from 7 August 1941 to 28 December 1943. During the occupation, Korosten nationalists worked to roundup Jewish families and 'non-desirables' and they carried out killings themselves.",directAnswer
food_level2_dial31,5,Can you tell me about the 1240 Mongol Invasion of Rus?,"The campaign was heralded by the Battle of the Kalka River in May 1223, which resulted in a Mongol victory over the forces of several Rus principalities, a full-scale invasion of Rus by Batu Khan followed from 1237 to 1242. The invasion was ended by the Mongol succession process upon the death of Ögedei Khan, all Rus principalities were forced to submit to Mongol rule and became vassals of the Golden Horde, some of which lasted until 1480.",directAnswer
food_level2_dial31,6,I am interested in the invasion background.,"The vast Mongolian Great Khanate army of around 40,000[6] mounted archers, commanded by Batu Khan and Subutai, crossed the Volga River and invaded Volga Bulgaria in late 1236. In mid-1238, Batu Khan devastated the Crimea and pacified Mordoviam, then after many days of siege, the horde stormed Kiev in December 1240.",directAnswer
top25_dial65,1,How many languages have been influenced by the Greek alphabet?,Many different languages can trace their ancestry back to the Greek alphabet. Are you interested only in languages that use the Greek alphabet or also in languages that use a derivation of the Greek alphabet?,clarification
top25_dial65,2,How many European languages use a derivation of the Greek alphabet?,Greek is the source of all the modern scripts of Europe.,directAnswer
top25_dial65,3,How did the Greek alphabet start getting used in sororities and fraternities?,The naming tradition was started by the foundation of the Phi Beta Kappa Society at the College of William and Mary in 1776 and it is an acronym for the ancient Greek phrase. Early fraternal organizations were known by their Greek letter names because the mottos that these names stood for were secret and revealed only to members of the fraternity.,directAnswer
top25_dial65,4,I wonder what the very first sorority was in the US.,"Union College was firmly established as the birthplace of the North American fraternity and sorority system when the Sigma Phi Society formed in March 1827, followed by Delta Phi in November.",directAnswer
top25_dial65,5,How is the Greek alphabet used in astrology?,"Sorry, I did not find any useful information.",noAnswerNoRelevantInfo
top25_dial65,6,Any famous greet astrologers you can tell me off?,"I think you mean famous Greek astrologers, which include Claudius Ptolemy and Hephaestio of Thebes.",directAnswer
food_level3_dial24,1,How did Kraft Foods Inc get its start?,"Kraft Foods Inc. originated from the National Dairy Products Corporation which was formed on December 10, 1923 by Thomas H. McInerney and Edward E. Rieck to execute on a rollup strategy in the fragmented United States ice cream industry.",directAnswer
food_level3_dial24,2,Is Kraft Foods Inc. still active as of 2022?,"No, Kraft Foods Inc split into two companies Mondelez International and Kraft Foods Group in April of 2012. Kraft Foods Group retains the Kraft food names and brands and focuses on the US market, while Mondelez focuses on global snacks.",directAnswer
food_level3_dial24,3,What are some controversies that Kraft Foods Inc. faced?,"Kraft Foods Inc. have been involved in a number of controversies including lawsuits over trans-fat claims, donations to political campaigns and their environmental record. Would you be interested in knowing more about one of these controversies?",clarification
food_level3_dial24,4,What kind of donations to political campaigns did Kraft make that generated controversy?,"In 2012, Kraft contributed $1,950,500 to a $46 million political campaign founded to oppose Proposition 37, a California citizen's initiative mandating the labeling of foods containing genetically modified ingredients. As a result, there were calls for a boycott of Kraft products.",directAnswer
food_level3_dial24,5,Why did Kraft Foods Inc. choose to split?,"I didn't find the catalyst but on August 2011, Kraft Foods Inc. announced plans to split into two publicly traded companies — a snack food company and a grocery company. On April 2, 2012, Kraft Foods Inc. announced that it had filed a Form 10 Registration Statement to the SEC to split the company into two companies to serve the ""North American grocery business"".",noAnswerButRelevantInfo
food_level3_dial24,6,What were the two entities it was split into?,"In 2012 Kraft Foods was renamed Mondelez and retained its snack food business, while its grocery business was spun off to a new company called Kraft Foods Group.",directAnswer
hobby_level2_dial17,1,Who governs completive swimming the U.S?,US Swimming governs competative swimming in the US.,directAnswer
hobby_level2_dial17,2,Where is the USA Swimming national governing body located?,"The national headquarters of USA Swimming is located at the U.S. Olympic Training Center in Colorado Springs, Colorado.",directAnswer
hobby_level2_dial17,3,What controversies have been associated with USA Swimming?,"USA Swimming dealt with many accusations of sexual abuse, resulting in several lawsuits and prompting changes in federal law.",directAnswer
hobby_level2_dial17,4,What was the result of the 2020 suit?,"Sorry, I did not find any useful information.",noAnswerNoRelevantInfo
hobby_level2_dial17,5,Who are some notable people who have been inducted into the International Swimming Hall of Fame?,"While I'm not sure how to define how notable a person is, some people who have been inducted into the International Swimming Hall of Fame include: swimmer Tom Stock, coach Ma Braun, swimmer Harry Hebner, and swimmer turned coach Jack Nelson. Would you like to learn more about any of these people, or the International Swimming Hall of Fame?",clarification
hobby_level2_dial17,6,"Yes, Tell me please about the swimmer Tom Stock.",Tom Stock is a retired American backstroke swimmer. His career spanned from 1956 to 1964 and he set several world and 14 national records.,directAnswer
top25_dial20,1,Does Gareth Southgate have any children?,"Yes, Gareth Southgate has two children.",directAnswer
top25_dial20,2,How many football titles has Gareth Southgate won?,Do you want to know the number of titles he won as a player or as a manager?,clarification
top25_dial20,3,How many titles did he win as the manager of the English national team since 2016?,"I can't find any information on any titles he has won as a manager since 2016. However, in 2018 he become the first English manager to reach the semi-finals of the World Cup since 1990. In 2019 Southgate also managed England's first third place finish in a major international tournament since 1968, and defeated Germany for the first time in a knockout match since 1966 the following year in 2020. Would you like to learn more about any of these matches?",noAnswerButRelevantInfo
top25_dial20,4,What honours has Gareth Southgate received?,Are you interested in his accolades as a player or manager?,clarification
top25_dial20,5,I am interested in his honours as a player.,"Some of his honors include the Football League First Division in 1993-94 on Crystal Palace, the Football League Cup in 1995-96 on Aston Villa, Football League Cup 2003-04 and UEFA Cup runner-up 2005-06 while on Middlesbrough.",directAnswer
top25_dial20,6,I see. What about his accolades as a manager then?,He won the BBC Sports Personality of the Year Coach Award. Southgate would go on to lead his team to qualify for the finals of the 2015 European Championship in 2015.,directAnswer
top25_dial42,1,Are Virgin Megastores still active as of 2022?,"Currently, Virgin Megastores are operating exclusively in the Middle East and in North Africa, consisting of approximately 40 stores.",directAnswer
top25_dial42,2,When did Virgin Megastores close down in the United States?,"In 2007 Related Companies and Vornado Realty Trust acquired Virgin Megastores North America because they wanted to break their leases with the two most profitable Virgin stores to increase their own profits. Subsequently, Virgin decided to close all American stores.",directAnswer
top25_dial42,3,What are some failed business ventures that Richard Branson experienced?,"Branson has been involved in a number of failed business ventures, such as Virgin Cola, Virgin Cars, Virgin Publishing, Virgin Clothing and Virgin Brides.",directAnswer
top25_dial42,4,Why did Virgin Cola fail?,"Coca-Cola  began to create lucrative deals with stockists to sway them from carrying Virgin, which caused the brand to decline and fade into obscurity. After being discontinued in the UK in early 2009, it still existed overseas for a short time before ceasing existence.",directAnswer
top25_dial42,5,What caused Virgin Cars to fail?,"I was unable to find a direct answer but I did find that by 2003 the company had only managed to sell 12000 cars total. On 22 December 2005, the company stopped all operations and trading.",noAnswerButRelevantInfo
top25_dial42,6,What country bought the most Virgin cars?,Sorry i didn't find the answer but i found Virgin cars sold over 2000 cars by October 2000 and 12000 cars in total by 2003.,noAnswerButRelevantInfo
top25_dial21,1,Did Robert Michael Nesmith leave behind any children when he died?,Robert Michael Nesmith left behind four children when he passed away.,directAnswer
top25_dial21,2,What a tragedy! What was he best known for?,Nesmith was best known as a member of the pop rock band the Monkees and co-star of the TV series The Monkees.,directAnswer
top25_dial21,3,What were some of Robert Nesmith's hit songs?,"Nesmith was a musician and a songwriter who had a band career as a member of the Monkees as well as a solo. Which hit songs are you referring to, as a Monkee, as a solo, or as a song writer?",clarification
top25_dial21,4,What songs has he written?,"Are you interested in songs he wrote and recorded himself, songs he wrote for The Monkees, or songs he wrote that were recorded by other artists?",clarification
top25_dial21,5,I'm interested in songs he wrote for The Monkees.,"Many of the songs Nesmith wrote for the Monkees, such as ""The Girl I Knew Somewhere"", ""Mary, Mary"",[5] and ""Listen to the Band"" became minor hits.",directAnswer
top25_dial21,6,Nesmith ever win any writing awards?,Nesmith was a songwriter as well as novelist. Which type of writings and the subsequent awards are you referring to?,clarification
top25_dial21,7,I mean Nesmith's awards from being a novelist.,"Sorry, I did not find any useful information.",noAnswerNoRelevantInfo
top25_dial66,1,Does Darkseid have super powers?,"Darkseid has many powers, his most powerful being the ability to blast Omega Beams from his eyes. He also has super-strength, mind control, rejuvenation, and the ability to teleport.",directAnswer
top25_dial66,2,Which video games has Darkseid been featured in?,"He appears in Several DC Universe Games, Mortal Kombat, Lego, and Injustice Games.",directAnswer
hobby_level2_dial18,1,What was the first zine?,The first media fanzine was a Star Trek fan publication called Spockanalia.,directAnswer
hobby_level2_dial18,2,How are zines prominent in the music scene?,"Zines, being of a DIY nature, have had multiple paths to prominence within different genres of music including emo, post-hardcore, punk, and rock and roll. Which music genre's zines are you interested in further exploring?",clarification
hobby_level2_dial18,3,Lets explore the music genre rock and roll that zine's is in!,"""Crawdaddy!"" and ""Mojo Navigator Rock and Roll News"" which both began in 1966 were two of the more popular early zines, with ""Crawdaddy!"" eventually becoming a legitimate magazine with advertisers and newsstand distribution. By the 1980s, rock zines had continued to grow, with Bruce Springsteen having no less than five fanzines about him in circulation in the UK alone. Would you like to know more about rock zines, or any other type of zine?",clarification
hobby_level2_dial18,4,"Yes, I'd like to know more about rock zines.","Backstreets Magazine, a U.S. Springsteen zine, was started in Seattle in 1980 and still continues today as a glossy publication.",directAnswer
hobby_level2_dial18,5,When was the last time Bruce Springsteen even released an album?,His latest releases include the solo Western Stars (2019) and E Street Band-featuring Letter to You (2020).,directAnswer
hobby_level2_dial18,6,How many albums was sold in 2020 for the album called E Street Band-featuring Letter to You ?,"I was unable to find total sales for 2020 but I did find that was the best-selling album in the US the week it debuted with 96,000 in sales that first week. It topped 117,000 by its second week and was the fastest-selling album of 2020 to date.",noAnswerButRelevantInfo
food_level2_dial33,1,What festival is the mooncake traditionally eaten?,Mooncakes are traditionally eaten during the Chinese Mid-Autumn Festival.,directAnswer
food_level2_dial33,2,When was the mooncake invented?,"I could not find a record of when the mooncake was invented, but according to legend, the cakes were used to smuggle messages during the Ming revolutionaries effort to overthrow the Mongolians at the end of the Yuan dynasty. The Yuan dynasty ended in 1368 AD.",noAnswerButRelevantInfo
food_level2_dial33,3,What are the key ingredients of the mooncake?,"The Cantonese mooncake consists of a rich thick filling usually made from red bean paste or lotus seed paste is surrounded by a thin, 2–3 mm (approximately 1/8th of an inch) crust and may contain yolks from salted duck eggs. Taro paste, pineapple and durian are used in contemporary styles.",directAnswer
food_level2_dial33,4,What else is lotus seed paste used in?,"Sorry, I did not find any useful information.",noAnswerNoRelevantInfo
food_level2_dial33,5,Does the mooncake have any significance anywhere outside of China?,"Sorry i didn't find the answer but I found the Mid-Autumn Festival also known as the Moon festival, or Mooncake festival, is a traditional festival celebrated in mainland China, Taiwan, Hong Kong, Macau, and Vietnam, as well as by overseas Chinese and Vietnamese communities.",noAnswerButRelevantInfo
food_level2_dial33,6,"Yes, I would like to know about mooncake in Malaysia.","George Town, Kuala Lumpur and Sabah all have diverse types of moon cakes that  are quite similar to the traditional Chinese. However, many prefer to add 100% pure Hunan lotus seed to maintain the quality of mooncake.",directAnswer
top25_dial43,1,What charity work is Val Kilmer known as participating in?,"Kilmer was involved in 2005 Hurricane Katrina disaster relief, is a supporter of Native American affairs, and an advocate of environmental protection.",directAnswer
top25_dial43,2,How many awards has Val Kilmer won for acting?,Sorry I couldn't find the full list of awards Val Kilmer has won but he was nominated for the Saturn Award for Best Supporting Actor twice.,noAnswerButRelevantInfo
top25_dial43,3,Has Val Kilmer appeared in any music videos?,"On March 26, 2012 a 6-minute film was uploaded to the Tenacious D channel on YouTube. The film features numerous cameo appearances, including Maria Menounos, Val Kilmer, Dave Grohl, Yoshiki Hayashi, Josh Groban, Richard Ghagan, Mike White, Tim Robbins and Jimmy Kimmel.",directAnswer
top25_dial43,4,What health issues has Val Kilmer had?,"In December 2017, The Hollywood Reporter revealed that Kilmer had gone through a ""two-year battle with throat cancer"" and that ""a procedure on his trachea has reduced his voice to a rasp and rendered him short of breath"".",directAnswer
top25_dial43,5,What is Val Kilmer's association with video games?,"Kilmer has also done voice acting as Walker Sloan in the video game Spider-Man: Edge of Time and he also appeared as ""Mongoose"" in TV series adaptation of the comic/video game of XIII on NBC.",directAnswer
top25_dial43,6,Who created the XIII series comic book?,"XIII (Thirteen), the comic book, was created by writer Jean Van Hamme and artist William Vance.",directAnswer
food_level3_dial25,1,What is the name of the company that PepsiCo acquired on 202p and which is the largest?,"In 2020, PepsiCo acquired the company Rockstar Energy.",directAnswer
food_level3_dial25,2,Who is the major competition of PepsiCo?,"PepsiCo has two main competitors in different market sectors. The Coca-Cola Company is its largest competitor in the beverage market, and Kraft Foods is its largest competitor in the snack foods market.",directAnswer
food_level3_dial25,3,What type of foods does PepsiCo sell so that can compete with Kraft foods?,"Kraft Foods is PepsiCo's main competitor in snack food market, holding 11% of the market share compared PepsiCo's 39% in 2009.",directAnswer
food_level3_dial25,4,Which company is larger Kraft or PepsiCo?,"As of January 2021, Pepsi possesses 23 brands that have over $1 billion in sales. Kraft has seventy additional brands have revenues greater than $100 million. In total, 40 brands are at least 100 years old.",noAnswerButRelevantInfo
food_level3_dial25,5,Is PepsiCo or Coca-Cola the more successful company?,"Pepsi, the flagship product of PepsiCo, the Coca-Cola Company's main rival in the soft drink industry, is usually second to Coke in sales.",directAnswer
food_level3_dial25,6,Where is the PepsiCo headquarters located?,"PepsiCo, Inc. is an American multinational food, snack, and beverage corporation headquartered in Harrison, New York, in the hamlet of Purchase.",directAnswer
hobby_level2_dial8,1,What type of protective gear is typically worn during a paintball competition?,"Most players wear protective masks or goggles, and may also wear hard-shelled armor, elbow and kneepads, padded or armored gloves, jockstraps, and hats, toques, or bandanas.",directAnswer
hobby_level2_dial8,2,Just most players? Are there any official rules requiring any protective gear in official matches?,"The official rules vary amongst countries and regions, though most areas require protective masks and barrel-blocking safety equipment.",directAnswer
hobby_level2_dial8,3,What is a barrel blocking equipment used in paintball competitions?,"Squeegee/swab is used as a barrel blocking equipment in paintball competitions. There are several types of squeegee, most of which are advantageous in two of three areas and disadvantageous in the last: cleaning time, effectiveness, and storage space.",directAnswer
hobby_level2_dial8,4,Are there any other examples of barrel blocking equipment besides squeegees?,"Yes; two common types of barrel blockers are barrel plugs and barrel socks. A barrel plug fits into the muzzle of a marker (paintball gun) and breaks paintballs against the plug, while barrel socks are placed over the muzzle of the marker and catch paintballs exiting the muzzle.",directAnswer
hobby_level2_dial8,5,Why would the barrel blocking equipment be necessary?,"To ensure safety off the playing field, a barrel sock or plug for the marker is also compulsory.",directAnswer
hobby_level2_dial8,6,I see. So who came up with the idea of paintball in the first place?,"The paintball game was invented in May 1981 in New Hampshire by Hayes Noel, a Wall Street stock trader, and Charles Gaines, an outdoorsman and writer.",directAnswer
top25_dial22,1,What was the cause of death for Malcolm X?,The cause of death for Malcolm X was assassination.,directAnswer
top25_dial22,2,What was the method used in Malcom X's assassination?,Malcolm X was preparing to give a speech when he was shot by three men who were wielding a sawed-off shotgun and semi-automatic handguns. He was shot 21 times.,directAnswer
top25_dial22,3,What were the global reactions to Malcolm X's assassination?,"The global reactions to his assassination were wide-ranging and tough to answer in brief.  Would you be interested in knowing more about Martin Luther King's reaction, the reaction outside of the U.S., the allegations of conspiracy that followed it, or possibly it's later portrayal in pop culture?",clarification
top25_dial22,4,What is Malcolm X's legacy?,Malcolm X has been described as one of the greatest and most influential African Americans in history. He is credited with raising the self-esteem of black Americans and reconnecting them with their African heritage.,directAnswer
top25_dial22,5,What was Malcolm X's political affiliation?,"While X started his career with the Nation of Islam, he renounced allegiance to them after completing the Hajj to Mecca.",directAnswer
top25_dial22,6,What's the Hajj? I've never heard of that.,"The Hajj is an annual Islamic pilgrimage to Mecca, Saudi Arabia, the holiest city for Muslims.",directAnswer
top25_dial44,1,What ranking did Kang get from IGN as a supervillain?,Kang was ranked as IGN's 65th-greatest comic book villain of all time in 2009.,directAnswer
top25_dial44,2,I see! Has he been in any of the Marvel movies yet?,"Not yet, but he's slated to make his debut in Ant-Man and the Wasp: Quantumania in 2023.",directAnswer
top25_dial44,3,What are the video games that Kang has appeared in?,"Kang appears as a boss and unlockable playable character in the Facebook game Marvel Avengers Alliance, appears as a boss and playable character in Lego Marvel Super Heroes 2 and appears as a boss in Kabam's Marvel Contest of Champions.",directAnswer
top25_dial44,4,"Even if he has not made an appearance, has Kang been referenced in any other video games or media?","Kang appeared in an episode of the Fantastic Four animated series, The Avengers: United They Stand animated series,  The Avengers: Earth's Mightiest Heroes animated series, the Avengers Assemble animated series, and in the Legendary: A Marvel Deck Building Game's Annihilation cooperative deck-building game.",directAnswer
top25_dial44,5,Were there any games associated with Kang?,Are you asking about other video games or board games?,clarification
food_level2_dial34,1,The dog food market is expected to reach in terms of dollar value in 2022?,"In the United States alone, the dog food market is expected to reach $23.3 billion by 2022.",directAnswer
food_level2_dial34,2,That's really high! Do dogs have anything that makes them need different food than cats?,"While I could not find exactly which foods dogs need that are different from cats, cats can metabolize vitamin D2 and vitamin D3 slightly differently.",noAnswerButRelevantInfo
food_level2_dial34,3,Is it possible for dogs to be fed a vegetarian diet?,"As dogs are omnivorous and evolved to metabolize carbohydrates and thrive on a diet lower in protein, a vegan diet may be substantial if properly formulated and balanced.",directAnswer
food_level2_dial34,4,What are the benefits of feeding a dog a raw diet?,The advantage is forgoing the processing stage that traditional dog food undergoes. This causes less destruction of its nutritional integrity.,directAnswer
food_level2_dial34,5,What are the concerns of feeding a dog a raw diet ?,"The practice of feeding raw diets has raised some concerns due to the risk of foodborne illnesses, zoonosis and nutritional imbalances.",directAnswer
food_level2_dial34,6,How are dog foods for seniors different from normal dog food?,"Senior dog foods have less calories, higher protein content, and highly digestible protein sources when compared to normal dog foods. They also have various added nutrients for brain, gastrointestinal, skin, coat, and immune system health.",directAnswer
hobby_level2_dial19,1,How did John Herbert Gleason get started in acting?,Gleason was working in New York's Club 18 when Jack L. Warner first saw Gleason there and signing him to a film contract for $250 a week.,directAnswer
hobby_level2_dial19,2,I see. Could you tell me about a popular show of his?,"Gleason's most popular character by far was blustery bus driver Ralph Kramden, on the show The Honeymooners. The show was based on Ralph's many get-rich-quick schemes, his ambition, antics with his best friend and neighbor, scatterbrained sewer worker Ed Norton, and clashes with sensible wife Alice, who typically pulled Ralph's head down from the clouds.",directAnswer
hobby_level2_dial19,3,What kind of legacy did John Gleason leave behind?,"A number lasting legacy and honors exist for Gleason such as a theater, induction into hall of fame, nomination for awards, and a bus depot, just to name a few.  Which of these do you want to know more about?",clarification
hobby_level2_dial19,4,When was Gleason inducted into the hall of fame?,Gleason was inducted into the Academy of Television Arts & Sciences Television Hall of Fame in 1986.,directAnswer
hobby_level2_dial19,5,How was Gleason's life in later years?,"Gleason had many medical problems including chest pains that led to triple-bypass surgery, terminal colon cancer which had metastasized to his liver, phlebitis and diabetes. Gleason died at age 71 at his Florida home.",directAnswer
hobby_level2_dial19,6,What was his cause of death?,"I was unable to find a cause of death listed, but he did have terminal colon cancer.",noAnswerButRelevantInfo
top25_dial67,1,Who ranks above Wilder as a heavyweight?,"As of 2021, he was ranked the third-best heavyweight by ESPN, but I don't know who ranked above him during that ranking.",noAnswerButRelevantInfo
top25_dial67,2,Are there other organizations that have ranked Wilder?,"Wilder is ranked forth by The Ring magazine, and fifth by BoxRec and the Transnational Boxing Rankings Board.",directAnswer
top25_dial67,3,Was Wilder ever rank number 1 by Ring Magazine?,I don't have any additional ranking by the Ring Magazine other than the one from 2021 which has him ranked at fourth.,noAnswerButRelevantInfo
top25_dial67,4,What has Wilder done in his post title career?,The only thing I could find post-title is Wilder's match with Tyson Fury.,directAnswer
top25_dial67,5,Has Deontay Wilder set any notable records?,"Sorry, I did not find any useful information.",noAnswerNoRelevantInfo
top25_dial67,6,Who did Deontay Wilder loss too?,"Tyson Fury was the person Deontay Wilder lost to, losing two bouts to him.",directAnswer
top25_dial45,1,What was required between the two top candidates in the general election in Peru in 2011?,A run-off between the top two candidates was required in Peru's 2021 general election.,directAnswer
top25_dial45,2,Why was a run-off required in Peru's 2021 general election?,"In Peru, the top two presidential candidates are chosen via a vote. Next, a run-off is held to see who wins between the two, unless one of the candidates has already gotten more than 50% of the votes in the first round, in which case a run-off is not needed.",directAnswer
top25_dial45,3,Who won the presidential election in Peru on April 11th 2021?,"Pedro Castillo of Free Peru was the winner after defeating Keiko Fujimori by 44,263 votes.",directAnswer
top25_dial45,4,What happened to Keiko Fujimori after his defeat?,"After the election, Fujimori accused her opponents of electoral fraud.",directAnswer
top25_dial45,5,I would like to know about her traveling around Peru.,She traveled across the country to mitigate hesitancy people had towards her because of her connection to Alberto Fujimori.,directAnswer
top25_dial45,6,I see. And what about her working to help her father out?,"This was before her own defat, but Fujimori was working for her father as the First Lady of Peru after he stripped her mother of the title.",directAnswer
food_level2_dial35,1,Does thale cress have a medicinal properties?,"Sorry, I did not find any useful information.",noAnswerNoRelevantInfo
food_level2_dial35,2,Do humans make anything from the arabidopsis flowering plant?,"Arabidopsis thaliana, also known as thale cress, is considered an edible weed, and can be consumed as a salad or cooked. Beyond those food dishes, I could not locate information pertaining to products made from it.",noAnswerButRelevantInfo
food_level2_dial35,3,What kind of climate can arabidopsis thaliana typically be found in?,"Sorry I didn't find the answer, but I found that thaliana is native to Europe, Asia, and tropical alpine ecosystems in Africa and perhaps South Africa. thaliana readily grows and often pioneers rocky, sandy, and calcareous soils.",noAnswerButRelevantInfo
food_level2_dial35,4,Has thale cress been found or brought to anywhere else other than those locations?,"t has been introduced and naturalized worldwide, including in North America around the 17th century. Interestingly, research on A. thaliana is being performed on the International Space Station by the European Space Agency.",directAnswer
food_level2_dial35,5,What kind of habitat does arabidopsis thaliana live in?,"It appears to be native in tropical alpine ecosystems and readily grows in rocky, sandy, and calcareous soils.",directAnswer
food_level2_dial35,6,What feature does the arabidopsis thaliana have that make them adopt to different climate conditions?,"A. thaliana readily grows and often pioneers rocky, sandy, and calcareous soils and is considered a weed due to its widespread distribution in different places.",directAnswer
top25_dial68,1,How did McConnell get into politics?,Which McConnell would you like to know about: Mitch McConnell or Scott McConnell?,clarification
top25_dial68,2,How did Addison Mitchell McConnell III get into politics?,Mitch McConnell started his career in politics as chief legislative assistant to Senator Marlow Cook in 1968.,directAnswer
top25_dial68,3,What was Addison Mitchell McConnell III's relationship with the Obama administration like?,"McConnell pressured other Republican senators who were willing to negotiate with Democrats and the Obama administration, and is cited as saying ""the single most important thing we want to achieve is for President Obama to be a one-term president."" He also sought to deny Obama the opportunity to appoint federal judges.",directAnswer
top25_dial68,4,How has McConnell been featured in popular culture?,"McConnell, listed as one of the most influential people by Time Magazine in 2015 and 2019, has been referred to as many different nicknames, such as ""Cocaine Mitch"", ""Grim Reaper"", ""Rich Mitch"", ""Nuclear Mitch"", ""Midnight Mitch"", ""Old Crow"", and ""Moscow Mitch"". He has also been mocked by host Jon Stewart for his resemblance to a turtle, and featured in a satirical South Park sketch.",directAnswer
top25_dial68,5,Where did McConnell go to law school?,He attended the University of Kentucky College of Law.,directAnswer
top25_dial68,6,What type law practice does McConnell practice?,"I don't know the type of law he practiced, but I can tell you he worked for a Louisville law firm, Segal, Isenberg, Sales and Stewart, for a few years, filled a position as Deputy Assistant Attorney General under President Gerald Ford, and was elected the Jefferson County judge/executive, the top political office in Jefferson County, Kentucky.",noAnswerButRelevantInfo
top25_dial7,1,What type of superpowers did Monica Rambeau have?,Rambeau can transform herself into any form of energy within the electromagnetic spectrum.,directAnswer
top25_dial7,2,What makes her immortal?,"I could not find a definitive answer, but it seems that her powers were conveyed to her when she was exposed to extra-dimensional energy.",noAnswerButRelevantInfo
top25_dial7,3,How does Monica Rambeau use her invisibility power?,"Her invisibility is a side effect of her other powers. As she has the ability to transform into different types of energy (example: X-rays, gamma rays) she is invisible while in these forms. However, she is not invisible in every form, such as when she transforms into visible light. How she uses the invisibility that comes with some of these forms I cannot say with certainty. Would you instead like to learn more about some of her other energy forms?",noAnswerButRelevantInfo
top25_dial7,4,"What is the advantage of X-ray form, other than invisibility?",X-ray form like all other forms gives the advantage of flight as well as the advantage of projecting the energy.,directAnswer
top25_dial7,5,Did Monica Rambeau face any enemies?,"Rambeau has fought alongside the Avengers against Egghead and Plantman, alongside  Doctor Strange and the Scarlet Witch in battling Dracula, and two of her other enemies included super-powered psychiatrist Moonstone (Karla Sofen), and Moonstone's powerful pawn Blackout (Marcus Daniels).  She's also participated in battles against the Beyonder, a confused Jean Grey, Kang the Conqueror, Attuma, and Grandmaster.",directAnswer
top25_dial7,6,So what was the first comic she was in?,Monica Rambeau debuted in The Amazing Spider-Man Annual #16 (October 1982).,directAnswer
top25_dial70,1,Did Money Heist win a Golden Globe award?,"Money Heist was nominated for numerous awards in 2017, 2018, 2019 and 2020, but it was never nominated for, nor awarded, a Golden Globe.",directAnswer
top25_dial70,2,What awards did Money Heist win?,"The series won many awards, most notably the International Emmy Award for Best Drama Series.",directAnswer
top25_dial70,3,What year did Money Heist win an international Emmy for Best Drama series?,"Money Heist won Best Drama at the 46th International Emmy Awards, on November 19th, 2018.",directAnswer
top25_dial70,4,How much did Money Heist gross?,"Sorry, I did not find any useful information.",noAnswerNoRelevantInfo
top25_dial8,1,Is Buddhism still currently the dominant religion in Myanmar?,"Yes, in 2016, 90% of the population in Burma practiced Buddhism.",directAnswer
top25_dial8,2,What foods are culturally important in Myanmar's cuisine?,"Staple Burmese foods include soups, curries, noodles, and rice. Which would you like to know more of?",clarification
top25_dial8,3,What is the ingredients of a Burmese salads?,"Burmese salads are typically centered on one major ingredient, ranging from starches (e.g., rice and noodles) and cooked ingredients (e.g., Burmese fritters and proteins) to raw fruits and vegetables. Common starches used in Burmese salads include rice, egg noodles, rice vermicelli, rice noodles, and potatoes. Burmese salads may also feature raw vegetables and fruits, such as tomatoes, cabbage, onions, kaffir lime, long beans, and mangoes.",directAnswer
top25_dial8,4,What are Myanmar's military strengths?,"Things that give an advantage to the Myanmar military are it’s large number of troops, which in 2006 was reported at 350,000 along with this the army has extensive combat experience fighting insurgents.",directAnswer
top25_dial8,5,What is the tourism industry like in Myanmar?,"Although Myanmar possesses great tourist potential and attractions in many respects, much of the industry remains to be developed. Current popular available tourist destinations in Myanmar include big cities, religious sites, nature trails, ancient cities, and beaches. Which of these are you interested in learning more about?",clarification
top25_dial8,6,I am interested in religious sites.,"The religious sites are found in Mon State, Pindaya, Bago and Hpa-An. Which one would you like to explore more about?",clarification
top25_dial9,1,What political party is Matthew Louis Gaetz II affiliated with?,Matthew Louis Gaetz II is a Republican.,directAnswer
top25_dial9,2,Is Gaetz associated with anyone notable?,"Mattew Gaetz is a politician associated with many notable people, including his father and grandfather who were both politicians. Which of these two people do you want to learn more about?",directAnswer
top25_dial9,3,I'd like to know more about Matthew Gaetz's father.,"Don Gaetz, Matt Gaetz's father, is a Republican politician. He has previously been a member of the Florida state senate.",directAnswer
top25_dial9,4,What are the specific accusations against Gaetz regarding sex trafficking?,"He has been accused of paying a 17-year-old girl to travel with him across state lines, asking women to recruit others for sex, and accepting paid escorts who were sexually trafficked in exchange for political access or legislative favors for Jason Pirozzola, a marijuana entrepreneur and hand surgeon.",directAnswer
top25_dial9,5,Is Gaetz also involved in the marijuana industry in any way?,"Gaetz has introduced legislation to reclassify cannabis from Schedule I to Schedule III under the Controlled Substances Act. In November 2019, Gaetz was one of only two Republicans on the House Judiciary Committee to vote for the Marijuana Opportunity Reinvestment and Expungement (MORE) Act, which among other reforms would remove cannabis from the Controlled Substances Act.",directAnswer
top25_dial9,6,What other drugs are a part of the Controlled Substances Act?,"There are five different schedules of controlled substances, numbered I–V, which one would you like to know about?",clarification
top25_dial47,1,Why did Cassius Marcellus Clay change his name to Muhammad Ali?,Cassius Clay changed his name to Muhammad Ali due to his conversion to Islam and affiliation with the Nation of Islam.,directAnswer
top25_dial47,2,What factors influenced his conversion to become a Muslim?,Sorry i didn't find the answer but i found Malcolm X played a huge role in evolving Muhammad Ali's religious views by steering him towards the Nation of Islam.,noAnswerButRelevantInfo
top25_dial47,3,How was Muhammad Ali commemorated?,"Muhammad Ali has been commemorated in many ways, with his commemorations falling into both sporting, cultural, and civic categories. Which of these categories would you like to know more about?",clarification
top25_dial47,4,Why did Muhammad Ali's health decline?,"Muhammad Ali's bout with Parkinson's Syndrome led to a gradual decline in his health. His subsequent battles with pneumonia in 2014 , together with urinary tract infection, a respiratory illness and the ultimate septic shock in 2016 also contributed to the decline in his health and death.",directAnswer
top25_dial47,5,What was Muhammad Ali's personal life like?,"Much of the information about Ali's personal life falls into three categories, his time growing up, his time during the Vietnam war era, his marriages and children, and his membership in the Nation of Islam. Which category would you like further information about?",clarification
top25_dial47,6,I'd like to know more about his time growing up?,"Ali was born on January 17, 1942 in Louisville, Kentucky. He was a descendant of slaves of the antebellum South, mixed with Irish and English heritage.",directAnswer
top25_dial47,7,Tell me more about his personal life growing up!,"He had one brother and was named after his father, Cassius Marcellus Clay Sr.Ali was first directed toward boxing by Louisville police officer and boxing coach Joe E. Martin; Clay made his amateur boxing debut in 1954.",directAnswer
top25_dial48,1,Why was Queen Elizabeth known as the Queen Mother?,"Queen Elizabeth The Queen Mother (queen consort, 1936–1952; queen mother, 1952–2002), was the mother of Queen Elizabeth II and one of the few people to use the term as an official style. A queen mother is a former queen, often a queen dowager, who is the mother of the reigning monarch.",directAnswer
top25_dial48,2,How many countries did Elizabeth The Queen Mother visit during her reign?,"Sorry that I didn't find the answer, but I found the Queen visited France in summer 1938, and in 1939 she visited Canada as well as the United States.",noAnswerButRelevantInfo
top25_dial48,3,Where did the Queen Mother live when she was alive?,The Queen Mother resided in the The Royal Lodge in Windsor Great Park from 1952 until her death in 2002.,directAnswer
top25_dial48,4,"Tell me what you know about her childhood, please!","Elizabeth Angela Marguerite Bowes-Lyon was the youngest daughter and the ninth of ten children of Claude Bowes-Lyon and his wife, Cecilia Cavendish-Bentinck, being christened 23 September 1900, in the local parish church, All Saints. Elizabeth spent much of her childhood at St Paul's Walden and at Glamis Castle, the Earl's ancestral home in Scotland, where she was edicated at home by a governeess.",directAnswer
top25_dial48,5,What was her major in college if she went to college?,"I could not find anything about if she want to college, but when she attended school as a youth her best subjects were literature and scripture.",directAnswer
top25_dial48,6,What was her test score to receive distinction at age thirteen?,"Sorry, I did not find any useful information.",noAnswerNoRelevantInfo
top25_dial49,1,How did Lana Wachowski get started in the film industry?,"Lana Wachowski, along with her sister Lilly, began her career in the film industry by writing scripts in the mid-1990s. The first script to be released was Assassins in 1995.",directAnswer
top25_dial49,2,Has the Matrix franchise evolved into video games?,"Yes, three video games have been released as part of the Matrix franchise.",directAnswer
top25_dial49,3,Who were some of the Wachowski's influences?,"Wachowski was influenced by, among many others, Ken Wilber,  J. Michael Straczynski, Roger Corman, and John Woo.",directAnswer
top25_dial49,4,I am interested in their influences by authors.,"Mark Miller, writing in Wired in 2003, listed Homer, Hermann Hesse, Fyodor Dostoyevsky, and philosopher Cornel West as authors that influenced the Wachowskis.",directAnswer
top25_dial49,5,Is Lana Wachowski married?,"Yes, she married Thea Bloom in 1993. After her divorce from Bloom she married Karin Winslow in 2009.",directAnswer
top25_dial49,6,Are there any people the Wachowskis frequently work with?,The Wachowskis frequently hire the same basic film crew to make their movies to ensure a positive environment.,directAnswer
