nohup: ignoring input
2025-07-20 22:40:08 - DataPreprocessorMain - INFO - ✅ データを正常に読み込みました: /mnt/disk6/daiki/Datasets/INSCIT/data/train.json
2025-07-20 22:40:08 - DataPreprocessorMain - INFO - 🔄 モデル 'castorini/t5-base-canard' を読み込み中...
You are using the default legacy behaviour of the <class 'transformers.models.t5.tokenization_t5.T5Tokenizer'>. This is expected, and simply means that the `legacy` (previous) behavior will be used so nothing changes for you. If you want to use the new behaviour, set `legacy=False`. This should only be set if you understand what it means, and thoroughly read the reason why this was added as explained in https://github.com/huggingface/transformers/pull/24565
2025-07-20 22:40:12 - DataPreprocessorMain - INFO - ✅ モデルの読み込みが完了しました（デバイス: cuda）
2025-07-20 22:40:12 - DataPreprocessorMain - INFO - 
==================================================
2025-07-20 22:40:12 - DataPreprocessorMain - INFO - 📋 データ処理開始
2025-07-20 22:40:12 - DataPreprocessorMain - INFO - ==================================================
2025-07-20 22:40:12 - DataPreprocessorMain - INFO - 入力ファイル: /mnt/disk6/daiki/Datasets/INSCIT/data/train.json
2025-07-20 22:40:12 - DataPreprocessorMain - INFO - 出力ファイル: /mnt/disk6/daiki/Datasets/INSCIT/data/train_resolved.json
2025-07-20 22:40:12 - DataPreprocessorMain - INFO - 総ダイアログ数: 250
2025-07-20 22:40:12 - DataPreprocessorMain - INFO - 処理対象範囲: 0 から 249 まで
2025-07-20 22:40:12 - DataPreprocessorMain - INFO - 処理対象数: 250
2025-07-20 22:40:12 - DataPreprocessorMain - INFO - 
------------------------------
2025-07-20 22:40:12 - DataPreprocessorMain - INFO - 📌 ダイアログ 1/250 を処理中
2025-07-20 22:40:12 - DataPreprocessorMain - INFO - ------------------------------
2025-07-20 22:40:12 - DataPreprocessorMain - INFO - ダイアログキー: food_level3_dial26
2025-07-20 22:40:12 - DataPreprocessorMain - INFO - ターン数: 6
2025-07-20 22:40:12 - DataPreprocessorMain - INFO - 🔄 ターン 1 を処理中...
2025-07-20 22:40:13 - DataPreprocessorMain - INFO -   元のクエリ: How does ultraviolet spoil beer?
2025-07-20 22:40:13 - DataPreprocessorMain - INFO -   書き換えクエリ: How does ultraviolet spoil beer ?
2025-07-20 22:40:13 - DataPreprocessorMain - INFO - 🔄 ターン 2 を処理中...
2025-07-20 22:40:13 - DataPreprocessorMain - INFO -   元のクエリ: What are the different colors of glass used for beer bottles?
2025-07-20 22:40:13 - DataPreprocessorMain - INFO -   書き換えクエリ: What are the different colors of glass used for beer bottles ?
2025-07-20 22:40:13 - DataPreprocessorMain - INFO - 🔄 ターン 3 を処理中...
2025-07-20 22:40:14 - DataPreprocessorMain - INFO -   元のクエリ: How is the beer glass colored brown or green?
2025-07-20 22:40:14 - DataPreprocessorMain - INFO -   書き換えクエリ: How is the beer glass colored brown or green ?
2025-07-20 22:40:14 - DataPreprocessorMain - INFO - 🔄 ターン 4 を処理中...
2025-07-20 22:40:14 - DataPreprocessorMain - INFO -   元のクエリ: What is lightstruck beer?
2025-07-20 22:40:14 - DataPreprocessorMain - INFO -   書き換えクエリ: What is lightstruck beer ?
2025-07-20 22:40:14 - DataPreprocessorMain - INFO - 🔄 ターン 5 を処理中...
2025-07-20 22:40:14 - DataPreprocessorMain - INFO -   元のクエリ: What are some other skunky beers?
2025-07-20 22:40:14 - DataPreprocessorMain - INFO -   書き換えクエリ: What are some other skunky beers aside from lightstruck ?
2025-07-20 22:40:14 - DataPreprocessorMain - INFO - 🔄 ターン 6 を処理中...
2025-07-20 22:40:15 - DataPreprocessorMain - INFO -   元のクエリ: How about using bottles as weapons? Does that only happen in the movies?
2025-07-20 22:40:15 - DataPreprocessorMain - INFO -   書き換えクエリ: Does using bottles as weapons happen in the movies ?
2025-07-20 22:40:15 - DataPreprocessorMain - INFO - ✅ ダイアログ 1 の処理が完了しました
2025-07-20 22:40:15 - DataPreprocessorMain - INFO - 
------------------------------
2025-07-20 22:40:15 - DataPreprocessorMain - INFO - 📌 ダイアログ 2/250 を処理中
2025-07-20 22:40:15 - DataPreprocessorMain - INFO - ------------------------------
2025-07-20 22:40:15 - DataPreprocessorMain - INFO - ダイアログキー: hobby_level1_dial16
2025-07-20 22:40:15 - DataPreprocessorMain - INFO - ターン数: 6
2025-07-20 22:40:15 - DataPreprocessorMain - INFO - 🔄 ターン 1 を処理中...
2025-07-20 22:40:15 - DataPreprocessorMain - INFO -   元のクエリ: How do cameras work?
2025-07-20 22:40:15 - DataPreprocessorMain - INFO -   書き換えクエリ: How do cameras work ?
2025-07-20 22:40:15 - DataPreprocessorMain - INFO - 🔄 ターン 2 を処理中...
2025-07-20 22:40:15 - DataPreprocessorMain - INFO -   元のクエリ: What causes motion blur when using a camera?
2025-07-20 22:40:15 - DataPreprocessorMain - INFO -   書き換えクエリ: What causes motion blur when using a camera ?
2025-07-20 22:40:15 - DataPreprocessorMain - INFO - 🔄 ターン 3 を処理中...
2025-07-20 22:40:16 - DataPreprocessorMain - INFO -   元のクエリ: Is there a way to minimize the motion blur when taking a photo?
2025-07-20 22:40:16 - DataPreprocessorMain - INFO -   書き換えクエリ: Is there a way to minimize the motion blur when taking a photo ?
2025-07-20 22:40:16 - DataPreprocessorMain - INFO - 🔄 ターン 4 を処理中...
2025-07-20 22:40:17 - DataPreprocessorMain - INFO -   元のクエリ: Can you tell me more about what type of tripods i can use for a camera to limit motion blur?
2025-07-20 22:40:17 - DataPreprocessorMain - INFO -   書き換えクエリ: Can you tell me more about what type of tripods i can use for a camera to limit motion blur ?
2025-07-20 22:40:17 - DataPreprocessorMain - INFO - 🔄 ターン 5 を処理中...
2025-07-20 22:40:17 - DataPreprocessorMain - INFO -   元のクエリ: I am interested in the least expensive ones.
2025-07-20 22:40:17 - DataPreprocessorMain - INFO -   書き換えクエリ: I am interested in the least expensive tripods .
2025-07-20 22:40:17 - DataPreprocessorMain - INFO - 🔄 ターン 6 を処理中...
2025-07-20 22:40:17 - DataPreprocessorMain - INFO -   元のクエリ: What makes other tripods more expensive than ones made with aluminum tubing?
2025-07-20 22:40:17 - DataPreprocessorMain - INFO -   書き換えクエリ: What makes other tripods more expensive than ones made with aluminum tubing ?
2025-07-20 22:40:17 - DataPreprocessorMain - INFO - ✅ ダイアログ 2 の処理が完了しました
2025-07-20 22:40:17 - DataPreprocessorMain - INFO - 
------------------------------
2025-07-20 22:40:17 - DataPreprocessorMain - INFO - 📌 ダイアログ 3/250 を処理中
2025-07-20 22:40:17 - DataPreprocessorMain - INFO - ------------------------------
2025-07-20 22:40:17 - DataPreprocessorMain - INFO - ダイアログキー: top25_dial5
2025-07-20 22:40:17 - DataPreprocessorMain - INFO - ターン数: 3
2025-07-20 22:40:17 - DataPreprocessorMain - INFO - 🔄 ターン 1 を処理中...
2025-07-20 22:40:18 - DataPreprocessorMain - INFO -   元のクエリ: What other movies has Jaume Collet-Serra directed?
2025-07-20 22:40:18 - DataPreprocessorMain - INFO -   書き換えクエリ: What other movies has Jaume Collet-Serra directed besides The Hunger Games ?
2025-07-20 22:40:18 - DataPreprocessorMain - INFO - 🔄 ターン 2 を処理中...
2025-07-20 22:40:18 - DataPreprocessorMain - INFO -   元のクエリ: Which country had the highest box office sales the first week of screening Jungle Cruise?
2025-07-20 22:40:18 - DataPreprocessorMain - INFO -   書き換えクエリ: Which country had the highest box office sales the first week of screening Jungle Cruise ?
2025-07-20 22:40:18 - DataPreprocessorMain - INFO - 🔄 ターン 3 を処理中...
2025-07-20 22:40:19 - DataPreprocessorMain - INFO -   元のクエリ: How much box office total did the movie get after its run in the cinemas?
2025-07-20 22:40:19 - DataPreprocessorMain - INFO -   書き換えクエリ: How much box office total did the movie Jungle Cruise get after its run in the cinemas ?
2025-07-20 22:40:19 - DataPreprocessorMain - INFO - ✅ ダイアログ 3 の処理が完了しました
2025-07-20 22:40:19 - DataPreprocessorMain - INFO - 
------------------------------
2025-07-20 22:40:19 - DataPreprocessorMain - INFO - 📌 ダイアログ 4/250 を処理中
2025-07-20 22:40:19 - DataPreprocessorMain - INFO - ------------------------------
2025-07-20 22:40:19 - DataPreprocessorMain - INFO - ダイアログキー: food_level2_dial36
2025-07-20 22:40:19 - DataPreprocessorMain - INFO - ターン数: 5
2025-07-20 22:40:19 - DataPreprocessorMain - INFO - 🔄 ターン 1 を処理中...
2025-07-20 22:40:19 - DataPreprocessorMain - INFO -   元のクエリ: Ginkgo biloba is native to what country?
2025-07-20 22:40:19 - DataPreprocessorMain - INFO -   書き換えクエリ: Ginkgo biloba is native to what country ?
2025-07-20 22:40:19 - DataPreprocessorMain - INFO - 🔄 ターン 2 を処理中...
2025-07-20 22:40:20 - DataPreprocessorMain - INFO -   元のクエリ: Is the Ginkgo bilbo found anywhere else?
2025-07-20 22:40:20 - DataPreprocessorMain - INFO -   書き換えクエリ: Is the Ginkgo bilbo found anywhere else other than China ?
2025-07-20 22:40:20 - DataPreprocessorMain - INFO - 🔄 ターン 3 を処理中...
2025-07-20 22:40:20 - DataPreprocessorMain - INFO -   元のクエリ: How long will a ginkgo biloba typically live?
2025-07-20 22:40:20 - DataPreprocessorMain - INFO -   書き換えクエリ: How long will a ginkgo biloba typically live in China ?
2025-07-20 22:40:20 - DataPreprocessorMain - INFO - 🔄 ターン 4 を処理中...
2025-07-20 22:40:21 - DataPreprocessorMain - INFO -   元のクエリ: What kind of climate is suitable to grow Ginkgo biloba?
2025-07-20 22:40:21 - DataPreprocessorMain - INFO -   書き換えクエリ: What kind of climate is suitable to grow Ginkgo biloba ?
2025-07-20 22:40:21 - DataPreprocessorMain - INFO - 🔄 ターン 5 を処理中...
2025-07-20 22:40:21 - DataPreprocessorMain - INFO -   元のクエリ: What are the culinary uses for ginkgo biloba?
2025-07-20 22:40:21 - DataPreprocessorMain - INFO -   書き換えクエリ: What are the culinary uses for ginkgo biloba ?
2025-07-20 22:40:21 - DataPreprocessorMain - INFO - ✅ ダイアログ 4 の処理が完了しました
2025-07-20 22:40:21 - DataPreprocessorMain - INFO - 
------------------------------
2025-07-20 22:40:21 - DataPreprocessorMain - INFO - 📌 ダイアログ 5/250 を処理中
2025-07-20 22:40:21 - DataPreprocessorMain - INFO - ------------------------------
2025-07-20 22:40:21 - DataPreprocessorMain - INFO - ダイアログキー: food_level3_dial27
2025-07-20 22:40:21 - DataPreprocessorMain - INFO - ターン数: 6
2025-07-20 22:40:21 - DataPreprocessorMain - INFO - 🔄 ターン 1 を処理中...
2025-07-20 22:40:22 - DataPreprocessorMain - INFO -   元のクエリ: How many countries does the popular restaurant chain Chipotle serve?
2025-07-20 22:40:22 - DataPreprocessorMain - INFO -   書き換えクエリ: How many countries does the popular restaurant chain Chipotle serve ?
2025-07-20 22:40:22 - DataPreprocessorMain - INFO - 🔄 ターン 2 を処理中...
2025-07-20 22:40:22 - DataPreprocessorMain - INFO -   元のクエリ: When was Chipotle founded?
2025-07-20 22:40:22 - DataPreprocessorMain - INFO -   書き換えクエリ: When was Chipotle founded ?
2025-07-20 22:40:22 - DataPreprocessorMain - INFO - 🔄 ターン 3 を処理中...
2025-07-20 22:40:22 - DataPreprocessorMain - INFO -   元のクエリ: What is the name of the person who Chipotle in 1993?
2025-07-20 22:40:22 - DataPreprocessorMain - INFO -   書き換えクエリ: What is the name of the person who Chipotle in 1993?
2025-07-20 22:40:22 - DataPreprocessorMain - INFO - 🔄 ターン 4 を処理中...
2025-07-20 22:40:23 - DataPreprocessorMain - INFO -   元のクエリ: Is Steve Ells the founder of any other restaurants or businesses?
2025-07-20 22:40:23 - DataPreprocessorMain - INFO -   書き換えクエリ: Is Steve Ells the founder of any other restaurants or businesses besides Chipotle ?
2025-07-20 22:40:23 - DataPreprocessorMain - INFO - 🔄 ターン 5 を処理中...
2025-07-20 22:40:23 - DataPreprocessorMain - INFO -   元のクエリ: What is the most popular menu item ordered at Chipotle?
2025-07-20 22:40:23 - DataPreprocessorMain - INFO -   書き換えクエリ: What is the most popular menu item ordered at Chipotle ?
2025-07-20 22:40:23 - DataPreprocessorMain - INFO - 🔄 ターン 6 を処理中...
2025-07-20 22:40:24 - DataPreprocessorMain - INFO -   元のクエリ: Does Chipotle serve an breakfast menu?
2025-07-20 22:40:24 - DataPreprocessorMain - INFO -   書き換えクエリ: Does Chipotle serve an breakfast menu ?
2025-07-20 22:40:24 - DataPreprocessorMain - INFO - ✅ ダイアログ 5 の処理が完了しました
2025-07-20 22:40:24 - DataPreprocessorMain - INFO - 
------------------------------
2025-07-20 22:40:24 - DataPreprocessorMain - INFO - 📌 ダイアログ 6/250 を処理中
2025-07-20 22:40:24 - DataPreprocessorMain - INFO - ------------------------------
2025-07-20 22:40:24 - DataPreprocessorMain - INFO - ダイアログキー: food_level2_dial37
2025-07-20 22:40:24 - DataPreprocessorMain - INFO - ターン数: 6
2025-07-20 22:40:24 - DataPreprocessorMain - INFO - 🔄 ターン 1 を処理中...
2025-07-20 22:40:24 - DataPreprocessorMain - INFO -   元のクエリ: What two labels have been given to Hong Kong for their cuisine?
2025-07-20 22:40:24 - DataPreprocessorMain - INFO -   書き換えクエリ: What two labels have been given to Hong Kong for their cuisine ?
2025-07-20 22:40:24 - DataPreprocessorMain - INFO - 🔄 ターン 2 を処理中...
2025-07-20 22:40:24 - DataPreprocessorMain - INFO -   元のクエリ: What is the western take on Hong Kong cuisine?
2025-07-20 22:40:24 - DataPreprocessorMain - INFO -   書き換えクエリ: What is the western take on Hong Kong cuisine ?
2025-07-20 22:40:24 - DataPreprocessorMain - INFO - 🔄 ターン 3 を処理中...
2025-07-20 22:40:24 - DataPreprocessorMain - INFO -   元のクエリ: Which cultures influence Hong Kong Cuisine?
2025-07-20 22:40:24 - DataPreprocessorMain - INFO -   書き換えクエリ: Which cultures influence Hong Kong Cuisine ?
2025-07-20 22:40:24 - DataPreprocessorMain - INFO - 🔄 ターン 4 を処理中...
2025-07-20 22:40:25 - DataPreprocessorMain - INFO -   元のクエリ: What are some of the ingredients that are typically found in Hong Kong cuisine?
2025-07-20 22:40:25 - DataPreprocessorMain - INFO -   書き換えクエリ: What are some of the ingredients that are typically found in Hong Kong cuisine ?
2025-07-20 22:40:25 - DataPreprocessorMain - INFO - 🔄 ターン 5 を処理中...
2025-07-20 22:40:25 - DataPreprocessorMain - INFO -   元のクエリ: What are some popular street food in Hong Kong?
2025-07-20 22:40:25 - DataPreprocessorMain - INFO -   書き換えクエリ: What are some popular street food in Hong Kong ?
2025-07-20 22:40:25 - DataPreprocessorMain - INFO - 🔄 ターン 6 を処理中...
2025-07-20 22:40:26 - DataPreprocessorMain - INFO -   元のクエリ: What gives "stinky tofu" its name?
2025-07-20 22:40:26 - DataPreprocessorMain - INFO -   書き換えクエリ: What gives Hong Kong street food "stinky tofu" its name ?
2025-07-20 22:40:26 - DataPreprocessorMain - INFO - ✅ ダイアログ 6 の処理が完了しました
2025-07-20 22:40:26 - DataPreprocessorMain - INFO - 
------------------------------
2025-07-20 22:40:26 - DataPreprocessorMain - INFO - 📌 ダイアログ 7/250 を処理中
2025-07-20 22:40:26 - DataPreprocessorMain - INFO - ------------------------------
2025-07-20 22:40:26 - DataPreprocessorMain - INFO - ダイアログキー: food_level2_dial12
2025-07-20 22:40:26 - DataPreprocessorMain - INFO - ターン数: 6
2025-07-20 22:40:26 - DataPreprocessorMain - INFO - 🔄 ターン 1 を処理中...
2025-07-20 22:40:26 - DataPreprocessorMain - INFO -   元のクエリ: How many liters of water consumption per day is recommended for good health in hot climates?
2025-07-20 22:40:26 - DataPreprocessorMain - INFO -   書き換えクエリ: How many liters of water consumption per day is recommended for good health in hot climates ?
2025-07-20 22:40:26 - DataPreprocessorMain - INFO - 🔄 ターン 2 を処理中...
2025-07-20 22:40:27 - DataPreprocessorMain - INFO -   元のクエリ: What methods are used to determine the safety of drinking water?
2025-07-20 22:40:27 - DataPreprocessorMain - INFO -   書き換えクエリ: What methods are used to determine the safety of drinking water in hot climates ?
2025-07-20 22:40:27 - DataPreprocessorMain - INFO - 🔄 ターン 3 を処理中...
2025-07-20 22:40:27 - DataPreprocessorMain - INFO -   元のクエリ: What are the physical parameters that make water safe to drink?
2025-07-20 22:40:27 - DataPreprocessorMain - INFO -   書き換えクエリ: What are the physical parameters that make water safe to drink ?
2025-07-20 22:40:27 - DataPreprocessorMain - INFO - 🔄 ターン 4 を処理中...
2025-07-20 22:40:28 - DataPreprocessorMain - INFO -   元のクエリ: What measures are in place to make sure drinking water is safe?
2025-07-20 22:40:28 - DataPreprocessorMain - INFO -   書き換えクエリ: What measures are in place to make sure drinking water is safe ?
2025-07-20 22:40:28 - DataPreprocessorMain - INFO - 🔄 ターン 5 を処理中...
2025-07-20 22:40:28 - DataPreprocessorMain - INFO -   元のクエリ: Does the EPA oversee the quality of bottled water as well?
2025-07-20 22:40:28 - DataPreprocessorMain - INFO -   書き換えクエリ: Does the EPA oversee the quality of bottled water as well ?
2025-07-20 22:40:28 - DataPreprocessorMain - INFO - 🔄 ターン 6 を処理中...
2025-07-20 22:40:29 - DataPreprocessorMain - INFO -   元のクエリ: Was the Food and Drug Administration founded before or after the EPA?
2025-07-20 22:40:29 - DataPreprocessorMain - INFO -   書き換えクエリ: Was the Food and Drug Administration founded before or after the EPA ?
2025-07-20 22:40:29 - DataPreprocessorMain - INFO - ✅ ダイアログ 7 の処理が完了しました
2025-07-20 22:40:29 - DataPreprocessorMain - INFO - 
------------------------------
2025-07-20 22:40:29 - DataPreprocessorMain - INFO - 📌 ダイアログ 8/250 を処理中
2025-07-20 22:40:29 - DataPreprocessorMain - INFO - ------------------------------
2025-07-20 22:40:29 - DataPreprocessorMain - INFO - ダイアログキー: hobby_level2_dial2
2025-07-20 22:40:29 - DataPreprocessorMain - INFO - ターン数: 6
2025-07-20 22:40:29 - DataPreprocessorMain - INFO - 🔄 ターン 1 を処理中...
2025-07-20 22:40:29 - DataPreprocessorMain - INFO -   元のクエリ: What is the main cause of low literacy in the United States?
2025-07-20 22:40:29 - DataPreprocessorMain - INFO -   書き換えクエリ: What is the main cause of low literacy in the United States ?
2025-07-20 22:40:29 - DataPreprocessorMain - INFO - 🔄 ターン 2 を処理中...
2025-07-20 22:40:30 - DataPreprocessorMain - INFO -   元のクエリ: That seems a bit too simple, right? What are some other causes?
2025-07-20 22:40:30 - DataPreprocessorMain - INFO -   書き換えクエリ: Aside from low literacy in the United States , what are some other causes ?
2025-07-20 22:40:30 - DataPreprocessorMain - INFO - 🔄 ターン 3 を処理中...
2025-07-20 22:40:30 - DataPreprocessorMain - INFO -   元のクエリ: How would one be defined as illiterate?
2025-07-20 22:40:30 - DataPreprocessorMain - INFO -   書き換えクエリ: How would one be defined as illiterate in the United States ?
2025-07-20 22:40:30 - DataPreprocessorMain - INFO - 🔄 ターン 4 を処理中...
2025-07-20 22:40:30 - DataPreprocessorMain - INFO -   元のクエリ: What are some solutions to the elementary literacy gap in the United States?
2025-07-20 22:40:30 - DataPreprocessorMain - INFO -   書き換えクエリ: What are some solutions to the elementary literacy gap in the United States ?
2025-07-20 22:40:30 - DataPreprocessorMain - INFO - 🔄 ターン 5 を処理中...
2025-07-20 22:40:31 - DataPreprocessorMain - INFO -   元のクエリ: I interested in the solutions advised by the United State government.
2025-07-20 22:40:31 - DataPreprocessorMain - INFO -   書き換えクエリ: I interested in the solutions advised by the United State government to the elementary literacy gap .
2025-07-20 22:40:31 - DataPreprocessorMain - INFO - 🔄 ターン 6 を処理中...
2025-07-20 22:40:31 - DataPreprocessorMain - INFO -   元のクエリ: What qualifies you to be low income in the United States?
2025-07-20 22:40:31 - DataPreprocessorMain - INFO -   書き換えクエリ: What qualifies you to be low income in the United States ?
2025-07-20 22:40:31 - DataPreprocessorMain - INFO - ✅ ダイアログ 8 の処理が完了しました
2025-07-20 22:40:31 - DataPreprocessorMain - INFO - 
------------------------------
2025-07-20 22:40:31 - DataPreprocessorMain - INFO - 📌 ダイアログ 9/250 を処理中
2025-07-20 22:40:31 - DataPreprocessorMain - INFO - ------------------------------
2025-07-20 22:40:31 - DataPreprocessorMain - INFO - ダイアログキー: hobby_level3_dial33
2025-07-20 22:40:31 - DataPreprocessorMain - INFO - ターン数: 6
2025-07-20 22:40:31 - DataPreprocessorMain - INFO - 🔄 ターン 1 を処理中...
2025-07-20 22:40:32 - DataPreprocessorMain - INFO -   元のクエリ: Which prime minister of India had a mother who was assassinated?
2025-07-20 22:40:32 - DataPreprocessorMain - INFO -   書き換えクエリ: Which prime minister of India had a mother who was assassinated ?
2025-07-20 22:40:32 - DataPreprocessorMain - INFO - 🔄 ターン 2 を処理中...
2025-07-20 22:40:32 - DataPreprocessorMain - INFO -   元のクエリ: What foreign policy was enacted under Rajiv Ratna Gandhi as Prime Minister?
2025-07-20 22:40:32 - DataPreprocessorMain - INFO -   書き換えクエリ: What foreign policy was enacted under Rajiv Ratna Gandhi as Prime Minister ?
2025-07-20 22:40:32 - DataPreprocessorMain - INFO - 🔄 ターン 3 を処理中...
2025-07-20 22:40:33 - DataPreprocessorMain - INFO -   元のクエリ: Did the prime minister succeed in suppressing the coup in Maldives?
2025-07-20 22:40:33 - DataPreprocessorMain - INFO -   書き換えクエリ: Did Rajiv Ratna Gandhi succeed in suppressing the coup in Maldives ?
2025-07-20 22:40:33 - DataPreprocessorMain - INFO - 🔄 ターン 4 を処理中...
2025-07-20 22:40:33 - DataPreprocessorMain - INFO -   元のクエリ: Why did Rajiv Ratna Gandhi receive funding from the KGB?
2025-07-20 22:40:33 - DataPreprocessorMain - INFO -   書き換えクエリ: Why did Rajiv Ratna Gandhi receive funding from the KGB ?
2025-07-20 22:40:33 - DataPreprocessorMain - INFO - 🔄 ターン 5 を処理中...
2025-07-20 22:40:34 - DataPreprocessorMain - INFO -   元のクエリ: What was the public's general view of Rajiv Gandhi?
2025-07-20 22:40:34 - DataPreprocessorMain - INFO -   書き換えクエリ: What was the public's general view of Rajiv Gandhi ?
2025-07-20 22:40:34 - DataPreprocessorMain - INFO - 🔄 ターン 6 を処理中...
2025-07-20 22:40:34 - DataPreprocessorMain - INFO -   元のクエリ: Did Ghandi ever recieved any recognition outside India?
2025-07-20 22:40:34 - DataPreprocessorMain - INFO -   書き換えクエリ: Did Rajiv Ratna Gandhi ever recieve any recognition outside India ?
2025-07-20 22:40:34 - DataPreprocessorMain - INFO - ✅ ダイアログ 9 の処理が完了しました
2025-07-20 22:40:34 - DataPreprocessorMain - INFO - 
------------------------------
2025-07-20 22:40:34 - DataPreprocessorMain - INFO - 📌 ダイアログ 10/250 を処理中
2025-07-20 22:40:34 - DataPreprocessorMain - INFO - ------------------------------
2025-07-20 22:40:34 - DataPreprocessorMain - INFO - ダイアログキー: food_level1_dial1
2025-07-20 22:40:34 - DataPreprocessorMain - INFO - ターン数: 2
2025-07-20 22:40:34 - DataPreprocessorMain - INFO - 🔄 ターン 1 を処理中...
2025-07-20 22:40:35 - DataPreprocessorMain - INFO -   元のクエリ: What is used to consumed sugar in the grapes in the wine making process?
2025-07-20 22:40:35 - DataPreprocessorMain - INFO -   書き換えクエリ: What is used to consumed sugar in the grapes in the wine making process ?
2025-07-20 22:40:35 - DataPreprocessorMain - INFO - 🔄 ターン 2 を処理中...
2025-07-20 22:40:35 - DataPreprocessorMain - INFO -   元のクエリ: Does wine making require a special kind of yeast?
2025-07-20 22:40:35 - DataPreprocessorMain - INFO -   書き換えクエリ: Does wine making require a special kind of yeast ?
2025-07-20 22:40:35 - DataPreprocessorMain - INFO - ✅ ダイアログ 10 の処理が完了しました
2025-07-20 22:40:35 - DataPreprocessorMain - INFO - 
------------------------------
2025-07-20 22:40:35 - DataPreprocessorMain - INFO - 📌 ダイアログ 11/250 を処理中
2025-07-20 22:40:35 - DataPreprocessorMain - INFO - ------------------------------
2025-07-20 22:40:35 - DataPreprocessorMain - INFO - ダイアログキー: hobby_level1_dial17
2025-07-20 22:40:35 - DataPreprocessorMain - INFO - ターン数: 6
2025-07-20 22:40:35 - DataPreprocessorMain - INFO - 🔄 ターン 1 を処理中...
2025-07-20 22:40:35 - DataPreprocessorMain - INFO -   元のクエリ: What kind of animals commonly live in sea shells?
2025-07-20 22:40:35 - DataPreprocessorMain - INFO -   書き換えクエリ: What kind of animals commonly live in sea shells ?
2025-07-20 22:40:35 - DataPreprocessorMain - INFO - 🔄 ターン 2 を処理中...
2025-07-20 22:40:36 - DataPreprocessorMain - INFO -   元のクエリ: Do seashells contain any nutrients?
2025-07-20 22:40:36 - DataPreprocessorMain - INFO -   書き換えクエリ: Do seashells contain any nutrients ?
2025-07-20 22:40:36 - DataPreprocessorMain - INFO - 🔄 ターン 3 を処理中...
2025-07-20 22:40:36 - DataPreprocessorMain - INFO -   元のクエリ: Why are seashells good as poultry feed?
2025-07-20 22:40:36 - DataPreprocessorMain - INFO -   書き換えクエリ: Why are seashells good as poultry feed in India ?
2025-07-20 22:40:36 - DataPreprocessorMain - INFO - 🔄 ターン 4 を処理中...
2025-07-20 22:40:36 - DataPreprocessorMain - INFO -   元のクエリ: I'm interested in learning about Conchology.
2025-07-20 22:40:36 - DataPreprocessorMain - INFO -   書き換えクエリ: I'm interested in learning about Conchology.
2025-07-20 22:40:36 - DataPreprocessorMain - INFO - 🔄 ターン 5 を処理中...
2025-07-20 22:40:37 - DataPreprocessorMain - INFO -   元のクエリ: Can you really hear the ocean if you hold a seashell to your ear?
2025-07-20 22:40:37 - DataPreprocessorMain - INFO -   書き換えクエリ: Can you really hear the ocean if you hold a seashell to your ear ?
2025-07-20 22:40:37 - DataPreprocessorMain - INFO - 🔄 ターン 6 を処理中...
2025-07-20 22:40:38 - DataPreprocessorMain - INFO -   元のクエリ: Are there any places that used seashells as currency in the past?
2025-07-20 22:40:38 - DataPreprocessorMain - INFO -   書き換えクエリ: Are there any places that used seashells as currency in the past ?
2025-07-20 22:40:38 - DataPreprocessorMain - INFO - ✅ ダイアログ 11 の処理が完了しました
2025-07-20 22:40:38 - DataPreprocessorMain - INFO - 
------------------------------
2025-07-20 22:40:38 - DataPreprocessorMain - INFO - 📌 ダイアログ 12/250 を処理中
2025-07-20 22:40:38 - DataPreprocessorMain - INFO - ------------------------------
2025-07-20 22:40:38 - DataPreprocessorMain - INFO - ダイアログキー: top25_dial23
2025-07-20 22:40:38 - DataPreprocessorMain - INFO - ターン数: 6
2025-07-20 22:40:38 - DataPreprocessorMain - INFO - 🔄 ターン 1 を処理中...
2025-07-20 22:40:38 - DataPreprocessorMain - INFO -   元のクエリ: Who was the green party candidate for the 2019 Canadian federal election?
2025-07-20 22:40:38 - DataPreprocessorMain - INFO -   書き換えクエリ: Who was the green party candidate for the 2019 Canadian federal election ?
2025-07-20 22:40:38 - DataPreprocessorMain - INFO - 🔄 ターン 2 を処理中...
2025-07-20 22:40:38 - DataPreprocessorMain - INFO -   元のクエリ: I'm interested in the Green Party candidates for the Members of the House of Commons.
2025-07-20 22:40:38 - DataPreprocessorMain - INFO -   書き換えクエリ: I'm interested in the Green Party candidates for the Members of the House of Commons.
2025-07-20 22:40:38 - DataPreprocessorMain - INFO - 🔄 ターン 3 を処理中...
2025-07-20 22:40:39 - DataPreprocessorMain - INFO -   元のクエリ: And of those Green party candidates in 2019, who were the winners?
2025-07-20 22:40:39 - DataPreprocessorMain - INFO -   書き換えクエリ: And of the Green party candidates for the House of Commons in 2019, who were the winners ?
2025-07-20 22:40:39 - DataPreprocessorMain - INFO - 🔄 ターン 4 を処理中...
2025-07-20 22:40:39 - DataPreprocessorMain - INFO -   元のクエリ: You said Elizabeth May was reelected. How many times has she been elected to Parliament?
2025-07-20 22:40:39 - DataPreprocessorMain - INFO -   書き換えクエリ: How many times has Elizabeth May been elected to Parliament ?
2025-07-20 22:40:39 - DataPreprocessorMain - INFO - 🔄 ターン 5 を処理中...
2025-07-20 22:40:40 - DataPreprocessorMain - INFO -   元のクエリ: What were some campaign slogans from 2019?
2025-07-20 22:40:40 - DataPreprocessorMain - INFO -   書き換えクエリ: What were some campaign slogans from 2019 for the Green Party ?
2025-07-20 22:40:40 - DataPreprocessorMain - INFO - 🔄 ターン 6 を処理中...
2025-07-20 22:40:40 - DataPreprocessorMain - INFO -   元のクエリ: Oh, okay. Well, what is the oldest still functioning political party in Canada?
2025-07-20 22:40:40 - DataPreprocessorMain - INFO -   書き換えクエリ: What is the oldest still functioning political party in Canada ?
2025-07-20 22:40:40 - DataPreprocessorMain - INFO - ✅ ダイアログ 12 の処理が完了しました
2025-07-20 22:40:40 - DataPreprocessorMain - INFO - 
------------------------------
2025-07-20 22:40:40 - DataPreprocessorMain - INFO - 📌 ダイアログ 13/250 を処理中
2025-07-20 22:40:40 - DataPreprocessorMain - INFO - ------------------------------
2025-07-20 22:40:40 - DataPreprocessorMain - INFO - ダイアログキー: food_level3_dial28
2025-07-20 22:40:40 - DataPreprocessorMain - INFO - ターン数: 6
2025-07-20 22:40:40 - DataPreprocessorMain - INFO - 🔄 ターン 1 を処理中...
2025-07-20 22:40:41 - DataPreprocessorMain - INFO -   元のクエリ: Can grenache be found in South Africa?
2025-07-20 22:40:41 - DataPreprocessorMain - INFO -   書き換えクエリ: Can grenache be found in South Africa ?
2025-07-20 22:40:41 - DataPreprocessorMain - INFO - 🔄 ターン 2 を処理中...
2025-07-20 22:40:41 - DataPreprocessorMain - INFO -   元のクエリ: Is there anywhere else grenache is grown?
2025-07-20 22:40:41 - DataPreprocessorMain - INFO -   書き換えクエリ: Is there anywhere else grenache is grown other than South Africa ?
2025-07-20 22:40:41 - DataPreprocessorMain - INFO - 🔄 ターン 3 を処理中...
2025-07-20 22:40:41 - DataPreprocessorMain - INFO -   元のクエリ: What type of growing conditions does Grenache needs to be grown at?
2025-07-20 22:40:41 - DataPreprocessorMain - INFO -   書き換えクエリ: What type of growing conditions does Grenache need to be grown at ?
2025-07-20 22:40:41 - DataPreprocessorMain - INFO - 🔄 ターン 4 を処理中...
2025-07-20 22:40:42 - DataPreprocessorMain - INFO -   元のクエリ: How long does it take for Grenache to grow if it is a hot, dry environment?
2025-07-20 22:40:42 - DataPreprocessorMain - INFO -   書き換えクエリ: How long does Grenache take to grow in a hot, dry environment ?
2025-07-20 22:40:42 - DataPreprocessorMain - INFO - 🔄 ターン 5 を処理中...
2025-07-20 22:40:42 - DataPreprocessorMain - INFO -   元のクエリ: How is grenache used in winemaking?
2025-07-20 22:40:42 - DataPreprocessorMain - INFO -   書き換えクエリ: How is grenache used in wine making ?
2025-07-20 22:40:42 - DataPreprocessorMain - INFO - 🔄 ターン 6 を処理中...
2025-07-20 22:40:43 - DataPreprocessorMain - INFO -   元のクエリ: What kind of flavor is it noted for?
2025-07-20 22:40:43 - DataPreprocessorMain - INFO -   書き換えクエリ: What kind of flavor is grenache noted for ?
2025-07-20 22:40:43 - DataPreprocessorMain - INFO - ✅ ダイアログ 13 の処理が完了しました
2025-07-20 22:40:43 - DataPreprocessorMain - INFO - 
------------------------------
2025-07-20 22:40:43 - DataPreprocessorMain - INFO - 📌 ダイアログ 14/250 を処理中
2025-07-20 22:40:43 - DataPreprocessorMain - INFO - ------------------------------
2025-07-20 22:40:43 - DataPreprocessorMain - INFO - ダイアログキー: hobby_level2_dial20
2025-07-20 22:40:43 - DataPreprocessorMain - INFO - ターン数: 6
2025-07-20 22:40:43 - DataPreprocessorMain - INFO - 🔄 ターン 1 を処理中...
2025-07-20 22:40:43 - DataPreprocessorMain - INFO -   元のクエリ: What are the health benefits of Tai Chi?
2025-07-20 22:40:43 - DataPreprocessorMain - INFO -   書き換えクエリ: What are the health benefits of Tai Chi ?
2025-07-20 22:40:43 - DataPreprocessorMain - INFO - 🔄 ターン 2 を処理中...
2025-07-20 22:40:43 - DataPreprocessorMain - INFO -   元のクエリ: Where do the different Tai Chi lineages originate from?
2025-07-20 22:40:43 - DataPreprocessorMain - INFO -   書き換えクエリ: Where do the different Tai Chi lineages originate from ?
2025-07-20 22:40:43 - DataPreprocessorMain - INFO - 🔄 ターン 3 を処理中...
2025-07-20 22:40:44 - DataPreprocessorMain - INFO -   元のクエリ: How is Tai Chi used for self defense?
2025-07-20 22:40:44 - DataPreprocessorMain - INFO -   書き換えクエリ: How is Tai Chi used for self defense ?
2025-07-20 22:40:44 - DataPreprocessorMain - INFO - 🔄 ターン 4 を処理中...
2025-07-20 22:40:44 - DataPreprocessorMain - INFO -   元のクエリ: What types of weapons are used in TaiChi?
2025-07-20 22:40:44 - DataPreprocessorMain - INFO -   書き換えクエリ: What types of weapons are used in TaiChi ?
2025-07-20 22:40:44 - DataPreprocessorMain - INFO - 🔄 ターン 5 を処理中...
2025-07-20 22:40:44 - DataPreprocessorMain - INFO -   元のクエリ: How is Tai Chi used for sport?
2025-07-20 22:40:44 - DataPreprocessorMain - INFO -   書き換えクエリ: How is Tai Chi used for sport ?
2025-07-20 22:40:44 - DataPreprocessorMain - INFO - 🔄 ターン 6 を処理中...
2025-07-20 22:40:45 - DataPreprocessorMain - INFO -   元のクエリ: Are there noticeable differences in style or how it is practiced in any particular countries?
2025-07-20 22:40:45 - DataPreprocessorMain - INFO -   書き換えクエリ: Are there noticeable differences in style or how Tai Chi is practiced in any particular countries ?
2025-07-20 22:40:45 - DataPreprocessorMain - INFO - ✅ ダイアログ 14 の処理が完了しました
2025-07-20 22:40:45 - DataPreprocessorMain - INFO - 
------------------------------
2025-07-20 22:40:45 - DataPreprocessorMain - INFO - 📌 ダイアログ 15/250 を処理中
2025-07-20 22:40:45 - DataPreprocessorMain - INFO - ------------------------------
2025-07-20 22:40:45 - DataPreprocessorMain - INFO - ダイアログキー: top25_dial50
2025-07-20 22:40:45 - DataPreprocessorMain - INFO - ターン数: 6
2025-07-20 22:40:45 - DataPreprocessorMain - INFO - 🔄 ターン 1 を処理中...
2025-07-20 22:40:45 - DataPreprocessorMain - INFO -   元のクエリ: What was the Al-Aqsa Mosque used for after the Crusaders captured it?
2025-07-20 22:40:45 - DataPreprocessorMain - INFO -   書き換えクエリ: What was the Al-Aqsa Mosque used for after the Crusaders captured it ?
2025-07-20 22:40:45 - DataPreprocessorMain - INFO - 🔄 ターン 2 を処理中...
2025-07-20 22:40:46 - DataPreprocessorMain - INFO -   元のクエリ: Why is Al-Aqsa Mosque so important to Muslims?
2025-07-20 22:40:46 - DataPreprocessorMain - INFO -   書き換えクエリ: Why is Al-Aqsa Mosque so important to Muslims ?
2025-07-20 22:40:46 - DataPreprocessorMain - INFO - 🔄 ターン 3 を処理中...
2025-07-20 22:40:46 - DataPreprocessorMain - INFO -   元のクエリ: What are some conflicts associated with the Al-Aqsa Mosque?
2025-07-20 22:40:46 - DataPreprocessorMain - INFO -   書き換えクエリ: What are some conflicts associated with the Al-Aqsa Mosque ?
2025-07-20 22:40:46 - DataPreprocessorMain - INFO - 🔄 ターン 4 を処理中...
2025-07-20 22:40:47 - DataPreprocessorMain - INFO -   元のクエリ: How was the Al-Aqsa Mosque involved with the assassination of King Abdullah I?
2025-07-20 22:40:47 - DataPreprocessorMain - INFO -   書き換えクエリ: How was the Al-Aqsa Mosque involved with the assassination of King Abdullah I ?
2025-07-20 22:40:47 - DataPreprocessorMain - INFO - 🔄 ターン 5 を処理中...
2025-07-20 22:40:48 - DataPreprocessorMain - INFO -   元のクエリ: Can anyone visit the Al-Asqua Mosque if they want?
2025-07-20 22:40:48 - DataPreprocessorMain - INFO -   書き換えクエリ: Can anyone visit the Al-Asqua Mosque if they want ?
2025-07-20 22:40:48 - DataPreprocessorMain - INFO - 🔄 ターン 6 を処理中...
2025-07-20 22:40:48 - DataPreprocessorMain - INFO -   元のクエリ: Second Intifada, can you explain further?
2025-07-20 22:40:48 - DataPreprocessorMain - INFO -   書き換えクエリ: Can you explain further the Second Intifada ?
2025-07-20 22:40:48 - DataPreprocessorMain - INFO - ✅ ダイアログ 15 の処理が完了しました
2025-07-20 22:40:48 - DataPreprocessorMain - INFO - 
------------------------------
2025-07-20 22:40:48 - DataPreprocessorMain - INFO - 📌 ダイアログ 16/250 を処理中
2025-07-20 22:40:48 - DataPreprocessorMain - INFO - ------------------------------
2025-07-20 22:40:48 - DataPreprocessorMain - INFO - ダイアログキー: hobby_level3_dial34
2025-07-20 22:40:48 - DataPreprocessorMain - INFO - ターン数: 6
2025-07-20 22:40:48 - DataPreprocessorMain - INFO - 🔄 ターン 1 を処理中...
2025-07-20 22:40:49 - DataPreprocessorMain - INFO -   元のクエリ: When did women start playing rugby?
2025-07-20 22:40:49 - DataPreprocessorMain - INFO -   書き換えクエリ: When did women start playing rugby ?
2025-07-20 22:40:49 - DataPreprocessorMain - INFO - 🔄 ターン 2 を処理中...
2025-07-20 22:40:49 - DataPreprocessorMain - INFO -   元のクエリ: Where did the first women's rugby team play?
2025-07-20 22:40:49 - DataPreprocessorMain - INFO -   書き換えクエリ: Where did the first women's rugby team play ?
2025-07-20 22:40:49 - DataPreprocessorMain - INFO - 🔄 ターン 3 を処理中...
2025-07-20 22:40:49 - DataPreprocessorMain - INFO -   元のクエリ: What is the most notable rugby competition?
2025-07-20 22:40:49 - DataPreprocessorMain - INFO -   書き換えクエリ: What is the most notable rugby competition involving women ?
2025-07-20 22:40:49 - DataPreprocessorMain - INFO - 🔄 ターン 4 を処理中...
2025-07-20 22:40:50 - DataPreprocessorMain - INFO -   元のクエリ: What part of the world is rugby most commonly played in?
2025-07-20 22:40:50 - DataPreprocessorMain - INFO -   書き換えクエリ: What part of the world is rugby most commonly played in ?
2025-07-20 22:40:50 - DataPreprocessorMain - INFO - 🔄 ターン 5 を処理中...
2025-07-20 22:40:50 - DataPreprocessorMain - INFO -   元のクエリ: Who is considered the most famous rugby player?
2025-07-20 22:40:50 - DataPreprocessorMain - INFO -   書き換えクエリ: Who is considered the most famous rugby player ?
2025-07-20 22:40:50 - DataPreprocessorMain - INFO - 🔄 ターン 6 を処理中...
2025-07-20 22:40:51 - DataPreprocessorMain - INFO -   元のクエリ: What team does Antoine Dupont play for?
2025-07-20 22:40:51 - DataPreprocessorMain - INFO -   書き換えクエリ: What team does Antoine Dupont play for ?
2025-07-20 22:40:51 - DataPreprocessorMain - INFO - ✅ ダイアログ 16 の処理が完了しました
2025-07-20 22:40:51 - DataPreprocessorMain - INFO - 
------------------------------
2025-07-20 22:40:51 - DataPreprocessorMain - INFO - 📌 ダイアログ 17/250 を処理中
2025-07-20 22:40:51 - DataPreprocessorMain - INFO - ------------------------------
2025-07-20 22:40:51 - DataPreprocessorMain - INFO - ダイアログキー: food_level1_dial10
2025-07-20 22:40:51 - DataPreprocessorMain - INFO - ターン数: 6
2025-07-20 22:40:51 - DataPreprocessorMain - INFO - 🔄 ターン 1 を処理中...
2025-07-20 22:40:51 - DataPreprocessorMain - INFO -   元のクエリ: What type of grain is fermented in making sake?
2025-07-20 22:40:51 - DataPreprocessorMain - INFO -   書き換えクエリ: What type of grain is fermented in making sake ?
2025-07-20 22:40:51 - DataPreprocessorMain - INFO - 🔄 ターン 2 を処理中...
2025-07-20 22:40:51 - DataPreprocessorMain - INFO -   元のクエリ: How does fermenting rice cause sake to become alcoholic?
2025-07-20 22:40:51 - DataPreprocessorMain - INFO -   書き換えクエリ: How does fermenting rice cause sake to become alcoholic ?
2025-07-20 22:40:51 - DataPreprocessorMain - INFO - 🔄 ターン 3 を処理中...
2025-07-20 22:40:52 - DataPreprocessorMain - INFO -   元のクエリ: Are there different types of sake?
2025-07-20 22:40:52 - DataPreprocessorMain - INFO -   書き換えクエリ: Are there different types of sake ?
2025-07-20 22:40:52 - DataPreprocessorMain - INFO - 🔄 ターン 4 を処理中...
2025-07-20 22:40:52 - DataPreprocessorMain - INFO -   元のクエリ: What are the ceremonial uses of sake?
2025-07-20 22:40:52 - DataPreprocessorMain - INFO -   書き換えクエリ: What are the ceremonial uses of sake ?
2025-07-20 22:40:52 - DataPreprocessorMain - INFO - 🔄 ターン 5 を処理中...
2025-07-20 22:40:52 - DataPreprocessorMain - INFO -   元のクエリ: Yes, please let me know how sake is used in new year celebrations.
2025-07-20 22:40:52 - DataPreprocessorMain - INFO -   書き換えクエリ: How is sake used in new year celebrations ?
2025-07-20 22:40:52 - DataPreprocessorMain - INFO - 🔄 ターン 6 を処理中...
2025-07-20 22:40:53 - DataPreprocessorMain - INFO -   元のクエリ: What is toso made of?
2025-07-20 22:40:53 - DataPreprocessorMain - INFO -   書き換えクエリ: What is toso made of on New Year's Eve ?
2025-07-20 22:40:53 - DataPreprocessorMain - INFO - ✅ ダイアログ 17 の処理が完了しました
2025-07-20 22:40:53 - DataPreprocessorMain - INFO - 
------------------------------
2025-07-20 22:40:53 - DataPreprocessorMain - INFO - 📌 ダイアログ 18/250 を処理中
2025-07-20 22:40:53 - DataPreprocessorMain - INFO - ------------------------------
2025-07-20 22:40:53 - DataPreprocessorMain - INFO - ダイアログキー: food_level2_dial38
2025-07-20 22:40:53 - DataPreprocessorMain - INFO - ターン数: 7
2025-07-20 22:40:53 - DataPreprocessorMain - INFO - 🔄 ターン 1 を処理中...
2025-07-20 22:40:53 - DataPreprocessorMain - INFO -   元のクエリ: Are bananas susceptible to any sorts of diseases?
2025-07-20 22:40:53 - DataPreprocessorMain - INFO -   書き換えクエリ: Are bananas susceptible to any sorts of diseases ?
2025-07-20 22:40:53 - DataPreprocessorMain - INFO - 🔄 ターン 2 を処理中...
2025-07-20 22:40:53 - DataPreprocessorMain - INFO -   元のクエリ: What is the banana cartel?
2025-07-20 22:40:53 - DataPreprocessorMain - INFO -   書き換えクエリ: What is the banana cartel ?
2025-07-20 22:40:53 - DataPreprocessorMain - INFO - 🔄 ターン 3 を処理中...
2025-07-20 22:40:54 - DataPreprocessorMain - INFO -   元のクエリ: What are the nutritional properties of bananas?
2025-07-20 22:40:54 - DataPreprocessorMain - INFO -   書き換えクエリ: What are the nutritional properties of bananas ?
2025-07-20 22:40:54 - DataPreprocessorMain - INFO - 🔄 ターン 4 を処理中...
2025-07-20 22:40:54 - DataPreprocessorMain - INFO -   元のクエリ: What country is the largest producer of bananas?
2025-07-20 22:40:54 - DataPreprocessorMain - INFO -   書き換えクエリ: What country is the largest producer of bananas ?
2025-07-20 22:40:54 - DataPreprocessorMain - INFO - 🔄 ターン 5 を処理中...
2025-07-20 22:40:55 - DataPreprocessorMain - INFO -   元のクエリ: I heard all those bananas from India and China are of one variety or cultivar. What are they called?
2025-07-20 22:40:55 - DataPreprocessorMain - INFO -   書き換えクエリ: What are the bananas from India and China called ?
2025-07-20 22:40:55 - DataPreprocessorMain - INFO - 🔄 ターン 6 を処理中...
2025-07-20 22:40:55 - DataPreprocessorMain - INFO -   元のクエリ: Are there any pests that cause problems for bananas?
2025-07-20 22:40:55 - DataPreprocessorMain - INFO -   書き換えクエリ: Are there any pests that cause problems for bananas ?
2025-07-20 22:40:55 - DataPreprocessorMain - INFO - 🔄 ターン 7 を処理中...
2025-07-20 22:40:56 - DataPreprocessorMain - INFO -   元のクエリ: Tell me more about Black sigatoka!
2025-07-20 22:40:56 - DataPreprocessorMain - INFO -   書き換えクエリ: Tell me more about the diseases that affect bananas .
2025-07-20 22:40:56 - DataPreprocessorMain - INFO - ✅ ダイアログ 18 の処理が完了しました
2025-07-20 22:40:56 - DataPreprocessorMain - INFO - 
------------------------------
2025-07-20 22:40:56 - DataPreprocessorMain - INFO - 📌 ダイアログ 19/250 を処理中
2025-07-20 22:40:56 - DataPreprocessorMain - INFO - ------------------------------
2025-07-20 22:40:56 - DataPreprocessorMain - INFO - ダイアログキー: top25_dial24
2025-07-20 22:40:56 - DataPreprocessorMain - INFO - ターン数: 6
2025-07-20 22:40:56 - DataPreprocessorMain - INFO - 🔄 ターン 1 を処理中...
2025-07-20 22:40:56 - DataPreprocessorMain - INFO -   元のクエリ: How much older is Alexander than his youngest brother?
2025-07-20 22:40:56 - DataPreprocessorMain - INFO -   書き換えクエリ: How much older is Alexander than his youngest brother ?
2025-07-20 22:40:56 - DataPreprocessorMain - INFO - 🔄 ターン 2 を処理中...
2025-07-20 22:40:56 - DataPreprocessorMain - INFO -   元のクエリ: I'm referring to Alexander Rae Baldwin III. How much older is he than his youngest brother?
2025-07-20 22:40:56 - DataPreprocessorMain - INFO -   書き換えクエリ: How much older is Alexander Rae Baldwin III than his youngest brother ?
2025-07-20 22:40:56 - DataPreprocessorMain - INFO - 🔄 ターン 3 を処理中...
2025-07-20 22:40:57 - DataPreprocessorMain - INFO -   元のクエリ: How did Alec (or Alexander) Baldwin get his start in the show business?
2025-07-20 22:40:57 - DataPreprocessorMain - INFO -   書き換えクエリ: How did Alec Baldwin get his start in the show business ?
2025-07-20 22:40:57 - DataPreprocessorMain - INFO - 🔄 ターン 4 を処理中...
2025-07-20 22:40:57 - DataPreprocessorMain - INFO -   元のクエリ: What was Alec Baldwin's first movie appearance?
2025-07-20 22:40:57 - DataPreprocessorMain - INFO -   書き換えクエリ: What was Alec Baldwin 's first movie appearance ?
2025-07-20 22:40:57 - DataPreprocessorMain - INFO - 🔄 ターン 5 を処理中...
2025-07-20 22:40:58 - DataPreprocessorMain - INFO -   元のクエリ: Can you tell me about the shooting incident that happened on set with Alec Baldwin?
2025-07-20 22:40:58 - DataPreprocessorMain - INFO -   書き換えクエリ: Can you tell me about the shooting incident that happened on set with Alec Baldwin ?
2025-07-20 22:40:58 - DataPreprocessorMain - INFO - 🔄 ターン 6 を処理中...
2025-07-20 22:40:58 - DataPreprocessorMain - INFO -   元のクエリ: Was Alec Baldwin ever charged with any crime with this incident?
2025-07-20 22:40:58 - DataPreprocessorMain - INFO -   書き換えクエリ: Was Alec Baldwin ever charged with any crime with the shooting incident on the set of Rust ?
2025-07-20 22:40:58 - DataPreprocessorMain - INFO - ✅ ダイアログ 19 の処理が完了しました
2025-07-20 22:40:58 - DataPreprocessorMain - INFO - 
------------------------------
2025-07-20 22:40:58 - DataPreprocessorMain - INFO - 📌 ダイアログ 20/250 を処理中
2025-07-20 22:40:58 - DataPreprocessorMain - INFO - ------------------------------
2025-07-20 22:40:58 - DataPreprocessorMain - INFO - ダイアログキー: food_level3_dial29
2025-07-20 22:40:58 - DataPreprocessorMain - INFO - ターン数: 6
2025-07-20 22:40:58 - DataPreprocessorMain - INFO - 🔄 ターン 1 を処理中...
2025-07-20 22:40:59 - DataPreprocessorMain - INFO -   元のクエリ: What is the earliest recorded use of Black pepper?
2025-07-20 22:40:59 - DataPreprocessorMain - INFO -   書き換えクエリ: What is the earliest recorded use of Black pepper ?
2025-07-20 22:40:59 - DataPreprocessorMain - INFO - 🔄 ターン 2 を処理中...
2025-07-20 22:40:59 - DataPreprocessorMain - INFO -   元のクエリ: How did black pepper spread out of South and Southeast Asia?
2025-07-20 22:40:59 - DataPreprocessorMain - INFO -   書き換えクエリ: How did black pepper spread out of South and Southeast Asia ?
2025-07-20 22:40:59 - DataPreprocessorMain - INFO - 🔄 ターン 3 を処理中...
2025-07-20 22:40:59 - DataPreprocessorMain - INFO -   元のクエリ: How is black pepper typically produced?
2025-07-20 22:40:59 - DataPreprocessorMain - INFO -   書き換えクエリ: How is black pepper typically produced ?
2025-07-20 22:40:59 - DataPreprocessorMain - INFO - 🔄 ターン 4 を処理中...
2025-07-20 22:41:00 - DataPreprocessorMain - INFO -   元のクエリ: Has black pepper been used in China?
2025-07-20 22:41:00 - DataPreprocessorMain - INFO -   書き換えクエリ: Has black pepper been used in China ?
2025-07-20 22:41:00 - DataPreprocessorMain - INFO - 🔄 ターン 5 を処理中...
2025-07-20 22:41:00 - DataPreprocessorMain - INFO -   元のクエリ: Are there any nutritional aspects of black pepper?
2025-07-20 22:41:00 - DataPreprocessorMain - INFO -   書き換えクエリ: Are there any nutritional aspects of black pepper ?
2025-07-20 22:41:00 - DataPreprocessorMain - INFO - 🔄 ターン 6 を処理中...
2025-07-20 22:41:00 - DataPreprocessorMain - INFO -   元のクエリ: Is black pepper used in medicine at all?
2025-07-20 22:41:00 - DataPreprocessorMain - INFO -   書き換えクエリ: Is black pepper used in medicine at all ?
2025-07-20 22:41:00 - DataPreprocessorMain - INFO - ✅ ダイアログ 20 の処理が完了しました
2025-07-20 22:41:00 - DataPreprocessorMain - INFO - 
------------------------------
2025-07-20 22:41:00 - DataPreprocessorMain - INFO - 📌 ダイアログ 21/250 を処理中
2025-07-20 22:41:00 - DataPreprocessorMain - INFO - ------------------------------
2025-07-20 22:41:00 - DataPreprocessorMain - INFO - ダイアログキー: hobby_level2_dial9
2025-07-20 22:41:00 - DataPreprocessorMain - INFO - ターン数: 5
2025-07-20 22:41:00 - DataPreprocessorMain - INFO - 🔄 ターン 1 を処理中...
2025-07-20 22:41:01 - DataPreprocessorMain - INFO -   元のクエリ: What is crossover referring too in a story?
2025-07-20 22:41:01 - DataPreprocessorMain - INFO -   書き換えクエリ: What is crossover referring too in a story ?
2025-07-20 22:41:01 - DataPreprocessorMain - INFO - 🔄 ターン 2 を処理中...
2025-07-20 22:41:01 - DataPreprocessorMain - INFO -   元のクエリ: Can you tell me about how crossovers get started?
2025-07-20 22:41:01 - DataPreprocessorMain - INFO -   書き換えクエリ: Can you tell me about how crossovers get started ?
2025-07-20 22:41:01 - DataPreprocessorMain - INFO - 🔄 ターン 3 を処理中...
2025-07-20 22:41:02 - DataPreprocessorMain - INFO -   元のクエリ: What are some famous crossovers that have appeared in a tv series?
2025-07-20 22:41:02 - DataPreprocessorMain - INFO -   書き換えクエリ: What are some famous crossovers that have appeared in a TV series ?
2025-07-20 22:41:02 - DataPreprocessorMain - INFO - 🔄 ターン 4 を処理中...
2025-07-20 22:41:02 - DataPreprocessorMain - INFO -   元のクエリ: Which show did the character of Ursula Buffay first appear on?
2025-07-20 22:41:02 - DataPreprocessorMain - INFO -   書き換えクエリ: Which show did the character of Ursula Buffay first appear on ?
2025-07-20 22:41:02 - DataPreprocessorMain - INFO - 🔄 ターン 5 を処理中...
2025-07-20 22:41:02 - DataPreprocessorMain - INFO -   元のクエリ: What are some famous crossovers in movies?
2025-07-20 22:41:02 - DataPreprocessorMain - INFO -   書き換えクエリ: What are some famous crossovers in movies ?
2025-07-20 22:41:02 - DataPreprocessorMain - INFO - ✅ ダイアログ 21 の処理が完了しました
2025-07-20 22:41:02 - DataPreprocessorMain - INFO - 
------------------------------
2025-07-20 22:41:02 - DataPreprocessorMain - INFO - 📌 ダイアログ 22/250 を処理中
2025-07-20 22:41:02 - DataPreprocessorMain - INFO - ------------------------------
2025-07-20 22:41:02 - DataPreprocessorMain - INFO - ダイアログキー: top25_dial51
2025-07-20 22:41:02 - DataPreprocessorMain - INFO - ターン数: 6
2025-07-20 22:41:02 - DataPreprocessorMain - INFO - 🔄 ターン 1 を処理中...
2025-07-20 22:41:03 - DataPreprocessorMain - INFO -   元のクエリ: Why did the people of Fergana rebel against Babur?
2025-07-20 22:41:03 - DataPreprocessorMain - INFO -   書き換えクエリ: Why did the people of Fergana rebel against Babur ?
2025-07-20 22:41:03 - DataPreprocessorMain - INFO - 🔄 ターン 2 を処理中...
2025-07-20 22:41:03 - DataPreprocessorMain - INFO -   元のクエリ: Which regions did Babur still have control over at the time of his death?
2025-07-20 22:41:03 - DataPreprocessorMain - INFO -   書き換えクエリ: Which regions did Babur still have control over at the time of his death ?
2025-07-20 22:41:03 - DataPreprocessorMain - INFO - 🔄 ターン 3 を処理中...
2025-07-20 22:41:04 - DataPreprocessorMain - INFO -   元のクエリ: What regions of Indian subcontinent have been under the control of the Mughal empire?
2025-07-20 22:41:04 - DataPreprocessorMain - INFO -   書き換えクエリ: What regions of Indian subcontinent have been under the control of the Mughal empire ?
2025-07-20 22:41:04 - DataPreprocessorMain - INFO - 🔄 ターン 4 を処理中...
2025-07-20 22:41:04 - DataPreprocessorMain - INFO -   元のクエリ: How did Babur die?
2025-07-20 22:41:04 - DataPreprocessorMain - INFO -   書き換えクエリ: How did Babur die ?
2025-07-20 22:41:04 - DataPreprocessorMain - INFO - 🔄 ターン 5 を処理中...
2025-07-20 22:41:05 - DataPreprocessorMain - INFO -   元のクエリ: Does Babur have any living descendants?
2025-07-20 22:41:05 - DataPreprocessorMain - INFO -   書き換えクエリ: Does Babur have any living descendants ?
2025-07-20 22:41:05 - DataPreprocessorMain - INFO - 🔄 ターン 6 を処理中...
2025-07-20 22:41:05 - DataPreprocessorMain - INFO -   元のクエリ: Where was he exiled too in 1857?
2025-07-20 22:41:05 - DataPreprocessorMain - INFO -   書き換えクエリ: Where was Bahadur Shah exiled too in 1857 ?
2025-07-20 22:41:05 - DataPreprocessorMain - INFO - ✅ ダイアログ 22 の処理が完了しました
2025-07-20 22:41:05 - DataPreprocessorMain - INFO - 
------------------------------
2025-07-20 22:41:05 - DataPreprocessorMain - INFO - 📌 ダイアログ 23/250 を処理中
2025-07-20 22:41:05 - DataPreprocessorMain - INFO - ------------------------------
2025-07-20 22:41:05 - DataPreprocessorMain - INFO - ダイアログキー: hobby_level3_dial35
2025-07-20 22:41:05 - DataPreprocessorMain - INFO - ターン数: 7
2025-07-20 22:41:05 - DataPreprocessorMain - INFO - 🔄 ターン 1 を処理中...
2025-07-20 22:41:05 - DataPreprocessorMain - INFO -   元のクエリ: What are some of the manga series that are associated with Kamiwaza Wanda?
2025-07-20 22:41:05 - DataPreprocessorMain - INFO -   書き換えクエリ: What are some of the manga series that are associated with Kamiwaza Wanda ?
2025-07-20 22:41:05 - DataPreprocessorMain - INFO - 🔄 ターン 2 を処理中...
2025-07-20 22:41:06 - DataPreprocessorMain - INFO -   元のクエリ: How long is the main series?
2025-07-20 22:41:06 - DataPreprocessorMain - INFO -   書き換えクエリ: How long is the main series of Kamiwaza Wanda ?
2025-07-20 22:41:06 - DataPreprocessorMain - INFO - 🔄 ターン 3 を処理中...
2025-07-20 22:41:06 - DataPreprocessorMain - INFO -   元のクエリ: I'd like to know how many volumes the main series consists of.
2025-07-20 22:41:06 - DataPreprocessorMain - INFO -   書き換えクエリ: I'd like to know how many volumes the Kamiwaza Wanda main series consists of.
2025-07-20 22:41:06 - DataPreprocessorMain - INFO - 🔄 ターン 4 を処理中...
2025-07-20 22:41:07 - DataPreprocessorMain - INFO -   元のクエリ: Has the creator published anything else besides Kamiwaza Wanda and its spin-offs?
2025-07-20 22:41:07 - DataPreprocessorMain - INFO -   書き換えクエリ: Has the creator of Kamiwaza Wanda published anything else besides Kamiwaza Wanda and its spin-offs ?
2025-07-20 22:41:07 - DataPreprocessorMain - INFO - 🔄 ターン 5 を処理中...
2025-07-20 22:41:07 - DataPreprocessorMain - INFO -   元のクエリ: What's the Takara Tomy's annual revenue?
2025-07-20 22:41:07 - DataPreprocessorMain - INFO -   書き換えクエリ: What's the Takara Tomy annual revenue ?
2025-07-20 22:41:07 - DataPreprocessorMain - INFO - 🔄 ターン 6 を処理中...
2025-07-20 22:41:08 - DataPreprocessorMain - INFO -   元のクエリ: Can you tell me about some of the mechanical or electronic games the company has released?
2025-07-20 22:41:08 - DataPreprocessorMain - INFO -   書き換えクエリ: Can you tell me about some of the mechanical or electronic games Takara Tomy has released ?
2025-07-20 22:41:08 - DataPreprocessorMain - INFO - 🔄 ターン 7 を処理中...
2025-07-20 22:41:08 - DataPreprocessorMain - INFO -   元のクエリ: I want to know more about both Armatron and Blip!
2025-07-20 22:41:08 - DataPreprocessorMain - INFO -   書き換えクエリ: I want to know more about both Armatron and Blip !
2025-07-20 22:41:08 - DataPreprocessorMain - INFO - ✅ ダイアログ 23 の処理が完了しました
2025-07-20 22:41:08 - DataPreprocessorMain - INFO - 
------------------------------
2025-07-20 22:41:08 - DataPreprocessorMain - INFO - 📌 ダイアログ 24/250 を処理中
2025-07-20 22:41:08 - DataPreprocessorMain - INFO - ------------------------------
2025-07-20 22:41:08 - DataPreprocessorMain - INFO - ダイアログキー: food_level1_dial11
2025-07-20 22:41:08 - DataPreprocessorMain - INFO - ターン数: 6
2025-07-20 22:41:08 - DataPreprocessorMain - INFO - 🔄 ターン 1 を処理中...
2025-07-20 22:41:09 - DataPreprocessorMain - INFO -   元のクエリ: What regions did Chicha originate from in Latin America?
2025-07-20 22:41:09 - DataPreprocessorMain - INFO -   書き換えクエリ: What regions did Chicha originate from in Latin America ?
2025-07-20 22:41:09 - DataPreprocessorMain - INFO - 🔄 ターン 2 を処理中...
2025-07-20 22:41:09 - DataPreprocessorMain - INFO -   元のクエリ: What is the average alcohol percentage of Chicha in its fermented form?
2025-07-20 22:41:09 - DataPreprocessorMain - INFO -   書き換えクエリ: What is the average alcohol percentage of Chicha in its fermented form ?
2025-07-20 22:41:09 - DataPreprocessorMain - INFO - 🔄 ターン 3 を処理中...
2025-07-20 22:41:10 - DataPreprocessorMain - INFO -   元のクエリ: What was chicha's purpose in the Inca Empire's ceremonies and rituals?
2025-07-20 22:41:10 - DataPreprocessorMain - INFO -   書き換えクエリ: What was chicha's purpose in the Inca Empire 's ceremonies and rituals ?
2025-07-20 22:41:10 - DataPreprocessorMain - INFO - 🔄 ターン 4 を処理中...
2025-07-20 22:41:10 - DataPreprocessorMain - INFO -   元のクエリ: How does Chica contribute to the Incan economy?
2025-07-20 22:41:10 - DataPreprocessorMain - INFO -   書き換えクエリ: How does Chica contribute to the Incan economy ?
2025-07-20 22:41:10 - DataPreprocessorMain - INFO - 🔄 ターン 5 を処理中...
2025-07-20 22:41:11 - DataPreprocessorMain - INFO -   元のクエリ: Can you also tell me about the women's role in preparing chicha?
2025-07-20 22:41:11 - DataPreprocessorMain - INFO -   書き換えクエリ: Can you also tell me about the women's role in preparing chicha ?
2025-07-20 22:41:11 - DataPreprocessorMain - INFO - 🔄 ターン 6 を処理中...
2025-07-20 22:41:11 - DataPreprocessorMain - INFO -   元のクエリ: Were there ever any male aclla?
2025-07-20 22:41:11 - DataPreprocessorMain - INFO -   書き換えクエリ: Were there ever any male aclla in the Inca Empire ?
2025-07-20 22:41:11 - DataPreprocessorMain - INFO - ✅ ダイアログ 24 の処理が完了しました
2025-07-20 22:41:11 - DataPreprocessorMain - INFO - 
------------------------------
2025-07-20 22:41:11 - DataPreprocessorMain - INFO - 📌 ダイアログ 25/250 を処理中
2025-07-20 22:41:11 - DataPreprocessorMain - INFO - ------------------------------
2025-07-20 22:41:11 - DataPreprocessorMain - INFO - ダイアログキー: hobby_level2_dial21
2025-07-20 22:41:11 - DataPreprocessorMain - INFO - ターン数: 4
2025-07-20 22:41:11 - DataPreprocessorMain - INFO - 🔄 ターン 1 を処理中...
2025-07-20 22:41:11 - DataPreprocessorMain - INFO -   元のクエリ: What legacy did Ian Lancaster Fleming leave behind?
2025-07-20 22:41:11 - DataPreprocessorMain - INFO -   書き換えクエリ: What legacy did Ian Lancaster Fleming leave behind ?
2025-07-20 22:41:11 - DataPreprocessorMain - INFO - 🔄 ターン 2 を処理中...
2025-07-20 22:41:12 - DataPreprocessorMain - INFO -   元のクエリ: How did Ian Lancaster Fleming begin his writing career?
2025-07-20 22:41:12 - DataPreprocessorMain - INFO -   書き換えクエリ: How did Ian Lancaster Fleming begin his writing career ?
2025-07-20 22:41:12 - DataPreprocessorMain - INFO - 🔄 ターン 3 を処理中...
2025-07-20 22:41:12 - DataPreprocessorMain - INFO -   元のクエリ: What was the reception to Fleming's initial James Bond novel?
2025-07-20 22:41:12 - DataPreprocessorMain - INFO -   書き換えクエリ: What was the reception to Fleming's initial James Bond novel ?
2025-07-20 22:41:12 - DataPreprocessorMain - INFO - 🔄 ターン 4 を処理中...
2025-07-20 22:41:13 - DataPreprocessorMain - INFO -   元のクエリ: How did Fleming die?
2025-07-20 22:41:13 - DataPreprocessorMain - INFO -   書き換えクエリ: How did Ian Lancaster Fleming die ?
2025-07-20 22:41:13 - DataPreprocessorMain - INFO - ✅ ダイアログ 25 の処理が完了しました
2025-07-20 22:41:13 - DataPreprocessorMain - INFO - 
------------------------------
2025-07-20 22:41:13 - DataPreprocessorMain - INFO - 📌 ダイアログ 26/250 を処理中
2025-07-20 22:41:13 - DataPreprocessorMain - INFO - ------------------------------
2025-07-20 22:41:13 - DataPreprocessorMain - INFO - ダイアログキー: food_level2_dial4
2025-07-20 22:41:13 - DataPreprocessorMain - INFO - ターン数: 6
2025-07-20 22:41:13 - DataPreprocessorMain - INFO - 🔄 ターン 1 を処理中...
2025-07-20 22:41:13 - DataPreprocessorMain - INFO -   元のクエリ: What should a person do if they accidentally eat a poisonous mushroom?
2025-07-20 22:41:13 - DataPreprocessorMain - INFO -   書き換えクエリ: What should someone do if they accidentally eat a poisonous mushroom ?
2025-07-20 22:41:13 - DataPreprocessorMain - INFO - 🔄 ターン 2 を処理中...
2025-07-20 22:41:13 - DataPreprocessorMain - INFO -   元のクエリ: What is the most lethal variety of mushroom?
2025-07-20 22:41:13 - DataPreprocessorMain - INFO -   書き換えクエリ: What is the most lethal variety of mushroom ?
2025-07-20 22:41:13 - DataPreprocessorMain - INFO - 🔄 ターン 3 を処理中...
2025-07-20 22:41:14 - DataPreprocessorMain - INFO -   元のクエリ: What is a common purpose for mushroom hunting?
2025-07-20 22:41:14 - DataPreprocessorMain - INFO -   書き換えクエリ: What is a common purpose for mushroom hunting ?
2025-07-20 22:41:14 - DataPreprocessorMain - INFO - 🔄 ターン 4 を処理中...
2025-07-20 22:41:14 - DataPreprocessorMain - INFO -   元のクエリ: What gives mushrooms psychotropic properties?
2025-07-20 22:41:14 - DataPreprocessorMain - INFO -   書き換えクエリ: What gives mushrooms psychotropic properties ?
2025-07-20 22:41:14 - DataPreprocessorMain - INFO - 🔄 ターン 5 を処理中...
2025-07-20 22:41:14 - DataPreprocessorMain - INFO -   元のクエリ: How can you tell the difference between a normal mushroom and a psychotropic mushroom?
2025-07-20 22:41:14 - DataPreprocessorMain - INFO -   書き換えクエリ: How can you tell the difference between a normal mushroom and a psychotropic mushroom ?
2025-07-20 22:41:14 - DataPreprocessorMain - INFO - 🔄 ターン 6 を処理中...
2025-07-20 22:41:15 - DataPreprocessorMain - INFO -   元のクエリ: What makes a mushroom toxic to consume?
2025-07-20 22:41:15 - DataPreprocessorMain - INFO -   書き換えクエリ: What makes a mushroom toxic to consume ?
2025-07-20 22:41:15 - DataPreprocessorMain - INFO - ✅ ダイアログ 26 の処理が完了しました
2025-07-20 22:41:15 - DataPreprocessorMain - INFO - 
------------------------------
2025-07-20 22:41:15 - DataPreprocessorMain - INFO - 📌 ダイアログ 27/250 を処理中
2025-07-20 22:41:15 - DataPreprocessorMain - INFO - ------------------------------
2025-07-20 22:41:15 - DataPreprocessorMain - INFO - ダイアログキー: hobby_level3_dial1
2025-07-20 22:41:15 - DataPreprocessorMain - INFO - ターン数: 6
2025-07-20 22:41:15 - DataPreprocessorMain - INFO - 🔄 ターン 1 を処理中...
2025-07-20 22:41:15 - DataPreprocessorMain - INFO -   元のクエリ: What is the purpose of running up the score?
2025-07-20 22:41:15 - DataPreprocessorMain - INFO -   書き換えクエリ: What is the purpose of running up the score ?
2025-07-20 22:41:15 - DataPreprocessorMain - INFO - 🔄 ターン 2 を処理中...
2025-07-20 22:41:16 - DataPreprocessorMain - INFO -   元のクエリ: Are there sports that allow a game to be automatically won if a team runs up the score to a certain extent?
2025-07-20 22:41:16 - DataPreprocessorMain - INFO -   書き換えクエリ: Are there sports that allow a game to be automatically won if a team runs up the score to a certain extent ?
2025-07-20 22:41:16 - DataPreprocessorMain - INFO - 🔄 ターン 3 を処理中...
2025-07-20 22:41:16 - DataPreprocessorMain - INFO -   元のクエリ: What are some example of running up the score outside of the sports world?
2025-07-20 22:41:16 - DataPreprocessorMain - INFO -   書き換えクエリ: What are some examples of running up the score outside of the sports world ?
2025-07-20 22:41:16 - DataPreprocessorMain - INFO - 🔄 ターン 4 を処理中...
2025-07-20 22:41:17 - DataPreprocessorMain - INFO -   元のクエリ: Does any memorabilia of the Cumberland vs. Georgia Tech game currently exist?
2025-07-20 22:41:17 - DataPreprocessorMain - INFO -   書き換えクエリ: Does any memorabilia of the Cumberland vs. Georgia Tech game currently exist ?
2025-07-20 22:41:17 - DataPreprocessorMain - INFO - 🔄 ターン 5 を処理中...
2025-07-20 22:41:18 - DataPreprocessorMain - INFO -   元のクエリ: Has Georgia Tech been involved in any other big, historical sports games?
2025-07-20 22:41:18 - DataPreprocessorMain - INFO -   書き換えクエリ: Besides the Cumberland vs. Georgia Tech game , has Georgia Tech been involved in any other big, historical sports games ?
2025-07-20 22:41:18 - DataPreprocessorMain - INFO - 🔄 ターン 6 を処理中...
2025-07-20 22:41:18 - DataPreprocessorMain - INFO -   元のクエリ: I am interested in football.
2025-07-20 22:41:18 - DataPreprocessorMain - INFO -   書き換えクエリ: I am interested in football.
2025-07-20 22:41:18 - DataPreprocessorMain - INFO - ✅ ダイアログ 27 の処理が完了しました
2025-07-20 22:41:18 - DataPreprocessorMain - INFO - 
------------------------------
2025-07-20 22:41:18 - DataPreprocessorMain - INFO - 📌 ダイアログ 28/250 を処理中
2025-07-20 22:41:18 - DataPreprocessorMain - INFO - ------------------------------
2025-07-20 22:41:18 - DataPreprocessorMain - INFO - ダイアログキー: hobby_level1_dial18
2025-07-20 22:41:18 - DataPreprocessorMain - INFO - ターン数: 6
2025-07-20 22:41:18 - DataPreprocessorMain - INFO - 🔄 ターン 1 を処理中...
2025-07-20 22:41:18 - DataPreprocessorMain - INFO -   元のクエリ: How do sports improve physical health?
2025-07-20 22:41:18 - DataPreprocessorMain - INFO -   書き換えクエリ: How do sports improve physical health ?
2025-07-20 22:41:18 - DataPreprocessorMain - INFO - 🔄 ターン 2 を処理中...
2025-07-20 22:41:18 - DataPreprocessorMain - INFO -   元のクエリ: What is the difference between amateur and professional sports?
2025-07-20 22:41:18 - DataPreprocessorMain - INFO -   書き換えクエリ: What is the difference between amateur and professional sports ?
2025-07-20 22:41:18 - DataPreprocessorMain - INFO - 🔄 ターン 3 を処理中...
2025-07-20 22:41:19 - DataPreprocessorMain - INFO -   元のクエリ: Tell me more about how finances differ in amateur and professional sports.
2025-07-20 22:41:19 - DataPreprocessorMain - INFO -   書き換えクエリ: Tell me more about how finances differ in amateur and professional sports .
2025-07-20 22:41:19 - DataPreprocessorMain - INFO - 🔄 ターン 4 を処理中...
2025-07-20 22:41:19 - DataPreprocessorMain - INFO -   元のクエリ: What is the highest payed professional sport?
2025-07-20 22:41:19 - DataPreprocessorMain - INFO -   書き換えクエリ: What is the highest payed professional sport ?
2025-07-20 22:41:19 - DataPreprocessorMain - INFO - 🔄 ターン 5 を処理中...
2025-07-20 22:41:20 - DataPreprocessorMain - INFO -   元のクエリ: Which pro sports player in the world has the highest paying contract without endorsements ?
2025-07-20 22:41:20 - DataPreprocessorMain - INFO -   書き換えクエリ: Which pro sports player in the world has the highest paying contract without endorsements ?
2025-07-20 22:41:20 - DataPreprocessorMain - INFO - 🔄 ターン 6 を処理中...
2025-07-20 22:41:20 - DataPreprocessorMain - INFO -   元のクエリ: Who does Patrick Mahomes play for?
2025-07-20 22:41:20 - DataPreprocessorMain - INFO -   書き換えクエリ: Who does Patrick Mahomes play for in the NBA ?
2025-07-20 22:41:20 - DataPreprocessorMain - INFO - ✅ ダイアログ 28 の処理が完了しました
2025-07-20 22:41:20 - DataPreprocessorMain - INFO - 
------------------------------
2025-07-20 22:41:20 - DataPreprocessorMain - INFO - 📌 ダイアログ 29/250 を処理中
2025-07-20 22:41:20 - DataPreprocessorMain - INFO - ------------------------------
2025-07-20 22:41:20 - DataPreprocessorMain - INFO - ダイアログキー: food_level1_dial12
2025-07-20 22:41:20 - DataPreprocessorMain - INFO - ターン数: 6
2025-07-20 22:41:20 - DataPreprocessorMain - INFO - 🔄 ターン 1 を処理中...
2025-07-20 22:41:20 - DataPreprocessorMain - INFO -   元のクエリ: Margarine is composed of what type of oil?
2025-07-20 22:41:20 - DataPreprocessorMain - INFO -   書き換えクエリ: Margarine is composed of what type of oil ?
2025-07-20 22:41:20 - DataPreprocessorMain - INFO - 🔄 ターン 2 を処理中...
2025-07-20 22:41:21 - DataPreprocessorMain - INFO -   元のクエリ: How is the vegetable oil transformed into margarine?
2025-07-20 22:41:21 - DataPreprocessorMain - INFO -   書き換えクエリ: How is the vegetable oil transformed into margarine ?
2025-07-20 22:41:21 - DataPreprocessorMain - INFO - 🔄 ターン 3 を処理中...
2025-07-20 22:41:21 - DataPreprocessorMain - INFO -   元のクエリ: How is margarine manufactured?
2025-07-20 22:41:21 - DataPreprocessorMain - INFO -   書き換えクエリ: How is margarine manufactured ?
2025-07-20 22:41:21 - DataPreprocessorMain - INFO - 🔄 ターン 4 を処理中...
2025-07-20 22:41:21 - DataPreprocessorMain - INFO -   元のクエリ: Okay, so what kinds of animal fats are used in making margarine?
2025-07-20 22:41:21 - DataPreprocessorMain - INFO -   書き換えクエリ: what kinds of animal fats are used in making margarine ?
2025-07-20 22:41:21 - DataPreprocessorMain - INFO - 🔄 ターン 5 を処理中...
2025-07-20 22:41:22 - DataPreprocessorMain - INFO -   元のクエリ: What part of the world is margarine most popular in?
2025-07-20 22:41:22 - DataPreprocessorMain - INFO -   書き換えクエリ: What part of the world is margarine most popular in ?
2025-07-20 22:41:22 - DataPreprocessorMain - INFO - 🔄 ターン 6 を処理中...
2025-07-20 22:41:22 - DataPreprocessorMain - INFO -   元のクエリ: Is there any Margarine alternatives?
2025-07-20 22:41:22 - DataPreprocessorMain - INFO -   書き換えクエリ: Is there any Margarine alternatives ?
2025-07-20 22:41:22 - DataPreprocessorMain - INFO - ✅ ダイアログ 29 の処理が完了しました
2025-07-20 22:41:22 - DataPreprocessorMain - INFO - 
------------------------------
2025-07-20 22:41:22 - DataPreprocessorMain - INFO - 📌 ダイアログ 30/250 を処理中
2025-07-20 22:41:22 - DataPreprocessorMain - INFO - ------------------------------
2025-07-20 22:41:22 - DataPreprocessorMain - INFO - ダイアログキー: top25_dial52
2025-07-20 22:41:22 - DataPreprocessorMain - INFO - ターン数: 2
2025-07-20 22:41:22 - DataPreprocessorMain - INFO - 🔄 ターン 1 を処理中...
2025-07-20 22:41:22 - DataPreprocessorMain - INFO -   元のクエリ: What school did Brian Keith Kelly attend?
2025-07-20 22:41:22 - DataPreprocessorMain - INFO -   書き換えクエリ: What school did Brian Keith Kelly attend ?
2025-07-20 22:41:22 - DataPreprocessorMain - INFO - 🔄 ターン 2 を処理中...
2025-07-20 22:41:22 - DataPreprocessorMain - INFO -   元のクエリ: What did he do after he left college?
2025-07-20 22:41:22 - DataPreprocessorMain - INFO -   書き換えクエリ: What did Brian Kelly do after he left college ?
2025-07-20 22:41:22 - DataPreprocessorMain - INFO - ✅ ダイアログ 30 の処理が完了しました
2025-07-20 22:41:22 - DataPreprocessorMain - INFO - 
------------------------------
2025-07-20 22:41:22 - DataPreprocessorMain - INFO - 📌 ダイアログ 31/250 を処理中
2025-07-20 22:41:22 - DataPreprocessorMain - INFO - ------------------------------
2025-07-20 22:41:22 - DataPreprocessorMain - INFO - ダイアログキー: hobby_level3_dial36
2025-07-20 22:41:22 - DataPreprocessorMain - INFO - ターン数: 3
2025-07-20 22:41:22 - DataPreprocessorMain - INFO - 🔄 ターン 1 を処理中...
2025-07-20 22:41:23 - DataPreprocessorMain - INFO -   元のクエリ: What kind of images did the Apollo TV camera take?
2025-07-20 22:41:23 - DataPreprocessorMain - INFO -   書き換えクエリ: What kind of images did the Apollo TV camera take ?
2025-07-20 22:41:23 - DataPreprocessorMain - INFO - 🔄 ターン 2 を処理中...
2025-07-20 22:41:23 - DataPreprocessorMain - INFO -   元のクエリ: That's cool! Which company made these cameras?
2025-07-20 22:41:23 - DataPreprocessorMain - INFO -   書き換えクエリ: Which company made the Apollo TV cameras ?
2025-07-20 22:41:23 - DataPreprocessorMain - INFO - 🔄 ターン 3 を処理中...
2025-07-20 22:41:23 - DataPreprocessorMain - INFO -   元のクエリ: Which specific Apollo mission the TV camera was used?
2025-07-20 22:41:23 - DataPreprocessorMain - INFO -   書き換えクエリ: Which specific Apollo mission the TV camera was used for ?
2025-07-20 22:41:23 - DataPreprocessorMain - INFO - ✅ ダイアログ 31 の処理が完了しました
2025-07-20 22:41:23 - DataPreprocessorMain - INFO - 
------------------------------
2025-07-20 22:41:23 - DataPreprocessorMain - INFO - 📌 ダイアログ 32/250 を処理中
2025-07-20 22:41:23 - DataPreprocessorMain - INFO - ------------------------------
2025-07-20 22:41:23 - DataPreprocessorMain - INFO - ダイアログキー: food_level3_dial3
2025-07-20 22:41:23 - DataPreprocessorMain - INFO - ターン数: 6
2025-07-20 22:41:23 - DataPreprocessorMain - INFO - 🔄 ターン 1 を処理中...
2025-07-20 22:41:24 - DataPreprocessorMain - INFO -   元のクエリ: What country did the Green tea originate from?
2025-07-20 22:41:24 - DataPreprocessorMain - INFO -   書き換えクエリ: What country did the Green tea originate from ?
2025-07-20 22:41:24 - DataPreprocessorMain - INFO - 🔄 ターン 2 を処理中...
2025-07-20 22:41:24 - DataPreprocessorMain - INFO -   元のクエリ: Does all green tea come from the same species of leaf?
2025-07-20 22:41:24 - DataPreprocessorMain - INFO -   書き換えクエリ: Does all green tea come from the same species of leaf ?
2025-07-20 22:41:24 - DataPreprocessorMain - INFO - 🔄 ターン 3 を処理中...
2025-07-20 22:41:24 - DataPreprocessorMain - INFO -   元のクエリ: How is green tea utilized for weight loss?
2025-07-20 22:41:24 - DataPreprocessorMain - INFO -   書き換えクエリ: How is green tea utilized for weight loss ?
2025-07-20 22:41:24 - DataPreprocessorMain - INFO - 🔄 ターン 4 を処理中...
2025-07-20 22:41:25 - DataPreprocessorMain - INFO -   元のクエリ: Does green tea have any beneficial health effect?
2025-07-20 22:41:25 - DataPreprocessorMain - INFO -   書き換えクエリ: Does green tea have any beneficial health effect ?
2025-07-20 22:41:25 - DataPreprocessorMain - INFO - 🔄 ターン 5 を処理中...
2025-07-20 22:41:25 - DataPreprocessorMain - INFO -   元のクエリ: Is green tea popular anywhere else other than China?
2025-07-20 22:41:25 - DataPreprocessorMain - INFO -   書き換えクエリ: Is green tea popular anywhere else other than China ?
2025-07-20 22:41:25 - DataPreprocessorMain - INFO - 🔄 ターン 6 を処理中...
2025-07-20 22:41:25 - DataPreprocessorMain - INFO -   元のクエリ: Yes, I would like know more about green tea in Korea.
2025-07-20 22:41:25 - DataPreprocessorMain - INFO -   書き換えクエリ: I would like to know more about green tea in Korea.
2025-07-20 22:41:25 - DataPreprocessorMain - INFO - ✅ ダイアログ 32 の処理が完了しました
2025-07-20 22:41:25 - DataPreprocessorMain - INFO - 
------------------------------
2025-07-20 22:41:25 - DataPreprocessorMain - INFO - 📌 ダイアログ 33/250 を処理中
2025-07-20 22:41:25 - DataPreprocessorMain - INFO - ------------------------------
2025-07-20 22:41:25 - DataPreprocessorMain - INFO - ダイアログキー: hobby_level2_dial22
2025-07-20 22:41:25 - DataPreprocessorMain - INFO - ターン数: 6
2025-07-20 22:41:25 - DataPreprocessorMain - INFO - 🔄 ターン 1 を処理中...
2025-07-20 22:41:26 - DataPreprocessorMain - INFO -   元のクエリ: Hamilton was enrolled in what community?
2025-07-20 22:41:26 - DataPreprocessorMain - INFO -   書き換えクエリ: Hamilton was enrolled in what community ?
2025-07-20 22:41:26 - DataPreprocessorMain - INFO - 🔄 ターン 2 を処理中...
2025-07-20 22:41:26 - DataPreprocessorMain - INFO -   元のクエリ: What community was Ira Hamilton Hayes enrolled in?
2025-07-20 22:41:26 - DataPreprocessorMain - INFO -   書き換えクエリ: What community was Ira Hamilton Hayes enrolled in ?
2025-07-20 22:41:26 - DataPreprocessorMain - INFO - 🔄 ターン 3 を処理中...
2025-07-20 22:41:26 - DataPreprocessorMain - INFO -   元のクエリ: Did Ira Hamilton Hayes see combat during the WWII?
2025-07-20 22:41:26 - DataPreprocessorMain - INFO -   書き換えクエリ: Did Ira Hamilton Hayes see combat during the WWII ?
2025-07-20 22:41:26 - DataPreprocessorMain - INFO - 🔄 ターン 4 を処理中...
2025-07-20 22:41:27 - DataPreprocessorMain - INFO -   元のクエリ: What were the circumstances around Ira Hamilton Hayes' death?
2025-07-20 22:41:27 - DataPreprocessorMain - INFO -   書き換えクエリ: What were the circumstances around Ira Hamilton Hayes' death ?
2025-07-20 22:41:27 - DataPreprocessorMain - INFO - 🔄 ターン 5 を処理中...
2025-07-20 22:41:27 - DataPreprocessorMain - INFO -   元のクエリ: What military awards did Hayes receive?
2025-07-20 22:41:27 - DataPreprocessorMain - INFO -   書き換えクエリ: What military awards did Ira Hayes receive ?
2025-07-20 22:41:27 - DataPreprocessorMain - INFO - 🔄 ターン 6 を処理中...
2025-07-20 22:41:28 - DataPreprocessorMain - INFO -   元のクエリ: Out of the medals received by Hayes, what is considered the highest medal?
2025-07-20 22:41:28 - DataPreprocessorMain - INFO -   書き換えクエリ: Out of the medals received by Hayes, what is considered the highest medal ?
2025-07-20 22:41:28 - DataPreprocessorMain - INFO - ✅ ダイアログ 33 の処理が完了しました
2025-07-20 22:41:28 - DataPreprocessorMain - INFO - 
------------------------------
2025-07-20 22:41:28 - DataPreprocessorMain - INFO - 📌 ダイアログ 34/250 を処理中
2025-07-20 22:41:28 - DataPreprocessorMain - INFO - ------------------------------
2025-07-20 22:41:28 - DataPreprocessorMain - INFO - ダイアログキー: food_level2_dial5
2025-07-20 22:41:28 - DataPreprocessorMain - INFO - ターン数: 3
2025-07-20 22:41:28 - DataPreprocessorMain - INFO - 🔄 ターン 1 を処理中...
2025-07-20 22:41:28 - DataPreprocessorMain - INFO -   元のクエリ: What are some popular dishes in Burmese cuisine?
2025-07-20 22:41:28 - DataPreprocessorMain - INFO -   書き換えクエリ: What are some popular dishes in Burmese cuisine ?
2025-07-20 22:41:28 - DataPreprocessorMain - INFO - 🔄 ターン 2 を処理中...
2025-07-20 22:41:29 - DataPreprocessorMain - INFO -   元のクエリ: What types of dishes are served on Burmese religious holidays?
2025-07-20 22:41:29 - DataPreprocessorMain - INFO -   書き換えクエリ: What types of dishes are served on Burmese religious holidays ?
2025-07-20 22:41:29 - DataPreprocessorMain - INFO - 🔄 ターン 3 を処理中...
2025-07-20 22:41:29 - DataPreprocessorMain - INFO -   元のクエリ: What are some dishes served on Buddhism related holidays in Burma?
2025-07-20 22:41:29 - DataPreprocessorMain - INFO -   書き換えクエリ: What are some dishes served on Buddhism related holidays in Burma ?
2025-07-20 22:41:29 - DataPreprocessorMain - INFO - ✅ ダイアログ 34 の処理が完了しました
2025-07-20 22:41:29 - DataPreprocessorMain - INFO - 
------------------------------
2025-07-20 22:41:29 - DataPreprocessorMain - INFO - 📌 ダイアログ 35/250 を処理中
2025-07-20 22:41:29 - DataPreprocessorMain - INFO - ------------------------------
2025-07-20 22:41:29 - DataPreprocessorMain - INFO - ダイアログキー: food_level1_dial13
2025-07-20 22:41:29 - DataPreprocessorMain - INFO - ターン数: 3
2025-07-20 22:41:29 - DataPreprocessorMain - INFO - 🔄 ターン 1 を処理中...
2025-07-20 22:41:29 - DataPreprocessorMain - INFO -   元のクエリ: What island in Japan do most Ainu live today?
2025-07-20 22:41:29 - DataPreprocessorMain - INFO -   書き換えクエリ: What island in Japan do most Ainu live today ?
2025-07-20 22:41:29 - DataPreprocessorMain - INFO - 🔄 ターン 2 を処理中...
2025-07-20 22:41:30 - DataPreprocessorMain - INFO -   元のクエリ: What are some of the common dishes in the Ainu cuisine?
2025-07-20 22:41:30 - DataPreprocessorMain - INFO -   書き換えクエリ: What are some of the common dishes in the Ainu cuisine ?
2025-07-20 22:41:30 - DataPreprocessorMain - INFO - 🔄 ターン 3 を処理中...
2025-07-20 22:41:30 - DataPreprocessorMain - INFO -   元のクエリ: I want to know more about rataskep.
2025-07-20 22:41:30 - DataPreprocessorMain - INFO -   書き換えクエリ: I want to know more about rataskep in the Ainu cuisine .
2025-07-20 22:41:30 - DataPreprocessorMain - INFO - ✅ ダイアログ 35 の処理が完了しました
2025-07-20 22:41:30 - DataPreprocessorMain - INFO - 
------------------------------
2025-07-20 22:41:30 - DataPreprocessorMain - INFO - 📌 ダイアログ 36/250 を処理中
2025-07-20 22:41:30 - DataPreprocessorMain - INFO - ------------------------------
2025-07-20 22:41:30 - DataPreprocessorMain - INFO - ダイアログキー: hobby_level3_dial37
2025-07-20 22:41:30 - DataPreprocessorMain - INFO - ターン数: 6
2025-07-20 22:41:30 - DataPreprocessorMain - INFO - 🔄 ターン 1 を処理中...
2025-07-20 22:41:31 - DataPreprocessorMain - INFO -   元のクエリ: What brand of bikes did Hoy generally ride during competitions?
2025-07-20 22:41:31 - DataPreprocessorMain - INFO -   書き換えクエリ: What brand of bikes did Hoy generally ride during competitions ?
2025-07-20 22:41:31 - DataPreprocessorMain - INFO - 🔄 ターン 2 を処理中...
2025-07-20 22:41:31 - DataPreprocessorMain - INFO -   元のクエリ: What was the name of the brand of bikes that Sir Christopher Andrew Hoy started?
2025-07-20 22:41:31 - DataPreprocessorMain - INFO -   書き換えクエリ: What was the name of the brand of bikes that Sir Christopher Andrew Hoy started?
2025-07-20 22:41:31 - DataPreprocessorMain - INFO - 🔄 ターン 3 を処理中...
2025-07-20 22:41:31 - DataPreprocessorMain - INFO -   元のクエリ: Is Sir Christopher Hoy still an active racing driver as of 2022?
2025-07-20 22:41:31 - DataPreprocessorMain - INFO -   書き換えクエリ: Is Sir Christopher Hoy still an active racing driver as of 2022 ?
2025-07-20 22:41:31 - DataPreprocessorMain - INFO - 🔄 ターン 4 を処理中...
2025-07-20 22:41:32 - DataPreprocessorMain - INFO -   元のクエリ: Who ended up winning the 2016 Le Mans 24 Hours?
2025-07-20 22:41:32 - DataPreprocessorMain - INFO -   書き換えクエリ: Who ended up winning the 2016 Le Mans 24 Hours ?
2025-07-20 22:41:32 - DataPreprocessorMain - INFO - 🔄 ターン 5 を処理中...
2025-07-20 22:41:32 - DataPreprocessorMain - INFO -   元のクエリ: What other races has Marc Lieb' won?
2025-07-20 22:41:32 - DataPreprocessorMain - INFO -   書き換えクエリ: Besides the 2016 Le Mans 24 Hours , what other races has Marc Lieb won ?
2025-07-20 22:41:32 - DataPreprocessorMain - INFO - 🔄 ターン 6 を処理中...
2025-07-20 22:41:33 - DataPreprocessorMain - INFO -   元のクエリ: Does Marc Lieb own any speed world records on the track?
2025-07-20 22:41:33 - DataPreprocessorMain - INFO -   書き換えクエリ: Does Marc Lieb own any speed world records on the track ?
2025-07-20 22:41:33 - DataPreprocessorMain - INFO - ✅ ダイアログ 36 の処理が完了しました
2025-07-20 22:41:33 - DataPreprocessorMain - INFO - 
------------------------------
2025-07-20 22:41:33 - DataPreprocessorMain - INFO - 📌 ダイアログ 37/250 を処理中
2025-07-20 22:41:33 - DataPreprocessorMain - INFO - ------------------------------
2025-07-20 22:41:33 - DataPreprocessorMain - INFO - ダイアログキー: hobby_level3_dial10
2025-07-20 22:41:33 - DataPreprocessorMain - INFO - ターン数: 4
2025-07-20 22:41:33 - DataPreprocessorMain - INFO - 🔄 ターン 1 を処理中...
2025-07-20 22:41:33 - DataPreprocessorMain - INFO -   元のクエリ: How did Henri Cartier-Bresson get started in photography?
2025-07-20 22:41:33 - DataPreprocessorMain - INFO -   書き換えクエリ: How did Henri Cartier-Bresson get started in photography ?
2025-07-20 22:41:33 - DataPreprocessorMain - INFO - 🔄 ターン 2 を処理中...
2025-07-20 22:41:34 - DataPreprocessorMain - INFO -   元のクエリ: Did he ever get involved with any other art media besides photography?
2025-07-20 22:41:34 - DataPreprocessorMain - INFO -   書き換えクエリ: Did Henri Cartier-Bresson ever get involved with any other art media besides photography ?
2025-07-20 22:41:34 - DataPreprocessorMain - INFO - 🔄 ターン 3 を処理中...
2025-07-20 22:41:35 - DataPreprocessorMain - INFO -   元のクエリ: What two films did acted on that was directed by Jean Renoir?
2025-07-20 22:41:35 - DataPreprocessorMain - INFO -   書き換えクエリ: What two films did Henri Cartier-Bresson acted on that was directed by Jean Renoir ?
2025-07-20 22:41:35 - DataPreprocessorMain - INFO - 🔄 ターン 4 を処理中...
2025-07-20 22:41:35 - DataPreprocessorMain - INFO -   元のクエリ: What awards did Cartier-Bresson receive?
2025-07-20 22:41:35 - DataPreprocessorMain - INFO -   書き換えクエリ: What awards did Henri Cartier-Bresson receive for his acting ?
2025-07-20 22:41:35 - DataPreprocessorMain - INFO - ✅ ダイアログ 37 の処理が完了しました
2025-07-20 22:41:35 - DataPreprocessorMain - INFO - 
------------------------------
2025-07-20 22:41:35 - DataPreprocessorMain - INFO - 📌 ダイアログ 38/250 を処理中
2025-07-20 22:41:35 - DataPreprocessorMain - INFO - ------------------------------
2025-07-20 22:41:35 - DataPreprocessorMain - INFO - ダイアログキー: food_level2_dial13
2025-07-20 22:41:35 - DataPreprocessorMain - INFO - ターン数: 6
2025-07-20 22:41:35 - DataPreprocessorMain - INFO - 🔄 ターン 1 を処理中...
2025-07-20 22:41:35 - DataPreprocessorMain - INFO -   元のクエリ: Do sugary drinks actually cause obesity?
2025-07-20 22:41:35 - DataPreprocessorMain - INFO -   書き換えクエリ: Do sugary drinks actually cause obesity ?
2025-07-20 22:41:35 - DataPreprocessorMain - INFO - 🔄 ターン 2 を処理中...
2025-07-20 22:41:36 - DataPreprocessorMain - INFO -   元のクエリ: Which countries have the highest soda tax?
2025-07-20 22:41:36 - DataPreprocessorMain - INFO -   書き換えクエリ: Which countries have the highest soda tax ?
2025-07-20 22:41:36 - DataPreprocessorMain - INFO - 🔄 ターン 3 を処理中...
2025-07-20 22:41:36 - DataPreprocessorMain - INFO -   元のクエリ: Are there any places that don't have a soda tax?
2025-07-20 22:41:36 - DataPreprocessorMain - INFO -   書き換えクエリ: Are there any places that don't have a soda tax ?
2025-07-20 22:41:36 - DataPreprocessorMain - INFO - 🔄 ターン 4 を処理中...
2025-07-20 22:41:37 - DataPreprocessorMain - INFO -   元のクエリ: Can you name some localities within the US that have sugar tax?
2025-07-20 22:41:37 - DataPreprocessorMain - INFO -   書き換えクエリ: Can you name some localities within the US that have sugar tax ?
2025-07-20 22:41:37 - DataPreprocessorMain - INFO - 🔄 ターン 5 を処理中...
2025-07-20 22:41:37 - DataPreprocessorMain - INFO -   元のクエリ: I interested in the ones in California.
2025-07-20 22:41:37 - DataPreprocessorMain - INFO -   書き換えクエリ: I interested in the ones in California.
2025-07-20 22:41:37 - DataPreprocessorMain - INFO - 🔄 ターン 6 を処理中...
2025-07-20 22:41:37 - DataPreprocessorMain - INFO -   元のクエリ: I would like to know about sugar taxes in San Francisco.
2025-07-20 22:41:37 - DataPreprocessorMain - INFO -   書き換えクエリ: I would like to know about sugar taxes in San Francisco .
2025-07-20 22:41:37 - DataPreprocessorMain - INFO - ✅ ダイアログ 38 の処理が完了しました
2025-07-20 22:41:37 - DataPreprocessorMain - INFO - 
------------------------------
2025-07-20 22:41:37 - DataPreprocessorMain - INFO - 📌 ダイアログ 39/250 を処理中
2025-07-20 22:41:37 - DataPreprocessorMain - INFO - ------------------------------
2025-07-20 22:41:37 - DataPreprocessorMain - INFO - ダイアログキー: food_level3_dial30
2025-07-20 22:41:37 - DataPreprocessorMain - INFO - ターン数: 7
2025-07-20 22:41:37 - DataPreprocessorMain - INFO - 🔄 ターン 1 を処理中...
2025-07-20 22:41:38 - DataPreprocessorMain - INFO -   元のクエリ: When was Conagra Brands, Inc founded?
2025-07-20 22:41:38 - DataPreprocessorMain - INFO -   書き換えクエリ: When was Conagra Brands, Inc founded ?
2025-07-20 22:41:38 - DataPreprocessorMain - INFO - 🔄 ターン 2 を処理中...
2025-07-20 22:41:38 - DataPreprocessorMain - INFO -   元のクエリ: Could you tell me about the kinds of places their stuff is available at?
2025-07-20 22:41:38 - DataPreprocessorMain - INFO -   書き換えクエリ: Can you tell me about the kinds of places Conagra Brands, Inc. stuff is available at ?
2025-07-20 22:41:38 - DataPreprocessorMain - INFO - 🔄 ターン 3 を処理中...
2025-07-20 22:41:38 - DataPreprocessorMain - INFO -   元のクエリ: What's the best selling product Conagra sells?
2025-07-20 22:41:39 - DataPreprocessorMain - INFO -   書き換えクエリ: What's the best selling product Conagra sells ?
2025-07-20 22:41:39 - DataPreprocessorMain - INFO - 🔄 ターン 4 を処理中...
2025-07-20 22:41:39 - DataPreprocessorMain - INFO -   元のクエリ: What was Conagra Brands formerly known as?
2025-07-20 22:41:39 - DataPreprocessorMain - INFO -   書き換えクエリ: What was Conagra Brands formerly known as ?
2025-07-20 22:41:39 - DataPreprocessorMain - INFO - 🔄 ターン 5 を処理中...
2025-07-20 22:41:39 - DataPreprocessorMain - INFO -   元のクエリ: Did they say why they wanted to change their name to Conagra Brands?
2025-07-20 22:41:39 - DataPreprocessorMain - INFO -   書き換えクエリ: Did Nebraska Consolidated Mills say why they wanted to change their name to Conagra Brands ?
2025-07-20 22:41:39 - DataPreprocessorMain - INFO - 🔄 ターン 6 を処理中...
2025-07-20 22:41:40 - DataPreprocessorMain - INFO -   元のクエリ: Fine, then can you tell me the problems that Conagra Brands encounter with their employees?
2025-07-20 22:41:40 - DataPreprocessorMain - INFO -   書き換えクエリ: Can you tell me the problems that Conagra Brands encounter with their employees ?
2025-07-20 22:41:40 - DataPreprocessorMain - INFO - 🔄 ターン 7 を処理中...
2025-07-20 22:41:41 - DataPreprocessorMain - INFO -   元のクエリ: I would like to know more about the safety issues at their Greely, Colorado plant.
2025-07-20 22:41:41 - DataPreprocessorMain - INFO -   書き換えクエリ: I would like to know more about the safety issues at Conagra Brands Greely, Colorado plant .
2025-07-20 22:41:41 - DataPreprocessorMain - INFO - ✅ ダイアログ 39 の処理が完了しました
2025-07-20 22:41:41 - DataPreprocessorMain - INFO - 
------------------------------
2025-07-20 22:41:41 - DataPreprocessorMain - INFO - 📌 ダイアログ 40/250 を処理中
2025-07-20 22:41:41 - DataPreprocessorMain - INFO - ------------------------------
2025-07-20 22:41:41 - DataPreprocessorMain - INFO - ダイアログキー: food_level1_dial14
2025-07-20 22:41:41 - DataPreprocessorMain - INFO - ターン数: 6
2025-07-20 22:41:41 - DataPreprocessorMain - INFO - 🔄 ターン 1 を処理中...
2025-07-20 22:41:41 - DataPreprocessorMain - INFO -   元のクエリ: What type of milk is used in making tofu?
2025-07-20 22:41:41 - DataPreprocessorMain - INFO -   書き換えクエリ: What type of milk is used in making tofu ?
2025-07-20 22:41:41 - DataPreprocessorMain - INFO - 🔄 ターン 2 を処理中...
2025-07-20 22:41:41 - DataPreprocessorMain - INFO -   元のクエリ: What are the nutritional benefits of tofu?
2025-07-20 22:41:41 - DataPreprocessorMain - INFO -   書き換えクエリ: What are the nutritional benefits of tofu ?
2025-07-20 22:41:41 - DataPreprocessorMain - INFO - 🔄 ターン 3 を処理中...
2025-07-20 22:41:42 - DataPreprocessorMain - INFO -   元のクエリ: What kind of foods taste similar to tofu?
2025-07-20 22:41:42 - DataPreprocessorMain - INFO -   書き換えクエリ: What kind of foods taste similar to tofu ?
2025-07-20 22:41:42 - DataPreprocessorMain - INFO - 🔄 ターン 4 を処理中...
2025-07-20 22:41:42 - DataPreprocessorMain - INFO -   元のクエリ: What is Paneer made of?
2025-07-20 22:41:42 - DataPreprocessorMain - INFO -   書き換えクエリ: What is Paneer made of ?
2025-07-20 22:41:42 - DataPreprocessorMain - INFO - 🔄 ターン 5 を処理中...
2025-07-20 22:41:42 - DataPreprocessorMain - INFO -   元のクエリ: Are there different flavors for paneers, like salty, sweet etc?
2025-07-20 22:41:42 - DataPreprocessorMain - INFO -   書き換えクエリ: Are there different flavors for paneers, like salty, sweet etc ?
2025-07-20 22:41:42 - DataPreprocessorMain - INFO - 🔄 ターン 6 を処理中...
2025-07-20 22:41:43 - DataPreprocessorMain - INFO -   元のクエリ: Is paneer typically eaten when?
2025-07-20 22:41:43 - DataPreprocessorMain - INFO -   書き換えクエリ: Is paneer typically eaten when ?
2025-07-20 22:41:43 - DataPreprocessorMain - INFO - ✅ ダイアログ 40 の処理が完了しました
2025-07-20 22:41:43 - DataPreprocessorMain - INFO - 
------------------------------
2025-07-20 22:41:43 - DataPreprocessorMain - INFO - 📌 ダイアログ 41/250 を処理中
2025-07-20 22:41:43 - DataPreprocessorMain - INFO - ------------------------------
2025-07-20 22:41:43 - DataPreprocessorMain - INFO - ダイアログキー: hobby_level1_dial19
2025-07-20 22:41:43 - DataPreprocessorMain - INFO - ターン数: 6
2025-07-20 22:41:43 - DataPreprocessorMain - INFO - 🔄 ターン 1 を処理中...
2025-07-20 22:41:43 - DataPreprocessorMain - INFO -   元のクエリ: Why did Hartmut Lutz coin the term Indianthusiasm?
2025-07-20 22:41:43 - DataPreprocessorMain - INFO -   書き換えクエリ: Why did Hartmut Lutz coin the term Indianthusiasm ?
2025-07-20 22:41:43 - DataPreprocessorMain - INFO - 🔄 ターン 2 を処理中...
2025-07-20 22:41:44 - DataPreprocessorMain - INFO -   元のクエリ: Which spiritual and esoteric aspects of Native American life were influenced by Germans?
2025-07-20 22:41:44 - DataPreprocessorMain - INFO -   書き換えクエリ: Which spiritual and esoteric aspects of Native American life were influenced by Germans ?
2025-07-20 22:41:44 - DataPreprocessorMain - INFO - 🔄 ターン 3 を処理中...
2025-07-20 22:41:44 - DataPreprocessorMain - INFO -   元のクエリ: How were Native Americans portrayed in art?
2025-07-20 22:41:44 - DataPreprocessorMain - INFO -   書き換えクエリ: How were Native Americans portrayed in art ?
2025-07-20 22:41:44 - DataPreprocessorMain - INFO - 🔄 ターン 4 を処理中...
2025-07-20 22:41:45 - DataPreprocessorMain - INFO -   元のクエリ: What were the consequences of German pop culture treating Native Americans in this romanticized way?
2025-07-20 22:41:45 - DataPreprocessorMain - INFO -   書き換えクエリ: What were the consequences of German pop culture treating Native Americans in a romanticized way ?
2025-07-20 22:41:45 - DataPreprocessorMain - INFO - 🔄 ターン 5 を処理中...
2025-07-20 22:41:45 - DataPreprocessorMain - INFO -   元のクエリ: Are there any notable museum collections of the German Native American art?
2025-07-20 22:41:45 - DataPreprocessorMain - INFO -   書き換えクエリ: Are there any notable museum collections of the German Native American art ?
2025-07-20 22:41:45 - DataPreprocessorMain - INFO - 🔄 ターン 6 を処理中...
2025-07-20 22:41:46 - DataPreprocessorMain - INFO -   元のクエリ: What other types of interesting art does the Ethnological Museum of Berlin have?
2025-07-20 22:41:46 - DataPreprocessorMain - INFO -   書き換えクエリ: What other types of interesting art does the Ethnological Museum of Berlin have in addition to Native American art ?
2025-07-20 22:41:46 - DataPreprocessorMain - INFO - ✅ ダイアログ 41 の処理が完了しました
2025-07-20 22:41:46 - DataPreprocessorMain - INFO - 
------------------------------
2025-07-20 22:41:46 - DataPreprocessorMain - INFO - 📌 ダイアログ 42/250 を処理中
2025-07-20 22:41:46 - DataPreprocessorMain - INFO - ------------------------------
2025-07-20 22:41:46 - DataPreprocessorMain - INFO - ダイアログキー: top25_dial53
2025-07-20 22:41:46 - DataPreprocessorMain - INFO - ターン数: 6
2025-07-20 22:41:46 - DataPreprocessorMain - INFO - 🔄 ターン 1 を処理中...
2025-07-20 22:41:46 - DataPreprocessorMain - INFO -   元のクエリ: Is Philip Mickelson still a golf competitor as of 2022?
2025-07-20 22:41:46 - DataPreprocessorMain - INFO -   書き換えクエリ: Is Philip Mickelson still a golf competitor as of 2022 ?
2025-07-20 22:41:46 - DataPreprocessorMain - INFO - 🔄 ターン 2 を処理中...
2025-07-20 22:41:46 - DataPreprocessorMain - INFO -   元のクエリ: Has Philip Mickelson had any injuries?
2025-07-20 22:41:46 - DataPreprocessorMain - INFO -   書き換えクエリ: Has Philip Mickelson had any injuries from playing golf in 2022 ?
2025-07-20 22:41:46 - DataPreprocessorMain - INFO - 🔄 ターン 3 を処理中...
2025-07-20 22:41:47 - DataPreprocessorMain - INFO -   元のクエリ: What kind of playing style is Philip Mickelson known for?
2025-07-20 22:41:47 - DataPreprocessorMain - INFO -   書き換えクエリ: What kind of playing style is Philip Mickelson known for ?
2025-07-20 22:41:47 - DataPreprocessorMain - INFO - 🔄 ターン 4 を処理中...
2025-07-20 22:41:47 - DataPreprocessorMain - INFO -   元のクエリ: When did Mickelson first play professionally?
2025-07-20 22:41:47 - DataPreprocessorMain - INFO -   書き換えクエリ: When did Philip Mickelson first play professionally ?
2025-07-20 22:41:47 - DataPreprocessorMain - INFO - 🔄 ターン 5 を処理中...
2025-07-20 22:41:48 - DataPreprocessorMain - INFO -   元のクエリ: What were some of Phil Mickelson's most notable endorsements?
2025-07-20 22:41:48 - DataPreprocessorMain - INFO -   書き換えクエリ: What were some of Phil Mickelson's most notable endorsements ?
2025-07-20 22:41:48 - DataPreprocessorMain - INFO - 🔄 ターン 6 を処理中...
2025-07-20 22:41:48 - DataPreprocessorMain - INFO -   元のクエリ: I am interested in previous sponsors.
2025-07-20 22:41:48 - DataPreprocessorMain - INFO -   書き換えクエリ: I am interested in previous sponsors of Philip Mickelson .
2025-07-20 22:41:48 - DataPreprocessorMain - INFO - ✅ ダイアログ 42 の処理が完了しました
2025-07-20 22:41:48 - DataPreprocessorMain - INFO - 
------------------------------
2025-07-20 22:41:48 - DataPreprocessorMain - INFO - 📌 ダイアログ 43/250 を処理中
2025-07-20 22:41:48 - DataPreprocessorMain - INFO - ------------------------------
2025-07-20 22:41:48 - DataPreprocessorMain - INFO - ダイアログキー: food_level3_dial31
2025-07-20 22:41:48 - DataPreprocessorMain - INFO - ターン数: 6
2025-07-20 22:41:48 - DataPreprocessorMain - INFO - 🔄 ターン 1 を処理中...
2025-07-20 22:41:48 - DataPreprocessorMain - INFO -   元のクエリ: What places is the blue crab endemic to?
2025-07-20 22:41:48 - DataPreprocessorMain - INFO -   書き換えクエリ: What places is the blue crab endemic to ?
2025-07-20 22:41:48 - DataPreprocessorMain - INFO - 🔄 ターン 2 を処理中...
2025-07-20 22:41:49 - DataPreprocessorMain - INFO -   元のクエリ: What type of crabbing gear is needed ro catch blue crabs?
2025-07-20 22:41:49 - DataPreprocessorMain - INFO -   書き換えクエリ: What type of crabbing gear is needed to catch blue crabs ?
2025-07-20 22:41:49 - DataPreprocessorMain - INFO - 🔄 ターン 3 を処理中...
2025-07-20 22:41:49 - DataPreprocessorMain - INFO -   元のクエリ: Can normal people catch blue crabs in the gulf region in the US as a hobby?
2025-07-20 22:41:49 - DataPreprocessorMain - INFO -   書き換えクエリ: Can normal people catch blue crabs in the gulf region in the US as a hobby ?
2025-07-20 22:41:49 - DataPreprocessorMain - INFO - 🔄 ターン 4 を処理中...
2025-07-20 22:41:50 - DataPreprocessorMain - INFO -   元のクエリ: How do blue crabs reproduce?
2025-07-20 22:41:50 - DataPreprocessorMain - INFO -   書き換えクエリ: How do blue crabs reproduce ?
2025-07-20 22:41:50 - DataPreprocessorMain - INFO - 🔄 ターン 5 を処理中...
2025-07-20 22:41:50 - DataPreprocessorMain - INFO -   元のクエリ: Are blue crabs very common to catch?
2025-07-20 22:41:50 - DataPreprocessorMain - INFO -   書き換えクエリ: Are blue crabs very common to catch ?
2025-07-20 22:41:50 - DataPreprocessorMain - INFO - 🔄 ターン 6 を処理中...
2025-07-20 22:41:50 - DataPreprocessorMain - INFO -   元のクエリ: Do you know by how much the population has declined?
2025-07-20 22:41:50 - DataPreprocessorMain - INFO -   書き換えクエリ: Do you know by how much the population of blue crabs has declined ?
2025-07-20 22:41:50 - DataPreprocessorMain - INFO - ✅ ダイアログ 43 の処理が完了しました
2025-07-20 22:41:50 - DataPreprocessorMain - INFO - 
------------------------------
2025-07-20 22:41:50 - DataPreprocessorMain - INFO - 📌 ダイアログ 44/250 を処理中
2025-07-20 22:41:50 - DataPreprocessorMain - INFO - ------------------------------
2025-07-20 22:41:50 - DataPreprocessorMain - INFO - ダイアログキー: hobby_level1_dial2
2025-07-20 22:41:50 - DataPreprocessorMain - INFO - ターン数: 6
2025-07-20 22:41:50 - DataPreprocessorMain - INFO - 🔄 ターン 1 を処理中...
2025-07-20 22:41:51 - DataPreprocessorMain - INFO -   元のクエリ: Why is it important to consider soil when planning a garden?
2025-07-20 22:41:51 - DataPreprocessorMain - INFO -   書き換えクエリ: Why is soil important to consider when planning a garden ?
2025-07-20 22:41:51 - DataPreprocessorMain - INFO - 🔄 ターン 2 を処理中...
2025-07-20 22:41:51 - DataPreprocessorMain - INFO -   元のクエリ: Which regions are rock gardens best suited for?
2025-07-20 22:41:51 - DataPreprocessorMain - INFO -   書き換えクエリ: Which regions are rock gardens best suited for ?
2025-07-20 22:41:51 - DataPreprocessorMain - INFO - 🔄 ターン 3 を処理中...
2025-07-20 22:41:51 - DataPreprocessorMain - INFO -   元のクエリ: How does one become a landscape architect?
2025-07-20 22:41:51 - DataPreprocessorMain - INFO -   書き換えクエリ: How does one become a landscape architect ?
2025-07-20 22:41:51 - DataPreprocessorMain - INFO - 🔄 ターン 4 を処理中...
2025-07-20 22:41:52 - DataPreprocessorMain - INFO -   元のクエリ: What are the essential elements in a kitchen garden?
2025-07-20 22:41:52 - DataPreprocessorMain - INFO -   書き換えクエリ: What are the essential elements in a kitchen garden ?
2025-07-20 22:41:52 - DataPreprocessorMain - INFO - 🔄 ターン 5 を処理中...
2025-07-20 22:41:52 - DataPreprocessorMain - INFO -   元のクエリ: I would like to know about Modern ptager garden?
2025-07-20 22:41:52 - DataPreprocessorMain - INFO -   書き換えクエリ: What is Modern ptager garden ?
2025-07-20 22:41:52 - DataPreprocessorMain - INFO - 🔄 ターン 6 を処理中...
2025-07-20 22:41:53 - DataPreprocessorMain - INFO -   元のクエリ: What parts of the world ptager garden is mainly found?
2025-07-20 22:41:53 - DataPreprocessorMain - INFO -   書き換えクエリ: What parts of the world ptager garden is mainly found ?
2025-07-20 22:41:53 - DataPreprocessorMain - INFO - ✅ ダイアログ 44 の処理が完了しました
2025-07-20 22:41:53 - DataPreprocessorMain - INFO - 
------------------------------
2025-07-20 22:41:53 - DataPreprocessorMain - INFO - 📌 ダイアログ 45/250 を処理中
2025-07-20 22:41:53 - DataPreprocessorMain - INFO - ------------------------------
2025-07-20 22:41:53 - DataPreprocessorMain - INFO - ダイアログキー: food_level2_dial14
2025-07-20 22:41:53 - DataPreprocessorMain - INFO - ターン数: 6
2025-07-20 22:41:53 - DataPreprocessorMain - INFO - 🔄 ターン 1 を処理中...
2025-07-20 22:41:53 - DataPreprocessorMain - INFO -   元のクエリ: Why are morels prized by gourmet cooks?
2025-07-20 22:41:53 - DataPreprocessorMain - INFO -   書き換えクエリ: Why are morels prized by gourmet cooks ?
2025-07-20 22:41:53 - DataPreprocessorMain - INFO - 🔄 ターン 2 を処理中...
2025-07-20 22:41:53 - DataPreprocessorMain - INFO -   元のクエリ: What other ingredient can be substituted for morels ina recipe?
2025-07-20 22:41:53 - DataPreprocessorMain - INFO -   書き換えクエリ: Besides their unique flavor , what other ingredient can be substituted for morels in a recipe ?
2025-07-20 22:41:53 - DataPreprocessorMain - INFO - 🔄 ターン 3 を処理中...
2025-07-20 22:41:54 - DataPreprocessorMain - INFO -   元のクエリ: What are the nutritional aspects of morchella?
2025-07-20 22:41:54 - DataPreprocessorMain - INFO -   書き換えクエリ: What are the nutritional aspects of morchella ?
2025-07-20 22:41:54 - DataPreprocessorMain - INFO - 🔄 ターン 4 を処理中...
2025-07-20 22:41:54 - DataPreprocessorMain - INFO -   元のクエリ: Is it possible for morchella to be toxic?
2025-07-20 22:41:54 - DataPreprocessorMain - INFO -   書き換えクエリ: Is it possible for morchella to be toxic ?
2025-07-20 22:41:54 - DataPreprocessorMain - INFO - 🔄 ターン 5 を処理中...
2025-07-20 22:41:54 - DataPreprocessorMain - INFO -   元のクエリ: How is morchella sourced?
2025-07-20 22:41:54 - DataPreprocessorMain - INFO -   書き換えクエリ: How is morchella sourced ?
2025-07-20 22:41:54 - DataPreprocessorMain - INFO - 🔄 ターン 6 を処理中...
2025-07-20 22:41:55 - DataPreprocessorMain - INFO -   元のクエリ: which country consumes the most morels in the world?
2025-07-20 22:41:55 - DataPreprocessorMain - INFO -   書き換えクエリ: Which country consumes the most morels in the world ?
2025-07-20 22:41:55 - DataPreprocessorMain - INFO - ✅ ダイアログ 45 の処理が完了しました
2025-07-20 22:41:55 - DataPreprocessorMain - INFO - 
------------------------------
2025-07-20 22:41:55 - DataPreprocessorMain - INFO - 📌 ダイアログ 46/250 を処理中
2025-07-20 22:41:55 - DataPreprocessorMain - INFO - ------------------------------
2025-07-20 22:41:55 - DataPreprocessorMain - INFO - ダイアログキー: hobby_level3_dial38
2025-07-20 22:41:55 - DataPreprocessorMain - INFO - ターン数: 6
2025-07-20 22:41:55 - DataPreprocessorMain - INFO - 🔄 ターン 1 を処理中...
2025-07-20 22:41:55 - DataPreprocessorMain - INFO -   元のクエリ: Who first used the term barbarian in Ancient Greece?
2025-07-20 22:41:55 - DataPreprocessorMain - INFO -   書き換えクエリ: Who first used the term barbarian in Ancient Greece ?
2025-07-20 22:41:55 - DataPreprocessorMain - INFO - 🔄 ターン 2 を処理中...
2025-07-20 22:41:56 - DataPreprocessorMain - INFO -   元のクエリ: Who were the most notorious barbarians?
2025-07-20 22:41:56 - DataPreprocessorMain - INFO -   書き換えクエリ: Who were the most notorious barbarians in Ancient Greece ?
2025-07-20 22:41:56 - DataPreprocessorMain - INFO - 🔄 ターン 3 を処理中...
2025-07-20 22:41:56 - DataPreprocessorMain - INFO -   元のクエリ: I want to know more about the Roman barbarians!
2025-07-20 22:41:56 - DataPreprocessorMain - INFO -   書き換えクエリ: I want to know more about the Roman barbarians !
2025-07-20 22:41:56 - DataPreprocessorMain - INFO - 🔄 ターン 4 を処理中...
2025-07-20 22:41:56 - DataPreprocessorMain - INFO -   元のクエリ: Did Romans use the term Barbarian a derogatory word?
2025-07-20 22:41:56 - DataPreprocessorMain - INFO -   書き換えクエリ: Did Romans use the term barbarian a derogatory word ?
2025-07-20 22:41:56 - DataPreprocessorMain - INFO - 🔄 ターン 5 を処理中...
2025-07-20 22:41:57 - DataPreprocessorMain - INFO -   元のクエリ: What is the modern day use of the term "barbarian" like?
2025-07-20 22:41:57 - DataPreprocessorMain - INFO -   書き換えクエリ: What is the modern day use of the term " barbarian " like ?
2025-07-20 22:41:57 - DataPreprocessorMain - INFO - 🔄 ターン 6 を処理中...
2025-07-20 22:41:57 - DataPreprocessorMain - INFO -   元のクエリ: I've heard the term's tied to Marxism as well. Could you tell me how that got started?
2025-07-20 22:41:57 - DataPreprocessorMain - INFO -   書き換えクエリ: I've heard the term barbarian tied to Marxism. Could you tell me how that got started ?
2025-07-20 22:41:57 - DataPreprocessorMain - INFO - ✅ ダイアログ 46 の処理が完了しました
2025-07-20 22:41:57 - DataPreprocessorMain - INFO - 
------------------------------
2025-07-20 22:41:57 - DataPreprocessorMain - INFO - 📌 ダイアログ 47/250 を処理中
2025-07-20 22:41:57 - DataPreprocessorMain - INFO - ------------------------------
2025-07-20 22:41:57 - DataPreprocessorMain - INFO - ダイアログキー: hobby_level2_dial23
2025-07-20 22:41:57 - DataPreprocessorMain - INFO - ターン数: 6
2025-07-20 22:41:57 - DataPreprocessorMain - INFO - 🔄 ターン 1 を処理中...
2025-07-20 22:41:58 - DataPreprocessorMain - INFO -   元のクエリ: What are the consequences of getting bitten by a tick?
2025-07-20 22:41:58 - DataPreprocessorMain - INFO -   書き換えクエリ: What are the consequences of getting bitten by a tick ?
2025-07-20 22:41:58 - DataPreprocessorMain - INFO - 🔄 ターン 2 を処理中...
2025-07-20 22:41:58 - DataPreprocessorMain - INFO -   元のクエリ: What regions of the United States are ticks found in?
2025-07-20 22:41:58 - DataPreprocessorMain - INFO -   書き換えクエリ: What regions of the United States are ticks found in ?
2025-07-20 22:41:58 - DataPreprocessorMain - INFO - 🔄 ターン 3 を処理中...
2025-07-20 22:41:59 - DataPreprocessorMain - INFO -   元のクエリ: What do ticks feed on?
2025-07-20 22:41:59 - DataPreprocessorMain - INFO -   書き換えクエリ: What do ticks feed on ?
2025-07-20 22:41:59 - DataPreprocessorMain - INFO - 🔄 ターン 4 を処理中...
2025-07-20 22:41:59 - DataPreprocessorMain - INFO -   元のクエリ: What are tick population control measures in the United States?
2025-07-20 22:41:59 - DataPreprocessorMain - INFO -   書き換えクエリ: What are tick population control measures in the United States ?
2025-07-20 22:41:59 - DataPreprocessorMain - INFO - 🔄 ターン 5 を処理中...
2025-07-20 22:41:59 - DataPreprocessorMain - INFO -   元のクエリ: How many people fall sick from tick bites a year anyway?
2025-07-20 22:41:59 - DataPreprocessorMain - INFO -   書き換えクエリ: How many people fall sick from tick bites a year anyway in the United States ?
2025-07-20 22:41:59 - DataPreprocessorMain - INFO - 🔄 ターン 6 を処理中...
2025-07-20 22:42:00 - DataPreprocessorMain - INFO -   元のクエリ: Besides mice, what other animals are hosts for ticks?
2025-07-20 22:42:00 - DataPreprocessorMain - INFO -   書き換えクエリ: Besides mice, what other animals are hosts for ticks in the United States ?
2025-07-20 22:42:00 - DataPreprocessorMain - INFO - ✅ ダイアログ 47 の処理が完了しました
2025-07-20 22:42:00 - DataPreprocessorMain - INFO - 
------------------------------
2025-07-20 22:42:00 - DataPreprocessorMain - INFO - 📌 ダイアログ 48/250 を処理中
2025-07-20 22:42:00 - DataPreprocessorMain - INFO - ------------------------------
2025-07-20 22:42:00 - DataPreprocessorMain - INFO - ダイアログキー: hobby_level3_dial11
2025-07-20 22:42:00 - DataPreprocessorMain - INFO - ターン数: 7
2025-07-20 22:42:00 - DataPreprocessorMain - INFO - 🔄 ターン 1 を処理中...
2025-07-20 22:42:00 - DataPreprocessorMain - INFO -   元のクエリ: Is organ printing a common practice?
2025-07-20 22:42:00 - DataPreprocessorMain - INFO -   書き換えクエリ: Is organ printing a common practice ?
2025-07-20 22:42:00 - DataPreprocessorMain - INFO - 🔄 ターン 2 を処理中...
2025-07-20 22:42:01 - DataPreprocessorMain - INFO -   元のクエリ: That's unfortunate. Have there been any clinical trials involving organ printing?
2025-07-20 22:42:01 - DataPreprocessorMain - INFO -   書き換えクエリ: Have there been any clinical trials involving organ printing ?
2025-07-20 22:42:01 - DataPreprocessorMain - INFO - 🔄 ターン 3 を処理中...
2025-07-20 22:42:01 - DataPreprocessorMain - INFO -   元のクエリ: What are the ethical concerns about organ printing?
2025-07-20 22:42:01 - DataPreprocessorMain - INFO -   書き換えクエリ: What are the ethical concerns about organ printing ?
2025-07-20 22:42:01 - DataPreprocessorMain - INFO - 🔄 ターン 4 を処理中...
2025-07-20 22:42:02 - DataPreprocessorMain - INFO -   元のクエリ: Do wealthy people currently have to use the organ registry, or do they already have access to other ways of gaining organs?
2025-07-20 22:42:02 - DataPreprocessorMain - INFO -   書き換えクエリ: Do wealthy people currently have to use the organ registry, or do they already have access to other ways of gaining organs ?
2025-07-20 22:42:02 - DataPreprocessorMain - INFO - 🔄 ターン 5 を処理中...
2025-07-20 22:42:02 - DataPreprocessorMain - INFO -   元のクエリ: Is OPTN a private organization, or is government run?
2025-07-20 22:42:02 - DataPreprocessorMain - INFO -   書き換えクエリ: Is OPTN a private organization, or is government run ?
2025-07-20 22:42:02 - DataPreprocessorMain - INFO - 🔄 ターン 6 を処理中...
2025-07-20 22:42:03 - DataPreprocessorMain - INFO -   元のクエリ: Is the OPTN organization still in existence today?
2025-07-20 22:42:03 - DataPreprocessorMain - INFO -   書き換えクエリ: Is the OPTN organization still in existence today ?
2025-07-20 22:42:03 - DataPreprocessorMain - INFO - 🔄 ターン 7 を処理中...
2025-07-20 22:42:03 - DataPreprocessorMain - INFO -   元のクエリ: Tell me more about both Massachusetts and New Hampshire!
2025-07-20 22:42:03 - DataPreprocessorMain - INFO -   書き換えクエリ: Tell me more about both Massachusetts and New Hampshire !
2025-07-20 22:42:03 - DataPreprocessorMain - INFO - ✅ ダイアログ 48 の処理が完了しました
2025-07-20 22:42:03 - DataPreprocessorMain - INFO - 
------------------------------
2025-07-20 22:42:03 - DataPreprocessorMain - INFO - 📌 ダイアログ 49/250 を処理中
2025-07-20 22:42:03 - DataPreprocessorMain - INFO - ------------------------------
2025-07-20 22:42:03 - DataPreprocessorMain - INFO - ダイアログキー: food_level1_dial15
2025-07-20 22:42:03 - DataPreprocessorMain - INFO - ターン数: 6
2025-07-20 22:42:03 - DataPreprocessorMain - INFO - 🔄 ターン 1 を処理中...
2025-07-20 22:42:03 - DataPreprocessorMain - INFO -   元のクエリ: How is lumpia usually served?
2025-07-20 22:42:03 - DataPreprocessorMain - INFO -   書き換えクエリ: How is lumpia usually served ?
2025-07-20 22:42:03 - DataPreprocessorMain - INFO - 🔄 ターン 2 を処理中...
2025-07-20 22:42:03 - DataPreprocessorMain - INFO -   元のクエリ: What are the most common ingredients in lumpia?
2025-07-20 22:42:03 - DataPreprocessorMain - INFO -   書き換えクエリ: What are the most common ingredients in lumpia ?
2025-07-20 22:42:03 - DataPreprocessorMain - INFO - 🔄 ターン 3 を処理中...
2025-07-20 22:42:04 - DataPreprocessorMain - INFO -   元のクエリ: I'd like to know what kinds of lumpia are common in Indonesia.
2025-07-20 22:42:04 - DataPreprocessorMain - INFO -   書き換えクエリ: I'd like to know what kinds of lumpia are common in Indonesia.
2025-07-20 22:42:04 - DataPreprocessorMain - INFO - 🔄 ターン 4 を処理中...
2025-07-20 22:42:04 - DataPreprocessorMain - INFO -   元のクエリ: What kinds of lumpia are common in Indonesia?
2025-07-20 22:42:04 - DataPreprocessorMain - INFO -   書き換えクエリ: What kinds of lumpia are common in Indonesia ?
2025-07-20 22:42:04 - DataPreprocessorMain - INFO - 🔄 ターン 5 を処理中...
2025-07-20 22:42:05 - DataPreprocessorMain - INFO -   元のクエリ: Are there any vegan lumpia varities?
2025-07-20 22:42:05 - DataPreprocessorMain - INFO -   書き換えクエリ: Are there any vegan lumpia varities ?
2025-07-20 22:42:05 - DataPreprocessorMain - INFO - 🔄 ターン 6 を処理中...
2025-07-20 22:42:05 - DataPreprocessorMain - INFO -   元のクエリ: I would like to know more about Lumpia tahu.
2025-07-20 22:42:05 - DataPreprocessorMain - INFO -   書き換えクエリ: I would like to know more about Lumpia tahu .
2025-07-20 22:42:05 - DataPreprocessorMain - INFO - ✅ ダイアログ 49 の処理が完了しました
2025-07-20 22:42:05 - DataPreprocessorMain - INFO - 
------------------------------
2025-07-20 22:42:05 - DataPreprocessorMain - INFO - 📌 ダイアログ 50/250 を処理中
2025-07-20 22:42:05 - DataPreprocessorMain - INFO - ------------------------------
2025-07-20 22:42:05 - DataPreprocessorMain - INFO - ダイアログキー: food_level3_dial32
2025-07-20 22:42:05 - DataPreprocessorMain - INFO - ターン数: 6
2025-07-20 22:42:05 - DataPreprocessorMain - INFO - 🔄 ターン 1 を処理中...
2025-07-20 22:42:05 - DataPreprocessorMain - INFO -   元のクエリ: What is the chemical formula of silicone dioxide?
2025-07-20 22:42:05 - DataPreprocessorMain - INFO -   書き換えクエリ: What is the chemical formula of silicone dioxide ?
2025-07-20 22:42:05 - DataPreprocessorMain - INFO - 🔄 ターン 2 を処理中...
2025-07-20 22:42:06 - DataPreprocessorMain - INFO -   元のクエリ: What are the structural uses of silicone dioxide?
2025-07-20 22:42:06 - DataPreprocessorMain - INFO -   書き換えクエリ: What are the structural uses of silicone dioxide ?
2025-07-20 22:42:06 - DataPreprocessorMain - INFO - 🔄 ターン 3 を処理中...
2025-07-20 22:42:06 - DataPreprocessorMain - INFO -   元のクエリ: Can you explain what hydraulic fracturing process?
2025-07-20 22:42:06 - DataPreprocessorMain - INFO -   書き換えクエリ: Can you explain what hydraulic fracturing process involves silicone dioxide ?
2025-07-20 22:42:06 - DataPreprocessorMain - INFO - 🔄 ターン 4 を処理中...
2025-07-20 22:42:06 - DataPreprocessorMain - INFO -   元のクエリ: Is hydraulic fracturing bad for the environment?
2025-07-20 22:42:06 - DataPreprocessorMain - INFO -   書き換えクエリ: Is hydraulic fracturing bad for the environment ?
2025-07-20 22:42:06 - DataPreprocessorMain - INFO - 🔄 ターン 5 を処理中...
2025-07-20 22:42:07 - DataPreprocessorMain - INFO -   元のクエリ: Are there any safety issues we should know about regarding silicone dioxide?
2025-07-20 22:42:07 - DataPreprocessorMain - INFO -   書き換えクエリ: Are there any safety issues we should know about regarding silicone dioxide ?
2025-07-20 22:42:07 - DataPreprocessorMain - INFO - 🔄 ターン 6 を処理中...
2025-07-20 22:42:07 - DataPreprocessorMain - INFO -   元のクエリ: I am interested in the general adverse health effects.
2025-07-20 22:42:07 - DataPreprocessorMain - INFO -   書き換えクエリ: I am interested in the general adverse health effects of silica .
2025-07-20 22:42:07 - DataPreprocessorMain - INFO - ✅ ダイアログ 50 の処理が完了しました
2025-07-20 22:42:07 - DataPreprocessorMain - INFO - 
------------------------------
2025-07-20 22:42:07 - DataPreprocessorMain - INFO - 📌 ダイアログ 51/250 を処理中
2025-07-20 22:42:07 - DataPreprocessorMain - INFO - ------------------------------
2025-07-20 22:42:07 - DataPreprocessorMain - INFO - ダイアログキー: top25_dial25
2025-07-20 22:42:07 - DataPreprocessorMain - INFO - ターン数: 6
2025-07-20 22:42:07 - DataPreprocessorMain - INFO - 🔄 ターン 1 を処理中...
2025-07-20 22:42:08 - DataPreprocessorMain - INFO -   元のクエリ: What system of religious law is based on the Quran and the Hadith?
2025-07-20 22:42:08 - DataPreprocessorMain - INFO -   書き換えクエリ: What system of religious law is based on the Quran and the Hadith ?
2025-07-20 22:42:08 - DataPreprocessorMain - INFO - 🔄 ターン 2 を処理中...
2025-07-20 22:42:08 - DataPreprocessorMain - INFO -   元のクエリ: Which countries oppose Sharia law?
2025-07-20 22:42:08 - DataPreprocessorMain - INFO -   書き換えクエリ: Which countries oppose Sharia law ?
2025-07-20 22:42:08 - DataPreprocessorMain - INFO - 🔄 ターン 3 を処理中...
2025-07-20 22:42:09 - DataPreprocessorMain - INFO -   元のクエリ: Why does the United States oppose Sharia law?
2025-07-20 22:42:09 - DataPreprocessorMain - INFO -   書き換えクエリ: Why does the United States oppose Sharia law ?
2025-07-20 22:42:09 - DataPreprocessorMain - INFO - 🔄 ターン 4 を処理中...
2025-07-20 22:42:09 - DataPreprocessorMain - INFO -   元のクエリ: Yes, why certain groups in the U.S. oppose the law?
2025-07-20 22:42:09 - DataPreprocessorMain - INFO -   書き換えクエリ: Why certain groups in the U.S. oppose Sharia law ?
2025-07-20 22:42:09 - DataPreprocessorMain - INFO - 🔄 ターン 5 を処理中...
2025-07-20 22:42:09 - DataPreprocessorMain - INFO -   元のクエリ: How does Sharia law affect the LGBT community?
2025-07-20 22:42:09 - DataPreprocessorMain - INFO -   書き換えクエリ: How does Sharia law affect the LGBT community ?
2025-07-20 22:42:09 - DataPreprocessorMain - INFO - 🔄 ターン 6 を処理中...
2025-07-20 22:42:10 - DataPreprocessorMain - INFO -   元のクエリ: I would like to know how it affect the LGBT community in Indonesia.
2025-07-20 22:42:10 - DataPreprocessorMain - INFO -   書き換えクエリ: I would like to know how Sharia law affect the LGBT community in Indonesia.
2025-07-20 22:42:10 - DataPreprocessorMain - INFO - ✅ ダイアログ 51 の処理が完了しました
2025-07-20 22:42:10 - DataPreprocessorMain - INFO - 
------------------------------
2025-07-20 22:42:10 - DataPreprocessorMain - INFO - 📌 ダイアログ 52/250 を処理中
2025-07-20 22:42:10 - DataPreprocessorMain - INFO - ------------------------------
2025-07-20 22:42:10 - DataPreprocessorMain - INFO - ダイアログキー: hobby_level3_dial4
2025-07-20 22:42:10 - DataPreprocessorMain - INFO - ターン数: 3
2025-07-20 22:42:10 - DataPreprocessorMain - INFO - 🔄 ターン 1 を処理中...
2025-07-20 22:42:10 - DataPreprocessorMain - INFO -   元のクエリ: How did the IOC get started?
2025-07-20 22:42:10 - DataPreprocessorMain - INFO -   書き換えクエリ: How did the IOC get started ?
2025-07-20 22:42:10 - DataPreprocessorMain - INFO - 🔄 ターン 2 を処理中...
2025-07-20 22:42:10 - DataPreprocessorMain - INFO -   元のクエリ: Who is the current president of the IOC?
2025-07-20 22:42:10 - DataPreprocessorMain - INFO -   書き換えクエリ: Who is the current president of the IOC ?
2025-07-20 22:42:10 - DataPreprocessorMain - INFO - 🔄 ターン 3 を処理中...
2025-07-20 22:42:11 - DataPreprocessorMain - INFO -   元のクエリ: Have there been any scandals associated with the IOC?
2025-07-20 22:42:11 - DataPreprocessorMain - INFO -   書き換えクエリ: Have there been any scandals associated with the IOC ?
2025-07-20 22:42:11 - DataPreprocessorMain - INFO - ✅ ダイアログ 52 の処理が完了しました
2025-07-20 22:42:11 - DataPreprocessorMain - INFO - 
------------------------------
2025-07-20 22:42:11 - DataPreprocessorMain - INFO - 📌 ダイアログ 53/250 を処理中
2025-07-20 22:42:11 - DataPreprocessorMain - INFO - ------------------------------
2025-07-20 22:42:11 - DataPreprocessorMain - INFO - ダイアログキー: hobby_level1_dial20
2025-07-20 22:42:11 - DataPreprocessorMain - INFO - ターン数: 6
2025-07-20 22:42:11 - DataPreprocessorMain - INFO - 🔄 ターン 1 を処理中...
2025-07-20 22:42:11 - DataPreprocessorMain - INFO -   元のクエリ: What is the purpose of historical reenactments?
2025-07-20 22:42:11 - DataPreprocessorMain - INFO -   書き換えクエリ: What is the purpose of historical reenactments ?
2025-07-20 22:42:11 - DataPreprocessorMain - INFO - 🔄 ターン 2 を処理中...
2025-07-20 22:42:12 - DataPreprocessorMain - INFO -   元のクエリ: What are the dangers of participating in historical reenactments?
2025-07-20 22:42:12 - DataPreprocessorMain - INFO -   書き換えクエリ: What are the dangers of participating in historical reenactments ?
2025-07-20 22:42:12 - DataPreprocessorMain - INFO - 🔄 ターン 3 を処理中...
2025-07-20 22:42:12 - DataPreprocessorMain - INFO -   元のクエリ: I would like to know about the social dangers.
2025-07-20 22:42:12 - DataPreprocessorMain - INFO -   書き換えクエリ: I would like to know about the social dangers of historical reenactments .
2025-07-20 22:42:12 - DataPreprocessorMain - INFO - 🔄 ターン 4 を処理中...
2025-07-20 22:42:13 - DataPreprocessorMain - INFO -   元のクエリ: Have there been any notable reenactors who have been said to hold Nazi beliefs?
2025-07-20 22:42:13 - DataPreprocessorMain - INFO -   書き換えクエリ: Have there been any notable reenactors who have been said to hold Nazi beliefs ?
2025-07-20 22:42:13 - DataPreprocessorMain - INFO - 🔄 ターン 5 を処理中...
2025-07-20 22:42:13 - DataPreprocessorMain - INFO -   元のクエリ: Has there been any media support for historical reenactment?
2025-07-20 22:42:13 - DataPreprocessorMain - INFO -   書き換えクエリ: Has there been any media support for historical reenactment ?
2025-07-20 22:42:13 - DataPreprocessorMain - INFO - 🔄 ターン 6 を処理中...
2025-07-20 22:42:13 - DataPreprocessorMain - INFO -   元のクエリ: What is Alatriste about?
2025-07-20 22:42:13 - DataPreprocessorMain - INFO -   書き換えクエリ: What is Alatriste about ?
2025-07-20 22:42:13 - DataPreprocessorMain - INFO - ✅ ダイアログ 53 の処理が完了しました
2025-07-20 22:42:13 - DataPreprocessorMain - INFO - 
------------------------------
2025-07-20 22:42:13 - DataPreprocessorMain - INFO - 📌 ダイアログ 54/250 を処理中
2025-07-20 22:42:13 - DataPreprocessorMain - INFO - ------------------------------
2025-07-20 22:42:13 - DataPreprocessorMain - INFO - ダイアログキー: food_level2_dial15
2025-07-20 22:42:13 - DataPreprocessorMain - INFO - ターン数: 6
2025-07-20 22:42:13 - DataPreprocessorMain - INFO - 🔄 ターン 1 を処理中...
2025-07-20 22:42:14 - DataPreprocessorMain - INFO -   元のクエリ: When was yeast first used for baking purposes?
2025-07-20 22:42:14 - DataPreprocessorMain - INFO -   書き換えクエリ: When was yeast first used for baking purposes ?
2025-07-20 22:42:14 - DataPreprocessorMain - INFO - 🔄 ターン 2 を処理中...
2025-07-20 22:42:14 - DataPreprocessorMain - INFO -   元のクエリ: How was yeast used by the Ancient Egyptians?
2025-07-20 22:42:14 - DataPreprocessorMain - INFO -   書き換えクエリ: How was yeast used by the Ancient Egyptians ?
2025-07-20 22:42:14 - DataPreprocessorMain - INFO - 🔄 ターン 3 を処理中...
2025-07-20 22:42:15 - DataPreprocessorMain - INFO -   元のクエリ: How is s. cerevisiae used in winemaking?
2025-07-20 22:42:15 - DataPreprocessorMain - INFO -   書き換えクエリ: How is s. cerevisiae used in winemaking ?
2025-07-20 22:42:15 - DataPreprocessorMain - INFO - 🔄 ターン 4 を処理中...
2025-07-20 22:42:15 - DataPreprocessorMain - INFO -   元のクエリ: What is the average alcohol content of wine?
2025-07-20 22:42:15 - DataPreprocessorMain - INFO -   書き換えクエリ: What is the average alcohol content of wine made from S. cerevisiae ?
2025-07-20 22:42:15 - DataPreprocessorMain - INFO - 🔄 ターン 5 を処理中...
2025-07-20 22:42:15 - DataPreprocessorMain - INFO -   元のクエリ: What's the highest alcohol content a wine has ever had?
2025-07-20 22:42:15 - DataPreprocessorMain - INFO -   書き換えクエリ: What's the highest alcohol content a wine has ever had ?
2025-07-20 22:42:15 - DataPreprocessorMain - INFO - 🔄 ターン 6 を処理中...
2025-07-20 22:42:16 - DataPreprocessorMain - INFO -   元のクエリ: Who consumes the most rice wine?
2025-07-20 22:42:16 - DataPreprocessorMain - INFO -   書き換えクエリ: Who consumes the most rice wine ?
2025-07-20 22:42:16 - DataPreprocessorMain - INFO - ✅ ダイアログ 54 の処理が完了しました
2025-07-20 22:42:16 - DataPreprocessorMain - INFO - 
------------------------------
2025-07-20 22:42:16 - DataPreprocessorMain - INFO - 📌 ダイアログ 55/250 を処理中
2025-07-20 22:42:16 - DataPreprocessorMain - INFO - ------------------------------
2025-07-20 22:42:16 - DataPreprocessorMain - INFO - ダイアログキー: food_level3_dial33
2025-07-20 22:42:16 - DataPreprocessorMain - INFO - ターン数: 4
2025-07-20 22:42:16 - DataPreprocessorMain - INFO - 🔄 ターン 1 を処理中...
2025-07-20 22:42:16 - DataPreprocessorMain - INFO -   元のクエリ: Why do people say Nitrogen is good to have in soil?
2025-07-20 22:42:16 - DataPreprocessorMain - INFO -   書き換えクエリ: Why do people say Nitrogen is good to have in soil ?
2025-07-20 22:42:16 - DataPreprocessorMain - INFO - 🔄 ターン 2 を処理中...
2025-07-20 22:42:16 - DataPreprocessorMain - INFO -   元のクエリ: How do plants obtain Nitrogen from soil?
2025-07-20 22:42:16 - DataPreprocessorMain - INFO -   書き換えクエリ: How do plants obtain Nitrogen from soil ?
2025-07-20 22:42:16 - DataPreprocessorMain - INFO - 🔄 ターン 3 を処理中...
2025-07-20 22:42:17 - DataPreprocessorMain - INFO -   元のクエリ: I am interested in root absorption.
2025-07-20 22:42:17 - DataPreprocessorMain - INFO -   書き換えクエリ: I am interested in root absorption.
2025-07-20 22:42:17 - DataPreprocessorMain - INFO - 🔄 ターン 4 を処理中...
2025-07-20 22:42:17 - DataPreprocessorMain - INFO -   元のクエリ: I am interested in how time of day affects root absorption.
2025-07-20 22:42:17 - DataPreprocessorMain - INFO -   書き換えクエリ: I am interested in how time of day affects root absorption.
2025-07-20 22:42:17 - DataPreprocessorMain - INFO - ✅ ダイアログ 55 の処理が完了しました
2025-07-20 22:42:17 - DataPreprocessorMain - INFO - 
------------------------------
2025-07-20 22:42:17 - DataPreprocessorMain - INFO - 📌 ダイアログ 56/250 を処理中
2025-07-20 22:42:17 - DataPreprocessorMain - INFO - ------------------------------
2025-07-20 22:42:17 - DataPreprocessorMain - INFO - ダイアログキー: hobby_level3_dial13
2025-07-20 22:42:17 - DataPreprocessorMain - INFO - ターン数: 6
2025-07-20 22:42:17 - DataPreprocessorMain - INFO - 🔄 ターン 1 を処理中...
2025-07-20 22:42:17 - DataPreprocessorMain - INFO -   元のクエリ: Are horizontal or vertical East Asian scripts more common?
2025-07-20 22:42:17 - DataPreprocessorMain - INFO -   書き換えクエリ: Are horizontal or vertical East Asian scripts more common ?
2025-07-20 22:42:17 - DataPreprocessorMain - INFO - 🔄 ターン 2 を処理中...
2025-07-20 22:42:18 - DataPreprocessorMain - INFO -   元のクエリ: I've always wanted to know more about calligraphy, it sounds so cool! Could you tell me where it came from?
2025-07-20 22:42:18 - DataPreprocessorMain - INFO -   書き換えクエリ: Could you tell me where calligraphy came from ?
2025-07-20 22:42:18 - DataPreprocessorMain - INFO - 🔄 ターン 3 を処理中...
2025-07-20 22:42:18 - DataPreprocessorMain - INFO -   元のクエリ: Who are some widely known calligraphers from the Shang Dynasty?
2025-07-20 22:42:18 - DataPreprocessorMain - INFO -   書き換えクエリ: Who are some widely known calligraphers from the Shang Dynasty in China ?
2025-07-20 22:42:18 - DataPreprocessorMain - INFO - 🔄 ターン 4 を処理中...
2025-07-20 22:42:19 - DataPreprocessorMain - INFO -   元のクエリ: What exactly is oracle bone script?
2025-07-20 22:42:19 - DataPreprocessorMain - INFO -   書き換えクエリ: What exactly is oracle bone script from the Shang Dynasty ?
2025-07-20 22:42:19 - DataPreprocessorMain - INFO - 🔄 ターン 5 を処理中...
2025-07-20 22:42:19 - DataPreprocessorMain - INFO -   元のクエリ: Is calligraphy still commonly used in present day?
2025-07-20 22:42:19 - DataPreprocessorMain - INFO -   書き換えクエリ: Is calligraphy still commonly used in present day China ?
2025-07-20 22:42:19 - DataPreprocessorMain - INFO - 🔄 ターン 6 を処理中...
2025-07-20 22:42:20 - DataPreprocessorMain - INFO -   元のクエリ: Is calligraphy used with computers at all?
2025-07-20 22:42:20 - DataPreprocessorMain - INFO -   書き換えクエリ: Is calligraphy used with computers at all ?
2025-07-20 22:42:20 - DataPreprocessorMain - INFO - ✅ ダイアログ 56 の処理が完了しました
2025-07-20 22:42:20 - DataPreprocessorMain - INFO - 
------------------------------
2025-07-20 22:42:20 - DataPreprocessorMain - INFO - 📌 ダイアログ 57/250 を処理中
2025-07-20 22:42:20 - DataPreprocessorMain - INFO - ------------------------------
2025-07-20 22:42:20 - DataPreprocessorMain - INFO - ダイアログキー: food_level1_dial16
2025-07-20 22:42:20 - DataPreprocessorMain - INFO - ターン数: 6
2025-07-20 22:42:20 - DataPreprocessorMain - INFO - 🔄 ターン 1 を処理中...
2025-07-20 22:42:20 - DataPreprocessorMain - INFO -   元のクエリ: What type of beverages are served during beer festivals?
2025-07-20 22:42:20 - DataPreprocessorMain - INFO -   書き換えクエリ: What type of beverages are served during beer festivals ?
2025-07-20 22:42:20 - DataPreprocessorMain - INFO - 🔄 ターン 2 を処理中...
2025-07-20 22:42:21 - DataPreprocessorMain - INFO -   元のクエリ: That's interesting! What are draught real ales and cask ales?
2025-07-20 22:42:21 - DataPreprocessorMain - INFO -   書き換えクエリ: What are draught real ales and cask ales ?
2025-07-20 22:42:21 - DataPreprocessorMain - INFO - 🔄 ターン 3 を処理中...
2025-07-20 22:42:21 - DataPreprocessorMain - INFO -   元のクエリ: What are the ingredients for real ale?
2025-07-20 22:42:21 - DataPreprocessorMain - INFO -   書き換えクエリ: What are the ingredients for real ale ?
2025-07-20 22:42:21 - DataPreprocessorMain - INFO - 🔄 ターン 4 を処理中...
2025-07-20 22:42:21 - DataPreprocessorMain - INFO -   元のクエリ: Is there variations of real ale in other countries?
2025-07-20 22:42:21 - DataPreprocessorMain - INFO -   書き換えクエリ: Is there variations of real ale in other countries besides Britain and Canada ?
2025-07-20 22:42:21 - DataPreprocessorMain - INFO - 🔄 ターン 5 を処理中...
2025-07-20 22:42:22 - DataPreprocessorMain - INFO -   元のクエリ: Is there anywhere in the world that has more beer festivals than anywhere else?
2025-07-20 22:42:22 - DataPreprocessorMain - INFO -   書き換えクエリ: Is there anywhere in the world that has more beer festivals than anywhere else ?
2025-07-20 22:42:22 - DataPreprocessorMain - INFO - 🔄 ターン 6 を処理中...
2025-07-20 22:42:22 - DataPreprocessorMain - INFO -   元のクエリ: What similar festivals were inspired by it?
2025-07-20 22:42:22 - DataPreprocessorMain - INFO -   書き換えクエリ: What similar festivals were inspired by Oktoberfest ?
2025-07-20 22:42:22 - DataPreprocessorMain - INFO - ✅ ダイアログ 57 の処理が完了しました
2025-07-20 22:42:22 - DataPreprocessorMain - INFO - 
------------------------------
2025-07-20 22:42:22 - DataPreprocessorMain - INFO - 📌 ダイアログ 58/250 を処理中
2025-07-20 22:42:22 - DataPreprocessorMain - INFO - ------------------------------
2025-07-20 22:42:22 - DataPreprocessorMain - INFO - ダイアログキー: food_level2_dial16
2025-07-20 22:42:22 - DataPreprocessorMain - INFO - ターン数: 6
2025-07-20 22:42:22 - DataPreprocessorMain - INFO - 🔄 ターン 1 を処理中...
2025-07-20 22:42:23 - DataPreprocessorMain - INFO -   元のクエリ: What is the world's most expensive spice?
2025-07-20 22:42:23 - DataPreprocessorMain - INFO -   書き換えクエリ: What is the world's most expensive spice ?
2025-07-20 22:42:23 - DataPreprocessorMain - INFO - 🔄 ターン 2 を処理中...
2025-07-20 22:42:23 - DataPreprocessorMain - INFO -   元のクエリ: I see! Where does saffron come from?
2025-07-20 22:42:23 - DataPreprocessorMain - INFO -   書き換えクエリ: Where does saffron come from ?
2025-07-20 22:42:23 - DataPreprocessorMain - INFO - 🔄 ターン 3 を処理中...
2025-07-20 22:42:23 - DataPreprocessorMain - INFO -   元のクエリ: What kinds of dishes is saffron used in?
2025-07-20 22:42:23 - DataPreprocessorMain - INFO -   書き換えクエリ: What kinds of dishes is saffron used in ?
2025-07-20 22:42:23 - DataPreprocessorMain - INFO - 🔄 ターン 4 を処理中...
2025-07-20 22:42:24 - DataPreprocessorMain - INFO -   元のクエリ: Why is saffron so expensive?
2025-07-20 22:42:24 - DataPreprocessorMain - INFO -   書き換えクエリ: Why is saffron so expensive ?
2025-07-20 22:42:24 - DataPreprocessorMain - INFO - 🔄 ターン 5 を処理中...
2025-07-20 22:42:24 - DataPreprocessorMain - INFO -   元のクエリ: What are some saffron substitutes?
2025-07-20 22:42:24 - DataPreprocessorMain - INFO -   書き換えクエリ: What are some saffron substitutes other than saffron ?
2025-07-20 22:42:24 - DataPreprocessorMain - INFO - 🔄 ターン 6 を処理中...
2025-07-20 22:42:25 - DataPreprocessorMain - INFO -   元のクエリ: Cool! Could you tell me more about where safflower comes from?
2025-07-20 22:42:25 - DataPreprocessorMain - INFO -   書き換えクエリ: Could you tell me more about where safflower comes from ?
2025-07-20 22:42:25 - DataPreprocessorMain - INFO - ✅ ダイアログ 58 の処理が完了しました
2025-07-20 22:42:25 - DataPreprocessorMain - INFO - 
------------------------------
2025-07-20 22:42:25 - DataPreprocessorMain - INFO - 📌 ダイアログ 59/250 を処理中
2025-07-20 22:42:25 - DataPreprocessorMain - INFO - ------------------------------
2025-07-20 22:42:25 - DataPreprocessorMain - INFO - ダイアログキー: hobby_level3_dial5
2025-07-20 22:42:25 - DataPreprocessorMain - INFO - ターン数: 6
2025-07-20 22:42:25 - DataPreprocessorMain - INFO - 🔄 ターン 1 を処理中...
2025-07-20 22:42:25 - DataPreprocessorMain - INFO -   元のクエリ: When was the Fortress of Solitude first suggested to be in outer space instead of the arctic?
2025-07-20 22:42:25 - DataPreprocessorMain - INFO -   書き換えクエリ: When was the Fortress of Solitude first suggested to be in outer space instead of the arctic ?
2025-07-20 22:42:25 - DataPreprocessorMain - INFO - 🔄 ターン 2 を処理中...
2025-07-20 22:42:26 - DataPreprocessorMain - INFO -   元のクエリ: Did The Fortress of Solitude ever appear on television?
2025-07-20 22:42:26 - DataPreprocessorMain - INFO -   書き換えクエリ: Did The Fortress of Solitude ever appear on television ?
2025-07-20 22:42:26 - DataPreprocessorMain - INFO - 🔄 ターン 3 を処理中...
2025-07-20 22:42:26 - DataPreprocessorMain - INFO -   元のクエリ: I'd like to know more about the Fortress of Solitude in the DC animated universe.
2025-07-20 22:42:26 - DataPreprocessorMain - INFO -   書き換えクエリ: I'd like to know more about the Fortress of Solitude in the DC animated universe.
2025-07-20 22:42:26 - DataPreprocessorMain - INFO - 🔄 ターン 4 を処理中...
2025-07-20 22:42:27 - DataPreprocessorMain - INFO -   元のクエリ: Was the Fortress of Solitude present in any video games?
2025-07-20 22:42:27 - DataPreprocessorMain - INFO -   書き換えクエリ: Was the Fortress of Solitude present in any video games ?
2025-07-20 22:42:27 - DataPreprocessorMain - INFO - 🔄 ターン 5 を処理中...
2025-07-20 22:42:27 - DataPreprocessorMain - INFO -   元のクエリ: What did the Fortress of Solitude look like?
2025-07-20 22:42:27 - DataPreprocessorMain - INFO -   書き換えクエリ: What did the Fortress of Solitude look like in the video games ?
2025-07-20 22:42:27 - DataPreprocessorMain - INFO - 🔄 ターン 6 を処理中...
2025-07-20 22:42:27 - DataPreprocessorMain - INFO -   元のクエリ: I would like know how it looked in 1949.
2025-07-20 22:42:27 - DataPreprocessorMain - INFO -   書き換えクエリ: I would like to know how the Fortress of Solitude looked in 1949.
2025-07-20 22:42:27 - DataPreprocessorMain - INFO - ✅ ダイアログ 59 の処理が完了しました
2025-07-20 22:42:27 - DataPreprocessorMain - INFO - 
------------------------------
2025-07-20 22:42:27 - DataPreprocessorMain - INFO - 📌 ダイアログ 60/250 を処理中
2025-07-20 22:42:27 - DataPreprocessorMain - INFO - ------------------------------
2025-07-20 22:42:27 - DataPreprocessorMain - INFO - ダイアログキー: food_level3_dial34
2025-07-20 22:42:27 - DataPreprocessorMain - INFO - ターン数: 6
2025-07-20 22:42:27 - DataPreprocessorMain - INFO - 🔄 ターン 1 を処理中...
2025-07-20 22:42:28 - DataPreprocessorMain - INFO -   元のクエリ: What kinds of special uses are there for the carya glabra?
2025-07-20 22:42:28 - DataPreprocessorMain - INFO -   書き換えクエリ: What kinds of special uses are there for the carya glabra ?
2025-07-20 22:42:28 - DataPreprocessorMain - INFO - 🔄 ターン 2 を処理中...
2025-07-20 22:42:28 - DataPreprocessorMain - INFO -   元のクエリ: I see. Are there any damaging agents associated with it?
2025-07-20 22:42:28 - DataPreprocessorMain - INFO -   書き換えクエリ: Are there any damaging agents associated with the carya glabra ?
2025-07-20 22:42:28 - DataPreprocessorMain - INFO - 🔄 ターン 3 を処理中...
2025-07-20 22:42:29 - DataPreprocessorMain - INFO -   元のクエリ: What type of climate does carya glabra grow in?
2025-07-20 22:42:29 - DataPreprocessorMain - INFO -   書き換えクエリ: What type of climate does carya glabra grow in ?
2025-07-20 22:42:29 - DataPreprocessorMain - INFO - 🔄 ターン 4 を処理中...
2025-07-20 22:42:29 - DataPreprocessorMain - INFO -   元のクエリ: How does the carya glabra seedling develop?
2025-07-20 22:42:29 - DataPreprocessorMain - INFO -   書き換えクエリ: How does the carya glabra seedling develop ?
2025-07-20 22:42:29 - DataPreprocessorMain - INFO - 🔄 ターン 5 を処理中...
2025-07-20 22:42:30 - DataPreprocessorMain - INFO -   元のクエリ: What kind of soil is ideal for growing carya glabra?
2025-07-20 22:42:30 - DataPreprocessorMain - INFO -   書き換えクエリ: What kind of soil is ideal for growing carya glabra ?
2025-07-20 22:42:30 - DataPreprocessorMain - INFO - 🔄 ターン 6 を処理中...
2025-07-20 22:42:30 - DataPreprocessorMain - INFO -   元のクエリ: How does it react to competition?
2025-07-20 22:42:30 - DataPreprocessorMain - INFO -   書き換えクエリ: How does carya glabra react to competition ?
2025-07-20 22:42:30 - DataPreprocessorMain - INFO - ✅ ダイアログ 60 の処理が完了しました
2025-07-20 22:42:30 - DataPreprocessorMain - INFO - 
------------------------------
2025-07-20 22:42:30 - DataPreprocessorMain - INFO - 📌 ダイアログ 61/250 を処理中
2025-07-20 22:42:30 - DataPreprocessorMain - INFO - ------------------------------
2025-07-20 22:42:30 - DataPreprocessorMain - INFO - ダイアログキー: food_level1_dial17
2025-07-20 22:42:30 - DataPreprocessorMain - INFO - ターン数: 6
2025-07-20 22:42:30 - DataPreprocessorMain - INFO - 🔄 ターン 1 を処理中...
2025-07-20 22:42:30 - DataPreprocessorMain - INFO -   元のクエリ: What are fish eggs called?
2025-07-20 22:42:30 - DataPreprocessorMain - INFO -   書き換えクエリ: What are fish eggs called ?
2025-07-20 22:42:30 - DataPreprocessorMain - INFO - 🔄 ターン 2 を処理中...
2025-07-20 22:42:31 - DataPreprocessorMain - INFO -   元のクエリ: What causes egg allergies?
2025-07-20 22:42:31 - DataPreprocessorMain - INFO -   書き換えクエリ: What causes egg allergies in fish eggs ?
2025-07-20 22:42:31 - DataPreprocessorMain - INFO - 🔄 ターン 3 を処理中...
2025-07-20 22:42:31 - DataPreprocessorMain - INFO -   元のクエリ: What are the five major proteins in eggs?
2025-07-20 22:42:31 - DataPreprocessorMain - INFO -   書き換えクエリ: What are the five major proteins in eggs ?
2025-07-20 22:42:31 - DataPreprocessorMain - INFO - 🔄 ターン 4 を処理中...
2025-07-20 22:42:31 - DataPreprocessorMain - INFO -   元のクエリ: What are the proteins in the yolk?
2025-07-20 22:42:31 - DataPreprocessorMain - INFO -   書き換えクエリ: What are the proteins in the yolk of an egg ?
2025-07-20 22:42:31 - DataPreprocessorMain - INFO - 🔄 ターン 5 を処理中...
2025-07-20 22:42:32 - DataPreprocessorMain - INFO -   元のクエリ: Is the egg white or the egg yolk considered more nutritional?
2025-07-20 22:42:32 - DataPreprocessorMain - INFO -   書き換えクエリ: Is the egg white or the egg yolk considered more nutritional ?
2025-07-20 22:42:32 - DataPreprocessorMain - INFO - 🔄 ターン 6 を処理中...
2025-07-20 22:42:32 - DataPreprocessorMain - INFO -   元のクエリ: I want know more about yolk.
2025-07-20 22:42:32 - DataPreprocessorMain - INFO -   書き換えクエリ: I want know more about yolk.
2025-07-20 22:42:32 - DataPreprocessorMain - INFO - ✅ ダイアログ 61 の処理が完了しました
2025-07-20 22:42:32 - DataPreprocessorMain - INFO - 
------------------------------
2025-07-20 22:42:32 - DataPreprocessorMain - INFO - 📌 ダイアログ 62/250 を処理中
2025-07-20 22:42:32 - DataPreprocessorMain - INFO - ------------------------------
2025-07-20 22:42:32 - DataPreprocessorMain - INFO - ダイアログキー: food_level2_dial17
2025-07-20 22:42:32 - DataPreprocessorMain - INFO - ターン数: 6
2025-07-20 22:42:32 - DataPreprocessorMain - INFO - 🔄 ターン 1 を処理中...
2025-07-20 22:42:32 - DataPreprocessorMain - INFO -   元のクエリ: What class do ray-finned fish belong to?
2025-07-20 22:42:32 - DataPreprocessorMain - INFO -   書き換えクエリ: What class do ray-finned fish belong to ?
2025-07-20 22:42:32 - DataPreprocessorMain - INFO - 🔄 ターン 2 を処理中...
2025-07-20 22:42:33 - DataPreprocessorMain - INFO -   元のクエリ: How old are Actinopterygii fish?
2025-07-20 22:42:33 - DataPreprocessorMain - INFO -   書き換えクエリ: How old are Actinopterygii fish ?
2025-07-20 22:42:33 - DataPreprocessorMain - INFO - 🔄 ターン 3 を処理中...
2025-07-20 22:42:33 - DataPreprocessorMain - INFO -   元のクエリ: What cultures consume fish the most?
2025-07-20 22:42:33 - DataPreprocessorMain - INFO -   書き換えクエリ: What cultures consume fish the most ?
2025-07-20 22:42:33 - DataPreprocessorMain - INFO - 🔄 ターン 4 を処理中...
2025-07-20 22:42:34 - DataPreprocessorMain - INFO -   元のクエリ: How does that compare to consumption of fish in the United States?
2025-07-20 22:42:34 - DataPreprocessorMain - INFO -   書き換えクエリ: How does Asia consumption of fish compare to consumption of fish in the United States ?
2025-07-20 22:42:34 - DataPreprocessorMain - INFO - 🔄 ターン 5 を処理中...
2025-07-20 22:42:34 - DataPreprocessorMain - INFO -   元のクエリ: What does a fish's diet consist of?
2025-07-20 22:42:34 - DataPreprocessorMain - INFO -   書き換えクエリ: What does a fish's diet consist of ?
2025-07-20 22:42:34 - DataPreprocessorMain - INFO - 🔄 ターン 6 を処理中...
2025-07-20 22:42:34 - DataPreprocessorMain - INFO -   元のクエリ: What are negatives of eating fish?
2025-07-20 22:42:34 - DataPreprocessorMain - INFO -   書き換えクエリ: What are negatives of eating fish ?
2025-07-20 22:42:34 - DataPreprocessorMain - INFO - ✅ ダイアログ 62 の処理が完了しました
2025-07-20 22:42:34 - DataPreprocessorMain - INFO - 
------------------------------
2025-07-20 22:42:34 - DataPreprocessorMain - INFO - 📌 ダイアログ 63/250 を処理中
2025-07-20 22:42:34 - DataPreprocessorMain - INFO - ------------------------------
2025-07-20 22:42:34 - DataPreprocessorMain - INFO - ダイアログキー: top25_dial54
2025-07-20 22:42:34 - DataPreprocessorMain - INFO - ターン数: 3
2025-07-20 22:42:34 - DataPreprocessorMain - INFO - 🔄 ターン 1 を処理中...
2025-07-20 22:42:35 - DataPreprocessorMain - INFO -   元のクエリ: How many electoral votes did Trump recieve?
2025-07-20 22:42:35 - DataPreprocessorMain - INFO -   書き換えクエリ: How many electoral votes did Trump receive ?
2025-07-20 22:42:35 - DataPreprocessorMain - INFO - 🔄 ターン 2 を処理中...
2025-07-20 22:42:35 - DataPreprocessorMain - INFO -   元のクエリ: Which Republican senators voted for Trump's impeachment?
2025-07-20 22:42:35 - DataPreprocessorMain - INFO -   書き換えクエリ: Which Republican senators voted for Trump's impeachment ?
2025-07-20 22:42:35 - DataPreprocessorMain - INFO - 🔄 ターン 3 を処理中...
2025-07-20 22:42:35 - DataPreprocessorMain - INFO -   元のクエリ: I'd like to know about the first impeachment.
2025-07-20 22:42:35 - DataPreprocessorMain - INFO -   書き換えクエリ: I'd like to know about the first impeachment of President Trump.
2025-07-20 22:42:35 - DataPreprocessorMain - INFO - ✅ ダイアログ 63 の処理が完了しました
2025-07-20 22:42:35 - DataPreprocessorMain - INFO - 
------------------------------
2025-07-20 22:42:35 - DataPreprocessorMain - INFO - 📌 ダイアログ 64/250 を処理中
2025-07-20 22:42:35 - DataPreprocessorMain - INFO - ------------------------------
2025-07-20 22:42:35 - DataPreprocessorMain - INFO - ダイアログキー: top25_dial26
2025-07-20 22:42:35 - DataPreprocessorMain - INFO - ターン数: 6
2025-07-20 22:42:35 - DataPreprocessorMain - INFO - 🔄 ターン 1 を処理中...
2025-07-20 22:42:36 - DataPreprocessorMain - INFO -   元のクエリ: What was Elizabeth Cheney's stance towards same-sex marriage?
2025-07-20 22:42:36 - DataPreprocessorMain - INFO -   書き換えクエリ: What was Elizabeth Cheney's stance towards same-sex marriage ?
2025-07-20 22:42:36 - DataPreprocessorMain - INFO - 🔄 ターン 2 を処理中...
2025-07-20 22:42:36 - DataPreprocessorMain - INFO -   元のクエリ: What caused Elizabeth Cheney to change her stance on same-sex marriage?
2025-07-20 22:42:36 - DataPreprocessorMain - INFO -   書き換えクエリ: What caused Elizabeth Cheney to change her stance on same-sex marriage?
2025-07-20 22:42:36 - DataPreprocessorMain - INFO - 🔄 ターン 3 を処理中...
2025-07-20 22:42:37 - DataPreprocessorMain - INFO -   元のクエリ: What were Elizabeth Cheney's views on foreign policy?
2025-07-20 22:42:37 - DataPreprocessorMain - INFO -   書き換えクエリ: What were Elizabeth Cheney 's views on foreign policy ?
2025-07-20 22:42:37 - DataPreprocessorMain - INFO - 🔄 ターン 4 を処理中...
2025-07-20 22:42:37 - DataPreprocessorMain - INFO -   元のクエリ: What is a Neo conservative?
2025-07-20 22:42:37 - DataPreprocessorMain - INFO -   書き換えクエリ: What is a Neo conservative ?
2025-07-20 22:42:37 - DataPreprocessorMain - INFO - 🔄 ターン 5 を処理中...
2025-07-20 22:42:37 - DataPreprocessorMain - INFO -   元のクエリ: Can you tell me about Elizabeth Cheney's views on drafting women?
2025-07-20 22:42:37 - DataPreprocessorMain - INFO -   書き換えクエリ: Can you tell me about Elizabeth Cheney's views on drafting women ?
2025-07-20 22:42:37 - DataPreprocessorMain - INFO - 🔄 ターン 6 を処理中...
2025-07-20 22:42:38 - DataPreprocessorMain - INFO -   元のクエリ: What age can women be drafted according to this act?
2025-07-20 22:42:38 - DataPreprocessorMain - INFO -   書き換えクエリ: What age can women be drafted according to the National Defense Authorization Act of 2022 ?
2025-07-20 22:42:38 - DataPreprocessorMain - INFO - ✅ ダイアログ 64 の処理が完了しました
2025-07-20 22:42:38 - DataPreprocessorMain - INFO - 
------------------------------
2025-07-20 22:42:38 - DataPreprocessorMain - INFO - 📌 ダイアログ 65/250 を処理中
2025-07-20 22:42:38 - DataPreprocessorMain - INFO - ------------------------------
2025-07-20 22:42:38 - DataPreprocessorMain - INFO - ダイアログキー: food_level1_dial18
2025-07-20 22:42:38 - DataPreprocessorMain - INFO - ターン数: 6
2025-07-20 22:42:38 - DataPreprocessorMain - INFO - 🔄 ターン 1 を処理中...
2025-07-20 22:42:38 - DataPreprocessorMain - INFO -   元のクエリ: What temperature is used to make ice cream?
2025-07-20 22:42:38 - DataPreprocessorMain - INFO -   書き換えクエリ: What temperature is used to make ice cream ?
2025-07-20 22:42:38 - DataPreprocessorMain - INFO - 🔄 ターン 2 を処理中...
2025-07-20 22:42:39 - DataPreprocessorMain - INFO -   元のクエリ: What is the difference between gelato, ice cream and sorbet?
2025-07-20 22:42:39 - DataPreprocessorMain - INFO -   書き換えクエリ: What is the difference between gelato, ice cream and sorbet ?
2025-07-20 22:42:39 - DataPreprocessorMain - INFO - 🔄 ターン 3 を処理中...
2025-07-20 22:42:40 - DataPreprocessorMain - INFO -   元のクエリ: I'd like to know if there's a significant ingredient difference between gelato, ice cream and sorbet.
2025-07-20 22:42:40 - DataPreprocessorMain - INFO -   書き換えクエリ: I'd like to know if there's a significant ingredient difference between gelato, ice cream and sorbet .
2025-07-20 22:42:40 - DataPreprocessorMain - INFO - 🔄 ターン 4 を処理中...
2025-07-20 22:42:40 - DataPreprocessorMain - INFO -   元のクエリ: Interesting. So then, which came first, ice cream or gelato?
2025-07-20 22:42:40 - DataPreprocessorMain - INFO -   書き換えクエリ: So then, which came first, ice cream or gelato ?
2025-07-20 22:42:40 - DataPreprocessorMain - INFO - 🔄 ターン 5 を処理中...
2025-07-20 22:42:40 - DataPreprocessorMain - INFO -   元のクエリ: I wonder how many gelato specialty shops are in the US?
2025-07-20 22:42:40 - DataPreprocessorMain - INFO -   書き換えクエリ: How many gelato specialty shops are there in the US ?
2025-07-20 22:42:40 - DataPreprocessorMain - INFO - 🔄 ターン 6 を処理中...
2025-07-20 22:42:41 - DataPreprocessorMain - INFO -   元のクエリ: I see. What was the name of the chef that created gelato?
2025-07-20 22:42:41 - DataPreprocessorMain - INFO -   書き換えクエリ: What was the name of the chef that created gelato ?
2025-07-20 22:42:41 - DataPreprocessorMain - INFO - ✅ ダイアログ 65 の処理が完了しました
2025-07-20 22:42:41 - DataPreprocessorMain - INFO - 
------------------------------
2025-07-20 22:42:41 - DataPreprocessorMain - INFO - 📌 ダイアログ 66/250 を処理中
2025-07-20 22:42:41 - DataPreprocessorMain - INFO - ------------------------------
2025-07-20 22:42:41 - DataPreprocessorMain - INFO - ダイアログキー: hobby_level3_dial15
2025-07-20 22:42:41 - DataPreprocessorMain - INFO - ターン数: 6
2025-07-20 22:42:41 - DataPreprocessorMain - INFO - 🔄 ターン 1 を処理中...
2025-07-20 22:42:41 - DataPreprocessorMain - INFO -   元のクエリ: What did William Swinden Barber specialize in?
2025-07-20 22:42:41 - DataPreprocessorMain - INFO -   書き換えクエリ: What did William Swinden Barber specialize in ?
2025-07-20 22:42:41 - DataPreprocessorMain - INFO - 🔄 ターン 2 を処理中...
2025-07-20 22:42:42 - DataPreprocessorMain - INFO -   元のクエリ: How many of The Barber churches held religious services in 2020?
2025-07-20 22:42:42 - DataPreprocessorMain - INFO -   書き換えクエリ: How many of The Barber churches held religious services in 2020 ?
2025-07-20 22:42:42 - DataPreprocessorMain - INFO - 🔄 ターン 3 を処理中...
2025-07-20 22:42:42 - DataPreprocessorMain - INFO -   元のクエリ: Yes, please tell me more about other locations William Swinden Barber has worked on.
2025-07-20 22:42:42 - DataPreprocessorMain - INFO -   書き換えクエリ: In addition to furnished Anglican churches , please tell me more about other locations William Swinden Barber has worked on .
2025-07-20 22:42:42 - DataPreprocessorMain - INFO - 🔄 ターン 4 を処理中...
2025-07-20 22:42:43 - DataPreprocessorMain - INFO -   元のクエリ: What were the projects that Barber worked on while he was partnered with Mallinson?
2025-07-20 22:42:43 - DataPreprocessorMain - INFO -   書き換えクエリ: What were the projects that Barber worked on while he was partnered with Mallinson ?
2025-07-20 22:42:43 - DataPreprocessorMain - INFO - 🔄 ターン 5 を処理中...
2025-07-20 22:42:43 - DataPreprocessorMain - INFO -   元のクエリ: What was William Swinden Barber's most famous work of art?
2025-07-20 22:42:43 - DataPreprocessorMain - INFO -   書き換えクエリ: What was William Swinden Barber's most famous work of art ?
2025-07-20 22:42:43 - DataPreprocessorMain - INFO - 🔄 ターン 6 を処理中...
2025-07-20 22:42:44 - DataPreprocessorMain - INFO -   元のクエリ: Is his work displayed in any big art museums?
2025-07-20 22:42:44 - DataPreprocessorMain - INFO -   書き換えクエリ: Is William Swinden Barber work displayed in any big art museums ?
2025-07-20 22:42:44 - DataPreprocessorMain - INFO - ✅ ダイアログ 66 の処理が完了しました
2025-07-20 22:42:44 - DataPreprocessorMain - INFO - 
------------------------------
2025-07-20 22:42:44 - DataPreprocessorMain - INFO - 📌 ダイアログ 67/250 を処理中
2025-07-20 22:42:44 - DataPreprocessorMain - INFO - ------------------------------
2025-07-20 22:42:44 - DataPreprocessorMain - INFO - ダイアログキー: food_level2_dial6
2025-07-20 22:42:44 - DataPreprocessorMain - INFO - ターン数: 6
2025-07-20 22:42:44 - DataPreprocessorMain - INFO - 🔄 ターン 1 を処理中...
2025-07-20 22:42:44 - DataPreprocessorMain - INFO -   元のクエリ: Which culture is known for medieval cuisine?
2025-07-20 22:42:44 - DataPreprocessorMain - INFO -   書き換えクエリ: Which culture is known for medieval cuisine ?
2025-07-20 22:42:44 - DataPreprocessorMain - INFO - 🔄 ターン 2 を処理中...
2025-07-20 22:42:44 - DataPreprocessorMain - INFO -   元のクエリ: What food preservation methods were used in medieval cuisine?
2025-07-20 22:42:44 - DataPreprocessorMain - INFO -   書き換えクエリ: What food preservation methods were used in medieval cuisine ?
2025-07-20 22:42:44 - DataPreprocessorMain - INFO - 🔄 ターン 3 を処理中...
2025-07-20 22:42:44 - DataPreprocessorMain - INFO -   元のクエリ: What were some popular dishes in medieval cuisine?
2025-07-20 22:42:44 - DataPreprocessorMain - INFO -   書き換えクエリ: What were some popular dishes in medieval cuisine ?
2025-07-20 22:42:44 - DataPreprocessorMain - INFO - 🔄 ターン 4 を処理中...
2025-07-20 22:42:45 - DataPreprocessorMain - INFO -   元のクエリ: Tell me more about cereals. How were the cereals eaten by the medieval people different from those today?
2025-07-20 22:42:45 - DataPreprocessorMain - INFO -   書き換えクエリ: How were the cereals eaten by the medieval people different from today ?
2025-07-20 22:42:45 - DataPreprocessorMain - INFO - 🔄 ターン 5 を処理中...
2025-07-20 22:42:45 - DataPreprocessorMain - INFO -   元のクエリ: Is medieval cuisine still consumed in present day?
2025-07-20 22:42:45 - DataPreprocessorMain - INFO -   書き換えクエリ: Is medieval cuisine still consumed in present day ?
2025-07-20 22:42:45 - DataPreprocessorMain - INFO - 🔄 ターン 6 を処理中...
2025-07-20 22:42:46 - DataPreprocessorMain - INFO -   元のクエリ: Can you tell more about French Brie?
2025-07-20 22:42:46 - DataPreprocessorMain - INFO -   書き換えクエリ: Can you tell more about French Brie ?
2025-07-20 22:42:46 - DataPreprocessorMain - INFO - ✅ ダイアログ 67 の処理が完了しました
2025-07-20 22:42:46 - DataPreprocessorMain - INFO - 
------------------------------
2025-07-20 22:42:46 - DataPreprocessorMain - INFO - 📌 ダイアログ 68/250 を処理中
2025-07-20 22:42:46 - DataPreprocessorMain - INFO - ------------------------------
2025-07-20 22:42:46 - DataPreprocessorMain - INFO - ダイアログキー: hobby_level1_dial21
2025-07-20 22:42:46 - DataPreprocessorMain - INFO - ターン数: 6
2025-07-20 22:42:46 - DataPreprocessorMain - INFO - 🔄 ターン 1 を処理中...
2025-07-20 22:42:46 - DataPreprocessorMain - INFO -   元のクエリ: What kind of range could I expect with a citizens band radio?
2025-07-20 22:42:46 - DataPreprocessorMain - INFO -   書き換えクエリ: What kind of range could I expect with a citizens band radio ?
2025-07-20 22:42:46 - DataPreprocessorMain - INFO - 🔄 ターン 2 を処理中...
2025-07-20 22:42:46 - DataPreprocessorMain - INFO -   元のクエリ: What can affect the range of CB radios?
2025-07-20 22:42:46 - DataPreprocessorMain - INFO -   書き換えクエリ: What can affect the range of CB radios ?
2025-07-20 22:42:46 - DataPreprocessorMain - INFO - 🔄 ターン 3 を処理中...
2025-07-20 22:42:47 - DataPreprocessorMain - INFO -   元のクエリ: I'm interested in choice of equipment.
2025-07-20 22:42:47 - DataPreprocessorMain - INFO -   書き換えクエリ: I'm interested in choice of equipment.
2025-07-20 22:42:47 - DataPreprocessorMain - INFO - 🔄 ターン 4 を処理中...
2025-07-20 22:42:47 - DataPreprocessorMain - INFO -   元のクエリ: Thank you. Can you tell me how loading coils work?
2025-07-20 22:42:47 - DataPreprocessorMain - INFO -   書き換えクエリ: Can you tell me how loading coils work on a CB radio ?
2025-07-20 22:42:47 - DataPreprocessorMain - INFO - 🔄 ターン 5 を処理中...
2025-07-20 22:42:47 - DataPreprocessorMain - INFO -   元のクエリ: How do radio antennas work?
2025-07-20 22:42:47 - DataPreprocessorMain - INFO -   書き換えクエリ: How do radio antennas work ?
2025-07-20 22:42:47 - DataPreprocessorMain - INFO - 🔄 ターン 6 を処理中...
2025-07-20 22:42:48 - DataPreprocessorMain - INFO -   元のクエリ: Can you tell more about electromagnetic waves?
2025-07-20 22:42:48 - DataPreprocessorMain - INFO -   書き換えクエリ: Can you tell more about electromagnetic waves ?
2025-07-20 22:42:48 - DataPreprocessorMain - INFO - ✅ ダイアログ 68 の処理が完了しました
2025-07-20 22:42:48 - DataPreprocessorMain - INFO - 
------------------------------
2025-07-20 22:42:48 - DataPreprocessorMain - INFO - 📌 ダイアログ 69/250 を処理中
2025-07-20 22:42:48 - DataPreprocessorMain - INFO - ------------------------------
2025-07-20 22:42:48 - DataPreprocessorMain - INFO - ダイアログキー: food_level3_dial35
2025-07-20 22:42:48 - DataPreprocessorMain - INFO - ターン数: 6
2025-07-20 22:42:48 - DataPreprocessorMain - INFO - 🔄 ターン 1 を処理中...
2025-07-20 22:42:48 - DataPreprocessorMain - INFO -   元のクエリ: When was whiskey first made?
2025-07-20 22:42:48 - DataPreprocessorMain - INFO -   書き換えクエリ: When was whiskey first made ?
2025-07-20 22:42:48 - DataPreprocessorMain - INFO - 🔄 ターン 2 を処理中...
2025-07-20 22:42:48 - DataPreprocessorMain - INFO -   元のクエリ: Where else is whiskey made?
2025-07-20 22:42:48 - DataPreprocessorMain - INFO -   書き換えクエリ: Where else is whiskey made other than Scotland ?
2025-07-20 22:42:48 - DataPreprocessorMain - INFO - 🔄 ターン 3 を処理中...
2025-07-20 22:42:49 - DataPreprocessorMain - INFO -   元のクエリ: How is whiskey distilled?
2025-07-20 22:42:49 - DataPreprocessorMain - INFO -   書き換えクエリ: How is whiskey distilled in Scotland ?
2025-07-20 22:42:49 - DataPreprocessorMain - INFO - 🔄 ターン 4 を処理中...
2025-07-20 22:42:49 - DataPreprocessorMain - INFO -   元のクエリ: How long does it take to manufacture whiskey?
2025-07-20 22:42:49 - DataPreprocessorMain - INFO -   書き換えクエリ: How long does it take to manufacture whiskey ?
2025-07-20 22:42:49 - DataPreprocessorMain - INFO - 🔄 ターン 5 を処理中...
2025-07-20 22:42:49 - DataPreprocessorMain - INFO -   元のクエリ: What kind of packaging is used for whiskey?
2025-07-20 22:42:49 - DataPreprocessorMain - INFO -   書き換えクエリ: What kind of packaging is used for whiskey ?
2025-07-20 22:42:49 - DataPreprocessorMain - INFO - 🔄 ターン 6 を処理中...
2025-07-20 22:42:50 - DataPreprocessorMain - INFO -   元のクエリ: What does 40% abv mean in terms of alcoholic content in whiskey?
2025-07-20 22:42:50 - DataPreprocessorMain - INFO -   書き換えクエリ: What does 40% abv mean in terms of alcoholic content in whiskey ?
2025-07-20 22:42:50 - DataPreprocessorMain - INFO - ✅ ダイアログ 69 の処理が完了しました
2025-07-20 22:42:50 - DataPreprocessorMain - INFO - 
------------------------------
2025-07-20 22:42:50 - DataPreprocessorMain - INFO - 📌 ダイアログ 70/250 を処理中
2025-07-20 22:42:50 - DataPreprocessorMain - INFO - ------------------------------
2025-07-20 22:42:50 - DataPreprocessorMain - INFO - ダイアログキー: hobby_level3_dial16
2025-07-20 22:42:50 - DataPreprocessorMain - INFO - ターン数: 6
2025-07-20 22:42:50 - DataPreprocessorMain - INFO - 🔄 ターン 1 を処理中...
2025-07-20 22:42:50 - DataPreprocessorMain - INFO -   元のクエリ: What type of fictional world is the series Fullmetal Alchemist situated in?
2025-07-20 22:42:50 - DataPreprocessorMain - INFO -   書き換えクエリ: What type of fictional world is the series Fullmetal Alchemist situated in ?
2025-07-20 22:42:50 - DataPreprocessorMain - INFO - 🔄 ターン 2 を処理中...
2025-07-20 22:42:51 - DataPreprocessorMain - INFO -   元のクエリ: Is the sequel, Brotherhood, also set in the same type of universe?
2025-07-20 22:42:51 - DataPreprocessorMain - INFO -   書き換えクエリ: Is the sequel Brotherhood also set in the same type of universe as Fullmetal Alchemist ?
2025-07-20 22:42:51 - DataPreprocessorMain - INFO - 🔄 ターン 3 を処理中...
2025-07-20 22:42:51 - DataPreprocessorMain - INFO -   元のクエリ: What happened to the bodies of Edward and Alphonse Elric that they were looking for the philosopher's stone to restore them?
2025-07-20 22:42:51 - DataPreprocessorMain - INFO -   書き換えクエリ: What happened to the bodies of Edward and Alphonse Elric that they were looking for the philosopher's stone to restore ?
2025-07-20 22:42:51 - DataPreprocessorMain - INFO - 🔄 ターン 4 を処理中...
2025-07-20 22:42:52 - DataPreprocessorMain - INFO -   元のクエリ: How did Edward lose his left leg?
2025-07-20 22:42:52 - DataPreprocessorMain - INFO -   書き換えクエリ: How did Edward lose his left leg in Fullmetal Alchemist ?
2025-07-20 22:42:52 - DataPreprocessorMain - INFO - 🔄 ターン 5 を処理中...
2025-07-20 22:42:52 - DataPreprocessorMain - INFO -   元のクエリ: What was the critical reception of Fullmetal Alchemist?
2025-07-20 22:42:52 - DataPreprocessorMain - INFO -   書き換えクエリ: What was the critical reception of Fullmetal Alchemist ?
2025-07-20 22:42:52 - DataPreprocessorMain - INFO - 🔄 ターン 6 を処理中...
2025-07-20 22:42:53 - DataPreprocessorMain - INFO -   元のクエリ: I want to know Hilary Goldstein reaction more!
2025-07-20 22:42:53 - DataPreprocessorMain - INFO -   書き換えクエリ: Hilary Goldstein reaction to Fullmetal Alchemist ?
2025-07-20 22:42:53 - DataPreprocessorMain - INFO - ✅ ダイアログ 70 の処理が完了しました
2025-07-20 22:42:53 - DataPreprocessorMain - INFO - 
------------------------------
2025-07-20 22:42:53 - DataPreprocessorMain - INFO - 📌 ダイアログ 71/250 を処理中
2025-07-20 22:42:53 - DataPreprocessorMain - INFO - ------------------------------
2025-07-20 22:42:53 - DataPreprocessorMain - INFO - ダイアログキー: hobby_level3_dial6
2025-07-20 22:42:53 - DataPreprocessorMain - INFO - ターン数: 6
2025-07-20 22:42:53 - DataPreprocessorMain - INFO - 🔄 ターン 1 を処理中...
2025-07-20 22:42:53 - DataPreprocessorMain - INFO -   元のクエリ: In what situations are quantum mechanics used?
2025-07-20 22:42:53 - DataPreprocessorMain - INFO -   書き換えクエリ: In what situations are quantum mechanics used ?
2025-07-20 22:42:53 - DataPreprocessorMain - INFO - 🔄 ターン 2 を処理中...
2025-07-20 22:42:53 - DataPreprocessorMain - INFO -   元のクエリ: What are some of the interpretive challenges that arise from quantum mechanics?
2025-07-20 22:42:53 - DataPreprocessorMain - INFO -   書き換えクエリ: What are some of the interpretive challenges that arise from quantum mechanics ?
2025-07-20 22:42:53 - DataPreprocessorMain - INFO - 🔄 ターン 3 を処理中...
2025-07-20 22:42:54 - DataPreprocessorMain - INFO -   元のクエリ: How did quantum mechanics come to be?
2025-07-20 22:42:54 - DataPreprocessorMain - INFO -   書き換えクエリ: How did quantum mechanics come to be ?
2025-07-20 22:42:54 - DataPreprocessorMain - INFO - 🔄 ターン 4 を処理中...
2025-07-20 22:42:54 - DataPreprocessorMain - INFO -   元のクエリ: What is quantum mechanics use for today?
2025-07-20 22:42:54 - DataPreprocessorMain - INFO -   書き換えクエリ: What is quantum mechanics use for today ?
2025-07-20 22:42:54 - DataPreprocessorMain - INFO - 🔄 ターン 5 を処理中...
2025-07-20 22:42:54 - DataPreprocessorMain - INFO -   元のクエリ: I 'd like to know more about how quantum mechanics functions in cryptography.
2025-07-20 22:42:54 - DataPreprocessorMain - INFO -   書き換えクエリ: I 'd like to know more about how quantum mechanics functions in cryptography .
2025-07-20 22:42:54 - DataPreprocessorMain - INFO - 🔄 ターン 6 を処理中...
2025-07-20 22:42:55 - DataPreprocessorMain - INFO -   元のクエリ: I am interested in Quantum key distribution.
2025-07-20 22:42:55 - DataPreprocessorMain - INFO -   書き換えクエリ: I am interested in Quantum key distribution .
2025-07-20 22:42:55 - DataPreprocessorMain - INFO - ✅ ダイアログ 71 の処理が完了しました
2025-07-20 22:42:55 - DataPreprocessorMain - INFO - 
------------------------------
2025-07-20 22:42:55 - DataPreprocessorMain - INFO - 📌 ダイアログ 72/250 を処理中
2025-07-20 22:42:55 - DataPreprocessorMain - INFO - ------------------------------
2025-07-20 22:42:55 - DataPreprocessorMain - INFO - ダイアログキー: food_level2_dial7
2025-07-20 22:42:55 - DataPreprocessorMain - INFO - ターン数: 6
2025-07-20 22:42:55 - DataPreprocessorMain - INFO - 🔄 ターン 1 を処理中...
2025-07-20 22:42:55 - DataPreprocessorMain - INFO -   元のクエリ: Where did 52% of Danone S.A.'s sales come from in 2018's first half?
2025-07-20 22:42:55 - DataPreprocessorMain - INFO -   書き換えクエリ: Where did 52% of Danone S.A. 's sales come from in 2018's first half ?
2025-07-20 22:42:55 - DataPreprocessorMain - INFO - 🔄 ターン 2 を処理中...
2025-07-20 22:42:56 - DataPreprocessorMain - INFO -   元のクエリ: Where did the other 48% of Danone S.A.'s sales come from?
2025-07-20 22:42:56 - DataPreprocessorMain - INFO -   書き換えクエリ: Where did the other 48% of Danone S.A. 's sales come from in addition to dairy and plant-based products ?
2025-07-20 22:42:56 - DataPreprocessorMain - INFO - 🔄 ターン 3 を処理中...
2025-07-20 22:42:57 - DataPreprocessorMain - INFO -   元のクエリ: Where is Danone S.A.'s largest market?
2025-07-20 22:42:57 - DataPreprocessorMain - INFO -   書き換えクエリ: Where is Danone S.A. 's largest market ?
2025-07-20 22:42:57 - DataPreprocessorMain - INFO - 🔄 ターン 4 を処理中...
2025-07-20 22:42:57 - DataPreprocessorMain - INFO -   元のクエリ: What other markets does Danone engage in besides Russia and China?
2025-07-20 22:42:57 - DataPreprocessorMain - INFO -   書き換えクエリ: What other markets does Danone engage in besides Russia and China ?
2025-07-20 22:42:57 - DataPreprocessorMain - INFO - 🔄 ターン 5 を処理中...
2025-07-20 22:42:58 - DataPreprocessorMain - INFO -   元のクエリ: What are specialized nutritional preparations, anyway?
2025-07-20 22:42:58 - DataPreprocessorMain - INFO -   書き換えクエリ: What are specialized nutritional preparations, anyway for Danone S.A. ?
2025-07-20 22:42:58 - DataPreprocessorMain - INFO - 🔄 ターン 6 を処理中...
2025-07-20 22:42:58 - DataPreprocessorMain - INFO -   元のクエリ: What are some infant products does Danone produce?
2025-07-20 22:42:58 - DataPreprocessorMain - INFO -   書き換えクエリ: What are some infant products does Danone produce ?
2025-07-20 22:42:58 - DataPreprocessorMain - INFO - ✅ ダイアログ 72 の処理が完了しました
2025-07-20 22:42:58 - DataPreprocessorMain - INFO - 
------------------------------
2025-07-20 22:42:58 - DataPreprocessorMain - INFO - 📌 ダイアログ 73/250 を処理中
2025-07-20 22:42:58 - DataPreprocessorMain - INFO - ------------------------------
2025-07-20 22:42:58 - DataPreprocessorMain - INFO - ダイアログキー: hobby_level1_dial22
2025-07-20 22:42:58 - DataPreprocessorMain - INFO - ターン数: 6
2025-07-20 22:42:58 - DataPreprocessorMain - INFO - 🔄 ターン 1 を処理中...
2025-07-20 22:42:58 - DataPreprocessorMain - INFO -   元のクエリ: What is the oldest form of orienteering?
2025-07-20 22:42:58 - DataPreprocessorMain - INFO -   書き換えクエリ: What is the oldest form of orienteering ?
2025-07-20 22:42:58 - DataPreprocessorMain - INFO - 🔄 ターン 2 を処理中...
2025-07-20 22:42:59 - DataPreprocessorMain - INFO -   元のクエリ: What is foot orienteering?
2025-07-20 22:42:59 - DataPreprocessorMain - INFO -   書き換えクエリ: What is foot orienteering ?
2025-07-20 22:42:59 - DataPreprocessorMain - INFO - 🔄 ターン 3 を処理中...
2025-07-20 22:42:59 - DataPreprocessorMain - INFO -   元のクエリ: What is an example of foot orienteering that's still being played today?
2025-07-20 22:42:59 - DataPreprocessorMain - INFO -   書き換えクエリ: What is an example of foot orienteering that's still being played today ?
2025-07-20 22:42:59 - DataPreprocessorMain - INFO - 🔄 ターン 4 を処理中...
2025-07-20 22:43:00 - DataPreprocessorMain - INFO -   元のクエリ: Where does one attend an orienteering competition?
2025-07-20 22:43:00 - DataPreprocessorMain - INFO -   書き換えクエリ: Where does one attend an orienteering competition ?
2025-07-20 22:43:00 - DataPreprocessorMain - INFO - 🔄 ターン 5 を処理中...
2025-07-20 22:43:00 - DataPreprocessorMain - INFO -   元のクエリ: Yes, I would like to know the orienting competitions in U.S.
2025-07-20 22:43:00 - DataPreprocessorMain - INFO -   書き換えクエリ: Yes, I would like to know the orienting competitions in U.S.
2025-07-20 22:43:00 - DataPreprocessorMain - INFO - 🔄 ターン 6 を処理中...
2025-07-20 22:43:01 - DataPreprocessorMain - INFO -   元のクエリ: What kind of equipment do people need to participate in these competitive orienteering events?
2025-07-20 22:43:01 - DataPreprocessorMain - INFO -   書き換えクエリ: What kind of equipment do people need to participate in the World Orienteering Championships ?
2025-07-20 22:43:01 - DataPreprocessorMain - INFO - ✅ ダイアログ 73 の処理が完了しました
2025-07-20 22:43:01 - DataPreprocessorMain - INFO - 
------------------------------
2025-07-20 22:43:01 - DataPreprocessorMain - INFO - 📌 ダイアログ 74/250 を処理中
2025-07-20 22:43:01 - DataPreprocessorMain - INFO - ------------------------------
2025-07-20 22:43:01 - DataPreprocessorMain - INFO - ダイアログキー: food_level1_dial19
2025-07-20 22:43:01 - DataPreprocessorMain - INFO - ターン数: 4
2025-07-20 22:43:01 - DataPreprocessorMain - INFO - 🔄 ターン 1 を処理中...
2025-07-20 22:43:01 - DataPreprocessorMain - INFO -   元のクエリ: Where are the indigenous peoples located who ingest Ayahuasca?
2025-07-20 22:43:01 - DataPreprocessorMain - INFO -   書き換えクエリ: Where are the indigenous peoples located who ingest Ayahuasca ?
2025-07-20 22:43:01 - DataPreprocessorMain - INFO - 🔄 ターン 2 を処理中...
2025-07-20 22:43:02 - DataPreprocessorMain - INFO -   元のクエリ: What effects does Ayahuasca have on users?
2025-07-20 22:43:02 - DataPreprocessorMain - INFO -   書き換えクエリ: What effects does Ayahuasca have on users ?
2025-07-20 22:43:02 - DataPreprocessorMain - INFO - 🔄 ターン 3 を処理中...
2025-07-20 22:43:02 - DataPreprocessorMain - INFO -   元のクエリ: I would like to know what the effects are in general. What are some general, medically documented effects of Ayahuasca?
2025-07-20 22:43:02 - DataPreprocessorMain - INFO -   書き換えクエリ: What are some general, medically documented effects of Ayahuasca ?
2025-07-20 22:43:02 - DataPreprocessorMain - INFO - 🔄 ターン 4 を処理中...
2025-07-20 22:43:02 - DataPreprocessorMain - INFO -   元のクエリ: What is the legal status of Ayahusca in the US?
2025-07-20 22:43:02 - DataPreprocessorMain - INFO -   書き換えクエリ: What is the legal status of Ayahusca in the US ?
2025-07-20 22:43:02 - DataPreprocessorMain - INFO - ✅ ダイアログ 74 の処理が完了しました
2025-07-20 22:43:02 - DataPreprocessorMain - INFO - 
------------------------------
2025-07-20 22:43:02 - DataPreprocessorMain - INFO - 📌 ダイアログ 75/250 を処理中
2025-07-20 22:43:02 - DataPreprocessorMain - INFO - ------------------------------
2025-07-20 22:43:02 - DataPreprocessorMain - INFO - ダイアログキー: top25_dial55
2025-07-20 22:43:02 - DataPreprocessorMain - INFO - ターン数: 6
2025-07-20 22:43:02 - DataPreprocessorMain - INFO - 🔄 ターン 1 を処理中...
2025-07-20 22:43:03 - DataPreprocessorMain - INFO -   元のクエリ: What was Thomas' major in college?
2025-07-20 22:43:03 - DataPreprocessorMain - INFO -   書き換えクエリ: What was Thomas' major in college ?
2025-07-20 22:43:03 - DataPreprocessorMain - INFO - 🔄 ターン 2 を処理中...
2025-07-20 22:43:03 - DataPreprocessorMain - INFO -   元のクエリ: What was Thomas Jefferson's major in college?
2025-07-20 22:43:03 - DataPreprocessorMain - INFO -   書き換えクエリ: What was Thomas Jefferson's major in college ?
2025-07-20 22:43:03 - DataPreprocessorMain - INFO - 🔄 ターン 3 を処理中...
2025-07-20 22:43:03 - DataPreprocessorMain - INFO -   元のクエリ: How did Demaryius Thomas die?
2025-07-20 22:43:03 - DataPreprocessorMain - INFO -   書き換えクエリ: How did Demaryius Thomas die ?
2025-07-20 22:43:03 - DataPreprocessorMain - INFO - 🔄 ターン 4 を処理中...
2025-07-20 22:43:04 - DataPreprocessorMain - INFO -   元のクエリ: What were some notable milestones that Demaryius Thomas reached in his football career?
2025-07-20 22:43:04 - DataPreprocessorMain - INFO -   書き換えクエリ: What were some notable milestones that Demaryius Thomas reached in his football career ?
2025-07-20 22:43:04 - DataPreprocessorMain - INFO - 🔄 ターン 5 を処理中...
2025-07-20 22:43:04 - DataPreprocessorMain - INFO -   元のクエリ: Did Demaryius Thomas have children?
2025-07-20 22:43:04 - DataPreprocessorMain - INFO -   書き換えクエリ: Did Demaryius Thomas have children ?
2025-07-20 22:43:04 - DataPreprocessorMain - INFO - 🔄 ターン 6 を処理中...
2025-07-20 22:43:04 - DataPreprocessorMain - INFO -   元のクエリ: Demaryius Thomas ever win any NFL championships?
2025-07-20 22:43:04 - DataPreprocessorMain - INFO -   書き換えクエリ: Did Demaryius Thomas ever win any NFL championships ?
2025-07-20 22:43:04 - DataPreprocessorMain - INFO - ✅ ダイアログ 75 の処理が完了しました
2025-07-20 22:43:04 - DataPreprocessorMain - INFO - 
------------------------------
2025-07-20 22:43:04 - DataPreprocessorMain - INFO - 📌 ダイアログ 76/250 を処理中
2025-07-20 22:43:04 - DataPreprocessorMain - INFO - ------------------------------
2025-07-20 22:43:04 - DataPreprocessorMain - INFO - ダイアログキー: food_level3_dial36
2025-07-20 22:43:04 - DataPreprocessorMain - INFO - ターン数: 6
2025-07-20 22:43:04 - DataPreprocessorMain - INFO - 🔄 ターン 1 を処理中...
2025-07-20 22:43:05 - DataPreprocessorMain - INFO -   元のクエリ: Which two countries began the movement of microbrewing?
2025-07-20 22:43:05 - DataPreprocessorMain - INFO -   書き換えクエリ: Which two countries began the movement of microbrewing ?
2025-07-20 22:43:05 - DataPreprocessorMain - INFO - 🔄 ターン 2 を処理中...
2025-07-20 22:43:05 - DataPreprocessorMain - INFO -   元のクエリ: When did artisanal brewing begin in Europe?
2025-07-20 22:43:05 - DataPreprocessorMain - INFO -   書き換えクエリ: When did artisanal brewing begin in Europe ?
2025-07-20 22:43:05 - DataPreprocessorMain - INFO - 🔄 ターン 3 を処理中...
2025-07-20 22:43:05 - DataPreprocessorMain - INFO -   元のクエリ: What is the craft brewery industry like in Asia?
2025-07-20 22:43:05 - DataPreprocessorMain - INFO -   書き換えクエリ: What is the craft brewery industry like in Asia ?
2025-07-20 22:43:05 - DataPreprocessorMain - INFO - 🔄 ターン 4 を処理中...
2025-07-20 22:43:06 - DataPreprocessorMain - INFO -   元のクエリ: Yes. When did Vietnam become the largest producer in Southeast Asia?
2025-07-20 22:43:06 - DataPreprocessorMain - INFO -   書き換えクエリ: When did Vietnam become the largest producer in Southeast Asia ?
2025-07-20 22:43:06 - DataPreprocessorMain - INFO - 🔄 ターン 5 を処理中...
2025-07-20 22:43:06 - DataPreprocessorMain - INFO -   元のクエリ: What's the biggest microbrewery by revenue in Vietnam?
2025-07-20 22:43:06 - DataPreprocessorMain - INFO -   書き換えクエリ: What's the biggest microbrewery by revenue in Vietnam ?
2025-07-20 22:43:06 - DataPreprocessorMain - INFO - 🔄 ターン 6 を処理中...
2025-07-20 22:43:07 - DataPreprocessorMain - INFO -   元のクエリ: What is Sabeco Brewery's most well known product?
2025-07-20 22:43:07 - DataPreprocessorMain - INFO -   書き換えクエリ: What is Sabeco Brewery's most well known product ?
2025-07-20 22:43:07 - DataPreprocessorMain - INFO - ✅ ダイアログ 76 の処理が完了しました
2025-07-20 22:43:07 - DataPreprocessorMain - INFO - 
------------------------------
2025-07-20 22:43:07 - DataPreprocessorMain - INFO - 📌 ダイアログ 77/250 を処理中
2025-07-20 22:43:07 - DataPreprocessorMain - INFO - ------------------------------
2025-07-20 22:43:07 - DataPreprocessorMain - INFO - ダイアログキー: hobby_level3_dial17
2025-07-20 22:43:07 - DataPreprocessorMain - INFO - ターン数: 6
2025-07-20 22:43:07 - DataPreprocessorMain - INFO - 🔄 ターン 1 を処理中...
2025-07-20 22:43:07 - DataPreprocessorMain - INFO -   元のクエリ: What branch of the U.S. military was involved in the Air Mail scandal?
2025-07-20 22:43:07 - DataPreprocessorMain - INFO -   書き換えクエリ: What branch of the military was involved in the Air Mail scandal ?
2025-07-20 22:43:07 - DataPreprocessorMain - INFO - 🔄 ターン 2 を処理中...
2025-07-20 22:43:08 - DataPreprocessorMain - INFO -   元のクエリ: Who suffered repercussions as a result of the Air Mail scandal?
2025-07-20 22:43:08 - DataPreprocessorMain - INFO -   書き換えクエリ: Who suffered repercussions as a result of the Air Mail scandal ?
2025-07-20 22:43:08 - DataPreprocessorMain - INFO - 🔄 ターン 3 を処理中...
2025-07-20 22:43:08 - DataPreprocessorMain - INFO -   元のクエリ: Who else was held responsible for the airmail scandal besides William P. MacCracken Jr?
2025-07-20 22:43:08 - DataPreprocessorMain - INFO -   書き換えクエリ: Who else was held responsible for the airmail scandal besides William P. MacCracken Jr ?
2025-07-20 22:43:08 - DataPreprocessorMain - INFO - 🔄 ターン 4 を処理中...
2025-07-20 22:43:09 - DataPreprocessorMain - INFO -   元のクエリ: What effects did the Air Mail scandal have on the airline industry?
2025-07-20 22:43:09 - DataPreprocessorMain - INFO -   書き換えクエリ: What effects did the Air Mail scandal have on the airline industry ?
2025-07-20 22:43:09 - DataPreprocessorMain - INFO - 🔄 ターン 5 を処理中...
2025-07-20 22:43:09 - DataPreprocessorMain - INFO -   元のクエリ: Was there any weather factors that were associated with The Air Mail scandal?
2025-07-20 22:43:09 - DataPreprocessorMain - INFO -   書き換えクエリ: Were there any weather factors that were associated with The Air Mail scandal ?
2025-07-20 22:43:09 - DataPreprocessorMain - INFO - 🔄 ターン 6 を処理中...
2025-07-20 22:43:10 - DataPreprocessorMain - INFO -   元のクエリ: The death of pilots interest me!
2025-07-20 22:43:10 - DataPreprocessorMain - INFO -   書き換えクエリ: The death of pilots involved in the airmail scandal interests me!
2025-07-20 22:43:10 - DataPreprocessorMain - INFO - ✅ ダイアログ 77 の処理が完了しました
2025-07-20 22:43:10 - DataPreprocessorMain - INFO - 
------------------------------
2025-07-20 22:43:10 - DataPreprocessorMain - INFO - 📌 ダイアログ 78/250 を処理中
2025-07-20 22:43:10 - DataPreprocessorMain - INFO - ------------------------------
2025-07-20 22:43:10 - DataPreprocessorMain - INFO - ダイアログキー: hobby_level1_dial23
2025-07-20 22:43:10 - DataPreprocessorMain - INFO - ターン数: 6
2025-07-20 22:43:10 - DataPreprocessorMain - INFO - 🔄 ターン 1 を処理中...
2025-07-20 22:43:10 - DataPreprocessorMain - INFO -   元のクエリ: What does the hobby of fishkeeping concern?
2025-07-20 22:43:10 - DataPreprocessorMain - INFO -   書き換えクエリ: What does the hobby of fishkeeping concern ?
2025-07-20 22:43:10 - DataPreprocessorMain - INFO - 🔄 ターン 2 を処理中...
2025-07-20 22:43:11 - DataPreprocessorMain - INFO -   元のクエリ: Could you tell me about some fishkeeping systems?
2025-07-20 22:43:11 - DataPreprocessorMain - INFO -   書き換えクエリ: Can you tell me about some fishkeeping systems ?
2025-07-20 22:43:11 - DataPreprocessorMain - INFO - 🔄 ターン 3 を処理中...
2025-07-20 22:43:11 - DataPreprocessorMain - INFO -   元のクエリ: I'd like to know more about marine systems.
2025-07-20 22:43:11 - DataPreprocessorMain - INFO -   書き換えクエリ: I'd like to know more about marine systems.
2025-07-20 22:43:11 - DataPreprocessorMain - INFO - 🔄 ターン 4 を処理中...
2025-07-20 22:43:11 - DataPreprocessorMain - INFO -   元のクエリ: I'd like to know about coral reefs.
2025-07-20 22:43:11 - DataPreprocessorMain - INFO -   書き換えクエリ: I'd like to know about coral reefs.
2025-07-20 22:43:11 - DataPreprocessorMain - INFO - 🔄 ターン 5 を処理中...
2025-07-20 22:43:12 - DataPreprocessorMain - INFO -   元のクエリ: Where are coral reefs primarily found?
2025-07-20 22:43:12 - DataPreprocessorMain - INFO -   書き換えクエリ: Where are coral reefs primarily found ?
2025-07-20 22:43:12 - DataPreprocessorMain - INFO - 🔄 ターン 6 を処理中...
2025-07-20 22:43:12 - DataPreprocessorMain - INFO -   元のクエリ: What is the most famous coral reef in Australia?
2025-07-20 22:43:12 - DataPreprocessorMain - INFO -   書き換えクエリ: What is the most famous coral reef in Australia ?
2025-07-20 22:43:12 - DataPreprocessorMain - INFO - ✅ ダイアログ 78 の処理が完了しました
2025-07-20 22:43:12 - DataPreprocessorMain - INFO - 
------------------------------
2025-07-20 22:43:12 - DataPreprocessorMain - INFO - 📌 ダイアログ 79/250 を処理中
2025-07-20 22:43:12 - DataPreprocessorMain - INFO - ------------------------------
2025-07-20 22:43:12 - DataPreprocessorMain - INFO - ダイアログキー: hobby_level3_dial7
2025-07-20 22:43:12 - DataPreprocessorMain - INFO - ターン数: 6
2025-07-20 22:43:12 - DataPreprocessorMain - INFO - 🔄 ターン 1 を処理中...
2025-07-20 22:43:12 - DataPreprocessorMain - INFO -   元のクエリ: What religions recognize the Torah?
2025-07-20 22:43:12 - DataPreprocessorMain - INFO -   書き換えクエリ: What religions recognize the Torah ?
2025-07-20 22:43:12 - DataPreprocessorMain - INFO - 🔄 ターン 2 を処理中...
2025-07-20 22:43:13 - DataPreprocessorMain - INFO -   元のクエリ: Who authored the Torah??
2025-07-20 22:43:13 - DataPreprocessorMain - INFO -   書き換えクエリ: Who authored the Torah ?
2025-07-20 22:43:13 - DataPreprocessorMain - INFO - 🔄 ターン 3 を処理中...
2025-07-20 22:43:13 - DataPreprocessorMain - INFO -   元のクエリ: Is there a consensus of the numbers of authors of the Torah?
2025-07-20 22:43:13 - DataPreprocessorMain - INFO -   書き換えクエリ: Is there a consensus of the numbers of authors of the Torah ?
2025-07-20 22:43:13 - DataPreprocessorMain - INFO - 🔄 ターン 4 を処理中...
2025-07-20 22:43:13 - DataPreprocessorMain - INFO -   元のクエリ: Is it possible that the Torah has other origins other than Jewish?
2025-07-20 22:43:13 - DataPreprocessorMain - INFO -   書き換えクエリ: Is it possible that the Torah has other origins other than Jewish ?
2025-07-20 22:43:13 - DataPreprocessorMain - INFO - 🔄 ターン 5 を処理中...
2025-07-20 22:43:14 - DataPreprocessorMain - INFO -   元のクエリ: What is the linguistic dating of the Torah?
2025-07-20 22:43:14 - DataPreprocessorMain - INFO -   書き換えクエリ: What is the linguistic dating of the Torah ?
2025-07-20 22:43:14 - DataPreprocessorMain - INFO - 🔄 ターン 6 を処理中...
2025-07-20 22:43:14 - DataPreprocessorMain - INFO -   元のクエリ: How is the classic Hebrew language different from that used today?
2025-07-20 22:43:14 - DataPreprocessorMain - INFO -   書き換えクエリ: How is the classic Hebrew language different from that used today ?
2025-07-20 22:43:14 - DataPreprocessorMain - INFO - ✅ ダイアログ 79 の処理が完了しました
2025-07-20 22:43:14 - DataPreprocessorMain - INFO - 
------------------------------
2025-07-20 22:43:14 - DataPreprocessorMain - INFO - 📌 ダイアログ 80/250 を処理中
2025-07-20 22:43:14 - DataPreprocessorMain - INFO - ------------------------------
2025-07-20 22:43:14 - DataPreprocessorMain - INFO - ダイアログキー: food_level2_dial8
2025-07-20 22:43:14 - DataPreprocessorMain - INFO - ターン数: 6
2025-07-20 22:43:14 - DataPreprocessorMain - INFO - 🔄 ターン 1 を処理中...
2025-07-20 22:43:15 - DataPreprocessorMain - INFO -   元のクエリ: An animal unit is equivalent to what in pounds of live animal weight?
2025-07-20 22:43:15 - DataPreprocessorMain - INFO -   書き換えクエリ: What in pounds of live animal weight is equivalent to an animal unit ?
2025-07-20 22:43:15 - DataPreprocessorMain - INFO - 🔄 ターン 2 を処理中...
2025-07-20 22:43:15 - DataPreprocessorMain - INFO -   元のクエリ: Which byproducts from livestock production cause negative environmental impact?
2025-07-20 22:43:15 - DataPreprocessorMain - INFO -   書き換えクエリ: Which byproducts from livestock production cause negative environmental impact ?
2025-07-20 22:43:15 - DataPreprocessorMain - INFO - 🔄 ターン 3 を処理中...
2025-07-20 22:43:15 - DataPreprocessorMain - INFO -   元のクエリ: When did the efforts to regulate concentrated animal feeding operations began in the US?
2025-07-20 22:43:15 - DataPreprocessorMain - INFO -   書き換えクエリ: When did the efforts to regulate concentrated animal feeding operations began in the US ?
2025-07-20 22:43:15 - DataPreprocessorMain - INFO - 🔄 ターン 4 を処理中...
2025-07-20 22:43:16 - DataPreprocessorMain - INFO -   元のクエリ: Does the EPA have any other regulations regarding how livestock are kept?
2025-07-20 22:43:16 - DataPreprocessorMain - INFO -   書き換えクエリ: Does the EPA have any other regulations regarding how livestock are kept aside from the effluent limitations guidelines ?
2025-07-20 22:43:16 - DataPreprocessorMain - INFO - 🔄 ターン 5 を処理中...
2025-07-20 22:43:17 - DataPreprocessorMain - INFO -   元のクエリ: What deals with the livestock housing in the EPA's updated regulations from 2008?
2025-07-20 22:43:17 - DataPreprocessorMain - INFO -   書き換えクエリ: What deals with the livestock housing in the EPA's updated regulations from 2008 ?
2025-07-20 22:43:17 - DataPreprocessorMain - INFO - 🔄 ターン 6 を処理中...
2025-07-20 22:43:17 - DataPreprocessorMain - INFO -   元のクエリ: How many animals can a CAFO have before it is no longer considered small in the EPA's eyes?
2025-07-20 22:43:17 - DataPreprocessorMain - INFO -   書き換えクエリ: How many animals can a CAFO have before it is no longer considered small in the EPA's eyes ?
2025-07-20 22:43:17 - DataPreprocessorMain - INFO - ✅ ダイアログ 80 の処理が完了しました
2025-07-20 22:43:17 - DataPreprocessorMain - INFO - 
------------------------------
2025-07-20 22:43:17 - DataPreprocessorMain - INFO - 📌 ダイアログ 81/250 を処理中
2025-07-20 22:43:17 - DataPreprocessorMain - INFO - ------------------------------
2025-07-20 22:43:17 - DataPreprocessorMain - INFO - ダイアログキー: top25_dial27
2025-07-20 22:43:17 - DataPreprocessorMain - INFO - ターン数: 6
2025-07-20 22:43:17 - DataPreprocessorMain - INFO - 🔄 ターン 1 を処理中...
2025-07-20 22:43:18 - DataPreprocessorMain - INFO -   元のクエリ: What are the conspiracy theories surrounding the Son of Sam shootings?
2025-07-20 22:43:18 - DataPreprocessorMain - INFO -   書き換えクエリ: What are the conspiracy theories surrounding the Son of Sam shootings ?
2025-07-20 22:43:18 - DataPreprocessorMain - INFO - 🔄 ターン 2 を処理中...
2025-07-20 22:43:18 - DataPreprocessorMain - INFO -   元のクエリ: What is the single shooter theory in the Son of Sam case?
2025-07-20 22:43:18 - DataPreprocessorMain - INFO -   書き換えクエリ: What is the single shooter theory in the Son of Sam case ?
2025-07-20 22:43:18 - DataPreprocessorMain - INFO - 🔄 ターン 3 を処理中...
2025-07-20 22:43:18 - DataPreprocessorMain - INFO -   元のクエリ: What was the motive behind David Berkowitz shootings?
2025-07-20 22:43:18 - DataPreprocessorMain - INFO -   書き換えクエリ: What was the motive behind the David Berkowitz shootings ?
2025-07-20 22:43:18 - DataPreprocessorMain - INFO - 🔄 ターン 4 を処理中...
2025-07-20 22:43:19 - DataPreprocessorMain - INFO -   元のクエリ: Did David Berkowitz confess to his crimes?
2025-07-20 22:43:19 - DataPreprocessorMain - INFO -   書き換えクエリ: Did David Berkowitz confess to his crimes ?
2025-07-20 22:43:19 - DataPreprocessorMain - INFO - 🔄 ターン 5 を処理中...
2025-07-20 22:43:19 - DataPreprocessorMain - INFO -   元のクエリ: What happened to Berkowitz after he plead guilty?
2025-07-20 22:43:19 - DataPreprocessorMain - INFO -   書き換えクエリ: What happened to David Berkowitz after he plead guilty to the 1977 Son of Sam shootings ?
2025-07-20 22:43:19 - DataPreprocessorMain - INFO - 🔄 ターン 6 を処理中...
2025-07-20 22:43:20 - DataPreprocessorMain - INFO -   元のクエリ: Yes, Can you tell about what he did during his sentencing.
2025-07-20 22:43:20 - DataPreprocessorMain - INFO -   書き換えクエリ: Can you tell about what David Berkowitz did during his sentencing.
2025-07-20 22:43:20 - DataPreprocessorMain - INFO - ✅ ダイアログ 81 の処理が完了しました
2025-07-20 22:43:20 - DataPreprocessorMain - INFO - 
------------------------------
2025-07-20 22:43:20 - DataPreprocessorMain - INFO - 📌 ダイアログ 82/250 を処理中
2025-07-20 22:43:20 - DataPreprocessorMain - INFO - ------------------------------
2025-07-20 22:43:20 - DataPreprocessorMain - INFO - ダイアログキー: food_level2_dial9
2025-07-20 22:43:20 - DataPreprocessorMain - INFO - ターン数: 6
2025-07-20 22:43:20 - DataPreprocessorMain - INFO - 🔄 ターン 1 を処理中...
2025-07-20 22:43:20 - DataPreprocessorMain - INFO -   元のクエリ: How is sugarcane made into biofuel?
2025-07-20 22:43:20 - DataPreprocessorMain - INFO -   書き換えクエリ: How is sugarcane made into biofuel ?
2025-07-20 22:43:20 - DataPreprocessorMain - INFO - 🔄 ターン 2 を処理中...
2025-07-20 22:43:20 - DataPreprocessorMain - INFO -   元のクエリ: I think you misunderstood the question. I asked how sugarcane is made into biofuel. What you're talking about is one step in preparing the sugarcane for biofuel production. I mean how is sugarcane converted to biofuel?
2025-07-20 22:43:20 - DataPreprocessorMain - INFO -   書き換えクエリ: How is sugarcane converted to biofuel ?
2025-07-20 22:43:20 - DataPreprocessorMain - INFO - 🔄 ターン 3 を処理中...
2025-07-20 22:43:21 - DataPreprocessorMain - INFO -   元のクエリ: Are there other methods than fermentation that turn sugarcane into biofuel?
2025-07-20 22:43:21 - DataPreprocessorMain - INFO -   書き換えクエリ: Are there other methods than fermentation that turn sugarcane into biofuel ?
2025-07-20 22:43:21 - DataPreprocessorMain - INFO - 🔄 ターン 4 を処理中...
2025-07-20 22:43:21 - DataPreprocessorMain - INFO -   元のクエリ: What are some bagasse applications that are being used?
2025-07-20 22:43:21 - DataPreprocessorMain - INFO -   書き換えクエリ: What are some bagasse applications that are being used to make biofuel ?
2025-07-20 22:43:21 - DataPreprocessorMain - INFO - 🔄 ターン 5 を処理中...
2025-07-20 22:43:22 - DataPreprocessorMain - INFO -   元のクエリ: I want know about its use in fuel production.
2025-07-20 22:43:22 - DataPreprocessorMain - INFO -   書き換えクエリ: I want to know about bagasse use in fuel production.
2025-07-20 22:43:22 - DataPreprocessorMain - INFO - 🔄 ターン 6 を処理中...
2025-07-20 22:43:22 - DataPreprocessorMain - INFO -   元のクエリ: Cool. How about its use in nanocellulose?
2025-07-20 22:43:22 - DataPreprocessorMain - INFO -   書き換えクエリ: How about bagasse use in nanocellulose ?
2025-07-20 22:43:22 - DataPreprocessorMain - INFO - ✅ ダイアログ 82 の処理が完了しました
2025-07-20 22:43:22 - DataPreprocessorMain - INFO - 
------------------------------
2025-07-20 22:43:22 - DataPreprocessorMain - INFO - 📌 ダイアログ 83/250 を処理中
2025-07-20 22:43:22 - DataPreprocessorMain - INFO - ------------------------------
2025-07-20 22:43:22 - DataPreprocessorMain - INFO - ダイアログキー: hobby_level2_dial24
2025-07-20 22:43:22 - DataPreprocessorMain - INFO - ターン数: 7
2025-07-20 22:43:22 - DataPreprocessorMain - INFO - 🔄 ターン 1 を処理中...
2025-07-20 22:43:22 - DataPreprocessorMain - INFO -   元のクエリ: How were phonics developed?
2025-07-20 22:43:22 - DataPreprocessorMain - INFO -   書き換えクエリ: How were phonics developed ?
2025-07-20 22:43:22 - DataPreprocessorMain - INFO - 🔄 ターン 2 を処理中...
2025-07-20 22:43:23 - DataPreprocessorMain - INFO -   元のクエリ: Which countries predominantly use the phonics teaching method?
2025-07-20 22:43:23 - DataPreprocessorMain - INFO -   書き換えクエリ: Which countries predominantly use the phonics teaching method ?
2025-07-20 22:43:23 - DataPreprocessorMain - INFO - 🔄 ターン 3 を処理中...
2025-07-20 22:43:23 - DataPreprocessorMain - INFO -   元のクエリ: I'd like to know more about phonics usage in Australia.
2025-07-20 22:43:23 - DataPreprocessorMain - INFO -   書き換えクエリ: I'd like to know more about phonics usage in Australia.
2025-07-20 22:43:23 - DataPreprocessorMain - INFO - 🔄 ターン 4 を処理中...
2025-07-20 22:43:24 - DataPreprocessorMain - INFO -   元のクエリ: What are systematic explicit phonics?
2025-07-20 22:43:24 - DataPreprocessorMain - INFO -   書き換えクエリ: What are systematic explicit phonics ?
2025-07-20 22:43:24 - DataPreprocessorMain - INFO - 🔄 ターン 5 を処理中...
2025-07-20 22:43:24 - DataPreprocessorMain - INFO -   元のクエリ: I wonder how students feel about having to use phonics to learn to read?
2025-07-20 22:43:24 - DataPreprocessorMain - INFO -   書き換えクエリ: I wonder how students feel about having to use phonics to learn to read ?
2025-07-20 22:43:24 - DataPreprocessorMain - INFO - 🔄 ターン 6 を処理中...
2025-07-20 22:43:25 - DataPreprocessorMain - INFO -   元のクエリ: What about the use of phonics in the U.S.?
2025-07-20 22:43:25 - DataPreprocessorMain - INFO -   書き換えクエリ: What about the use of phonics in the U.S. in addition to Australia and England ?
2025-07-20 22:43:25 - DataPreprocessorMain - INFO - 🔄 ターン 7 を処理中...
2025-07-20 22:43:25 - DataPreprocessorMain - INFO -   元のクエリ: I want to know about how phonics is used within the United States.
2025-07-20 22:43:25 - DataPreprocessorMain - INFO -   書き換えクエリ: I want to know about how phonics is used within the United States .
2025-07-20 22:43:25 - DataPreprocessorMain - INFO - ✅ ダイアログ 83 の処理が完了しました
2025-07-20 22:43:25 - DataPreprocessorMain - INFO - 
------------------------------
2025-07-20 22:43:25 - DataPreprocessorMain - INFO - 📌 ダイアログ 84/250 を処理中
2025-07-20 22:43:25 - DataPreprocessorMain - INFO - ------------------------------
2025-07-20 22:43:25 - DataPreprocessorMain - INFO - ダイアログキー: hobby_level1_dial3
2025-07-20 22:43:25 - DataPreprocessorMain - INFO - ターン数: 6
2025-07-20 22:43:25 - DataPreprocessorMain - INFO - 🔄 ターン 1 を処理中...
2025-07-20 22:43:25 - DataPreprocessorMain - INFO -   元のクエリ: What country did Yoga originate from?
2025-07-20 22:43:25 - DataPreprocessorMain - INFO -   書き換えクエリ: What country did Yoga originate from ?
2025-07-20 22:43:25 - DataPreprocessorMain - INFO - 🔄 ターン 2 を処理中...
2025-07-20 22:43:26 - DataPreprocessorMain - INFO -   元のクエリ: How did Yoga spread to the west?
2025-07-20 22:43:26 - DataPreprocessorMain - INFO -   書き換えクエリ: How did Yoga spread to the west ?
2025-07-20 22:43:26 - DataPreprocessorMain - INFO - 🔄 ターン 3 を処理中...
2025-07-20 22:43:26 - DataPreprocessorMain - INFO -   元のクエリ: What's the estimate of the number of people who practice yoga in the US?
2025-07-20 22:43:26 - DataPreprocessorMain - INFO -   書き換えクエリ: What's the estimate of the number of people who practice yoga in the US ?
2025-07-20 22:43:26 - DataPreprocessorMain - INFO - 🔄 ターン 4 を処理中...
2025-07-20 22:43:27 - DataPreprocessorMain - INFO -   元のクエリ: I'd like to know about people who practice yoga for exercise please.
2025-07-20 22:43:27 - DataPreprocessorMain - INFO -   書き換えクエリ: I'd like to know about people who practice yoga for exercise please.
2025-07-20 22:43:27 - DataPreprocessorMain - INFO - 🔄 ターン 5 を処理中...
2025-07-20 22:43:27 - DataPreprocessorMain - INFO -   元のクエリ: Can yoga really help you get bigger, more muscular?
2025-07-20 22:43:27 - DataPreprocessorMain - INFO -   書き換えクエリ: Can yoga really help you get bigger, more muscular ?
2025-07-20 22:43:27 - DataPreprocessorMain - INFO - 🔄 ターン 6 を処理中...
2025-07-20 22:43:27 - DataPreprocessorMain - INFO -   元のクエリ: Is there any different styles of yoga?
2025-07-20 22:43:27 - DataPreprocessorMain - INFO -   書き換えクエリ: Is there any different styles of yoga ?
2025-07-20 22:43:27 - DataPreprocessorMain - INFO - ✅ ダイアログ 84 の処理が完了しました
2025-07-20 22:43:27 - DataPreprocessorMain - INFO - 
------------------------------
2025-07-20 22:43:27 - DataPreprocessorMain - INFO - 📌 ダイアログ 85/250 を処理中
2025-07-20 22:43:27 - DataPreprocessorMain - INFO - ------------------------------
2025-07-20 22:43:27 - DataPreprocessorMain - INFO - ダイアログキー: food_level1_dial2
2025-07-20 22:43:27 - DataPreprocessorMain - INFO - ターン数: 7
2025-07-20 22:43:27 - DataPreprocessorMain - INFO - 🔄 ターン 1 を処理中...
2025-07-20 22:43:28 - DataPreprocessorMain - INFO -   元のクエリ: What type of dough is used to wrap Pierogi's?
2025-07-20 22:43:28 - DataPreprocessorMain - INFO -   書き換えクエリ: What type of dough is used to wrap Pierogi's ?
2025-07-20 22:43:28 - DataPreprocessorMain - INFO - 🔄 ターン 2 を処理中...
2025-07-20 22:43:28 - DataPreprocessorMain - INFO -   元のクエリ: What holidays include pierogis in the feast?
2025-07-20 22:43:28 - DataPreprocessorMain - INFO -   書き換えクエリ: What holidays include pierogis in the feast ?
2025-07-20 22:43:28 - DataPreprocessorMain - INFO - 🔄 ターン 3 を処理中...
2025-07-20 22:43:28 - DataPreprocessorMain - INFO -   元のクエリ: Are Pierogi's considered a snack in Poland?
2025-07-20 22:43:28 - DataPreprocessorMain - INFO -   書き換えクエリ: Are Pierogi's considered a snack in Poland ?
2025-07-20 22:43:28 - DataPreprocessorMain - INFO - 🔄 ターン 4 を処理中...
2025-07-20 22:43:29 - DataPreprocessorMain - INFO -   元のクエリ: Are Pierogi's commonly consumed outside of Europe?
2025-07-20 22:43:29 - DataPreprocessorMain - INFO -   書き換えクエリ: Are Pierogi's commonly consumed outside of Europe ?
2025-07-20 22:43:29 - DataPreprocessorMain - INFO - 🔄 ターン 5 を処理中...
2025-07-20 22:43:29 - DataPreprocessorMain - INFO -   元のクエリ: Can you tell me more about how Pierogi's originated in China?
2025-07-20 22:43:29 - DataPreprocessorMain - INFO -   書き換えクエリ: Can you tell me more about how Pierogi's originated in China ?
2025-07-20 22:43:29 - DataPreprocessorMain - INFO - 🔄 ターン 6 を処理中...
2025-07-20 22:43:30 - DataPreprocessorMain - INFO -   元のクエリ: Who is this Marco Polo guy that is associated with bringing Pierogi's from China to Europe?
2025-07-20 22:43:30 - DataPreprocessorMain - INFO -   書き換えクエリ: Who is Marco Polo that is associated with bringing Pierogi's from China to Europe ?
2025-07-20 22:43:30 - DataPreprocessorMain - INFO - 🔄 ターン 7 を処理中...
2025-07-20 22:43:30 - DataPreprocessorMain - INFO -   元のクエリ: Tell me about his Genoese captivity and later life!
2025-07-20 22:43:30 - DataPreprocessorMain - INFO -   書き換えクエリ: Tell me about Marco Polo 's Genoese captivity and later life !
2025-07-20 22:43:30 - DataPreprocessorMain - INFO - ✅ ダイアログ 85 の処理が完了しました
2025-07-20 22:43:30 - DataPreprocessorMain - INFO - 
------------------------------
2025-07-20 22:43:30 - DataPreprocessorMain - INFO - 📌 ダイアログ 86/250 を処理中
2025-07-20 22:43:30 - DataPreprocessorMain - INFO - ------------------------------
2025-07-20 22:43:30 - DataPreprocessorMain - INFO - ダイアログキー: food_level2_dial19
2025-07-20 22:43:30 - DataPreprocessorMain - INFO - ターン数: 6
2025-07-20 22:43:30 - DataPreprocessorMain - INFO - 🔄 ターン 1 を処理中...
2025-07-20 22:43:31 - DataPreprocessorMain - INFO -   元のクエリ: What is the last name of main character of the book "Charlie and the Chocolate Factory"?
2025-07-20 22:43:31 - DataPreprocessorMain - INFO -   書き換えクエリ: What is the last name of main character of the book "Charlie and the Chocolate Factory " ?
2025-07-20 22:43:31 - DataPreprocessorMain - INFO - 🔄 ターン 2 を処理中...
2025-07-20 22:43:31 - DataPreprocessorMain - INFO -   元のクエリ: Which actor played the lead role in the "Charlie and the Chocolate Factory" film?
2025-07-20 22:43:31 - DataPreprocessorMain - INFO -   書き換えクエリ: Which actor played the lead role in the "Charlie and the Chocolate Factory" film ?
2025-07-20 22:43:31 - DataPreprocessorMain - INFO - 🔄 ターン 3 を処理中...
2025-07-20 22:43:32 - DataPreprocessorMain - INFO -   元のクエリ: What was the plot of Charlie and the Chocolate factory?
2025-07-20 22:43:32 - DataPreprocessorMain - INFO -   書き換えクエリ: What was the plot of Charlie and the Chocolate Factory ?
2025-07-20 22:43:32 - DataPreprocessorMain - INFO - 🔄 ターン 4 を処理中...
2025-07-20 22:43:32 - DataPreprocessorMain - INFO -   元のクエリ: What was the controversy surrounding the 50th anniversary Charlie and the Chocolate Factory cover?
2025-07-20 22:43:32 - DataPreprocessorMain - INFO -   書き換えクエリ: What was the controversy surrounding the 50th anniversary Charlie and the Chocolate Factory cover ?
2025-07-20 22:43:32 - DataPreprocessorMain - INFO - 🔄 ターン 5 を処理中...
2025-07-20 22:43:32 - DataPreprocessorMain - INFO -   元のクエリ: How was Charlie and the Chocolate Factory critically received?
2025-07-20 22:43:32 - DataPreprocessorMain - INFO -   書き換えクエリ: How was Charlie and the Chocolate Factory critically received ?
2025-07-20 22:43:32 - DataPreprocessorMain - INFO - 🔄 ターン 6 を処理中...
2025-07-20 22:43:33 - DataPreprocessorMain - INFO -   元のクエリ: I would like to know the critical reception of the film.
2025-07-20 22:43:33 - DataPreprocessorMain - INFO -   書き換えクエリ: I would like to know the critical reception of the film Charlie and the Chocolate Factory .
2025-07-20 22:43:33 - DataPreprocessorMain - INFO - ✅ ダイアログ 86 の処理が完了しました
2025-07-20 22:43:33 - DataPreprocessorMain - INFO - 
------------------------------
2025-07-20 22:43:33 - DataPreprocessorMain - INFO - 📌 ダイアログ 87/250 を処理中
2025-07-20 22:43:33 - DataPreprocessorMain - INFO - ------------------------------
2025-07-20 22:43:33 - DataPreprocessorMain - INFO - ダイアログキー: hobby_level2_dial25
2025-07-20 22:43:33 - DataPreprocessorMain - INFO - ターン数: 6
2025-07-20 22:43:33 - DataPreprocessorMain - INFO - 🔄 ターン 1 を処理中...
2025-07-20 22:43:33 - DataPreprocessorMain - INFO -   元のクエリ: What was the first instance of collage art being used?
2025-07-20 22:43:33 - DataPreprocessorMain - INFO -   書き換えクエリ: What was the first instance of collage art being used ?
2025-07-20 22:43:33 - DataPreprocessorMain - INFO - 🔄 ターン 2 を処理中...
2025-07-20 22:43:34 - DataPreprocessorMain - INFO -   元のクエリ: What makes collage art different from other art?
2025-07-20 22:43:34 - DataPreprocessorMain - INFO -   書き換えクエリ: What makes collage art different from other art ?
2025-07-20 22:43:34 - DataPreprocessorMain - INFO - 🔄 ターン 3 を処理中...
2025-07-20 22:43:34 - DataPreprocessorMain - INFO -   元のクエリ: I would like to know about collages in visual arts.
2025-07-20 22:43:34 - DataPreprocessorMain - INFO -   書き換えクエリ: I would like to know about collages in visual arts.
2025-07-20 22:43:34 - DataPreprocessorMain - INFO - 🔄 ターン 4 を処理中...
2025-07-20 22:43:34 - DataPreprocessorMain - INFO -   元のクエリ: Is "Our Nixon" show the former president in a favorable light?
2025-07-20 22:43:34 - DataPreprocessorMain - INFO -   書き換えクエリ: Is " Our Nixon " show the former president in a favorable light ?
2025-07-20 22:43:34 - DataPreprocessorMain - INFO - 🔄 ターン 5 を処理中...
2025-07-20 22:43:35 - DataPreprocessorMain - INFO -   元のクエリ: Can you tell me what a 3D collage is?
2025-07-20 22:43:35 - DataPreprocessorMain - INFO -   書き換えクエリ: Can you tell me what a 3D collage is ?
2025-07-20 22:43:35 - DataPreprocessorMain - INFO - 🔄 ターン 6 を処理中...
2025-07-20 22:43:35 - DataPreprocessorMain - INFO -   元のクエリ: Are they any famous art work that is a 3D collage?
2025-07-20 22:43:35 - DataPreprocessorMain - INFO -   書き換えクエリ: Are there any famous art work that is a 3D collage ?
2025-07-20 22:43:35 - DataPreprocessorMain - INFO - ✅ ダイアログ 87 の処理が完了しました
2025-07-20 22:43:35 - DataPreprocessorMain - INFO - 
------------------------------
2025-07-20 22:43:35 - DataPreprocessorMain - INFO - 📌 ダイアログ 88/250 を処理中
2025-07-20 22:43:35 - DataPreprocessorMain - INFO - ------------------------------
2025-07-20 22:43:35 - DataPreprocessorMain - INFO - ダイアログキー: hobby_level3_dial18
2025-07-20 22:43:35 - DataPreprocessorMain - INFO - ターン数: 6
2025-07-20 22:43:35 - DataPreprocessorMain - INFO - 🔄 ターン 1 を処理中...
2025-07-20 22:43:36 - DataPreprocessorMain - INFO -   元のクエリ: When was Ferdinand Marcos voted in as President of the Philippines?
2025-07-20 22:43:36 - DataPreprocessorMain - INFO -   書き換えクエリ: When was Ferdinand Marcos voted in as President of the Philippines ?
2025-07-20 22:43:36 - DataPreprocessorMain - INFO - 🔄 ターン 2 を処理中...
2025-07-20 22:43:36 - DataPreprocessorMain - INFO -   元のクエリ: Why was Ferdinand Marcos' wife Imelda controversial?
2025-07-20 22:43:36 - DataPreprocessorMain - INFO -   書き換えクエリ: Why was Ferdinand Marcos ' wife Imelda controversial ?
2025-07-20 22:43:36 - DataPreprocessorMain - INFO - 🔄 ターン 3 を処理中...
2025-07-20 22:43:36 - DataPreprocessorMain - INFO -   元のクエリ: I'm interested in the Miss Manila Beauty Pageant controversy.
2025-07-20 22:43:36 - DataPreprocessorMain - INFO -   書き換えクエリ: I'm interested in the Miss Manila Beauty Pageant controversy.
2025-07-20 22:43:36 - DataPreprocessorMain - INFO - 🔄 ターン 4 を処理中...
2025-07-20 22:43:37 - DataPreprocessorMain - INFO -   元のクエリ: Who was the other contestant who also moved onto the pageant?
2025-07-20 22:43:37 - DataPreprocessorMain - INFO -   書き換えクエリ: Besides Imelda and another contestant who also moved onto the Miss Philippines pageant ?
2025-07-20 22:43:37 - DataPreprocessorMain - INFO - 🔄 ターン 5 を処理中...
2025-07-20 22:43:38 - DataPreprocessorMain - INFO -   元のクエリ: So, what was the controversy surrounding her arrival at Hawaii, then?
2025-07-20 22:43:38 - DataPreprocessorMain - INFO -   書き換えクエリ: So what was the controversy surrounding Imelda Marcos arrival at Hawaii ?
2025-07-20 22:43:38 - DataPreprocessorMain - INFO - 🔄 ターン 6 を処理中...
2025-07-20 22:43:38 - DataPreprocessorMain - INFO -   元のクエリ: What happened to the family when they arrived in Hawaii?
2025-07-20 22:43:38 - DataPreprocessorMain - INFO -   書き換えクエリ: What happened to the Marcos family when they arrived in Hawaii ?
2025-07-20 22:43:38 - DataPreprocessorMain - INFO - ✅ ダイアログ 88 の処理が完了しました
2025-07-20 22:43:38 - DataPreprocessorMain - INFO - 
------------------------------
2025-07-20 22:43:38 - DataPreprocessorMain - INFO - 📌 ダイアログ 89/250 を処理中
2025-07-20 22:43:38 - DataPreprocessorMain - INFO - ------------------------------
2025-07-20 22:43:38 - DataPreprocessorMain - INFO - ダイアログキー: food_level3_dial37
2025-07-20 22:43:38 - DataPreprocessorMain - INFO - ターン数: 6
2025-07-20 22:43:38 - DataPreprocessorMain - INFO - 🔄 ターン 1 を処理中...
2025-07-20 22:43:38 - DataPreprocessorMain - INFO -   元のクエリ: The PWD was tasked in developing what type of product as a weapon of war?
2025-07-20 22:43:38 - DataPreprocessorMain - INFO -   書き換えクエリ: PWD was tasked in developing what type of product as a weapon of war ?
2025-07-20 22:43:38 - DataPreprocessorMain - INFO - 🔄 ターン 2 を処理中...
2025-07-20 22:43:39 - DataPreprocessorMain - INFO -   元のクエリ: Petroleum Warfare Department is developing what type of product as a weapon of war?
2025-07-20 22:43:39 - DataPreprocessorMain - INFO -   書き換えクエリ: Petroleum Warfare Department is developing what type of product as a weapon of war ?
2025-07-20 22:43:39 - DataPreprocessorMain - INFO - 🔄 ターン 3 を処理中...
2025-07-20 22:43:39 - DataPreprocessorMain - INFO -   元のクエリ: What kind of legacy has the Petroleum Warfare Department left behind?
2025-07-20 22:43:39 - DataPreprocessorMain - INFO -   書き換えクエリ: What kind of legacy has the Petroleum Warfare Department left behind ?
2025-07-20 22:43:39 - DataPreprocessorMain - INFO - 🔄 ターン 4 を処理中...
2025-07-20 22:43:40 - DataPreprocessorMain - INFO -   元のクエリ: Why was the petroleum Warfare Department closed?
2025-07-20 22:43:40 - DataPreprocessorMain - INFO -   書き換えクエリ: Why was the petroleum Warfare Department closed ?
2025-07-20 22:43:40 - DataPreprocessorMain - INFO - 🔄 ターン 5 を処理中...
2025-07-20 22:43:40 - DataPreprocessorMain - INFO -   元のクエリ: Okay, then when was the petroleum Warfare Department closed?
2025-07-20 22:43:40 - DataPreprocessorMain - INFO -   書き換えクエリ: When was the petroleum Warfare Department closed ?
2025-07-20 22:43:40 - DataPreprocessorMain - INFO - 🔄 ターン 6 を処理中...
2025-07-20 22:43:40 - DataPreprocessorMain - INFO -   元のクエリ: I see. Could you tell me when it was established then?
2025-07-20 22:43:40 - DataPreprocessorMain - INFO -   書き換えクエリ: Could you tell me when the petroleum warfare department was established ?
2025-07-20 22:43:40 - DataPreprocessorMain - INFO - ✅ ダイアログ 89 の処理が完了しました
2025-07-20 22:43:40 - DataPreprocessorMain - INFO - 
------------------------------
2025-07-20 22:43:40 - DataPreprocessorMain - INFO - 📌 ダイアログ 90/250 を処理中
2025-07-20 22:43:40 - DataPreprocessorMain - INFO - ------------------------------
2025-07-20 22:43:40 - DataPreprocessorMain - INFO - ダイアログキー: hobby_level3_dial8
2025-07-20 22:43:40 - DataPreprocessorMain - INFO - ターン数: 6
2025-07-20 22:43:40 - DataPreprocessorMain - INFO - 🔄 ターン 1 を処理中...
2025-07-20 22:43:41 - DataPreprocessorMain - INFO -   元のクエリ: How is Buddhism practiced in the western world?
2025-07-20 22:43:41 - DataPreprocessorMain - INFO -   書き換えクエリ: How is Buddhism practiced in the western world ?
2025-07-20 22:43:41 - DataPreprocessorMain - INFO - 🔄 ターン 2 を処理中...
2025-07-20 22:43:41 - DataPreprocessorMain - INFO -   元のクエリ: How is Buddhism practiced in the west during the early 2000's?
2025-07-20 22:43:41 - DataPreprocessorMain - INFO -   書き換えクエリ: How is Buddhism practiced in the west during the early 2000's ?
2025-07-20 22:43:41 - DataPreprocessorMain - INFO - 🔄 ターン 3 を処理中...
2025-07-20 22:43:42 - DataPreprocessorMain - INFO -   元のクエリ: I would like to know the main ways the United States practice Buddhism.
2025-07-20 22:43:42 - DataPreprocessorMain - INFO -   書き換えクエリ: I would like to know the main ways the United States practice Buddhism .
2025-07-20 22:43:42 - DataPreprocessorMain - INFO - 🔄 ターン 4 を処理中...
2025-07-20 22:43:42 - DataPreprocessorMain - INFO -   元のクエリ: What is the dharma practice?
2025-07-20 22:43:42 - DataPreprocessorMain - INFO -   書き換えクエリ: What is the dharma practice in the United States ?
2025-07-20 22:43:42 - DataPreprocessorMain - INFO - 🔄 ターン 5 を処理中...
2025-07-20 22:43:42 - DataPreprocessorMain - INFO -   元のクエリ: How many Americans practice Buddhism?
2025-07-20 22:43:42 - DataPreprocessorMain - INFO -   書き換えクエリ: How many Americans practice Buddhism ?
2025-07-20 22:43:42 - DataPreprocessorMain - INFO - 🔄 ターン 6 を処理中...
2025-07-20 22:43:43 - DataPreprocessorMain - INFO -   元のクエリ: Are there different types of Buddhism practice in the United States?
2025-07-20 22:43:43 - DataPreprocessorMain - INFO -   書き換えクエリ: Are there different types of Buddhism practice in the United States ?
2025-07-20 22:43:43 - DataPreprocessorMain - INFO - ✅ ダイアログ 90 の処理が完了しました
2025-07-20 22:43:43 - DataPreprocessorMain - INFO - 
------------------------------
2025-07-20 22:43:43 - DataPreprocessorMain - INFO - 📌 ダイアログ 91/250 を処理中
2025-07-20 22:43:43 - DataPreprocessorMain - INFO - ------------------------------
2025-07-20 22:43:43 - DataPreprocessorMain - INFO - ダイアログキー: food_level3_dial38
2025-07-20 22:43:43 - DataPreprocessorMain - INFO - ターン数: 6
2025-07-20 22:43:43 - DataPreprocessorMain - INFO - 🔄 ターン 1 を処理中...
2025-07-20 22:43:43 - DataPreprocessorMain - INFO -   元のクエリ: What kinds of medicines are made from papaver somniferum?
2025-07-20 22:43:43 - DataPreprocessorMain - INFO -   書き換えクエリ: What kinds of medicines are made from papaver somniferum ?
2025-07-20 22:43:43 - DataPreprocessorMain - INFO - 🔄 ターン 2 を処理中...
2025-07-20 22:43:43 - DataPreprocessorMain - INFO -   元のクエリ: How is papaver somniferum used in food?
2025-07-20 22:43:43 - DataPreprocessorMain - INFO -   書き換えクエリ: How is papaver somniferum used in food ?
2025-07-20 22:43:43 - DataPreprocessorMain - INFO - 🔄 ターン 3 を処理中...
2025-07-20 22:43:44 - DataPreprocessorMain - INFO -   元のクエリ: Can you tell more about poppy sees in food?
2025-07-20 22:43:44 - DataPreprocessorMain - INFO -   書き換えクエリ: Can you tell more about poppy sees in food from papaver somniferum ?
2025-07-20 22:43:44 - DataPreprocessorMain - INFO - 🔄 ターン 4 を処理中...
2025-07-20 22:43:44 - DataPreprocessorMain - INFO -   元のクエリ: What pests are papaver somniferum prone to?
2025-07-20 22:43:44 - DataPreprocessorMain - INFO -   書き換えクエリ: What pests are papaver somniferum prone to ?
2025-07-20 22:43:44 - DataPreprocessorMain - INFO - 🔄 ターン 5 を処理中...
2025-07-20 22:43:45 - DataPreprocessorMain - INFO -   元のクエリ: What exactly is a weevil?
2025-07-20 22:43:45 - DataPreprocessorMain - INFO -   書き換えクエリ: What exactly is a weevil that papaver somniferum is prone to ?
2025-07-20 22:43:45 - DataPreprocessorMain - INFO - 🔄 ターン 6 を処理中...
2025-07-20 22:43:45 - DataPreprocessorMain - INFO -   元のクエリ: What are some things that weevils are known to eat?
2025-07-20 22:43:45 - DataPreprocessorMain - INFO -   書き換えクエリ: What are some things that weevils are known to eat ?
2025-07-20 22:43:45 - DataPreprocessorMain - INFO - ✅ ダイアログ 91 の処理が完了しました
2025-07-20 22:43:45 - DataPreprocessorMain - INFO - 
------------------------------
2025-07-20 22:43:45 - DataPreprocessorMain - INFO - 📌 ダイアログ 92/250 を処理中
2025-07-20 22:43:45 - DataPreprocessorMain - INFO - ------------------------------
2025-07-20 22:43:45 - DataPreprocessorMain - INFO - ダイアログキー: top25_dial56
2025-07-20 22:43:45 - DataPreprocessorMain - INFO - ターン数: 6
2025-07-20 22:43:45 - DataPreprocessorMain - INFO - 🔄 ターン 1 を処理中...
2025-07-20 22:43:46 - DataPreprocessorMain - INFO -   元のクエリ: At what age did Usain start running ?
2025-07-20 22:43:46 - DataPreprocessorMain - INFO -   書き換えクエリ: At what age did Usain start running ?
2025-07-20 22:43:46 - DataPreprocessorMain - INFO - 🔄 ターン 2 を処理中...
2025-07-20 22:43:46 - DataPreprocessorMain - INFO -   元のクエリ: What school did he run for?
2025-07-20 22:43:46 - DataPreprocessorMain - INFO -   書き換えクエリ: What school did Usain Bolt run for ?
2025-07-20 22:43:46 - DataPreprocessorMain - INFO - 🔄 ターン 3 を処理中...
2025-07-20 22:43:46 - DataPreprocessorMain - INFO -   元のクエリ: Is Usain Bolt still an active competitor as of 2022?
2025-07-20 22:43:46 - DataPreprocessorMain - INFO -   書き換えクエリ: Is Usain Bolt still an active competitor as of 2022 ?
2025-07-20 22:43:46 - DataPreprocessorMain - INFO - 🔄 ターン 4 を処理中...
2025-07-20 22:43:47 - DataPreprocessorMain - INFO -   元のクエリ: What world records does Bolt hold?
2025-07-20 22:43:47 - DataPreprocessorMain - INFO -   書き換えクエリ: What world records does Usain Bolt hold ?
2025-07-20 22:43:47 - DataPreprocessorMain - INFO - 🔄 ターン 5 を処理中...
2025-07-20 22:43:47 - DataPreprocessorMain - INFO -   元のクエリ: Is anyone else in Usain Bolt's family an athlete?
2025-07-20 22:43:47 - DataPreprocessorMain - INFO -   書き換えクエリ: Other than Usain Bolt , is anyone else in Usain Bolt 's family an athlete ?
2025-07-20 22:43:47 - DataPreprocessorMain - INFO - 🔄 ターン 6 を処理中...
2025-07-20 22:43:48 - DataPreprocessorMain - INFO -   元のクエリ: Do you know the names of Bolt's sister and brother?
2025-07-20 22:43:48 - DataPreprocessorMain - INFO -   書き換えクエリ: Do you know the names of Usain Bolt 's sister and brother ?
2025-07-20 22:43:48 - DataPreprocessorMain - INFO - ✅ ダイアログ 92 の処理が完了しました
2025-07-20 22:43:48 - DataPreprocessorMain - INFO - 
------------------------------
2025-07-20 22:43:48 - DataPreprocessorMain - INFO - 📌 ダイアログ 93/250 を処理中
2025-07-20 22:43:48 - DataPreprocessorMain - INFO - ------------------------------
2025-07-20 22:43:48 - DataPreprocessorMain - INFO - ダイアログキー: top25_dial28
2025-07-20 22:43:48 - DataPreprocessorMain - INFO - ターン数: 7
2025-07-20 22:43:48 - DataPreprocessorMain - INFO - 🔄 ターン 1 を処理中...
2025-07-20 22:43:48 - DataPreprocessorMain - INFO -   元のクエリ: Who is Elaine Lan Chao married to?
2025-07-20 22:43:48 - DataPreprocessorMain - INFO -   書き換えクエリ: Who is Elaine Lan Chao married to ?
2025-07-20 22:43:48 - DataPreprocessorMain - INFO - 🔄 ターン 2 を処理中...
2025-07-20 22:43:48 - DataPreprocessorMain - INFO -   元のクエリ: How did Elaine Chao get her start in politics?
2025-07-20 22:43:48 - DataPreprocessorMain - INFO -   書き換えクエリ: How did Elaine Chao get her start in politics ?
2025-07-20 22:43:48 - DataPreprocessorMain - INFO - 🔄 ターン 3 を処理中...
2025-07-20 22:43:49 - DataPreprocessorMain - INFO -   元のクエリ: What has Elaine Chao been up to after the Trump administration?
2025-07-20 22:43:49 - DataPreprocessorMain - INFO -   書き換えクエリ: What has Elaine Chao been up to after the Trump administration ?
2025-07-20 22:43:49 - DataPreprocessorMain - INFO - 🔄 ターン 4 を処理中...
2025-07-20 22:43:49 - DataPreprocessorMain - INFO -   元のクエリ: How many children does Chao have?
2025-07-20 22:43:49 - DataPreprocessorMain - INFO -   書き換えクエリ: How many children does Elaine Lan Chao have ?
2025-07-20 22:43:49 - DataPreprocessorMain - INFO - 🔄 ターン 5 を処理中...
2025-07-20 22:43:50 - DataPreprocessorMain - INFO -   元のクエリ: Can you tell me about Elaine Chao's husband's run with politics?
2025-07-20 22:43:50 - DataPreprocessorMain - INFO -   書き換えクエリ: Can you tell me about Elaine Chao's husband Mitch McConnell 's run with politics ?
2025-07-20 22:43:50 - DataPreprocessorMain - INFO - 🔄 ターン 6 を処理中...
2025-07-20 22:43:50 - DataPreprocessorMain - INFO -   元のクエリ: I am interested about his time in the Senate.
2025-07-20 22:43:50 - DataPreprocessorMain - INFO -   書き換えクエリ: I am interested about Mitch McConnell 's time in the Senate.
2025-07-20 22:43:50 - DataPreprocessorMain - INFO - 🔄 ターン 7 を処理中...
2025-07-20 22:43:51 - DataPreprocessorMain - INFO -   元のクエリ: I would like to know more about his handling of judicial nominees.
2025-07-20 22:43:51 - DataPreprocessorMain - INFO -   書き換えクエリ: I would like to know more about Mitch McConnell 's handling of judicial nominees.
2025-07-20 22:43:51 - DataPreprocessorMain - INFO - ✅ ダイアログ 93 の処理が完了しました
2025-07-20 22:43:51 - DataPreprocessorMain - INFO - 
------------------------------
2025-07-20 22:43:51 - DataPreprocessorMain - INFO - 📌 ダイアログ 94/250 を処理中
2025-07-20 22:43:51 - DataPreprocessorMain - INFO - ------------------------------
2025-07-20 22:43:51 - DataPreprocessorMain - INFO - ダイアログキー: hobby_level1_dial4
2025-07-20 22:43:51 - DataPreprocessorMain - INFO - ターン数: 7
2025-07-20 22:43:51 - DataPreprocessorMain - INFO - 🔄 ターン 1 を処理中...
2025-07-20 22:43:51 - DataPreprocessorMain - INFO -   元のクエリ: What do fish use their fins for?
2025-07-20 22:43:51 - DataPreprocessorMain - INFO -   書き換えクエリ: What do fish use their fins for ?
2025-07-20 22:43:51 - DataPreprocessorMain - INFO - 🔄 ターン 2 を処理中...
2025-07-20 22:43:51 - DataPreprocessorMain - INFO -   元のクエリ: How do fish use their Pectoral fins?
2025-07-20 22:43:51 - DataPreprocessorMain - INFO -   書き換えクエリ: How do fish use their Pectoral fins ?
2025-07-20 22:43:51 - DataPreprocessorMain - INFO - 🔄 ターン 3 を処理中...
2025-07-20 22:43:52 - DataPreprocessorMain - INFO -   元のクエリ: Are pectoral fins used as a weapon by any fish?
2025-07-20 22:43:52 - DataPreprocessorMain - INFO -   書き換えクエリ: Are pectoral fins used as a weapon by any fish ?
2025-07-20 22:43:52 - DataPreprocessorMain - INFO - 🔄 ターン 4 を処理中...
2025-07-20 22:43:52 - DataPreprocessorMain - INFO -   元のクエリ: How does the fish use their swim bladder?
2025-07-20 22:43:52 - DataPreprocessorMain - INFO -   書き換えクエリ: How does the fish use their swim bladder ?
2025-07-20 22:43:52 - DataPreprocessorMain - INFO - 🔄 ターン 5 を処理中...
2025-07-20 22:43:53 - DataPreprocessorMain - INFO -   元のクエリ: What is the purpose of scales on a fish?
2025-07-20 22:43:53 - DataPreprocessorMain - INFO -   書き換えクエリ: What is the purpose of scales on a fish ?
2025-07-20 22:43:53 - DataPreprocessorMain - INFO - 🔄 ターン 6 を処理中...
2025-07-20 22:43:53 - DataPreprocessorMain - INFO -   元のクエリ: What makes the fish scales camouflage?
2025-07-20 22:43:53 - DataPreprocessorMain - INFO -   書き換えクエリ: What makes the fish scales camouflage ?
2025-07-20 22:43:53 - DataPreprocessorMain - INFO - 🔄 ターン 7 を処理中...
2025-07-20 22:43:53 - DataPreprocessorMain - INFO -   元のクエリ: Tell me more about counterillumination!
2025-07-20 22:43:53 - DataPreprocessorMain - INFO -   書き換えクエリ: Tell me more about counterillumination !
2025-07-20 22:43:53 - DataPreprocessorMain - INFO - ✅ ダイアログ 94 の処理が完了しました
2025-07-20 22:43:53 - DataPreprocessorMain - INFO - 
------------------------------
2025-07-20 22:43:53 - DataPreprocessorMain - INFO - 📌 ダイアログ 95/250 を処理中
2025-07-20 22:43:53 - DataPreprocessorMain - INFO - ------------------------------
2025-07-20 22:43:53 - DataPreprocessorMain - INFO - ダイアログキー: hobby_level3_dial9
2025-07-20 22:43:53 - DataPreprocessorMain - INFO - ターン数: 3
2025-07-20 22:43:53 - DataPreprocessorMain - INFO - 🔄 ターン 1 を処理中...
2025-07-20 22:43:54 - DataPreprocessorMain - INFO -   元のクエリ: What were the names of the 3D comics that Blackthorne Publishing released for Star Wars?
2025-07-20 22:43:54 - DataPreprocessorMain - INFO -   書き換えクエリ: What were the names of the 3D comics that Blackthorne Publishing released for Star Wars ?
2025-07-20 22:43:54 - DataPreprocessorMain - INFO - 🔄 ターン 2 を処理中...
2025-07-20 22:43:54 - DataPreprocessorMain - INFO -   元のクエリ: Which American newspapers ran the Star Wars self-titled comic strip?
2025-07-20 22:43:54 - DataPreprocessorMain - INFO -   書き換えクエリ: Which American newspapers ran the Star Wars self-titled comic strip ?
2025-07-20 22:43:54 - DataPreprocessorMain - INFO - 🔄 ターン 3 を処理中...
2025-07-20 22:43:55 - DataPreprocessorMain - INFO -   元のクエリ: What's the latest Star Wars comics Dark Horse created?
2025-07-20 22:43:55 - DataPreprocessorMain - INFO -   書き換えクエリ: What is the latest Star Wars comics Dark Horse created ?
2025-07-20 22:43:55 - DataPreprocessorMain - INFO - ✅ ダイアログ 95 の処理が完了しました
2025-07-20 22:43:55 - DataPreprocessorMain - INFO - 
------------------------------
2025-07-20 22:43:55 - DataPreprocessorMain - INFO - 📌 ダイアログ 96/250 を処理中
2025-07-20 22:43:55 - DataPreprocessorMain - INFO - ------------------------------
2025-07-20 22:43:55 - DataPreprocessorMain - INFO - ダイアログキー: hobby_level3_dial19
2025-07-20 22:43:55 - DataPreprocessorMain - INFO - ターン数: 7
2025-07-20 22:43:55 - DataPreprocessorMain - INFO - 🔄 ターン 1 を処理中...
2025-07-20 22:43:55 - DataPreprocessorMain - INFO -   元のクエリ: Are polyesters biodegradable?
2025-07-20 22:43:55 - DataPreprocessorMain - INFO -   書き換えクエリ: Are polyesters biodegradable ?
2025-07-20 22:43:55 - DataPreprocessorMain - INFO - 🔄 ターン 2 を処理中...
2025-07-20 22:43:55 - DataPreprocessorMain - INFO -   元のクエリ: What are the environmental ramifications of synthetic polyester production?
2025-07-20 22:43:55 - DataPreprocessorMain - INFO -   書き換えクエリ: What are the environmental ramifications of synthetic polyester production ?
2025-07-20 22:43:55 - DataPreprocessorMain - INFO - 🔄 ターン 3 を処理中...
2025-07-20 22:43:55 - DataPreprocessorMain - INFO -   元のクエリ: How is polyester manufactured?
2025-07-20 22:43:55 - DataPreprocessorMain - INFO -   書き換えクエリ: How is polyester manufactured ?
2025-07-20 22:43:55 - DataPreprocessorMain - INFO - 🔄 ターン 4 を処理中...
2025-07-20 22:43:56 - DataPreprocessorMain - INFO -   元のクエリ: Please tell me about Melt esterification synthesis.
2025-07-20 22:43:56 - DataPreprocessorMain - INFO -   書き換えクエリ: Please tell me about Melt esterification synthesis of polyester.
2025-07-20 22:43:56 - DataPreprocessorMain - INFO - 🔄 ターン 5 を処理中...
2025-07-20 22:43:56 - DataPreprocessorMain - INFO -   元のクエリ: How is polyester recycled?
2025-07-20 22:43:56 - DataPreprocessorMain - INFO -   書き換えクエリ: How is polyester recycled ?
2025-07-20 22:43:56 - DataPreprocessorMain - INFO - 🔄 ターン 6 を処理中...
2025-07-20 22:43:56 - DataPreprocessorMain - INFO -   元のクエリ: What temperature do they use to make sure all plastics melt?
2025-07-20 22:43:56 - DataPreprocessorMain - INFO -   書き換えクエリ: What temperature do the recyclers use to make sure all plastics melt ?
2025-07-20 22:43:56 - DataPreprocessorMain - INFO - 🔄 ターン 7 を処理中...
2025-07-20 22:43:57 - DataPreprocessorMain - INFO -   元のクエリ: No, but I want to know more about polyester processing.
2025-07-20 22:43:57 - DataPreprocessorMain - INFO -   書き換えクエリ: I want to know more about polyester processing .
2025-07-20 22:43:57 - DataPreprocessorMain - INFO - ✅ ダイアログ 96 の処理が完了しました
2025-07-20 22:43:57 - DataPreprocessorMain - INFO - 
------------------------------
2025-07-20 22:43:57 - DataPreprocessorMain - INFO - 📌 ダイアログ 97/250 を処理中
2025-07-20 22:43:57 - DataPreprocessorMain - INFO - ------------------------------
2025-07-20 22:43:57 - DataPreprocessorMain - INFO - ダイアログキー: hobby_level2_dial26
2025-07-20 22:43:57 - DataPreprocessorMain - INFO - ターン数: 6
2025-07-20 22:43:57 - DataPreprocessorMain - INFO - 🔄 ターン 1 を処理中...
2025-07-20 22:43:57 - DataPreprocessorMain - INFO -   元のクエリ: What was General Gregor MacGregor's childhood like?
2025-07-20 22:43:57 - DataPreprocessorMain - INFO -   書き換えクエリ: What was General Gregor MacGregor's childhood like ?
2025-07-20 22:43:57 - DataPreprocessorMain - INFO - 🔄 ターン 2 を処理中...
2025-07-20 22:43:58 - DataPreprocessorMain - INFO -   元のクエリ: Where did General Gregor MacGregor grow up?
2025-07-20 22:43:58 - DataPreprocessorMain - INFO -   書き換えクエリ: Where did General Gregor MacGregor grow up ?
2025-07-20 22:43:58 - DataPreprocessorMain - INFO - 🔄 ターン 3 を処理中...
2025-07-20 22:43:58 - DataPreprocessorMain - INFO -   元のクエリ: What age did Glengyle leave his ancestral home?
2025-07-20 22:43:58 - DataPreprocessorMain - INFO -   書き換えクエリ: At what age did Glengyle leave General Gregor MacGregor's ancestral home ?
2025-07-20 22:43:58 - DataPreprocessorMain - INFO - 🔄 ターン 4 を処理中...
2025-07-20 22:43:58 - DataPreprocessorMain - INFO -   元のクエリ: What happened to MacGregor when he joined the army?
2025-07-20 22:43:58 - DataPreprocessorMain - INFO -   書き換えクエリ: What happened to General Gregor MacGregor when he joined the army ?
2025-07-20 22:43:58 - DataPreprocessorMain - INFO - 🔄 ターン 5 を処理中...
2025-07-20 22:43:59 - DataPreprocessorMain - INFO -   元のクエリ: What was the cause of death for General Gregor MacGregor?
2025-07-20 22:43:59 - DataPreprocessorMain - INFO -   書き換えクエリ: What was the cause of death for General Gregor MacGregor ?
2025-07-20 22:43:59 - DataPreprocessorMain - INFO - 🔄 ターン 6 を処理中...
2025-07-20 22:43:59 - DataPreprocessorMain - INFO -   元のクエリ: Sounds like an impressive funeral! Has anyone else famous been buried in Caracas Cathedral?
2025-07-20 22:43:59 - DataPreprocessorMain - INFO -   書き換えクエリ: Other than General Gregor MacGregor has anyone else famous been buried in Caracas Cathedral ?
2025-07-20 22:43:59 - DataPreprocessorMain - INFO - ✅ ダイアログ 97 の処理が完了しました
2025-07-20 22:43:59 - DataPreprocessorMain - INFO - 
------------------------------
2025-07-20 22:43:59 - DataPreprocessorMain - INFO - 📌 ダイアログ 98/250 を処理中
2025-07-20 22:43:59 - DataPreprocessorMain - INFO - ------------------------------
2025-07-20 22:43:59 - DataPreprocessorMain - INFO - ダイアログキー: food_level2_dial2
2025-07-20 22:43:59 - DataPreprocessorMain - INFO - ターン数: 6
2025-07-20 22:43:59 - DataPreprocessorMain - INFO - 🔄 ターン 1 を処理中...
2025-07-20 22:44:00 - DataPreprocessorMain - INFO -   元のクエリ: How many basic steps are in the process in coffee making?
2025-07-20 22:44:00 - DataPreprocessorMain - INFO -   書き換えクエリ: How many basic steps are in the process in coffee making ?
2025-07-20 22:44:00 - DataPreprocessorMain - INFO - 🔄 ターン 2 を処理中...
2025-07-20 22:44:00 - DataPreprocessorMain - INFO -   元のクエリ: What is the most expensive coffee in the world?
2025-07-20 22:44:00 - DataPreprocessorMain - INFO -   書き換えクエリ: What is the most expensive coffee in the world ?
2025-07-20 22:44:00 - DataPreprocessorMain - INFO - 🔄 ターン 3 を処理中...
2025-07-20 22:44:00 - DataPreprocessorMain - INFO -   元のクエリ: How is coffee used in cold drinks?
2025-07-20 22:44:00 - DataPreprocessorMain - INFO -   書き換えクエリ: How is coffee used in cold drinks ?
2025-07-20 22:44:00 - DataPreprocessorMain - INFO - 🔄 ターン 4 を処理中...
2025-07-20 22:44:01 - DataPreprocessorMain - INFO -   元のクエリ: How is coffee used as confectionery?
2025-07-20 22:44:01 - DataPreprocessorMain - INFO -   書き換えクエリ: How is coffee used as confectionery ?
2025-07-20 22:44:01 - DataPreprocessorMain - INFO - 🔄 ターン 5 を処理中...
2025-07-20 22:44:01 - DataPreprocessorMain - INFO -   元のクエリ: Is coffee something that is considered healthy?
2025-07-20 22:44:01 - DataPreprocessorMain - INFO -   書き換えクエリ: Is coffee something that is considered healthy ?
2025-07-20 22:44:01 - DataPreprocessorMain - INFO - 🔄 ターン 6 を処理中...
2025-07-20 22:44:01 - DataPreprocessorMain - INFO -   元のクエリ: Yes, tell me about digestion problems associated with drinking coffee.
2025-07-20 22:44:01 - DataPreprocessorMain - INFO -   書き換えクエリ: Tell me about digestion problems associated with drinking coffee .
2025-07-20 22:44:01 - DataPreprocessorMain - INFO - ✅ ダイアログ 98 の処理が完了しました
2025-07-20 22:44:01 - DataPreprocessorMain - INFO - 
------------------------------
2025-07-20 22:44:01 - DataPreprocessorMain - INFO - 📌 ダイアログ 99/250 を処理中
2025-07-20 22:44:01 - DataPreprocessorMain - INFO - ------------------------------
2025-07-20 22:44:01 - DataPreprocessorMain - INFO - ダイアログキー: hobby_level2_dial27
2025-07-20 22:44:01 - DataPreprocessorMain - INFO - ターン数: 6
2025-07-20 22:44:01 - DataPreprocessorMain - INFO - 🔄 ターン 1 を処理中...
2025-07-20 22:44:02 - DataPreprocessorMain - INFO -   元のクエリ: What are the two styles of Mississippian stone statuary artifacts?
2025-07-20 22:44:02 - DataPreprocessorMain - INFO -   書き換えクエリ: What are the two styles of Mississippian stone statuary artifacts ?
2025-07-20 22:44:02 - DataPreprocessorMain - INFO - 🔄 ターン 2 を処理中...
2025-07-20 22:44:02 - DataPreprocessorMain - INFO -   元のクエリ: What stone is used for the polished stone statuary?
2025-07-20 22:44:02 - DataPreprocessorMain - INFO -   書き換えクエリ: What stone is used for the polished Mississippian stone statuary ?
2025-07-20 22:44:02 - DataPreprocessorMain - INFO - 🔄 ターン 3 を処理中...
2025-07-20 22:44:03 - DataPreprocessorMain - INFO -   元のクエリ: When was the first modern discovery of the Mississippian stone statuary?
2025-07-20 22:44:03 - DataPreprocessorMain - INFO -   書き換えクエリ: When was the first modern discovery of the Mississippian stone statuary ?
2025-07-20 22:44:03 - DataPreprocessorMain - INFO - 🔄 ターン 4 を処理中...
2025-07-20 22:44:03 - DataPreprocessorMain - INFO -   元のクエリ: Why was Thomas Jefferson gifted the Mississippian stone statuary artifact?
2025-07-20 22:44:03 - DataPreprocessorMain - INFO -   書き換えクエリ: Why was Thomas Jefferson gifted the Mississippian stone statuary artifact ?
2025-07-20 22:44:03 - DataPreprocessorMain - INFO - 🔄 ターン 5 を処理中...
2025-07-20 22:44:04 - DataPreprocessorMain - INFO -   元のクエリ: What kind of statues were present at the gallery of Cahokian?
2025-07-20 22:44:04 - DataPreprocessorMain - INFO -   書き換えクエリ: What kind of statues were present at the gallery of Cahokian ?
2025-07-20 22:44:04 - DataPreprocessorMain - INFO - 🔄 ターン 6 を処理中...
2025-07-20 22:44:04 - DataPreprocessorMain - INFO -   元のクエリ: What is flint clay?
2025-07-20 22:44:04 - DataPreprocessorMain - INFO -   書き換えクエリ: What is flint clay in relation to statues at the gallery of Cahokian ?
2025-07-20 22:44:04 - DataPreprocessorMain - INFO - ✅ ダイアログ 99 の処理が完了しました
2025-07-20 22:44:04 - DataPreprocessorMain - INFO - 
------------------------------
2025-07-20 22:44:04 - DataPreprocessorMain - INFO - 📌 ダイアログ 100/250 を処理中
2025-07-20 22:44:04 - DataPreprocessorMain - INFO - ------------------------------
2025-07-20 22:44:04 - DataPreprocessorMain - INFO - ダイアログキー: food_level1_dial20
2025-07-20 22:44:04 - DataPreprocessorMain - INFO - ターン数: 6
2025-07-20 22:44:04 - DataPreprocessorMain - INFO - 🔄 ターン 1 を処理中...
2025-07-20 22:44:05 - DataPreprocessorMain - INFO -   元のクエリ: What type of grain does sticky rice have?
2025-07-20 22:44:05 - DataPreprocessorMain - INFO -   書き換えクエリ: What type of grain does sticky rice have ?
2025-07-20 22:44:05 - DataPreprocessorMain - INFO - 🔄 ターン 2 を処理中...
2025-07-20 22:44:05 - DataPreprocessorMain - INFO -   元のクエリ: What are some non-food uses for Glutinous rice?
2025-07-20 22:44:05 - DataPreprocessorMain - INFO -   書き換えクエリ: What are some non-food uses for Glutinous rice ?
2025-07-20 22:44:05 - DataPreprocessorMain - INFO - 🔄 ターン 3 を処理中...
2025-07-20 22:44:05 - DataPreprocessorMain - INFO -   元のクエリ: Who produces the most glutinous rice in the world?
2025-07-20 22:44:05 - DataPreprocessorMain - INFO -   書き換えクエリ: Who produces the most glutinous rice in the world ?
2025-07-20 22:44:05 - DataPreprocessorMain - INFO - 🔄 ターン 4 を処理中...
2025-07-20 22:44:06 - DataPreprocessorMain - INFO -   元のクエリ: What kinds of beverages are made from glutinous rice?
2025-07-20 22:44:06 - DataPreprocessorMain - INFO -   書き換えクエリ: What kinds of beverages are made from glutinous rice ?
2025-07-20 22:44:06 - DataPreprocessorMain - INFO - 🔄 ターン 5 を処理中...
2025-07-20 22:44:06 - DataPreprocessorMain - INFO -   元のクエリ: What occasions are drinks like lemang typically drank on?
2025-07-20 22:44:06 - DataPreprocessorMain - INFO -   書き換えクエリ: What occasions are drinks like lemang typically drank on ?
2025-07-20 22:44:06 - DataPreprocessorMain - INFO - 🔄 ターン 6 を処理中...
2025-07-20 22:44:07 - DataPreprocessorMain - INFO -   元のクエリ: how long does lemang typically last for?
2025-07-20 22:44:07 - DataPreprocessorMain - INFO -   書き換えクエリ: how long does lemang typically last for ?
2025-07-20 22:44:07 - DataPreprocessorMain - INFO - ✅ ダイアログ 100 の処理が完了しました
2025-07-20 22:44:07 - DataPreprocessorMain - INFO - 
------------------------------
2025-07-20 22:44:07 - DataPreprocessorMain - INFO - 📌 ダイアログ 101/250 を処理中
2025-07-20 22:44:07 - DataPreprocessorMain - INFO - ------------------------------
2025-07-20 22:44:07 - DataPreprocessorMain - INFO - ダイアログキー: hobby_level3_dial2
2025-07-20 22:44:07 - DataPreprocessorMain - INFO - ターン数: 6
2025-07-20 22:44:07 - DataPreprocessorMain - INFO - 🔄 ターン 1 を処理中...
2025-07-20 22:44:07 - DataPreprocessorMain - INFO -   元のクエリ: How did FenCon get started?
2025-07-20 22:44:07 - DataPreprocessorMain - INFO -   書き換えクエリ: How did FenCon get started ?
2025-07-20 22:44:07 - DataPreprocessorMain - INFO - 🔄 ターン 2 を処理中...
2025-07-20 22:44:07 - DataPreprocessorMain - INFO -   元のクエリ: When was FenCon first held?
2025-07-20 22:44:07 - DataPreprocessorMain - INFO -   書き換えクエリ: When was FenCon first held ?
2025-07-20 22:44:07 - DataPreprocessorMain - INFO - 🔄 ターン 3 を処理中...
2025-07-20 22:44:08 - DataPreprocessorMain - INFO -   元のクエリ: How many people attended the first Fen Con in 2004?
2025-07-20 22:44:08 - DataPreprocessorMain - INFO -   書き換えクエリ: How many people attended the first Fen Con in 2004 ?
2025-07-20 22:44:08 - DataPreprocessorMain - INFO - 🔄 ターン 4 を処理中...
2025-07-20 22:44:08 - DataPreprocessorMain - INFO -   元のクエリ: No thank you. When is the next convention?
2025-07-20 22:44:08 - DataPreprocessorMain - INFO -   書き換えクエリ: When is the next FenCon convention ?
2025-07-20 22:44:08 - DataPreprocessorMain - INFO - 🔄 ターン 5 を処理中...
2025-07-20 22:44:08 - DataPreprocessorMain - INFO -   元のクエリ: I wonder how much money Fen Con generates for the Dallas Future Society?
2025-07-20 22:44:08 - DataPreprocessorMain - INFO -   書き換えクエリ: I wonder how much money FenCon generates for the Dallas Future Society ?
2025-07-20 22:44:08 - DataPreprocessorMain - INFO - 🔄 ターン 6 を処理中...
2025-07-20 22:44:09 - DataPreprocessorMain - INFO -   元のクエリ: Sure! Tell me more about FenCon IV's $2000 it raised?
2025-07-20 22:44:09 - DataPreprocessorMain - INFO -   書き換えクエリ: Tell me more about FenCon IV's $2000 it raised ?
2025-07-20 22:44:09 - DataPreprocessorMain - INFO - ✅ ダイアログ 101 の処理が完了しました
2025-07-20 22:44:09 - DataPreprocessorMain - INFO - 
------------------------------
2025-07-20 22:44:09 - DataPreprocessorMain - INFO - 📌 ダイアログ 102/250 を処理中
2025-07-20 22:44:09 - DataPreprocessorMain - INFO - ------------------------------
2025-07-20 22:44:09 - DataPreprocessorMain - INFO - ダイアログキー: food_level2_dial20
2025-07-20 22:44:09 - DataPreprocessorMain - INFO - ターン数: 3
2025-07-20 22:44:09 - DataPreprocessorMain - INFO - 🔄 ターン 1 を処理中...
2025-07-20 22:44:09 - DataPreprocessorMain - INFO -   元のクエリ: How were rotary parlors developed for dairy farming?
2025-07-20 22:44:09 - DataPreprocessorMain - INFO -   書き換えクエリ: How were rotary parlors developed for dairy farming ?
2025-07-20 22:44:09 - DataPreprocessorMain - INFO - 🔄 ターン 2 を処理中...
2025-07-20 22:44:10 - DataPreprocessorMain - INFO -   元のクエリ: Which countries pioneered fully automated robotic milking?
2025-07-20 22:44:10 - DataPreprocessorMain - INFO -   書き換えクエリ: Which countries pioneered fully automated robotic milking ?
2025-07-20 22:44:10 - DataPreprocessorMain - INFO - 🔄 ターン 3 を処理中...
2025-07-20 22:44:10 - DataPreprocessorMain - INFO -   元のクエリ: What type of industry uses robotic milkers?
2025-07-20 22:44:10 - DataPreprocessorMain - INFO -   書き換えクエリ: What type of industry uses robotic milkers in dairy farming ?
2025-07-20 22:44:10 - DataPreprocessorMain - INFO - ✅ ダイアログ 102 の処理が完了しました
2025-07-20 22:44:10 - DataPreprocessorMain - INFO - 
------------------------------
2025-07-20 22:44:10 - DataPreprocessorMain - INFO - 📌 ダイアログ 103/250 を処理中
2025-07-20 22:44:10 - DataPreprocessorMain - INFO - ------------------------------
2025-07-20 22:44:10 - DataPreprocessorMain - INFO - ダイアログキー: top25_dial29
2025-07-20 22:44:10 - DataPreprocessorMain - INFO - ターン数: 6
2025-07-20 22:44:10 - DataPreprocessorMain - INFO - 🔄 ターン 1 を処理中...
2025-07-20 22:44:10 - DataPreprocessorMain - INFO -   元のクエリ: What was the first no. 1 song from Let It Be?
2025-07-20 22:44:10 - DataPreprocessorMain - INFO -   書き換えクエリ: What was the first no. 1 song from Let It Be ?
2025-07-20 22:44:10 - DataPreprocessorMain - INFO - 🔄 ターン 2 を処理中...
2025-07-20 22:44:11 - DataPreprocessorMain - INFO -   元のクエリ: When was the album Let It Be released?
2025-07-20 22:44:11 - DataPreprocessorMain - INFO -   書き換えクエリ: When was the album Let It Be released ?
2025-07-20 22:44:11 - DataPreprocessorMain - INFO - 🔄 ターン 3 を処理中...
2025-07-20 22:44:11 - DataPreprocessorMain - INFO -   元のクエリ: What did critics find unfavourable about The Beatles' album Let It Be?
2025-07-20 22:44:11 - DataPreprocessorMain - INFO -   書き換えクエリ: What did critics find unfavourable about The Beatles ' album Let It Be ?
2025-07-20 22:44:11 - DataPreprocessorMain - INFO - 🔄 ターン 4 を処理中...
2025-07-20 22:44:11 - DataPreprocessorMain - INFO -   元のクエリ: What is the Beatles' best selling album?
2025-07-20 22:44:11 - DataPreprocessorMain - INFO -   書き換えクエリ: What is the Beatles' best selling album ?
2025-07-20 22:44:11 - DataPreprocessorMain - INFO - 🔄 ターン 5 を処理中...
2025-07-20 22:44:12 - DataPreprocessorMain - INFO -   元のクエリ: What was the most famous song that came from the album Let It Be?
2025-07-20 22:44:12 - DataPreprocessorMain - INFO -   書き換えクエリ: What was the most famous song that came from the album Let It Be ?
2025-07-20 22:44:12 - DataPreprocessorMain - INFO - 🔄 ターン 6 を処理中...
2025-07-20 22:44:13 - DataPreprocessorMain - INFO -   元のクエリ: Did they have another number one songs in the US besides those two?
2025-07-20 22:44:13 - DataPreprocessorMain - INFO -   書き換えクエリ: Did Beatles have another number one songs in the US besides "Let It Be" single and "The Long and Winding Road" ?
2025-07-20 22:44:13 - DataPreprocessorMain - INFO - ✅ ダイアログ 103 の処理が完了しました
2025-07-20 22:44:13 - DataPreprocessorMain - INFO - 
------------------------------
2025-07-20 22:44:13 - DataPreprocessorMain - INFO - 📌 ダイアログ 104/250 を処理中
2025-07-20 22:44:13 - DataPreprocessorMain - INFO - ------------------------------
2025-07-20 22:44:13 - DataPreprocessorMain - INFO - ダイアログキー: food_level3_dial1
2025-07-20 22:44:13 - DataPreprocessorMain - INFO - ターン数: 6
2025-07-20 22:44:13 - DataPreprocessorMain - INFO - 🔄 ターン 1 を処理中...
2025-07-20 22:44:13 - DataPreprocessorMain - INFO -   元のクエリ: How many different spellings are there for Bereshit?
2025-07-20 22:44:13 - DataPreprocessorMain - INFO -   書き換えクエリ: How many different spellings are there for Bereshit ?
2025-07-20 22:44:13 - DataPreprocessorMain - INFO - 🔄 ターン 2 を処理中...
2025-07-20 22:44:13 - DataPreprocessorMain - INFO -   元のクエリ: Thank you! Do all of these spellings have the same meaning?
2025-07-20 22:44:13 - DataPreprocessorMain - INFO -   書き換えクエリ: Do all of the spellings of Bereshit have the same meaning ?
2025-07-20 22:44:13 - DataPreprocessorMain - INFO - 🔄 ターン 3 を処理中...
2025-07-20 22:44:14 - DataPreprocessorMain - INFO -   元のクエリ: Is the term Bereshit used outside of religious scripture?
2025-07-20 22:44:14 - DataPreprocessorMain - INFO -   書き換えクエリ: Is the term Bereshit used outside of religious scripture ?
2025-07-20 22:44:14 - DataPreprocessorMain - INFO - 🔄 ターン 4 を処理中...
2025-07-20 22:44:14 - DataPreprocessorMain - INFO -   元のクエリ: How does Bereshit intersect with the Commandments?
2025-07-20 22:44:14 - DataPreprocessorMain - INFO -   書き換えクエリ: How does Bereshit intersect with the Commandments ?
2025-07-20 22:44:14 - DataPreprocessorMain - INFO - 🔄 ターン 5 を処理中...
2025-07-20 22:44:15 - DataPreprocessorMain - INFO -   元のクエリ: What is Bereshit's significance in the liturgy?
2025-07-20 22:44:15 - DataPreprocessorMain - INFO -   書き換えクエリ: What is Bereshit's significance in the liturgy ?
2025-07-20 22:44:15 - DataPreprocessorMain - INFO - 🔄 ターン 6 を処理中...
2025-07-20 22:44:15 - DataPreprocessorMain - INFO -   元のクエリ: What are the tree daily prayers are recited during the Aleinu prayer?
2025-07-20 22:44:15 - DataPreprocessorMain - INFO -   書き換えクエリ: What are the tree daily prayers are recited during the Aleinu prayer ?
2025-07-20 22:44:15 - DataPreprocessorMain - INFO - ✅ ダイアログ 104 の処理が完了しました
2025-07-20 22:44:15 - DataPreprocessorMain - INFO - 
------------------------------
2025-07-20 22:44:15 - DataPreprocessorMain - INFO - 📌 ダイアログ 105/250 を処理中
2025-07-20 22:44:15 - DataPreprocessorMain - INFO - ------------------------------
2025-07-20 22:44:15 - DataPreprocessorMain - INFO - ダイアログキー: hobby_level3_dial20
2025-07-20 22:44:15 - DataPreprocessorMain - INFO - ターン数: 6
2025-07-20 22:44:15 - DataPreprocessorMain - INFO - 🔄 ターン 1 を処理中...
2025-07-20 22:44:16 - DataPreprocessorMain - INFO -   元のクエリ: What happened to the mother of Goofy's son Max?
2025-07-20 22:44:16 - DataPreprocessorMain - INFO -   書き換えクエリ: What happened to the mother of Goofy's son Max ?
2025-07-20 22:44:16 - DataPreprocessorMain - INFO - 🔄 ターン 2 を処理中...
2025-07-20 22:44:16 - DataPreprocessorMain - INFO -   元のクエリ: When was Goofy's son Max's first appearance in a Disney film or show?
2025-07-20 22:44:16 - DataPreprocessorMain - INFO -   書き換えクエリ: When was Goofy's son Max 's first appearance in a Disney film or show ?
2025-07-20 22:44:16 - DataPreprocessorMain - INFO - 🔄 ターン 3 を処理中...
2025-07-20 22:44:17 - DataPreprocessorMain - INFO -   元のクエリ: Who did the voice acting for Goofy?
2025-07-20 22:44:17 - DataPreprocessorMain - INFO -   書き換えクエリ: Who did the voice acting for Goofy ?
2025-07-20 22:44:17 - DataPreprocessorMain - INFO - 🔄 ターン 4 を処理中...
2025-07-20 22:44:17 - DataPreprocessorMain - INFO -   元のクエリ: Who originally voiced Goofy?
2025-07-20 22:44:17 - DataPreprocessorMain - INFO -   書き換えクエリ: Who originally voiced Goofy ?
2025-07-20 22:44:17 - DataPreprocessorMain - INFO - 🔄 ターン 5 を処理中...
2025-07-20 22:44:17 - DataPreprocessorMain - INFO -   元のクエリ: What other projects did he move onto?
2025-07-20 22:44:17 - DataPreprocessorMain - INFO -   書き換えクエリ: Besides The Whalers , what other projects did Pinto Colvig move onto ?
2025-07-20 22:44:17 - DataPreprocessorMain - INFO - 🔄 ターン 6 を処理中...
2025-07-20 22:44:18 - DataPreprocessorMain - INFO -   元のクエリ: Who was the most recent actor to portray Bozo the Clown?
2025-07-20 22:44:18 - DataPreprocessorMain - INFO -   書き換えクエリ: Who was the most recent actor to portray Bozo the Clown in Disney cartoons ?
2025-07-20 22:44:18 - DataPreprocessorMain - INFO - ✅ ダイアログ 105 の処理が完了しました
2025-07-20 22:44:18 - DataPreprocessorMain - INFO - 
------------------------------
2025-07-20 22:44:18 - DataPreprocessorMain - INFO - 📌 ダイアログ 106/250 を処理中
2025-07-20 22:44:18 - DataPreprocessorMain - INFO - ------------------------------
2025-07-20 22:44:18 - DataPreprocessorMain - INFO - ダイアログキー: top25_dial57
2025-07-20 22:44:18 - DataPreprocessorMain - INFO - ターン数: 6
2025-07-20 22:44:18 - DataPreprocessorMain - INFO - 🔄 ターン 1 を処理中...
2025-07-20 22:44:18 - DataPreprocessorMain - INFO -   元のクエリ: How many albums has Aaliyah released?
2025-07-20 22:44:18 - DataPreprocessorMain - INFO -   書き換えクエリ: How many albums has Aaliyah released ?
2025-07-20 22:44:18 - DataPreprocessorMain - INFO - 🔄 ターン 2 を処理中...
2025-07-20 22:44:19 - DataPreprocessorMain - INFO -   元のクエリ: Who was Aaliyah romantically linked to?
2025-07-20 22:44:19 - DataPreprocessorMain - INFO -   書き換えクエリ: Who was Aaliyah romantically linked to ?
2025-07-20 22:44:19 - DataPreprocessorMain - INFO - 🔄 ターン 3 を処理中...
2025-07-20 22:44:19 - DataPreprocessorMain - INFO -   元のクエリ: How did Aaliyah die?
2025-07-20 22:44:19 - DataPreprocessorMain - INFO -   書き換えクエリ: How did Aaliyah die ?
2025-07-20 22:44:19 - DataPreprocessorMain - INFO - 🔄 ターン 4 を処理中...
2025-07-20 22:44:19 - DataPreprocessorMain - INFO -   元のクエリ: Why was she traveling to Florida?
2025-07-20 22:44:19 - DataPreprocessorMain - INFO -   書き換えクエリ: Why was Aaliyah traveling to Florida ?
2025-07-20 22:44:19 - DataPreprocessorMain - INFO - 🔄 ターン 5 を処理中...
2025-07-20 22:44:20 - DataPreprocessorMain - INFO -   元のクエリ: How old was Aaliyah when she died?
2025-07-20 22:44:20 - DataPreprocessorMain - INFO -   書き換えクエリ: How old was Aaliyah when she died ?
2025-07-20 22:44:20 - DataPreprocessorMain - INFO - 🔄 ターン 6 を処理中...
2025-07-20 22:44:20 - DataPreprocessorMain - INFO -   元のクエリ: Was the cause of the airplane crash that killed Aaliyah ever revealed to the public?
2025-07-20 22:44:20 - DataPreprocessorMain - INFO -   書き換えクエリ: Was the cause of the airplane crash that killed Aaliyah ever revealed to the public ?
2025-07-20 22:44:20 - DataPreprocessorMain - INFO - ✅ ダイアログ 106 の処理が完了しました
2025-07-20 22:44:20 - DataPreprocessorMain - INFO - 
------------------------------
2025-07-20 22:44:20 - DataPreprocessorMain - INFO - 📌 ダイアログ 107/250 を処理中
2025-07-20 22:44:20 - DataPreprocessorMain - INFO - ------------------------------
2025-07-20 22:44:20 - DataPreprocessorMain - INFO - ダイアログキー: food_level1_dial21
2025-07-20 22:44:20 - DataPreprocessorMain - INFO - ターン数: 6
2025-07-20 22:44:20 - DataPreprocessorMain - INFO - 🔄 ターン 1 を処理中...
2025-07-20 22:44:21 - DataPreprocessorMain - INFO -   元のクエリ: What are the key ingredients in an eggnog?
2025-07-20 22:44:21 - DataPreprocessorMain - INFO -   書き換えクエリ: What are the key ingredients in an eggnog ?
2025-07-20 22:44:21 - DataPreprocessorMain - INFO - 🔄 ターン 2 を処理中...
2025-07-20 22:44:21 - DataPreprocessorMain - INFO -   元のクエリ: What are the most popular alcoholic ingredients to add to eggnog?
2025-07-20 22:44:21 - DataPreprocessorMain - INFO -   書き換えクエリ: What are the most popular alcoholic ingredients to add to eggnog ?
2025-07-20 22:44:21 - DataPreprocessorMain - INFO - 🔄 ターン 3 を処理中...
2025-07-20 22:44:22 - DataPreprocessorMain - INFO -   元のクエリ: When is eggnog typically served?
2025-07-20 22:44:22 - DataPreprocessorMain - INFO -   書き換えクエリ: When is eggnog typically served ?
2025-07-20 22:44:22 - DataPreprocessorMain - INFO - 🔄 ターン 4 を処理中...
2025-07-20 22:44:22 - DataPreprocessorMain - INFO -   元のクエリ: What health risks are associated with consuming raw eggs?
2025-07-20 22:44:22 - DataPreprocessorMain - INFO -   書き換えクエリ: What health risks are associated with consuming raw eggs ?
2025-07-20 22:44:22 - DataPreprocessorMain - INFO - 🔄 ターン 5 を処理中...
2025-07-20 22:44:23 - DataPreprocessorMain - INFO -   元のクエリ: Can you tell me about the origins of eggnog?
2025-07-20 22:44:23 - DataPreprocessorMain - INFO -   書き換えクエリ: Can you tell me about the origins of eggnog ?
2025-07-20 22:44:23 - DataPreprocessorMain - INFO - 🔄 ターン 6 を処理中...
2025-07-20 22:44:23 - DataPreprocessorMain - INFO -   元のクエリ: I would like to know more about the name.
2025-07-20 22:44:23 - DataPreprocessorMain - INFO -   書き換えクエリ: I would like to know more about the name of eggnog .
2025-07-20 22:44:23 - DataPreprocessorMain - INFO - ✅ ダイアログ 107 の処理が完了しました
2025-07-20 22:44:23 - DataPreprocessorMain - INFO - 
------------------------------
2025-07-20 22:44:23 - DataPreprocessorMain - INFO - 📌 ダイアログ 108/250 を処理中
2025-07-20 22:44:23 - DataPreprocessorMain - INFO - ------------------------------
2025-07-20 22:44:23 - DataPreprocessorMain - INFO - ダイアログキー: hobby_level2_dial28
2025-07-20 22:44:23 - DataPreprocessorMain - INFO - ターン数: 6
2025-07-20 22:44:23 - DataPreprocessorMain - INFO - 🔄 ターン 1 を処理中...
2025-07-20 22:44:23 - DataPreprocessorMain - INFO -   元のクエリ: What was the cause of CTE in American football?
2025-07-20 22:44:23 - DataPreprocessorMain - INFO -   書き換えクエリ: What was the cause of CTE in American football ?
2025-07-20 22:44:23 - DataPreprocessorMain - INFO - 🔄 ターン 2 を処理中...
2025-07-20 22:44:24 - DataPreprocessorMain - INFO -   元のクエリ: Has the NFL put any measures in place to prevent CTEs in their athletes?
2025-07-20 22:44:24 - DataPreprocessorMain - INFO -   書き換えクエリ: Has the NFL put any measures in place to prevent CTEs in their athletes ?
2025-07-20 22:44:24 - DataPreprocessorMain - INFO - 🔄 ターン 3 を処理中...
2025-07-20 22:44:24 - DataPreprocessorMain - INFO -   元のクエリ: Who provided the research that mouthguards has not show their efficacy against CTE?
2025-07-20 22:44:24 - DataPreprocessorMain - INFO -   書き換えクエリ: Who provided the research that mouthguards has not shown their efficacy against CTE in American football ?
2025-07-20 22:44:24 - DataPreprocessorMain - INFO - 🔄 ターン 4 を処理中...
2025-07-20 22:44:25 - DataPreprocessorMain - INFO -   元のクエリ: When was the practice of using mouth guards adopted in professional sports?
2025-07-20 22:44:25 - DataPreprocessorMain - INFO -   書き換えクエリ: When was the practice of using mouth guards adopted in professional sports ?
2025-07-20 22:44:25 - DataPreprocessorMain - INFO - 🔄 ターン 5 を処理中...
2025-07-20 22:44:25 - DataPreprocessorMain - INFO -   元のクエリ: What prevention efforts are made against concussions in youth football?
2025-07-20 22:44:25 - DataPreprocessorMain - INFO -   書き換えクエリ: What prevention efforts are made against concussions in youth football ?
2025-07-20 22:44:25 - DataPreprocessorMain - INFO - 🔄 ターン 6 を処理中...
2025-07-20 22:44:26 - DataPreprocessorMain - INFO -   元のクエリ: Since they banned kickoffs, what did they replace them with?
2025-07-20 22:44:26 - DataPreprocessorMain - INFO -   書き換えクエリ: Since the Pop Warner league banned kickoffs in 2016, what did the NFL replace them with ?
2025-07-20 22:44:26 - DataPreprocessorMain - INFO - ✅ ダイアログ 108 の処理が完了しました
2025-07-20 22:44:26 - DataPreprocessorMain - INFO - 
------------------------------
2025-07-20 22:44:26 - DataPreprocessorMain - INFO - 📌 ダイアログ 109/250 を処理中
2025-07-20 22:44:26 - DataPreprocessorMain - INFO - ------------------------------
2025-07-20 22:44:26 - DataPreprocessorMain - INFO - ダイアログキー: top25_dial3
2025-07-20 22:44:26 - DataPreprocessorMain - INFO - ターン数: 7
2025-07-20 22:44:26 - DataPreprocessorMain - INFO - 🔄 ターン 1 を処理中...
2025-07-20 22:44:26 - DataPreprocessorMain - INFO -   元のクエリ: How did trick-or-treating get started for Halloween?
2025-07-20 22:44:26 - DataPreprocessorMain - INFO -   書き換えクエリ: How did trick-or-treating get started for Halloween ?
2025-07-20 22:44:26 - DataPreprocessorMain - INFO - 🔄 ターン 2 を処理中...
2025-07-20 22:44:27 - DataPreprocessorMain - INFO -   元のクエリ: I'm referring to the origins of trick or treating in North America.
2025-07-20 22:44:27 - DataPreprocessorMain - INFO -   書き換えクエリ: I'm referring to the origins of trick or treating in North America.
2025-07-20 22:44:27 - DataPreprocessorMain - INFO - 🔄 ターン 3 を処理中...
2025-07-20 22:44:27 - DataPreprocessorMain - INFO -   元のクエリ: How did the jack-o'-lantern become a symbol of Halloween?
2025-07-20 22:44:27 - DataPreprocessorMain - INFO -   書き換えクエリ: How did the jack-o'-lantern become a symbol of Halloween ?
2025-07-20 22:44:27 - DataPreprocessorMain - INFO - 🔄 ターン 4 を処理中...
2025-07-20 22:44:28 - DataPreprocessorMain - INFO -   元のクエリ: If jack-o'-lanterns are from Ireland, how did they make their way to America?
2025-07-20 22:44:28 - DataPreprocessorMain - INFO -   書き換えクエリ: If jack-o'-lanterns are from Ireland, how did they make their way to America ?
2025-07-20 22:44:28 - DataPreprocessorMain - INFO - 🔄 ターン 5 を処理中...
2025-07-20 22:44:28 - DataPreprocessorMain - INFO -   元のクエリ: Are jack-o'-lanterns still popular in modern day Ireland?
2025-07-20 22:44:28 - DataPreprocessorMain - INFO -   書き換えクエリ: Are jack-o'-lanterns still popular in modern day Ireland ?
2025-07-20 22:44:28 - DataPreprocessorMain - INFO - 🔄 ターン 6 を処理中...
2025-07-20 22:44:29 - DataPreprocessorMain - INFO -   元のクエリ: Other than in the UK, is Halloween supported elsewhere in Europe?
2025-07-20 22:44:29 - DataPreprocessorMain - INFO -   書き換えクエリ: Other than in the UK, is Halloween supported elsewhere in Europe ?
2025-07-20 22:44:29 - DataPreprocessorMain - INFO - 🔄 ターン 7 を処理中...
2025-07-20 22:44:29 - DataPreprocessorMain - INFO -   元のクエリ: I would Ike to hear more about Halloween in Germany!
2025-07-20 22:44:29 - DataPreprocessorMain - INFO -   書き換えクエリ: I would like to hear more about Halloween in Germany!
2025-07-20 22:44:29 - DataPreprocessorMain - INFO - ✅ ダイアログ 109 の処理が完了しました
2025-07-20 22:44:29 - DataPreprocessorMain - INFO - 
------------------------------
2025-07-20 22:44:29 - DataPreprocessorMain - INFO - 📌 ダイアログ 110/250 を処理中
2025-07-20 22:44:29 - DataPreprocessorMain - INFO - ------------------------------
2025-07-20 22:44:29 - DataPreprocessorMain - INFO - ダイアログキー: food_level3_dial4
2025-07-20 22:44:29 - DataPreprocessorMain - INFO - ターン数: 6
2025-07-20 22:44:29 - DataPreprocessorMain - INFO - 🔄 ターン 1 を処理中...
2025-07-20 22:44:29 - DataPreprocessorMain - INFO -   元のクエリ: Does the coconut tree have any relatives, deceased or living?
2025-07-20 22:44:29 - DataPreprocessorMain - INFO -   書き換えクエリ: Does the coconut tree have any relatives, deceased or living ?
2025-07-20 22:44:29 - DataPreprocessorMain - INFO - 🔄 ターン 2 を処理中...
2025-07-20 22:44:30 - DataPreprocessorMain - INFO -   元のクエリ: What is the most common variety of coconut tree?
2025-07-20 22:44:30 - DataPreprocessorMain - INFO -   書き換えクエリ: What is the most common variety of coconut tree ?
2025-07-20 22:44:30 - DataPreprocessorMain - INFO - 🔄 ターン 3 を処理中...
2025-07-20 22:44:30 - DataPreprocessorMain - INFO -   元のクエリ: Which country is the vast majority of coconut trees located?
2025-07-20 22:44:30 - DataPreprocessorMain - INFO -   書き換えクエリ: Which country is the vast majority of coconut trees located ?
2025-07-20 22:44:30 - DataPreprocessorMain - INFO - 🔄 ターン 4 を処理中...
2025-07-20 22:44:30 - DataPreprocessorMain - INFO -   元のクエリ: What is coconut copra?
2025-07-20 22:44:30 - DataPreprocessorMain - INFO -   書き換えクエリ: What is coconut copra ?
2025-07-20 22:44:30 - DataPreprocessorMain - INFO - 🔄 ターン 5 を処理中...
2025-07-20 22:44:31 - DataPreprocessorMain - INFO -   元のクエリ: What is the cause of coconut allergies?
2025-07-20 22:44:31 - DataPreprocessorMain - INFO -   書き換えクエリ: What is the cause of coconut allergies ?
2025-07-20 22:44:31 - DataPreprocessorMain - INFO - 🔄 ターン 6 を処理中...
2025-07-20 22:44:31 - DataPreprocessorMain - INFO -   元のクエリ: Are there any cultures where the coconut is particularly important?
2025-07-20 22:44:31 - DataPreprocessorMain - INFO -   書き換えクエリ: Are there any cultures where the coconut is particularly important ?
2025-07-20 22:44:31 - DataPreprocessorMain - INFO - ✅ ダイアログ 110 の処理が完了しました
2025-07-20 22:44:31 - DataPreprocessorMain - INFO - 
------------------------------
2025-07-20 22:44:31 - DataPreprocessorMain - INFO - 📌 ダイアログ 111/250 を処理中
2025-07-20 22:44:31 - DataPreprocessorMain - INFO - ------------------------------
2025-07-20 22:44:31 - DataPreprocessorMain - INFO - ダイアログキー: top25_dial1
2025-07-20 22:44:31 - DataPreprocessorMain - INFO - ターン数: 6
2025-07-20 22:44:31 - DataPreprocessorMain - INFO - 🔄 ターン 1 を処理中...
2025-07-20 22:44:31 - DataPreprocessorMain - INFO -   元のクエリ: What toxins from the 9/11 attacks caused all these health problems?
2025-07-20 22:44:31 - DataPreprocessorMain - INFO -   書き換えクエリ: What toxins from the 9/11 attacks caused all these health problems ?
2025-07-20 22:44:31 - DataPreprocessorMain - INFO - 🔄 ターン 2 を処理中...
2025-07-20 22:44:32 - DataPreprocessorMain - INFO -   元のクエリ: What conspiracy theories surround the 9/11 attacks?
2025-07-20 22:44:32 - DataPreprocessorMain - INFO -   書き換えクエリ: What conspiracy theories surround the 9/11 attacks ?
2025-07-20 22:44:32 - DataPreprocessorMain - INFO - 🔄 ターン 3 を処理中...
2025-07-20 22:44:32 - DataPreprocessorMain - INFO -   元のクエリ: I'd like to know more about the conspiracy theories surrounding controlled demolition of Tower 7.
2025-07-20 22:44:32 - DataPreprocessorMain - INFO -   書き換えクエリ: I'd like to know more about the conspiracy theories surrounding controlled demolition of Tower 7.
2025-07-20 22:44:32 - DataPreprocessorMain - INFO - 🔄 ターン 4 を処理中...
2025-07-20 22:44:33 - DataPreprocessorMain - INFO -   元のクエリ: Are there any notable people who believe in the "Controlled Demolition Theory"?
2025-07-20 22:44:33 - DataPreprocessorMain - INFO -   書き換えクエリ: Are there any notable people who believe in the " Controlled Demolition Theory " ?
2025-07-20 22:44:33 - DataPreprocessorMain - INFO - 🔄 ターン 5 を処理中...
2025-07-20 22:44:33 - DataPreprocessorMain - INFO -   元のクエリ: Has there every been any similar terrorist threats to the US after 9/11?
2025-07-20 22:44:33 - DataPreprocessorMain - INFO -   書き換えクエリ: Has there ever been any similar terrorist threats to the US after 9/11 ?
2025-07-20 22:44:33 - DataPreprocessorMain - INFO - 🔄 ターン 6 を処理中...
2025-07-20 22:44:34 - DataPreprocessorMain - INFO -   元のクエリ: I am interested in the series of events in 2010.
2025-07-20 22:44:34 - DataPreprocessorMain - INFO -   書き換えクエリ: I am interested in the series of events in 2010 .
2025-07-20 22:44:34 - DataPreprocessorMain - INFO - ✅ ダイアログ 111 の処理が完了しました
2025-07-20 22:44:34 - DataPreprocessorMain - INFO - 
------------------------------
2025-07-20 22:44:34 - DataPreprocessorMain - INFO - 📌 ダイアログ 112/250 を処理中
2025-07-20 22:44:34 - DataPreprocessorMain - INFO - ------------------------------
2025-07-20 22:44:34 - DataPreprocessorMain - INFO - ダイアログキー: food_level2_dial21
2025-07-20 22:44:34 - DataPreprocessorMain - INFO - ターン数: 6
2025-07-20 22:44:34 - DataPreprocessorMain - INFO - 🔄 ターン 1 を処理中...
2025-07-20 22:44:34 - DataPreprocessorMain - INFO -   元のクエリ: What is an example of staple food in Latin America?
2025-07-20 22:44:34 - DataPreprocessorMain - INFO -   書き換えクエリ: What is an example of staple food in Latin America ?
2025-07-20 22:44:34 - DataPreprocessorMain - INFO - 🔄 ターン 2 を処理中...
2025-07-20 22:44:35 - DataPreprocessorMain - INFO -   元のクエリ: Where was maize first cultivated?
2025-07-20 22:44:35 - DataPreprocessorMain - INFO -   書き換えクエリ: Where was maize first cultivated in Latin America ?
2025-07-20 22:44:35 - DataPreprocessorMain - INFO - 🔄 ターン 3 を処理中...
2025-07-20 22:44:35 - DataPreprocessorMain - INFO -   元のクエリ: Why is the term maize used for corn?
2025-07-20 22:44:35 - DataPreprocessorMain - INFO -   書き換えクエリ: Why is the term maize used for corn in Latin America ?
2025-07-20 22:44:35 - DataPreprocessorMain - INFO - 🔄 ターン 4 を処理中...
2025-07-20 22:44:35 - DataPreprocessorMain - INFO -   元のクエリ: You mention the Taino people. Who were they?
2025-07-20 22:44:35 - DataPreprocessorMain - INFO -   書き換えクエリ: You mention the Taino people. Who were they ?
2025-07-20 22:44:35 - DataPreprocessorMain - INFO - 🔄 ターン 5 を処理中...
2025-07-20 22:44:36 - DataPreprocessorMain - INFO -   元のクエリ: What are some maize based dishes in the Caribbean?
2025-07-20 22:44:36 - DataPreprocessorMain - INFO -   書き換えクエリ: What are some maize based dishes in the Caribbean ?
2025-07-20 22:44:36 - DataPreprocessorMain - INFO - 🔄 ターン 6 を処理中...
2025-07-20 22:44:37 - DataPreprocessorMain - INFO -   元のクエリ: Can you tell me some other stable foods of Caribbean culture?
2025-07-20 22:44:37 - DataPreprocessorMain - INFO -   書き換えクエリ: Can you tell me some other stable foods of Caribbean culture along with squash, Andean region potato, quinoa, beans, and amaranth ?
2025-07-20 22:44:37 - DataPreprocessorMain - INFO - ✅ ダイアログ 112 の処理が完了しました
2025-07-20 22:44:37 - DataPreprocessorMain - INFO - 
------------------------------
2025-07-20 22:44:37 - DataPreprocessorMain - INFO - 📌 ダイアログ 113/250 を処理中
2025-07-20 22:44:37 - DataPreprocessorMain - INFO - ------------------------------
2025-07-20 22:44:37 - DataPreprocessorMain - INFO - ダイアログキー: hobby_level3_dial21
2025-07-20 22:44:37 - DataPreprocessorMain - INFO - ターン数: 6
2025-07-20 22:44:37 - DataPreprocessorMain - INFO - 🔄 ターン 1 を処理中...
2025-07-20 22:44:37 - DataPreprocessorMain - INFO -   元のクエリ: Which person was a professor of physical training and gymnasium director at Yale University, the University of Michigan, and Princeton University?
2025-07-20 22:44:37 - DataPreprocessorMain - INFO -   書き換えクエリ: Which person was a professor of physical training at Yale University, the University of Michigan, and Princeton University ?
2025-07-20 22:44:37 - DataPreprocessorMain - INFO - 🔄 ターン 2 を処理中...
2025-07-20 22:44:38 - DataPreprocessorMain - INFO -   元のクエリ: Did Fitzpatrick participate in any sport professionally?
2025-07-20 22:44:38 - DataPreprocessorMain - INFO -   書き換えクエリ: Did Fitzpatrick participate in any sport professionally ?
2025-07-20 22:44:38 - DataPreprocessorMain - INFO - 🔄 ターン 3 を処理中...
2025-07-20 22:44:39 - DataPreprocessorMain - INFO -   元のクエリ: Did Fitzpatrick win any first place prizes as he competed for the Natick Hook and Ladder Company team?
2025-07-20 22:44:39 - DataPreprocessorMain - INFO -   書き換えクエリ: Did Fitzpatrick win any first place prizes as he competed for the Natick Hook and Ladder Company team ?
2025-07-20 22:44:39 - DataPreprocessorMain - INFO - 🔄 ターン 4 を処理中...
2025-07-20 22:44:39 - DataPreprocessorMain - INFO -   元のクエリ: What did Fitzpatrick do in his retirement?
2025-07-20 22:44:39 - DataPreprocessorMain - INFO -   書き換えクエリ: What did Fitzpatrick do in his retirement ?
2025-07-20 22:44:39 - DataPreprocessorMain - INFO - 🔄 ターン 5 を処理中...
2025-07-20 22:44:39 - DataPreprocessorMain - INFO -   元のクエリ: How did Dennis Keene Fitzpatrick get started in coaching?
2025-07-20 22:44:39 - DataPreprocessorMain - INFO -   書き換えクエリ: How did Dennis Keene Fitzpatrick get started in coaching ?
2025-07-20 22:44:39 - DataPreprocessorMain - INFO - 🔄 ターン 6 を処理中...
2025-07-20 22:44:40 - DataPreprocessorMain - INFO -   元のクエリ: I would like to know about his coaching at Yale University.
2025-07-20 22:44:40 - DataPreprocessorMain - INFO -   書き換えクエリ: I would like to know about Dennis Fitzpatrick coaching at Yale University .
2025-07-20 22:44:40 - DataPreprocessorMain - INFO - ✅ ダイアログ 113 の処理が完了しました
2025-07-20 22:44:40 - DataPreprocessorMain - INFO - 
------------------------------
2025-07-20 22:44:40 - DataPreprocessorMain - INFO - 📌 ダイアログ 114/250 を処理中
2025-07-20 22:44:40 - DataPreprocessorMain - INFO - ------------------------------
2025-07-20 22:44:40 - DataPreprocessorMain - INFO - ダイアログキー: hobby_level1_dial6
2025-07-20 22:44:40 - DataPreprocessorMain - INFO - ターン数: 6
2025-07-20 22:44:40 - DataPreprocessorMain - INFO - 🔄 ターン 1 を処理中...
2025-07-20 22:44:40 - DataPreprocessorMain - INFO -   元のクエリ: What science has been able to prove that ghosts exist?
2025-07-20 22:44:40 - DataPreprocessorMain - INFO -   書き換えクエリ: What science has been able to prove that ghosts exist ?
2025-07-20 22:44:40 - DataPreprocessorMain - INFO - 🔄 ターン 2 を処理中...
2025-07-20 22:44:41 - DataPreprocessorMain - INFO -   元のクエリ: Is there nonscientific evidence that ghosts exist?
2025-07-20 22:44:41 - DataPreprocessorMain - INFO -   書き換えクエリ: Is there nonscientific evidence that ghosts exist ?
2025-07-20 22:44:41 - DataPreprocessorMain - INFO - 🔄 ターン 3 を処理中...
2025-07-20 22:44:41 - DataPreprocessorMain - INFO -   元のクエリ: What are some common examples of what someone sees when they have ghost encounter?
2025-07-20 22:44:41 - DataPreprocessorMain - INFO -   書き換えクエリ: What are some common examples of what someone sees when they have ghost encounter ?
2025-07-20 22:44:41 - DataPreprocessorMain - INFO - 🔄 ターン 4 を処理中...
2025-07-20 22:44:41 - DataPreprocessorMain - INFO -   元のクエリ: What are some popular TV shows about ghost hunting?
2025-07-20 22:44:41 - DataPreprocessorMain - INFO -   書き換えクエリ: What are some popular TV shows about ghost hunting ?
2025-07-20 22:44:41 - DataPreprocessorMain - INFO - 🔄 ターン 5 を処理中...
2025-07-20 22:44:42 - DataPreprocessorMain - INFO -   元のクエリ: I am interested in the Ghost Adventures series.
2025-07-20 22:44:42 - DataPreprocessorMain - INFO -   書き換えクエリ: I am interested in the Ghost Adventures series .
2025-07-20 22:44:42 - DataPreprocessorMain - INFO - 🔄 ターン 6 を処理中...
2025-07-20 22:44:42 - DataPreprocessorMain - INFO -   元のクエリ: Does Discovery+ have any other ghost shows?
2025-07-20 22:44:42 - DataPreprocessorMain - INFO -   書き換えクエリ: Besides Ghost Adventures does Discovery+ have any other ghost shows ?
2025-07-20 22:44:42 - DataPreprocessorMain - INFO - ✅ ダイアログ 114 の処理が完了しました
2025-07-20 22:44:42 - DataPreprocessorMain - INFO - 
------------------------------
2025-07-20 22:44:42 - DataPreprocessorMain - INFO - 📌 ダイアログ 115/250 を処理中
2025-07-20 22:44:42 - DataPreprocessorMain - INFO - ------------------------------
2025-07-20 22:44:42 - DataPreprocessorMain - INFO - ダイアログキー: food_level1_dial22
2025-07-20 22:44:42 - DataPreprocessorMain - INFO - ターン数: 6
2025-07-20 22:44:42 - DataPreprocessorMain - INFO - 🔄 ターン 1 を処理中...
2025-07-20 22:44:43 - DataPreprocessorMain - INFO -   元のクエリ: Which country consumes the most cider per capita?
2025-07-20 22:44:43 - DataPreprocessorMain - INFO -   書き換えクエリ: Which country consumes the most cider per capita ?
2025-07-20 22:44:43 - DataPreprocessorMain - INFO - 🔄 ターン 2 を処理中...
2025-07-20 22:44:43 - DataPreprocessorMain - INFO -   元のクエリ: Which country consumes the most non-alcoholic cider?
2025-07-20 22:44:43 - DataPreprocessorMain - INFO -   書き換えクエリ: Which country consumes the most non-alcoholic cider ?
2025-07-20 22:44:43 - DataPreprocessorMain - INFO - 🔄 ターン 3 を処理中...
2025-07-20 22:44:43 - DataPreprocessorMain - INFO -   元のクエリ: What kind of apples are used to produce cider?
2025-07-20 22:44:43 - DataPreprocessorMain - INFO -   書き換えクエリ: What kind of apples are used to produce cider in the United States ?
2025-07-20 22:44:43 - DataPreprocessorMain - INFO - 🔄 ターン 4 を処理中...
2025-07-20 22:44:44 - DataPreprocessorMain - INFO -   元のクエリ: What the difference between the heirloom varieties of apples and other apples?
2025-07-20 22:44:44 - DataPreprocessorMain - INFO -   書き換えクエリ: What the difference between the heirloom varieties of apples and other apples ?
2025-07-20 22:44:44 - DataPreprocessorMain - INFO - 🔄 ターン 5 を処理中...
2025-07-20 22:44:44 - DataPreprocessorMain - INFO -   元のクエリ: Are there GMO apples, like they do with soy and corn?
2025-07-20 22:44:44 - DataPreprocessorMain - INFO -   書き換えクエリ: Are there GMO apples, like they do with soy and corn ?
2025-07-20 22:44:44 - DataPreprocessorMain - INFO - 🔄 ターン 6 を処理中...
2025-07-20 22:44:45 - DataPreprocessorMain - INFO -   元のクエリ: Aside from Apple, is there any GMO meat?
2025-07-20 22:44:45 - DataPreprocessorMain - INFO -   書き換えクエリ: Aside from Apple, is there any GMO meat in the United States ?
2025-07-20 22:44:45 - DataPreprocessorMain - INFO - ✅ ダイアログ 115 の処理が完了しました
2025-07-20 22:44:45 - DataPreprocessorMain - INFO - 
------------------------------
2025-07-20 22:44:45 - DataPreprocessorMain - INFO - 📌 ダイアログ 116/250 を処理中
2025-07-20 22:44:45 - DataPreprocessorMain - INFO - ------------------------------
2025-07-20 22:44:45 - DataPreprocessorMain - INFO - ダイアログキー: hobby_level3_dial22
2025-07-20 22:44:45 - DataPreprocessorMain - INFO - ターン数: 4
2025-07-20 22:44:45 - DataPreprocessorMain - INFO - 🔄 ターン 1 を処理中...
2025-07-20 22:44:45 - DataPreprocessorMain - INFO -   元のクエリ: What superpowers does Eclipso have?
2025-07-20 22:44:45 - DataPreprocessorMain - INFO -   書き換えクエリ: What superpowers does Eclipso have ?
2025-07-20 22:44:45 - DataPreprocessorMain - INFO - 🔄 ターン 2 を処理中...
2025-07-20 22:44:45 - DataPreprocessorMain - INFO -   元のクエリ: When did Eclipso first appear in the DC Comics Universe?
2025-07-20 22:44:45 - DataPreprocessorMain - INFO -   書き換えクエリ: When did Eclipso first appear in the DC Comics Universe ?
2025-07-20 22:44:45 - DataPreprocessorMain - INFO - 🔄 ターン 3 を処理中...
2025-07-20 22:44:46 - DataPreprocessorMain - INFO -   元のクエリ: Can you tell me more about the creator of Eclipso, Bob Haney?
2025-07-20 22:44:46 - DataPreprocessorMain - INFO -   書き換えクエリ: Can you tell me more about the creator of Eclipso, Bob Haney ?
2025-07-20 22:44:46 - DataPreprocessorMain - INFO - 🔄 ターン 4 を処理中...
2025-07-20 22:44:46 - DataPreprocessorMain - INFO -   元のクエリ: When did he do after he left Marvel?
2025-07-20 22:44:46 - DataPreprocessorMain - INFO -   書き換えクエリ: When did Bob Haney do after he left Marvel ?
2025-07-20 22:44:46 - DataPreprocessorMain - INFO - ✅ ダイアログ 116 の処理が完了しました
2025-07-20 22:44:46 - DataPreprocessorMain - INFO - 
------------------------------
2025-07-20 22:44:46 - DataPreprocessorMain - INFO - 📌 ダイアログ 117/250 を処理中
2025-07-20 22:44:46 - DataPreprocessorMain - INFO - ------------------------------
2025-07-20 22:44:46 - DataPreprocessorMain - INFO - ダイアログキー: food_level1_dial23
2025-07-20 22:44:46 - DataPreprocessorMain - INFO - ターン数: 6
2025-07-20 22:44:46 - DataPreprocessorMain - INFO - 🔄 ターン 1 を処理中...
2025-07-20 22:44:47 - DataPreprocessorMain - INFO -   元のクエリ: Does the hog dog have multiple variations?
2025-07-20 22:44:47 - DataPreprocessorMain - INFO -   書き換えクエリ: Does the hog dog have multiple variations ?
2025-07-20 22:44:47 - DataPreprocessorMain - INFO - 🔄 ターン 2 を処理中...
2025-07-20 22:44:47 - DataPreprocessorMain - INFO -   元のクエリ: How is a corn dog made?
2025-07-20 22:44:47 - DataPreprocessorMain - INFO -   書き換えクエリ: How is a corn dog made ?
2025-07-20 22:44:47 - DataPreprocessorMain - INFO - 🔄 ターン 3 を処理中...
2025-07-20 22:44:47 - DataPreprocessorMain - INFO -   元のクエリ: I would like to know more about the corn puppies variation.
2025-07-20 22:44:47 - DataPreprocessorMain - INFO -   書き換えクエリ: I would like to know more about the corn puppies variation.
2025-07-20 22:44:47 - DataPreprocessorMain - INFO - 🔄 ターン 4 を処理中...
2025-07-20 22:44:48 - DataPreprocessorMain - INFO -   元のクエリ: What is inside corn puppies beside the sausage?
2025-07-20 22:44:48 - DataPreprocessorMain - INFO -   書き換えクエリ: What is inside corn puppies beside the sausage ?
2025-07-20 22:44:48 - DataPreprocessorMain - INFO - 🔄 ターン 5 を処理中...
2025-07-20 22:44:48 - DataPreprocessorMain - INFO -   元のクエリ: In which state of the United States is hot dog the most popular?
2025-07-20 22:44:48 - DataPreprocessorMain - INFO -   書き換えクエリ: In which state of the United States is the hot dog the most popular ?
2025-07-20 22:44:48 - DataPreprocessorMain - INFO - 🔄 ターン 6 を処理中...
2025-07-20 22:44:48 - DataPreprocessorMain - INFO -   元のクエリ: I would like to know more about the Italian hot dog.
2025-07-20 22:44:48 - DataPreprocessorMain - INFO -   書き換えクエリ: I would like to know more about the Italian hot dog.
2025-07-20 22:44:48 - DataPreprocessorMain - INFO - ✅ ダイアログ 117 の処理が完了しました
2025-07-20 22:44:48 - DataPreprocessorMain - INFO - 
------------------------------
2025-07-20 22:44:48 - DataPreprocessorMain - INFO - 📌 ダイアログ 118/250 を処理中
2025-07-20 22:44:48 - DataPreprocessorMain - INFO - ------------------------------
2025-07-20 22:44:48 - DataPreprocessorMain - INFO - ダイアログキー: food_level2_dial22
2025-07-20 22:44:48 - DataPreprocessorMain - INFO - ターン数: 6
2025-07-20 22:44:48 - DataPreprocessorMain - INFO - 🔄 ターン 1 を処理中...
2025-07-20 22:44:49 - DataPreprocessorMain - INFO -   元のクエリ: What two types of oyster habitats?
2025-07-20 22:44:49 - DataPreprocessorMain - INFO -   書き換えクエリ: What are two types of oyster habitats ?
2025-07-20 22:44:49 - DataPreprocessorMain - INFO - 🔄 ターン 2 を処理中...
2025-07-20 22:44:49 - DataPreprocessorMain - INFO -   元のクエリ: Are oysters considered a nutritious food to eat?
2025-07-20 22:44:49 - DataPreprocessorMain - INFO -   書き換えクエリ: Are oysters considered a nutritious food to eat ?
2025-07-20 22:44:49 - DataPreprocessorMain - INFO - 🔄 ターン 3 を処理中...
2025-07-20 22:44:49 - DataPreprocessorMain - INFO -   元のクエリ: How are oysters sourced from the water?
2025-07-20 22:44:49 - DataPreprocessorMain - INFO -   書き換えクエリ: How are oysters sourced from the water ?
2025-07-20 22:44:49 - DataPreprocessorMain - INFO - 🔄 ターン 4 を処理中...
2025-07-20 22:44:50 - DataPreprocessorMain - INFO -   元のクエリ: How are oysters harvested in the wild?
2025-07-20 22:44:50 - DataPreprocessorMain - INFO -   書き換えクエリ: How are oysters harvested in the wild ?
2025-07-20 22:44:50 - DataPreprocessorMain - INFO - 🔄 ターン 5 を処理中...
2025-07-20 22:44:50 - DataPreprocessorMain - INFO -   元のクエリ: I'd like to know more about release.
2025-07-20 22:44:50 - DataPreprocessorMain - INFO -   書き換えクエリ: I'd like to know more about oyster release.
2025-07-20 22:44:50 - DataPreprocessorMain - INFO - 🔄 ターン 6 を処理中...
2025-07-20 22:44:50 - DataPreprocessorMain - INFO -   元のクエリ: Does oyster contain any mercury?
2025-07-20 22:44:50 - DataPreprocessorMain - INFO -   書き換えクエリ: Does oyster contain any mercury ?
2025-07-20 22:44:50 - DataPreprocessorMain - INFO - ✅ ダイアログ 118 の処理が完了しました
2025-07-20 22:44:50 - DataPreprocessorMain - INFO - 
------------------------------
2025-07-20 22:44:50 - DataPreprocessorMain - INFO - 📌 ダイアログ 119/250 を処理中
2025-07-20 22:44:50 - DataPreprocessorMain - INFO - ------------------------------
2025-07-20 22:44:50 - DataPreprocessorMain - INFO - ダイアログキー: hobby_level2_dial29
2025-07-20 22:44:50 - DataPreprocessorMain - INFO - ターン数: 6
2025-07-20 22:44:50 - DataPreprocessorMain - INFO - 🔄 ターン 1 を処理中...
2025-07-20 22:44:50 - DataPreprocessorMain - INFO -   元のクエリ: Why do Manx cats not have tails?
2025-07-20 22:44:50 - DataPreprocessorMain - INFO -   書き換えクエリ: Why do Manx cats not have tails ?
2025-07-20 22:44:50 - DataPreprocessorMain - INFO - 🔄 ターン 2 を処理中...
2025-07-20 22:44:51 - DataPreprocessorMain - INFO -   元のクエリ: That's really interesting! Where are these cats found?
2025-07-20 22:44:51 - DataPreprocessorMain - INFO -   書き換えクエリ: Where are Manx cats found ?
2025-07-20 22:44:51 - DataPreprocessorMain - INFO - 🔄 ターン 3 を処理中...
2025-07-20 22:44:51 - DataPreprocessorMain - INFO -   元のクエリ: Can you tell me an exact place in Europe can Manx cats can be found?
2025-07-20 22:44:51 - DataPreprocessorMain - INFO -   書き換えクエリ: Can you tell me an exact place in Europe can Manx cats can be found ?
2025-07-20 22:44:51 - DataPreprocessorMain - INFO - 🔄 ターン 4 を処理中...
2025-07-20 22:44:51 - DataPreprocessorMain - INFO -   元のクエリ: Are there any famous real-world Manx cats?
2025-07-20 22:44:51 - DataPreprocessorMain - INFO -   書き換えクエリ: Are there any famous real-world Manx cats ?
2025-07-20 22:44:51 - DataPreprocessorMain - INFO - 🔄 ターン 5 を処理中...
2025-07-20 22:44:52 - DataPreprocessorMain - INFO -   元のクエリ: I am interesting in learning more about the cat named Bonnag.
2025-07-20 22:44:52 - DataPreprocessorMain - INFO -   書き換えクエリ: I am interested in learning more about the cat named Bonnag .
2025-07-20 22:44:52 - DataPreprocessorMain - INFO - 🔄 ターン 6 を処理中...
2025-07-20 22:44:52 - DataPreprocessorMain - INFO -   元のクエリ: Governing Council of the Cat Fancy, can you tell more more about it?
2025-07-20 22:44:52 - DataPreprocessorMain - INFO -   書き換えクエリ: Can you tell me more about the Governing Council of the Cat Fancy ?
2025-07-20 22:44:52 - DataPreprocessorMain - INFO - ✅ ダイアログ 119 の処理が完了しました
2025-07-20 22:44:52 - DataPreprocessorMain - INFO - 
------------------------------
2025-07-20 22:44:52 - DataPreprocessorMain - INFO - 📌 ダイアログ 120/250 を処理中
2025-07-20 22:44:52 - DataPreprocessorMain - INFO - ------------------------------
2025-07-20 22:44:52 - DataPreprocessorMain - INFO - ダイアログキー: hobby_level3_dial23
2025-07-20 22:44:52 - DataPreprocessorMain - INFO - ターン数: 5
2025-07-20 22:44:52 - DataPreprocessorMain - INFO - 🔄 ターン 1 を処理中...
2025-07-20 22:44:53 - DataPreprocessorMain - INFO -   元のクエリ: What has the popular image of Queen Elizabeth II been?
2025-07-20 22:44:53 - DataPreprocessorMain - INFO -   書き換えクエリ: What has the popular image of Queen Elizabeth II been ?
2025-07-20 22:44:53 - DataPreprocessorMain - INFO - 🔄 ターン 2 を処理中...
2025-07-20 22:44:53 - DataPreprocessorMain - INFO -   元のクエリ: Which portrait of Queen Elizabeth II appears on the postage stamps?
2025-07-20 22:44:53 - DataPreprocessorMain - INFO -   書き換えクエリ: Which portrait of Queen Elizabeth II appears on the postage stamps ?
2025-07-20 22:44:53 - DataPreprocessorMain - INFO - 🔄 ターン 3 を処理中...
2025-07-20 22:44:53 - DataPreprocessorMain - INFO -   元のクエリ: What image of Queen Elizabeth II appears on the currency in the UK?
2025-07-20 22:44:53 - DataPreprocessorMain - INFO -   書き換えクエリ: What image of Queen Elizabeth II appears on the currency in the UK ?
2025-07-20 22:44:53 - DataPreprocessorMain - INFO - 🔄 ターン 4 を処理中...
2025-07-20 22:44:54 - DataPreprocessorMain - INFO -   元のクエリ: What sort of coinage is used in the UK?
2025-07-20 22:44:54 - DataPreprocessorMain - INFO -   書き換えクエリ: What sort of coinage is used in the UK for Queen Elizabeth II ?
2025-07-20 22:44:54 - DataPreprocessorMain - INFO - 🔄 ターン 5 を処理中...
2025-07-20 22:44:54 - DataPreprocessorMain - INFO -   元のクエリ: Has Queen Elizabeth II ever been in any movies?
2025-07-20 22:44:54 - DataPreprocessorMain - INFO -   書き換えクエリ: Has Queen Elizabeth II ever been in any movies ?
2025-07-20 22:44:54 - DataPreprocessorMain - INFO - ✅ ダイアログ 120 の処理が完了しました
2025-07-20 22:44:54 - DataPreprocessorMain - INFO - 
------------------------------
2025-07-20 22:44:54 - DataPreprocessorMain - INFO - 📌 ダイアログ 121/250 を処理中
2025-07-20 22:44:54 - DataPreprocessorMain - INFO - ------------------------------
2025-07-20 22:44:54 - DataPreprocessorMain - INFO - ダイアログキー: top25_dial30
2025-07-20 22:44:54 - DataPreprocessorMain - INFO - ターン数: 6
2025-07-20 22:44:54 - DataPreprocessorMain - INFO - 🔄 ターン 1 を処理中...
2025-07-20 22:44:55 - DataPreprocessorMain - INFO -   元のクエリ: Who is the current president of the United States?
2025-07-20 22:44:55 - DataPreprocessorMain - INFO -   書き換えクエリ: Who is the current president of the United States ?
2025-07-20 22:44:55 - DataPreprocessorMain - INFO - 🔄 ターン 2 を処理中...
2025-07-20 22:44:55 - DataPreprocessorMain - INFO -   元のクエリ: When was Joe Biden elected as the president of the United States?
2025-07-20 22:44:55 - DataPreprocessorMain - INFO -   書き換えクエリ: When was Joe Biden elected as the president of the United States ?
2025-07-20 22:44:55 - DataPreprocessorMain - INFO - 🔄 ターン 3 を処理中...
2025-07-20 22:44:56 - DataPreprocessorMain - INFO -   元のクエリ: Who was the most well liked president of the United States?
2025-07-20 22:44:56 - DataPreprocessorMain - INFO -   書き換えクエリ: Who was the most well liked president of the United States ?
2025-07-20 22:44:56 - DataPreprocessorMain - INFO - 🔄 ターン 4 を処理中...
2025-07-20 22:44:56 - DataPreprocessorMain - INFO -   元のクエリ: How many presidents have been assassinated?
2025-07-20 22:44:56 - DataPreprocessorMain - INFO -   書き換えクエリ: How many presidents have been assassinated in the United States ?
2025-07-20 22:44:56 - DataPreprocessorMain - INFO - 🔄 ターン 5 を処理中...
2025-07-20 22:44:57 - DataPreprocessorMain - INFO -   元のクエリ: Why is not possible for the president of the United States to serve more than two terms?
2025-07-20 22:44:57 - DataPreprocessorMain - INFO -   書き換えクエリ: Why is not possible for the president of the United States to serve more than two terms ?
2025-07-20 22:44:57 - DataPreprocessorMain - INFO - 🔄 ターン 6 を処理中...
2025-07-20 22:44:57 - DataPreprocessorMain - INFO -   元のクエリ: When was the 22nd Amendment added to the Constitution?
2025-07-20 22:44:57 - DataPreprocessorMain - INFO -   書き換えクエリ: When was the 22nd Amendment added to the United States Constitution ?
2025-07-20 22:44:57 - DataPreprocessorMain - INFO - ✅ ダイアログ 121 の処理が完了しました
2025-07-20 22:44:57 - DataPreprocessorMain - INFO - 
------------------------------
2025-07-20 22:44:57 - DataPreprocessorMain - INFO - 📌 ダイアログ 122/250 を処理中
2025-07-20 22:44:57 - DataPreprocessorMain - INFO - ------------------------------
2025-07-20 22:44:57 - DataPreprocessorMain - INFO - ダイアログキー: food_level1_dial3
2025-07-20 22:44:57 - DataPreprocessorMain - INFO - ターン数: 6
2025-07-20 22:44:57 - DataPreprocessorMain - INFO - 🔄 ターン 1 を処理中...
2025-07-20 22:44:57 - DataPreprocessorMain - INFO -   元のクエリ: What ingredient is typically used in energy drinks?
2025-07-20 22:44:57 - DataPreprocessorMain - INFO -   書き換えクエリ: What ingredient is typically used in energy drinks ?
2025-07-20 22:44:57 - DataPreprocessorMain - INFO - 🔄 ターン 2 を処理中...
2025-07-20 22:44:58 - DataPreprocessorMain - INFO -   元のクエリ: Does the energy boost come only from the caffeine?
2025-07-20 22:44:58 - DataPreprocessorMain - INFO -   書き換えクエリ: Does the energy boost come only from the caffeine in energy drinks ?
2025-07-20 22:44:58 - DataPreprocessorMain - INFO - 🔄 ターン 3 を処理中...
2025-07-20 22:44:58 - DataPreprocessorMain - INFO -   元のクエリ: Can you tell me what other ingredients in energy drinks have a role in energy boosting effects?
2025-07-20 22:44:58 - DataPreprocessorMain - INFO -   書き換えクエリ: Can you tell me what other ingredients in energy drinks have a role in energy boosting effects aside from caffeine ?
2025-07-20 22:44:58 - DataPreprocessorMain - INFO - 🔄 ターン 4 を処理中...
2025-07-20 22:44:59 - DataPreprocessorMain - INFO -   元のクエリ: What are the health risks of consuming energy drinks?
2025-07-20 22:44:59 - DataPreprocessorMain - INFO -   書き換えクエリ: What are the health risks of consuming energy drinks ?
2025-07-20 22:44:59 - DataPreprocessorMain - INFO - 🔄 ターン 5 を処理中...
2025-07-20 22:44:59 - DataPreprocessorMain - INFO -   元のクエリ: What part of the world is the biggest market for energy drinks?
2025-07-20 22:44:59 - DataPreprocessorMain - INFO -   書き換えクエリ: What part of the world is the biggest market for energy drinks ?
2025-07-20 22:44:59 - DataPreprocessorMain - INFO - 🔄 ターン 6 を処理中...
2025-07-20 22:44:59 - DataPreprocessorMain - INFO -   元のクエリ: Which energy drink is the most popular in the world?
2025-07-20 22:44:59 - DataPreprocessorMain - INFO -   書き換えクエリ: Which energy drink is the most popular in the world ?
2025-07-20 22:44:59 - DataPreprocessorMain - INFO - ✅ ダイアログ 122 の処理が完了しました
2025-07-20 22:44:59 - DataPreprocessorMain - INFO - 
------------------------------
2025-07-20 22:44:59 - DataPreprocessorMain - INFO - 📌 ダイアログ 123/250 を処理中
2025-07-20 22:44:59 - DataPreprocessorMain - INFO - ------------------------------
2025-07-20 22:44:59 - DataPreprocessorMain - INFO - ダイアログキー: hobby_level1_dial7
2025-07-20 22:44:59 - DataPreprocessorMain - INFO - ターン数: 6
2025-07-20 22:44:59 - DataPreprocessorMain - INFO - 🔄 ターン 1 を処理中...
2025-07-20 22:45:00 - DataPreprocessorMain - INFO -   元のクエリ: Mosaics are often used as decorations for what part of the house?
2025-07-20 22:45:00 - DataPreprocessorMain - INFO -   書き換えクエリ: Mosaics are often used as decorations for what part of the house ?
2025-07-20 22:45:00 - DataPreprocessorMain - INFO - 🔄 ターン 2 を処理中...
2025-07-20 22:45:00 - DataPreprocessorMain - INFO -   元のクエリ: Where is the largest outdoor mosaic in the Middle East?
2025-07-20 22:45:00 - DataPreprocessorMain - INFO -   書き換えクエリ: Where is the largest outdoor mosaic in the Middle East ?
2025-07-20 22:45:00 - DataPreprocessorMain - INFO - 🔄 ターン 3 を処理中...
2025-07-20 22:45:00 - DataPreprocessorMain - INFO -   元のクエリ: How are mosaics used in street art?
2025-07-20 22:45:00 - DataPreprocessorMain - INFO -   書き換えクエリ: How are mosaics used in street art ?
2025-07-20 22:45:00 - DataPreprocessorMain - INFO - 🔄 ターン 4 を処理中...
2025-07-20 22:45:01 - DataPreprocessorMain - INFO -   元のクエリ: Is there any American artist doing work in the mosaic styles?
2025-07-20 22:45:01 - DataPreprocessorMain - INFO -   書き換えクエリ: Is there any American artist doing work in the mosaic styles ?
2025-07-20 22:45:01 - DataPreprocessorMain - INFO - 🔄 ターン 5 を処理中...
2025-07-20 22:45:01 - DataPreprocessorMain - INFO -   元のクエリ: Yes, please tell me more about Sonia King.
2025-07-20 22:45:01 - DataPreprocessorMain - INFO -   書き換えクエリ: Tell me more about Sonia King .
2025-07-20 22:45:01 - DataPreprocessorMain - INFO - 🔄 ターン 6 を処理中...
2025-07-20 22:45:02 - DataPreprocessorMain - INFO -   元のクエリ: Can you please tell me about Sonia King's upbringing?
2025-07-20 22:45:02 - DataPreprocessorMain - INFO -   書き換えクエリ: Can you please tell me about Sonia King upbringing ?
2025-07-20 22:45:02 - DataPreprocessorMain - INFO - ✅ ダイアログ 123 の処理が完了しました
2025-07-20 22:45:02 - DataPreprocessorMain - INFO - 
------------------------------
2025-07-20 22:45:02 - DataPreprocessorMain - INFO - 📌 ダイアログ 124/250 を処理中
2025-07-20 22:45:02 - DataPreprocessorMain - INFO - ------------------------------
2025-07-20 22:45:02 - DataPreprocessorMain - INFO - ダイアログキー: hobby_level2_dial3
2025-07-20 22:45:02 - DataPreprocessorMain - INFO - ターン数: 6
2025-07-20 22:45:02 - DataPreprocessorMain - INFO - 🔄 ターン 1 を処理中...
2025-07-20 22:45:02 - DataPreprocessorMain - INFO -   元のクエリ: What are some examples of rhetoric?
2025-07-20 22:45:02 - DataPreprocessorMain - INFO -   書き換えクエリ: What are some examples of rhetoric ?
2025-07-20 22:45:02 - DataPreprocessorMain - INFO - 🔄 ターン 2 を処理中...
2025-07-20 22:45:03 - DataPreprocessorMain - INFO -   元のクエリ: Can you tell me about procedural rhetoric?
2025-07-20 22:45:03 - DataPreprocessorMain - INFO -   書き換えクエリ: Can you tell me about procedural rhetoric ?
2025-07-20 22:45:03 - DataPreprocessorMain - INFO - 🔄 ターン 3 を処理中...
2025-07-20 22:45:03 - DataPreprocessorMain - INFO -   元のクエリ: What are some examples of procedural rhetoric used in real life?
2025-07-20 22:45:03 - DataPreprocessorMain - INFO -   書き換えクエリ: What are some examples of procedural rhetoric used in real life ?
2025-07-20 22:45:03 - DataPreprocessorMain - INFO - 🔄 ターン 4 を処理中...
2025-07-20 22:45:03 - DataPreprocessorMain - INFO -   元のクエリ: What kinds of games are used in political arguments?
2025-07-20 22:45:03 - DataPreprocessorMain - INFO -   書き換えクエリ: What kinds of games are used in political arguments ?
2025-07-20 22:45:03 - DataPreprocessorMain - INFO - 🔄 ターン 5 を処理中...
2025-07-20 22:45:04 - DataPreprocessorMain - INFO -   元のクエリ: Rhetorics using rewards-punishment mechanism... I wonder how that works?
2025-07-20 22:45:04 - DataPreprocessorMain - INFO -   書き換えクエリ: I wonder how rhetoric using rewards-punishment mechanism works ?
2025-07-20 22:45:04 - DataPreprocessorMain - INFO - 🔄 ターン 6 を処理中...
2025-07-20 22:45:04 - DataPreprocessorMain - INFO -   元のクエリ: Is the "carrot and stick" an example of that type of mechanism?
2025-07-20 22:45:04 - DataPreprocessorMain - INFO -   書き換えクエリ: Is the carrot and stick an example of a rewards-punishment mechanism for rhetoric ?
2025-07-20 22:45:04 - DataPreprocessorMain - INFO - ✅ ダイアログ 124 の処理が完了しました
2025-07-20 22:45:04 - DataPreprocessorMain - INFO - 
------------------------------
2025-07-20 22:45:04 - DataPreprocessorMain - INFO - 📌 ダイアログ 125/250 を処理中
2025-07-20 22:45:04 - DataPreprocessorMain - INFO - ------------------------------
2025-07-20 22:45:04 - DataPreprocessorMain - INFO - ダイアログキー: food_level3_dial10
2025-07-20 22:45:04 - DataPreprocessorMain - INFO - ターン数: 6
2025-07-20 22:45:04 - DataPreprocessorMain - INFO - 🔄 ターン 1 を処理中...
2025-07-20 22:45:05 - DataPreprocessorMain - INFO -   元のクエリ: What's believed to be the largest company ever to exist in recorded history?
2025-07-20 22:45:05 - DataPreprocessorMain - INFO -   書き換えクエリ: What's believed to be the largest company ever to exist in recorded history ?
2025-07-20 22:45:05 - DataPreprocessorMain - INFO - 🔄 ターン 2 を処理中...
2025-07-20 22:45:05 - DataPreprocessorMain - INFO -   元のクエリ: Oh, sorry I should've been more specific. I meant by market cap!
2025-07-20 22:45:05 - DataPreprocessorMain - INFO -   書き換えクエリ: What was the largest company ever to exist in recorded history ?
2025-07-20 22:45:05 - DataPreprocessorMain - INFO - 🔄 ターン 3 を処理中...
2025-07-20 22:45:05 - DataPreprocessorMain - INFO -   元のクエリ: What was the Microsoft's market cap value in 2020?
2025-07-20 22:45:05 - DataPreprocessorMain - INFO -   書き換えクエリ: What was the Microsoft's market cap value in 2020 ?
2025-07-20 22:45:05 - DataPreprocessorMain - INFO - 🔄 ターン 4 を処理中...
2025-07-20 22:45:06 - DataPreprocessorMain - INFO -   元のクエリ: When did The Dutch East India Company go out of business?
2025-07-20 22:45:06 - DataPreprocessorMain - INFO -   書き換えクエリ: When did The Dutch East India Company go out of business ?
2025-07-20 22:45:06 - DataPreprocessorMain - INFO - 🔄 ターン 5 を処理中...
2025-07-20 22:45:06 - DataPreprocessorMain - INFO -   元のクエリ: What are the cultural depictions of The Dutch East India Company?
2025-07-20 22:45:06 - DataPreprocessorMain - INFO -   書き換えクエリ: What are the cultural depictions of The Dutch East India Company ?
2025-07-20 22:45:06 - DataPreprocessorMain - INFO - 🔄 ターン 6 を処理中...
2025-07-20 22:45:07 - DataPreprocessorMain - INFO -   元のクエリ: I am interested in Flying Dutchman.
2025-07-20 22:45:07 - DataPreprocessorMain - INFO -   書き換えクエリ: I am interested in Flying Dutchman by Andries Beeckman .
2025-07-20 22:45:07 - DataPreprocessorMain - INFO - ✅ ダイアログ 125 の処理が完了しました
2025-07-20 22:45:07 - DataPreprocessorMain - INFO - 
------------------------------
2025-07-20 22:45:07 - DataPreprocessorMain - INFO - 📌 ダイアログ 126/250 を処理中
2025-07-20 22:45:07 - DataPreprocessorMain - INFO - ------------------------------
2025-07-20 22:45:07 - DataPreprocessorMain - INFO - ダイアログキー: food_level1_dial4
2025-07-20 22:45:07 - DataPreprocessorMain - INFO - ターン数: 6
2025-07-20 22:45:07 - DataPreprocessorMain - INFO - 🔄 ターン 1 を処理中...
2025-07-20 22:45:07 - DataPreprocessorMain - INFO -   元のクエリ: What are considered traditionally warm drinks?
2025-07-20 22:45:07 - DataPreprocessorMain - INFO -   書き換えクエリ: What are considered traditionally warm drinks ?
2025-07-20 22:45:07 - DataPreprocessorMain - INFO - 🔄 ターン 2 を処理中...
2025-07-20 22:45:07 - DataPreprocessorMain - INFO -   元のクエリ: What is the most popular type of tea?
2025-07-20 22:45:07 - DataPreprocessorMain - INFO -   書き換えクエリ: What is the most popular type of tea ?
2025-07-20 22:45:07 - DataPreprocessorMain - INFO - 🔄 ターン 3 を処理中...
2025-07-20 22:45:08 - DataPreprocessorMain - INFO -   元のクエリ: Are there any drinks that have been known to help you sleep better?
2025-07-20 22:45:08 - DataPreprocessorMain - INFO -   書き換えクエリ: Are there any drinks that have been known to help you sleep better ?
2025-07-20 22:45:08 - DataPreprocessorMain - INFO - 🔄 ターン 4 を処理中...
2025-07-20 22:45:08 - DataPreprocessorMain - INFO -   元のクエリ: Can you tell me about non-alcoholic drinks please?
2025-07-20 22:45:08 - DataPreprocessorMain - INFO -   書き換えクエリ: Can you tell me about non-alcoholic drinks please ?
2025-07-20 22:45:08 - DataPreprocessorMain - INFO - 🔄 ターン 5 を処理中...
2025-07-20 22:45:08 - DataPreprocessorMain - INFO -   元のクエリ: Where are some popular places to have a drink in Europe?
2025-07-20 22:45:08 - DataPreprocessorMain - INFO -   書き換えクエリ: Where are some popular places to have a drink in Europe ?
2025-07-20 22:45:08 - DataPreprocessorMain - INFO - 🔄 ターン 6 を処理中...
2025-07-20 22:45:09 - DataPreprocessorMain - INFO -   元のクエリ: Tell me about taverns!
2025-07-20 22:45:09 - DataPreprocessorMain - INFO -   書き換えクエリ: Tell me about taverns in Europe !
2025-07-20 22:45:09 - DataPreprocessorMain - INFO - ✅ ダイアログ 126 の処理が完了しました
2025-07-20 22:45:09 - DataPreprocessorMain - INFO - 
------------------------------
2025-07-20 22:45:09 - DataPreprocessorMain - INFO - 📌 ダイアログ 127/250 を処理中
2025-07-20 22:45:09 - DataPreprocessorMain - INFO - ------------------------------
2025-07-20 22:45:09 - DataPreprocessorMain - INFO - ダイアログキー: food_level3_dial6
2025-07-20 22:45:09 - DataPreprocessorMain - INFO - ターン数: 6
2025-07-20 22:45:09 - DataPreprocessorMain - INFO - 🔄 ターン 1 を処理中...
2025-07-20 22:45:09 - DataPreprocessorMain - INFO -   元のクエリ: What is the percentage of water covering the earth's surface?
2025-07-20 22:45:09 - DataPreprocessorMain - INFO -   書き換えクエリ: What is the percentage of water covering the earth's surface ?
2025-07-20 22:45:09 - DataPreprocessorMain - INFO - 🔄 ターン 2 を処理中...
2025-07-20 22:45:09 - DataPreprocessorMain - INFO -   元のクエリ: Where are the sources of ancient water in the solar system?
2025-07-20 22:45:09 - DataPreprocessorMain - INFO -   書き換えクエリ: Where are the sources of ancient water in the solar system ?
2025-07-20 22:45:09 - DataPreprocessorMain - INFO - 🔄 ターン 3 を処理中...
2025-07-20 22:45:10 - DataPreprocessorMain - INFO -   元のクエリ: I'd like to know about ancient water on Mars.
2025-07-20 22:45:10 - DataPreprocessorMain - INFO -   書き換えクエリ: I'd like to know about ancient water on Mars.
2025-07-20 22:45:10 - DataPreprocessorMain - INFO - 🔄 ターン 4 を処理中...
2025-07-20 22:45:10 - DataPreprocessorMain - INFO -   元のクエリ: How do magnetic fields affect water?
2025-07-20 22:45:10 - DataPreprocessorMain - INFO -   書き換えクエリ: How do magnetic fields affect water on Mars ?
2025-07-20 22:45:10 - DataPreprocessorMain - INFO - 🔄 ターン 5 を処理中...
2025-07-20 22:45:10 - DataPreprocessorMain - INFO -   元のクエリ: What planet other than Earth has the most water?
2025-07-20 22:45:10 - DataPreprocessorMain - INFO -   書き換えクエリ: What planet other than Earth has the most water ?
2025-07-20 22:45:10 - DataPreprocessorMain - INFO - 🔄 ターン 6 を処理中...
2025-07-20 22:45:11 - DataPreprocessorMain - INFO -   元のクエリ: If not liquid water, are there other planets known to have ice on them?
2025-07-20 22:45:11 - DataPreprocessorMain - INFO -   書き換えクエリ: Other than Earth and Mars , are there other planets known to have ice on them ?
2025-07-20 22:45:11 - DataPreprocessorMain - INFO - ✅ ダイアログ 127 の処理が完了しました
2025-07-20 22:45:11 - DataPreprocessorMain - INFO - 
------------------------------
2025-07-20 22:45:11 - DataPreprocessorMain - INFO - 📌 ダイアログ 128/250 を処理中
2025-07-20 22:45:11 - DataPreprocessorMain - INFO - ------------------------------
2025-07-20 22:45:11 - DataPreprocessorMain - INFO - ダイアログキー: top25_dial31
2025-07-20 22:45:11 - DataPreprocessorMain - INFO - ターン数: 6
2025-07-20 22:45:11 - DataPreprocessorMain - INFO - 🔄 ターン 1 を処理中...
2025-07-20 22:45:11 - DataPreprocessorMain - INFO -   元のクエリ: Who performed in the pre-show of the 2021 Hell in a Cell event?
2025-07-20 22:45:11 - DataPreprocessorMain - INFO -   書き換えクエリ: Who performed in the pre-show of the 2021 Hell in a Cell event ?
2025-07-20 22:45:11 - DataPreprocessorMain - INFO - 🔄 ターン 2 を処理中...
2025-07-20 22:45:12 - DataPreprocessorMain - INFO -   元のクエリ: How much revenue was generated from the 2021 Hell in a Cell televised broadcast?
2025-07-20 22:45:12 - DataPreprocessorMain - INFO -   書き換えクエリ: How much revenue was generated from the 2021 Hell in a Cell televised broadcast ?
2025-07-20 22:45:12 - DataPreprocessorMain - INFO - 🔄 ターン 3 を処理中...
2025-07-20 22:45:13 - DataPreprocessorMain - INFO -   元のクエリ: What was the main event of the 2021 Hell in a Cell?
2025-07-20 22:45:13 - DataPreprocessorMain - INFO -   書き換えクエリ: What was the main event of the 2021 Hell in a Cell ?
2025-07-20 22:45:13 - DataPreprocessorMain - INFO - 🔄 ターン 4 を処理中...
2025-07-20 22:45:13 - DataPreprocessorMain - INFO -   元のクエリ: Who won the Hell in the Cell match?
2025-07-20 22:45:13 - DataPreprocessorMain - INFO -   書き換えクエリ: Who won the Hell in the Cell match of 2021 ?
2025-07-20 22:45:13 - DataPreprocessorMain - INFO - 🔄 ターン 5 を処理中...
2025-07-20 22:45:13 - DataPreprocessorMain - INFO -   元のクエリ: What is a schoolboy in this context?
2025-07-20 22:45:13 - DataPreprocessorMain - INFO -   書き換えクエリ: What is a schoolboy in the context of the 2021 Hell in a Cell match ?
2025-07-20 22:45:13 - DataPreprocessorMain - INFO - 🔄 ターン 6 を処理中...
2025-07-20 22:45:14 - DataPreprocessorMain - INFO -   元のクエリ: How does one win in wrestling using the school boy technique?
2025-07-20 22:45:14 - DataPreprocessorMain - INFO -   書き換えクエリ: How does one win in wrestling using the school boy technique ?
2025-07-20 22:45:14 - DataPreprocessorMain - INFO - ✅ ダイアログ 128 の処理が完了しました
2025-07-20 22:45:14 - DataPreprocessorMain - INFO - 
------------------------------
2025-07-20 22:45:14 - DataPreprocessorMain - INFO - 📌 ダイアログ 129/250 を処理中
2025-07-20 22:45:14 - DataPreprocessorMain - INFO - ------------------------------
2025-07-20 22:45:14 - DataPreprocessorMain - INFO - ダイアログキー: top25_dial10
2025-07-20 22:45:14 - DataPreprocessorMain - INFO - ターン数: 6
2025-07-20 22:45:14 - DataPreprocessorMain - INFO - 🔄 ターン 1 を処理中...
2025-07-20 22:45:14 - DataPreprocessorMain - INFO -   元のクエリ: What is the prominent religion practiced in the Gaza Strip area?
2025-07-20 22:45:14 - DataPreprocessorMain - INFO -   書き換えクエリ: What is the prominent religion practiced in the Gaza Strip area ?
2025-07-20 22:45:14 - DataPreprocessorMain - INFO - 🔄 ターン 2 を処理中...
2025-07-20 22:45:14 - DataPreprocessorMain - INFO -   元のクエリ: Who controls the air space over the Gaza Strip area?
2025-07-20 22:45:14 - DataPreprocessorMain - INFO -   書き換えクエリ: Who controls the air space over the Gaza Strip area ?
2025-07-20 22:45:14 - DataPreprocessorMain - INFO - 🔄 ターン 3 を処理中...
2025-07-20 22:45:15 - DataPreprocessorMain - INFO -   元のクエリ: Who are some notable people who come from the Gaza Strip?
2025-07-20 22:45:15 - DataPreprocessorMain - INFO -   書き換えクエリ: Who are some notable people who come from the Gaza Strip ?
2025-07-20 22:45:15 - DataPreprocessorMain - INFO - 🔄 ターン 4 を処理中...
2025-07-20 22:45:15 - DataPreprocessorMain - INFO -   元のクエリ: Who had control of the Gaza Strip in the 1940s?
2025-07-20 22:45:15 - DataPreprocessorMain - INFO -   書き換えクエリ: Who had control of the Gaza Strip in the 1940s ?
2025-07-20 22:45:15 - DataPreprocessorMain - INFO - 🔄 ターン 5 を処理中...
2025-07-20 22:45:16 - DataPreprocessorMain - INFO -   元のクエリ: What kind of religious conflicts have taken place in the Gaza strip?
2025-07-20 22:45:16 - DataPreprocessorMain - INFO -   書き換えクエリ: What kind of religious conflicts have taken place in the Gaza strip ?
2025-07-20 22:45:16 - DataPreprocessorMain - INFO - 🔄 ターン 6 を処理中...
2025-07-20 22:45:16 - DataPreprocessorMain - INFO -   元のクエリ: I'm interested in hearing more about the Salafist movement. Where did it get started?
2025-07-20 22:45:16 - DataPreprocessorMain - INFO -   書き換えクエリ: How did the Salafist movement get started ?
2025-07-20 22:45:16 - DataPreprocessorMain - INFO - ✅ ダイアログ 129 の処理が完了しました
2025-07-20 22:45:16 - DataPreprocessorMain - INFO - 
------------------------------
2025-07-20 22:45:16 - DataPreprocessorMain - INFO - 📌 ダイアログ 130/250 を処理中
2025-07-20 22:45:16 - DataPreprocessorMain - INFO - ------------------------------
2025-07-20 22:45:16 - DataPreprocessorMain - INFO - ダイアログキー: food_level2_dial23
2025-07-20 22:45:16 - DataPreprocessorMain - INFO - ターン数: 6
2025-07-20 22:45:16 - DataPreprocessorMain - INFO - 🔄 ターン 1 を処理中...
2025-07-20 22:45:16 - DataPreprocessorMain - INFO -   元のクエリ: What are two examples of food taboos?
2025-07-20 22:45:16 - DataPreprocessorMain - INFO -   書き換えクエリ: What are two examples of food taboos ?
2025-07-20 22:45:16 - DataPreprocessorMain - INFO - 🔄 ターン 2 を処理中...
2025-07-20 22:45:17 - DataPreprocessorMain - INFO -   元のクエリ: I would like two examples of religious food taboos.
2025-07-20 22:45:17 - DataPreprocessorMain - INFO -   書き換えクエリ: I would like two examples of religious food taboos .
2025-07-20 22:45:17 - DataPreprocessorMain - INFO - 🔄 ターン 3 を処理中...
2025-07-20 22:45:17 - DataPreprocessorMain - INFO -   元のクエリ: What kinds of foods are considered taboo in general?
2025-07-20 22:45:17 - DataPreprocessorMain - INFO -   書き換えクエリ: What kinds of foods are considered taboo in general ?
2025-07-20 22:45:17 - DataPreprocessorMain - INFO - 🔄 ターン 4 を処理中...
2025-07-20 22:45:18 - DataPreprocessorMain - INFO -   元のクエリ: Are there countries were eating dog or cat meat is not considered taboo?
2025-07-20 22:45:18 - DataPreprocessorMain - INFO -   書き換えクエリ: Are there countries where eating dog or cat meat is not considered taboo ?
2025-07-20 22:45:18 - DataPreprocessorMain - INFO - 🔄 ターン 5 を処理中...
2025-07-20 22:45:18 - DataPreprocessorMain - INFO -   元のクエリ: Yes I'd like to know more about consumption in Vietnam.
2025-07-20 22:45:18 - DataPreprocessorMain - INFO -   書き換えクエリ: I'd like to know more about consumption of cat and dog meat in Vietnam.
2025-07-20 22:45:18 - DataPreprocessorMain - INFO - 🔄 ターン 6 を処理中...
2025-07-20 22:45:18 - DataPreprocessorMain - INFO -   元のクエリ: I am interested in modern dog meat consumption.
2025-07-20 22:45:18 - DataPreprocessorMain - INFO -   書き換えクエリ: I am interested in modern dog meat consumption.
2025-07-20 22:45:18 - DataPreprocessorMain - INFO - ✅ ダイアログ 130 の処理が完了しました
2025-07-20 22:45:18 - DataPreprocessorMain - INFO - 
------------------------------
2025-07-20 22:45:18 - DataPreprocessorMain - INFO - 📌 ダイアログ 131/250 を処理中
2025-07-20 22:45:18 - DataPreprocessorMain - INFO - ------------------------------
2025-07-20 22:45:18 - DataPreprocessorMain - INFO - ダイアログキー: hobby_level3_dial24
2025-07-20 22:45:18 - DataPreprocessorMain - INFO - ターン数: 6
2025-07-20 22:45:18 - DataPreprocessorMain - INFO - 🔄 ターン 1 を処理中...
2025-07-20 22:45:19 - DataPreprocessorMain - INFO -   元のクエリ: Where was Song of the South filmed?
2025-07-20 22:45:19 - DataPreprocessorMain - INFO -   書き換えクエリ: Where was Song of the South filmed ?
2025-07-20 22:45:19 - DataPreprocessorMain - INFO - 🔄 ターン 2 を処理中...
2025-07-20 22:45:19 - DataPreprocessorMain - INFO -   元のクエリ: I was asking about "Song of the South" from 1946.
2025-07-20 22:45:19 - DataPreprocessorMain - INFO -   書き換えクエリ: I was asking about "Song of the South" from 1946.
2025-07-20 22:45:19 - DataPreprocessorMain - INFO - 🔄 ターン 3 を処理中...
2025-07-20 22:45:19 - DataPreprocessorMain - INFO -   元のクエリ: Has Song of the South won any awards?
2025-07-20 22:45:19 - DataPreprocessorMain - INFO -   書き換えクエリ: Has Song of the South won any awards ?
2025-07-20 22:45:19 - DataPreprocessorMain - INFO - 🔄 ターン 4 を処理中...
2025-07-20 22:45:20 - DataPreprocessorMain - INFO -   元のクエリ: Who were the lead actors cast in Song of the South?
2025-07-20 22:45:20 - DataPreprocessorMain - INFO -   書き換えクエリ: Who were the lead actors cast in Song of the South ?
2025-07-20 22:45:20 - DataPreprocessorMain - INFO - 🔄 ターン 5 を処理中...
2025-07-20 22:45:20 - DataPreprocessorMain - INFO -   元のクエリ: What was the critical reception for Song of the South?
2025-07-20 22:45:20 - DataPreprocessorMain - INFO -   書き換えクエリ: What was the critical reception for Song of the South ?
2025-07-20 22:45:20 - DataPreprocessorMain - INFO - 🔄 ターン 6 を処理中...
2025-07-20 22:45:21 - DataPreprocessorMain - INFO -   元のクエリ: Why is rotten tomatoes famous for movie reviews?
2025-07-20 22:45:21 - DataPreprocessorMain - INFO -   書き換えクエリ: Why is rotten tomatoes famous for movie reviews of " Songs of the South " ?
2025-07-20 22:45:21 - DataPreprocessorMain - INFO - ✅ ダイアログ 131 の処理が完了しました
2025-07-20 22:45:21 - DataPreprocessorMain - INFO - 
------------------------------
2025-07-20 22:45:21 - DataPreprocessorMain - INFO - 📌 ダイアログ 132/250 を処理中
2025-07-20 22:45:21 - DataPreprocessorMain - INFO - ------------------------------
2025-07-20 22:45:21 - DataPreprocessorMain - INFO - ダイアログキー: hobby_level2_dial30
2025-07-20 22:45:21 - DataPreprocessorMain - INFO - ターン数: 6
2025-07-20 22:45:21 - DataPreprocessorMain - INFO - 🔄 ターン 1 を処理中...
2025-07-20 22:45:21 - DataPreprocessorMain - INFO -   元のクエリ: How did MEC get started?
2025-07-20 22:45:21 - DataPreprocessorMain - INFO -   書き換えクエリ: How did MEC get started ?
2025-07-20 22:45:21 - DataPreprocessorMain - INFO - 🔄 ターン 2 を処理中...
2025-07-20 22:45:21 - DataPreprocessorMain - INFO -   元のクエリ: I don't want to know about any of the options you presented. I would like to know specifically about the Mountain Equipment Co-op.
2025-07-20 22:45:21 - DataPreprocessorMain - INFO -   書き換えクエリ: I would like to know specifically about the Mountain Equipment Co-op.
2025-07-20 22:45:21 - DataPreprocessorMain - INFO - 🔄 ターン 3 を処理中...
2025-07-20 22:45:22 - DataPreprocessorMain - INFO -   元のクエリ: What were some of the financial difficulties that MEC faced?
2025-07-20 22:45:22 - DataPreprocessorMain - INFO -   書き換えクエリ: What were some of the financial difficulties that Mountain Equipment Co-op faced ?
2025-07-20 22:45:22 - DataPreprocessorMain - INFO - 🔄 ターン 4 を処理中...
2025-07-20 22:45:22 - DataPreprocessorMain - INFO -   元のクエリ: Do you know any of the lenders MEC owes money to?
2025-07-20 22:45:22 - DataPreprocessorMain - INFO -   書き換えクエリ: Do you know any of the lenders MEC owes money to ?
2025-07-20 22:45:22 - DataPreprocessorMain - INFO - 🔄 ターン 5 を処理中...
2025-07-20 22:45:23 - DataPreprocessorMain - INFO -   元のクエリ: What was the cause of MEC's financial difficulties and sale of assets in 2020?
2025-07-20 22:45:23 - DataPreprocessorMain - INFO -   書き換えクエリ: What was the cause of MEC's financial difficulties and sale of assets in 2020 ?
2025-07-20 22:45:23 - DataPreprocessorMain - INFO - 🔄 ターン 6 を処理中...
2025-07-20 22:45:23 - DataPreprocessorMain - INFO -   元のクエリ: Can you describe the leadership of MEC ?
2025-07-20 22:45:23 - DataPreprocessorMain - INFO -   書き換えクエリ: Can you describe the leadership of MEC ?
2025-07-20 22:45:23 - DataPreprocessorMain - INFO - ✅ ダイアログ 132 の処理が完了しました
2025-07-20 22:45:23 - DataPreprocessorMain - INFO - 
------------------------------
2025-07-20 22:45:23 - DataPreprocessorMain - INFO - 📌 ダイアログ 133/250 を処理中
2025-07-20 22:45:23 - DataPreprocessorMain - INFO - ------------------------------
2025-07-20 22:45:23 - DataPreprocessorMain - INFO - ダイアログキー: top25_dial58
2025-07-20 22:45:23 - DataPreprocessorMain - INFO - ターン数: 7
2025-07-20 22:45:23 - DataPreprocessorMain - INFO - 🔄 ターン 1 を処理中...
2025-07-20 22:45:23 - DataPreprocessorMain - INFO -   元のクエリ: What event marked the end of the War in Afghanistan in 2021?
2025-07-20 22:45:23 - DataPreprocessorMain - INFO -   書き換えクエリ: What event marked the end of the War in Afghanistan in 2021 ?
2025-07-20 22:45:23 - DataPreprocessorMain - INFO - 🔄 ターン 2 を処理中...
2025-07-20 22:45:24 - DataPreprocessorMain - INFO -   元のクエリ: How long did the War in Afghanistan last?
2025-07-20 22:45:24 - DataPreprocessorMain - INFO -   書き換えクエリ: How long did the War in Afghanistan last ?
2025-07-20 22:45:24 - DataPreprocessorMain - INFO - 🔄 ターン 3 を処理中...
2025-07-20 22:45:24 - DataPreprocessorMain - INFO -   元のクエリ: Why did the United States invade Afghanistan?
2025-07-20 22:45:24 - DataPreprocessorMain - INFO -   書き換えクエリ: Why did the United States invade Afghanistan ?
2025-07-20 22:45:24 - DataPreprocessorMain - INFO - 🔄 ターン 4 を処理中...
2025-07-20 22:45:25 - DataPreprocessorMain - INFO -   元のクエリ: What war crimes were committed by the Taliban?
2025-07-20 22:45:25 - DataPreprocessorMain - INFO -   書き換えクエリ: What war crimes were committed by the Taliban in Afghanistan ?
2025-07-20 22:45:25 - DataPreprocessorMain - INFO - 🔄 ターン 5 を処理中...
2025-07-20 22:45:25 - DataPreprocessorMain - INFO -   元のクエリ: Were the US and the allies also accused of war crimes in Afghanistan?
2025-07-20 22:45:25 - DataPreprocessorMain - INFO -   書き換えクエリ: Were the US and the allies also accused of war crimes in Afghanistan besides Osama bin Laden ?
2025-07-20 22:45:25 - DataPreprocessorMain - INFO - 🔄 ターン 6 を処理中...
2025-07-20 22:45:26 - DataPreprocessorMain - INFO -   元のクエリ: Who was the most famous leader tried for War crimes by the ICC?
2025-07-20 22:45:26 - DataPreprocessorMain - INFO -   書き換えクエリ: Who was the most famous leader tried for War crimes by the ICC in Afghanistan ?
2025-07-20 22:45:26 - DataPreprocessorMain - INFO - 🔄 ターン 7 を処理中...
2025-07-20 22:45:27 - DataPreprocessorMain - INFO -   元のクエリ: Tell me more about Joshua Sang.
2025-07-20 22:45:27 - DataPreprocessorMain - INFO -   書き換えクエリ: Tell me more about tried leaders such as Muammar Gaddafi, Germain Katanga, Tohami Khaled, or Joshua Sang .
2025-07-20 22:45:27 - DataPreprocessorMain - INFO - ✅ ダイアログ 133 の処理が完了しました
2025-07-20 22:45:27 - DataPreprocessorMain - INFO - 
------------------------------
2025-07-20 22:45:27 - DataPreprocessorMain - INFO - 📌 ダイアログ 134/250 を処理中
2025-07-20 22:45:27 - DataPreprocessorMain - INFO - ------------------------------
2025-07-20 22:45:27 - DataPreprocessorMain - INFO - ダイアログキー: hobby_level1_dial8
2025-07-20 22:45:27 - DataPreprocessorMain - INFO - ターン数: 3
2025-07-20 22:45:27 - DataPreprocessorMain - INFO - 🔄 ターン 1 を処理中...
2025-07-20 22:45:27 - DataPreprocessorMain - INFO -   元のクエリ: When did cosplaying become popular?
2025-07-20 22:45:27 - DataPreprocessorMain - INFO -   書き換えクエリ: When did cosplaying become popular ?
2025-07-20 22:45:27 - DataPreprocessorMain - INFO - 🔄 ターン 2 を処理中...
2025-07-20 22:45:27 - DataPreprocessorMain - INFO -   元のクエリ: Which country hosts the largest cosplay convention?
2025-07-20 22:45:27 - DataPreprocessorMain - INFO -   書き換えクエリ: Which country hosts the largest cosplay convention ?
2025-07-20 22:45:27 - DataPreprocessorMain - INFO - 🔄 ターン 3 を処理中...
2025-07-20 22:45:28 - DataPreprocessorMain - INFO -   元のクエリ: What's the biggest cosplay event in the US?
2025-07-20 22:45:28 - DataPreprocessorMain - INFO -   書き換えクエリ: What's the biggest cosplay event in the US ?
2025-07-20 22:45:28 - DataPreprocessorMain - INFO - ✅ ダイアログ 134 の処理が完了しました
2025-07-20 22:45:28 - DataPreprocessorMain - INFO - 
------------------------------
2025-07-20 22:45:28 - DataPreprocessorMain - INFO - 📌 ダイアログ 135/250 を処理中
2025-07-20 22:45:28 - DataPreprocessorMain - INFO - ------------------------------
2025-07-20 22:45:28 - DataPreprocessorMain - INFO - ダイアログキー: top25_dial32
2025-07-20 22:45:28 - DataPreprocessorMain - INFO - ターン数: 6
2025-07-20 22:45:28 - DataPreprocessorMain - INFO - 🔄 ターン 1 を処理中...
2025-07-20 22:45:28 - DataPreprocessorMain - INFO -   元のクエリ: Did Kathleen Ledecky win any medals in the Tokyo 2020 Olympics?
2025-07-20 22:45:28 - DataPreprocessorMain - INFO -   書き換えクエリ: Did Kathleen Ledecky win any medals in the Tokyo 2020 Olympics ?
2025-07-20 22:45:28 - DataPreprocessorMain - INFO - 🔄 ターン 2 を処理中...
2025-07-20 22:45:28 - DataPreprocessorMain - INFO -   元のクエリ: Could you tell me about any records she holds?
2025-07-20 22:45:28 - DataPreprocessorMain - INFO -   書き換えクエリ: Can you tell me about any records Kathleen Ledecky holds ?
2025-07-20 22:45:28 - DataPreprocessorMain - INFO - 🔄 ターン 3 を処理中...
2025-07-20 22:45:29 - DataPreprocessorMain - INFO -   元のクエリ: What is her best record in 1500 meter freestyle event?
2025-07-20 22:45:29 - DataPreprocessorMain - INFO -   書き換えクエリ: What is Kathleen Ledecky best record in 1500 meter freestyle event ?
2025-07-20 22:45:29 - DataPreprocessorMain - INFO - 🔄 ターン 4 を処理中...
2025-07-20 22:45:29 - DataPreprocessorMain - INFO -   元のクエリ: What was the previous world record before Ledecky broke the record in the 1500 meter freestyle?
2025-07-20 22:45:29 - DataPreprocessorMain - INFO -   書き換えクエリ: What was the previous world record before Kathleen Ledecky broke the record in the 1500 meter freestyle ?
2025-07-20 22:45:29 - DataPreprocessorMain - INFO - 🔄 ターン 5 を処理中...
2025-07-20 22:45:30 - DataPreprocessorMain - INFO -   元のクエリ: What are some of Ledecky's other personal bests?
2025-07-20 22:45:30 - DataPreprocessorMain - INFO -   書き換えクエリ: What are some of Kathleen Ledecky 's other personal bests aside from breaking her own record by five seconds ?
2025-07-20 22:45:30 - DataPreprocessorMain - INFO - 🔄 ターン 6 を処理中...
2025-07-20 22:45:31 - DataPreprocessorMain - INFO -   元のクエリ: Did Ledecky ever set an Olympic world record?
2025-07-20 22:45:31 - DataPreprocessorMain - INFO -   書き換えクエリ: Did Kathleen Ledecky ever set an Olympic world record ?
2025-07-20 22:45:31 - DataPreprocessorMain - INFO - ✅ ダイアログ 135 の処理が完了しました
2025-07-20 22:45:31 - DataPreprocessorMain - INFO - 
------------------------------
2025-07-20 22:45:31 - DataPreprocessorMain - INFO - 📌 ダイアログ 136/250 を処理中
2025-07-20 22:45:31 - DataPreprocessorMain - INFO - ------------------------------
2025-07-20 22:45:31 - DataPreprocessorMain - INFO - ダイアログキー: food_level1_dial5
2025-07-20 22:45:31 - DataPreprocessorMain - INFO - ターン数: 6
2025-07-20 22:45:31 - DataPreprocessorMain - INFO - 🔄 ターン 1 を処理中...
2025-07-20 22:45:31 - DataPreprocessorMain - INFO -   元のクエリ: What process is used to make olive oil?
2025-07-20 22:45:31 - DataPreprocessorMain - INFO -   書き換えクエリ: What process is used to make olive oil ?
2025-07-20 22:45:31 - DataPreprocessorMain - INFO - 🔄 ターン 2 を処理中...
2025-07-20 22:45:31 - DataPreprocessorMain - INFO -   元のクエリ: Where was olive oil first made?
2025-07-20 22:45:31 - DataPreprocessorMain - INFO -   書き換えクエリ: Where was olive oil first made ?
2025-07-20 22:45:31 - DataPreprocessorMain - INFO - 🔄 ターン 3 を処理中...
2025-07-20 22:45:32 - DataPreprocessorMain - INFO -   元のクエリ: What are the health benefits of olive oil?
2025-07-20 22:45:32 - DataPreprocessorMain - INFO -   書き換えクエリ: What are the health benefits of olive oil ?
2025-07-20 22:45:32 - DataPreprocessorMain - INFO - 🔄 ターン 4 を処理中...
2025-07-20 22:45:32 - DataPreprocessorMain - INFO -   元のクエリ: Does olive oil consumption lead to any negative health outcomes?
2025-07-20 22:45:32 - DataPreprocessorMain - INFO -   書き換えクエリ: Does olive oil consumption lead to any negative health outcomes ?
2025-07-20 22:45:32 - DataPreprocessorMain - INFO - 🔄 ターン 5 を処理中...
2025-07-20 22:45:33 - DataPreprocessorMain - INFO -   元のクエリ: Which countries consume the most olive oil?
2025-07-20 22:45:33 - DataPreprocessorMain - INFO -   書き換えクエリ: Which countries consume the most olive oil ?
2025-07-20 22:45:33 - DataPreprocessorMain - INFO - 🔄 ターン 6 を処理中...
2025-07-20 22:45:33 - DataPreprocessorMain - INFO -   元のクエリ: On the topic of olive oil, can you tell me some differences between it and canola oil?
2025-07-20 22:45:33 - DataPreprocessorMain - INFO -   書き換えクエリ: On the topic of olive oil, can you tell me some differences between it and canola oil ?
2025-07-20 22:45:33 - DataPreprocessorMain - INFO - ✅ ダイアログ 136 の処理が完了しました
2025-07-20 22:45:33 - DataPreprocessorMain - INFO - 
------------------------------
2025-07-20 22:45:33 - DataPreprocessorMain - INFO - 📌 ダイアログ 137/250 を処理中
2025-07-20 22:45:33 - DataPreprocessorMain - INFO - ------------------------------
2025-07-20 22:45:33 - DataPreprocessorMain - INFO - ダイアログキー: top25_dial11
2025-07-20 22:45:33 - DataPreprocessorMain - INFO - ターン数: 6
2025-07-20 22:45:33 - DataPreprocessorMain - INFO - 🔄 ターン 1 を処理中...
2025-07-20 22:45:33 - DataPreprocessorMain - INFO -   元のクエリ: Who produced the 34th annual Royal Rumble?
2025-07-20 22:45:33 - DataPreprocessorMain - INFO -   書き換えクエリ: Who produced the 34th annual Royal Rumble ?
2025-07-20 22:45:33 - DataPreprocessorMain - INFO - 🔄 ターン 2 を処理中...
2025-07-20 22:45:34 - DataPreprocessorMain - INFO -   元のクエリ: Which wrestlers were featured in the 34th annual Royal Rumble pre-show?
2025-07-20 22:45:34 - DataPreprocessorMain - INFO -   書き換えクエリ: Which wrestlers were featured in the 34th annual Royal Rumble pre-show ?
2025-07-20 22:45:34 - DataPreprocessorMain - INFO - 🔄 ターン 3 を処理中...
2025-07-20 22:45:34 - DataPreprocessorMain - INFO -   元のクエリ: Which female wrestler pair won the match in the 34th annual Royal Rumble pre-show?
2025-07-20 22:45:34 - DataPreprocessorMain - INFO -   書き換えクエリ: Which female wrestler pair won the match in the 34th annual Royal Rumble pre-show ?
2025-07-20 22:45:34 - DataPreprocessorMain - INFO - 🔄 ターン 4 を処理中...
2025-07-20 22:45:35 - DataPreprocessorMain - INFO -   元のクエリ: What happened in the Raw Aftermath?
2025-07-20 22:45:35 - DataPreprocessorMain - INFO -   書き換えクエリ: What happened in the Raw Aftermath ?
2025-07-20 22:45:35 - DataPreprocessorMain - INFO - 🔄 ターン 5 を処理中...
2025-07-20 22:45:35 - DataPreprocessorMain - INFO -   元のクエリ: Whatever happened with Asuka & Charlotte Flair at the Raw Aftermath?
2025-07-20 22:45:35 - DataPreprocessorMain - INFO -   書き換えクエリ: What ever happened with Asuka & Charlotte Flair at the Raw Aftermath ?
2025-07-20 22:45:35 - DataPreprocessorMain - INFO - 🔄 ターン 6 を処理中...
2025-07-20 22:45:36 - DataPreprocessorMain - INFO -   元のクエリ: Is WWE still a major player in wrestling?
2025-07-20 22:45:36 - DataPreprocessorMain - INFO -   書き換えクエリ: Is WWE still a major player in wrestling ?
2025-07-20 22:45:36 - DataPreprocessorMain - INFO - ✅ ダイアログ 137 の処理が完了しました
2025-07-20 22:45:36 - DataPreprocessorMain - INFO - 
------------------------------
2025-07-20 22:45:36 - DataPreprocessorMain - INFO - 📌 ダイアログ 138/250 を処理中
2025-07-20 22:45:36 - DataPreprocessorMain - INFO - ------------------------------
2025-07-20 22:45:36 - DataPreprocessorMain - INFO - ダイアログキー: food_level3_dial7
2025-07-20 22:45:36 - DataPreprocessorMain - INFO - ターン数: 6
2025-07-20 22:45:36 - DataPreprocessorMain - INFO - 🔄 ターン 1 を処理中...
2025-07-20 22:45:36 - DataPreprocessorMain - INFO -   元のクエリ: What companies were included in the horse meat scandal?
2025-07-20 22:45:36 - DataPreprocessorMain - INFO -   書き換えクエリ: What companies were included in the horse meat scandal ?
2025-07-20 22:45:36 - DataPreprocessorMain - INFO - 🔄 ターン 2 を処理中...
2025-07-20 22:45:37 - DataPreprocessorMain - INFO -   元のクエリ: What countries were involved in the scandal?
2025-07-20 22:45:37 - DataPreprocessorMain - INFO -   書き換えクエリ: What countries were involved in the scandal of horse meat ?
2025-07-20 22:45:37 - DataPreprocessorMain - INFO - 🔄 ターン 3 を処理中...
2025-07-20 22:45:37 - DataPreprocessorMain - INFO -   元のクエリ: Tell more about the France scandal!
2025-07-20 22:45:37 - DataPreprocessorMain - INFO -   書き換えクエリ: Tell more about the France scandal !
2025-07-20 22:45:37 - DataPreprocessorMain - INFO - 🔄 ターン 4 を処理中...
2025-07-20 22:45:38 - DataPreprocessorMain - INFO -   元のクエリ: What was the French governments response to the Scandal?
2025-07-20 22:45:38 - DataPreprocessorMain - INFO -   書き換えクエリ: What was the French governments response to the Scandal of 2013 regarding horse meat ?
2025-07-20 22:45:38 - DataPreprocessorMain - INFO - 🔄 ターン 5 を処理中...
2025-07-20 22:45:38 - DataPreprocessorMain - INFO -   元のクエリ: What were the implications for religious groups stemming from the horse meat scandal?
2025-07-20 22:45:38 - DataPreprocessorMain - INFO -   書き換えクエリ: What were the implications for religious groups stemming from the horse meat scandal ?
2025-07-20 22:45:38 - DataPreprocessorMain - INFO - 🔄 ターン 6 を処理中...
2025-07-20 22:45:39 - DataPreprocessorMain - INFO -   元のクエリ: Why do they consider it a sin to consume pig?
2025-07-20 22:45:39 - DataPreprocessorMain - INFO -   書き換えクエリ: Why do Muslims and Jews consider pig consumption a sin ?
2025-07-20 22:45:39 - DataPreprocessorMain - INFO - ✅ ダイアログ 138 の処理が完了しました
2025-07-20 22:45:39 - DataPreprocessorMain - INFO - 
------------------------------
2025-07-20 22:45:39 - DataPreprocessorMain - INFO - 📌 ダイアログ 139/250 を処理中
2025-07-20 22:45:39 - DataPreprocessorMain - INFO - ------------------------------
2025-07-20 22:45:39 - DataPreprocessorMain - INFO - ダイアログキー: hobby_level2_dial31
2025-07-20 22:45:39 - DataPreprocessorMain - INFO - ターン数: 6
2025-07-20 22:45:39 - DataPreprocessorMain - INFO - 🔄 ターン 1 を処理中...
2025-07-20 22:45:39 - DataPreprocessorMain - INFO -   元のクエリ: How did Ansel Easton Adams get started in photography?
2025-07-20 22:45:39 - DataPreprocessorMain - INFO -   書き換えクエリ: How did Ansel Easton Adams get started in photography ?
2025-07-20 22:45:39 - DataPreprocessorMain - INFO - 🔄 ターン 2 を処理中...
2025-07-20 22:45:39 - DataPreprocessorMain - INFO -   元のクエリ: What type of photographs was Ansel Easton Adams most famous for?
2025-07-20 22:45:39 - DataPreprocessorMain - INFO -   書き換えクエリ: What type of photographs was Ansel Easton Adams most famous for ?
2025-07-20 22:45:39 - DataPreprocessorMain - INFO - 🔄 ターン 3 を処理中...
2025-07-20 22:45:40 - DataPreprocessorMain - INFO -   元のクエリ: Explain the zone system method developed by Ansel Adams.
2025-07-20 22:45:40 - DataPreprocessorMain - INFO -   書き換えクエリ: Explain the zone system method developed by Ansel Adams .
2025-07-20 22:45:40 - DataPreprocessorMain - INFO - 🔄 ターン 4 を処理中...
2025-07-20 22:45:40 - DataPreprocessorMain - INFO -   元のクエリ: What other famous photographers have used the Zone method?
2025-07-20 22:45:40 - DataPreprocessorMain - INFO -   書き換えクエリ: Besides Ansel Adams , what other famous photographers have used the Zone method ?
2025-07-20 22:45:40 - DataPreprocessorMain - INFO - 🔄 ターン 5 を処理中...
2025-07-20 22:45:41 - DataPreprocessorMain - INFO -   元のクエリ: That's fine. Can you instead tell me what are Ansel Adam's most famous photographs?
2025-07-20 22:45:41 - DataPreprocessorMain - INFO -   書き換えクエリ: Can you instead tell me what are Ansel Adam 's most famous photographs ?
2025-07-20 22:45:41 - DataPreprocessorMain - INFO - 🔄 ターン 6 を処理中...
2025-07-20 22:45:41 - DataPreprocessorMain - INFO -   元のクエリ: Who bought the most famous Ansel Adams photograph?
2025-07-20 22:45:41 - DataPreprocessorMain - INFO -   書き換えクエリ: Who bought the most famous Ansel Adams photograph ?
2025-07-20 22:45:41 - DataPreprocessorMain - INFO - ✅ ダイアログ 139 の処理が完了しました
2025-07-20 22:45:41 - DataPreprocessorMain - INFO - 
------------------------------
2025-07-20 22:45:41 - DataPreprocessorMain - INFO - 📌 ダイアログ 140/250 を処理中
2025-07-20 22:45:41 - DataPreprocessorMain - INFO - ------------------------------
2025-07-20 22:45:41 - DataPreprocessorMain - INFO - ダイアログキー: hobby_level1_dial9
2025-07-20 22:45:41 - DataPreprocessorMain - INFO - ターン数: 6
2025-07-20 22:45:41 - DataPreprocessorMain - INFO - 🔄 ターン 1 を処理中...
2025-07-20 22:45:42 - DataPreprocessorMain - INFO -   元のクエリ: What is the primary benefit of using models in wargaming?
2025-07-20 22:45:42 - DataPreprocessorMain - INFO -   書き換えクエリ: What is the primary benefit of using models in wargaming ?
2025-07-20 22:45:42 - DataPreprocessorMain - INFO - 🔄 ターン 2 を処理中...
2025-07-20 22:45:42 - DataPreprocessorMain - INFO -   元のクエリ: I'd like to know about the use of models in leisure activities, such as board games.
2025-07-20 22:45:42 - DataPreprocessorMain - INFO -   書き換えクエリ: I'd like to know about the use of models in leisure activities, such as board games.
2025-07-20 22:45:42 - DataPreprocessorMain - INFO - 🔄 ターン 3 を処理中...
2025-07-20 22:45:42 - DataPreprocessorMain - INFO -   元のクエリ: How is miniature wargaming used in roleplaying games?
2025-07-20 22:45:42 - DataPreprocessorMain - INFO -   書き換えクエリ: How is miniature wargaming used in roleplaying games ?
2025-07-20 22:45:42 - DataPreprocessorMain - INFO - 🔄 ターン 4 を処理中...
2025-07-20 22:45:43 - DataPreprocessorMain - INFO -   元のクエリ: Are models painted?
2025-07-20 22:45:43 - DataPreprocessorMain - INFO -   書き換えクエリ: Are models painted in miniature wargaming ?
2025-07-20 22:45:43 - DataPreprocessorMain - INFO - 🔄 ターン 5 を処理中...
2025-07-20 22:45:43 - DataPreprocessorMain - INFO -   元のクエリ: I see. Can you explain to me what the difference between a miniature model and a scale model is, then?
2025-07-20 22:45:43 - DataPreprocessorMain - INFO -   書き換えクエリ: Can you explain to me what the difference between a miniature model and a scale model is ?
2025-07-20 22:45:43 - DataPreprocessorMain - INFO - 🔄 ターン 6 を処理中...
2025-07-20 22:45:44 - DataPreprocessorMain - INFO -   元のクエリ: Is there a maximum size can a model be to be considered a miniature still?
2025-07-20 22:45:44 - DataPreprocessorMain - INFO -   書き換えクエリ: Is there a maximum size can a model be to be considered a miniature still ?
2025-07-20 22:45:44 - DataPreprocessorMain - INFO - ✅ ダイアログ 140 の処理が完了しました
2025-07-20 22:45:44 - DataPreprocessorMain - INFO - 
------------------------------
2025-07-20 22:45:44 - DataPreprocessorMain - INFO - 📌 ダイアログ 141/250 を処理中
2025-07-20 22:45:44 - DataPreprocessorMain - INFO - ------------------------------
2025-07-20 22:45:44 - DataPreprocessorMain - INFO - ダイアログキー: food_level3_dial11
2025-07-20 22:45:44 - DataPreprocessorMain - INFO - ターン数: 6
2025-07-20 22:45:44 - DataPreprocessorMain - INFO - 🔄 ターン 1 を処理中...
2025-07-20 22:45:44 - DataPreprocessorMain - INFO -   元のクエリ: The word asphalt is derive from what word in ancient Greek?
2025-07-20 22:45:44 - DataPreprocessorMain - INFO -   書き換えクエリ: The word asphalt derives from what word in ancient Greek ?
2025-07-20 22:45:44 - DataPreprocessorMain - INFO - 🔄 ターン 2 を処理中...
2025-07-20 22:45:45 - DataPreprocessorMain - INFO -   元のクエリ: When was asphalt first used and for what purpose?
2025-07-20 22:45:45 - DataPreprocessorMain - INFO -   書き換えクエリ: When was asphalt first used and for what purpose ?
2025-07-20 22:45:45 - DataPreprocessorMain - INFO - 🔄 ターン 3 を処理中...
2025-07-20 22:45:45 - DataPreprocessorMain - INFO -   元のクエリ: What country has the largest known reserve of natural asphalt?
2025-07-20 22:45:45 - DataPreprocessorMain - INFO -   書き換えクエリ: What country has the largest known reserve of natural asphalt ?
2025-07-20 22:45:45 - DataPreprocessorMain - INFO - 🔄 ターン 4 を処理中...
2025-07-20 22:45:45 - DataPreprocessorMain - INFO -   元のクエリ: What are some alternatives to asphalt?
2025-07-20 22:45:45 - DataPreprocessorMain - INFO -   書き換えクエリ: What are some alternatives to asphalt ?
2025-07-20 22:45:45 - DataPreprocessorMain - INFO - 🔄 ターン 5 を処理中...
2025-07-20 22:45:45 - DataPreprocessorMain - INFO -   元のクエリ: What is the difference between asphalt and concrete?
2025-07-20 22:45:45 - DataPreprocessorMain - INFO -   書き換えクエリ: What is the difference between asphalt and concrete ?
2025-07-20 22:45:45 - DataPreprocessorMain - INFO - 🔄 ターン 6 を処理中...
2025-07-20 22:45:46 - DataPreprocessorMain - INFO -   元のクエリ: Does asphalt have any advantages over concrete or vice versa?
2025-07-20 22:45:46 - DataPreprocessorMain - INFO -   書き換えクエリ: Does asphalt have any advantages over concrete or vice versa ?
2025-07-20 22:45:46 - DataPreprocessorMain - INFO - ✅ ダイアログ 141 の処理が完了しました
2025-07-20 22:45:46 - DataPreprocessorMain - INFO - 
------------------------------
2025-07-20 22:45:46 - DataPreprocessorMain - INFO - 📌 ダイアログ 142/250 を処理中
2025-07-20 22:45:46 - DataPreprocessorMain - INFO - ------------------------------
2025-07-20 22:45:46 - DataPreprocessorMain - INFO - ダイアログキー: top25_dial59
2025-07-20 22:45:46 - DataPreprocessorMain - INFO - ターン数: 6
2025-07-20 22:45:46 - DataPreprocessorMain - INFO - 🔄 ターン 1 を処理中...
2025-07-20 22:45:46 - DataPreprocessorMain - INFO -   元のクエリ: What limitations do the Eternals have?
2025-07-20 22:45:46 - DataPreprocessorMain - INFO -   書き換えクエリ: What limitations do the Eternals have ?
2025-07-20 22:45:46 - DataPreprocessorMain - INFO - 🔄 ターン 2 を処理中...
2025-07-20 22:45:47 - DataPreprocessorMain - INFO -   元のクエリ: I would like to know about the Eternals' physical limitations.
2025-07-20 22:45:47 - DataPreprocessorMain - INFO -   書き換えクエリ: I would like to know about the Eternals' physical limitations.
2025-07-20 22:45:47 - DataPreprocessorMain - INFO - 🔄 ターン 3 を処理中...
2025-07-20 22:45:47 - DataPreprocessorMain - INFO -   元のクエリ: Why can't they attack their Celestial "masters"?
2025-07-20 22:45:47 - DataPreprocessorMain - INFO -   書き換えクエリ: Why can't the Eternals attack their Celestial "masters" ?
2025-07-20 22:45:47 - DataPreprocessorMain - INFO - 🔄 ターン 4 を処理中...
2025-07-20 22:45:47 - DataPreprocessorMain - INFO -   元のクエリ: Has there been a film adaptation of the Eternals?
2025-07-20 22:45:47 - DataPreprocessorMain - INFO -   書き換えクエリ: Has there been a film adaptation of the Eternals ?
2025-07-20 22:45:47 - DataPreprocessorMain - INFO - 🔄 ターン 5 を処理中...
2025-07-20 22:45:48 - DataPreprocessorMain - INFO -   元のクエリ: Was The Eternals recognized for any awards?
2025-07-20 22:45:48 - DataPreprocessorMain - INFO -   書き換えクエリ: Was the film The Eternals recognized for any awards ?
2025-07-20 22:45:48 - DataPreprocessorMain - INFO - 🔄 ターン 6 を処理中...
2025-07-20 22:45:48 - DataPreprocessorMain - INFO -   元のクエリ: Oh cool, who had a disability in that film?
2025-07-20 22:45:48 - DataPreprocessorMain - INFO -   書き換えクエリ: Who in the Eternals had a disability ?
2025-07-20 22:45:48 - DataPreprocessorMain - INFO - ✅ ダイアログ 142 の処理が完了しました
2025-07-20 22:45:48 - DataPreprocessorMain - INFO - 
------------------------------
2025-07-20 22:45:48 - DataPreprocessorMain - INFO - 📌 ダイアログ 143/250 を処理中
2025-07-20 22:45:48 - DataPreprocessorMain - INFO - ------------------------------
2025-07-20 22:45:48 - DataPreprocessorMain - INFO - ダイアログキー: food_level1_dial6
2025-07-20 22:45:48 - DataPreprocessorMain - INFO - ターン数: 6
2025-07-20 22:45:48 - DataPreprocessorMain - INFO - 🔄 ターン 1 を処理中...
2025-07-20 22:45:49 - DataPreprocessorMain - INFO -   元のクエリ: What type of fungus is used in the fermentation of soybeans to make tempeh?
2025-07-20 22:45:49 - DataPreprocessorMain - INFO -   書き換えクエリ: What type of fungus is used in the fermentation of soybeans to make tempeh ?
2025-07-20 22:45:49 - DataPreprocessorMain - INFO - 🔄 ターン 2 を処理中...
2025-07-20 22:45:49 - DataPreprocessorMain - INFO -   元のクエリ: How does Rhizopus oligosporus differ from Rhizopus oryzae?
2025-07-20 22:45:49 - DataPreprocessorMain - INFO -   書き換えクエリ: How does Rhizopus oligosporus differ from Rhizopus oryzae ?
2025-07-20 22:45:49 - DataPreprocessorMain - INFO - 🔄 ターン 3 を処理中...
2025-07-20 22:45:50 - DataPreprocessorMain - INFO -   元のクエリ: What are the nutritional aspects of tempeh?
2025-07-20 22:45:50 - DataPreprocessorMain - INFO -   書き換えクエリ: What are the nutritional aspects of tempeh made from soybeans ?
2025-07-20 22:45:50 - DataPreprocessorMain - INFO - 🔄 ターン 4 を処理中...
2025-07-20 22:45:50 - DataPreprocessorMain - INFO -   元のクエリ: How is tempeh made?
2025-07-20 22:45:50 - DataPreprocessorMain - INFO -   書き換えクエリ: How is tempeh made ?
2025-07-20 22:45:50 - DataPreprocessorMain - INFO - 🔄 ターン 5 を処理中...
2025-07-20 22:45:50 - DataPreprocessorMain - INFO -   元のクエリ: Was there any questions about Tempeh's origins?
2025-07-20 22:45:50 - DataPreprocessorMain - INFO -   書き換えクエリ: Was there any questions about Tempeh's origins ?
2025-07-20 22:45:50 - DataPreprocessorMain - INFO - 🔄 ターン 6 を処理中...
2025-07-20 22:45:51 - DataPreprocessorMain - INFO -   元のクエリ: Yes that what I was asking for.
2025-07-20 22:45:51 - DataPreprocessorMain - INFO -   書き換えクエリ: Is there any information about Tempeh derived from the invention of fungus ?
2025-07-20 22:45:51 - DataPreprocessorMain - INFO - ✅ ダイアログ 143 の処理が完了しました
2025-07-20 22:45:51 - DataPreprocessorMain - INFO - 
------------------------------
2025-07-20 22:45:51 - DataPreprocessorMain - INFO - 📌 ダイアログ 144/250 を処理中
2025-07-20 22:45:51 - DataPreprocessorMain - INFO - ------------------------------
2025-07-20 22:45:51 - DataPreprocessorMain - INFO - ダイアログキー: hobby_level2_dial32
2025-07-20 22:45:51 - DataPreprocessorMain - INFO - ターン数: 6
2025-07-20 22:45:51 - DataPreprocessorMain - INFO - 🔄 ターン 1 を処理中...
2025-07-20 22:45:51 - DataPreprocessorMain - INFO -   元のクエリ: What other countries is Little League Baseball popular in?
2025-07-20 22:45:51 - DataPreprocessorMain - INFO -   書き換えクエリ: What other countries is Little League Baseball popular in besides the United States ?
2025-07-20 22:45:51 - DataPreprocessorMain - INFO - 🔄 ターン 2 を処理中...
2025-07-20 22:45:51 - DataPreprocessorMain - INFO -   元のクエリ: I would like to know about the International Bracket in Asia.
2025-07-20 22:45:51 - DataPreprocessorMain - INFO -   書き換えクエリ: I would like to know about the International Bracket in Asia.
2025-07-20 22:45:51 - DataPreprocessorMain - INFO - 🔄 ターン 3 を処理中...
2025-07-20 22:45:52 - DataPreprocessorMain - INFO -   元のクエリ: What team did Taiwan face in the finals in 1991?
2025-07-20 22:45:52 - DataPreprocessorMain - INFO -   書き換えクエリ: What team did Taiwan face in the finals in 1991 ?
2025-07-20 22:45:52 - DataPreprocessorMain - INFO - 🔄 ターン 4 を処理中...
2025-07-20 22:45:52 - DataPreprocessorMain - INFO -   元のクエリ: Ah, I see. Well then, can you tell me when the San Ramon Valley Little League of Danville was first founded?
2025-07-20 22:45:52 - DataPreprocessorMain - INFO -   書き換えクエリ: Can you tell me when the San Ramon Valley Little League of Danville was first founded ?
2025-07-20 22:45:52 - DataPreprocessorMain - INFO - 🔄 ターン 5 を処理中...
2025-07-20 22:45:53 - DataPreprocessorMain - INFO -   元のクエリ: What are the rules regarding substitutions in Little League?
2025-07-20 22:45:53 - DataPreprocessorMain - INFO -   書き換えクエリ: What are the rules regarding substitutions in Little League ?
2025-07-20 22:45:53 - DataPreprocessorMain - INFO - 🔄 ターン 6 を処理中...
2025-07-20 22:45:53 - DataPreprocessorMain - INFO -   元のクエリ: What are the conditions for substituting a player back in?
2025-07-20 22:45:53 - DataPreprocessorMain - INFO -   書き換えクエリ: What are the conditions for substituting a player back in Little League ?
2025-07-20 22:45:53 - DataPreprocessorMain - INFO - ✅ ダイアログ 144 の処理が完了しました
2025-07-20 22:45:53 - DataPreprocessorMain - INFO - 
------------------------------
2025-07-20 22:45:53 - DataPreprocessorMain - INFO - 📌 ダイアログ 145/250 を処理中
2025-07-20 22:45:53 - DataPreprocessorMain - INFO - ------------------------------
2025-07-20 22:45:53 - DataPreprocessorMain - INFO - ダイアログキー: food_level3_dial12
2025-07-20 22:45:53 - DataPreprocessorMain - INFO - ターン数: 7
2025-07-20 22:45:53 - DataPreprocessorMain - INFO - 🔄 ターン 1 を処理中...
2025-07-20 22:45:53 - DataPreprocessorMain - INFO -   元のクエリ: What kind of pollutants are found in water?
2025-07-20 22:45:53 - DataPreprocessorMain - INFO -   書き換えクエリ: What kind of pollutants are found in water ?
2025-07-20 22:45:53 - DataPreprocessorMain - INFO - 🔄 ターン 2 を処理中...
2025-07-20 22:45:54 - DataPreprocessorMain - INFO -   元のクエリ: I would like to learn more about pathogen pollutants in water.
2025-07-20 22:45:54 - DataPreprocessorMain - INFO -   書き換えクエリ: I would like to learn more about pathogen pollutants in water.
2025-07-20 22:45:54 - DataPreprocessorMain - INFO - 🔄 ターン 3 を処理中...
2025-07-20 22:45:54 - DataPreprocessorMain - INFO -   元のクエリ: Tell more above the protozoa pathogen please?
2025-07-20 22:45:54 - DataPreprocessorMain - INFO -   書き換えクエリ: Tell me more above the protozoa pathogen please ?
2025-07-20 22:45:54 - DataPreprocessorMain - INFO - 🔄 ターン 4 を処理中...
2025-07-20 22:45:55 - DataPreprocessorMain - INFO -   元のクエリ: What protozoa pathogens cause malaria?
2025-07-20 22:45:55 - DataPreprocessorMain - INFO -   書き換えクエリ: What protozoa pathogens cause malaria ?
2025-07-20 22:45:55 - DataPreprocessorMain - INFO - 🔄 ターン 5 を処理中...
2025-07-20 22:45:55 - DataPreprocessorMain - INFO -   元のクエリ: Which country has the best quality of water?
2025-07-20 22:45:55 - DataPreprocessorMain - INFO -   書き換えクエリ: Which country has the best quality of water for malaria ?
2025-07-20 22:45:55 - DataPreprocessorMain - INFO - 🔄 ターン 6 を処理中...
2025-07-20 22:45:55 - DataPreprocessorMain - INFO -   元のクエリ: Tell me more about Europe!
2025-07-20 22:45:55 - DataPreprocessorMain - INFO -   書き換えクエリ: Tell me more about Europe!
2025-07-20 22:45:55 - DataPreprocessorMain - INFO - 🔄 ターン 7 を処理中...
2025-07-20 22:45:56 - DataPreprocessorMain - INFO -   元のクエリ: Yes, please tell me something about the parametric standards included in the Drinking Water Directive.
2025-07-20 22:45:56 - DataPreprocessorMain - INFO -   書き換えクエリ: What are the parametric standards included in the Drinking Water Directive ?
2025-07-20 22:45:56 - DataPreprocessorMain - INFO - ✅ ダイアログ 145 の処理が完了しました
2025-07-20 22:45:56 - DataPreprocessorMain - INFO - 
------------------------------
2025-07-20 22:45:56 - DataPreprocessorMain - INFO - 📌 ダイアログ 146/250 を処理中
2025-07-20 22:45:56 - DataPreprocessorMain - INFO - ------------------------------
2025-07-20 22:45:56 - DataPreprocessorMain - INFO - ダイアログキー: food_level3_dial8
2025-07-20 22:45:56 - DataPreprocessorMain - INFO - ターン数: 6
2025-07-20 22:45:56 - DataPreprocessorMain - INFO - 🔄 ターン 1 を処理中...
2025-07-20 22:45:56 - DataPreprocessorMain - INFO -   元のクエリ: How has hemp been used historically for industry in the United States?
2025-07-20 22:45:56 - DataPreprocessorMain - INFO -   書き換えクエリ: How has hemp been used historically for industry in the United States ?
2025-07-20 22:45:56 - DataPreprocessorMain - INFO - 🔄 ターン 2 を処理中...
2025-07-20 22:45:56 - DataPreprocessorMain - INFO -   元のクエリ: Interesting! Where did hemp first come from?
2025-07-20 22:45:56 - DataPreprocessorMain - INFO -   書き換えクエリ: Where did hemp first come from in the United States ?
2025-07-20 22:45:56 - DataPreprocessorMain - INFO - 🔄 ターン 3 を処理中...
2025-07-20 22:45:57 - DataPreprocessorMain - INFO -   元のクエリ: What country is the biggest producers of hemp currently?
2025-07-20 22:45:57 - DataPreprocessorMain - INFO -   書き換えクエリ: What country is the biggest producers of hemp currently ?
2025-07-20 22:45:57 - DataPreprocessorMain - INFO - 🔄 ターン 4 を処理中...
2025-07-20 22:45:57 - DataPreprocessorMain - INFO -   元のクエリ: What countries allow legal recreational cannabis use?
2025-07-20 22:45:57 - DataPreprocessorMain - INFO -   書き換えクエリ: What countries allow legal recreational cannabis use ?
2025-07-20 22:45:57 - DataPreprocessorMain - INFO - 🔄 ターン 5 を処理中...
2025-07-20 22:45:57 - DataPreprocessorMain - INFO -   元のクエリ: What was the first state in the USA to legalize cannabis?
2025-07-20 22:45:57 - DataPreprocessorMain - INFO -   書き換えクエリ: What was the first state in the USA to legalize cannabis ?
2025-07-20 22:45:57 - DataPreprocessorMain - INFO - 🔄 ターン 6 を処理中...
2025-07-20 22:45:58 - DataPreprocessorMain - INFO -   元のクエリ: What's the difference between the term Cannabis and Marijuana?
2025-07-20 22:45:58 - DataPreprocessorMain - INFO -   書き換えクエリ: What's the difference between the term Cannabis and Marijuana in the USA ?
2025-07-20 22:45:58 - DataPreprocessorMain - INFO - ✅ ダイアログ 146 の処理が完了しました
2025-07-20 22:45:58 - DataPreprocessorMain - INFO - 
------------------------------
2025-07-20 22:45:58 - DataPreprocessorMain - INFO - 📌 ダイアログ 147/250 を処理中
2025-07-20 22:45:58 - DataPreprocessorMain - INFO - ------------------------------
2025-07-20 22:45:58 - DataPreprocessorMain - INFO - ダイアログキー: food_level1_dial7
2025-07-20 22:45:58 - DataPreprocessorMain - INFO - ターン数: 3
2025-07-20 22:45:58 - DataPreprocessorMain - INFO - 🔄 ターン 1 を処理中...
2025-07-20 22:45:58 - DataPreprocessorMain - INFO -   元のクエリ: When the shell of Cacao bean is removed is called what?
2025-07-20 22:45:58 - DataPreprocessorMain - INFO -   書き換えクエリ: When the shell of Cacao bean is removed is called what ?
2025-07-20 22:45:58 - DataPreprocessorMain - INFO - 🔄 ターン 2 を処理中...
2025-07-20 22:45:59 - DataPreprocessorMain - INFO -   元のクエリ: I think you misunderstood my question. I'm interested in what the process of removing the shells is called.
2025-07-20 22:45:59 - DataPreprocessorMain - INFO -   書き換えクエリ: What is the process of removing the shells of Cacao bean called ?
2025-07-20 22:45:59 - DataPreprocessorMain - INFO - 🔄 ターン 3 を処理中...
2025-07-20 22:45:59 - DataPreprocessorMain - INFO -   元のクエリ: What kind of drinks is chocolate used in?
2025-07-20 22:45:59 - DataPreprocessorMain - INFO -   書き換えクエリ: What kind of drinks is chocolate used in ?
2025-07-20 22:45:59 - DataPreprocessorMain - INFO - ✅ ダイアログ 147 の処理が完了しました
2025-07-20 22:45:59 - DataPreprocessorMain - INFO - 
------------------------------
2025-07-20 22:45:59 - DataPreprocessorMain - INFO - 📌 ダイアログ 148/250 を処理中
2025-07-20 22:45:59 - DataPreprocessorMain - INFO - ------------------------------
2025-07-20 22:45:59 - DataPreprocessorMain - INFO - ダイアログキー: hobby_level2_dial33
2025-07-20 22:45:59 - DataPreprocessorMain - INFO - ターン数: 6
2025-07-20 22:45:59 - DataPreprocessorMain - INFO - 🔄 ターン 1 を処理中...
2025-07-20 22:45:59 - DataPreprocessorMain - INFO -   元のクエリ: What color is Marsupilami?
2025-07-20 22:45:59 - DataPreprocessorMain - INFO -   書き換えクエリ: What color is Marsupilami ?
2025-07-20 22:45:59 - DataPreprocessorMain - INFO - 🔄 ターン 2 を処理中...
2025-07-20 22:46:00 - DataPreprocessorMain - INFO -   元のクエリ: Has the Marsupilami's appearance been consistent as it's appeared in the comics over the years?
2025-07-20 22:46:00 - DataPreprocessorMain - INFO -   書き換えクエリ: Has the Marsupilami's appearance been consistent as it's appeared in the comics over the years ?
2025-07-20 22:46:00 - DataPreprocessorMain - INFO - 🔄 ターン 3 を処理中...
2025-07-20 22:46:00 - DataPreprocessorMain - INFO -   元のクエリ: Black and yellow which's to be h is color. Why type of animal species is Marsupilami?
2025-07-20 22:46:00 - DataPreprocessorMain - INFO -   書き換えクエリ: Why type of animal species is Marsupilami ?
2025-07-20 22:46:00 - DataPreprocessorMain - INFO - 🔄 ターン 4 を処理中...
2025-07-20 22:46:01 - DataPreprocessorMain - INFO -   元のクエリ: Which movies has Marsupilami been featured in?
2025-07-20 22:46:01 - DataPreprocessorMain - INFO -   書き換えクエリ: Which movies has Marsupilami been featured in ?
2025-07-20 22:46:01 - DataPreprocessorMain - INFO - 🔄 ターン 5 を処理中...
2025-07-20 22:46:01 - DataPreprocessorMain - INFO -   元のクエリ: Was Marsupilami a very popular comic book character?
2025-07-20 22:46:01 - DataPreprocessorMain - INFO -   書き換えクエリ: Was Marsupilami a very popular comic book character ?
2025-07-20 22:46:01 - DataPreprocessorMain - INFO - 🔄 ターン 6 を処理中...
2025-07-20 22:46:01 - DataPreprocessorMain - INFO -   元のクエリ: What's this comic book ever made to a movie?
2025-07-20 22:46:01 - DataPreprocessorMain - INFO -   書き換えクエリ: What's Marsupilami comic book ever made to a movie ?
2025-07-20 22:46:01 - DataPreprocessorMain - INFO - ✅ ダイアログ 148 の処理が完了しました
2025-07-20 22:46:01 - DataPreprocessorMain - INFO - 
------------------------------
2025-07-20 22:46:01 - DataPreprocessorMain - INFO - 📌 ダイアログ 149/250 を処理中
2025-07-20 22:46:01 - DataPreprocessorMain - INFO - ------------------------------
2025-07-20 22:46:01 - DataPreprocessorMain - INFO - ダイアログキー: food_level3_dial13
2025-07-20 22:46:01 - DataPreprocessorMain - INFO - ターン数: 6
2025-07-20 22:46:01 - DataPreprocessorMain - INFO - 🔄 ターン 1 を処理中...
2025-07-20 22:46:02 - DataPreprocessorMain - INFO -   元のクエリ: What is the size range of Pangolins?
2025-07-20 22:46:02 - DataPreprocessorMain - INFO -   書き換えクエリ: What is the size range of Pangolins ?
2025-07-20 22:46:02 - DataPreprocessorMain - INFO - 🔄 ターン 2 を処理中...
2025-07-20 22:46:02 - DataPreprocessorMain - INFO -   元のクエリ: Thank you! What's the normal lifespan of a Pangolin?
2025-07-20 22:46:02 - DataPreprocessorMain - INFO -   書き換えクエリ: What's the normal lifespan of a Pangolin ?
2025-07-20 22:46:02 - DataPreprocessorMain - INFO - 🔄 ターン 3 を処理中...
2025-07-20 22:46:02 - DataPreprocessorMain - INFO -   元のクエリ: Are pangolins a threat to humans?
2025-07-20 22:46:02 - DataPreprocessorMain - INFO -   書き換えクエリ: Are pangolins a threat to humans ?
2025-07-20 22:46:02 - DataPreprocessorMain - INFO - 🔄 ターン 4 を処理中...
2025-07-20 22:46:03 - DataPreprocessorMain - INFO -   元のクエリ: What conservation efforts are being made for Pangolins?
2025-07-20 22:46:03 - DataPreprocessorMain - INFO -   書き換えクエリ: What conservation efforts are being made for Pangolins ?
2025-07-20 22:46:03 - DataPreprocessorMain - INFO - 🔄 ターン 5 を処理中...
2025-07-20 22:46:03 - DataPreprocessorMain - INFO -   元のクエリ: Please tell me more about pangolin trafficking.
2025-07-20 22:46:03 - DataPreprocessorMain - INFO -   書き換えクエリ: Please tell me more about pangolin trafficking.
2025-07-20 22:46:03 - DataPreprocessorMain - INFO - 🔄 ターン 6 を処理中...
2025-07-20 22:46:04 - DataPreprocessorMain - INFO -   元のクエリ: What kind of medicinal properties are their scales believed to have?
2025-07-20 22:46:04 - DataPreprocessorMain - INFO -   書き換えクエリ: What kind of medicinal properties are pangolin scales believed to have ?
2025-07-20 22:46:04 - DataPreprocessorMain - INFO - ✅ ダイアログ 149 の処理が完了しました
2025-07-20 22:46:04 - DataPreprocessorMain - INFO - 
------------------------------
2025-07-20 22:46:04 - DataPreprocessorMain - INFO - 📌 ダイアログ 150/250 を処理中
2025-07-20 22:46:04 - DataPreprocessorMain - INFO - ------------------------------
2025-07-20 22:46:04 - DataPreprocessorMain - INFO - ダイアログキー: food_level2_dial24
2025-07-20 22:46:04 - DataPreprocessorMain - INFO - ターン数: 6
2025-07-20 22:46:04 - DataPreprocessorMain - INFO - 🔄 ターン 1 を処理中...
2025-07-20 22:46:04 - DataPreprocessorMain - INFO -   元のクエリ: What are some traditional Danish Christmas dishes?
2025-07-20 22:46:04 - DataPreprocessorMain - INFO -   書き換えクエリ: What are some traditional Danish Christmas dishes ?
2025-07-20 22:46:04 - DataPreprocessorMain - INFO - 🔄 ターン 2 を処理中...
2025-07-20 22:46:04 - DataPreprocessorMain - INFO -   元のクエリ: I would like to know more about traditional Danish Christmas dishes typically served at dinner time.
2025-07-20 22:46:04 - DataPreprocessorMain - INFO -   書き換えクエリ: I would like to know more about traditional Danish Christmas dishes typically served at dinner time.
2025-07-20 22:46:04 - DataPreprocessorMain - INFO - 🔄 ターン 3 を処理中...
2025-07-20 22:46:05 - DataPreprocessorMain - INFO -   元のクエリ: Which Danish dishes are common for breakfast?
2025-07-20 22:46:05 - DataPreprocessorMain - INFO -   書き換えクエリ: Which Danish dishes are common for breakfast ?
2025-07-20 22:46:05 - DataPreprocessorMain - INFO - 🔄 ターン 4 を処理中...
2025-07-20 22:46:05 - DataPreprocessorMain - INFO -   元のクエリ: What are some popular Danish street foods?
2025-07-20 22:46:05 - DataPreprocessorMain - INFO -   書き換えクエリ: What are some popular Danish street foods ?
2025-07-20 22:46:05 - DataPreprocessorMain - INFO - 🔄 ターン 5 を処理中...
2025-07-20 22:46:06 - DataPreprocessorMain - INFO -   元のクエリ: I'd like to know more about hot dog vans.
2025-07-20 22:46:06 - DataPreprocessorMain - INFO -   書き換えクエリ: I'd like to know more about hot dog vans in Denmark .
2025-07-20 22:46:06 - DataPreprocessorMain - INFO - 🔄 ターン 6 を処理中...
2025-07-20 22:46:06 - DataPreprocessorMain - INFO -   元のクエリ: What is red sausage composed off?
2025-07-20 22:46:06 - DataPreprocessorMain - INFO -   書き換えクエリ: What is red sausage composed off in Denmark ?
2025-07-20 22:46:06 - DataPreprocessorMain - INFO - ✅ ダイアログ 150 の処理が完了しました
2025-07-20 22:46:06 - DataPreprocessorMain - INFO - 
------------------------------
2025-07-20 22:46:06 - DataPreprocessorMain - INFO - 📌 ダイアログ 151/250 を処理中
2025-07-20 22:46:06 - DataPreprocessorMain - INFO - ------------------------------
2025-07-20 22:46:06 - DataPreprocessorMain - INFO - ダイアログキー: food_level3_dial14
2025-07-20 22:46:06 - DataPreprocessorMain - INFO - ターン数: 6
2025-07-20 22:46:06 - DataPreprocessorMain - INFO - 🔄 ターン 1 を処理中...
2025-07-20 22:46:06 - DataPreprocessorMain - INFO -   元のクエリ: What sort of flavor does a leek have?
2025-07-20 22:46:06 - DataPreprocessorMain - INFO -   書き換えクエリ: What sort of flavor does a leek have ?
2025-07-20 22:46:06 - DataPreprocessorMain - INFO - 🔄 ターン 2 を処理中...
2025-07-20 22:46:07 - DataPreprocessorMain - INFO -   元のクエリ: What is a common non-culinary use for the leek?
2025-07-20 22:46:07 - DataPreprocessorMain - INFO -   書き換えクエリ: What is a common non-culinary use for the leek ?
2025-07-20 22:46:07 - DataPreprocessorMain - INFO - 🔄 ターン 3 を処理中...
2025-07-20 22:46:07 - DataPreprocessorMain - INFO -   元のクエリ: What is the active ingredient in leek useful for medicinal purposes?
2025-07-20 22:46:07 - DataPreprocessorMain - INFO -   書き換えクエリ: What is the active ingredient in leek useful for medicinal purposes ?
2025-07-20 22:46:07 - DataPreprocessorMain - INFO - 🔄 ターン 4 を処理中...
2025-07-20 22:46:08 - DataPreprocessorMain - INFO -   元のクエリ: What is the best way to store onions or leeks?
2025-07-20 22:46:08 - DataPreprocessorMain - INFO -   書き換えクエリ: What is the best way to store onions or leeks ?
2025-07-20 22:46:08 - DataPreprocessorMain - INFO - 🔄 ターン 5 を処理中...
2025-07-20 22:46:08 - DataPreprocessorMain - INFO -   元のクエリ: What are some health benefits of onions in general?
2025-07-20 22:46:08 - DataPreprocessorMain - INFO -   書き換えクエリ: What are some health benefits of onions in general ?
2025-07-20 22:46:08 - DataPreprocessorMain - INFO - 🔄 ターン 6 を処理中...
2025-07-20 22:46:08 - DataPreprocessorMain - INFO -   元のクエリ: Are onion pills available to take as a supplement to reduce oxidative stress?
2025-07-20 22:46:08 - DataPreprocessorMain - INFO -   書き換えクエリ: Are onion pills available to take as a supplement to reduce oxidative stress ?
2025-07-20 22:46:08 - DataPreprocessorMain - INFO - ✅ ダイアログ 151 の処理が完了しました
2025-07-20 22:46:08 - DataPreprocessorMain - INFO - 
------------------------------
2025-07-20 22:46:08 - DataPreprocessorMain - INFO - 📌 ダイアログ 152/250 を処理中
2025-07-20 22:46:08 - DataPreprocessorMain - INFO - ------------------------------
2025-07-20 22:46:08 - DataPreprocessorMain - INFO - ダイアログキー: top25_dial33
2025-07-20 22:46:08 - DataPreprocessorMain - INFO - ターン数: 6
2025-07-20 22:46:08 - DataPreprocessorMain - INFO - 🔄 ターン 1 を処理中...
2025-07-20 22:46:09 - DataPreprocessorMain - INFO -   元のクエリ: Other than Shang-Chi, what other characters has Steve Englehart created?
2025-07-20 22:46:09 - DataPreprocessorMain - INFO -   書き換えクエリ: Other than Shang-Chi, what other characters has Steve Englehart created ?
2025-07-20 22:46:09 - DataPreprocessorMain - INFO - 🔄 ターン 2 を処理中...
2025-07-20 22:46:09 - DataPreprocessorMain - INFO -   元のクエリ: What country is Shang-chi's largest fandom in?
2025-07-20 22:46:09 - DataPreprocessorMain - INFO -   書き換えクエリ: What country is Shang-chi's largest fandom in ?
2025-07-20 22:46:09 - DataPreprocessorMain - INFO - 🔄 ターン 3 を処理中...
2025-07-20 22:46:10 - DataPreprocessorMain - INFO -   元のクエリ: What's the latest estimate of the total revenue made by Shang Chi in the US?
2025-07-20 22:46:10 - DataPreprocessorMain - INFO -   書き換えクエリ: What's the latest estimate of the total revenue made by Shang Chi in the US ?
2025-07-20 22:46:10 - DataPreprocessorMain - INFO - 🔄 ターン 4 を処理中...
2025-07-20 22:46:10 - DataPreprocessorMain - INFO -   元のクエリ: Was the films revenue higher for box office sales, or digital rentals.
2025-07-20 22:46:10 - DataPreprocessorMain - INFO -   書き換えクエリ: Was Shang Chi 's film revenue higher for box office sales, or digital rentals ?
2025-07-20 22:46:10 - DataPreprocessorMain - INFO - 🔄 ターン 5 を処理中...
2025-07-20 22:46:11 - DataPreprocessorMain - INFO -   元のクエリ: Are there any plans for a Shang-Chi sequel?
2025-07-20 22:46:11 - DataPreprocessorMain - INFO -   書き換えクエリ: Are there any plans for a Shang-Chi sequel ?
2025-07-20 22:46:11 - DataPreprocessorMain - INFO - 🔄 ターン 6 を処理中...
2025-07-20 22:46:12 - DataPreprocessorMain - INFO -   元のクエリ: When will filming of the sequel begin?
2025-07-20 22:46:12 - DataPreprocessorMain - INFO -   書き換えクエリ: When will filming of the Shang-Chi sequel begin ?
2025-07-20 22:46:12 - DataPreprocessorMain - INFO - ✅ ダイアログ 152 の処理が完了しました
2025-07-20 22:46:12 - DataPreprocessorMain - INFO - 
------------------------------
2025-07-20 22:46:12 - DataPreprocessorMain - INFO - 📌 ダイアログ 153/250 を処理中
2025-07-20 22:46:12 - DataPreprocessorMain - INFO - ------------------------------
2025-07-20 22:46:12 - DataPreprocessorMain - INFO - ダイアログキー: hobby_level3_dial26
2025-07-20 22:46:12 - DataPreprocessorMain - INFO - ターン数: 6
2025-07-20 22:46:12 - DataPreprocessorMain - INFO - 🔄 ターン 1 を処理中...
2025-07-20 22:46:12 - DataPreprocessorMain - INFO -   元のクエリ: What is considered an incomplete formation in association football?
2025-07-20 22:46:12 - DataPreprocessorMain - INFO -   書き換えクエリ: What is considered an incomplete formation in association football ?
2025-07-20 22:46:12 - DataPreprocessorMain - INFO - 🔄 ターン 2 を処理中...
2025-07-20 22:46:12 - DataPreprocessorMain - INFO -   元のクエリ: Can you tell me about some of the earliest formations?
2025-07-20 22:46:12 - DataPreprocessorMain - INFO -   書き換えクエリ: Can you tell me about some of the earliest formations in association football ?
2025-07-20 22:46:12 - DataPreprocessorMain - INFO - 🔄 ターン 3 を処理中...
2025-07-20 22:46:13 - DataPreprocessorMain - INFO -   元のクエリ: I'm interested in knowing about the one played by England against Scotland.
2025-07-20 22:46:13 - DataPreprocessorMain - INFO -   書き換えクエリ: I'm interested in knowing about the one played by England against Scotland.
2025-07-20 22:46:13 - DataPreprocessorMain - INFO - 🔄 ターン 4 を処理中...
2025-07-20 22:46:13 - DataPreprocessorMain - INFO -   元のクエリ: What are some modern formations?
2025-07-20 22:46:13 - DataPreprocessorMain - INFO -   書き換えクエリ: What are some modern formations in association football ?
2025-07-20 22:46:13 - DataPreprocessorMain - INFO - 🔄 ターン 5 を処理中...
2025-07-20 22:46:13 - DataPreprocessorMain - INFO -   元のクエリ: I'm interested in learning more about wide formations.
2025-07-20 22:46:13 - DataPreprocessorMain - INFO -   書き換えクエリ: I'm interested in learning more about narrow formations .
2025-07-20 22:46:13 - DataPreprocessorMain - INFO - 🔄 ターン 6 を処理中...
2025-07-20 22:46:14 - DataPreprocessorMain - INFO -   元のクエリ: When is this –2–3–1, 3–4–3 and 4–3– typically deployed during the game?
2025-07-20 22:46:14 - DataPreprocessorMain - INFO -   書き換えクエリ: When are –2–3–1, 3–4–3 and 4–3– typically deployed during the game ?
2025-07-20 22:46:14 - DataPreprocessorMain - INFO - ✅ ダイアログ 153 の処理が完了しました
2025-07-20 22:46:14 - DataPreprocessorMain - INFO - 
------------------------------
2025-07-20 22:46:14 - DataPreprocessorMain - INFO - 📌 ダイアログ 154/250 を処理中
2025-07-20 22:46:14 - DataPreprocessorMain - INFO - ------------------------------
2025-07-20 22:46:14 - DataPreprocessorMain - INFO - ダイアログキー: top25_dial35
2025-07-20 22:46:14 - DataPreprocessorMain - INFO - ターン数: 5
2025-07-20 22:46:14 - DataPreprocessorMain - INFO - 🔄 ターン 1 を処理中...
2025-07-20 22:46:14 - DataPreprocessorMain - INFO -   元のクエリ: How did Princess Margaret die?
2025-07-20 22:46:14 - DataPreprocessorMain - INFO -   書き換えクエリ: How did Princess Margaret die ?
2025-07-20 22:46:14 - DataPreprocessorMain - INFO - 🔄 ターン 2 を処理中...
2025-07-20 22:46:15 - DataPreprocessorMain - INFO -   元のクエリ: How did the Princess of Denmark die in 1992?
2025-07-20 22:46:15 - DataPreprocessorMain - INFO -   書き換えクエリ: How did the Princess of Denmark die in 1992 ?
2025-07-20 22:46:15 - DataPreprocessorMain - INFO - 🔄 ターン 3 を処理中...
2025-07-20 22:46:15 - DataPreprocessorMain - INFO -   元のクエリ: What kind of charity acts did Princess Margaret take part in?
2025-07-20 22:46:15 - DataPreprocessorMain - INFO -   書き換えクエリ: What kind of charity acts did Princess Margaret take part in ?
2025-07-20 22:46:15 - DataPreprocessorMain - INFO - 🔄 ターン 4 を処理中...
2025-07-20 22:46:15 - DataPreprocessorMain - INFO -   元のクエリ: Who was Princess Margaret married to?
2025-07-20 22:46:15 - DataPreprocessorMain - INFO -   書き換えクエリ: Who was Princess Margaret married to ?
2025-07-20 22:46:15 - DataPreprocessorMain - INFO - 🔄 ターン 5 を処理中...
2025-07-20 22:46:16 - DataPreprocessorMain - INFO -   元のクエリ: What kind of legacy did Princess Margaret leave bhind?
2025-07-20 22:46:16 - DataPreprocessorMain - INFO -   書き換えクエリ: What kind of legacy did Princess Margaret leave behind ?
2025-07-20 22:46:16 - DataPreprocessorMain - INFO - ✅ ダイアログ 154 の処理が完了しました
2025-07-20 22:46:16 - DataPreprocessorMain - INFO - 
------------------------------
2025-07-20 22:46:16 - DataPreprocessorMain - INFO - 📌 ダイアログ 155/250 を処理中
2025-07-20 22:46:16 - DataPreprocessorMain - INFO - ------------------------------
2025-07-20 22:46:16 - DataPreprocessorMain - INFO - ダイアログキー: food_level1_dial8
2025-07-20 22:46:16 - DataPreprocessorMain - INFO - ターン数: 6
2025-07-20 22:46:16 - DataPreprocessorMain - INFO - 🔄 ターン 1 を処理中...
2025-07-20 22:46:16 - DataPreprocessorMain - INFO -   元のクエリ: What does the pickling process do to food?
2025-07-20 22:46:16 - DataPreprocessorMain - INFO -   書き換えクエリ: What does the pickling process do to food ?
2025-07-20 22:46:16 - DataPreprocessorMain - INFO - 🔄 ターン 2 を処理中...
2025-07-20 22:46:16 - DataPreprocessorMain - INFO -   元のクエリ: What are some popular pickled foods in Asia?
2025-07-20 22:46:16 - DataPreprocessorMain - INFO -   書き換えクエリ: What are some popular pickled foods in Asia ?
2025-07-20 22:46:16 - DataPreprocessorMain - INFO - 🔄 ターン 3 を処理中...
2025-07-20 22:46:17 - DataPreprocessorMain - INFO -   元のクエリ: Tell me more about pickled foods in Southeast Asia.
2025-07-20 22:46:17 - DataPreprocessorMain - INFO -   書き換えクエリ: Tell me more about pickled foods in Southeast Asia.
2025-07-20 22:46:17 - DataPreprocessorMain - INFO - 🔄 ターン 4 を処理中...
2025-07-20 22:46:17 - DataPreprocessorMain - INFO -   元のクエリ: What are some common pickled food items from Europe?
2025-07-20 22:46:17 - DataPreprocessorMain - INFO -   書き換えクエリ: What are some common pickled food items from Europe ?
2025-07-20 22:46:17 - DataPreprocessorMain - INFO - 🔄 ターン 5 を処理中...
2025-07-20 22:46:18 - DataPreprocessorMain - INFO -   元のクエリ: I want to know about pickled foods in Hungary.
2025-07-20 22:46:18 - DataPreprocessorMain - INFO -   書き換えクエリ: I want to know about pickled foods in Hungary.
2025-07-20 22:46:18 - DataPreprocessorMain - INFO - 🔄 ターン 6 を処理中...
2025-07-20 22:46:18 - DataPreprocessorMain - INFO -   元のクエリ: Tell me more about pickled sour cabbage?
2025-07-20 22:46:18 - DataPreprocessorMain - INFO -   書き換えクエリ: Tell me more about pickled sour cabbage in Hungary ?
2025-07-20 22:46:18 - DataPreprocessorMain - INFO - ✅ ダイアログ 155 の処理が完了しました
2025-07-20 22:46:18 - DataPreprocessorMain - INFO - 
------------------------------
2025-07-20 22:46:18 - DataPreprocessorMain - INFO - 📌 ダイアログ 156/250 を処理中
2025-07-20 22:46:18 - DataPreprocessorMain - INFO - ------------------------------
2025-07-20 22:46:18 - DataPreprocessorMain - INFO - ダイアログキー: food_level3_dial9
2025-07-20 22:46:18 - DataPreprocessorMain - INFO - ターン数: 6
2025-07-20 22:46:18 - DataPreprocessorMain - INFO - 🔄 ターン 1 を処理中...
2025-07-20 22:46:18 - DataPreprocessorMain - INFO -   元のクエリ: How many tribes did Israel have?
2025-07-20 22:46:18 - DataPreprocessorMain - INFO -   書き換えクエリ: How many tribes did Israel have ?
2025-07-20 22:46:18 - DataPreprocessorMain - INFO - 🔄 ターン 2 を処理中...
2025-07-20 22:46:19 - DataPreprocessorMain - INFO -   元のクエリ: Can you tell me how the ten lost tribes were lost?
2025-07-20 22:46:19 - DataPreprocessorMain - INFO -   書き換えクエリ: Can you tell me how the ten lost tribes were lost in Israel ?
2025-07-20 22:46:19 - DataPreprocessorMain - INFO - 🔄 ターン 3 を処理中...
2025-07-20 22:46:19 - DataPreprocessorMain - INFO -   元のクエリ: Who are the remaining two tribes of Israel?
2025-07-20 22:46:19 - DataPreprocessorMain - INFO -   書き換えクエリ: Who are the remaining two tribes of Israel besides the Twelve Tribes ?
2025-07-20 22:46:19 - DataPreprocessorMain - INFO - 🔄 ターン 4 を処理中...
2025-07-20 22:46:20 - DataPreprocessorMain - INFO -   元のクエリ: How many known translations are there for V'Zot_HaBerachah?
2025-07-20 22:46:20 - DataPreprocessorMain - INFO -   書き換えクエリ: How many known translations are there for V'Zot_HaBerachah ?
2025-07-20 22:46:20 - DataPreprocessorMain - INFO - 🔄 ターン 5 を処理中...
2025-07-20 22:46:20 - DataPreprocessorMain - INFO -   元のクエリ: Can you tell me about the Twelve Tribes of Israel?
2025-07-20 22:46:20 - DataPreprocessorMain - INFO -   書き換えクエリ: Can you tell me about the Twelve Tribes of Israel ?
2025-07-20 22:46:20 - DataPreprocessorMain - INFO - 🔄 ターン 6 を処理中...
2025-07-20 22:46:21 - DataPreprocessorMain - INFO -   元のクエリ: What are some other examples of a founding myth?
2025-07-20 22:46:21 - DataPreprocessorMain - INFO -   書き換えクエリ: Besides the twelve Israelite tribes , what are some other examples of a founding myth ?
2025-07-20 22:46:21 - DataPreprocessorMain - INFO - ✅ ダイアログ 156 の処理が完了しました
2025-07-20 22:46:21 - DataPreprocessorMain - INFO - 
------------------------------
2025-07-20 22:46:21 - DataPreprocessorMain - INFO - 📌 ダイアログ 157/250 を処理中
2025-07-20 22:46:21 - DataPreprocessorMain - INFO - ------------------------------
2025-07-20 22:46:21 - DataPreprocessorMain - INFO - ダイアログキー: hobby_level2_dial1
2025-07-20 22:46:21 - DataPreprocessorMain - INFO - ターン数: 6
2025-07-20 22:46:21 - DataPreprocessorMain - INFO - 🔄 ターン 1 を処理中...
2025-07-20 22:46:21 - DataPreprocessorMain - INFO -   元のクエリ: What type of birth certificate did Obama release in April 2011?
2025-07-20 22:46:21 - DataPreprocessorMain - INFO -   書き換えクエリ: What type of birth certificate did Obama release in April 2011 ?
2025-07-20 22:46:21 - DataPreprocessorMain - INFO - 🔄 ターン 2 を処理中...
2025-07-20 22:46:22 - DataPreprocessorMain - INFO -   元のクエリ: Why did people want his birth certificate?
2025-07-20 22:46:22 - DataPreprocessorMain - INFO -   書き換えクエリ: Why did people want Obama 's birth certificate ?
2025-07-20 22:46:22 - DataPreprocessorMain - INFO - 🔄 ターン 3 を処理中...
2025-07-20 22:46:22 - DataPreprocessorMain - INFO -   元のクエリ: What made people think that Barrack Obama was not a natural-born US citizen?
2025-07-20 22:46:22 - DataPreprocessorMain - INFO -   書き換えクエリ: What made people think that Barrack Obama was not a natural-born US citizen ?
2025-07-20 22:46:22 - DataPreprocessorMain - INFO - 🔄 ターン 4 を処理中...
2025-07-20 22:46:22 - DataPreprocessorMain - INFO -   元のクエリ: Why did he not address the error when it was first made?
2025-07-20 22:46:22 - DataPreprocessorMain - INFO -   書き換えクエリ: Why did Obama not address the error in 1991 when it was first made ?
2025-07-20 22:46:22 - DataPreprocessorMain - INFO - 🔄 ターン 5 を処理中...
2025-07-20 22:46:23 - DataPreprocessorMain - INFO -   元のクエリ: Do you know who the editor who made that mistake was?
2025-07-20 22:46:23 - DataPreprocessorMain - INFO -   書き換えクエリ: Do you know who the editor who made the mistake of posting Obama's birth certificate online ?
2025-07-20 22:46:23 - DataPreprocessorMain - INFO - 🔄 ターン 6 を処理中...
2025-07-20 22:46:23 - DataPreprocessorMain - INFO -   元のクエリ: Oh, okay. Well, do you know of any American politicians who actually were born in Kenya?
2025-07-20 22:46:23 - DataPreprocessorMain - INFO -   書き換えクエリ: do you know of any American politicians who actually were born in Kenya ?
2025-07-20 22:46:23 - DataPreprocessorMain - INFO - ✅ ダイアログ 157 の処理が完了しました
2025-07-20 22:46:23 - DataPreprocessorMain - INFO - 
------------------------------
2025-07-20 22:46:23 - DataPreprocessorMain - INFO - 📌 ダイアログ 158/250 を処理中
2025-07-20 22:46:23 - DataPreprocessorMain - INFO - ------------------------------
2025-07-20 22:46:23 - DataPreprocessorMain - INFO - ダイアログキー: food_level1_dial9
2025-07-20 22:46:23 - DataPreprocessorMain - INFO - ターン数: 6
2025-07-20 22:46:23 - DataPreprocessorMain - INFO - 🔄 ターン 1 を処理中...
2025-07-20 22:46:24 - DataPreprocessorMain - INFO -   元のクエリ: Vinegar contains 5-8 percent by volume of what type of acid?
2025-07-20 22:46:24 - DataPreprocessorMain - INFO -   書き換えクエリ: What type of acid is in Vinegar ?
2025-07-20 22:46:24 - DataPreprocessorMain - INFO - 🔄 ターン 2 を処理中...
2025-07-20 22:46:24 - DataPreprocessorMain - INFO -   元のクエリ: What is the difference between balsamic vinegar and malt vinegar?
2025-07-20 22:46:24 - DataPreprocessorMain - INFO -   書き換えクエリ: What is the difference between balsamic vinegar and malt vinegar ?
2025-07-20 22:46:24 - DataPreprocessorMain - INFO - 🔄 ターン 3 を処理中...
2025-07-20 22:46:25 - DataPreprocessorMain - INFO -   元のクエリ: What are some common fruit vinegars used today?
2025-07-20 22:46:25 - DataPreprocessorMain - INFO -   書き換えクエリ: What are some common fruit vinegars used today ?
2025-07-20 22:46:25 - DataPreprocessorMain - INFO - 🔄 ターン 4 を処理中...
2025-07-20 22:46:25 - DataPreprocessorMain - INFO -   元のクエリ: What does the "mother" refer to in vinegars?
2025-07-20 22:46:25 - DataPreprocessorMain - INFO -   書き換えクエリ: What does the "mother" refer to in vinegars ?
2025-07-20 22:46:25 - DataPreprocessorMain - INFO - 🔄 ターン 5 を処理中...
2025-07-20 22:46:26 - DataPreprocessorMain - INFO -   元のクエリ: Is vinegar considered a nutritious liquid at all?
2025-07-20 22:46:26 - DataPreprocessorMain - INFO -   書き換えクエリ: Is vinegar considered a nutritious liquid at all ?
2025-07-20 22:46:26 - DataPreprocessorMain - INFO - 🔄 ターン 6 を処理中...
2025-07-20 22:46:26 - DataPreprocessorMain - INFO -   元のクエリ: I am interested in red wine.
2025-07-20 22:46:26 - DataPreprocessorMain - INFO -   書き換えクエリ: I am interested in red wine vinegar .
2025-07-20 22:46:26 - DataPreprocessorMain - INFO - ✅ ダイアログ 158 の処理が完了しました
2025-07-20 22:46:26 - DataPreprocessorMain - INFO - 
------------------------------
2025-07-20 22:46:26 - DataPreprocessorMain - INFO - 📌 ダイアログ 159/250 を処理中
2025-07-20 22:46:26 - DataPreprocessorMain - INFO - ------------------------------
2025-07-20 22:46:26 - DataPreprocessorMain - INFO - ダイアログキー: top25_dial6
2025-07-20 22:46:26 - DataPreprocessorMain - INFO - ターン数: 6
2025-07-20 22:46:26 - DataPreprocessorMain - INFO - 🔄 ターン 1 を処理中...
2025-07-20 22:46:26 - DataPreprocessorMain - INFO -   元のクエリ: How did Thanksgiving get started?
2025-07-20 22:46:26 - DataPreprocessorMain - INFO -   書き換えクエリ: How did Thanksgiving get started ?
2025-07-20 22:46:26 - DataPreprocessorMain - INFO - 🔄 ターン 2 を処理中...
2025-07-20 22:46:27 - DataPreprocessorMain - INFO -   元のクエリ: What foods are commonly served at Canadian Thanksgiving?
2025-07-20 22:46:27 - DataPreprocessorMain - INFO -   書き換えクエリ: What foods are commonly served at Canadian Thanksgiving ?
2025-07-20 22:46:27 - DataPreprocessorMain - INFO - 🔄 ターン 3 を処理中...
2025-07-20 22:46:27 - DataPreprocessorMain - INFO -   元のクエリ: How did Thanksgiving get started in the United States?
2025-07-20 22:46:27 - DataPreprocessorMain - INFO -   書き換えクエリ: How did Thanksgiving get started in the United States ?
2025-07-20 22:46:27 - DataPreprocessorMain - INFO - 🔄 ターン 4 を処理中...
2025-07-20 22:46:27 - DataPreprocessorMain - INFO -   元のクエリ: Why was the last Thursday of November chosen for Thanksgiving?
2025-07-20 22:46:27 - DataPreprocessorMain - INFO -   書き換えクエリ: Why was the last Thursday of November chosen for Thanksgiving in the United States ?
2025-07-20 22:46:27 - DataPreprocessorMain - INFO - 🔄 ターン 5 を処理中...
2025-07-20 22:46:27 - DataPreprocessorMain - INFO -   元のクエリ: How do people in the Philippines celebrate Thanksgiving?
2025-07-20 22:46:27 - DataPreprocessorMain - INFO -   書き換えクエリ: How do people in the Philippines celebrate Thanksgiving ?
2025-07-20 22:46:27 - DataPreprocessorMain - INFO - 🔄 ターン 6 を処理中...
2025-07-20 22:46:28 - DataPreprocessorMain - INFO -   元のクエリ: What caused the tradition of Thanksgiving to come back after it was previously dropped?
2025-07-20 22:46:28 - DataPreprocessorMain - INFO -   書き換えクエリ: What caused the tradition of Thanksgiving to come back in the Philippines after it was previously dropped ?
2025-07-20 22:46:28 - DataPreprocessorMain - INFO - ✅ ダイアログ 159 の処理が完了しました
2025-07-20 22:46:28 - DataPreprocessorMain - INFO - 
------------------------------
2025-07-20 22:46:28 - DataPreprocessorMain - INFO - 📌 ダイアログ 160/250 を処理中
2025-07-20 22:46:28 - DataPreprocessorMain - INFO - ------------------------------
2025-07-20 22:46:28 - DataPreprocessorMain - INFO - ダイアログキー: food_level3_dial15
2025-07-20 22:46:28 - DataPreprocessorMain - INFO - ターン数: 6
2025-07-20 22:46:28 - DataPreprocessorMain - INFO - 🔄 ターン 1 を処理中...
2025-07-20 22:46:28 - DataPreprocessorMain - INFO -   元のクエリ: What are a few examples of Cadbury products?
2025-07-20 22:46:28 - DataPreprocessorMain - INFO -   書き換えクエリ: What are a few examples of Cadbury products ?
2025-07-20 22:46:28 - DataPreprocessorMain - INFO - 🔄 ターン 2 を処理中...
2025-07-20 22:46:29 - DataPreprocessorMain - INFO -   元のクエリ: What was Cadbury's first product?
2025-07-20 22:46:29 - DataPreprocessorMain - INFO -   書き換えクエリ: What was Cadbury 's first product ?
2025-07-20 22:46:29 - DataPreprocessorMain - INFO - 🔄 ターン 3 を処理中...
2025-07-20 22:46:29 - DataPreprocessorMain - INFO -   元のクエリ: How did Cadbury get its start?
2025-07-20 22:46:29 - DataPreprocessorMain - INFO -   書き換えクエリ: How did Cadbury get its start ?
2025-07-20 22:46:29 - DataPreprocessorMain - INFO - 🔄 ターン 4 を処理中...
2025-07-20 22:46:30 - DataPreprocessorMain - INFO -   元のクエリ: Which international market earns Cadbury the highest revenue?
2025-07-20 22:46:30 - DataPreprocessorMain - INFO -   書き換えクエリ: Which international market earns Cadbury the highest revenue ?
2025-07-20 22:46:30 - DataPreprocessorMain - INFO - 🔄 ターン 5 を処理中...
2025-07-20 22:46:30 - DataPreprocessorMain - INFO -   元のクエリ: What was the most popular Cadbury product of all time?
2025-07-20 22:46:30 - DataPreprocessorMain - INFO -   書き換えクエリ: What was the most popular Cadbury product of all time ?
2025-07-20 22:46:30 - DataPreprocessorMain - INFO - 🔄 ターン 6 を処理中...
2025-07-20 22:46:30 - DataPreprocessorMain - INFO -   元のクエリ: When were the Creme Eggs first released?
2025-07-20 22:46:30 - DataPreprocessorMain - INFO -   書き換えクエリ: When were the Creme Eggs first released by Cadbury ?
2025-07-20 22:46:30 - DataPreprocessorMain - INFO - ✅ ダイアログ 160 の処理が完了しました
2025-07-20 22:46:30 - DataPreprocessorMain - INFO - 
------------------------------
2025-07-20 22:46:30 - DataPreprocessorMain - INFO - 📌 ダイアログ 161/250 を処理中
2025-07-20 22:46:30 - DataPreprocessorMain - INFO - ------------------------------
2025-07-20 22:46:30 - DataPreprocessorMain - INFO - ダイアログキー: top25_dial36
2025-07-20 22:46:30 - DataPreprocessorMain - INFO - ターン数: 6
2025-07-20 22:46:30 - DataPreprocessorMain - INFO - 🔄 ターン 1 を処理中...
2025-07-20 22:46:31 - DataPreprocessorMain - INFO -   元のクエリ: Who was the first coach for the Milwaukee Bucks?
2025-07-20 22:46:31 - DataPreprocessorMain - INFO -   書き換えクエリ: Who was the first coach for the Milwaukee Bucks ?
2025-07-20 22:46:31 - DataPreprocessorMain - INFO - 🔄 ターン 2 を処理中...
2025-07-20 22:46:31 - DataPreprocessorMain - INFO -   元のクエリ: Did he lead the team to any championship wins?
2025-07-20 22:46:31 - DataPreprocessorMain - INFO -   書き換えクエリ: Did Larry Costello lead the Milwaukee Bucks to any championship wins ?
2025-07-20 22:46:31 - DataPreprocessorMain - INFO - 🔄 ターン 3 を処理中...
2025-07-20 22:46:32 - DataPreprocessorMain - INFO -   元のクエリ: How much did herb kohl receive for selling the Bucks?
2025-07-20 22:46:32 - DataPreprocessorMain - INFO -   書き換えクエリ: How much did herb kohl receive for selling the Milwaukee Bucks ?
2025-07-20 22:46:32 - DataPreprocessorMain - INFO - 🔄 ターン 4 を処理中...
2025-07-20 22:46:32 - DataPreprocessorMain - INFO -   元のクエリ: Who is the current head coach for the Bucks?
2025-07-20 22:46:32 - DataPreprocessorMain - INFO -   書き換えクエリ: Who is the current head coach for the Milwaukee Bucks ?
2025-07-20 22:46:32 - DataPreprocessorMain - INFO - 🔄 ターン 5 を処理中...
2025-07-20 22:46:33 - DataPreprocessorMain - INFO -   元のクエリ: Who is the most famous player of all time from the Milwaukee Bucks?
2025-07-20 22:46:33 - DataPreprocessorMain - INFO -   書き換えクエリ: Who is the most famous player of all time from the Milwaukee Bucks ?
2025-07-20 22:46:33 - DataPreprocessorMain - INFO - 🔄 ターン 6 を処理中...
2025-07-20 22:46:33 - DataPreprocessorMain - INFO -   元のクエリ: When did Giannis Antetokounmpo join the Bucks?
2025-07-20 22:46:33 - DataPreprocessorMain - INFO -   書き換えクエリ: When did Giannis Antetokounmpo join the Milwaukee Bucks ?
2025-07-20 22:46:33 - DataPreprocessorMain - INFO - ✅ ダイアログ 161 の処理が完了しました
2025-07-20 22:46:33 - DataPreprocessorMain - INFO - 
------------------------------
2025-07-20 22:46:33 - DataPreprocessorMain - INFO - 📌 ダイアログ 162/250 を処理中
2025-07-20 22:46:33 - DataPreprocessorMain - INFO - ------------------------------
2025-07-20 22:46:33 - DataPreprocessorMain - INFO - ダイアログキー: food_level2_dial1
2025-07-20 22:46:33 - DataPreprocessorMain - INFO - ターン数: 6
2025-07-20 22:46:33 - DataPreprocessorMain - INFO - 🔄 ターン 1 を処理中...
2025-07-20 22:46:33 - DataPreprocessorMain - INFO -   元のクエリ: How did the Kellogg Company come in to being?
2025-07-20 22:46:33 - DataPreprocessorMain - INFO -   書き換えクエリ: How did the Kellogg Company come into being ?
2025-07-20 22:46:33 - DataPreprocessorMain - INFO - 🔄 ターン 2 を処理中...
2025-07-20 22:46:34 - DataPreprocessorMain - INFO -   元のクエリ: What was Kellog's first product?
2025-07-20 22:46:34 - DataPreprocessorMain - INFO -   書き換えクエリ: What was Kellogg's first product ?
2025-07-20 22:46:34 - DataPreprocessorMain - INFO - 🔄 ターン 3 を処理中...
2025-07-20 22:46:34 - DataPreprocessorMain - INFO -   元のクエリ: When did the frosted corn flakes become available?
2025-07-20 22:46:34 - DataPreprocessorMain - INFO -   書き換えクエリ: When did the frosted corn flakes become available ?
2025-07-20 22:46:34 - DataPreprocessorMain - INFO - 🔄 ターン 4 を処理中...
2025-07-20 22:46:34 - DataPreprocessorMain - INFO -   元のクエリ: Okay, so when did Frosted Flakes get their mascot Tony the Tiger?
2025-07-20 22:46:34 - DataPreprocessorMain - INFO -   書き換えクエリ: When did Frosted Flakes get their mascot Tony the Tiger ?
2025-07-20 22:46:34 - DataPreprocessorMain - INFO - 🔄 ターン 5 を処理中...
2025-07-20 22:46:35 - DataPreprocessorMain - INFO -   元のクエリ: What made them choose a tiger to become the mascot for Frosted Flakes?
2025-07-20 22:46:35 - DataPreprocessorMain - INFO -   書き換えクエリ: What made Kellogg choose a tiger to become the mascot for Frosted Flakes ?
2025-07-20 22:46:35 - DataPreprocessorMain - INFO - 🔄 ターン 6 を処理中...
2025-07-20 22:46:36 - DataPreprocessorMain - INFO -   元のクエリ: How long has Tony Jr been a mascot for frosted flakes?
2025-07-20 22:46:36 - DataPreprocessorMain - INFO -   書き換えクエリ: How long has Tony Jr been a mascot for frosted flakes ?
2025-07-20 22:46:36 - DataPreprocessorMain - INFO - ✅ ダイアログ 162 の処理が完了しました
2025-07-20 22:46:36 - DataPreprocessorMain - INFO - 
------------------------------
2025-07-20 22:46:36 - DataPreprocessorMain - INFO - 📌 ダイアログ 163/250 を処理中
2025-07-20 22:46:36 - DataPreprocessorMain - INFO - ------------------------------
2025-07-20 22:46:36 - DataPreprocessorMain - INFO - ダイアログキー: food_level3_dial16
2025-07-20 22:46:36 - DataPreprocessorMain - INFO - ターン数: 6
2025-07-20 22:46:36 - DataPreprocessorMain - INFO - 🔄 ターン 1 を処理中...
2025-07-20 22:46:36 - DataPreprocessorMain - INFO -   元のクエリ: How many varieties of grapes are sanctioned for port wine?
2025-07-20 22:46:36 - DataPreprocessorMain - INFO -   書き換えクエリ: How many varieties of grapes are sanctioned for port wine ?
2025-07-20 22:46:36 - DataPreprocessorMain - INFO - 🔄 ターン 2 を処理中...
2025-07-20 22:46:36 - DataPreprocessorMain - INFO -   元のクエリ: Of the grapes sanctioned for port wine, what are the most common varieties used in production?
2025-07-20 22:46:36 - DataPreprocessorMain - INFO -   書き換えクエリ: Of the grapes sanctioned for port wine, what are the most common varieties used in production ?
2025-07-20 22:46:36 - DataPreprocessorMain - INFO - 🔄 ターン 3 を処理中...
2025-07-20 22:46:37 - DataPreprocessorMain - INFO -   元のクエリ: What is port wine made out of?
2025-07-20 22:46:37 - DataPreprocessorMain - INFO -   書き換えクエリ: What is port wine made out of ?
2025-07-20 22:46:37 - DataPreprocessorMain - INFO - 🔄 ターン 4 を処理中...
2025-07-20 22:46:37 - DataPreprocessorMain - INFO -   元のクエリ: How exactly are grapes determined to be permitted or not?
2025-07-20 22:46:37 - DataPreprocessorMain - INFO -   書き換えクエリ: How exactly are grapes determined to be permitted or not for Port wine production ?
2025-07-20 22:46:37 - DataPreprocessorMain - INFO - 🔄 ターン 5 を処理中...
2025-07-20 22:46:37 - DataPreprocessorMain - INFO -   元のクエリ: Has port wine been known to treat any illnesses?
2025-07-20 22:46:37 - DataPreprocessorMain - INFO -   書き換えクエリ: Has port wine been known to treat any illnesses ?
2025-07-20 22:46:37 - DataPreprocessorMain - INFO - 🔄 ターン 6 を処理中...
2025-07-20 22:46:38 - DataPreprocessorMain - INFO -   元のクエリ: What did prot wine contain that it was used to treat gout?
2025-07-20 22:46:38 - DataPreprocessorMain - INFO -   書き換えクエリ: What did prot wine contain that was used to treat gout ?
2025-07-20 22:46:38 - DataPreprocessorMain - INFO - ✅ ダイアログ 163 の処理が完了しました
2025-07-20 22:46:38 - DataPreprocessorMain - INFO - 
------------------------------
2025-07-20 22:46:38 - DataPreprocessorMain - INFO - 📌 ダイアログ 164/250 を処理中
2025-07-20 22:46:38 - DataPreprocessorMain - INFO - ------------------------------
2025-07-20 22:46:38 - DataPreprocessorMain - INFO - ダイアログキー: top25_dial12
2025-07-20 22:46:38 - DataPreprocessorMain - INFO - ターン数: 3
2025-07-20 22:46:38 - DataPreprocessorMain - INFO - 🔄 ターン 1 を処理中...
2025-07-20 22:46:38 - DataPreprocessorMain - INFO -   元のクエリ: What was the worst injury Mayweather sustained during his boxing career?
2025-07-20 22:46:38 - DataPreprocessorMain - INFO -   書き換えクエリ: What was the worst injury Mayweather sustained during his boxing career ?
2025-07-20 22:46:38 - DataPreprocessorMain - INFO - 🔄 ターン 2 を処理中...
2025-07-20 22:46:39 - DataPreprocessorMain - INFO -   元のクエリ: How about Floyd Mayweather Jr., since he's the only one I've ever heard of?
2025-07-20 22:46:39 - DataPreprocessorMain - INFO -   書き換えクエリ: Floyd Mayweather Jr. is the only one I've ever heard of ?
2025-07-20 22:46:39 - DataPreprocessorMain - INFO - 🔄 ターン 3 を処理中...
2025-07-20 22:46:39 - DataPreprocessorMain - INFO -   元のクエリ: What was Floyd Mayweather Jr's most recent boxing championship as of 2022?
2025-07-20 22:46:39 - DataPreprocessorMain - INFO -   書き換えクエリ: What was Floyd Mayweather Jr's most recent boxing championship as of 2022 ?
2025-07-20 22:46:39 - DataPreprocessorMain - INFO - ✅ ダイアログ 164 の処理が完了しました
2025-07-20 22:46:39 - DataPreprocessorMain - INFO - 
------------------------------
2025-07-20 22:46:39 - DataPreprocessorMain - INFO - 📌 ダイアログ 165/250 を処理中
2025-07-20 22:46:39 - DataPreprocessorMain - INFO - ------------------------------
2025-07-20 22:46:39 - DataPreprocessorMain - INFO - ダイアログキー: hobby_level1_dial1
2025-07-20 22:46:39 - DataPreprocessorMain - INFO - ターン数: 7
2025-07-20 22:46:39 - DataPreprocessorMain - INFO - 🔄 ターン 1 を処理中...
2025-07-20 22:46:40 - DataPreprocessorMain - INFO -   元のクエリ: What makes bonsai different from penjing?
2025-07-20 22:46:40 - DataPreprocessorMain - INFO -   書き換えクエリ: What makes bonsai different from penjing ?
2025-07-20 22:46:40 - DataPreprocessorMain - INFO - 🔄 ターン 2 を処理中...
2025-07-20 22:46:40 - DataPreprocessorMain - INFO -   元のクエリ: How is formal upright bonsai different from shanshui penjing?
2025-07-20 22:46:40 - DataPreprocessorMain - INFO -   書き換えクエリ: How is formal upright bonsai different from shanshui penjing ?
2025-07-20 22:46:40 - DataPreprocessorMain - INFO - 🔄 ターン 3 を処理中...
2025-07-20 22:46:41 - DataPreprocessorMain - INFO -   元のクエリ: Who uses the formal upright bonsai method?
2025-07-20 22:46:41 - DataPreprocessorMain - INFO -   書き換えクエリ: Who uses the formal upright bonsai method ?
2025-07-20 22:46:41 - DataPreprocessorMain - INFO - 🔄 ターン 4 を処理中...
2025-07-20 22:46:41 - DataPreprocessorMain - INFO -   元のクエリ: How did was this form developed?
2025-07-20 22:46:41 - DataPreprocessorMain - INFO -   書き換えクエリ: How was formal upright bonsai developed ?
2025-07-20 22:46:41 - DataPreprocessorMain - INFO - 🔄 ターン 5 を処理中...
2025-07-20 22:46:41 - DataPreprocessorMain - INFO -   元のクエリ: I wonder how many people practice this artform of bonsai in Japan?
2025-07-20 22:46:41 - DataPreprocessorMain - INFO -   書き換えクエリ: I wonder how many people practice formal upright bonsai in Japan ?
2025-07-20 22:46:41 - DataPreprocessorMain - INFO - 🔄 ターン 6 を処理中...
2025-07-20 22:46:42 - DataPreprocessorMain - INFO -   元のクエリ: Is there any famous people that are know to be part of this hobbyist bonsai group ?
2025-07-20 22:46:42 - DataPreprocessorMain - INFO -   書き換えクエリ: Is there any famous people that are known to be part of the hobbyist bonsai group in Japan ?
2025-07-20 22:46:42 - DataPreprocessorMain - INFO - 🔄 ターン 7 を処理中...
2025-07-20 22:46:43 - DataPreprocessorMain - INFO -   元のクエリ: I would like to know more about both Masahiko Kimura and Kunio Kobayashi.
2025-07-20 22:46:43 - DataPreprocessorMain - INFO -   書き換えクエリ: I would like to know more about both Masahiko Kimura and Kunio Kobayashi .
2025-07-20 22:46:43 - DataPreprocessorMain - INFO - ✅ ダイアログ 165 の処理が完了しました
2025-07-20 22:46:43 - DataPreprocessorMain - INFO - 
------------------------------
2025-07-20 22:46:43 - DataPreprocessorMain - INFO - 📌 ダイアログ 166/250 を処理中
2025-07-20 22:46:43 - DataPreprocessorMain - INFO - ------------------------------
2025-07-20 22:46:43 - DataPreprocessorMain - INFO - ダイアログキー: hobby_level2_dial10
2025-07-20 22:46:43 - DataPreprocessorMain - INFO - ターン数: 6
2025-07-20 22:46:43 - DataPreprocessorMain - INFO - 🔄 ターン 1 を処理中...
2025-07-20 22:46:43 - DataPreprocessorMain - INFO -   元のクエリ: How is Che Guevara's image most commonly presented?
2025-07-20 22:46:43 - DataPreprocessorMain - INFO -   書き換えクエリ: How is Che Guevara 's image most commonly presented ?
2025-07-20 22:46:43 - DataPreprocessorMain - INFO - 🔄 ターン 2 を処理中...
2025-07-20 22:46:44 - DataPreprocessorMain - INFO -   元のクエリ: When did Jim Fitzpatrick create the iconic facial caricature of Che Guevara?
2025-07-20 22:46:44 - DataPreprocessorMain - INFO -   書き換えクエリ: When did Jim Fitzpatrick create the iconic facial caricature of Che Guevara ?
2025-07-20 22:46:44 - DataPreprocessorMain - INFO - 🔄 ターン 3 を処理中...
2025-07-20 22:46:44 - DataPreprocessorMain - INFO -   元のクエリ: Was Jim Fitzpatrick paid for his creation of the caricature of Che Guevara in any way?
2025-07-20 22:46:44 - DataPreprocessorMain - INFO -   書き換えクエリ: Was Jim Fitzpatrick paid for his creation of the caricature of Che Guevara in any way ?
2025-07-20 22:46:44 - DataPreprocessorMain - INFO - 🔄 ターン 4 を処理中...
2025-07-20 22:46:45 - DataPreprocessorMain - INFO -   元のクエリ: How many living relatives does Guevara currently have?
2025-07-20 22:46:45 - DataPreprocessorMain - INFO -   書き換えクエリ: How many living relatives does Che Guevara currently have ?
2025-07-20 22:46:45 - DataPreprocessorMain - INFO - 🔄 ターン 5 を処理中...
2025-07-20 22:46:45 - DataPreprocessorMain - INFO -   元のクエリ: Does Aleida Guevara live in Cuba or elsewhere?
2025-07-20 22:46:45 - DataPreprocessorMain - INFO -   書き換えクエリ: Does Aleida Guevara live in Cuba or elsewhere ?
2025-07-20 22:46:45 - DataPreprocessorMain - INFO - 🔄 ターン 6 を処理中...
2025-07-20 22:46:46 - DataPreprocessorMain - INFO -   元のクエリ: That's sweet of her! What're the homes called?
2025-07-20 22:46:46 - DataPreprocessorMain - INFO -   書き換えクエリ: What are the homes that Aleida Guevara helps run called ?
2025-07-20 22:46:46 - DataPreprocessorMain - INFO - ✅ ダイアログ 166 の処理が完了しました
2025-07-20 22:46:46 - DataPreprocessorMain - INFO - 
------------------------------
2025-07-20 22:46:46 - DataPreprocessorMain - INFO - 📌 ダイアログ 167/250 を処理中
2025-07-20 22:46:46 - DataPreprocessorMain - INFO - ------------------------------
2025-07-20 22:46:46 - DataPreprocessorMain - INFO - ダイアログキー: hobby_level3_dial27
2025-07-20 22:46:46 - DataPreprocessorMain - INFO - ターン数: 7
2025-07-20 22:46:46 - DataPreprocessorMain - INFO - 🔄 ターン 1 を処理中...
2025-07-20 22:46:46 - DataPreprocessorMain - INFO -   元のクエリ: When was the telescopic scope first invented?
2025-07-20 22:46:46 - DataPreprocessorMain - INFO -   書き換えクエリ: When was the telescopic scope first invented ?
2025-07-20 22:46:46 - DataPreprocessorMain - INFO - 🔄 ターン 2 を処理中...
2025-07-20 22:46:47 - DataPreprocessorMain - INFO -   元のクエリ: Thanks for telling me who invented the first telescopic sight rifle, but I asked for when this happened.
2025-07-20 22:46:47 - DataPreprocessorMain - INFO -   書き換えクエリ: What year did Morgan James invent the first telescopic sight rifle ?
2025-07-20 22:46:47 - DataPreprocessorMain - INFO - 🔄 ターン 3 を処理中...
2025-07-20 22:46:47 - DataPreprocessorMain - INFO -   元のクエリ: How are telescopic sights used in the military?
2025-07-20 22:46:47 - DataPreprocessorMain - INFO -   書き換えクエリ: How are telescopic sights used in the military ?
2025-07-20 22:46:47 - DataPreprocessorMain - INFO - 🔄 ターン 4 を処理中...
2025-07-20 22:46:47 - DataPreprocessorMain - INFO -   元のクエリ: How is the reticle made onto the scope?
2025-07-20 22:46:47 - DataPreprocessorMain - INFO -   書き換えクエリ: How is the reticle made onto the scope ?
2025-07-20 22:46:47 - DataPreprocessorMain - INFO - 🔄 ターン 5 を処理中...
2025-07-20 22:46:48 - DataPreprocessorMain - INFO -   元のクエリ: Please tell me about wire reticles.
2025-07-20 22:46:48 - DataPreprocessorMain - INFO -   書き換えクエリ: Please tell me about wire reticles.
2025-07-20 22:46:48 - DataPreprocessorMain - INFO - 🔄 ターン 6 を処理中...
2025-07-20 22:46:48 - DataPreprocessorMain - INFO -   元のクエリ: Tell more about the telescope?
2025-07-20 22:46:48 - DataPreprocessorMain - INFO -   書き換えクエリ: Tell me more about the telescope ?
2025-07-20 22:46:48 - DataPreprocessorMain - INFO - 🔄 ターン 7 を処理中...
2025-07-20 22:46:49 - DataPreprocessorMain - INFO -   元のクエリ: I want know more about Gamma ray telescopes please?
2025-07-20 22:46:49 - DataPreprocessorMain - INFO -   書き換えクエリ: I want to know more about Gamma ray telescopes please ?
2025-07-20 22:46:49 - DataPreprocessorMain - INFO - ✅ ダイアログ 167 の処理が完了しました
2025-07-20 22:46:49 - DataPreprocessorMain - INFO - 
------------------------------
2025-07-20 22:46:49 - DataPreprocessorMain - INFO - 📌 ダイアログ 168/250 を処理中
2025-07-20 22:46:49 - DataPreprocessorMain - INFO - ------------------------------
2025-07-20 22:46:49 - DataPreprocessorMain - INFO - ダイアログキー: food_level2_dial25
2025-07-20 22:46:49 - DataPreprocessorMain - INFO - ターン数: 7
2025-07-20 22:46:49 - DataPreprocessorMain - INFO - 🔄 ターン 1 を処理中...
2025-07-20 22:46:49 - DataPreprocessorMain - INFO -   元のクエリ: What is the traditional spelling of the word donut?
2025-07-20 22:46:49 - DataPreprocessorMain - INFO -   書き換えクエリ: What is the traditional spelling of the word donut ?
2025-07-20 22:46:49 - DataPreprocessorMain - INFO - 🔄 ターン 2 を処理中...
2025-07-20 22:46:49 - DataPreprocessorMain - INFO -   元のクエリ: I see. What are donuts made from?
2025-07-20 22:46:49 - DataPreprocessorMain - INFO -   書き換えクエリ: What are donuts made from ?
2025-07-20 22:46:49 - DataPreprocessorMain - INFO - 🔄 ターン 3 を処理中...
2025-07-20 22:46:50 - DataPreprocessorMain - INFO -   元のクエリ: Where in the world can you find the lead consumers of donuts?
2025-07-20 22:46:50 - DataPreprocessorMain - INFO -   書き換えクエリ: Where in the world can you find the lead consumers of donuts ?
2025-07-20 22:46:50 - DataPreprocessorMain - INFO - 🔄 ターン 4 を処理中...
2025-07-20 22:46:50 - DataPreprocessorMain - INFO -   元のクエリ: When were damaged first introduced to Canada?
2025-07-20 22:46:50 - DataPreprocessorMain - INFO -   書き換えクエリ: When were donuts damaged first introduced to Canada ?
2025-07-20 22:46:50 - DataPreprocessorMain - INFO - 🔄 ターン 5 を処理中...
2025-07-20 22:46:50 - DataPreprocessorMain - INFO -   元のクエリ: Yes, please tell me more about the history of the donut.
2025-07-20 22:46:50 - DataPreprocessorMain - INFO -   書き換えクエリ: Please tell me more about the history of the donut .
2025-07-20 22:46:50 - DataPreprocessorMain - INFO - 🔄 ターン 6 を処理中...
2025-07-20 22:46:51 - DataPreprocessorMain - INFO -   元のクエリ: Any more you can tell me about the donut?
2025-07-20 22:46:51 - DataPreprocessorMain - INFO -   書き換えクエリ: Any more you can tell me about the donut besides its history ?
2025-07-20 22:46:51 - DataPreprocessorMain - INFO - 🔄 ターン 7 を処理中...
2025-07-20 22:46:51 - DataPreprocessorMain - INFO -   元のクエリ: Tell me about the health effects of donuts!
2025-07-20 22:46:51 - DataPreprocessorMain - INFO -   書き換えクエリ: Tell me about the health effects of donuts !
2025-07-20 22:46:51 - DataPreprocessorMain - INFO - ✅ ダイアログ 168 の処理が完了しました
2025-07-20 22:46:51 - DataPreprocessorMain - INFO - 
------------------------------
2025-07-20 22:46:51 - DataPreprocessorMain - INFO - 📌 ダイアログ 169/250 を処理中
2025-07-20 22:46:51 - DataPreprocessorMain - INFO - ------------------------------
2025-07-20 22:46:51 - DataPreprocessorMain - INFO - ダイアログキー: hobby_level2_dial34
2025-07-20 22:46:51 - DataPreprocessorMain - INFO - ターン数: 7
2025-07-20 22:46:51 - DataPreprocessorMain - INFO - 🔄 ターン 1 を処理中...
2025-07-20 22:46:51 - DataPreprocessorMain - INFO -   元のクエリ: Was anyone fined for the wardrobe malfunction?
2025-07-20 22:46:51 - DataPreprocessorMain - INFO -   書き換えクエリ: Was anyone fined for the wardrobe malfunction ?
2025-07-20 22:46:51 - DataPreprocessorMain - INFO - 🔄 ターン 2 を処理中...
2025-07-20 22:46:52 - DataPreprocessorMain - INFO -   元のクエリ: How did Nipplegate impact Janet Jackson's career?
2025-07-20 22:46:52 - DataPreprocessorMain - INFO -   書き換えクエリ: How did Nipplegate impact Janet Jackson 's career ?
2025-07-20 22:46:52 - DataPreprocessorMain - INFO - 🔄 ターン 3 を処理中...
2025-07-20 22:46:52 - DataPreprocessorMain - INFO -   元のクエリ: Who filed the lawsuit against Janet Jackson and Justin Timberlake?
2025-07-20 22:46:52 - DataPreprocessorMain - INFO -   書き換えクエリ: Who filed the lawsuit against Janet Jackson and Justin Timberlake ?
2025-07-20 22:46:52 - DataPreprocessorMain - INFO - 🔄 ターン 4 を処理中...
2025-07-20 22:46:53 - DataPreprocessorMain - INFO -   元のクエリ: What was the outcome of the lawsuit against Janet Jackson and Justin Timberlake?
2025-07-20 22:46:53 - DataPreprocessorMain - INFO -   書き換えクエリ: What was the outcome of the lawsuit against Janet Jackson and Justin Timberlake ?
2025-07-20 22:46:53 - DataPreprocessorMain - INFO - 🔄 ターン 5 を処理中...
2025-07-20 22:46:53 - DataPreprocessorMain - INFO -   元のクエリ: Who suffered more consequences from the Superbowl incident, Janet or Justin?
2025-07-20 22:46:53 - DataPreprocessorMain - INFO -   書き換えクエリ: Who suffered more consequences from the Superbowl incident, Janet Jackson or Justin ?
2025-07-20 22:46:53 - DataPreprocessorMain - INFO - 🔄 ターン 6 を処理中...
2025-07-20 22:46:54 - DataPreprocessorMain - INFO -   元のクエリ: Was there any sort of public debate that arose from Nipplegate?
2025-07-20 22:46:54 - DataPreprocessorMain - INFO -   書き換えクエリ: Was there any sort of public debate that arose from Nipplegate ?
2025-07-20 22:46:54 - DataPreprocessorMain - INFO - 🔄 ターン 7 を処理中...
2025-07-20 22:46:55 - DataPreprocessorMain - INFO -   元のクエリ: I would like to know more about "moral values".
2025-07-20 22:46:55 - DataPreprocessorMain - INFO -   書き換えクエリ: I would like to know more about "moral values" following the Nipplegate incident .
2025-07-20 22:46:55 - DataPreprocessorMain - INFO - ✅ ダイアログ 169 の処理が完了しました
2025-07-20 22:46:55 - DataPreprocessorMain - INFO - 
------------------------------
2025-07-20 22:46:55 - DataPreprocessorMain - INFO - 📌 ダイアログ 170/250 を処理中
2025-07-20 22:46:55 - DataPreprocessorMain - INFO - ------------------------------
2025-07-20 22:46:55 - DataPreprocessorMain - INFO - ダイアログキー: hobby_level1_dial10
2025-07-20 22:46:55 - DataPreprocessorMain - INFO - ターン数: 5
2025-07-20 22:46:55 - DataPreprocessorMain - INFO - 🔄 ターン 1 を処理中...
2025-07-20 22:46:55 - DataPreprocessorMain - INFO -   元のクエリ: Have magicians ever been prosecuted for witchcraft?
2025-07-20 22:46:55 - DataPreprocessorMain - INFO -   書き換えクエリ: Have magicians ever been prosecuted for witchcraft ?
2025-07-20 22:46:55 - DataPreprocessorMain - INFO - 🔄 ターン 2 を処理中...
2025-07-20 22:46:55 - DataPreprocessorMain - INFO -   元のクエリ: Have magicians who practice stage magic ever been prosecuted for witchcraft?
2025-07-20 22:46:55 - DataPreprocessorMain - INFO -   書き換えクエリ: Have magicians who practice stage magic ever been prosecuted for witchcraft ?
2025-07-20 22:46:55 - DataPreprocessorMain - INFO - 🔄 ターン 3 を処理中...
2025-07-20 22:46:56 - DataPreprocessorMain - INFO -   元のクエリ: Has anyone ever used magic for wrongdoings?
2025-07-20 22:46:56 - DataPreprocessorMain - INFO -   書き換えクエリ: Has anyone ever used magic for wrongdoings ?
2025-07-20 22:46:56 - DataPreprocessorMain - INFO - 🔄 ターン 4 を処理中...
2025-07-20 22:46:56 - DataPreprocessorMain - INFO -   元のクエリ: What is an example of black magic?
2025-07-20 22:46:56 - DataPreprocessorMain - INFO -   書き換えクエリ: What is an example of black magic ?
2025-07-20 22:46:56 - DataPreprocessorMain - INFO - 🔄 ターン 5 を処理中...
2025-07-20 22:46:57 - DataPreprocessorMain - INFO -   元のクエリ: Who is one of the most famous magicians to have lived?
2025-07-20 22:46:57 - DataPreprocessorMain - INFO -   書き換えクエリ: Who is one of the most famous magicians to have lived ?
2025-07-20 22:46:57 - DataPreprocessorMain - INFO - ✅ ダイアログ 170 の処理が完了しました
2025-07-20 22:46:57 - DataPreprocessorMain - INFO - 
------------------------------
2025-07-20 22:46:57 - DataPreprocessorMain - INFO - 📌 ダイアログ 171/250 を処理中
2025-07-20 22:46:57 - DataPreprocessorMain - INFO - ------------------------------
2025-07-20 22:46:57 - DataPreprocessorMain - INFO - ダイアログキー: hobby_level3_dial28
2025-07-20 22:46:57 - DataPreprocessorMain - INFO - ターン数: 3
2025-07-20 22:46:57 - DataPreprocessorMain - INFO - 🔄 ターン 1 を処理中...
2025-07-20 22:46:57 - DataPreprocessorMain - INFO -   元のクエリ: Which fictional character did writer Jeph Loeb and artist Steve Skroce create in March of 1995?
2025-07-20 22:46:57 - DataPreprocessorMain - INFO -   書き換えクエリ: Which fictional character did writer Jeph Loeb and artist Steve Skroce create in March of 1995 ?
2025-07-20 22:46:57 - DataPreprocessorMain - INFO - 🔄 ターン 2 を処理中...
2025-07-20 22:46:58 - DataPreprocessorMain - INFO -   元のクエリ: What kind of powers or abilities did this character have?
2025-07-20 22:46:58 - DataPreprocessorMain - INFO -   書き換えクエリ: What kind of powers or abilities did Nathaniel Grey from X-Men character have ?
2025-07-20 22:46:58 - DataPreprocessorMain - INFO - 🔄 ターン 3 を処理中...
2025-07-20 22:46:58 - DataPreprocessorMain - INFO -   元のクエリ: Did the character Nathaniel Grey appear in any movies?
2025-07-20 22:46:58 - DataPreprocessorMain - INFO -   書き換えクエリ: Did the Nathaniel Grey character appear in any movies ?
2025-07-20 22:46:58 - DataPreprocessorMain - INFO - ✅ ダイアログ 171 の処理が完了しました
2025-07-20 22:46:58 - DataPreprocessorMain - INFO - 
------------------------------
2025-07-20 22:46:58 - DataPreprocessorMain - INFO - 📌 ダイアログ 172/250 を処理中
2025-07-20 22:46:58 - DataPreprocessorMain - INFO - ------------------------------
2025-07-20 22:46:58 - DataPreprocessorMain - INFO - ダイアログキー: food_level3_dial18
2025-07-20 22:46:58 - DataPreprocessorMain - INFO - ターン数: 6
2025-07-20 22:46:58 - DataPreprocessorMain - INFO - 🔄 ターン 1 を処理中...
2025-07-20 22:46:59 - DataPreprocessorMain - INFO -   元のクエリ: The reindeer is also known as what in North America?
2025-07-20 22:46:59 - DataPreprocessorMain - INFO -   書き換えクエリ: The reindeer is also known as what in North America ?
2025-07-20 22:46:59 - DataPreprocessorMain - INFO - 🔄 ターン 2 を処理中...
2025-07-20 22:46:59 - DataPreprocessorMain - INFO -   元のクエリ: Are reindeer (or caribou) considered endangered?
2025-07-20 22:46:59 - DataPreprocessorMain - INFO -   書き換えクエリ: Are reindeer (or caribou) considered endangered in North America ?
2025-07-20 22:46:59 - DataPreprocessorMain - INFO - 🔄 ターン 3 を処理中...
2025-07-20 22:46:59 - DataPreprocessorMain - INFO -   元のクエリ: What continent has the largest population of reindeers?
2025-07-20 22:46:59 - DataPreprocessorMain - INFO -   書き換えクエリ: What continent has the largest population of reindeers in North America ?
2025-07-20 22:46:59 - DataPreprocessorMain - INFO - 🔄 ターン 4 を処理中...
2025-07-20 22:47:00 - DataPreprocessorMain - INFO -   元のクエリ: What is the clicking sound made by reindeers?
2025-07-20 22:47:00 - DataPreprocessorMain - INFO -   書き換えクエリ: What is the clicking sound made by reindeers in Russia ?
2025-07-20 22:47:00 - DataPreprocessorMain - INFO - 🔄 ターン 5 を処理中...
2025-07-20 22:47:00 - DataPreprocessorMain - INFO -   元のクエリ: How did reindeer become a symbol of Christmas?
2025-07-20 22:47:00 - DataPreprocessorMain - INFO -   書き換えクエリ: How did reindeer become a symbol of Christmas ?
2025-07-20 22:47:00 - DataPreprocessorMain - INFO - 🔄 ターン 6 を処理中...
2025-07-20 22:47:01 - DataPreprocessorMain - INFO -   元のクエリ: Are reindeer raised by humans anywhere?
2025-07-20 22:47:01 - DataPreprocessorMain - INFO -   書き換えクエリ: Are reindeer raised by humans anywhere in the world ?
2025-07-20 22:47:01 - DataPreprocessorMain - INFO - ✅ ダイアログ 172 の処理が完了しました
2025-07-20 22:47:01 - DataPreprocessorMain - INFO - 
------------------------------
2025-07-20 22:47:01 - DataPreprocessorMain - INFO - 📌 ダイアログ 173/250 を処理中
2025-07-20 22:47:01 - DataPreprocessorMain - INFO - ------------------------------
2025-07-20 22:47:01 - DataPreprocessorMain - INFO - ダイアログキー: food_level2_dial26
2025-07-20 22:47:01 - DataPreprocessorMain - INFO - ターン数: 6
2025-07-20 22:47:01 - DataPreprocessorMain - INFO - 🔄 ターン 1 を処理中...
2025-07-20 22:47:01 - DataPreprocessorMain - INFO -   元のクエリ: What are some other plants in the cactus family Cactaceae?
2025-07-20 22:47:01 - DataPreprocessorMain - INFO -   書き換えクエリ: Besides Cactaceae , what are some other plants in the cactus family ?
2025-07-20 22:47:01 - DataPreprocessorMain - INFO - 🔄 ターン 2 を処理中...
2025-07-20 22:47:02 - DataPreprocessorMain - INFO -   元のクエリ: Opuntias sound interesting! Could you tell me about where you find them?
2025-07-20 22:47:02 - DataPreprocessorMain - INFO -   書き換えクエリ: Could you tell me about where you find opuntias in Cactaceae ?
2025-07-20 22:47:02 - DataPreprocessorMain - INFO - 🔄 ターン 3 を処理中...
2025-07-20 22:47:02 - DataPreprocessorMain - INFO -   元のクエリ: How are prickly pears used in food?
2025-07-20 22:47:02 - DataPreprocessorMain - INFO -   書き換えクエリ: How are prickly pears used in food ?
2025-07-20 22:47:02 - DataPreprocessorMain - INFO - 🔄 ターン 4 を処理中...
2025-07-20 22:47:03 - DataPreprocessorMain - INFO -   元のクエリ: What are the European ways of consuming prickly pears?
2025-07-20 22:47:03 - DataPreprocessorMain - INFO -   書き換えクエリ: What are the European ways of consuming prickly pears ?
2025-07-20 22:47:03 - DataPreprocessorMain - INFO - 🔄 ターン 5 を処理中...
2025-07-20 22:47:03 - DataPreprocessorMain - INFO -   元のクエリ: Are there any other drinks made from cacti besides bajtra?
2025-07-20 22:47:03 - DataPreprocessorMain - INFO -   書き換えクエリ: Are there any other drinks made from cacti besides bajtra ?
2025-07-20 22:47:03 - DataPreprocessorMain - INFO - 🔄 ターン 6 を処理中...
2025-07-20 22:47:04 - DataPreprocessorMain - INFO -   元のクエリ: What type of drink is colonche?
2025-07-20 22:47:04 - DataPreprocessorMain - INFO -   書き換えクエリ: What type of drink is colonche made from prickly pears ?
2025-07-20 22:47:04 - DataPreprocessorMain - INFO - ✅ ダイアログ 173 の処理が完了しました
2025-07-20 22:47:04 - DataPreprocessorMain - INFO - 
------------------------------
2025-07-20 22:47:04 - DataPreprocessorMain - INFO - 📌 ダイアログ 174/250 を処理中
2025-07-20 22:47:04 - DataPreprocessorMain - INFO - ------------------------------
2025-07-20 22:47:04 - DataPreprocessorMain - INFO - ダイアログキー: hobby_level3_dial29
2025-07-20 22:47:04 - DataPreprocessorMain - INFO - ターン数: 7
2025-07-20 22:47:04 - DataPreprocessorMain - INFO - 🔄 ターン 1 を処理中...
2025-07-20 22:47:04 - DataPreprocessorMain - INFO -   元のクエリ: What health hazards are associated with fiberglass?
2025-07-20 22:47:04 - DataPreprocessorMain - INFO -   書き換えクエリ: What health hazards are associated with fiberglass?
2025-07-20 22:47:04 - DataPreprocessorMain - INFO - 🔄 ターン 2 を処理中...
2025-07-20 22:47:04 - DataPreprocessorMain - INFO -   元のクエリ: What equipment can be worn to mitigate these hazards?
2025-07-20 22:47:04 - DataPreprocessorMain - INFO -   書き換えクエリ: What equipment can be worn to mitigate fiberglass health hazards ?
2025-07-20 22:47:04 - DataPreprocessorMain - INFO - 🔄 ターン 3 を処理中...
2025-07-20 22:47:05 - DataPreprocessorMain - INFO -   元のクエリ: What sort of applications involve fiberglass and need PPE use?
2025-07-20 22:47:05 - DataPreprocessorMain - INFO -   書き換えクエリ: What sort of applications involve fiberglass and need PPE use ?
2025-07-20 22:47:05 - DataPreprocessorMain - INFO - 🔄 ターン 4 を処理中...
2025-07-20 22:47:05 - DataPreprocessorMain - INFO -   元のクエリ: What are some common types of fiberglass?
2025-07-20 22:47:05 - DataPreprocessorMain - INFO -   書き換えクエリ: What are some common types of fiberglass ?
2025-07-20 22:47:05 - DataPreprocessorMain - INFO - 🔄 ターン 5 を処理中...
2025-07-20 22:47:05 - DataPreprocessorMain - INFO -   元のクエリ: Can you give me some examples of what fiberglass is used for?
2025-07-20 22:47:05 - DataPreprocessorMain - INFO -   書き換えクエリ: Can you give me some examples of what fiberglass is used for ?
2025-07-20 22:47:05 - DataPreprocessorMain - INFO - 🔄 ターン 6 を処理中...
2025-07-20 22:47:06 - DataPreprocessorMain - INFO -   元のクエリ: I am interested in its use for storage tanks.
2025-07-20 22:47:06 - DataPreprocessorMain - INFO -   書き換えクエリ: I am interested in the use of fiberglass for storage tanks.
2025-07-20 22:47:06 - DataPreprocessorMain - INFO - 🔄 ターン 7 を処理中...
2025-07-20 22:47:06 - DataPreprocessorMain - INFO -   元のクエリ: More interested in house it's for smaller tanks!
2025-07-20 22:47:06 - DataPreprocessorMain - INFO -   書き換えクエリ: Are you more interested in how fiberglass is used for smaller tanks or for more reliable tanks such as those used for chemical storage ?
2025-07-20 22:47:06 - DataPreprocessorMain - INFO - ✅ ダイアログ 174 の処理が完了しました
2025-07-20 22:47:06 - DataPreprocessorMain - INFO - 
------------------------------
2025-07-20 22:47:06 - DataPreprocessorMain - INFO - 📌 ダイアログ 175/250 を処理中
2025-07-20 22:47:06 - DataPreprocessorMain - INFO - ------------------------------
2025-07-20 22:47:06 - DataPreprocessorMain - INFO - ダイアログキー: top25_dial13
2025-07-20 22:47:06 - DataPreprocessorMain - INFO - ターン数: 6
2025-07-20 22:47:06 - DataPreprocessorMain - INFO - 🔄 ターン 1 を処理中...
2025-07-20 22:47:07 - DataPreprocessorMain - INFO -   元のクエリ: Who did Tyson Luke defeat in 2015 to win the ring titles?
2025-07-20 22:47:07 - DataPreprocessorMain - INFO -   書き換えクエリ: Who did Tyson Luke defeat in 2015 to win the ring titles ?
2025-07-20 22:47:07 - DataPreprocessorMain - INFO - 🔄 ターン 2 を処理中...
2025-07-20 22:47:07 - DataPreprocessorMain - INFO -   元のクエリ: How many KO's did Tyson Luke land in his professional career?
2025-07-20 22:47:07 - DataPreprocessorMain - INFO -   書き換えクエリ: How many KO's did Tyson Luke land in his professional career ?
2025-07-20 22:47:07 - DataPreprocessorMain - INFO - 🔄 ターン 3 を処理中...
2025-07-20 22:47:08 - DataPreprocessorMain - INFO -   元のクエリ: How is Tyson Luke Fury viewed by the public?
2025-07-20 22:47:08 - DataPreprocessorMain - INFO -   書き換えクエリ: How is Tyson Luke Fury viewed by the public ?
2025-07-20 22:47:08 - DataPreprocessorMain - INFO - 🔄 ターン 4 を処理中...
2025-07-20 22:47:08 - DataPreprocessorMain - INFO -   元のクエリ: Is Tyson Luke married with children?
2025-07-20 22:47:08 - DataPreprocessorMain - INFO -   書き換えクエリ: Is Tyson Luke married with children ?
2025-07-20 22:47:08 - DataPreprocessorMain - INFO - 🔄 ターン 5 を処理中...
2025-07-20 22:47:08 - DataPreprocessorMain - INFO -   元のクエリ: What kind of mental health struggles did Tyson Luke face?
2025-07-20 22:47:08 - DataPreprocessorMain - INFO -   書き換えクエリ: What kind of mental health struggles did Tyson Luke face ?
2025-07-20 22:47:08 - DataPreprocessorMain - INFO - 🔄 ターン 6 を処理中...
2025-07-20 22:47:09 - DataPreprocessorMain - INFO -   元のクエリ: How much did Fury gain during his metal health issues?
2025-07-20 22:47:09 - DataPreprocessorMain - INFO -   書き換えクエリ: How much did Fury gain during his metal health issues ?
2025-07-20 22:47:09 - DataPreprocessorMain - INFO - ✅ ダイアログ 175 の処理が完了しました
2025-07-20 22:47:09 - DataPreprocessorMain - INFO - 
------------------------------
2025-07-20 22:47:09 - DataPreprocessorMain - INFO - 📌 ダイアログ 176/250 を処理中
2025-07-20 22:47:09 - DataPreprocessorMain - INFO - ------------------------------
2025-07-20 22:47:09 - DataPreprocessorMain - INFO - ダイアログキー: top25_dial37
2025-07-20 22:47:09 - DataPreprocessorMain - INFO - ターン数: 6
2025-07-20 22:47:09 - DataPreprocessorMain - INFO - 🔄 ターン 1 を処理中...
2025-07-20 22:47:09 - DataPreprocessorMain - INFO -   元のクエリ: Does Kamala Harris have any siblings?
2025-07-20 22:47:09 - DataPreprocessorMain - INFO -   書き換えクエリ: Does Kamala Harris have any siblings ?
2025-07-20 22:47:09 - DataPreprocessorMain - INFO - 🔄 ターン 2 を処理中...
2025-07-20 22:47:09 - DataPreprocessorMain - INFO -   元のクエリ: How did Harris start her political career?
2025-07-20 22:47:09 - DataPreprocessorMain - INFO -   書き換えクエリ: How did Kamala Harris start her political career ?
2025-07-20 22:47:09 - DataPreprocessorMain - INFO - 🔄 ターン 3 を処理中...
2025-07-20 22:47:10 - DataPreprocessorMain - INFO -   元のクエリ: What was Harris' next appointment after being the deputy district attorney in Alameda?
2025-07-20 22:47:10 - DataPreprocessorMain - INFO -   書き換えクエリ: What was Kamala Harris ' next appointment after being the deputy district attorney in Alameda ?
2025-07-20 22:47:10 - DataPreprocessorMain - INFO - 🔄 ターン 4 を処理中...
2025-07-20 22:47:10 - DataPreprocessorMain - INFO -   元のクエリ: How old is Kamala Harris?
2025-07-20 22:47:10 - DataPreprocessorMain - INFO -   書き換えクエリ: How old is Kamala Harris ?
2025-07-20 22:47:10 - DataPreprocessorMain - INFO - 🔄 ターン 5 を処理中...
2025-07-20 22:47:11 - DataPreprocessorMain - INFO -   元のクエリ: What are some of the things that Kamala Harris has achieved while in office?
2025-07-20 22:47:11 - DataPreprocessorMain - INFO -   書き換えクエリ: What are some of the things that Kamala Harris has achieved while in office ?
2025-07-20 22:47:11 - DataPreprocessorMain - INFO - 🔄 ターン 6 を処理中...
2025-07-20 22:47:11 - DataPreprocessorMain - INFO -   元のクエリ: Tell me about her achievement as the Attorney General of California.
2025-07-20 22:47:11 - DataPreprocessorMain - INFO -   書き換えクエリ: Tell me about Kamala Harris achievement as the Attorney General of California .
2025-07-20 22:47:11 - DataPreprocessorMain - INFO - ✅ ダイアログ 176 の処理が完了しました
2025-07-20 22:47:11 - DataPreprocessorMain - INFO - 
------------------------------
2025-07-20 22:47:11 - DataPreprocessorMain - INFO - 📌 ダイアログ 177/250 を処理中
2025-07-20 22:47:11 - DataPreprocessorMain - INFO - ------------------------------
2025-07-20 22:47:11 - DataPreprocessorMain - INFO - ダイアログキー: food_level2_dial27
2025-07-20 22:47:11 - DataPreprocessorMain - INFO - ターン数: 7
2025-07-20 22:47:11 - DataPreprocessorMain - INFO - 🔄 ターン 1 を処理中...
2025-07-20 22:47:12 - DataPreprocessorMain - INFO -   元のクエリ: In addition to rice, what ingredients are sometimes added to mochi?
2025-07-20 22:47:12 - DataPreprocessorMain - INFO -   書き換えクエリ: In addition to rice, what ingredients are sometimes added to mochi ?
2025-07-20 22:47:12 - DataPreprocessorMain - INFO - 🔄 ターン 2 を処理中...
2025-07-20 22:47:12 - DataPreprocessorMain - INFO -   元のクエリ: What is done to the rice to make mochi?
2025-07-20 22:47:12 - DataPreprocessorMain - INFO -   書き換えクエリ: What is done to the rice to make mochi ?
2025-07-20 22:47:12 - DataPreprocessorMain - INFO - 🔄 ターン 3 を処理中...
2025-07-20 22:47:12 - DataPreprocessorMain - INFO -   元のクエリ: Are there any health concerns with mochi that we should be aware about?
2025-07-20 22:47:12 - DataPreprocessorMain - INFO -   書き換えクエリ: Are there any health concerns with mochi that we should be aware about ?
2025-07-20 22:47:12 - DataPreprocessorMain - INFO - 🔄 ターン 4 を処理中...
2025-07-20 22:47:13 - DataPreprocessorMain - INFO -   元のクエリ: Oh no! Are there any kinds of mochi made without rice, in that case?
2025-07-20 22:47:13 - DataPreprocessorMain - INFO -   書き換えクエリ: Are there any kinds of mochi made without rice in Japan ?
2025-07-20 22:47:13 - DataPreprocessorMain - INFO - 🔄 ターン 5 を処理中...
2025-07-20 22:47:13 - DataPreprocessorMain - INFO -   元のクエリ: What are some popular flavors of mochi ice cream?
2025-07-20 22:47:13 - DataPreprocessorMain - INFO -   書き換えクエリ: What are some popular flavors of mochi ice cream ?
2025-07-20 22:47:13 - DataPreprocessorMain - INFO - 🔄 ターン 6 を処理中...
2025-07-20 22:47:14 - DataPreprocessorMain - INFO -   元のクエリ: Are other red bean foods popular in Japan as well?
2025-07-20 22:47:14 - DataPreprocessorMain - INFO -   書き換えクエリ: Are other red bean foods popular in Japan as well as mochi ice cream ?
2025-07-20 22:47:14 - DataPreprocessorMain - INFO - 🔄 ターン 7 を処理中...
2025-07-20 22:47:14 - DataPreprocessorMain - INFO -   元のクエリ: I want to know about red bean paste!
2025-07-20 22:47:14 - DataPreprocessorMain - INFO -   書き換えクエリ: I want to know about red bean paste in general !
2025-07-20 22:47:14 - DataPreprocessorMain - INFO - ✅ ダイアログ 177 の処理が完了しました
2025-07-20 22:47:14 - DataPreprocessorMain - INFO - 
------------------------------
2025-07-20 22:47:14 - DataPreprocessorMain - INFO - 📌 ダイアログ 178/250 を処理中
2025-07-20 22:47:14 - DataPreprocessorMain - INFO - ------------------------------
2025-07-20 22:47:14 - DataPreprocessorMain - INFO - ダイアログキー: food_level3_dial19
2025-07-20 22:47:14 - DataPreprocessorMain - INFO - ターン数: 6
2025-07-20 22:47:14 - DataPreprocessorMain - INFO - 🔄 ターン 1 を処理中...
2025-07-20 22:47:14 - DataPreprocessorMain - INFO -   元のクエリ: What is Husky Energy a subsidiary of?
2025-07-20 22:47:14 - DataPreprocessorMain - INFO -   書き換えクエリ: What is Husky Energy a subsidiary of ?
2025-07-20 22:47:14 - DataPreprocessorMain - INFO - 🔄 ターン 2 を処理中...
2025-07-20 22:47:15 - DataPreprocessorMain - INFO -   元のクエリ: Where are the pipelines used by Husky Energy ?
2025-07-20 22:47:15 - DataPreprocessorMain - INFO -   書き換えクエリ: Where are the pipelines used by Husky Energy ?
2025-07-20 22:47:15 - DataPreprocessorMain - INFO - 🔄 ターン 3 を処理中...
2025-07-20 22:47:15 - DataPreprocessorMain - INFO -   元のクエリ: Where does Western Canadian Select import oil from?
2025-07-20 22:47:15 - DataPreprocessorMain - INFO -   書き換えクエリ: Where does Western Canadian Select import oil from ?
2025-07-20 22:47:15 - DataPreprocessorMain - INFO - 🔄 ターン 4 を処理中...
2025-07-20 22:47:15 - DataPreprocessorMain - INFO -   元のクエリ: Where does Imperial Oil get its product from?
2025-07-20 22:47:15 - DataPreprocessorMain - INFO -   書き換えクエリ: Where does Imperial Oil get its product from ?
2025-07-20 22:47:15 - DataPreprocessorMain - INFO - 🔄 ターン 5 を処理中...
2025-07-20 22:47:15 - DataPreprocessorMain - INFO -   元のクエリ: What is WCS doing to lower production costs?
2025-07-20 22:47:15 - DataPreprocessorMain - INFO -   書き換えクエリ: What is WCS doing to lower production costs ?
2025-07-20 22:47:15 - DataPreprocessorMain - INFO - 🔄 ターン 6 を処理中...
2025-07-20 22:47:16 - DataPreprocessorMain - INFO -   元のクエリ: I would like to know more about the repurpose of the thermal evaporation technology.
2025-07-20 22:47:16 - DataPreprocessorMain - INFO -   書き換えクエリ: I would like to know more about the repurpose of the thermal evaporation technology .
2025-07-20 22:47:16 - DataPreprocessorMain - INFO - ✅ ダイアログ 178 の処理が完了しました
2025-07-20 22:47:16 - DataPreprocessorMain - INFO - 
------------------------------
2025-07-20 22:47:16 - DataPreprocessorMain - INFO - 📌 ダイアログ 179/250 を処理中
2025-07-20 22:47:16 - DataPreprocessorMain - INFO - ------------------------------
2025-07-20 22:47:16 - DataPreprocessorMain - INFO - ダイアログキー: top25_dial15
2025-07-20 22:47:16 - DataPreprocessorMain - INFO - ターン数: 6
2025-07-20 22:47:16 - DataPreprocessorMain - INFO - 🔄 ターン 1 を処理中...
2025-07-20 22:47:16 - DataPreprocessorMain - INFO -   元のクエリ: At what age did Thomas Robert Daley start diving?
2025-07-20 22:47:16 - DataPreprocessorMain - INFO -   書き換えクエリ: At what age did Thomas Robert Daley start diving ?
2025-07-20 22:47:16 - DataPreprocessorMain - INFO - 🔄 ターン 2 を処理中...
2025-07-20 22:47:17 - DataPreprocessorMain - INFO -   元のクエリ: How many Olympic medals does Thomas Robert Daley have?
2025-07-20 22:47:17 - DataPreprocessorMain - INFO -   書き換えクエリ: How many Olympic medals does Thomas Robert Daley have ?
2025-07-20 22:47:17 - DataPreprocessorMain - INFO - 🔄 ターン 3 を処理中...
2025-07-20 22:47:17 - DataPreprocessorMain - INFO -   元のクエリ: Is Thomas Robert Daley involved in coaching diving currently?
2025-07-20 22:47:17 - DataPreprocessorMain - INFO -   書き換えクエリ: Is Thomas Robert Daley involved in coaching diving currently ?
2025-07-20 22:47:17 - DataPreprocessorMain - INFO - 🔄 ターン 4 を処理中...
2025-07-20 22:47:17 - DataPreprocessorMain - INFO -   元のクエリ: What does Thomas Daley do for a living then?
2025-07-20 22:47:17 - DataPreprocessorMain - INFO -   書き換えクエリ: What does Thomas Daley do for a living coaching diving now ?
2025-07-20 22:47:17 - DataPreprocessorMain - INFO - 🔄 ターン 5 を処理中...
2025-07-20 22:47:18 - DataPreprocessorMain - INFO -   元のクエリ: Does Thomas Robert Daley have children?
2025-07-20 22:47:18 - DataPreprocessorMain - INFO -   書き換えクエリ: Does Thomas Robert Daley have children ?
2025-07-20 22:47:18 - DataPreprocessorMain - INFO - 🔄 ターン 6 を処理中...
2025-07-20 22:47:18 - DataPreprocessorMain - INFO -   元のクエリ: What is their son's name?
2025-07-20 22:47:18 - DataPreprocessorMain - INFO -   書き換えクエリ: What is Thomas Robert Daley and Black 's son's name ?
2025-07-20 22:47:18 - DataPreprocessorMain - INFO - ✅ ダイアログ 179 の処理が完了しました
2025-07-20 22:47:18 - DataPreprocessorMain - INFO - 
------------------------------
2025-07-20 22:47:18 - DataPreprocessorMain - INFO - 📌 ダイアログ 180/250 を処理中
2025-07-20 22:47:18 - DataPreprocessorMain - INFO - ------------------------------
2025-07-20 22:47:18 - DataPreprocessorMain - INFO - ダイアログキー: top25_dial60
2025-07-20 22:47:18 - DataPreprocessorMain - INFO - ターン数: 7
2025-07-20 22:47:18 - DataPreprocessorMain - INFO - 🔄 ターン 1 を処理中...
2025-07-20 22:47:18 - DataPreprocessorMain - INFO -   元のクエリ: How did Limbaugh get into radio?
2025-07-20 22:47:18 - DataPreprocessorMain - INFO -   書き換えクエリ: How did Limbaugh get into radio ?
2025-07-20 22:47:18 - DataPreprocessorMain - INFO - 🔄 ターン 2 を処理中...
2025-07-20 22:47:19 - DataPreprocessorMain - INFO -   元のクエリ: What was Rush Limbaugh's view on abortion?
2025-07-20 22:47:19 - DataPreprocessorMain - INFO -   書き換えクエリ: What was Rush Limbaugh 's view on abortion ?
2025-07-20 22:47:19 - DataPreprocessorMain - INFO - 🔄 ターン 3 を処理中...
2025-07-20 22:47:19 - DataPreprocessorMain - INFO -   元のクエリ: What were Rush Limbaugh's views on the COVID-19 pandemic?
2025-07-20 22:47:19 - DataPreprocessorMain - INFO -   書き換えクエリ: What were Rush Limbaugh 's views on the COVID-19 pandemic ?
2025-07-20 22:47:19 - DataPreprocessorMain - INFO - 🔄 ターン 4 を処理中...
2025-07-20 22:47:20 - DataPreprocessorMain - INFO -   元のクエリ: What charitable work has Rush done?
2025-07-20 22:47:20 - DataPreprocessorMain - INFO -   書き換えクエリ: What charitable work has Rush Limbaugh done ?
2025-07-20 22:47:20 - DataPreprocessorMain - INFO - 🔄 ターン 5 を処理中...
2025-07-20 22:47:20 - DataPreprocessorMain - INFO -   元のクエリ: What did Rush die of in 2021?
2025-07-20 22:47:20 - DataPreprocessorMain - INFO -   書き換えクエリ: What did Rush Limbaugh die of in 2021 ?
2025-07-20 22:47:20 - DataPreprocessorMain - INFO - 🔄 ターン 6 を処理中...
2025-07-20 22:47:20 - DataPreprocessorMain - INFO -   元のクエリ: Was Rush involved in any scandals?
2025-07-20 22:47:20 - DataPreprocessorMain - INFO -   書き換えクエリ: Was Rush Limbaugh involved in any scandals ?
2025-07-20 22:47:20 - DataPreprocessorMain - INFO - 🔄 ターン 7 を処理中...
2025-07-20 22:47:21 - DataPreprocessorMain - INFO -   元のクエリ: Tell me more about his comments on Iraq War veterans opposed to the war!
2025-07-20 22:47:21 - DataPreprocessorMain - INFO -   書き換えクエリ: Tell me more about Rush Limbaugh's comments on Iraq War veterans opposed to the war !
2025-07-20 22:47:21 - DataPreprocessorMain - INFO - ✅ ダイアログ 180 の処理が完了しました
2025-07-20 22:47:21 - DataPreprocessorMain - INFO - 
------------------------------
2025-07-20 22:47:21 - DataPreprocessorMain - INFO - 📌 ダイアログ 181/250 を処理中
2025-07-20 22:47:21 - DataPreprocessorMain - INFO - ------------------------------
2025-07-20 22:47:21 - DataPreprocessorMain - INFO - ダイアログキー: food_level2_dial28
2025-07-20 22:47:21 - DataPreprocessorMain - INFO - ターン数: 6
2025-07-20 22:47:21 - DataPreprocessorMain - INFO - 🔄 ターン 1 を処理中...
2025-07-20 22:47:21 - DataPreprocessorMain - INFO -   元のクエリ: The peanut belongs on what type of food crop?
2025-07-20 22:47:21 - DataPreprocessorMain - INFO -   書き換えクエリ: The peanut belongs on what type of food crop ?
2025-07-20 22:47:21 - DataPreprocessorMain - INFO - 🔄 ターン 2 を処理中...
2025-07-20 22:47:21 - DataPreprocessorMain - INFO -   元のクエリ: How are peanuts produced for consumption?
2025-07-20 22:47:21 - DataPreprocessorMain - INFO -   書き換えクエリ: How are peanuts produced for consumption ?
2025-07-20 22:47:21 - DataPreprocessorMain - INFO - 🔄 ターン 3 を処理中...
2025-07-20 22:47:22 - DataPreprocessorMain - INFO -   元のクエリ: Yes i am, dry roasting method!
2025-07-20 22:47:22 - DataPreprocessorMain - INFO -   書き換えクエリ: I am interested in the dry roasting method for peanuts !
2025-07-20 22:47:22 - DataPreprocessorMain - INFO - 🔄 ターン 4 を処理中...
2025-07-20 22:47:22 - DataPreprocessorMain - INFO -   元のクエリ: What causes peanut allergies?
2025-07-20 22:47:22 - DataPreprocessorMain - INFO -   書き換えクエリ: What causes peanut allergies ?
2025-07-20 22:47:22 - DataPreprocessorMain - INFO - 🔄 ターン 5 を処理中...
2025-07-20 22:47:22 - DataPreprocessorMain - INFO -   元のクエリ: What is the process of producing peanut butter?
2025-07-20 22:47:22 - DataPreprocessorMain - INFO -   書き換えクエリ: What is the process of producing peanut butter ?
2025-07-20 22:47:22 - DataPreprocessorMain - INFO - 🔄 ターン 6 を処理中...
2025-07-20 22:47:23 - DataPreprocessorMain - INFO -   元のクエリ: Yes, can you tell me more about the blanching step please.
2025-07-20 22:47:23 - DataPreprocessorMain - INFO -   書き換えクエリ: Can you tell me more about the blanching step of producing peanut butter please ?
2025-07-20 22:47:23 - DataPreprocessorMain - INFO - ✅ ダイアログ 181 の処理が完了しました
2025-07-20 22:47:23 - DataPreprocessorMain - INFO - 
------------------------------
2025-07-20 22:47:23 - DataPreprocessorMain - INFO - 📌 ダイアログ 182/250 を処理中
2025-07-20 22:47:23 - DataPreprocessorMain - INFO - ------------------------------
2025-07-20 22:47:23 - DataPreprocessorMain - INFO - ダイアログキー: hobby_level1_dial11
2025-07-20 22:47:23 - DataPreprocessorMain - INFO - ターン数: 6
2025-07-20 22:47:23 - DataPreprocessorMain - INFO - 🔄 ターン 1 を処理中...
2025-07-20 22:47:23 - DataPreprocessorMain - INFO -   元のクエリ: How is reading taught?
2025-07-20 22:47:23 - DataPreprocessorMain - INFO -   書き換えクエリ: How is reading taught ?
2025-07-20 22:47:23 - DataPreprocessorMain - INFO - 🔄 ターン 2 を処理中...
2025-07-20 22:47:23 - DataPreprocessorMain - INFO -   元のクエリ: What does whole language teaching involve?
2025-07-20 22:47:23 - DataPreprocessorMain - INFO -   書き換えクエリ: What does whole language teaching involve ?
2025-07-20 22:47:23 - DataPreprocessorMain - INFO - 🔄 ターン 3 を処理中...
2025-07-20 22:47:24 - DataPreprocessorMain - INFO -   元のクエリ: How fast can most people read?
2025-07-20 22:47:24 - DataPreprocessorMain - INFO -   書き換えクエリ: How fast can most people read ?
2025-07-20 22:47:24 - DataPreprocessorMain - INFO - 🔄 ターン 4 を処理中...
2025-07-20 22:47:24 - DataPreprocessorMain - INFO -   元のクエリ: What are the common reading difficulties?
2025-07-20 22:47:24 - DataPreprocessorMain - INFO -   書き換えクエリ: What are the common reading difficulties ?
2025-07-20 22:47:24 - DataPreprocessorMain - INFO - 🔄 ターン 5 を処理中...
2025-07-20 22:47:24 - DataPreprocessorMain - INFO -   元のクエリ: I interested in development dyslexia.
2025-07-20 22:47:24 - DataPreprocessorMain - INFO -   書き換えクエリ: I am interested in development dyslexia .
2025-07-20 22:47:24 - DataPreprocessorMain - INFO - 🔄 ターン 6 を処理中...
2025-07-20 22:47:25 - DataPreprocessorMain - INFO -   元のクエリ: I want to know about problems caused by dyslexia.
2025-07-20 22:47:25 - DataPreprocessorMain - INFO -   書き換えクエリ: I want to know about problems caused by dyslexia.
2025-07-20 22:47:25 - DataPreprocessorMain - INFO - ✅ ダイアログ 182 の処理が完了しました
2025-07-20 22:47:25 - DataPreprocessorMain - INFO - 
------------------------------
2025-07-20 22:47:25 - DataPreprocessorMain - INFO - 📌 ダイアログ 183/250 を処理中
2025-07-20 22:47:25 - DataPreprocessorMain - INFO - ------------------------------
2025-07-20 22:47:25 - DataPreprocessorMain - INFO - ダイアログキー: hobby_level2_dial11
2025-07-20 22:47:25 - DataPreprocessorMain - INFO - ターン数: 6
2025-07-20 22:47:25 - DataPreprocessorMain - INFO - 🔄 ターン 1 を処理中...
2025-07-20 22:47:25 - DataPreprocessorMain - INFO -   元のクエリ: What are examples of concrete used during ancient times?
2025-07-20 22:47:25 - DataPreprocessorMain - INFO -   書き換えクエリ: What are examples of concrete used during ancient times ?
2025-07-20 22:47:25 - DataPreprocessorMain - INFO - 🔄 ターン 2 を処理中...
2025-07-20 22:47:25 - DataPreprocessorMain - INFO -   元のクエリ: I would like to know about how concrete was used in the Classical Era.
2025-07-20 22:47:25 - DataPreprocessorMain - INFO -   書き換えクエリ: How was concrete used in the Classical Era ?
2025-07-20 22:47:25 - DataPreprocessorMain - INFO - 🔄 ターン 3 を処理中...
2025-07-20 22:47:26 - DataPreprocessorMain - INFO -   元のクエリ: What is the process of producing concrete?
2025-07-20 22:47:26 - DataPreprocessorMain - INFO -   書き換えクエリ: What is the process of producing concrete ?
2025-07-20 22:47:26 - DataPreprocessorMain - INFO - 🔄 ターン 4 を処理中...
2025-07-20 22:47:26 - DataPreprocessorMain - INFO -   元のクエリ: What properties make concrete good for building?
2025-07-20 22:47:26 - DataPreprocessorMain - INFO -   書き換えクエリ: What properties make concrete good for building ?
2025-07-20 22:47:26 - DataPreprocessorMain - INFO - 🔄 ターン 5 を処理中...
2025-07-20 22:47:27 - DataPreprocessorMain - INFO -   元のクエリ: How much stronger is steel re-enforced concrete compare to regular concrete?
2025-07-20 22:47:27 - DataPreprocessorMain - INFO -   書き換えクエリ: How much stronger is steel re-enforced concrete compare to regular concrete ?
2025-07-20 22:47:27 - DataPreprocessorMain - INFO - 🔄 ターン 6 を処理中...
2025-07-20 22:47:27 - DataPreprocessorMain - INFO -   元のクエリ: Where is reinforce concrete mainly used for?
2025-07-20 22:47:27 - DataPreprocessorMain - INFO -   書き換えクエリ: Where is reinforce concrete mainly used for ?
2025-07-20 22:47:27 - DataPreprocessorMain - INFO - ✅ ダイアログ 183 の処理が完了しました
2025-07-20 22:47:27 - DataPreprocessorMain - INFO - 
------------------------------
2025-07-20 22:47:27 - DataPreprocessorMain - INFO - 📌 ダイアログ 184/250 を処理中
2025-07-20 22:47:27 - DataPreprocessorMain - INFO - ------------------------------
2025-07-20 22:47:27 - DataPreprocessorMain - INFO - ダイアログキー: food_level3_dial20
2025-07-20 22:47:27 - DataPreprocessorMain - INFO - ターン数: 7
2025-07-20 22:47:27 - DataPreprocessorMain - INFO - 🔄 ターン 1 を処理中...
2025-07-20 22:47:27 - DataPreprocessorMain - INFO -   元のクエリ: Who is responsible for the discovery of propane?
2025-07-20 22:47:27 - DataPreprocessorMain - INFO -   書き換えクエリ: Who is responsible for the discovery of propane ?
2025-07-20 22:47:27 - DataPreprocessorMain - INFO - 🔄 ターン 2 を処理中...
2025-07-20 22:47:28 - DataPreprocessorMain - INFO -   元のクエリ: Which country uses the most propane?
2025-07-20 22:47:28 - DataPreprocessorMain - INFO -   書き換えクエリ: Which country uses the most propane ?
2025-07-20 22:47:28 - DataPreprocessorMain - INFO - 🔄 ターン 3 を処理中...
2025-07-20 22:47:28 - DataPreprocessorMain - INFO -   元のクエリ: What's the primary source of the propane used in the US?
2025-07-20 22:47:28 - DataPreprocessorMain - INFO -   書き換えクエリ: What's the primary source of the propane used in the US ?
2025-07-20 22:47:28 - DataPreprocessorMain - INFO - 🔄 ターン 4 を処理中...
2025-07-20 22:47:28 - DataPreprocessorMain - INFO -   元のクエリ: Where is propane sourced from in the US?
2025-07-20 22:47:28 - DataPreprocessorMain - INFO -   書き換えクエリ: Where is propane sourced from in the US ?
2025-07-20 22:47:28 - DataPreprocessorMain - INFO - 🔄 ターン 5 を処理中...
2025-07-20 22:47:29 - DataPreprocessorMain - INFO -   元のクエリ: Does propane have a negative effect on the environment?
2025-07-20 22:47:29 - DataPreprocessorMain - INFO -   書き換えクエリ: Does propane have a negative effect on the environment ?
2025-07-20 22:47:29 - DataPreprocessorMain - INFO - 🔄 ターン 6 を処理中...
2025-07-20 22:47:29 - DataPreprocessorMain - INFO -   元のクエリ: What does it cause air pollution?
2025-07-20 22:47:29 - DataPreprocessorMain - INFO -   書き換えクエリ: What does Propane cause air pollution ?
2025-07-20 22:47:29 - DataPreprocessorMain - INFO - 🔄 ターン 7 を処理中...
2025-07-20 22:47:29 - DataPreprocessorMain - INFO -   元のクエリ: How does propane compare with natural gas?
2025-07-20 22:47:29 - DataPreprocessorMain - INFO -   書き換えクエリ: How does propane compare with natural gas ?
2025-07-20 22:47:29 - DataPreprocessorMain - INFO - ✅ ダイアログ 184 の処理が完了しました
2025-07-20 22:47:29 - DataPreprocessorMain - INFO - 
------------------------------
2025-07-20 22:47:29 - DataPreprocessorMain - INFO - 📌 ダイアログ 185/250 を処理中
2025-07-20 22:47:29 - DataPreprocessorMain - INFO - ------------------------------
2025-07-20 22:47:29 - DataPreprocessorMain - INFO - ダイアログキー: food_level2_dial10
2025-07-20 22:47:29 - DataPreprocessorMain - INFO - ターン数: 6
2025-07-20 22:47:29 - DataPreprocessorMain - INFO - 🔄 ターン 1 を処理中...
2025-07-20 22:47:30 - DataPreprocessorMain - INFO -   元のクエリ: Why are certain nutrients added after manufacturing cat food?
2025-07-20 22:47:30 - DataPreprocessorMain - INFO -   書き換えクエリ: Why are certain nutrients added after manufacturing cat food ?
2025-07-20 22:47:30 - DataPreprocessorMain - INFO - 🔄 ターン 2 を処理中...
2025-07-20 22:47:30 - DataPreprocessorMain - INFO -   元のクエリ: What vitamins are added to cat food?
2025-07-20 22:47:30 - DataPreprocessorMain - INFO -   書き換えクエリ: What vitamins are added to cat food ?
2025-07-20 22:47:30 - DataPreprocessorMain - INFO - 🔄 ターン 3 を処理中...
2025-07-20 22:47:30 - DataPreprocessorMain - INFO -   元のクエリ: I would like to know more about commercial cat food.
2025-07-20 22:47:30 - DataPreprocessorMain - INFO -   書き換えクエリ: I would like to know more about commercial cat food.
2025-07-20 22:47:30 - DataPreprocessorMain - INFO - 🔄 ターン 4 を処理中...
2025-07-20 22:47:31 - DataPreprocessorMain - INFO -   元のクエリ: What is the benefit of Vitamin A in a cat's diet?
2025-07-20 22:47:31 - DataPreprocessorMain - INFO -   書き換えクエリ: What is the benefit of Vitamin A in a cat's diet ?
2025-07-20 22:47:31 - DataPreprocessorMain - INFO - 🔄 ターン 5 を処理中...
2025-07-20 22:47:31 - DataPreprocessorMain - INFO -   元のクエリ: Is it possible to feed a cat a vegetarian diet?
2025-07-20 22:47:31 - DataPreprocessorMain - INFO -   書き換えクエリ: Is feeding a cat a vegetarian diet possible ?
2025-07-20 22:47:31 - DataPreprocessorMain - INFO - 🔄 ターン 6 を処理中...
2025-07-20 22:47:31 - DataPreprocessorMain - INFO -   元のクエリ: What is an example of synthetically produced nutrients that are added to vegan cat food?
2025-07-20 22:47:31 - DataPreprocessorMain - INFO -   書き換えクエリ: What is an example of synthetically produced nutrients that are added to vegan cat food ?
2025-07-20 22:47:31 - DataPreprocessorMain - INFO - ✅ ダイアログ 185 の処理が完了しました
2025-07-20 22:47:31 - DataPreprocessorMain - INFO - 
------------------------------
2025-07-20 22:47:31 - DataPreprocessorMain - INFO - 📌 ダイアログ 186/250 を処理中
2025-07-20 22:47:31 - DataPreprocessorMain - INFO - ------------------------------
2025-07-20 22:47:31 - DataPreprocessorMain - INFO - ダイアログキー: top25_dial61
2025-07-20 22:47:31 - DataPreprocessorMain - INFO - ターン数: 6
2025-07-20 22:47:31 - DataPreprocessorMain - INFO - 🔄 ターン 1 を処理中...
2025-07-20 22:47:32 - DataPreprocessorMain - INFO -   元のクエリ: How old was Woods when he first started golfing?
2025-07-20 22:47:32 - DataPreprocessorMain - INFO -   書き換えクエリ: How old was Woods when he first started golfing ?
2025-07-20 22:47:32 - DataPreprocessorMain - INFO - 🔄 ターン 2 を処理中...
2025-07-20 22:47:32 - DataPreprocessorMain - INFO -   元のクエリ: Who introduced Tiger Woods to golf?
2025-07-20 22:47:32 - DataPreprocessorMain - INFO -   書き換えクエリ: Who introduced Tiger Woods to golf ?
2025-07-20 22:47:32 - DataPreprocessorMain - INFO - 🔄 ターン 3 を処理中...
2025-07-20 22:47:33 - DataPreprocessorMain - INFO -   元のクエリ: What was Tiger Woods' relationship with his father like?
2025-07-20 22:47:33 - DataPreprocessorMain - INFO -   書き換えクエリ: What was Tiger Woods ' relationship with his father like ?
2025-07-20 22:47:33 - DataPreprocessorMain - INFO - 🔄 ターン 4 を処理中...
2025-07-20 22:47:33 - DataPreprocessorMain - INFO -   元のクエリ: How old was Tiger Woods when he started playing golf professionally?
2025-07-20 22:47:33 - DataPreprocessorMain - INFO -   書き換えクエリ: How old was Tiger Woods when he started playing golf professionally ?
2025-07-20 22:47:33 - DataPreprocessorMain - INFO - 🔄 ターン 5 を処理中...
2025-07-20 22:47:34 - DataPreprocessorMain - INFO -   元のクエリ: When did Tiger Woods make the deal to have his likeness used for video games?
2025-07-20 22:47:34 - DataPreprocessorMain - INFO -   書き換えクエリ: When did Tiger Woods make the deal to have his likeness used for video games ?
2025-07-20 22:47:34 - DataPreprocessorMain - INFO - 🔄 ターン 6 を処理中...
2025-07-20 22:47:34 - DataPreprocessorMain - INFO -   元のクエリ: How many EA golf covers did Tiger Woods graze?
2025-07-20 22:47:34 - DataPreprocessorMain - INFO -   書き換えクエリ: How many EA golf covers did Tiger Woods graze ?
2025-07-20 22:47:34 - DataPreprocessorMain - INFO - ✅ ダイアログ 186 の処理が完了しました
2025-07-20 22:47:34 - DataPreprocessorMain - INFO - 
------------------------------
2025-07-20 22:47:34 - DataPreprocessorMain - INFO - 📌 ダイアログ 187/250 を処理中
2025-07-20 22:47:34 - DataPreprocessorMain - INFO - ------------------------------
2025-07-20 22:47:34 - DataPreprocessorMain - INFO - ダイアログキー: hobby_level1_dial12
2025-07-20 22:47:34 - DataPreprocessorMain - INFO - ターン数: 6
2025-07-20 22:47:34 - DataPreprocessorMain - INFO - 🔄 ターン 1 を処理中...
2025-07-20 22:47:34 - DataPreprocessorMain - INFO -   元のクエリ: What channel broadcasted the 2015 Bojangles' Southern 500 to the American audience?
2025-07-20 22:47:34 - DataPreprocessorMain - INFO -   書き換えクエリ: What channel broadcasted the 2015 Bojangles' Southern 500 to the American audience ?
2025-07-20 22:47:34 - DataPreprocessorMain - INFO - 🔄 ターン 2 を処理中...
2025-07-20 22:47:35 - DataPreprocessorMain - INFO -   元のクエリ: What sort of results happened in the qualifying rounds for the 2015 Bojangles' Southern 500?
2025-07-20 22:47:35 - DataPreprocessorMain - INFO -   書き換えクエリ: What sort of results happened in the qualifying rounds for the 2015 Bojangles' Southern 500 ?
2025-07-20 22:47:35 - DataPreprocessorMain - INFO - 🔄 ターン 3 を処理中...
2025-07-20 22:47:36 - DataPreprocessorMain - INFO -   元のクエリ: I'd like to know who won the pole from the qualifying.
2025-07-20 22:47:36 - DataPreprocessorMain - INFO -   書き換えクエリ: I'd like to know who won the pole from the qualifying for the 2015 Bojangles' Southern 500 .
2025-07-20 22:47:36 - DataPreprocessorMain - INFO - 🔄 ターン 4 を処理中...
2025-07-20 22:47:36 - DataPreprocessorMain - INFO -   元のクエリ: What have racers said about it?
2025-07-20 22:47:36 - DataPreprocessorMain - INFO -   書き換えクエリ: What have racers said about the Darlington Raceway ?
2025-07-20 22:47:36 - DataPreprocessorMain - INFO - 🔄 ターン 5 を処理中...
2025-07-20 22:47:36 - DataPreprocessorMain - INFO -   元のクエリ: Which radio stations provided coverage of the 2015 Bojangles' Southern 500?
2025-07-20 22:47:36 - DataPreprocessorMain - INFO -   書き換えクエリ: Which radio stations provided coverage of the 2015 Bojangles' Southern 500 ?
2025-07-20 22:47:36 - DataPreprocessorMain - INFO - 🔄 ターン 6 を処理中...
2025-07-20 22:47:37 - DataPreprocessorMain - INFO -   元のクエリ: So who won the race?
2025-07-20 22:47:37 - DataPreprocessorMain - INFO -   書き換えクエリ: So who won the 2015 Bojangles' Southern 500 ?
2025-07-20 22:47:37 - DataPreprocessorMain - INFO - ✅ ダイアログ 187 の処理が完了しました
2025-07-20 22:47:37 - DataPreprocessorMain - INFO - 
------------------------------
2025-07-20 22:47:37 - DataPreprocessorMain - INFO - 📌 ダイアログ 188/250 を処理中
2025-07-20 22:47:37 - DataPreprocessorMain - INFO - ------------------------------
2025-07-20 22:47:37 - DataPreprocessorMain - INFO - ダイアログキー: food_level2_dial11
2025-07-20 22:47:37 - DataPreprocessorMain - INFO - ターン数: 6
2025-07-20 22:47:37 - DataPreprocessorMain - INFO - 🔄 ターン 1 を処理中...
2025-07-20 22:47:37 - DataPreprocessorMain - INFO -   元のクエリ: What are some examples of pseudocereals?
2025-07-20 22:47:37 - DataPreprocessorMain - INFO -   書き換えクエリ: What are some examples of pseudocereals ?
2025-07-20 22:47:37 - DataPreprocessorMain - INFO - 🔄 ターン 2 を処理中...
2025-07-20 22:47:38 - DataPreprocessorMain - INFO -   元のクエリ: What type of fertilizers are required for oat production?
2025-07-20 22:47:38 - DataPreprocessorMain - INFO -   書き換えクエリ: What type of fertilizers are required for oat production ?
2025-07-20 22:47:38 - DataPreprocessorMain - INFO - 🔄 ターン 3 を処理中...
2025-07-20 22:47:38 - DataPreprocessorMain - INFO -   元のクエリ: What are some of the health consequences of oats?
2025-07-20 22:47:38 - DataPreprocessorMain - INFO -   書き換えクエリ: What are some of the health consequences of oats ?
2025-07-20 22:47:38 - DataPreprocessorMain - INFO - 🔄 ターン 4 を処理中...
2025-07-20 22:47:38 - DataPreprocessorMain - INFO -   元のクエリ: Let's learn more about gluten-related disorder caused by oats.
2025-07-20 22:47:38 - DataPreprocessorMain - INFO -   書き換えクエリ: Let's learn more about gluten-related disorder caused by oats.
2025-07-20 22:47:38 - DataPreprocessorMain - INFO - 🔄 ターン 5 を処理中...
2025-07-20 22:47:39 - DataPreprocessorMain - INFO -   元のクエリ: Can you tell me about the process of harvesting oats?
2025-07-20 22:47:39 - DataPreprocessorMain - INFO -   書き換えクエリ: Can you tell me about the process of harvesting oats ?
2025-07-20 22:47:39 - DataPreprocessorMain - INFO - 🔄 ターン 6 を処理中...
2025-07-20 22:47:39 - DataPreprocessorMain - INFO -   元のクエリ: After it's harvested, how is it usually stored?
2025-07-20 22:47:39 - DataPreprocessorMain - INFO -   書き換えクエリ: After oats is harvested, how is the straw usually stored ?
2025-07-20 22:47:39 - DataPreprocessorMain - INFO - ✅ ダイアログ 188 の処理が完了しました
2025-07-20 22:47:39 - DataPreprocessorMain - INFO - 
------------------------------
2025-07-20 22:47:39 - DataPreprocessorMain - INFO - 📌 ダイアログ 189/250 を処理中
2025-07-20 22:47:39 - DataPreprocessorMain - INFO - ------------------------------
2025-07-20 22:47:39 - DataPreprocessorMain - INFO - ダイアログキー: top25_dial38
2025-07-20 22:47:39 - DataPreprocessorMain - INFO - ターン数: 6
2025-07-20 22:47:39 - DataPreprocessorMain - INFO - 🔄 ターン 1 を処理中...
2025-07-20 22:47:40 - DataPreprocessorMain - INFO -   元のクエリ: Did Christopher Reeve have any children?
2025-07-20 22:47:40 - DataPreprocessorMain - INFO -   書き換えクエリ: Did Christopher Reeve have any children ?
2025-07-20 22:47:40 - DataPreprocessorMain - INFO - 🔄 ターン 2 を処理中...
2025-07-20 22:47:40 - DataPreprocessorMain - INFO -   元のクエリ: When were Christopher Reeve's children born?
2025-07-20 22:47:40 - DataPreprocessorMain - INFO -   書き換えクエリ: When were Christopher Reeve 's children born ?
2025-07-20 22:47:40 - DataPreprocessorMain - INFO - 🔄 ターン 3 を処理中...
2025-07-20 22:47:40 - DataPreprocessorMain - INFO -   元のクエリ: Did Christopher Reeve have a long marriage with his first wife?
2025-07-20 22:47:40 - DataPreprocessorMain - INFO -   書き換えクエリ: Did Christopher Reeve have a long marriage with his first wife ?
2025-07-20 22:47:40 - DataPreprocessorMain - INFO - 🔄 ターン 4 を処理中...
2025-07-20 22:47:41 - DataPreprocessorMain - INFO -   元のクエリ: Who are Reeve's children?
2025-07-20 22:47:41 - DataPreprocessorMain - INFO -   書き換えクエリ: Who are Reeve 's children ?
2025-07-20 22:47:41 - DataPreprocessorMain - INFO - 🔄 ターン 5 を処理中...
2025-07-20 22:47:41 - DataPreprocessorMain - INFO -   元のクエリ: How did Reeve live with paralysis from an accident?
2025-07-20 22:47:41 - DataPreprocessorMain - INFO -   書き換えクエリ: How did Reeve live with paralysis from an accident ?
2025-07-20 22:47:41 - DataPreprocessorMain - INFO - 🔄 ターン 6 を処理中...
2025-07-20 22:47:42 - DataPreprocessorMain - INFO -   元のクエリ: Sure, what kid of care did he receive?
2025-07-20 22:47:42 - DataPreprocessorMain - INFO -   書き換えクエリ: Sure, what kid of care did Reeve receive after his paralysis from an accident ?
2025-07-20 22:47:42 - DataPreprocessorMain - INFO - ✅ ダイアログ 189 の処理が完了しました
2025-07-20 22:47:42 - DataPreprocessorMain - INFO - 
------------------------------
2025-07-20 22:47:42 - DataPreprocessorMain - INFO - 📌 ダイアログ 190/250 を処理中
2025-07-20 22:47:42 - DataPreprocessorMain - INFO - ------------------------------
2025-07-20 22:47:42 - DataPreprocessorMain - INFO - ダイアログキー: food_level2_dial29
2025-07-20 22:47:42 - DataPreprocessorMain - INFO - ターン数: 6
2025-07-20 22:47:42 - DataPreprocessorMain - INFO - 🔄 ターン 1 を処理中...
2025-07-20 22:47:42 - DataPreprocessorMain - INFO -   元のクエリ: What are some different methods of harvesting olives?
2025-07-20 22:47:42 - DataPreprocessorMain - INFO -   書き換えクエリ: What are some different methods of harvesting olives ?
2025-07-20 22:47:42 - DataPreprocessorMain - INFO - 🔄 ターン 2 を処理中...
2025-07-20 22:47:42 - DataPreprocessorMain - INFO -   元のクエリ: What are the nutritional aspects of olives?
2025-07-20 22:47:42 - DataPreprocessorMain - INFO -   書き換えクエリ: What are the nutritional aspects of olives ?
2025-07-20 22:47:42 - DataPreprocessorMain - INFO - 🔄 ターン 3 を処理中...
2025-07-20 22:47:43 - DataPreprocessorMain - INFO -   元のクエリ: Are there any allergens that people should be aware of with olives?
2025-07-20 22:47:43 - DataPreprocessorMain - INFO -   書き換えクエリ: Are there any allergens that people should be aware of with olives ?
2025-07-20 22:47:43 - DataPreprocessorMain - INFO - 🔄 ターン 4 を処理中...
2025-07-20 22:47:43 - DataPreprocessorMain - INFO -   元のクエリ: Why are olive trees so allergenic?
2025-07-20 22:47:43 - DataPreprocessorMain - INFO -   書き換えクエリ: Why are olive trees so allergenic ?
2025-07-20 22:47:43 - DataPreprocessorMain - INFO - 🔄 ターン 5 を処理中...
2025-07-20 22:47:44 - DataPreprocessorMain - INFO -   元のクエリ: How can Swan Hill be sold as an allergy-free variety if it produces allergenic pollens?
2025-07-20 22:47:44 - DataPreprocessorMain - INFO -   書き換えクエリ: How can Swan Hill be sold as an allergy-free variety if it produces allergenic pollens ?
2025-07-20 22:47:44 - DataPreprocessorMain - INFO - 🔄 ターン 6 を処理中...
2025-07-20 22:47:44 - DataPreprocessorMain - INFO -   元のクエリ: Okay, then what climate is good for growing olives?
2025-07-20 22:47:44 - DataPreprocessorMain - INFO -   書き換えクエリ: what climate is good for growing olives ?
2025-07-20 22:47:44 - DataPreprocessorMain - INFO - ✅ ダイアログ 190 の処理が完了しました
2025-07-20 22:47:44 - DataPreprocessorMain - INFO - 
------------------------------
2025-07-20 22:47:44 - DataPreprocessorMain - INFO - 📌 ダイアログ 191/250 を処理中
2025-07-20 22:47:44 - DataPreprocessorMain - INFO - ------------------------------
2025-07-20 22:47:44 - DataPreprocessorMain - INFO - ダイアログキー: top25_dial16
2025-07-20 22:47:44 - DataPreprocessorMain - INFO - ターン数: 6
2025-07-20 22:47:44 - DataPreprocessorMain - INFO - 🔄 ターン 1 を処理中...
2025-07-20 22:47:44 - DataPreprocessorMain - INFO -   元のクエリ: How did Krysten Lea Sinema get started in politics?
2025-07-20 22:47:44 - DataPreprocessorMain - INFO -   書き換えクエリ: How did Krysten Lea Sinema get started in politics ?
2025-07-20 22:47:44 - DataPreprocessorMain - INFO - 🔄 ターン 2 を処理中...
2025-07-20 22:47:45 - DataPreprocessorMain - INFO -   元のクエリ: What is Kyrsten Lea Sinema's position on LGBT rights?
2025-07-20 22:47:45 - DataPreprocessorMain - INFO -   書き換えクエリ: What is Kyrsten Lea Sinema's position on LGBT rights ?
2025-07-20 22:47:45 - DataPreprocessorMain - INFO - 🔄 ターン 3 を処理中...
2025-07-20 22:47:45 - DataPreprocessorMain - INFO -   元のクエリ: What is Kyrsten Sinema's stance on gun control?
2025-07-20 22:47:45 - DataPreprocessorMain - INFO -   書き換えクエリ: What is Kyrsten Sinema 's stance on gun control ?
2025-07-20 22:47:45 - DataPreprocessorMain - INFO - 🔄 ターン 4 を処理中...
2025-07-20 22:47:46 - DataPreprocessorMain - INFO -   元のクエリ: What sports does Kyrsten Sinema participate in?
2025-07-20 22:47:46 - DataPreprocessorMain - INFO -   書き換えクエリ: What sports does Kyrsten Sinema participate in ?
2025-07-20 22:47:46 - DataPreprocessorMain - INFO - 🔄 ターン 5 を処理中...
2025-07-20 22:47:46 - DataPreprocessorMain - INFO -   元のクエリ: Can you tell me about Krysten Sinema's family life?
2025-07-20 22:47:46 - DataPreprocessorMain - INFO -   書き換えクエリ: Can you tell me about Krysten Sinema's family life ?
2025-07-20 22:47:46 - DataPreprocessorMain - INFO - 🔄 ターン 6 を処理中...
2025-07-20 22:47:47 - DataPreprocessorMain - INFO -   元のクエリ: Krysten Sinema ever get married?
2025-07-20 22:47:47 - DataPreprocessorMain - INFO -   書き換えクエリ: Kyrsten Sinema ever get married ?
2025-07-20 22:47:47 - DataPreprocessorMain - INFO - ✅ ダイアログ 191 の処理が完了しました
2025-07-20 22:47:47 - DataPreprocessorMain - INFO - 
------------------------------
2025-07-20 22:47:47 - DataPreprocessorMain - INFO - 📌 ダイアログ 192/250 を処理中
2025-07-20 22:47:47 - DataPreprocessorMain - INFO - ------------------------------
2025-07-20 22:47:47 - DataPreprocessorMain - INFO - ダイアログキー: hobby_level1_dial13
2025-07-20 22:47:47 - DataPreprocessorMain - INFO - ターン数: 6
2025-07-20 22:47:47 - DataPreprocessorMain - INFO - 🔄 ターン 1 を処理中...
2025-07-20 22:47:47 - DataPreprocessorMain - INFO -   元のクエリ: What is the biggest fandom in the U.S.?
2025-07-20 22:47:47 - DataPreprocessorMain - INFO -   書き換えクエリ: What is the biggest fandom in the U.S. ?
2025-07-20 22:47:47 - DataPreprocessorMain - INFO - 🔄 ターン 2 を処理中...
2025-07-20 22:47:47 - DataPreprocessorMain - INFO -   元のクエリ: Is there any way to know about the largest fandom overall? If not, I'd like to know about the largest TV show fandom.
2025-07-20 22:47:47 - DataPreprocessorMain - INFO -   書き換えクエリ: Is there any way to know about the largest TV show fandom in the U.S. ?
2025-07-20 22:47:47 - DataPreprocessorMain - INFO - 🔄 ターン 3 を処理中...
2025-07-20 22:47:48 - DataPreprocessorMain - INFO -   元のクエリ: How do fans of celebrities show their appreciation?
2025-07-20 22:47:48 - DataPreprocessorMain - INFO -   書き換えクエリ: How do fans of celebrities show their appreciation for films, television shows, books, games, sports teams or celebrity fandoms ?
2025-07-20 22:47:48 - DataPreprocessorMain - INFO - 🔄 ターン 4 を処理中...
2025-07-20 22:47:49 - DataPreprocessorMain - INFO -   元のクエリ: Yes, can you tell me how any notable fandoms have interacted with the creators of a work?
2025-07-20 22:47:49 - DataPreprocessorMain - INFO -   書き換えクエリ: Can you tell me how any notable fandoms have interacted with the creators of a work ?
2025-07-20 22:47:49 - DataPreprocessorMain - INFO - 🔄 ターン 5 を処理中...
2025-07-20 22:47:49 - DataPreprocessorMain - INFO -   元のクエリ: What does the term "Stan" fans refer to?
2025-07-20 22:47:49 - DataPreprocessorMain - INFO -   書き換えクエリ: What does the term " Stan " fans refer to ?
2025-07-20 22:47:49 - DataPreprocessorMain - INFO - 🔄 ターン 6 を処理中...
2025-07-20 22:47:50 - DataPreprocessorMain - INFO -   元のクエリ: What kind of creative activities are fans known for engaging in?
2025-07-20 22:47:50 - DataPreprocessorMain - INFO -   書き換えクエリ: What kind of creative activities are fans known for engaging in ?
2025-07-20 22:47:50 - DataPreprocessorMain - INFO - ✅ ダイアログ 192 の処理が完了しました
2025-07-20 22:47:50 - DataPreprocessorMain - INFO - 
------------------------------
2025-07-20 22:47:50 - DataPreprocessorMain - INFO - 📌 ダイアログ 193/250 を処理中
2025-07-20 22:47:50 - DataPreprocessorMain - INFO - ------------------------------
2025-07-20 22:47:50 - DataPreprocessorMain - INFO - ダイアログキー: hobby_level2_dial36
2025-07-20 22:47:50 - DataPreprocessorMain - INFO - ターン数: 6
2025-07-20 22:47:50 - DataPreprocessorMain - INFO - 🔄 ターン 1 を処理中...
2025-07-20 22:47:50 - DataPreprocessorMain - INFO -   元のクエリ: What is the chemical symbol for Iron?
2025-07-20 22:47:50 - DataPreprocessorMain - INFO -   書き換えクエリ: What is the chemical symbol for Iron ?
2025-07-20 22:47:50 - DataPreprocessorMain - INFO - 🔄 ターン 2 を処理中...
2025-07-20 22:47:50 - DataPreprocessorMain - INFO -   元のクエリ: I see. Where does the Fe come from? There's no F in Iron.
2025-07-20 22:47:50 - DataPreprocessorMain - INFO -   書き換えクエリ: Where does the Fe in Iron come from ?
2025-07-20 22:47:50 - DataPreprocessorMain - INFO - 🔄 ターン 3 を処理中...
2025-07-20 22:47:50 - DataPreprocessorMain - INFO -   元のクエリ: What is iron primarily used for?
2025-07-20 22:47:50 - DataPreprocessorMain - INFO -   書き換えクエリ: What is iron primarily used for ?
2025-07-20 22:47:50 - DataPreprocessorMain - INFO - 🔄 ターン 4 を処理中...
2025-07-20 22:47:51 - DataPreprocessorMain - INFO -   元のクエリ: How is iron produced for industrial use?
2025-07-20 22:47:51 - DataPreprocessorMain - INFO -   書き換えクエリ: How is iron produced for industrial use ?
2025-07-20 22:47:51 - DataPreprocessorMain - INFO - 🔄 ターン 5 を処理中...
2025-07-20 22:47:51 - DataPreprocessorMain - INFO -   元のクエリ: I'd like to know more about steelmaking.
2025-07-20 22:47:51 - DataPreprocessorMain - INFO -   書き換えクエリ: I'd like to know more about steelmaking .
2025-07-20 22:47:51 - DataPreprocessorMain - INFO - 🔄 ターン 6 を処理中...
2025-07-20 22:47:51 - DataPreprocessorMain - INFO -   元のクエリ: Why do they need to remove impurities?
2025-07-20 22:47:51 - DataPreprocessorMain - INFO -   書き換えクエリ: Why do steelmakers need to remove impurities ?
2025-07-20 22:47:51 - DataPreprocessorMain - INFO - ✅ ダイアログ 193 の処理が完了しました
2025-07-20 22:47:51 - DataPreprocessorMain - INFO - 
------------------------------
2025-07-20 22:47:51 - DataPreprocessorMain - INFO - 📌 ダイアログ 194/250 を処理中
2025-07-20 22:47:51 - DataPreprocessorMain - INFO - ------------------------------
2025-07-20 22:47:51 - DataPreprocessorMain - INFO - ダイアログキー: hobby_level2_dial37
2025-07-20 22:47:51 - DataPreprocessorMain - INFO - ターン数: 6
2025-07-20 22:47:51 - DataPreprocessorMain - INFO - 🔄 ターン 1 を処理中...
2025-07-20 22:47:52 - DataPreprocessorMain - INFO -   元のクエリ: Can anyone visit The Library of Congress?
2025-07-20 22:47:52 - DataPreprocessorMain - INFO -   書き換えクエリ: Can anyone visit The Library of Congress ?
2025-07-20 22:47:52 - DataPreprocessorMain - INFO - 🔄 ターン 2 を処理中...
2025-07-20 22:47:52 - DataPreprocessorMain - INFO -   元のクエリ: How does someone get a Reader Identification Card?
2025-07-20 22:47:52 - DataPreprocessorMain - INFO -   書き換えクエリ: How does someone get a Reader Identification Card at The Library of Congress ?
2025-07-20 22:47:52 - DataPreprocessorMain - INFO - 🔄 ターン 3 を処理中...
2025-07-20 22:47:52 - DataPreprocessorMain - INFO -   元のクエリ: What is the interlibrary loan program?
2025-07-20 22:47:52 - DataPreprocessorMain - INFO -   書き換えクエリ: What is the interlibrary loan program at The Library of Congress ?
2025-07-20 22:47:52 - DataPreprocessorMain - INFO - 🔄 ターン 4 を処理中...
2025-07-20 22:47:53 - DataPreprocessorMain - INFO -   元のクエリ: What exhibits are in the John Adams building at the library of congress?
2025-07-20 22:47:53 - DataPreprocessorMain - INFO -   書き換えクエリ: What exhibits are in the John Adams building at the library of congress ?
2025-07-20 22:47:53 - DataPreprocessorMain - INFO - 🔄 ターン 5 を処理中...
2025-07-20 22:47:53 - DataPreprocessorMain - INFO -   元のクエリ: What type of things are curated in John Adams building at the LOC?
2025-07-20 22:47:53 - DataPreprocessorMain - INFO -   書き換えクエリ: What type of things are curated in John Adams building at the LOC ?
2025-07-20 22:47:53 - DataPreprocessorMain - INFO - 🔄 ターン 6 を処理中...
2025-07-20 22:47:54 - DataPreprocessorMain - INFO -   元のクエリ: Why did the copyright office move to a different location?
2025-07-20 22:47:54 - DataPreprocessorMain - INFO -   書き換えクエリ: Why did the copyright office move to a different location at The Library of Congress ?
2025-07-20 22:47:54 - DataPreprocessorMain - INFO - ✅ ダイアログ 194 の処理が完了しました
2025-07-20 22:47:54 - DataPreprocessorMain - INFO - 
------------------------------
2025-07-20 22:47:54 - DataPreprocessorMain - INFO - 📌 ダイアログ 195/250 を処理中
2025-07-20 22:47:54 - DataPreprocessorMain - INFO - ------------------------------
2025-07-20 22:47:54 - DataPreprocessorMain - INFO - ダイアログキー: food_level2_dial3
2025-07-20 22:47:54 - DataPreprocessorMain - INFO - ターン数: 6
2025-07-20 22:47:54 - DataPreprocessorMain - INFO - 🔄 ターン 1 を処理中...
2025-07-20 22:47:54 - DataPreprocessorMain - INFO -   元のクエリ: How does motor oil prevent corrosion of engine parts?
2025-07-20 22:47:54 - DataPreprocessorMain - INFO -   書き換えクエリ: How does motor oil prevent corrosion of engine parts ?
2025-07-20 22:47:54 - DataPreprocessorMain - INFO - 🔄 ターン 2 を処理中...
2025-07-20 22:47:54 - DataPreprocessorMain - INFO -   元のクエリ: What does oxygen do to engine parts?
2025-07-20 22:47:54 - DataPreprocessorMain - INFO -   書き換えクエリ: What does oxygen do to engine parts ?
2025-07-20 22:47:54 - DataPreprocessorMain - INFO - 🔄 ターン 3 を処理中...
2025-07-20 22:47:55 - DataPreprocessorMain - INFO -   元のクエリ: What are the effects that motor oil has on the environment?
2025-07-20 22:47:55 - DataPreprocessorMain - INFO -   書き換えクエリ: What are the effects that motor oil has on the environment ?
2025-07-20 22:47:55 - DataPreprocessorMain - INFO - 🔄 ターン 4 を処理中...
2025-07-20 22:47:55 - DataPreprocessorMain - INFO -   元のクエリ: What is the proper way to dispose of motor oil?
2025-07-20 22:47:55 - DataPreprocessorMain - INFO -   書き換えクエリ: What is the proper way to dispose of motor oil ?
2025-07-20 22:47:55 - DataPreprocessorMain - INFO - 🔄 ターン 5 を処理中...
2025-07-20 22:47:55 - DataPreprocessorMain - INFO -   元のクエリ: Is it possible for motor oil to be synthetically made?
2025-07-20 22:47:55 - DataPreprocessorMain - INFO -   書き換えクエリ: Is it possible for motor oil to be synthetically made ?
2025-07-20 22:47:55 - DataPreprocessorMain - INFO - 🔄 ターン 6 を処理中...
2025-07-20 22:47:56 - DataPreprocessorMain - INFO -   元のクエリ: What makes them more stable than conventional oils?
2025-07-20 22:47:56 - DataPreprocessorMain - INFO -   書き換えクエリ: What makes synthetic lubricants more stable than conventional oils ?
2025-07-20 22:47:56 - DataPreprocessorMain - INFO - ✅ ダイアログ 195 の処理が完了しました
2025-07-20 22:47:56 - DataPreprocessorMain - INFO - 
------------------------------
2025-07-20 22:47:56 - DataPreprocessorMain - INFO - 📌 ダイアログ 196/250 を処理中
2025-07-20 22:47:56 - DataPreprocessorMain - INFO - ------------------------------
2025-07-20 22:47:56 - DataPreprocessorMain - INFO - ダイアログキー: hobby_level2_dial38
2025-07-20 22:47:56 - DataPreprocessorMain - INFO - ターン数: 6
2025-07-20 22:47:56 - DataPreprocessorMain - INFO - 🔄 ターン 1 を処理中...
2025-07-20 22:47:56 - DataPreprocessorMain - INFO -   元のクエリ: Does Stephen Wozniak still work with Apple?
2025-07-20 22:47:56 - DataPreprocessorMain - INFO -   書き換えクエリ: Does Stephen Wozniak still work with Apple ?
2025-07-20 22:47:56 - DataPreprocessorMain - INFO - 🔄 ターン 2 を処理中...
2025-07-20 22:47:57 - DataPreprocessorMain - INFO -   元のクエリ: Which philanthropic organizations has Stephen Wozniak founded?
2025-07-20 22:47:57 - DataPreprocessorMain - INFO -   書き換えクエリ: Which philanthropic organizations has Stephen Wozniak founded ?
2025-07-20 22:47:57 - DataPreprocessorMain - INFO - 🔄 ターン 3 を処理中...
2025-07-20 22:47:57 - DataPreprocessorMain - INFO -   元のクエリ: What does the Electronic Frontier Foundation do or promote?
2025-07-20 22:47:57 - DataPreprocessorMain - INFO -   書き換えクエリ: What does the Electronic Frontier Foundation do or promote ?
2025-07-20 22:47:57 - DataPreprocessorMain - INFO - 🔄 ターン 4 を処理中...
2025-07-20 22:47:57 - DataPreprocessorMain - INFO -   元のクエリ: How is "internet civil liberties" defined?
2025-07-20 22:47:57 - DataPreprocessorMain - INFO -   書き換えクエリ: How is "internet civil liberties" defined ?
2025-07-20 22:47:57 - DataPreprocessorMain - INFO - 🔄 ターン 5 を処理中...
2025-07-20 22:47:58 - DataPreprocessorMain - INFO -   元のクエリ: Sure, but let's find out who came up with the idea of digital rights. Who was the first person to have used or invented the term?
2025-07-20 22:47:58 - DataPreprocessorMain - INFO -   書き換えクエリ: Who was the first person to have used or invented the term digital rights ?
2025-07-20 22:47:58 - DataPreprocessorMain - INFO - 🔄 ターン 6 を処理中...
2025-07-20 22:47:58 - DataPreprocessorMain - INFO -   元のクエリ: Who was involved in establishing APC Internet Rights Charter?
2025-07-20 22:47:58 - DataPreprocessorMain - INFO -   書き換えクエリ: Who was involved in establishing APC Internet Rights Charter ?
2025-07-20 22:47:58 - DataPreprocessorMain - INFO - ✅ ダイアログ 196 の処理が完了しました
2025-07-20 22:47:58 - DataPreprocessorMain - INFO - 
------------------------------
2025-07-20 22:47:58 - DataPreprocessorMain - INFO - 📌 ダイアログ 197/250 を処理中
2025-07-20 22:47:58 - DataPreprocessorMain - INFO - ------------------------------
2025-07-20 22:47:58 - DataPreprocessorMain - INFO - ダイアログキー: top25_dial4
2025-07-20 22:47:58 - DataPreprocessorMain - INFO - ターン数: 6
2025-07-20 22:47:58 - DataPreprocessorMain - INFO - 🔄 ターン 1 を処理中...
2025-07-20 22:47:59 - DataPreprocessorMain - INFO -   元のクエリ: How many people were killed by Hurricane Katrina in 2005?
2025-07-20 22:47:59 - DataPreprocessorMain - INFO -   書き換えクエリ: How many people were killed by Hurricane Katrina in 2005 ?
2025-07-20 22:47:59 - DataPreprocessorMain - INFO - 🔄 ターン 2 を処理中...
2025-07-20 22:47:59 - DataPreprocessorMain - INFO -   元のクエリ: What were the "surrounding areas" that had fatalities caused by Hurricane Katrina?
2025-07-20 22:47:59 - DataPreprocessorMain - INFO -   書き換えクエリ: What were the "surrounding areas" that had fatalities caused by Hurricane Katrina ?
2025-07-20 22:47:59 - DataPreprocessorMain - INFO - 🔄 ターン 3 を処理中...
2025-07-20 22:48:00 - DataPreprocessorMain - INFO -   元のクエリ: What was the economic damage to New Orleans by Hurricane Katrina?
2025-07-20 22:48:00 - DataPreprocessorMain - INFO -   書き換えクエリ: What was the economic damage to New Orleans by Hurricane Katrina ?
2025-07-20 22:48:00 - DataPreprocessorMain - INFO - 🔄 ターン 4 を処理中...
2025-07-20 22:48:00 - DataPreprocessorMain - INFO -   元のクエリ: Were the economic effects of Hurricane Katrina very bad?
2025-07-20 22:48:00 - DataPreprocessorMain - INFO -   書き換えクエリ: Were the economic effects of Hurricane Katrina very bad in New Orleans ?
2025-07-20 22:48:00 - DataPreprocessorMain - INFO - 🔄 ターン 5 を処理中...
2025-07-20 22:48:01 - DataPreprocessorMain - INFO -   元のクエリ: How are the effects of Hurricane Katrina felt in present day?
2025-07-20 22:48:01 - DataPreprocessorMain - INFO -   書き換えクエリ: How are the effects of Hurricane Katrina felt in present day New Orleans ?
2025-07-20 22:48:01 - DataPreprocessorMain - INFO - 🔄 ターン 6 を処理中...
2025-07-20 22:48:01 - DataPreprocessorMain - INFO -   元のクエリ: Yes, please tell me about the social effects.
2025-07-20 22:48:01 - DataPreprocessorMain - INFO -   書き換えクエリ: What are the social effects of Hurricane Katrina ?
2025-07-20 22:48:01 - DataPreprocessorMain - INFO - ✅ ダイアログ 197 の処理が完了しました
2025-07-20 22:48:01 - DataPreprocessorMain - INFO - 
------------------------------
2025-07-20 22:48:01 - DataPreprocessorMain - INFO - 📌 ダイアログ 198/250 を処理中
2025-07-20 22:48:01 - DataPreprocessorMain - INFO - ------------------------------
2025-07-20 22:48:01 - DataPreprocessorMain - INFO - ダイアログキー: hobby_level1_dial14
2025-07-20 22:48:01 - DataPreprocessorMain - INFO - ターン数: 6
2025-07-20 22:48:01 - DataPreprocessorMain - INFO - 🔄 ターン 1 を処理中...
2025-07-20 22:48:01 - DataPreprocessorMain - INFO -   元のクエリ: What health benefits are associated with knitting?
2025-07-20 22:48:01 - DataPreprocessorMain - INFO -   書き換えクエリ: What health benefits are associated with knitting ?
2025-07-20 22:48:01 - DataPreprocessorMain - INFO - 🔄 ターン 2 を処理中...
2025-07-20 22:48:02 - DataPreprocessorMain - INFO -   元のクエリ: What types of needles are used for knitting?
2025-07-20 22:48:02 - DataPreprocessorMain - INFO -   書き換えクエリ: What types of needles are used for knitting ?
2025-07-20 22:48:02 - DataPreprocessorMain - INFO - 🔄 ターン 3 を処理中...
2025-07-20 22:48:02 - DataPreprocessorMain - INFO -   元のクエリ: How did knitting come to be?
2025-07-20 22:48:02 - DataPreprocessorMain - INFO -   書き換えクエリ: How did knitting come to be ?
2025-07-20 22:48:02 - DataPreprocessorMain - INFO - 🔄 ターン 4 を処理中...
2025-07-20 22:48:02 - DataPreprocessorMain - INFO -   元のクエリ: Is knitting still popular today?
2025-07-20 22:48:02 - DataPreprocessorMain - INFO -   書き換えクエリ: Is knitting still popular today ?
2025-07-20 22:48:02 - DataPreprocessorMain - INFO - 🔄 ターン 5 を処理中...
2025-07-20 22:48:03 - DataPreprocessorMain - INFO -   元のクエリ: What kind of materials are typically required for knitting, other than needles?
2025-07-20 22:48:03 - DataPreprocessorMain - INFO -   書き換えクエリ: What kind of materials are typically required for knitting, other than needles ?
2025-07-20 22:48:03 - DataPreprocessorMain - INFO - 🔄 ターン 6 を処理中...
2025-07-20 22:48:03 - DataPreprocessorMain - INFO -   元のクエリ: What are some different knitting techniques?
2025-07-20 22:48:03 - DataPreprocessorMain - INFO -   書き換えクエリ: What are some different knitting techniques ?
2025-07-20 22:48:03 - DataPreprocessorMain - INFO - ✅ ダイアログ 198 の処理が完了しました
2025-07-20 22:48:03 - DataPreprocessorMain - INFO - 
------------------------------
2025-07-20 22:48:03 - DataPreprocessorMain - INFO - 📌 ダイアログ 199/250 を処理中
2025-07-20 22:48:03 - DataPreprocessorMain - INFO - ------------------------------
2025-07-20 22:48:03 - DataPreprocessorMain - INFO - ダイアログキー: top25_dial62
2025-07-20 22:48:03 - DataPreprocessorMain - INFO - ターン数: 6
2025-07-20 22:48:03 - DataPreprocessorMain - INFO - 🔄 ターン 1 を処理中...
2025-07-20 22:48:03 - DataPreprocessorMain - INFO -   元のクエリ: Was the Matrix franchise adapted from any other work?
2025-07-20 22:48:03 - DataPreprocessorMain - INFO -   書き換えクエリ: Was the Matrix franchise adapted from any other work besides Matrix ?
2025-07-20 22:48:03 - DataPreprocessorMain - INFO - 🔄 ターン 2 を処理中...
2025-07-20 22:48:04 - DataPreprocessorMain - INFO -   元のクエリ: That's impressive! Can you tell me about who worked on the film?
2025-07-20 22:48:04 - DataPreprocessorMain - INFO -   書き換えクエリ: Can you tell me about who worked on the film Matrix ?
2025-07-20 22:48:04 - DataPreprocessorMain - INFO - 🔄 ターン 3 を処理中...
2025-07-20 22:48:04 - DataPreprocessorMain - INFO -   元のクエリ: I would like to know more about the directors.
2025-07-20 22:48:04 - DataPreprocessorMain - INFO -   書き換えクエリ: I would like to know more about the directors of The Matrix .
2025-07-20 22:48:04 - DataPreprocessorMain - INFO - 🔄 ターン 4 を処理中...
2025-07-20 22:48:05 - DataPreprocessorMain - INFO -   元のクエリ: Tell me about how they have influenced other filmmakers, please.
2025-07-20 22:48:05 - DataPreprocessorMain - INFO -   書き換えクエリ: Tell me about how the directors have influenced other filmmakers besides themselves .
2025-07-20 22:48:05 - DataPreprocessorMain - INFO - 🔄 ターン 5 を処理中...
2025-07-20 22:48:05 - DataPreprocessorMain - INFO -   元のクエリ: Were the directors involved in any controversy?
2025-07-20 22:48:05 - DataPreprocessorMain - INFO -   書き換えクエリ: Were the directors involved in any controversy on The Matrix ?
2025-07-20 22:48:05 - DataPreprocessorMain - INFO - 🔄 ターン 6 を処理中...
2025-07-20 22:48:05 - DataPreprocessorMain - INFO -   元のクエリ: What made the V for Vendetta controversial?
2025-07-20 22:48:05 - DataPreprocessorMain - INFO -   書き換えクエリ: What made the V for Vendetta controversial ?
2025-07-20 22:48:05 - DataPreprocessorMain - INFO - ✅ ダイアログ 199 の処理が完了しました
2025-07-20 22:48:05 - DataPreprocessorMain - INFO - 
------------------------------
2025-07-20 22:48:05 - DataPreprocessorMain - INFO - 📌 ダイアログ 200/250 を処理中
2025-07-20 22:48:05 - DataPreprocessorMain - INFO - ------------------------------
2025-07-20 22:48:05 - DataPreprocessorMain - INFO - ダイアログキー: food_level3_dial21
2025-07-20 22:48:05 - DataPreprocessorMain - INFO - ターン数: 6
2025-07-20 22:48:05 - DataPreprocessorMain - INFO - 🔄 ターン 1 を処理中...
2025-07-20 22:48:06 - DataPreprocessorMain - INFO -   元のクエリ: What is the chemical symbol for Helium?
2025-07-20 22:48:06 - DataPreprocessorMain - INFO -   書き換えクエリ: What is the chemical symbol for Helium ?
2025-07-20 22:48:06 - DataPreprocessorMain - INFO - 🔄 ターン 2 を処理中...
2025-07-20 22:48:06 - DataPreprocessorMain - INFO -   元のクエリ: What is the most common type of helium??
2025-07-20 22:48:06 - DataPreprocessorMain - INFO -   書き換えクエリ: What is the most common type of helium ?
2025-07-20 22:48:06 - DataPreprocessorMain - INFO - 🔄 ターン 3 を処理中...
2025-07-20 22:48:06 - DataPreprocessorMain - INFO -   元のクエリ: What are the inhalation consequences of helium?
2025-07-20 22:48:06 - DataPreprocessorMain - INFO -   書き換えクエリ: What are the inhalation consequences of helium ?
2025-07-20 22:48:06 - DataPreprocessorMain - INFO - 🔄 ターン 4 を処理中...
2025-07-20 22:48:07 - DataPreprocessorMain - INFO -   元のクエリ: Has anyone ever died from inhaling helium?
2025-07-20 22:48:07 - DataPreprocessorMain - INFO -   書き換えクエリ: Has anyone ever died from inhaling helium ?
2025-07-20 22:48:07 - DataPreprocessorMain - INFO - 🔄 ターン 5 を処理中...
2025-07-20 22:48:07 - DataPreprocessorMain - INFO -   元のクエリ: What makes Helium such a light element?
2025-07-20 22:48:07 - DataPreprocessorMain - INFO -   書き換えクエリ: What makes Helium such a light element ?
2025-07-20 22:48:07 - DataPreprocessorMain - INFO - 🔄 ターン 6 を処理中...
2025-07-20 22:48:07 - DataPreprocessorMain - INFO -   元のクエリ: How are atomic numbers assigned?
2025-07-20 22:48:07 - DataPreprocessorMain - INFO -   書き換えクエリ: How are atomic numbers assigned to Helium ?
2025-07-20 22:48:07 - DataPreprocessorMain - INFO - ✅ ダイアログ 200 の処理が完了しました
2025-07-20 22:48:07 - DataPreprocessorMain - INFO - 
------------------------------
2025-07-20 22:48:07 - DataPreprocessorMain - INFO - 📌 ダイアログ 201/250 を処理中
2025-07-20 22:48:07 - DataPreprocessorMain - INFO - ------------------------------
2025-07-20 22:48:07 - DataPreprocessorMain - INFO - ダイアログキー: hobby_level3_dial3
2025-07-20 22:48:07 - DataPreprocessorMain - INFO - ターン数: 4
2025-07-20 22:48:07 - DataPreprocessorMain - INFO - 🔄 ターン 1 を処理中...
2025-07-20 22:48:08 - DataPreprocessorMain - INFO -   元のクエリ: What are the super powers of Iron Man?
2025-07-20 22:48:08 - DataPreprocessorMain - INFO -   書き換えクエリ: What are the super powers of Iron Man ?
2025-07-20 22:48:08 - DataPreprocessorMain - INFO - 🔄 ターン 2 を処理中...
2025-07-20 22:48:08 - DataPreprocessorMain - INFO -   元のクエリ: What does Iron Man's arc reactor do?
2025-07-20 22:48:08 - DataPreprocessorMain - INFO -   書き換えクエリ: What does Iron Man 's arc reactor do ?
2025-07-20 22:48:08 - DataPreprocessorMain - INFO - 🔄 ターン 3 を処理中...
2025-07-20 22:48:08 - DataPreprocessorMain - INFO -   元のクエリ: What powers did the body restructuring machines give to Iron Man?
2025-07-20 22:48:08 - DataPreprocessorMain - INFO -   書き換えクエリ: What powers did the body restructuring machines give to Iron Man ?
2025-07-20 22:48:08 - DataPreprocessorMain - INFO - 🔄 ターン 4 を処理中...
2025-07-20 22:48:09 - DataPreprocessorMain - INFO -   元のクエリ: Which video games has Iron Man been featured in?
2025-07-20 22:48:09 - DataPreprocessorMain - INFO -   書き換えクエリ: Which video games has Iron Man been featured in ?
2025-07-20 22:48:09 - DataPreprocessorMain - INFO - ✅ ダイアログ 201 の処理が完了しました
2025-07-20 22:48:09 - DataPreprocessorMain - INFO - 
------------------------------
2025-07-20 22:48:09 - DataPreprocessorMain - INFO - 📌 ダイアログ 202/250 を処理中
2025-07-20 22:48:09 - DataPreprocessorMain - INFO - ------------------------------
2025-07-20 22:48:09 - DataPreprocessorMain - INFO - ダイアログキー: hobby_level2_dial4
2025-07-20 22:48:09 - DataPreprocessorMain - INFO - ターン数: 6
2025-07-20 22:48:09 - DataPreprocessorMain - INFO - 🔄 ターン 1 を処理中...
2025-07-20 22:48:09 - DataPreprocessorMain - INFO -   元のクエリ: How did the third jersey come to be?
2025-07-20 22:48:09 - DataPreprocessorMain - INFO -   書き換えクエリ: How did the third jersey come to be ?
2025-07-20 22:48:09 - DataPreprocessorMain - INFO - 🔄 ターン 2 を処理中...
2025-07-20 22:48:10 - DataPreprocessorMain - INFO -   元のクエリ: I would like to explore the history of the adaption of third jerseys for monetary reasons.
2025-07-20 22:48:10 - DataPreprocessorMain - INFO -   書き換えクエリ: I would like to explore the history of the adaption of third jerseys for monetary reasons.
2025-07-20 22:48:10 - DataPreprocessorMain - INFO - 🔄 ターン 3 を処理中...
2025-07-20 22:48:10 - DataPreprocessorMain - INFO -   元のクエリ: Which sports league uses third jerseys the most?
2025-07-20 22:48:10 - DataPreprocessorMain - INFO -   書き換えクエリ: Which sports league uses third jerseys the most ?
2025-07-20 22:48:10 - DataPreprocessorMain - INFO - 🔄 ターン 4 を処理中...
2025-07-20 22:48:10 - DataPreprocessorMain - INFO -   元のクエリ: How are third jerseys used in Canadian football?
2025-07-20 22:48:10 - DataPreprocessorMain - INFO -   書き換えクエリ: How are third jerseys used in Canadian football ?
2025-07-20 22:48:10 - DataPreprocessorMain - INFO - 🔄 ターン 5 を処理中...
2025-07-20 22:48:11 - DataPreprocessorMain - INFO -   元のクエリ: How are third jerseys used in ice hockey?
2025-07-20 22:48:11 - DataPreprocessorMain - INFO -   書き換えクエリ: How are third jerseys used in ice hockey ?
2025-07-20 22:48:11 - DataPreprocessorMain - INFO - 🔄 ターン 6 を処理中...
2025-07-20 22:48:11 - DataPreprocessorMain - INFO -   元のクエリ: Does "white while away" mean that hockey players don't wear white at home-games?
2025-07-20 22:48:11 - DataPreprocessorMain - INFO -   書き換えクエリ: Does "white while away" mean that hockey players don't wear white at home-games ?
2025-07-20 22:48:11 - DataPreprocessorMain - INFO - ✅ ダイアログ 202 の処理が完了しました
2025-07-20 22:48:11 - DataPreprocessorMain - INFO - 
------------------------------
2025-07-20 22:48:11 - DataPreprocessorMain - INFO - 📌 ダイアログ 203/250 を処理中
2025-07-20 22:48:11 - DataPreprocessorMain - INFO - ------------------------------
2025-07-20 22:48:11 - DataPreprocessorMain - INFO - ダイアログキー: top25_dial17
2025-07-20 22:48:11 - DataPreprocessorMain - INFO - ターン数: 6
2025-07-20 22:48:11 - DataPreprocessorMain - INFO - 🔄 ターン 1 を処理中...
2025-07-20 22:48:12 - DataPreprocessorMain - INFO -   元のクエリ: What type of assistance was offered by FEMA after Hurricane Ida?
2025-07-20 22:48:12 - DataPreprocessorMain - INFO -   書き換えクエリ: What type of assistance was offered by FEMA after Hurricane Ida ?
2025-07-20 22:48:12 - DataPreprocessorMain - INFO - 🔄 ターン 2 を処理中...
2025-07-20 22:48:12 - DataPreprocessorMain - INFO -   元のクエリ: Did Hurricane Ida cross the Canadian border?
2025-07-20 22:48:12 - DataPreprocessorMain - INFO -   書き換えクエリ: Did Hurricane Ida cross the Canadian border ?
2025-07-20 22:48:12 - DataPreprocessorMain - INFO - 🔄 ターン 3 を処理中...
2025-07-20 22:48:13 - DataPreprocessorMain - INFO -   元のクエリ: What is the estimate of the damages caused by Hurricane Ida in the US?
2025-07-20 22:48:13 - DataPreprocessorMain - INFO -   書き換えクエリ: What is the estimate of the damages caused by Hurricane Ida in the US ?
2025-07-20 22:48:13 - DataPreprocessorMain - INFO - 🔄 ターン 4 を処理中...
2025-07-20 22:48:13 - DataPreprocessorMain - INFO -   元のクエリ: I'm asking about the fiscal damages.
2025-07-20 22:48:13 - DataPreprocessorMain - INFO -   書き換えクエリ: I'm asking about the fiscal damages caused by Hurricane Ida .
2025-07-20 22:48:13 - DataPreprocessorMain - INFO - 🔄 ターン 5 を処理中...
2025-07-20 22:48:13 - DataPreprocessorMain - INFO -   元のクエリ: Yes, tell me more about the Gulf region.
2025-07-20 22:48:13 - DataPreprocessorMain - INFO -   書き換えクエリ: Tell me more about the Gulf region.
2025-07-20 22:48:13 - DataPreprocessorMain - INFO - 🔄 ターン 6 を処理中...
2025-07-20 22:48:14 - DataPreprocessorMain - INFO -   元のクエリ: Could you tell me more about these rescue efforts with the residents?
2025-07-20 22:48:14 - DataPreprocessorMain - INFO -   書き換えクエリ: Could you tell me more about the rescue efforts with the residents of Louisiana after Hurricane Ida passed ?
2025-07-20 22:48:14 - DataPreprocessorMain - INFO - ✅ ダイアログ 203 の処理が完了しました
2025-07-20 22:48:14 - DataPreprocessorMain - INFO - 
------------------------------
2025-07-20 22:48:14 - DataPreprocessorMain - INFO - 📌 ダイアログ 204/250 を処理中
2025-07-20 22:48:14 - DataPreprocessorMain - INFO - ------------------------------
2025-07-20 22:48:14 - DataPreprocessorMain - INFO - ダイアログキー: hobby_level2_dial5
2025-07-20 22:48:14 - DataPreprocessorMain - INFO - ターン数: 4
2025-07-20 22:48:14 - DataPreprocessorMain - INFO - 🔄 ターン 1 を処理中...
2025-07-20 22:48:14 - DataPreprocessorMain - INFO -   元のクエリ: What tools were used for engraving purposes of early Mississippian culture pottery?
2025-07-20 22:48:14 - DataPreprocessorMain - INFO -   書き換えクエリ: What tools were used for engraving purposes of early Mississippian culture pottery ?
2025-07-20 22:48:14 - DataPreprocessorMain - INFO - 🔄 ターン 2 を処理中...
2025-07-20 22:48:15 - DataPreprocessorMain - INFO -   元のクエリ: What are the notable distinctions between Cahokian pottery and Southern Appalachian pottery?
2025-07-20 22:48:15 - DataPreprocessorMain - INFO -   書き換えクエリ: What are the notable distinctions between Cahokian pottery and Southern Appalachian pottery ?
2025-07-20 22:48:15 - DataPreprocessorMain - INFO - 🔄 ターン 3 を処理中...
2025-07-20 22:48:15 - DataPreprocessorMain - INFO -   元のクエリ: Why is Mississippian culture pottery considered valuable?
2025-07-20 22:48:15 - DataPreprocessorMain - INFO -   書き換えクエリ: Why is Mississippian culture pottery considered valuable ?
2025-07-20 22:48:15 - DataPreprocessorMain - INFO - 🔄 ターン 4 を処理中...
2025-07-20 22:48:16 - DataPreprocessorMain - INFO -   元のクエリ: What kinds of Mississippian pottery have been discovered?
2025-07-20 22:48:16 - DataPreprocessorMain - INFO -   書き換えクエリ: What kinds of Mississippian pottery have been discovered ?
2025-07-20 22:48:16 - DataPreprocessorMain - INFO - ✅ ダイアログ 204 の処理が完了しました
2025-07-20 22:48:16 - DataPreprocessorMain - INFO - 
------------------------------
2025-07-20 22:48:16 - DataPreprocessorMain - INFO - 📌 ダイアログ 205/250 を処理中
2025-07-20 22:48:16 - DataPreprocessorMain - INFO - ------------------------------
2025-07-20 22:48:16 - DataPreprocessorMain - INFO - ダイアログキー: hobby_level3_dial30
2025-07-20 22:48:16 - DataPreprocessorMain - INFO - ターン数: 7
2025-07-20 22:48:16 - DataPreprocessorMain - INFO - 🔄 ターン 1 を処理中...
2025-07-20 22:48:16 - DataPreprocessorMain - INFO -   元のクエリ: Where is the Silk Road located?
2025-07-20 22:48:16 - DataPreprocessorMain - INFO -   書き換えクエリ: Where is the Silk Road located ?
2025-07-20 22:48:16 - DataPreprocessorMain - INFO - 🔄 ターン 2 を処理中...
2025-07-20 22:48:16 - DataPreprocessorMain - INFO -   元のクエリ: I asked about the Silk Road, not the New Silk Road. I would like to know about the historical Silk Road, which was used until the 15th century. Where was it located?
2025-07-20 22:48:16 - DataPreprocessorMain - INFO -   書き換えクエリ: Where was the historical Silk Road located ?
2025-07-20 22:48:16 - DataPreprocessorMain - INFO - 🔄 ターン 3 を処理中...
2025-07-20 22:48:17 - DataPreprocessorMain - INFO -   元のクエリ: Where is the Amber Road located?
2025-07-20 22:48:17 - DataPreprocessorMain - INFO -   書き換えクエリ: Where is the Amber Road located ?
2025-07-20 22:48:17 - DataPreprocessorMain - INFO - 🔄 ターン 4 を処理中...
2025-07-20 22:48:17 - DataPreprocessorMain - INFO -   元のクエリ: When did the Amber Road fall out of use?
2025-07-20 22:48:17 - DataPreprocessorMain - INFO -   書き換えクエリ: When did the Amber Road fall out of use ?
2025-07-20 22:48:17 - DataPreprocessorMain - INFO - 🔄 ターン 5 を処理中...
2025-07-20 22:48:17 - DataPreprocessorMain - INFO -   元のクエリ: That's okay. Can you instead tell me about other ancient trade routes?
2025-07-20 22:48:17 - DataPreprocessorMain - INFO -   書き換えクエリ: Can you instead tell me about other ancient trade routes besides the Silk Road ?
2025-07-20 22:48:17 - DataPreprocessorMain - INFO - 🔄 ターン 6 を処理中...
2025-07-20 22:48:18 - DataPreprocessorMain - INFO -   元のクエリ: I am interested in the Indian Incense Road.
2025-07-20 22:48:18 - DataPreprocessorMain - INFO -   書き換えクエリ: I am interested in the Indian Incense Road.
2025-07-20 22:48:18 - DataPreprocessorMain - INFO - 🔄 ターン 7 を処理中...
2025-07-20 22:48:18 - DataPreprocessorMain - INFO -   元のクエリ: I would rather hear a out Grand Trunk Road!
2025-07-20 22:48:18 - DataPreprocessorMain - INFO -   書き換えクエリ: I would rather hear a out Grand Trunk Road!
2025-07-20 22:48:18 - DataPreprocessorMain - INFO - ✅ ダイアログ 205 の処理が完了しました
2025-07-20 22:48:18 - DataPreprocessorMain - INFO - 
------------------------------
2025-07-20 22:48:18 - DataPreprocessorMain - INFO - 📌 ダイアログ 206/250 を処理中
2025-07-20 22:48:18 - DataPreprocessorMain - INFO - ------------------------------
2025-07-20 22:48:18 - DataPreprocessorMain - INFO - ダイアログキー: hobby_level3_dial32
2025-07-20 22:48:18 - DataPreprocessorMain - INFO - ターン数: 2
2025-07-20 22:48:18 - DataPreprocessorMain - INFO - 🔄 ターン 1 を処理中...
2025-07-20 22:48:18 - DataPreprocessorMain - INFO -   元のクエリ: What is the feminist interpretation of the book?
2025-07-20 22:48:18 - DataPreprocessorMain - INFO -   書き換えクエリ: What is the feminist interpretation of the book ?
2025-07-20 22:48:18 - DataPreprocessorMain - INFO - 🔄 ターン 2 を処理中...
2025-07-20 22:48:19 - DataPreprocessorMain - INFO -   元のクエリ: What is the feminist interpretation of the book with regard to Batman's relationship to the Joker?
2025-07-20 22:48:19 - DataPreprocessorMain - INFO -   書き換えクエリ: What is the feminist interpretation of the book with regard to Batman's relationship to the Joker ?
2025-07-20 22:48:19 - DataPreprocessorMain - INFO - ✅ ダイアログ 206 の処理が完了しました
2025-07-20 22:48:19 - DataPreprocessorMain - INFO - 
------------------------------
2025-07-20 22:48:19 - DataPreprocessorMain - INFO - 📌 ダイアログ 207/250 を処理中
2025-07-20 22:48:19 - DataPreprocessorMain - INFO - ------------------------------
2025-07-20 22:48:19 - DataPreprocessorMain - INFO - ダイアログキー: hobby_level2_dial6
2025-07-20 22:48:19 - DataPreprocessorMain - INFO - ターン数: 6
2025-07-20 22:48:19 - DataPreprocessorMain - INFO - 🔄 ターン 1 を処理中...
2025-07-20 22:48:19 - DataPreprocessorMain - INFO -   元のクエリ: What structures are bricks most commonly used in?
2025-07-20 22:48:19 - DataPreprocessorMain - INFO -   書き換えクエリ: What structures are bricks most commonly used in ?
2025-07-20 22:48:19 - DataPreprocessorMain - INFO - 🔄 ターン 2 を処理中...
2025-07-20 22:48:20 - DataPreprocessorMain - INFO -   元のクエリ: How are bricks joined together to build structures?
2025-07-20 22:48:20 - DataPreprocessorMain - INFO -   書き換えクエリ: How are bricks joined together to build structures ?
2025-07-20 22:48:20 - DataPreprocessorMain - INFO - 🔄 ターン 3 を処理中...
2025-07-20 22:48:20 - DataPreprocessorMain - INFO -   元のクエリ: What is the interlocking method?
2025-07-20 22:48:20 - DataPreprocessorMain - INFO -   書き換えクエリ: What is the interlocking method of bricks being joined together ?
2025-07-20 22:48:20 - DataPreprocessorMain - INFO - 🔄 ターン 4 を処理中...
2025-07-20 22:48:20 - DataPreprocessorMain - INFO -   元のクエリ: Are there any regions of the world that use bricks the most?
2025-07-20 22:48:20 - DataPreprocessorMain - INFO -   書き換えクエリ: Are there any regions of the world that use bricks the most ?
2025-07-20 22:48:20 - DataPreprocessorMain - INFO - 🔄 ターン 5 を処理中...
2025-07-20 22:48:21 - DataPreprocessorMain - INFO -   元のクエリ: Can you tell me what compressed earth blocks are?
2025-07-20 22:48:21 - DataPreprocessorMain - INFO -   書き換えクエリ: Can you tell me what compressed earth blocks are ?
2025-07-20 22:48:21 - DataPreprocessorMain - INFO - 🔄 ターン 6 を処理中...
2025-07-20 22:48:21 - DataPreprocessorMain - INFO -   元のクエリ: How long does CEB's last for?
2025-07-20 22:48:21 - DataPreprocessorMain - INFO -   書き換えクエリ: How long does CEB's last for ?
2025-07-20 22:48:21 - DataPreprocessorMain - INFO - ✅ ダイアログ 207 の処理が完了しました
2025-07-20 22:48:21 - DataPreprocessorMain - INFO - 
------------------------------
2025-07-20 22:48:21 - DataPreprocessorMain - INFO - 📌 ダイアログ 208/250 を処理中
2025-07-20 22:48:21 - DataPreprocessorMain - INFO - ------------------------------
2025-07-20 22:48:21 - DataPreprocessorMain - INFO - ダイアログキー: hobby_level1_dial15
2025-07-20 22:48:21 - DataPreprocessorMain - INFO - ターン数: 6
2025-07-20 22:48:21 - DataPreprocessorMain - INFO - 🔄 ターン 1 を処理中...
2025-07-20 22:48:22 - DataPreprocessorMain - INFO -   元のクエリ: How deep into the water can a scuba diver go?
2025-07-20 22:48:22 - DataPreprocessorMain - INFO -   書き換えクエリ: How deep into the water can a scuba diver go ?
2025-07-20 22:48:22 - DataPreprocessorMain - INFO - 🔄 ターン 2 を処理中...
2025-07-20 22:48:22 - DataPreprocessorMain - INFO -   元のクエリ: I would like to know about recreational diving.
2025-07-20 22:48:22 - DataPreprocessorMain - INFO -   書き換えクエリ: I would like to know about recreational diving.
2025-07-20 22:48:22 - DataPreprocessorMain - INFO - 🔄 ターン 3 を処理中...
2025-07-20 22:48:22 - DataPreprocessorMain - INFO -   元のクエリ: What are some of the risks of scuba diving?
2025-07-20 22:48:22 - DataPreprocessorMain - INFO -   書き換えクエリ: What are some of the risks of scuba diving ?
2025-07-20 22:48:22 - DataPreprocessorMain - INFO - 🔄 ターン 4 を処理中...
2025-07-20 22:48:23 - DataPreprocessorMain - INFO -   元のクエリ: What is decompression sickness?
2025-07-20 22:48:23 - DataPreprocessorMain - INFO -   書き換えクエリ: What is decompression sickness in scuba diving ?
2025-07-20 22:48:23 - DataPreprocessorMain - INFO - 🔄 ターン 5 を処理中...
2025-07-20 22:48:23 - DataPreprocessorMain - INFO -   元のクエリ: Tell me more about the nitrogen narcosis in deeper dives.
2025-07-20 22:48:23 - DataPreprocessorMain - INFO -   書き換えクエリ: Tell me more about the nitrogen narcosis in deeper dives .
2025-07-20 22:48:23 - DataPreprocessorMain - INFO - 🔄 ターン 6 を処理中...
2025-07-20 22:48:24 - DataPreprocessorMain - INFO -   元のクエリ: How do divers try and avoid narcosis?
2025-07-20 22:48:24 - DataPreprocessorMain - INFO -   書き換えクエリ: How do divers try and avoid narcosis while diving ?
2025-07-20 22:48:24 - DataPreprocessorMain - INFO - ✅ ダイアログ 208 の処理が完了しました
2025-07-20 22:48:24 - DataPreprocessorMain - INFO - 
------------------------------
2025-07-20 22:48:24 - DataPreprocessorMain - INFO - 📌 ダイアログ 209/250 を処理中
2025-07-20 22:48:24 - DataPreprocessorMain - INFO - ------------------------------
2025-07-20 22:48:24 - DataPreprocessorMain - INFO - ダイアログキー: top25_dial40
2025-07-20 22:48:24 - DataPreprocessorMain - INFO - ターン数: 6
2025-07-20 22:48:24 - DataPreprocessorMain - INFO - 🔄 ターン 1 を処理中...
2025-07-20 22:48:24 - DataPreprocessorMain - INFO -   元のクエリ: How long did it take to dig the Suez Canal?
2025-07-20 22:48:24 - DataPreprocessorMain - INFO -   書き換えクエリ: How long did it take to dig the Suez Canal ?
2025-07-20 22:48:24 - DataPreprocessorMain - INFO - 🔄 ターン 2 を処理中...
2025-07-20 22:48:24 - DataPreprocessorMain - INFO -   元のクエリ: What trade routes were used before the Suez Canal opened?
2025-07-20 22:48:24 - DataPreprocessorMain - INFO -   書き換えクエリ: What trade routes were used before the Suez Canal opened ?
2025-07-20 22:48:24 - DataPreprocessorMain - INFO - 🔄 ターン 3 を処理中...
2025-07-20 22:48:24 - DataPreprocessorMain - INFO -   元のクエリ: How deep is The Suez Canal?
2025-07-20 22:48:24 - DataPreprocessorMain - INFO -   書き換えクエリ: How deep is The Suez Canal ?
2025-07-20 22:48:24 - DataPreprocessorMain - INFO - 🔄 ターン 4 を処理中...
2025-07-20 22:48:25 - DataPreprocessorMain - INFO -   元のクエリ: How long did it take for the New Suez Canal to be expanded from its original depth of 26 feet?
2025-07-20 22:48:25 - DataPreprocessorMain - INFO -   書き換えクエリ: How long did the New Suez Canal take to be expanded from its original depth of 26 feet ?
2025-07-20 22:48:25 - DataPreprocessorMain - INFO - 🔄 ターン 5 を処理中...
2025-07-20 22:48:25 - DataPreprocessorMain - INFO -   元のクエリ: What are the bad environmental impacts from the Suez Canal, if any?
2025-07-20 22:48:25 - DataPreprocessorMain - INFO -   書き換えクエリ: What are the bad environmental impacts from the Suez Canal, if any ?
2025-07-20 22:48:25 - DataPreprocessorMain - INFO - 🔄 ターン 6 を処理中...
2025-07-20 22:48:26 - DataPreprocessorMain - INFO -   元のクエリ: What are they doing to clean up the Mediterranean ecosystem?
2025-07-20 22:48:26 - DataPreprocessorMain - INFO -   書き換えクエリ: What are the Arab countries doing to clean up the Mediterranean ecosystem ?
2025-07-20 22:48:26 - DataPreprocessorMain - INFO - ✅ ダイアログ 209 の処理が完了しました
2025-07-20 22:48:26 - DataPreprocessorMain - INFO - 
------------------------------
2025-07-20 22:48:26 - DataPreprocessorMain - INFO - 📌 ダイアログ 210/250 を処理中
2025-07-20 22:48:26 - DataPreprocessorMain - INFO - ------------------------------
2025-07-20 22:48:26 - DataPreprocessorMain - INFO - ダイアログキー: top25_dial63
2025-07-20 22:48:26 - DataPreprocessorMain - INFO - ターン数: 6
2025-07-20 22:48:26 - DataPreprocessorMain - INFO - 🔄 ターン 1 を処理中...
2025-07-20 22:48:26 - DataPreprocessorMain - INFO -   元のクエリ: When will the next election take place?
2025-07-20 22:48:26 - DataPreprocessorMain - INFO -   書き換えクエリ: When will the next election take place ?
2025-07-20 22:48:26 - DataPreprocessorMain - INFO - 🔄 ターン 2 を処理中...
2025-07-20 22:48:26 - DataPreprocessorMain - INFO -   元のクエリ: When is the next Federal election in Germany?
2025-07-20 22:48:26 - DataPreprocessorMain - INFO -   書き換えクエリ: When is the next Federal election in Germany ?
2025-07-20 22:48:26 - DataPreprocessorMain - INFO - 🔄 ターン 3 を処理中...
2025-07-20 22:48:27 - DataPreprocessorMain - INFO -   元のクエリ: Why did Angela Merkel choose not to run in the election?
2025-07-20 22:48:27 - DataPreprocessorMain - INFO -   書き換えクエリ: Why did Angela Merkel choose not to run in the election of 2025 ?
2025-07-20 22:48:27 - DataPreprocessorMain - INFO - 🔄 ターン 4 を処理中...
2025-07-20 22:48:27 - DataPreprocessorMain - INFO -   元のクエリ: Who succeeded Markel?
2025-07-20 22:48:27 - DataPreprocessorMain - INFO -   書き換えクエリ: Who succeeded Markel in the CDU ?
2025-07-20 22:48:27 - DataPreprocessorMain - INFO - 🔄 ターン 5 を処理中...
2025-07-20 22:48:28 - DataPreprocessorMain - INFO -   元のクエリ: What is the history of the CDU political party?
2025-07-20 22:48:28 - DataPreprocessorMain - INFO -   書き換えクエリ: What is the history of the CDU political party ?
2025-07-20 22:48:28 - DataPreprocessorMain - INFO - 🔄 ターン 6 を処理中...
2025-07-20 22:48:28 - DataPreprocessorMain - INFO -   元のクエリ: I am interested in the founding period.
2025-07-20 22:48:28 - DataPreprocessorMain - INFO -   書き換えクエリ: I am interested in the founding period of CDU .
2025-07-20 22:48:28 - DataPreprocessorMain - INFO - ✅ ダイアログ 210 の処理が完了しました
2025-07-20 22:48:28 - DataPreprocessorMain - INFO - 
------------------------------
2025-07-20 22:48:28 - DataPreprocessorMain - INFO - 📌 ダイアログ 211/250 を処理中
2025-07-20 22:48:28 - DataPreprocessorMain - INFO - ------------------------------
2025-07-20 22:48:28 - DataPreprocessorMain - INFO - ダイアログキー: hobby_level2_dial12
2025-07-20 22:48:28 - DataPreprocessorMain - INFO - ターン数: 7
2025-07-20 22:48:28 - DataPreprocessorMain - INFO - 🔄 ターン 1 を処理中...
2025-07-20 22:48:28 - DataPreprocessorMain - INFO -   元のクエリ: Who was South Africa's Prime Minister at the time of the D'Oliveria affair?
2025-07-20 22:48:28 - DataPreprocessorMain - INFO -   書き換えクエリ: Who was South Africa's Prime Minister at the time of the D'Oliveria affair ?
2025-07-20 22:48:28 - DataPreprocessorMain - INFO - 🔄 ターン 2 を処理中...
2025-07-20 22:48:29 - DataPreprocessorMain - INFO -   元のクエリ: What was the reaction to the D'Oliveria affair controversy?
2025-07-20 22:48:29 - DataPreprocessorMain - INFO -   書き換えクエリ: What was the reaction to the D'Oliveria affair controversy ?
2025-07-20 22:48:29 - DataPreprocessorMain - INFO - 🔄 ターン 3 を処理中...
2025-07-20 22:48:29 - DataPreprocessorMain - INFO -   元のクエリ: What ended up happening with the D'Oliveira affair?
2025-07-20 22:48:29 - DataPreprocessorMain - INFO -   書き換えクエリ: What ended up happening with the D'Oliveira affair ?
2025-07-20 22:48:29 - DataPreprocessorMain - INFO - 🔄 ターン 4 を処理中...
2025-07-20 22:48:30 - DataPreprocessorMain - INFO -   元のクエリ: How was South Africa isolated as a result of these events?
2025-07-20 22:48:30 - DataPreprocessorMain - INFO -   書き換えクエリ: How was South Africa isolated as a result of the D'Oliveria affair ?
2025-07-20 22:48:30 - DataPreprocessorMain - INFO - 🔄 ターン 5 を処理中...
2025-07-20 22:48:30 - DataPreprocessorMain - INFO -   元のクエリ: Can you tell me more about the controversy regarding sporting links with South Africa?
2025-07-20 22:48:30 - DataPreprocessorMain - INFO -   書き換えクエリ: Can you tell me more about the controversy regarding sporting links with South Africa ?
2025-07-20 22:48:30 - DataPreprocessorMain - INFO - 🔄 ターン 6 を処理中...
2025-07-20 22:48:31 - DataPreprocessorMain - INFO -   元のクエリ: Yes, tell me what happened during the build-up of the controversy.
2025-07-20 22:48:31 - DataPreprocessorMain - INFO -   書き換えクエリ: What happened during the build-up of the D'Oliveria affair controversy ?
2025-07-20 22:48:31 - DataPreprocessorMain - INFO - 🔄 ターン 7 を処理中...
2025-07-20 22:48:31 - DataPreprocessorMain - INFO -   元のクエリ: Tell me more about the MCC maneuvers that were part of the build-up!
2025-07-20 22:48:31 - DataPreprocessorMain - INFO -   書き換えクエリ: Tell me more about the MCC maneuvers that were part of the build-up to the D'Oliveria affair .
2025-07-20 22:48:31 - DataPreprocessorMain - INFO - ✅ ダイアログ 211 の処理が完了しました
2025-07-20 22:48:31 - DataPreprocessorMain - INFO - 
------------------------------
2025-07-20 22:48:31 - DataPreprocessorMain - INFO - 📌 ダイアログ 212/250 を処理中
2025-07-20 22:48:31 - DataPreprocessorMain - INFO - ------------------------------
2025-07-20 22:48:31 - DataPreprocessorMain - INFO - ダイアログキー: food_level2_dial30
2025-07-20 22:48:31 - DataPreprocessorMain - INFO - ターン数: 6
2025-07-20 22:48:31 - DataPreprocessorMain - INFO - 🔄 ターン 1 を処理中...
2025-07-20 22:48:32 - DataPreprocessorMain - INFO -   元のクエリ: What current day dishes are directly from the Mayan culture?
2025-07-20 22:48:32 - DataPreprocessorMain - INFO -   書き換えクエリ: What current day dishes are directly from the Mayan culture ?
2025-07-20 22:48:32 - DataPreprocessorMain - INFO - 🔄 ターン 2 を処理中...
2025-07-20 22:48:32 - DataPreprocessorMain - INFO -   元のクエリ: What Mexican foods are influenced by Mayan culture?
2025-07-20 22:48:32 - DataPreprocessorMain - INFO -   書き換えクエリ: What Mexican foods are influenced by Mayan culture ?
2025-07-20 22:48:32 - DataPreprocessorMain - INFO - 🔄 ターン 3 を処理中...
2025-07-20 22:48:32 - DataPreprocessorMain - INFO -   元のクエリ: I think you misunderstood my question. Which current day Mexican dishes are inspired by Mayan culture?
2025-07-20 22:48:32 - DataPreprocessorMain - INFO -   書き換えクエリ: Which current day Mexican dishes are inspired by Mayan culture ?
2025-07-20 22:48:32 - DataPreprocessorMain - INFO - 🔄 ターン 4 を処理中...
2025-07-20 22:48:33 - DataPreprocessorMain - INFO -   元のクエリ: How did ancient Mayans use chocolate?
2025-07-20 22:48:33 - DataPreprocessorMain - INFO -   書き換えクエリ: How did ancient Mayans use chocolate in their dishes ?
2025-07-20 22:48:33 - DataPreprocessorMain - INFO - 🔄 ターン 5 を処理中...
2025-07-20 22:48:33 - DataPreprocessorMain - INFO -   元のクエリ: Can you tell me a bit about Mayan religious rituals?
2025-07-20 22:48:33 - DataPreprocessorMain - INFO -   書き換えクエリ: Can you tell me a bit about Mayan religious rituals ?
2025-07-20 22:48:33 - DataPreprocessorMain - INFO - 🔄 ターン 6 を処理中...
2025-07-20 22:48:34 - DataPreprocessorMain - INFO -   元のクエリ: I am interested in pilgrimage.
2025-07-20 22:48:34 - DataPreprocessorMain - INFO -   書き換えクエリ: I am interested in pilgrimage.
2025-07-20 22:48:34 - DataPreprocessorMain - INFO - ✅ ダイアログ 212 の処理が完了しました
2025-07-20 22:48:34 - DataPreprocessorMain - INFO - 
------------------------------
2025-07-20 22:48:34 - DataPreprocessorMain - INFO - 📌 ダイアログ 213/250 を処理中
2025-07-20 22:48:34 - DataPreprocessorMain - INFO - ------------------------------
2025-07-20 22:48:34 - DataPreprocessorMain - INFO - ダイアログキー: top25_dial18
2025-07-20 22:48:34 - DataPreprocessorMain - INFO - ターン数: 6
2025-07-20 22:48:34 - DataPreprocessorMain - INFO - 🔄 ターン 1 を処理中...
2025-07-20 22:48:34 - DataPreprocessorMain - INFO -   元のクエリ: Was any of the $25 million bounty offered by the FBI paid to anyone?
2025-07-20 22:48:34 - DataPreprocessorMain - INFO -   書き換えクエリ: Was any of the $25 million bounty offered by the FBI paid to anyone ?
2025-07-20 22:48:34 - DataPreprocessorMain - INFO - 🔄 ターン 2 を処理中...
2025-07-20 22:48:34 - DataPreprocessorMain - INFO -   元のクエリ: How was bin Laden caught?
2025-07-20 22:48:34 - DataPreprocessorMain - INFO -   書き換えクエリ: How was bin Laden caught ?
2025-07-20 22:48:34 - DataPreprocessorMain - INFO - 🔄 ターン 3 を処理中...
2025-07-20 22:48:35 - DataPreprocessorMain - INFO -   元のクエリ: How was the killing of Osama bin Laden confirmed?
2025-07-20 22:48:35 - DataPreprocessorMain - INFO -   書き換えクエリ: How was the killing of Osama bin Laden confirmed ?
2025-07-20 22:48:35 - DataPreprocessorMain - INFO - 🔄 ターン 4 を処理中...
2025-07-20 22:48:35 - DataPreprocessorMain - INFO -   元のクエリ: Was there a burial for Osama bin Laden?
2025-07-20 22:48:35 - DataPreprocessorMain - INFO -   書き換えクエリ: Was there a burial for Osama bin Laden ?
2025-07-20 22:48:35 - DataPreprocessorMain - INFO - 🔄 ターン 5 を処理中...
2025-07-20 22:48:35 - DataPreprocessorMain - INFO -   元のクエリ: How did Pakistan support protection of bin Laden?
2025-07-20 22:48:35 - DataPreprocessorMain - INFO -   書き換えクエリ: How did Pakistan support protection of bin Laden ?
2025-07-20 22:48:35 - DataPreprocessorMain - INFO - 🔄 ターン 6 を処理中...
2025-07-20 22:48:36 - DataPreprocessorMain - INFO -   元のクエリ: Who runs wiki leaks?
2025-07-20 22:48:36 - DataPreprocessorMain - INFO -   書き換えクエリ: Who runs WikiLeaks leaks ?
2025-07-20 22:48:36 - DataPreprocessorMain - INFO - ✅ ダイアログ 213 の処理が完了しました
2025-07-20 22:48:36 - DataPreprocessorMain - INFO - 
------------------------------
2025-07-20 22:48:36 - DataPreprocessorMain - INFO - 📌 ダイアログ 214/250 を処理中
2025-07-20 22:48:36 - DataPreprocessorMain - INFO - ------------------------------
2025-07-20 22:48:36 - DataPreprocessorMain - INFO - ダイアログキー: food_level3_dial22
2025-07-20 22:48:36 - DataPreprocessorMain - INFO - ターン数: 6
2025-07-20 22:48:36 - DataPreprocessorMain - INFO - 🔄 ターン 1 を処理中...
2025-07-20 22:48:36 - DataPreprocessorMain - INFO -   元のクエリ: What kind of political ideologies did Sir Roger Vernon Scruton have?
2025-07-20 22:48:36 - DataPreprocessorMain - INFO -   書き換えクエリ: What kind of political ideologies did Sir Roger Vernon Scruton have ?
2025-07-20 22:48:36 - DataPreprocessorMain - INFO - 🔄 ターン 2 を処理中...
2025-07-20 22:48:37 - DataPreprocessorMain - INFO -   元のクエリ: What was Sir Roger Vernon Scruton's upbringing like?
2025-07-20 22:48:37 - DataPreprocessorMain - INFO -   書き換えクエリ: What was Sir Roger Vernon Scruton's upbringing like ?
2025-07-20 22:48:37 - DataPreprocessorMain - INFO - 🔄 ターン 3 を処理中...
2025-07-20 22:48:37 - DataPreprocessorMain - INFO -   元のクエリ: I mean his family background.
2025-07-20 22:48:37 - DataPreprocessorMain - INFO -   書き換えクエリ: What was Sir Roger Vernon Scruton 's upbringing like ?
2025-07-20 22:48:37 - DataPreprocessorMain - INFO - 🔄 ターン 4 を処理中...
2025-07-20 22:48:37 - DataPreprocessorMain - INFO -   元のクエリ: What were Sir Roger Vernon Scruton's political views?
2025-07-20 22:48:37 - DataPreprocessorMain - INFO -   書き換えクエリ: What were Sir Roger Vernon Scruton 's political views ?
2025-07-20 22:48:37 - DataPreprocessorMain - INFO - 🔄 ターン 5 を処理中...
2025-07-20 22:48:38 - DataPreprocessorMain - INFO -   元のクエリ: I'm interested in topics he was critical of.
2025-07-20 22:48:38 - DataPreprocessorMain - INFO -   書き換えクエリ: I'm interested in topics Sir Roger Vernon Scruton was critical of .
2025-07-20 22:48:38 - DataPreprocessorMain - INFO - 🔄 ターン 6 を処理中...
2025-07-20 22:48:38 - DataPreprocessorMain - INFO -   元のクエリ: What are the origins of kitsch art?
2025-07-20 22:48:38 - DataPreprocessorMain - INFO -   書き換えクエリ: What are the origins of kitsch art ?
2025-07-20 22:48:38 - DataPreprocessorMain - INFO - ✅ ダイアログ 214 の処理が完了しました
2025-07-20 22:48:38 - DataPreprocessorMain - INFO - 
------------------------------
2025-07-20 22:48:38 - DataPreprocessorMain - INFO - 📌 ダイアログ 215/250 を処理中
2025-07-20 22:48:38 - DataPreprocessorMain - INFO - ------------------------------
2025-07-20 22:48:38 - DataPreprocessorMain - INFO - ダイアログキー: hobby_level2_dial14
2025-07-20 22:48:38 - DataPreprocessorMain - INFO - ターン数: 6
2025-07-20 22:48:38 - DataPreprocessorMain - INFO - 🔄 ターン 1 を処理中...
2025-07-20 22:48:39 - DataPreprocessorMain - INFO -   元のクエリ: What kind of wildlife is present at Spreckels Lake?
2025-07-20 22:48:39 - DataPreprocessorMain - INFO -   書き換えクエリ: What kind of wildlife is present at Spreckels Lake ?
2025-07-20 22:48:39 - DataPreprocessorMain - INFO - 🔄 ターン 2 を処理中...
2025-07-20 22:48:39 - DataPreprocessorMain - INFO -   元のクエリ: What is the largest animal at Spreckels Lake?
2025-07-20 22:48:39 - DataPreprocessorMain - INFO -   書き換えクエリ: What is the largest animal at Spreckels Lake ?
2025-07-20 22:48:39 - DataPreprocessorMain - INFO - 🔄 ターン 3 を処理中...
2025-07-20 22:48:39 - DataPreprocessorMain - INFO -   元のクエリ: What fish species are found in Spreckels Lake other than carp?
2025-07-20 22:48:39 - DataPreprocessorMain - INFO -   書き換えクエリ: What fish species are found in Spreckels Lake other than carp ?
2025-07-20 22:48:39 - DataPreprocessorMain - INFO - 🔄 ターン 4 を処理中...
2025-07-20 22:48:40 - DataPreprocessorMain - INFO -   元のクエリ: You say there's goldfish in the lake. So, how do goldfish survive in the wild after they've been released?
2025-07-20 22:48:40 - DataPreprocessorMain - INFO -   書き換えクエリ: How do goldfish survive in the wild after they've been released ?
2025-07-20 22:48:40 - DataPreprocessorMain - INFO - 🔄 ターン 5 を処理中...
2025-07-20 22:48:40 - DataPreprocessorMain - INFO -   元のクエリ: I'd like to know more about water conditions.
2025-07-20 22:48:40 - DataPreprocessorMain - INFO -   書き換えクエリ: I'd like to know more about water conditions at Spreckels Lake .
2025-07-20 22:48:40 - DataPreprocessorMain - INFO - 🔄 ターン 6 を処理中...
2025-07-20 22:48:41 - DataPreprocessorMain - INFO -   元のクエリ: On the subject of goldfish, how big was the largest known goldfish?
2025-07-20 22:48:41 - DataPreprocessorMain - INFO -   書き換えクエリ: How big was the largest known goldfish at Spreckels Lake ?
2025-07-20 22:48:41 - DataPreprocessorMain - INFO - ✅ ダイアログ 215 の処理が完了しました
2025-07-20 22:48:41 - DataPreprocessorMain - INFO - 
------------------------------
2025-07-20 22:48:41 - DataPreprocessorMain - INFO - 📌 ダイアログ 216/250 を処理中
2025-07-20 22:48:41 - DataPreprocessorMain - INFO - ------------------------------
2025-07-20 22:48:41 - DataPreprocessorMain - INFO - ダイアログキー: food_level3_dial23
2025-07-20 22:48:41 - DataPreprocessorMain - INFO - ターン数: 6
2025-07-20 22:48:41 - DataPreprocessorMain - INFO - 🔄 ターン 1 を処理中...
2025-07-20 22:48:41 - DataPreprocessorMain - INFO -   元のクエリ: What is engineered wood made out of?
2025-07-20 22:48:41 - DataPreprocessorMain - INFO -   書き換えクエリ: What is engineered wood made out of ?
2025-07-20 22:48:41 - DataPreprocessorMain - INFO - 🔄 ターン 2 を処理中...
2025-07-20 22:48:41 - DataPreprocessorMain - INFO -   元のクエリ: What kind of wood is used to manufacture lumber?
2025-07-20 22:48:41 - DataPreprocessorMain - INFO -   書き換えクエリ: What kind of wood is used to manufacture lumber ?
2025-07-20 22:48:41 - DataPreprocessorMain - INFO - 🔄 ターン 3 を処理中...
2025-07-20 22:48:42 - DataPreprocessorMain - INFO -   元のクエリ: What are some specific uses for softwood manufactured as lumber?
2025-07-20 22:48:42 - DataPreprocessorMain - INFO -   書き換えクエリ: What are some specific uses for softwood manufactured as lumber ?
2025-07-20 22:48:42 - DataPreprocessorMain - INFO - 🔄 ターン 4 を処理中...
2025-07-20 22:48:42 - DataPreprocessorMain - INFO -   元のクエリ: What is the most durable wood for flooring?
2025-07-20 22:48:42 - DataPreprocessorMain - INFO -   書き換えクエリ: What is the most durable wood for flooring ?
2025-07-20 22:48:42 - DataPreprocessorMain - INFO - 🔄 ターン 5 を処理中...
2025-07-20 22:48:43 - DataPreprocessorMain - INFO -   元のクエリ: How did the industry of lumber come to be?
2025-07-20 22:48:43 - DataPreprocessorMain - INFO -   書き換えクエリ: How did the industry of lumber come to be ?
2025-07-20 22:48:43 - DataPreprocessorMain - INFO - 🔄 ターン 6 を処理中...
2025-07-20 22:48:43 - DataPreprocessorMain - INFO -   元のクエリ: What makes a forest an "old-growth forest"?
2025-07-20 22:48:43 - DataPreprocessorMain - INFO -   書き換えクエリ: What makes a forest an "old-growth forest" ?
2025-07-20 22:48:43 - DataPreprocessorMain - INFO - ✅ ダイアログ 216 の処理が完了しました
2025-07-20 22:48:43 - DataPreprocessorMain - INFO - 
------------------------------
2025-07-20 22:48:43 - DataPreprocessorMain - INFO - 📌 ダイアログ 217/250 を処理中
2025-07-20 22:48:43 - DataPreprocessorMain - INFO - ------------------------------
2025-07-20 22:48:43 - DataPreprocessorMain - INFO - ダイアログキー: top25_dial64
2025-07-20 22:48:43 - DataPreprocessorMain - INFO - ターン数: 2
2025-07-20 22:48:43 - DataPreprocessorMain - INFO - 🔄 ターン 1 を処理中...
2025-07-20 22:48:43 - DataPreprocessorMain - INFO -   元のクエリ: Have the Palestinians and Israelis reached any agreement after the war?
2025-07-20 22:48:43 - DataPreprocessorMain - INFO -   書き換えクエリ: Have the Palestinians and Israelis reached any agreement after the war ?
2025-07-20 22:48:43 - DataPreprocessorMain - INFO - 🔄 ターン 2 を処理中...
2025-07-20 22:48:44 - DataPreprocessorMain - INFO -   元のクエリ: I would like to know about any agreements after whichever war was the most recent.
2025-07-20 22:48:44 - DataPreprocessorMain - INFO -   書き換えクエリ: I would like to know about any Palestinians and Israelis agreements after the Six-Day war or the Lebanese Civil War .
2025-07-20 22:48:44 - DataPreprocessorMain - INFO - ✅ ダイアログ 217 の処理が完了しました
2025-07-20 22:48:44 - DataPreprocessorMain - INFO - 
------------------------------
2025-07-20 22:48:44 - DataPreprocessorMain - INFO - 📌 ダイアログ 218/250 を処理中
2025-07-20 22:48:44 - DataPreprocessorMain - INFO - ------------------------------
2025-07-20 22:48:44 - DataPreprocessorMain - INFO - ダイアログキー: hobby_level2_dial15
2025-07-20 22:48:44 - DataPreprocessorMain - INFO - ターン数: 6
2025-07-20 22:48:44 - DataPreprocessorMain - INFO - 🔄 ターン 1 を処理中...
2025-07-20 22:48:44 - DataPreprocessorMain - INFO -   元のクエリ: Which sport was the first to use uniform numbers?
2025-07-20 22:48:44 - DataPreprocessorMain - INFO -   書き換えクエリ: Which sport was the first to use uniform numbers in a sport ?
2025-07-20 22:48:44 - DataPreprocessorMain - INFO - 🔄 ターン 2 を処理中...
2025-07-20 22:48:45 - DataPreprocessorMain - INFO -   元のクエリ: Thank you! How are the uniform numbers assigned to the players?
2025-07-20 22:48:45 - DataPreprocessorMain - INFO -   書き換えクエリ: How are the uniform numbers assigned to the players in Australian rules football ?
2025-07-20 22:48:45 - DataPreprocessorMain - INFO - 🔄 ターン 3 を処理中...
2025-07-20 22:48:45 - DataPreprocessorMain - INFO -   元のクエリ: What are some famous numbers in team sports?
2025-07-20 22:48:45 - DataPreprocessorMain - INFO -   書き換えクエリ: What are some famous numbers in team sports ?
2025-07-20 22:48:45 - DataPreprocessorMain - INFO - 🔄 ターン 4 を処理中...
2025-07-20 22:48:45 - DataPreprocessorMain - INFO -   元のクエリ: I'd like to know about American football numbers.
2025-07-20 22:48:45 - DataPreprocessorMain - INFO -   書き換えクエリ: I'd like to know about American football numbers.
2025-07-20 22:48:45 - DataPreprocessorMain - INFO - 🔄 ターン 5 を処理中...
2025-07-20 22:48:46 - DataPreprocessorMain - INFO -   元のクエリ: Why was Bosworth unable to wear the number 44?
2025-07-20 22:48:46 - DataPreprocessorMain - INFO -   書き換えクエリ: Why was Bosworth unable to wear the number 44 in American football ?
2025-07-20 22:48:46 - DataPreprocessorMain - INFO - 🔄 ターン 6 を処理中...
2025-07-20 22:48:46 - DataPreprocessorMain - INFO -   元のクエリ: What kind of position usually wore the 40's?
2025-07-20 22:48:46 - DataPreprocessorMain - INFO -   書き換えクエリ: What kind of position usually wore the 40's in football ?
2025-07-20 22:48:46 - DataPreprocessorMain - INFO - ✅ ダイアログ 218 の処理が完了しました
2025-07-20 22:48:46 - DataPreprocessorMain - INFO - 
------------------------------
2025-07-20 22:48:46 - DataPreprocessorMain - INFO - 📌 ダイアログ 219/250 を処理中
2025-07-20 22:48:46 - DataPreprocessorMain - INFO - ------------------------------
2025-07-20 22:48:46 - DataPreprocessorMain - INFO - ダイアログキー: top25_dial41
2025-07-20 22:48:46 - DataPreprocessorMain - INFO - ターン数: 6
2025-07-20 22:48:46 - DataPreprocessorMain - INFO - 🔄 ターン 1 を処理中...
2025-07-20 22:48:47 - DataPreprocessorMain - INFO -   元のクエリ: In what year was Yom Kippur first observed?
2025-07-20 22:48:47 - DataPreprocessorMain - INFO -   書き換えクエリ: In what year was Yom Kippur first observed ?
2025-07-20 22:48:47 - DataPreprocessorMain - INFO - 🔄 ターン 2 を処理中...
2025-07-20 22:48:47 - DataPreprocessorMain - INFO -   元のクエリ: I don't think I phrased the question properly. How long has Yom Kippur been around?
2025-07-20 22:48:47 - DataPreprocessorMain - INFO -   書き換えクエリ: How long has Yom Kippur been around ?
2025-07-20 22:48:47 - DataPreprocessorMain - INFO - 🔄 ターン 3 を処理中...
2025-07-20 22:48:47 - DataPreprocessorMain - INFO -   元のクエリ: How is Yom Kippur observed in Israel?
2025-07-20 22:48:47 - DataPreprocessorMain - INFO -   書き換えクエリ: How is Yom Kippur observed in Israel ?
2025-07-20 22:48:47 - DataPreprocessorMain - INFO - 🔄 ターン 4 を処理中...
2025-07-20 22:48:48 - DataPreprocessorMain - INFO -   元のクエリ: Is Yom Kippur observed outside of Israel?
2025-07-20 22:48:48 - DataPreprocessorMain - INFO -   書き換えクエリ: Is Yom Kippur observed outside of Israel ?
2025-07-20 22:48:48 - DataPreprocessorMain - INFO - 🔄 ターン 5 を処理中...
2025-07-20 22:48:48 - DataPreprocessorMain - INFO -   元のクエリ: Are there any other famous Jewish baseball players other than Sandy Koufax?
2025-07-20 22:48:48 - DataPreprocessorMain - INFO -   書き換えクエリ: Aside from Sandy Koufax , were there any other famous Jewish baseball players on Yom Kippur observed outside of Israel ?
2025-07-20 22:48:48 - DataPreprocessorMain - INFO - 🔄 ターン 6 を処理中...
2025-07-20 22:48:49 - DataPreprocessorMain - INFO -   元のクエリ: Has Paul Goldschmidt won any awards?
2025-07-20 22:48:49 - DataPreprocessorMain - INFO -   書き換えクエリ: Has Paul Goldschmidt won any awards ?
2025-07-20 22:48:49 - DataPreprocessorMain - INFO - ✅ ダイアログ 219 の処理が完了しました
2025-07-20 22:48:49 - DataPreprocessorMain - INFO - 
------------------------------
2025-07-20 22:48:49 - DataPreprocessorMain - INFO - 📌 ダイアログ 220/250 を処理中
2025-07-20 22:48:49 - DataPreprocessorMain - INFO - ------------------------------
2025-07-20 22:48:49 - DataPreprocessorMain - INFO - ダイアログキー: hobby_level2_dial7
2025-07-20 22:48:49 - DataPreprocessorMain - INFO - ターン数: 6
2025-07-20 22:48:49 - DataPreprocessorMain - INFO - 🔄 ターン 1 を処理中...
2025-07-20 22:48:49 - DataPreprocessorMain - INFO -   元のクエリ: What was the cause of death for Stephen of Blois?
2025-07-20 22:48:49 - DataPreprocessorMain - INFO -   書き換えクエリ: What was the cause of death for Stephen of Blois ?
2025-07-20 22:48:49 - DataPreprocessorMain - INFO - 🔄 ターン 2 を処理中...
2025-07-20 22:48:50 - DataPreprocessorMain - INFO -   元のクエリ: How many battles did Stephen of Blois lose in England?
2025-07-20 22:48:50 - DataPreprocessorMain - INFO -   書き換えクエリ: How many battles did Stephen of Blois lose in England ?
2025-07-20 22:48:50 - DataPreprocessorMain - INFO - 🔄 ターン 3 を処理中...
2025-07-20 22:48:50 - DataPreprocessorMain - INFO -   元のクエリ: What was Stephen of Blois' childhood like?
2025-07-20 22:48:50 - DataPreprocessorMain - INFO -   書き換えクエリ: What was Stephen of Blois' childhood like ?
2025-07-20 22:48:50 - DataPreprocessorMain - INFO - 🔄 ターン 4 を処理中...
2025-07-20 22:48:50 - DataPreprocessorMain - INFO -   元のクエリ: Is anything know about Stephen's relationship with his mother Adela?
2025-07-20 22:48:50 - DataPreprocessorMain - INFO -   書き換えクエリ: Is anything know about Stephen of Blois ' relationship with his mother Adela ?
2025-07-20 22:48:50 - DataPreprocessorMain - INFO - 🔄 ターン 5 を処理中...
2025-07-20 22:48:51 - DataPreprocessorMain - INFO -   元のクエリ: What kind of legacy did Stephen of Blois leave behind?
2025-07-20 22:48:51 - DataPreprocessorMain - INFO -   書き換えクエリ: What kind of legacy did Stephen of Blois leave behind ?
2025-07-20 22:48:51 - DataPreprocessorMain - INFO - 🔄 ターン 6 を処理中...
2025-07-20 22:48:51 - DataPreprocessorMain - INFO -   元のクエリ: I would like know about his legacy regarding historiography.
2025-07-20 22:48:51 - DataPreprocessorMain - INFO -   書き換えクエリ: I would like know about Stephen of Blois legacy regarding historiography .
2025-07-20 22:48:51 - DataPreprocessorMain - INFO - ✅ ダイアログ 220 の処理が完了しました
2025-07-20 22:48:51 - DataPreprocessorMain - INFO - 
------------------------------
2025-07-20 22:48:51 - DataPreprocessorMain - INFO - 📌 ダイアログ 221/250 を処理中
2025-07-20 22:48:51 - DataPreprocessorMain - INFO - ------------------------------
2025-07-20 22:48:51 - DataPreprocessorMain - INFO - ダイアログキー: top25_dial19
2025-07-20 22:48:51 - DataPreprocessorMain - INFO - ターン数: 6
2025-07-20 22:48:51 - DataPreprocessorMain - INFO - 🔄 ターン 1 を処理中...
2025-07-20 22:48:52 - DataPreprocessorMain - INFO -   元のクエリ: What kinds of criticism did the Enema of the State album, by Blink-182, receive?
2025-07-20 22:48:52 - DataPreprocessorMain - INFO -   書き換えクエリ: What kinds of criticism did the Enema of the State album by Blink-182 receive ?
2025-07-20 22:48:52 - DataPreprocessorMain - INFO - 🔄 ターン 2 を処理中...
2025-07-20 22:48:52 - DataPreprocessorMain - INFO -   元のクエリ: What kinds of criticism did Blink-182 receive from fans?
2025-07-20 22:48:52 - DataPreprocessorMain - INFO -   書き換えクエリ: What kinds of criticism did Blink-182 receive from fans of Enema of the State ?
2025-07-20 22:48:52 - DataPreprocessorMain - INFO - 🔄 ターン 3 を処理中...
2025-07-20 22:48:53 - DataPreprocessorMain - INFO -   元のクエリ: How many albums did Blink-182 sell with Enema of the State?
2025-07-20 22:48:53 - DataPreprocessorMain - INFO -   書き換えクエリ: How many albums did Blink-182 sell with Enema of the State ?
2025-07-20 22:48:53 - DataPreprocessorMain - INFO - 🔄 ターン 4 を処理中...
2025-07-20 22:48:53 - DataPreprocessorMain - INFO -   元のクエリ: How much did they make from this album?
2025-07-20 22:48:53 - DataPreprocessorMain - INFO -   書き換えクエリ: How much did Blink-182 make from the Enema of the State album ?
2025-07-20 22:48:53 - DataPreprocessorMain - INFO - 🔄 ターン 5 を処理中...
2025-07-20 22:48:54 - DataPreprocessorMain - INFO -   元のクエリ: What was the blink-182's last album?
2025-07-20 22:48:54 - DataPreprocessorMain - INFO -   書き換えクエリ: What was the blink-182's last album ?
2025-07-20 22:48:54 - DataPreprocessorMain - INFO - 🔄 ターン 6 を処理中...
2025-07-20 22:48:54 - DataPreprocessorMain - INFO -   元のクエリ: How many albums did they sell in 2019 for the album Nine?
2025-07-20 22:48:54 - DataPreprocessorMain - INFO -   書き換えクエリ: How many albums did Blink-182 sell in 2019 for the album Nine ?
2025-07-20 22:48:54 - DataPreprocessorMain - INFO - ✅ ダイアログ 221 の処理が完了しました
2025-07-20 22:48:54 - DataPreprocessorMain - INFO - 
------------------------------
2025-07-20 22:48:54 - DataPreprocessorMain - INFO - 📌 ダイアログ 222/250 を処理中
2025-07-20 22:48:54 - DataPreprocessorMain - INFO - ------------------------------
2025-07-20 22:48:54 - DataPreprocessorMain - INFO - ダイアログキー: hobby_level2_dial16
2025-07-20 22:48:54 - DataPreprocessorMain - INFO - ターン数: 3
2025-07-20 22:48:54 - DataPreprocessorMain - INFO - 🔄 ターン 1 を処理中...
2025-07-20 22:48:54 - DataPreprocessorMain - INFO -   元のクエリ: How was Umineko When They Cry developed?
2025-07-20 22:48:54 - DataPreprocessorMain - INFO -   書き換えクエリ: How was Umineko When They Cry developed ?
2025-07-20 22:48:54 - DataPreprocessorMain - INFO - 🔄 ターン 2 を処理中...
2025-07-20 22:48:55 - DataPreprocessorMain - INFO -   元のクエリ: You told me that Ryukishi07 wrote Umineko no Naku Koro ni, but I already know that. I want to know how he came up with and wrote this visual novel.
2025-07-20 22:48:55 - DataPreprocessorMain - INFO -   書き換えクエリ: Ryukishi07 came up with and wrote the Umineko no Naku Koro ni visual novel .
2025-07-20 22:48:55 - DataPreprocessorMain - INFO - 🔄 ターン 3 を処理中...
2025-07-20 22:48:55 - DataPreprocessorMain - INFO -   元のクエリ: How many novels did he write?
2025-07-20 22:48:55 - DataPreprocessorMain - INFO -   書き換えクエリ: How many novels did Ryukishi07 write ?
2025-07-20 22:48:55 - DataPreprocessorMain - INFO - ✅ ダイアログ 222 の処理が完了しました
2025-07-20 22:48:55 - DataPreprocessorMain - INFO - 
------------------------------
2025-07-20 22:48:55 - DataPreprocessorMain - INFO - 📌 ダイアログ 223/250 を処理中
2025-07-20 22:48:55 - DataPreprocessorMain - INFO - ------------------------------
2025-07-20 22:48:55 - DataPreprocessorMain - INFO - ダイアログキー: food_level2_dial31
2025-07-20 22:48:55 - DataPreprocessorMain - INFO - ターン数: 6
2025-07-20 22:48:55 - DataPreprocessorMain - INFO - 🔄 ターン 1 を処理中...
2025-07-20 22:48:56 - DataPreprocessorMain - INFO -   元のクエリ: Why is Korosten not part of the Korosten Raion?
2025-07-20 22:48:56 - DataPreprocessorMain - INFO -   書き換えクエリ: Why is Korosten not part of the Korosten Raion ?
2025-07-20 22:48:56 - DataPreprocessorMain - INFO - 🔄 ターン 2 を処理中...
2025-07-20 22:48:56 - DataPreprocessorMain - INFO -   元のクエリ: When was Korosten founded?
2025-07-20 22:48:56 - DataPreprocessorMain - INFO -   書き換えクエリ: When was Korosten founded ?
2025-07-20 22:48:56 - DataPreprocessorMain - INFO - 🔄 ターン 3 を処理中...
2025-07-20 22:48:56 - DataPreprocessorMain - INFO -   元のクエリ: Were there any conflicts that occurred in Korosten?
2025-07-20 22:48:56 - DataPreprocessorMain - INFO -   書き換えクエリ: Were there any conflicts that occurred in Korosten ?
2025-07-20 22:48:56 - DataPreprocessorMain - INFO - 🔄 ターン 4 を処理中...
2025-07-20 22:48:57 - DataPreprocessorMain - INFO -   元のクエリ: Tell me about how Korosten was involved in World War II.
2025-07-20 22:48:57 - DataPreprocessorMain - INFO -   書き換えクエリ: Tell me about how Korosten was involved in World War II.
2025-07-20 22:48:57 - DataPreprocessorMain - INFO - 🔄 ターン 5 を処理中...
2025-07-20 22:48:57 - DataPreprocessorMain - INFO -   元のクエリ: Can you tell me about the 1240 Mongol Invasion of Rus?
2025-07-20 22:48:57 - DataPreprocessorMain - INFO -   書き換えクエリ: Can you tell me about the 1240 Mongol Invasion of Rus in Korosten ?
2025-07-20 22:48:57 - DataPreprocessorMain - INFO - 🔄 ターン 6 を処理中...
2025-07-20 22:48:58 - DataPreprocessorMain - INFO -   元のクエリ: I am interested in the invasion background.
2025-07-20 22:48:58 - DataPreprocessorMain - INFO -   書き換えクエリ: I am interested in the 1240 Mongol Invasion of Rus .
2025-07-20 22:48:58 - DataPreprocessorMain - INFO - ✅ ダイアログ 223 の処理が完了しました
2025-07-20 22:48:58 - DataPreprocessorMain - INFO - 
------------------------------
2025-07-20 22:48:58 - DataPreprocessorMain - INFO - 📌 ダイアログ 224/250 を処理中
2025-07-20 22:48:58 - DataPreprocessorMain - INFO - ------------------------------
2025-07-20 22:48:58 - DataPreprocessorMain - INFO - ダイアログキー: top25_dial65
2025-07-20 22:48:58 - DataPreprocessorMain - INFO - ターン数: 6
2025-07-20 22:48:58 - DataPreprocessorMain - INFO - 🔄 ターン 1 を処理中...
2025-07-20 22:48:58 - DataPreprocessorMain - INFO -   元のクエリ: How many languages have been influenced by the Greek alphabet?
2025-07-20 22:48:58 - DataPreprocessorMain - INFO -   書き換えクエリ: How many languages have been influenced by the Greek alphabet ?
2025-07-20 22:48:58 - DataPreprocessorMain - INFO - 🔄 ターン 2 を処理中...
2025-07-20 22:48:59 - DataPreprocessorMain - INFO -   元のクエリ: How many European languages use a derivation of the Greek alphabet?
2025-07-20 22:48:59 - DataPreprocessorMain - INFO -   書き換えクエリ: How many European languages use a derivation of the Greek alphabet ?
2025-07-20 22:48:59 - DataPreprocessorMain - INFO - 🔄 ターン 3 を処理中...
2025-07-20 22:48:59 - DataPreprocessorMain - INFO -   元のクエリ: How did the Greek alphabet start getting used in sororities and fraternities?
2025-07-20 22:48:59 - DataPreprocessorMain - INFO -   書き換えクエリ: How did the Greek alphabet start getting used in sororities and fraternities ?
2025-07-20 22:48:59 - DataPreprocessorMain - INFO - 🔄 ターン 4 を処理中...
2025-07-20 22:48:59 - DataPreprocessorMain - INFO -   元のクエリ: I wonder what the very first sorority was in the US.
2025-07-20 22:48:59 - DataPreprocessorMain - INFO -   書き換えクエリ: I wonder what the very first sorority was in the US ?
2025-07-20 22:48:59 - DataPreprocessorMain - INFO - 🔄 ターン 5 を処理中...
2025-07-20 22:49:00 - DataPreprocessorMain - INFO -   元のクエリ: How is the Greek alphabet used in astrology?
2025-07-20 22:49:00 - DataPreprocessorMain - INFO -   書き換えクエリ: How is the Greek alphabet used in astrology ?
2025-07-20 22:49:00 - DataPreprocessorMain - INFO - 🔄 ターン 6 を処理中...
2025-07-20 22:49:00 - DataPreprocessorMain - INFO -   元のクエリ: Any famous greet astrologers you can tell me off?
2025-07-20 22:49:00 - DataPreprocessorMain - INFO -   書き換えクエリ: Any famous greet astrologers you can tell me off ?
2025-07-20 22:49:00 - DataPreprocessorMain - INFO - ✅ ダイアログ 224 の処理が完了しました
2025-07-20 22:49:00 - DataPreprocessorMain - INFO - 
------------------------------
2025-07-20 22:49:00 - DataPreprocessorMain - INFO - 📌 ダイアログ 225/250 を処理中
2025-07-20 22:49:00 - DataPreprocessorMain - INFO - ------------------------------
2025-07-20 22:49:00 - DataPreprocessorMain - INFO - ダイアログキー: food_level3_dial24
2025-07-20 22:49:00 - DataPreprocessorMain - INFO - ターン数: 6
2025-07-20 22:49:00 - DataPreprocessorMain - INFO - 🔄 ターン 1 を処理中...
2025-07-20 22:49:01 - DataPreprocessorMain - INFO -   元のクエリ: How did Kraft Foods Inc get its start?
2025-07-20 22:49:01 - DataPreprocessorMain - INFO -   書き換えクエリ: How did Kraft Foods Inc get its start ?
2025-07-20 22:49:01 - DataPreprocessorMain - INFO - 🔄 ターン 2 を処理中...
2025-07-20 22:49:01 - DataPreprocessorMain - INFO -   元のクエリ: Is Kraft Foods Inc. still active as of 2022?
2025-07-20 22:49:01 - DataPreprocessorMain - INFO -   書き換えクエリ: Is Kraft Foods Inc. still active as of 2022 ?
2025-07-20 22:49:01 - DataPreprocessorMain - INFO - 🔄 ターン 3 を処理中...
2025-07-20 22:49:02 - DataPreprocessorMain - INFO -   元のクエリ: What are some controversies that Kraft Foods Inc. faced?
2025-07-20 22:49:02 - DataPreprocessorMain - INFO -   書き換えクエリ: What are some controversies that Kraft Foods Inc. faced ?
2025-07-20 22:49:02 - DataPreprocessorMain - INFO - 🔄 ターン 4 を処理中...
2025-07-20 22:49:02 - DataPreprocessorMain - INFO -   元のクエリ: What kind of donations to political campaigns did Kraft make that generated controversy?
2025-07-20 22:49:02 - DataPreprocessorMain - INFO -   書き換えクエリ: What kind of donations to political campaigns did Kraft make that generated controversy ?
2025-07-20 22:49:02 - DataPreprocessorMain - INFO - 🔄 ターン 5 を処理中...
2025-07-20 22:49:03 - DataPreprocessorMain - INFO -   元のクエリ: Why did Kraft Foods Inc. choose to split?
2025-07-20 22:49:03 - DataPreprocessorMain - INFO -   書き換えクエリ: Why did Kraft Foods Inc. choose to split ?
2025-07-20 22:49:03 - DataPreprocessorMain - INFO - 🔄 ターン 6 を処理中...
2025-07-20 22:49:03 - DataPreprocessorMain - INFO -   元のクエリ: What were the two entities it was split into?
2025-07-20 22:49:03 - DataPreprocessorMain - INFO -   書き換えクエリ: What were the two entities Kraft Foods Inc was split into ?
2025-07-20 22:49:03 - DataPreprocessorMain - INFO - ✅ ダイアログ 225 の処理が完了しました
2025-07-20 22:49:03 - DataPreprocessorMain - INFO - 
------------------------------
2025-07-20 22:49:03 - DataPreprocessorMain - INFO - 📌 ダイアログ 226/250 を処理中
2025-07-20 22:49:03 - DataPreprocessorMain - INFO - ------------------------------
2025-07-20 22:49:03 - DataPreprocessorMain - INFO - ダイアログキー: hobby_level2_dial17
2025-07-20 22:49:03 - DataPreprocessorMain - INFO - ターン数: 6
2025-07-20 22:49:03 - DataPreprocessorMain - INFO - 🔄 ターン 1 を処理中...
2025-07-20 22:49:03 - DataPreprocessorMain - INFO -   元のクエリ: Who governs completive swimming the U.S?
2025-07-20 22:49:03 - DataPreprocessorMain - INFO -   書き換えクエリ: Who governs completive swimming in the U.S ?
2025-07-20 22:49:03 - DataPreprocessorMain - INFO - 🔄 ターン 2 を処理中...
2025-07-20 22:49:04 - DataPreprocessorMain - INFO -   元のクエリ: Where is the USA Swimming national governing body located?
2025-07-20 22:49:04 - DataPreprocessorMain - INFO -   書き換えクエリ: Where is the USA Swimming national governing body located ?
2025-07-20 22:49:04 - DataPreprocessorMain - INFO - 🔄 ターン 3 を処理中...
2025-07-20 22:49:04 - DataPreprocessorMain - INFO -   元のクエリ: What controversies have been associated with USA Swimming?
2025-07-20 22:49:04 - DataPreprocessorMain - INFO -   書き換えクエリ: What controversies have been associated with USA Swimming ?
2025-07-20 22:49:04 - DataPreprocessorMain - INFO - 🔄 ターン 4 を処理中...
2025-07-20 22:49:05 - DataPreprocessorMain - INFO -   元のクエリ: What was the result of the 2020 suit?
2025-07-20 22:49:05 - DataPreprocessorMain - INFO -   書き換えクエリ: What was the result of the 2020 suit against USA Swimming ?
2025-07-20 22:49:05 - DataPreprocessorMain - INFO - 🔄 ターン 5 を処理中...
2025-07-20 22:49:05 - DataPreprocessorMain - INFO -   元のクエリ: Who are some notable people who have been inducted into the International Swimming Hall of Fame?
2025-07-20 22:49:05 - DataPreprocessorMain - INFO -   書き換えクエリ: Who are some notable people who have been inducted into the International Swimming Hall of Fame ?
2025-07-20 22:49:05 - DataPreprocessorMain - INFO - 🔄 ターン 6 を処理中...
2025-07-20 22:49:06 - DataPreprocessorMain - INFO -   元のクエリ: Yes, Tell me please about the swimmer Tom Stock.
2025-07-20 22:49:06 - DataPreprocessorMain - INFO -   書き換えクエリ: Tell me please about the swimmer Tom Stock.
2025-07-20 22:49:06 - DataPreprocessorMain - INFO - ✅ ダイアログ 226 の処理が完了しました
2025-07-20 22:49:06 - DataPreprocessorMain - INFO - 
------------------------------
2025-07-20 22:49:06 - DataPreprocessorMain - INFO - 📌 ダイアログ 227/250 を処理中
2025-07-20 22:49:06 - DataPreprocessorMain - INFO - ------------------------------
2025-07-20 22:49:06 - DataPreprocessorMain - INFO - ダイアログキー: top25_dial20
2025-07-20 22:49:06 - DataPreprocessorMain - INFO - ターン数: 6
2025-07-20 22:49:06 - DataPreprocessorMain - INFO - 🔄 ターン 1 を処理中...
2025-07-20 22:49:06 - DataPreprocessorMain - INFO -   元のクエリ: Does Gareth Southgate have any children?
2025-07-20 22:49:06 - DataPreprocessorMain - INFO -   書き換えクエリ: Does Gareth Southgate have any children ?
2025-07-20 22:49:06 - DataPreprocessorMain - INFO - 🔄 ターン 2 を処理中...
2025-07-20 22:49:06 - DataPreprocessorMain - INFO -   元のクエリ: How many football titles has Gareth Southgate won?
2025-07-20 22:49:06 - DataPreprocessorMain - INFO -   書き換えクエリ: How many football titles has Gareth Southgate won ?
2025-07-20 22:49:06 - DataPreprocessorMain - INFO - 🔄 ターン 3 を処理中...
2025-07-20 22:49:07 - DataPreprocessorMain - INFO -   元のクエリ: How many titles did he win as the manager of the English national team since 2016?
2025-07-20 22:49:07 - DataPreprocessorMain - INFO -   書き換えクエリ: How many titles did Gareth Southgate win as the manager of the English national team since 2016 ?
2025-07-20 22:49:07 - DataPreprocessorMain - INFO - 🔄 ターン 4 を処理中...
2025-07-20 22:49:07 - DataPreprocessorMain - INFO -   元のクエリ: What honours has Gareth Southgate received?
2025-07-20 22:49:07 - DataPreprocessorMain - INFO -   書き換えクエリ: What honors has Gareth Southgate received as a footballer ?
2025-07-20 22:49:07 - DataPreprocessorMain - INFO - 🔄 ターン 5 を処理中...
2025-07-20 22:49:08 - DataPreprocessorMain - INFO -   元のクエリ: I am interested in his honours as a player.
2025-07-20 22:49:08 - DataPreprocessorMain - INFO -   書き換えクエリ: I am interested in Gareth Southgate 's honours as a player.
2025-07-20 22:49:08 - DataPreprocessorMain - INFO - 🔄 ターン 6 を処理中...
2025-07-20 22:49:08 - DataPreprocessorMain - INFO -   元のクエリ: I see. What about his accolades as a manager then?
2025-07-20 22:49:08 - DataPreprocessorMain - INFO -   書き換えクエリ: What about Gareth Southgate 's accolades as a manager then ?
2025-07-20 22:49:08 - DataPreprocessorMain - INFO - ✅ ダイアログ 227 の処理が完了しました
2025-07-20 22:49:08 - DataPreprocessorMain - INFO - 
------------------------------
2025-07-20 22:49:08 - DataPreprocessorMain - INFO - 📌 ダイアログ 228/250 を処理中
2025-07-20 22:49:08 - DataPreprocessorMain - INFO - ------------------------------
2025-07-20 22:49:08 - DataPreprocessorMain - INFO - ダイアログキー: top25_dial42
2025-07-20 22:49:08 - DataPreprocessorMain - INFO - ターン数: 6
2025-07-20 22:49:08 - DataPreprocessorMain - INFO - 🔄 ターン 1 を処理中...
2025-07-20 22:49:09 - DataPreprocessorMain - INFO -   元のクエリ: Are Virgin Megastores still active as of 2022?
2025-07-20 22:49:09 - DataPreprocessorMain - INFO -   書き換えクエリ: Are Virgin Megastores still active as of 2022 ?
2025-07-20 22:49:09 - DataPreprocessorMain - INFO - 🔄 ターン 2 を処理中...
2025-07-20 22:49:09 - DataPreprocessorMain - INFO -   元のクエリ: When did Virgin Megastores close down in the United States?
2025-07-20 22:49:09 - DataPreprocessorMain - INFO -   書き換えクエリ: When did Virgin Megastores close down in the United States ?
2025-07-20 22:49:09 - DataPreprocessorMain - INFO - 🔄 ターン 3 を処理中...
2025-07-20 22:49:10 - DataPreprocessorMain - INFO -   元のクエリ: What are some failed business ventures that Richard Branson experienced?
2025-07-20 22:49:10 - DataPreprocessorMain - INFO -   書き換えクエリ: What are some failed business ventures that Richard Branson experienced ?
2025-07-20 22:49:10 - DataPreprocessorMain - INFO - 🔄 ターン 4 を処理中...
2025-07-20 22:49:10 - DataPreprocessorMain - INFO -   元のクエリ: Why did Virgin Cola fail?
2025-07-20 22:49:10 - DataPreprocessorMain - INFO -   書き換えクエリ: Why did Virgin Cola fail ?
2025-07-20 22:49:10 - DataPreprocessorMain - INFO - 🔄 ターン 5 を処理中...
2025-07-20 22:49:10 - DataPreprocessorMain - INFO -   元のクエリ: What caused Virgin Cars to fail?
2025-07-20 22:49:10 - DataPreprocessorMain - INFO -   書き換えクエリ: What caused Virgin Cars to fail ?
2025-07-20 22:49:10 - DataPreprocessorMain - INFO - 🔄 ターン 6 を処理中...
2025-07-20 22:49:10 - DataPreprocessorMain - INFO -   元のクエリ: What country bought the most Virgin cars?
2025-07-20 22:49:10 - DataPreprocessorMain - INFO -   書き換えクエリ: What country bought the most Virgin cars ?
2025-07-20 22:49:10 - DataPreprocessorMain - INFO - ✅ ダイアログ 228 の処理が完了しました
2025-07-20 22:49:10 - DataPreprocessorMain - INFO - 
------------------------------
2025-07-20 22:49:10 - DataPreprocessorMain - INFO - 📌 ダイアログ 229/250 を処理中
2025-07-20 22:49:10 - DataPreprocessorMain - INFO - ------------------------------
2025-07-20 22:49:10 - DataPreprocessorMain - INFO - ダイアログキー: top25_dial21
2025-07-20 22:49:10 - DataPreprocessorMain - INFO - ターン数: 7
2025-07-20 22:49:10 - DataPreprocessorMain - INFO - 🔄 ターン 1 を処理中...
2025-07-20 22:49:11 - DataPreprocessorMain - INFO -   元のクエリ: Did Robert Michael Nesmith leave behind any children when he died?
2025-07-20 22:49:11 - DataPreprocessorMain - INFO -   書き換えクエリ: Did Robert Michael Nesmith leave behind any children when he died ?
2025-07-20 22:49:11 - DataPreprocessorMain - INFO - 🔄 ターン 2 を処理中...
2025-07-20 22:49:11 - DataPreprocessorMain - INFO -   元のクエリ: What a tragedy! What was he best known for?
2025-07-20 22:49:11 - DataPreprocessorMain - INFO -   書き換えクエリ: What was Robert Michael Nesmith best known for ?
2025-07-20 22:49:11 - DataPreprocessorMain - INFO - 🔄 ターン 3 を処理中...
2025-07-20 22:49:12 - DataPreprocessorMain - INFO -   元のクエリ: What were some of Robert Nesmith's hit songs?
2025-07-20 22:49:12 - DataPreprocessorMain - INFO -   書き換えクエリ: What were some of Robert Nesmith 's hit songs ?
2025-07-20 22:49:12 - DataPreprocessorMain - INFO - 🔄 ターン 4 を処理中...
2025-07-20 22:49:12 - DataPreprocessorMain - INFO -   元のクエリ: What songs has he written?
2025-07-20 22:49:12 - DataPreprocessorMain - INFO -   書き換えクエリ: What songs has Robert Michael Nesmith written ?
2025-07-20 22:49:12 - DataPreprocessorMain - INFO - 🔄 ターン 5 を処理中...
2025-07-20 22:49:12 - DataPreprocessorMain - INFO -   元のクエリ: I'm interested in songs he wrote for The Monkees.
2025-07-20 22:49:12 - DataPreprocessorMain - INFO -   書き換えクエリ: I'm interested in songs Robert Nesmith wrote for The Monkees.
2025-07-20 22:49:12 - DataPreprocessorMain - INFO - 🔄 ターン 6 を処理中...
2025-07-20 22:49:13 - DataPreprocessorMain - INFO -   元のクエリ: Nesmith ever win any writing awards?
2025-07-20 22:49:13 - DataPreprocessorMain - INFO -   書き換えクエリ: Did Robert Michael Nesmith ever win any writing awards ?
2025-07-20 22:49:13 - DataPreprocessorMain - INFO - 🔄 ターン 7 を処理中...
2025-07-20 22:49:13 - DataPreprocessorMain - INFO -   元のクエリ: I mean Nesmith's awards from being a novelist.
2025-07-20 22:49:13 - DataPreprocessorMain - INFO -   書き換えクエリ: I mean Nesmith's awards from being a novelist .
2025-07-20 22:49:13 - DataPreprocessorMain - INFO - ✅ ダイアログ 229 の処理が完了しました
2025-07-20 22:49:13 - DataPreprocessorMain - INFO - 
------------------------------
2025-07-20 22:49:13 - DataPreprocessorMain - INFO - 📌 ダイアログ 230/250 を処理中
2025-07-20 22:49:13 - DataPreprocessorMain - INFO - ------------------------------
2025-07-20 22:49:13 - DataPreprocessorMain - INFO - ダイアログキー: top25_dial66
2025-07-20 22:49:13 - DataPreprocessorMain - INFO - ターン数: 2
2025-07-20 22:49:13 - DataPreprocessorMain - INFO - 🔄 ターン 1 を処理中...
2025-07-20 22:49:13 - DataPreprocessorMain - INFO -   元のクエリ: Does Darkseid have super powers?
2025-07-20 22:49:13 - DataPreprocessorMain - INFO -   書き換えクエリ: Does Darkseid have super powers ?
2025-07-20 22:49:13 - DataPreprocessorMain - INFO - 🔄 ターン 2 を処理中...
2025-07-20 22:49:14 - DataPreprocessorMain - INFO -   元のクエリ: Which video games has Darkseid been featured in?
2025-07-20 22:49:14 - DataPreprocessorMain - INFO -   書き換えクエリ: Which video games has Darkseid been featured in ?
2025-07-20 22:49:14 - DataPreprocessorMain - INFO - ✅ ダイアログ 230 の処理が完了しました
2025-07-20 22:49:14 - DataPreprocessorMain - INFO - 
------------------------------
2025-07-20 22:49:14 - DataPreprocessorMain - INFO - 📌 ダイアログ 231/250 を処理中
2025-07-20 22:49:14 - DataPreprocessorMain - INFO - ------------------------------
2025-07-20 22:49:14 - DataPreprocessorMain - INFO - ダイアログキー: hobby_level2_dial18
2025-07-20 22:49:14 - DataPreprocessorMain - INFO - ターン数: 6
2025-07-20 22:49:14 - DataPreprocessorMain - INFO - 🔄 ターン 1 を処理中...
2025-07-20 22:49:14 - DataPreprocessorMain - INFO -   元のクエリ: What was the first zine?
2025-07-20 22:49:14 - DataPreprocessorMain - INFO -   書き換えクエリ: What was the first zine ?
2025-07-20 22:49:14 - DataPreprocessorMain - INFO - 🔄 ターン 2 を処理中...
2025-07-20 22:49:14 - DataPreprocessorMain - INFO -   元のクエリ: How are zines prominent in the music scene?
2025-07-20 22:49:14 - DataPreprocessorMain - INFO -   書き換えクエリ: How are zines prominent in the music scene ?
2025-07-20 22:49:14 - DataPreprocessorMain - INFO - 🔄 ターン 3 を処理中...
2025-07-20 22:49:15 - DataPreprocessorMain - INFO -   元のクエリ: Lets explore the music genre rock and roll that zine's is in!
2025-07-20 22:49:15 - DataPreprocessorMain - INFO -   書き換えクエリ: Lets explore the music genre rock and roll that zine's is in!
2025-07-20 22:49:15 - DataPreprocessorMain - INFO - 🔄 ターン 4 を処理中...
2025-07-20 22:49:15 - DataPreprocessorMain - INFO -   元のクエリ: Yes, I'd like to know more about rock zines.
2025-07-20 22:49:15 - DataPreprocessorMain - INFO -   書き換えクエリ: Yes, I'd like to know more about rock zines .
2025-07-20 22:49:15 - DataPreprocessorMain - INFO - 🔄 ターン 5 を処理中...
2025-07-20 22:49:16 - DataPreprocessorMain - INFO -   元のクエリ: When was the last time Bruce Springsteen even released an album?
2025-07-20 22:49:16 - DataPreprocessorMain - INFO -   書き換えクエリ: When was the last time Bruce Springsteen even released an album ?
2025-07-20 22:49:16 - DataPreprocessorMain - INFO - 🔄 ターン 6 を処理中...
2025-07-20 22:49:16 - DataPreprocessorMain - INFO -   元のクエリ: How many albums was sold in 2020 for the album called E Street Band-featuring Letter to You ?
2025-07-20 22:49:16 - DataPreprocessorMain - INFO -   書き換えクエリ: How many albums was sold in 2020 for the album called E Street Band-featuring Letter to You ?
2025-07-20 22:49:16 - DataPreprocessorMain - INFO - ✅ ダイアログ 231 の処理が完了しました
2025-07-20 22:49:16 - DataPreprocessorMain - INFO - 
------------------------------
2025-07-20 22:49:16 - DataPreprocessorMain - INFO - 📌 ダイアログ 232/250 を処理中
2025-07-20 22:49:16 - DataPreprocessorMain - INFO - ------------------------------
2025-07-20 22:49:16 - DataPreprocessorMain - INFO - ダイアログキー: food_level2_dial33
2025-07-20 22:49:16 - DataPreprocessorMain - INFO - ターン数: 6
2025-07-20 22:49:16 - DataPreprocessorMain - INFO - 🔄 ターン 1 を処理中...
2025-07-20 22:49:17 - DataPreprocessorMain - INFO -   元のクエリ: What festival is the mooncake traditionally eaten?
2025-07-20 22:49:17 - DataPreprocessorMain - INFO -   書き換えクエリ: What festival is the mooncake traditionally eaten ?
2025-07-20 22:49:17 - DataPreprocessorMain - INFO - 🔄 ターン 2 を処理中...
2025-07-20 22:49:17 - DataPreprocessorMain - INFO -   元のクエリ: When was the mooncake invented?
2025-07-20 22:49:17 - DataPreprocessorMain - INFO -   書き換えクエリ: When was the mooncake invented ?
2025-07-20 22:49:17 - DataPreprocessorMain - INFO - 🔄 ターン 3 を処理中...
2025-07-20 22:49:17 - DataPreprocessorMain - INFO -   元のクエリ: What are the key ingredients of the mooncake?
2025-07-20 22:49:17 - DataPreprocessorMain - INFO -   書き換えクエリ: What are the key ingredients of the mooncake ?
2025-07-20 22:49:17 - DataPreprocessorMain - INFO - 🔄 ターン 4 を処理中...
2025-07-20 22:49:18 - DataPreprocessorMain - INFO -   元のクエリ: What else is lotus seed paste used in?
2025-07-20 22:49:18 - DataPreprocessorMain - INFO -   書き換えクエリ: What else is lotus seed paste used in besides the mooncake ?
2025-07-20 22:49:18 - DataPreprocessorMain - INFO - 🔄 ターン 5 を処理中...
2025-07-20 22:49:18 - DataPreprocessorMain - INFO -   元のクエリ: Does the mooncake have any significance anywhere outside of China?
2025-07-20 22:49:18 - DataPreprocessorMain - INFO -   書き換えクエリ: Does the mooncake have any significance anywhere outside of China ?
2025-07-20 22:49:18 - DataPreprocessorMain - INFO - 🔄 ターン 6 を処理中...
2025-07-20 22:49:19 - DataPreprocessorMain - INFO -   元のクエリ: Yes, I would like to know about mooncake in Malaysia.
2025-07-20 22:49:19 - DataPreprocessorMain - INFO -   書き換えクエリ: I would like to know about mooncake in Malaysia.
2025-07-20 22:49:19 - DataPreprocessorMain - INFO - ✅ ダイアログ 232 の処理が完了しました
2025-07-20 22:49:19 - DataPreprocessorMain - INFO - 
------------------------------
2025-07-20 22:49:19 - DataPreprocessorMain - INFO - 📌 ダイアログ 233/250 を処理中
2025-07-20 22:49:19 - DataPreprocessorMain - INFO - ------------------------------
2025-07-20 22:49:19 - DataPreprocessorMain - INFO - ダイアログキー: top25_dial43
2025-07-20 22:49:19 - DataPreprocessorMain - INFO - ターン数: 6
2025-07-20 22:49:19 - DataPreprocessorMain - INFO - 🔄 ターン 1 を処理中...
2025-07-20 22:49:19 - DataPreprocessorMain - INFO -   元のクエリ: What charity work is Val Kilmer known as participating in?
2025-07-20 22:49:19 - DataPreprocessorMain - INFO -   書き換えクエリ: What charity work is Val Kilmer known for participating in ?
2025-07-20 22:49:19 - DataPreprocessorMain - INFO - 🔄 ターン 2 を処理中...
2025-07-20 22:49:19 - DataPreprocessorMain - INFO -   元のクエリ: How many awards has Val Kilmer won for acting?
2025-07-20 22:49:19 - DataPreprocessorMain - INFO -   書き換えクエリ: How many awards has Val Kilmer won for acting ?
2025-07-20 22:49:19 - DataPreprocessorMain - INFO - 🔄 ターン 3 を処理中...
2025-07-20 22:49:20 - DataPreprocessorMain - INFO -   元のクエリ: Has Val Kilmer appeared in any music videos?
2025-07-20 22:49:20 - DataPreprocessorMain - INFO -   書き換えクエリ: Has Val Kilmer appeared in any music videos ?
2025-07-20 22:49:20 - DataPreprocessorMain - INFO - 🔄 ターン 4 を処理中...
2025-07-20 22:49:20 - DataPreprocessorMain - INFO -   元のクエリ: What health issues has Val Kilmer had?
2025-07-20 22:49:20 - DataPreprocessorMain - INFO -   書き換えクエリ: What health issues has Val Kilmer had ?
2025-07-20 22:49:20 - DataPreprocessorMain - INFO - 🔄 ターン 5 を処理中...
2025-07-20 22:49:20 - DataPreprocessorMain - INFO -   元のクエリ: What is Val Kilmer's association with video games?
2025-07-20 22:49:20 - DataPreprocessorMain - INFO -   書き換えクエリ: What is Val Kilmer's association with video games ?
2025-07-20 22:49:20 - DataPreprocessorMain - INFO - 🔄 ターン 6 を処理中...
2025-07-20 22:49:21 - DataPreprocessorMain - INFO -   元のクエリ: Who created the XIII series comic book?
2025-07-20 22:49:21 - DataPreprocessorMain - INFO -   書き換えクエリ: Who created the XIII series comic book
2025-07-20 22:49:21 - DataPreprocessorMain - INFO - ✅ ダイアログ 233 の処理が完了しました
2025-07-20 22:49:21 - DataPreprocessorMain - INFO - 
------------------------------
2025-07-20 22:49:21 - DataPreprocessorMain - INFO - 📌 ダイアログ 234/250 を処理中
2025-07-20 22:49:21 - DataPreprocessorMain - INFO - ------------------------------
2025-07-20 22:49:21 - DataPreprocessorMain - INFO - ダイアログキー: food_level3_dial25
2025-07-20 22:49:21 - DataPreprocessorMain - INFO - ターン数: 6
2025-07-20 22:49:21 - DataPreprocessorMain - INFO - 🔄 ターン 1 を処理中...
2025-07-20 22:49:21 - DataPreprocessorMain - INFO -   元のクエリ: What is the name of the company that PepsiCo acquired on 202p and which is the largest?
2025-07-20 22:49:21 - DataPreprocessorMain - INFO -   書き換えクエリ: What is the name of the company that PepsiCo acquired on 202p and which is the largest ?
2025-07-20 22:49:21 - DataPreprocessorMain - INFO - 🔄 ターン 2 を処理中...
2025-07-20 22:49:22 - DataPreprocessorMain - INFO -   元のクエリ: Who is the major competition of PepsiCo?
2025-07-20 22:49:22 - DataPreprocessorMain - INFO -   書き換えクエリ: Who is the major competition of PepsiCo ?
2025-07-20 22:49:22 - DataPreprocessorMain - INFO - 🔄 ターン 3 を処理中...
2025-07-20 22:49:22 - DataPreprocessorMain - INFO -   元のクエリ: What type of foods does PepsiCo sell so that can compete with Kraft foods?
2025-07-20 22:49:22 - DataPreprocessorMain - INFO -   書き換えクエリ: What type of foods does PepsiCo sell so that can compete with Kraft foods ?
2025-07-20 22:49:22 - DataPreprocessorMain - INFO - 🔄 ターン 4 を処理中...
2025-07-20 22:49:23 - DataPreprocessorMain - INFO -   元のクエリ: Which company is larger Kraft or PepsiCo?
2025-07-20 22:49:23 - DataPreprocessorMain - INFO -   書き換えクエリ: Which company is larger Kraft or PepsiCo ?
2025-07-20 22:49:23 - DataPreprocessorMain - INFO - 🔄 ターン 5 を処理中...
2025-07-20 22:49:23 - DataPreprocessorMain - INFO -   元のクエリ: Is PepsiCo or Coca-Cola the more successful company?
2025-07-20 22:49:23 - DataPreprocessorMain - INFO -   書き換えクエリ: Is PepsiCo or Coca-Cola the more successful company ?
2025-07-20 22:49:23 - DataPreprocessorMain - INFO - 🔄 ターン 6 を処理中...
2025-07-20 22:49:23 - DataPreprocessorMain - INFO -   元のクエリ: Where is the PepsiCo headquarters located?
2025-07-20 22:49:23 - DataPreprocessorMain - INFO -   書き換えクエリ: Where is the PepsiCo headquarters located ?
2025-07-20 22:49:23 - DataPreprocessorMain - INFO - ✅ ダイアログ 234 の処理が完了しました
2025-07-20 22:49:23 - DataPreprocessorMain - INFO - 
------------------------------
2025-07-20 22:49:23 - DataPreprocessorMain - INFO - 📌 ダイアログ 235/250 を処理中
2025-07-20 22:49:23 - DataPreprocessorMain - INFO - ------------------------------
2025-07-20 22:49:23 - DataPreprocessorMain - INFO - ダイアログキー: hobby_level2_dial8
2025-07-20 22:49:23 - DataPreprocessorMain - INFO - ターン数: 6
2025-07-20 22:49:23 - DataPreprocessorMain - INFO - 🔄 ターン 1 を処理中...
2025-07-20 22:49:24 - DataPreprocessorMain - INFO -   元のクエリ: What type of protective gear is typically worn during a paintball competition?
2025-07-20 22:49:24 - DataPreprocessorMain - INFO -   書き換えクエリ: What type of protective gear is typically worn during a paintball competition ?
2025-07-20 22:49:24 - DataPreprocessorMain - INFO - 🔄 ターン 2 を処理中...
2025-07-20 22:49:24 - DataPreprocessorMain - INFO -   元のクエリ: Just most players? Are there any official rules requiring any protective gear in official matches?
2025-07-20 22:49:24 - DataPreprocessorMain - INFO -   書き換えクエリ: Are there any official rules requiring any protective gear in official paintball matches ?
2025-07-20 22:49:24 - DataPreprocessorMain - INFO - 🔄 ターン 3 を処理中...
2025-07-20 22:49:25 - DataPreprocessorMain - INFO -   元のクエリ: What is a barrel blocking equipment used in paintball competitions?
2025-07-20 22:49:25 - DataPreprocessorMain - INFO -   書き換えクエリ: What is a barrel blocking equipment used in paintball competitions ?
2025-07-20 22:49:25 - DataPreprocessorMain - INFO - 🔄 ターン 4 を処理中...
2025-07-20 22:49:25 - DataPreprocessorMain - INFO -   元のクエリ: Are there any other examples of barrel blocking equipment besides squeegees?
2025-07-20 22:49:25 - DataPreprocessorMain - INFO -   書き換えクエリ: Are there any other examples of barrel blocking equipment besides squeegees in paintball competitions ?
2025-07-20 22:49:25 - DataPreprocessorMain - INFO - 🔄 ターン 5 を処理中...
2025-07-20 22:49:26 - DataPreprocessorMain - INFO -   元のクエリ: Why would the barrel blocking equipment be necessary?
2025-07-20 22:49:26 - DataPreprocessorMain - INFO -   書き換えクエリ: Why would the barrel blocking equipment be necessary in paintball competitions ?
2025-07-20 22:49:26 - DataPreprocessorMain - INFO - 🔄 ターン 6 を処理中...
2025-07-20 22:49:26 - DataPreprocessorMain - INFO -   元のクエリ: I see. So who came up with the idea of paintball in the first place?
2025-07-20 22:49:26 - DataPreprocessorMain - INFO -   書き換えクエリ: So who came up with the idea of paintball in the first place ?
2025-07-20 22:49:26 - DataPreprocessorMain - INFO - ✅ ダイアログ 235 の処理が完了しました
2025-07-20 22:49:26 - DataPreprocessorMain - INFO - 
------------------------------
2025-07-20 22:49:26 - DataPreprocessorMain - INFO - 📌 ダイアログ 236/250 を処理中
2025-07-20 22:49:26 - DataPreprocessorMain - INFO - ------------------------------
2025-07-20 22:49:26 - DataPreprocessorMain - INFO - ダイアログキー: top25_dial22
2025-07-20 22:49:26 - DataPreprocessorMain - INFO - ターン数: 6
2025-07-20 22:49:26 - DataPreprocessorMain - INFO - 🔄 ターン 1 を処理中...
2025-07-20 22:49:26 - DataPreprocessorMain - INFO -   元のクエリ: What was the cause of death for Malcolm X?
2025-07-20 22:49:26 - DataPreprocessorMain - INFO -   書き換えクエリ: What was the cause of death for Malcolm X ?
2025-07-20 22:49:26 - DataPreprocessorMain - INFO - 🔄 ターン 2 を処理中...
2025-07-20 22:49:27 - DataPreprocessorMain - INFO -   元のクエリ: What was the method used in Malcom X's assassination?
2025-07-20 22:49:27 - DataPreprocessorMain - INFO -   書き換えクエリ: What was the method used in Malcom X 's assassination ?
2025-07-20 22:49:27 - DataPreprocessorMain - INFO - 🔄 ターン 3 を処理中...
2025-07-20 22:49:27 - DataPreprocessorMain - INFO -   元のクエリ: What were the global reactions to Malcolm X's assassination?
2025-07-20 22:49:27 - DataPreprocessorMain - INFO -   書き換えクエリ: What were the global reactions to Malcolm X's assassination ?
2025-07-20 22:49:27 - DataPreprocessorMain - INFO - 🔄 ターン 4 を処理中...
2025-07-20 22:49:28 - DataPreprocessorMain - INFO -   元のクエリ: What is Malcolm X's legacy?
2025-07-20 22:49:28 - DataPreprocessorMain - INFO -   書き換えクエリ: What is Malcolm X 's legacy ?
2025-07-20 22:49:28 - DataPreprocessorMain - INFO - 🔄 ターン 5 を処理中...
2025-07-20 22:49:28 - DataPreprocessorMain - INFO -   元のクエリ: What was Malcolm X's political affiliation?
2025-07-20 22:49:28 - DataPreprocessorMain - INFO -   書き換えクエリ: What was Malcolm X political affiliation ?
2025-07-20 22:49:28 - DataPreprocessorMain - INFO - 🔄 ターン 6 を処理中...
2025-07-20 22:49:29 - DataPreprocessorMain - INFO -   元のクエリ: What's the Hajj? I've never heard of that.
2025-07-20 22:49:29 - DataPreprocessorMain - INFO -   書き換えクエリ: What's the Hajj that Malcolm X completed ?
2025-07-20 22:49:29 - DataPreprocessorMain - INFO - ✅ ダイアログ 236 の処理が完了しました
2025-07-20 22:49:29 - DataPreprocessorMain - INFO - 
------------------------------
2025-07-20 22:49:29 - DataPreprocessorMain - INFO - 📌 ダイアログ 237/250 を処理中
2025-07-20 22:49:29 - DataPreprocessorMain - INFO - ------------------------------
2025-07-20 22:49:29 - DataPreprocessorMain - INFO - ダイアログキー: top25_dial44
2025-07-20 22:49:29 - DataPreprocessorMain - INFO - ターン数: 5
2025-07-20 22:49:29 - DataPreprocessorMain - INFO - 🔄 ターン 1 を処理中...
2025-07-20 22:49:29 - DataPreprocessorMain - INFO -   元のクエリ: What ranking did Kang get from IGN as a supervillain?
2025-07-20 22:49:29 - DataPreprocessorMain - INFO -   書き換えクエリ: What ranking did Kang get from IGN as a supervillain ?
2025-07-20 22:49:29 - DataPreprocessorMain - INFO - 🔄 ターン 2 を処理中...
2025-07-20 22:49:29 - DataPreprocessorMain - INFO -   元のクエリ: I see! Has he been in any of the Marvel movies yet?
2025-07-20 22:49:29 - DataPreprocessorMain - INFO -   書き換えクエリ: Has Kang been in any of the Marvel movies yet ?
2025-07-20 22:49:29 - DataPreprocessorMain - INFO - 🔄 ターン 3 を処理中...
2025-07-20 22:49:30 - DataPreprocessorMain - INFO -   元のクエリ: What are the video games that Kang has appeared in?
2025-07-20 22:49:30 - DataPreprocessorMain - INFO -   書き換えクエリ: What are the video games that Kang has appeared in ?
2025-07-20 22:49:30 - DataPreprocessorMain - INFO - 🔄 ターン 4 を処理中...
2025-07-20 22:49:30 - DataPreprocessorMain - INFO -   元のクエリ: Even if he has not made an appearance, has Kang been referenced in any other video games or media?
2025-07-20 22:49:30 - DataPreprocessorMain - INFO -   書き換えクエリ: Besides Lego Marvel Super heroes 2, has Kang been referenced in any other video games or media ?
2025-07-20 22:49:30 - DataPreprocessorMain - INFO - 🔄 ターン 5 を処理中...
2025-07-20 22:49:31 - DataPreprocessorMain - INFO -   元のクエリ: Were there any games associated with Kang?
2025-07-20 22:49:31 - DataPreprocessorMain - INFO -   書き換えクエリ: Were there any games associated with Kang ?
2025-07-20 22:49:31 - DataPreprocessorMain - INFO - ✅ ダイアログ 237 の処理が完了しました
2025-07-20 22:49:31 - DataPreprocessorMain - INFO - 
------------------------------
2025-07-20 22:49:31 - DataPreprocessorMain - INFO - 📌 ダイアログ 238/250 を処理中
2025-07-20 22:49:31 - DataPreprocessorMain - INFO - ------------------------------
2025-07-20 22:49:31 - DataPreprocessorMain - INFO - ダイアログキー: food_level2_dial34
2025-07-20 22:49:31 - DataPreprocessorMain - INFO - ターン数: 6
2025-07-20 22:49:31 - DataPreprocessorMain - INFO - 🔄 ターン 1 を処理中...
2025-07-20 22:49:31 - DataPreprocessorMain - INFO -   元のクエリ: The dog food market is expected to reach in terms of dollar value in 2022?
2025-07-20 22:49:31 - DataPreprocessorMain - INFO -   書き換えクエリ: The dog food market is expected to reach in terms of dollar value in 2022 ?
2025-07-20 22:49:31 - DataPreprocessorMain - INFO - 🔄 ターン 2 を処理中...
2025-07-20 22:49:32 - DataPreprocessorMain - INFO -   元のクエリ: That's really high! Do dogs have anything that makes them need different food than cats?
2025-07-20 22:49:32 - DataPreprocessorMain - INFO -   書き換えクエリ: Do dogs have anything that makes them need different food than cats ?
2025-07-20 22:49:32 - DataPreprocessorMain - INFO - 🔄 ターン 3 を処理中...
2025-07-20 22:49:32 - DataPreprocessorMain - INFO -   元のクエリ: Is it possible for dogs to be fed a vegetarian diet?
2025-07-20 22:49:32 - DataPreprocessorMain - INFO -   書き換えクエリ: Is it possible for dogs to be fed a vegetarian diet ?
2025-07-20 22:49:32 - DataPreprocessorMain - INFO - 🔄 ターン 4 を処理中...
2025-07-20 22:49:33 - DataPreprocessorMain - INFO -   元のクエリ: What are the benefits of feeding a dog a raw diet?
2025-07-20 22:49:33 - DataPreprocessorMain - INFO -   書き換えクエリ: What are the benefits of feeding a dog a raw diet ?
2025-07-20 22:49:33 - DataPreprocessorMain - INFO - 🔄 ターン 5 を処理中...
2025-07-20 22:49:33 - DataPreprocessorMain - INFO -   元のクエリ: What are the concerns of feeding a dog a raw diet ?
2025-07-20 22:49:33 - DataPreprocessorMain - INFO -   書き換えクエリ: What are the concerns of feeding a dog a raw diet ?
2025-07-20 22:49:33 - DataPreprocessorMain - INFO - 🔄 ターン 6 を処理中...
2025-07-20 22:49:34 - DataPreprocessorMain - INFO -   元のクエリ: How are dog foods for seniors different from normal dog food?
2025-07-20 22:49:34 - DataPreprocessorMain - INFO -   書き換えクエリ: How are dog foods for seniors different from normal dog food ?
2025-07-20 22:49:34 - DataPreprocessorMain - INFO - ✅ ダイアログ 238 の処理が完了しました
2025-07-20 22:49:34 - DataPreprocessorMain - INFO - 
------------------------------
2025-07-20 22:49:34 - DataPreprocessorMain - INFO - 📌 ダイアログ 239/250 を処理中
2025-07-20 22:49:34 - DataPreprocessorMain - INFO - ------------------------------
2025-07-20 22:49:34 - DataPreprocessorMain - INFO - ダイアログキー: hobby_level2_dial19
2025-07-20 22:49:34 - DataPreprocessorMain - INFO - ターン数: 6
2025-07-20 22:49:34 - DataPreprocessorMain - INFO - 🔄 ターン 1 を処理中...
2025-07-20 22:49:34 - DataPreprocessorMain - INFO -   元のクエリ: How did John Herbert Gleason get started in acting?
2025-07-20 22:49:34 - DataPreprocessorMain - INFO -   書き換えクエリ: How did John Herbert Gleason get started in acting ?
2025-07-20 22:49:34 - DataPreprocessorMain - INFO - 🔄 ターン 2 を処理中...
2025-07-20 22:49:34 - DataPreprocessorMain - INFO -   元のクエリ: I see. Could you tell me about a popular show of his?
2025-07-20 22:49:34 - DataPreprocessorMain - INFO -   書き換えクエリ: Could you tell me about a popular show of John Herbert Gleason ?
2025-07-20 22:49:34 - DataPreprocessorMain - INFO - 🔄 ターン 3 を処理中...
2025-07-20 22:49:35 - DataPreprocessorMain - INFO -   元のクエリ: What kind of legacy did John Gleason leave behind?
2025-07-20 22:49:35 - DataPreprocessorMain - INFO -   書き換えクエリ: What kind of legacy did John Gleason leave behind ?
2025-07-20 22:49:35 - DataPreprocessorMain - INFO - 🔄 ターン 4 を処理中...
2025-07-20 22:49:35 - DataPreprocessorMain - INFO -   元のクエリ: When was Gleason inducted into the hall of fame?
2025-07-20 22:49:35 - DataPreprocessorMain - INFO -   書き換えクエリ: When was John Herbert Gleason inducted into the hall of fame ?
2025-07-20 22:49:35 - DataPreprocessorMain - INFO - 🔄 ターン 5 を処理中...
2025-07-20 22:49:36 - DataPreprocessorMain - INFO -   元のクエリ: How was Gleason's life in later years?
2025-07-20 22:49:36 - DataPreprocessorMain - INFO -   書き換えクエリ: How was John Herbert Gleason's life in later years ?
2025-07-20 22:49:36 - DataPreprocessorMain - INFO - 🔄 ターン 6 を処理中...
2025-07-20 22:49:36 - DataPreprocessorMain - INFO -   元のクエリ: What was his cause of death?
2025-07-20 22:49:36 - DataPreprocessorMain - INFO -   書き換えクエリ: What was John Herbert Gleason cause of death ?
2025-07-20 22:49:36 - DataPreprocessorMain - INFO - ✅ ダイアログ 239 の処理が完了しました
2025-07-20 22:49:36 - DataPreprocessorMain - INFO - 
------------------------------
2025-07-20 22:49:36 - DataPreprocessorMain - INFO - 📌 ダイアログ 240/250 を処理中
2025-07-20 22:49:36 - DataPreprocessorMain - INFO - ------------------------------
2025-07-20 22:49:36 - DataPreprocessorMain - INFO - ダイアログキー: top25_dial67
2025-07-20 22:49:36 - DataPreprocessorMain - INFO - ターン数: 6
2025-07-20 22:49:36 - DataPreprocessorMain - INFO - 🔄 ターン 1 を処理中...
2025-07-20 22:49:36 - DataPreprocessorMain - INFO -   元のクエリ: Who ranks above Wilder as a heavyweight?
2025-07-20 22:49:36 - DataPreprocessorMain - INFO -   書き換えクエリ: Who ranks above Wilder as a heavyweight ?
2025-07-20 22:49:36 - DataPreprocessorMain - INFO - 🔄 ターン 2 を処理中...
2025-07-20 22:49:37 - DataPreprocessorMain - INFO -   元のクエリ: Are there other organizations that have ranked Wilder?
2025-07-20 22:49:37 - DataPreprocessorMain - INFO -   書き換えクエリ: Other than ESPN , are there other organizations that have ranked Wilder as a heavyweight ?
2025-07-20 22:49:37 - DataPreprocessorMain - INFO - 🔄 ターン 3 を処理中...
2025-07-20 22:49:37 - DataPreprocessorMain - INFO -   元のクエリ: Was Wilder ever rank number 1 by Ring Magazine?
2025-07-20 22:49:37 - DataPreprocessorMain - INFO -   書き換えクエリ: Was Wilder ever rank number 1 by Ring Magazine ?
2025-07-20 22:49:37 - DataPreprocessorMain - INFO - 🔄 ターン 4 を処理中...
2025-07-20 22:49:38 - DataPreprocessorMain - INFO -   元のクエリ: What has Wilder done in his post title career?
2025-07-20 22:49:38 - DataPreprocessorMain - INFO -   書き換えクエリ: What has Deontay Wilder done in his post title career ?
2025-07-20 22:49:38 - DataPreprocessorMain - INFO - 🔄 ターン 5 を処理中...
2025-07-20 22:49:38 - DataPreprocessorMain - INFO -   元のクエリ: Has Deontay Wilder set any notable records?
2025-07-20 22:49:38 - DataPreprocessorMain - INFO -   書き換えクエリ: Has Deontay Wilder set any notable records ?
2025-07-20 22:49:38 - DataPreprocessorMain - INFO - 🔄 ターン 6 を処理中...
2025-07-20 22:49:39 - DataPreprocessorMain - INFO -   元のクエリ: Who did Deontay Wilder loss too?
2025-07-20 22:49:39 - DataPreprocessorMain - INFO -   書き換えクエリ: Who did Deontay Wilder lose too ?
2025-07-20 22:49:39 - DataPreprocessorMain - INFO - ✅ ダイアログ 240 の処理が完了しました
2025-07-20 22:49:39 - DataPreprocessorMain - INFO - 
------------------------------
2025-07-20 22:49:39 - DataPreprocessorMain - INFO - 📌 ダイアログ 241/250 を処理中
2025-07-20 22:49:39 - DataPreprocessorMain - INFO - ------------------------------
2025-07-20 22:49:39 - DataPreprocessorMain - INFO - ダイアログキー: top25_dial45
2025-07-20 22:49:39 - DataPreprocessorMain - INFO - ターン数: 6
2025-07-20 22:49:39 - DataPreprocessorMain - INFO - 🔄 ターン 1 を処理中...
2025-07-20 22:49:39 - DataPreprocessorMain - INFO -   元のクエリ: What was required between the two top candidates in the general election in Peru in 2011?
2025-07-20 22:49:39 - DataPreprocessorMain - INFO -   書き換えクエリ: What was required between the two top candidates in the general election in Peru in 2011 ?
2025-07-20 22:49:39 - DataPreprocessorMain - INFO - 🔄 ターン 2 を処理中...
2025-07-20 22:49:40 - DataPreprocessorMain - INFO -   元のクエリ: Why was a run-off required in Peru's 2021 general election?
2025-07-20 22:49:40 - DataPreprocessorMain - INFO -   書き換えクエリ: Why was a run-off required in Peru's 2021 general election ?
2025-07-20 22:49:40 - DataPreprocessorMain - INFO - 🔄 ターン 3 を処理中...
2025-07-20 22:49:40 - DataPreprocessorMain - INFO -   元のクエリ: Who won the presidential election in Peru on April 11th 2021?
2025-07-20 22:49:40 - DataPreprocessorMain - INFO -   書き換えクエリ: Who won the presidential election in Peru on April 11th 2021 ?
2025-07-20 22:49:40 - DataPreprocessorMain - INFO - 🔄 ターン 4 を処理中...
2025-07-20 22:49:40 - DataPreprocessorMain - INFO -   元のクエリ: What happened to Keiko Fujimori after his defeat?
2025-07-20 22:49:40 - DataPreprocessorMain - INFO -   書き換えクエリ: What happened to Keiko Fujimori after his defeat in the presidential election of 2021 in Peru ?
2025-07-20 22:49:40 - DataPreprocessorMain - INFO - 🔄 ターン 5 を処理中...
2025-07-20 22:49:41 - DataPreprocessorMain - INFO -   元のクエリ: I would like to know about her traveling around Peru.
2025-07-20 22:49:41 - DataPreprocessorMain - INFO -   書き換えクエリ: I would like to know about Keiko Fujimori traveling around Peru .
2025-07-20 22:49:41 - DataPreprocessorMain - INFO - 🔄 ターン 6 を処理中...
2025-07-20 22:49:41 - DataPreprocessorMain - INFO -   元のクエリ: I see. And what about her working to help her father out?
2025-07-20 22:49:41 - DataPreprocessorMain - INFO -   書き換えクエリ: What about Keiko Fujimori working to help her father out ?
2025-07-20 22:49:41 - DataPreprocessorMain - INFO - ✅ ダイアログ 241 の処理が完了しました
2025-07-20 22:49:41 - DataPreprocessorMain - INFO - 
------------------------------
2025-07-20 22:49:41 - DataPreprocessorMain - INFO - 📌 ダイアログ 242/250 を処理中
2025-07-20 22:49:41 - DataPreprocessorMain - INFO - ------------------------------
2025-07-20 22:49:41 - DataPreprocessorMain - INFO - ダイアログキー: food_level2_dial35
2025-07-20 22:49:41 - DataPreprocessorMain - INFO - ターン数: 6
2025-07-20 22:49:41 - DataPreprocessorMain - INFO - 🔄 ターン 1 を処理中...
2025-07-20 22:49:42 - DataPreprocessorMain - INFO -   元のクエリ: Does thale cress have a medicinal properties?
2025-07-20 22:49:42 - DataPreprocessorMain - INFO -   書き換えクエリ: Does thale cress have medicinal properties ?
2025-07-20 22:49:42 - DataPreprocessorMain - INFO - 🔄 ターン 2 を処理中...
2025-07-20 22:49:42 - DataPreprocessorMain - INFO -   元のクエリ: Do humans make anything from the arabidopsis flowering plant?
2025-07-20 22:49:42 - DataPreprocessorMain - INFO -   書き換えクエリ: Do humans make anything from the Arabidopsis flowering plant ?
2025-07-20 22:49:42 - DataPreprocessorMain - INFO - 🔄 ターン 3 を処理中...
2025-07-20 22:49:43 - DataPreprocessorMain - INFO -   元のクエリ: What kind of climate can arabidopsis thaliana typically be found in?
2025-07-20 22:49:43 - DataPreprocessorMain - INFO -   書き換えクエリ: What kind of climate can arabidopsis thaliana typically be found in ?
2025-07-20 22:49:43 - DataPreprocessorMain - INFO - 🔄 ターン 4 を処理中...
2025-07-20 22:49:43 - DataPreprocessorMain - INFO -   元のクエリ: Has thale cress been found or brought to anywhere else other than those locations?
2025-07-20 22:49:43 - DataPreprocessorMain - INFO -   書き換えクエリ: Has thale cress been found or brought to anywhere else other than Europe, Asia, and Africa ?
2025-07-20 22:49:43 - DataPreprocessorMain - INFO - 🔄 ターン 5 を処理中...
2025-07-20 22:49:44 - DataPreprocessorMain - INFO -   元のクエリ: What kind of habitat does arabidopsis thaliana live in?
2025-07-20 22:49:44 - DataPreprocessorMain - INFO -   書き換えクエリ: What kind of habitat does arabidopsis thaliana live in ?
2025-07-20 22:49:44 - DataPreprocessorMain - INFO - 🔄 ターン 6 を処理中...
2025-07-20 22:49:44 - DataPreprocessorMain - INFO -   元のクエリ: What feature does the arabidopsis thaliana have that make them adopt to different climate conditions?
2025-07-20 22:49:44 - DataPreprocessorMain - INFO -   書き換えクエリ: What feature does the arabidopsis thaliana have that make them adopt to different climate conditions ?
2025-07-20 22:49:44 - DataPreprocessorMain - INFO - ✅ ダイアログ 242 の処理が完了しました
2025-07-20 22:49:44 - DataPreprocessorMain - INFO - 
------------------------------
2025-07-20 22:49:44 - DataPreprocessorMain - INFO - 📌 ダイアログ 243/250 を処理中
2025-07-20 22:49:44 - DataPreprocessorMain - INFO - ------------------------------
2025-07-20 22:49:44 - DataPreprocessorMain - INFO - ダイアログキー: top25_dial68
2025-07-20 22:49:44 - DataPreprocessorMain - INFO - ターン数: 6
2025-07-20 22:49:44 - DataPreprocessorMain - INFO - 🔄 ターン 1 を処理中...
2025-07-20 22:49:44 - DataPreprocessorMain - INFO -   元のクエリ: How did McConnell get into politics?
2025-07-20 22:49:44 - DataPreprocessorMain - INFO -   書き換えクエリ: How did McConnell get into politics ?
2025-07-20 22:49:44 - DataPreprocessorMain - INFO - 🔄 ターン 2 を処理中...
2025-07-20 22:49:45 - DataPreprocessorMain - INFO -   元のクエリ: How did Addison Mitchell McConnell III get into politics?
2025-07-20 22:49:45 - DataPreprocessorMain - INFO -   書き換えクエリ: How did Addison Mitchell McConnell III get into politics ?
2025-07-20 22:49:45 - DataPreprocessorMain - INFO - 🔄 ターン 3 を処理中...
2025-07-20 22:49:45 - DataPreprocessorMain - INFO -   元のクエリ: What was Addison Mitchell McConnell III's relationship with the Obama administration like?
2025-07-20 22:49:45 - DataPreprocessorMain - INFO -   書き換えクエリ: What was Addison Mitchell McConnell III 's relationship with the Obama administration like ?
2025-07-20 22:49:45 - DataPreprocessorMain - INFO - 🔄 ターン 4 を処理中...
2025-07-20 22:49:46 - DataPreprocessorMain - INFO -   元のクエリ: How has McConnell been featured in popular culture?
2025-07-20 22:49:46 - DataPreprocessorMain - INFO -   書き換えクエリ: How has McConnell been featured in popular culture ?
2025-07-20 22:49:46 - DataPreprocessorMain - INFO - 🔄 ターン 5 を処理中...
2025-07-20 22:49:46 - DataPreprocessorMain - INFO -   元のクエリ: Where did McConnell go to law school?
2025-07-20 22:49:46 - DataPreprocessorMain - INFO -   書き換えクエリ: Where did McConnell go to law school ?
2025-07-20 22:49:46 - DataPreprocessorMain - INFO - 🔄 ターン 6 を処理中...
2025-07-20 22:49:46 - DataPreprocessorMain - INFO -   元のクエリ: What type law practice does McConnell practice?
2025-07-20 22:49:46 - DataPreprocessorMain - INFO -   書き換えクエリ: What type law practice does McConnell practice ?
2025-07-20 22:49:46 - DataPreprocessorMain - INFO - ✅ ダイアログ 243 の処理が完了しました
2025-07-20 22:49:46 - DataPreprocessorMain - INFO - 
------------------------------
2025-07-20 22:49:46 - DataPreprocessorMain - INFO - 📌 ダイアログ 244/250 を処理中
2025-07-20 22:49:46 - DataPreprocessorMain - INFO - ------------------------------
2025-07-20 22:49:46 - DataPreprocessorMain - INFO - ダイアログキー: top25_dial7
2025-07-20 22:49:46 - DataPreprocessorMain - INFO - ターン数: 6
2025-07-20 22:49:46 - DataPreprocessorMain - INFO - 🔄 ターン 1 を処理中...
2025-07-20 22:49:47 - DataPreprocessorMain - INFO -   元のクエリ: What type of superpowers did Monica Rambeau have?
2025-07-20 22:49:47 - DataPreprocessorMain - INFO -   書き換えクエリ: What type of superpowers did Monica Rambeau have ?
2025-07-20 22:49:47 - DataPreprocessorMain - INFO - 🔄 ターン 2 を処理中...
2025-07-20 22:49:47 - DataPreprocessorMain - INFO -   元のクエリ: What makes her immortal?
2025-07-20 22:49:47 - DataPreprocessorMain - INFO -   書き換えクエリ: What makes Monica Rambeau immortal ?
2025-07-20 22:49:47 - DataPreprocessorMain - INFO - 🔄 ターン 3 を処理中...
2025-07-20 22:49:47 - DataPreprocessorMain - INFO -   元のクエリ: How does Monica Rambeau use her invisibility power?
2025-07-20 22:49:47 - DataPreprocessorMain - INFO -   書き換えクエリ: How does Monica Rambeau use her invisibility power ?
2025-07-20 22:49:47 - DataPreprocessorMain - INFO - 🔄 ターン 4 を処理中...
2025-07-20 22:49:48 - DataPreprocessorMain - INFO -   元のクエリ: What is the advantage of X-ray form, other than invisibility?
2025-07-20 22:49:48 - DataPreprocessorMain - INFO -   書き換えクエリ: What is the advantage of X-ray form, other than invisibility ?
2025-07-20 22:49:48 - DataPreprocessorMain - INFO - 🔄 ターン 5 を処理中...
2025-07-20 22:49:48 - DataPreprocessorMain - INFO -   元のクエリ: Did Monica Rambeau face any enemies?
2025-07-20 22:49:48 - DataPreprocessorMain - INFO -   書き換えクエリ: Did Monica Rambeau face any enemies ?
2025-07-20 22:49:48 - DataPreprocessorMain - INFO - 🔄 ターン 6 を処理中...
2025-07-20 22:49:49 - DataPreprocessorMain - INFO -   元のクエリ: So what was the first comic she was in?
2025-07-20 22:49:49 - DataPreprocessorMain - INFO -   書き換えクエリ: So what was the first comic Monica Rambeau was in ?
2025-07-20 22:49:49 - DataPreprocessorMain - INFO - ✅ ダイアログ 244 の処理が完了しました
2025-07-20 22:49:49 - DataPreprocessorMain - INFO - 
------------------------------
2025-07-20 22:49:49 - DataPreprocessorMain - INFO - 📌 ダイアログ 245/250 を処理中
2025-07-20 22:49:49 - DataPreprocessorMain - INFO - ------------------------------
2025-07-20 22:49:49 - DataPreprocessorMain - INFO - ダイアログキー: top25_dial70
2025-07-20 22:49:49 - DataPreprocessorMain - INFO - ターン数: 4
2025-07-20 22:49:49 - DataPreprocessorMain - INFO - 🔄 ターン 1 を処理中...
2025-07-20 22:49:49 - DataPreprocessorMain - INFO -   元のクエリ: Did Money Heist win a Golden Globe award?
2025-07-20 22:49:49 - DataPreprocessorMain - INFO -   書き換えクエリ: Did Money Heist win a Golden Globe award ?
2025-07-20 22:49:49 - DataPreprocessorMain - INFO - 🔄 ターン 2 を処理中...
2025-07-20 22:49:49 - DataPreprocessorMain - INFO -   元のクエリ: What awards did Money Heist win?
2025-07-20 22:49:49 - DataPreprocessorMain - INFO -   書き換えクエリ: What awards did Money Heist win ?
2025-07-20 22:49:49 - DataPreprocessorMain - INFO - 🔄 ターン 3 を処理中...
2025-07-20 22:49:50 - DataPreprocessorMain - INFO -   元のクエリ: What year did Money Heist win an international Emmy for Best Drama series?
2025-07-20 22:49:50 - DataPreprocessorMain - INFO -   書き換えクエリ: What year did Money Heist win an international Emmy for Best Drama series ?
2025-07-20 22:49:50 - DataPreprocessorMain - INFO - 🔄 ターン 4 を処理中...
2025-07-20 22:49:50 - DataPreprocessorMain - INFO -   元のクエリ: How much did Money Heist gross?
2025-07-20 22:49:50 - DataPreprocessorMain - INFO -   書き換えクエリ: How much did Money Heist gross ?
2025-07-20 22:49:50 - DataPreprocessorMain - INFO - ✅ ダイアログ 245 の処理が完了しました
2025-07-20 22:49:50 - DataPreprocessorMain - INFO - 
------------------------------
2025-07-20 22:49:50 - DataPreprocessorMain - INFO - 📌 ダイアログ 246/250 を処理中
2025-07-20 22:49:50 - DataPreprocessorMain - INFO - ------------------------------
2025-07-20 22:49:50 - DataPreprocessorMain - INFO - ダイアログキー: top25_dial8
2025-07-20 22:49:50 - DataPreprocessorMain - INFO - ターン数: 6
2025-07-20 22:49:50 - DataPreprocessorMain - INFO - 🔄 ターン 1 を処理中...
2025-07-20 22:49:50 - DataPreprocessorMain - INFO -   元のクエリ: Is Buddhism still currently the dominant religion in Myanmar?
2025-07-20 22:49:50 - DataPreprocessorMain - INFO -   書き換えクエリ: Is Buddhism still currently the dominant religion in Myanmar ?
2025-07-20 22:49:50 - DataPreprocessorMain - INFO - 🔄 ターン 2 を処理中...
2025-07-20 22:49:51 - DataPreprocessorMain - INFO -   元のクエリ: What foods are culturally important in Myanmar's cuisine?
2025-07-20 22:49:51 - DataPreprocessorMain - INFO -   書き換えクエリ: What foods are culturally important in Myanmar's cuisine ?
2025-07-20 22:49:51 - DataPreprocessorMain - INFO - 🔄 ターン 3 を処理中...
2025-07-20 22:49:51 - DataPreprocessorMain - INFO -   元のクエリ: What is the ingredients of a Burmese salads?
2025-07-20 22:49:51 - DataPreprocessorMain - INFO -   書き換えクエリ: What are the ingredients of a Burmese salad ?
2025-07-20 22:49:51 - DataPreprocessorMain - INFO - 🔄 ターン 4 を処理中...
2025-07-20 22:49:51 - DataPreprocessorMain - INFO -   元のクエリ: What are Myanmar's military strengths?
2025-07-20 22:49:51 - DataPreprocessorMain - INFO -   書き換えクエリ: What are Myanmar's military strengths ?
2025-07-20 22:49:51 - DataPreprocessorMain - INFO - 🔄 ターン 5 を処理中...
2025-07-20 22:49:52 - DataPreprocessorMain - INFO -   元のクエリ: What is the tourism industry like in Myanmar?
2025-07-20 22:49:52 - DataPreprocessorMain - INFO -   書き換えクエリ: What is the tourism industry like in Myanmar ?
2025-07-20 22:49:52 - DataPreprocessorMain - INFO - 🔄 ターン 6 を処理中...
2025-07-20 22:49:52 - DataPreprocessorMain - INFO -   元のクエリ: I am interested in religious sites.
2025-07-20 22:49:52 - DataPreprocessorMain - INFO -   書き換えクエリ: I am interested in religious sites in Myanmar .
2025-07-20 22:49:52 - DataPreprocessorMain - INFO - ✅ ダイアログ 246 の処理が完了しました
2025-07-20 22:49:52 - DataPreprocessorMain - INFO - 
------------------------------
2025-07-20 22:49:52 - DataPreprocessorMain - INFO - 📌 ダイアログ 247/250 を処理中
2025-07-20 22:49:52 - DataPreprocessorMain - INFO - ------------------------------
2025-07-20 22:49:52 - DataPreprocessorMain - INFO - ダイアログキー: top25_dial9
2025-07-20 22:49:52 - DataPreprocessorMain - INFO - ターン数: 6
2025-07-20 22:49:52 - DataPreprocessorMain - INFO - 🔄 ターン 1 を処理中...
2025-07-20 22:49:52 - DataPreprocessorMain - INFO -   元のクエリ: What political party is Matthew Louis Gaetz II affiliated with?
2025-07-20 22:49:52 - DataPreprocessorMain - INFO -   書き換えクエリ: What political party is Matthew Louis Gaetz II affiliated with ?
2025-07-20 22:49:52 - DataPreprocessorMain - INFO - 🔄 ターン 2 を処理中...
2025-07-20 22:49:53 - DataPreprocessorMain - INFO -   元のクエリ: Is Gaetz associated with anyone notable?
2025-07-20 22:49:53 - DataPreprocessorMain - INFO -   書き換えクエリ: Is Matthew Louis Gaetz associated with anyone notable ?
2025-07-20 22:49:53 - DataPreprocessorMain - INFO - 🔄 ターン 3 を処理中...
2025-07-20 22:49:53 - DataPreprocessorMain - INFO -   元のクエリ: I'd like to know more about Matthew Gaetz's father.
2025-07-20 22:49:53 - DataPreprocessorMain - INFO -   書き換えクエリ: I'd like to know more about Matthew Gaetz's father.
2025-07-20 22:49:53 - DataPreprocessorMain - INFO - 🔄 ターン 4 を処理中...
2025-07-20 22:49:53 - DataPreprocessorMain - INFO -   元のクエリ: What are the specific accusations against Gaetz regarding sex trafficking?
2025-07-20 22:49:53 - DataPreprocessorMain - INFO -   書き換えクエリ: What are the specific accusations against Matthew Louis Gaetz regarding sex trafficking ?
2025-07-20 22:49:53 - DataPreprocessorMain - INFO - 🔄 ターン 5 を処理中...
2025-07-20 22:49:54 - DataPreprocessorMain - INFO -   元のクエリ: Is Gaetz also involved in the marijuana industry in any way?
2025-07-20 22:49:54 - DataPreprocessorMain - INFO -   書き換えクエリ: Is Matthew Louis Gaetz II also involved in the marijuana industry in any way ?
2025-07-20 22:49:54 - DataPreprocessorMain - INFO - 🔄 ターン 6 を処理中...
2025-07-20 22:49:54 - DataPreprocessorMain - INFO -   元のクエリ: What other drugs are a part of the Controlled Substances Act?
2025-07-20 22:49:54 - DataPreprocessorMain - INFO -   書き換えクエリ: What other drugs are a part of the Controlled Substances Act besides cannabis ?
2025-07-20 22:49:54 - DataPreprocessorMain - INFO - ✅ ダイアログ 247 の処理が完了しました
2025-07-20 22:49:54 - DataPreprocessorMain - INFO - 
------------------------------
2025-07-20 22:49:54 - DataPreprocessorMain - INFO - 📌 ダイアログ 248/250 を処理中
2025-07-20 22:49:54 - DataPreprocessorMain - INFO - ------------------------------
2025-07-20 22:49:54 - DataPreprocessorMain - INFO - ダイアログキー: top25_dial47
2025-07-20 22:49:54 - DataPreprocessorMain - INFO - ターン数: 7
2025-07-20 22:49:54 - DataPreprocessorMain - INFO - 🔄 ターン 1 を処理中...
2025-07-20 22:49:55 - DataPreprocessorMain - INFO -   元のクエリ: Why did Cassius Marcellus Clay change his name to Muhammad Ali?
2025-07-20 22:49:55 - DataPreprocessorMain - INFO -   書き換えクエリ: Why did Cassius Marcellus Clay change his name to Muhammad Ali ?
2025-07-20 22:49:55 - DataPreprocessorMain - INFO - 🔄 ターン 2 を処理中...
2025-07-20 22:49:55 - DataPreprocessorMain - INFO -   元のクエリ: What factors influenced his conversion to become a Muslim?
2025-07-20 22:49:55 - DataPreprocessorMain - INFO -   書き換えクエリ: What factors influenced Cassius Marcellus Clay conversion to become a Muslim ?
2025-07-20 22:49:55 - DataPreprocessorMain - INFO - 🔄 ターン 3 を処理中...
2025-07-20 22:49:56 - DataPreprocessorMain - INFO -   元のクエリ: How was Muhammad Ali commemorated?
2025-07-20 22:49:56 - DataPreprocessorMain - INFO -   書き換えクエリ: How was Muhammad Ali commemorated ?
2025-07-20 22:49:56 - DataPreprocessorMain - INFO - 🔄 ターン 4 を処理中...
2025-07-20 22:49:56 - DataPreprocessorMain - INFO -   元のクエリ: Why did Muhammad Ali's health decline?
2025-07-20 22:49:56 - DataPreprocessorMain - INFO -   書き換えクエリ: Why did Muhammad Ali's health decline following his death on June 3, 2016 ?
2025-07-20 22:49:56 - DataPreprocessorMain - INFO - 🔄 ターン 5 を処理中...
2025-07-20 22:49:56 - DataPreprocessorMain - INFO -   元のクエリ: What was Muhammad Ali's personal life like?
2025-07-20 22:49:56 - DataPreprocessorMain - INFO -   書き換えクエリ: What was Muhammad Ali 's personal life like ?
2025-07-20 22:49:56 - DataPreprocessorMain - INFO - 🔄 ターン 6 を処理中...
2025-07-20 22:49:57 - DataPreprocessorMain - INFO -   元のクエリ: I'd like to know more about his time growing up?
2025-07-20 22:49:57 - DataPreprocessorMain - INFO -   書き換えクエリ: I'd like to know more about Muhammad Ali 's time growing up.
2025-07-20 22:49:57 - DataPreprocessorMain - INFO - 🔄 ターン 7 を処理中...
2025-07-20 22:49:57 - DataPreprocessorMain - INFO -   元のクエリ: Tell me more about his personal life growing up!
2025-07-20 22:49:57 - DataPreprocessorMain - INFO -   書き換えクエリ: Tell me more about Muhammad Ali personal life growing up !
2025-07-20 22:49:57 - DataPreprocessorMain - INFO - ✅ ダイアログ 248 の処理が完了しました
2025-07-20 22:49:57 - DataPreprocessorMain - INFO - 
------------------------------
2025-07-20 22:49:57 - DataPreprocessorMain - INFO - 📌 ダイアログ 249/250 を処理中
2025-07-20 22:49:57 - DataPreprocessorMain - INFO - ------------------------------
2025-07-20 22:49:57 - DataPreprocessorMain - INFO - ダイアログキー: top25_dial48
2025-07-20 22:49:57 - DataPreprocessorMain - INFO - ターン数: 6
2025-07-20 22:49:57 - DataPreprocessorMain - INFO - 🔄 ターン 1 を処理中...
2025-07-20 22:49:58 - DataPreprocessorMain - INFO -   元のクエリ: Why was Queen Elizabeth known as the Queen Mother?
2025-07-20 22:49:58 - DataPreprocessorMain - INFO -   書き換えクエリ: Why was Queen Elizabeth known as the Queen Mother ?
2025-07-20 22:49:58 - DataPreprocessorMain - INFO - 🔄 ターン 2 を処理中...
2025-07-20 22:49:58 - DataPreprocessorMain - INFO -   元のクエリ: How many countries did Elizabeth The Queen Mother visit during her reign?
2025-07-20 22:49:58 - DataPreprocessorMain - INFO -   書き換えクエリ: How many countries did Elizabeth The Queen Mother visit during her reign ?
2025-07-20 22:49:58 - DataPreprocessorMain - INFO - 🔄 ターン 3 を処理中...
2025-07-20 22:49:58 - DataPreprocessorMain - INFO -   元のクエリ: Where did the Queen Mother live when she was alive?
2025-07-20 22:49:58 - DataPreprocessorMain - INFO -   書き換えクエリ: Where did the Queen Mother live when she was alive ?
2025-07-20 22:49:58 - DataPreprocessorMain - INFO - 🔄 ターン 4 を処理中...
2025-07-20 22:49:59 - DataPreprocessorMain - INFO -   元のクエリ: Tell me what you know about her childhood, please!
2025-07-20 22:49:59 - DataPreprocessorMain - INFO -   書き換えクエリ: Tell me what you know about the Queen Mother 's childhood, please!
2025-07-20 22:49:59 - DataPreprocessorMain - INFO - 🔄 ターン 5 を処理中...
2025-07-20 22:49:59 - DataPreprocessorMain - INFO -   元のクエリ: What was her major in college if she went to college?
2025-07-20 22:49:59 - DataPreprocessorMain - INFO -   書き換えクエリ: What was the Queen Mother major in college if she went to college ?
2025-07-20 22:49:59 - DataPreprocessorMain - INFO - 🔄 ターン 6 を処理中...
2025-07-20 22:50:00 - DataPreprocessorMain - INFO -   元のクエリ: What was her test score to receive distinction at age thirteen?
2025-07-20 22:50:00 - DataPreprocessorMain - INFO -   書き換えクエリ: What was Queen Elizabeth 's test score to receive distinction at age thirteen ?
2025-07-20 22:50:00 - DataPreprocessorMain - INFO - ✅ ダイアログ 249 の処理が完了しました
2025-07-20 22:50:00 - DataPreprocessorMain - INFO - 
------------------------------
2025-07-20 22:50:00 - DataPreprocessorMain - INFO - 📌 ダイアログ 250/250 を処理中
2025-07-20 22:50:00 - DataPreprocessorMain - INFO - ------------------------------
2025-07-20 22:50:00 - DataPreprocessorMain - INFO - ダイアログキー: top25_dial49
2025-07-20 22:50:00 - DataPreprocessorMain - INFO - ターン数: 6
2025-07-20 22:50:00 - DataPreprocessorMain - INFO - 🔄 ターン 1 を処理中...
2025-07-20 22:50:00 - DataPreprocessorMain - INFO -   元のクエリ: How did Lana Wachowski get started in the film industry?
2025-07-20 22:50:00 - DataPreprocessorMain - INFO -   書き換えクエリ: How did Lana Wachowski get started in the film industry ?
2025-07-20 22:50:00 - DataPreprocessorMain - INFO - 🔄 ターン 2 を処理中...
2025-07-20 22:50:00 - DataPreprocessorMain - INFO -   元のクエリ: Has the Matrix franchise evolved into video games?
2025-07-20 22:50:00 - DataPreprocessorMain - INFO -   書き換えクエリ: Has the Matrix franchise evolved into video games ?
2025-07-20 22:50:00 - DataPreprocessorMain - INFO - 🔄 ターン 3 を処理中...
2025-07-20 22:50:01 - DataPreprocessorMain - INFO -   元のクエリ: Who were some of the Wachowski's influences?
2025-07-20 22:50:01 - DataPreprocessorMain - INFO -   書き換えクエリ: Who were some of the Wachowski 's influences ?
2025-07-20 22:50:01 - DataPreprocessorMain - INFO - 🔄 ターン 4 を処理中...
2025-07-20 22:50:01 - DataPreprocessorMain - INFO -   元のクエリ: I am interested in their influences by authors.
2025-07-20 22:50:01 - DataPreprocessorMain - INFO -   書き換えクエリ: I am interested in the Wachowski's influences by authors.
2025-07-20 22:50:01 - DataPreprocessorMain - INFO - 🔄 ターン 5 を処理中...
2025-07-20 22:50:01 - DataPreprocessorMain - INFO -   元のクエリ: Is Lana Wachowski married?
2025-07-20 22:50:01 - DataPreprocessorMain - INFO -   書き換えクエリ: Is Lana Wachowski married ?
2025-07-20 22:50:01 - DataPreprocessorMain - INFO - 🔄 ターン 6 を処理中...
2025-07-20 22:50:02 - DataPreprocessorMain - INFO -   元のクエリ: Are there any people the Wachowskis frequently work with?
2025-07-20 22:50:02 - DataPreprocessorMain - INFO -   書き換えクエリ: Are there any people the Wachowskis frequently work with ?
2025-07-20 22:50:02 - DataPreprocessorMain - INFO - ✅ ダイアログ 250 の処理が完了しました
2025-07-20 22:50:02 - DataPreprocessorMain - INFO - ✅ すべてのデータ処理が完了しました
2025-07-20 22:50:02 - DataPreprocessorMain - INFO - ✅ データを保存しました: /mnt/disk6/daiki/Datasets/INSCIT/data/train_resolved.json
2025-07-20 22:50:02 - DataPreprocessorMain - INFO - ✅ 処理されたデータを保存しました: /mnt/disk6/daiki/Datasets/INSCIT/data/train_resolved.json
2025-07-20 22:50:02 - DataPreprocessorMain - INFO - ✅ すべての処理が完了しました！
