label,Clarity,NQC,RoBERTa,SMV,WIG,nSigma,ENet,L1,L2,LogReg
1,1.4734116069077097,0.0492725401078741,0.534055233001709,0.2408208245958736,0.7122520637512213,0.1735010175027345,0.636983337983292,0.6378390920873036,0.6362200852146458,0.6399613923233696
1,1.5934717190808203,0.0617141669194894,0.4651634693145752,0.6344108595669344,1.2060103988647466,0.281604967012066,0.6216951441184759,0.621635184758507,0.6217065107307616,0.6221845344737682
0,2.884003575581148,0.1747198070574956,0.02637079730629921,3.2381835751224823,1.89675401687622,0.6467012623430374,0.5278749132992585,0.5295628969524617,0.5260868255220499,0.5329881159567986
1,1.539841205076857,0.0639805150538521,0.6120675802230835,0.75616763998021,1.2067484092712395,0.2749850250432212,0.6615082398856291,0.6615571843196334,0.66136848563342,0.6621283563265281
0,2.573084101300879,0.2092940485639022,-1.023753046989441,7.134439787455395,2.86376220703125,0.9443542626747254,0.27706020036240364,0.27951796706512383,0.27529289817874597,0.28865262192801966
0,1.2246506438790434,0.0487664851044943,-0.5902501344680786,0.1931354279295173,0.7076760673522958,0.166104712210408,0.317981343460995,0.3184354318652772,0.31795084518075045,0.3199828039813825
1,1.3034127423366548,0.0606875018466613,0.33422455191612244,0.350960492935419,0.8700301170349121,0.2094518121595689,0.5834431527597751,0.5838964446374082,0.5830340921939172,0.5851877586929819
0,1.336237539578162,0.0569598382973275,-0.6310946345329285,0.3770077484527555,0.825737972259521,0.2170851642940954,0.3112793846296978,0.31169518804447144,0.3112725066596886,0.3134361287752039
1,1.6132948120829813,0.0575763305124982,0.7700071334838867,0.5111911194809908,1.075772094726562,0.2527822975113642,0.7007235580593824,0.7009410533587186,0.700411366314297,0.7018605648840854
1,1.3331465950950618,0.0807708559065127,0.8577750325202942,0.3597890548440877,0.8946286964416507,0.1896810625350057,0.7177960556311287,0.7181312121169697,0.7171616452873547,0.7174621365654451
0,1.9145368056651813,0.100476099443274,-0.017527079209685326,1.5083062550895918,1.7869801330566413,0.4342099513901068,0.4890165492931538,0.488260620545061,0.48962318459961757,0.48685355398914637
1,1.2113751055591355,0.0631405880643745,0.4060491621494293,0.3678768768579721,0.8095940017700195,0.1682207516829213,0.599890502910887,0.6004137645435774,0.5993492694305018,0.6009795471730573
0,1.204186706428103,0.0626191700224992,-0.011558888480067253,0.3882398756541609,0.9708940887451172,0.1798702948548761,0.4755420729411874,0.47546983576779306,0.47566350101270133,0.47461158668169945
0,1.3958808518526082,0.0531843799306078,-0.522510290145874,0.2965883054928121,0.7926920509338388,0.192544899144593,0.3361263024190523,0.3365619390133341,0.3360791740104655,0.33799079806755256
0,1.562587826797288,0.0636148959489006,-0.7984673976898193,0.6756942486298683,1.1844442176818848,0.2906230910969283,0.2713701732510118,0.27120696359350216,0.2718710409788108,0.2717298252404455
1,1.3414389728087497,0.052473409529412,0.786243736743927,0.353020290090256,0.8582541084289559,0.1878883418656559,0.702668919082844,0.7031446441509673,0.7021371163749591,0.7043619810379145
0,1.7735161132844317,0.083779489049907,0.5894020795822144,0.6711109706960062,1.0394871330261233,0.2896357563164479,0.6579854084668124,0.6585806089143789,0.6572469056128608,0.6596123345210687
1,1.6176234009599535,0.0926300156615602,0.6185327172279358,1.0689565034991175,1.6345461654663092,0.3269490026745941,0.6591831809742651,0.6582858557230317,0.659639791960227,0.6550907510174692
1,1.4505960634908142,0.0767684102464917,0.29748520255088806,0.4950206227253224,0.9320300292968744,0.2487520408773871,0.575600232023148,0.5761361027976469,0.5750360783495009,0.5772169423835044
1,2.1134504269810024,0.0672919517720578,-0.1514878273010254,0.5878056452574854,1.193706398010255,0.2555616136315131,0.43312066058307086,0.43301333067913833,0.4333054536034368,0.43171230360109014
0,1.452170968986109,0.0570073155455213,0.3107232451438904,0.4686942232847078,0.9328521537780772,0.2420470572235665,0.5796806852765727,0.5802001041471969,0.5792850610789799,0.5823372605242252
0,2.7109694264911437,0.1278088233182145,-0.32568293809890747,2.787275718189999,2.225410041809082,0.5902622000211006,0.40963996723957014,0.40940929658671693,0.40988330267349204,0.4093495413527781
0,2.1868170191375014,0.0885373337637185,-0.7762402296066284,1.6766264449270976,1.845599994659424,0.3737898746763902,0.27123033862782836,0.2704184628856646,0.2721626837749752,0.2678496482706848
1,1.6162138406816091,0.0398158049426721,0.6930336356163025,0.2742979168468514,0.792565937042236,0.1851681387438357,0.6786264796246453,0.6793377749731665,0.6780030983054774,0.6815210768849455
1,1.3599623388751532,0.0826028298875227,-0.06411890685558319,0.4150554961092119,0.8465966987609863,0.227776067692924,0.46825025491499794,0.46882376106726686,0.4677295557707027,0.46946777418691754
0,1.691475632779347,0.0964366056533222,0.4329487383365631,0.9773577872142356,1.3820600509643557,0.3495278578336488,0.6168517213155089,0.6167276582257749,0.6167152116895261,0.6161148965980902
0,2.9854699454772318,0.1460389487426898,-0.8638526201248169,4.351019044819047,3.2387200736999517,0.6953032148174274,0.26387065713598895,0.26240862173334856,0.2652972544736207,0.2585494928451274
0,1.9155161257400188,0.0668175440200735,0.02795807458460331,0.8347022136649774,1.2312383842468255,0.2889121343358525,0.49323550866469534,0.49333930552479827,0.49324328876126333,0.49367894043910376
1,1.8441544160896328,0.0932256007576129,0.04258725792169571,1.7994240061632565,2.051956539154053,0.4742657491010784,0.5087736416514395,0.5075116139332885,0.5098903639099629,0.5059338240118108
0,1.5801378288478896,0.0833666158881482,0.32938987016677856,0.984939387880114,1.2792061042785643,0.3308137085497775,0.5893274200401527,0.5894690661390914,0.589112234572249,0.5902972309413719
1,1.0690731866680256,0.0461579537903154,0.2828071713447571,0.2264572997815081,0.6981641387939453,0.1434818011207845,0.5653418677301678,0.565991073078743,0.5648677039111617,0.5678132761647108
1,1.5455503724734427,0.0719662545460107,-0.5595765709877014,0.5225174260947987,0.9513960456848152,0.2409512228404557,0.328057250446106,0.32835394338806273,0.32803121155118836,0.3289287431985918
1,1.8095362807190885,0.0988181795036293,0.2453625202178955,1.215939226028297,1.5698899459838862,0.3675654478424061,0.5611377368158851,0.5606546368223905,0.5613613673816658,0.5589050944266374
1,1.7178357201697532,0.1066314046452386,0.5331013202667236,1.6541478836845744,2.072179985046387,0.4067121689456284,0.6380626711069532,0.6365091706300371,0.6390597110586514,0.6317353214081518
0,1.5514655741565029,0.0743970108308792,-0.45910507440567017,0.6088022985599101,1.0995960426330569,0.2352565907800382,0.35046689746146614,0.35037282418771154,0.35070931976677533,0.34939627375333143
0,2.4242760652832014,0.1113280667634245,-0.23954710364341736,2.948936497972803,2.2506559562683117,0.4433912116083495,0.41552244960078566,0.4148483321890804,0.4161364606592366,0.41156247922416705
0,4.001918908511692,0.0958320024335264,-0.4941698908805847,1.5296757967692975,1.7425500488281245,0.4372750559958367,0.3375437846872363,0.33765091698540145,0.3375399195800998,0.33562487157907916
1,1.409075338584035,0.0732885126946189,-0.11706075817346573,0.6173055606554821,1.1659899902343749,0.2368938313513388,0.4469312928895253,0.44663077980932747,0.4472399823765849,0.4452378953607754
1,1.343208283537895,0.0645536470558439,-0.016245748847723007,0.4104260486551994,0.9446024322509768,0.2421410594364955,0.48351288973125506,0.48381235014441143,0.4833651302752335,0.4851459373958142
0,2.481466389497228,0.1071040679030364,0.3101159632205963,1.1776135818462774,1.240143947601319,0.3836687343670118,0.5843621379671126,0.5852987161539456,0.583309372694141,0.5864733317168257
0,1.215107172935083,0.0520211653294401,0.4058067202568054,0.2441289917591394,0.7274160194396972,0.1646980374163374,0.6015599208849758,0.6022457820380384,0.6009679778714555,0.6039788898723101
0,3.605158524855139,0.1176319263379575,0.05720837041735649,1.3454213919271731,0.989392108917237,0.3463221626335447,0.501211744655516,0.503490087246584,0.4989792189187711,0.5049663302534577
0,1.4827497916567898,0.0627222204013586,-0.28201478719711304,0.4088290325825749,1.0043260574340815,0.2260611180031229,0.40096473756467993,0.400988905604555,0.4011321074489925,0.4010350083199139
1,1.4081861481209028,0.0639505414925219,-0.475604385137558,0.6573336014067048,1.3048520278930658,0.2866473446167574,0.3505806655598725,0.3499780848444796,0.3513775109486723,0.34939839738458534
0,1.553010293995387,0.0656067208414865,-0.12425879389047623,0.7844330751716861,1.3335140419006353,0.2800773241752509,0.4473520841380978,0.44683997932595126,0.4479415190545347,0.44593615116353624
0,1.5511998546572956,0.0840569530279722,-0.5752567648887634,0.7874901184282291,1.4391600990295417,0.3137455414878889,0.3229867687270769,0.32218286788435413,0.32383780235114396,0.3200783949858668
0,1.741561882893438,0.0888121689948348,0.3288634419441223,0.8194523097587016,1.1570740318298345,0.2862607744275666,0.5827900425021538,0.5830910888251744,0.5823390712956205,0.5828268926340946
1,1.3347045975458052,0.0633914341621211,0.3246181011199951,0.3279112280427088,0.8734606361389166,0.2024571646184412,0.5789006983668343,0.5793006548768611,0.57850592803353,0.5800527912359033
0,2.659464475050357,0.0918420981910488,-0.5899838209152222,1.4506358749215955,1.541013050079345,0.4258279985689051,0.32630292059104465,0.3264865488993668,0.3263641829405417,0.327075955448854
0,1.4125817318223672,0.0503995272321689,0.5595104098320007,0.4813311539140744,1.0226239776611334,0.1734450838727626,0.6377921047275802,0.6378368000796845,0.6376884082932078,0.6373981329867698
0,2.0999576274824863,0.103170067603829,0.4801633358001709,1.9091281624735477,2.09423002243042,0.4885089766925408,0.6334469798579213,0.6324504838769974,0.6341005477941735,0.6305912208165195
0,1.5527631631796706,0.0678237843826752,0.20926952362060547,0.497127745269307,0.914044075012208,0.2125874676177286,0.544482615409654,0.5450095475552057,0.5439983872591511,0.5456188762008303
0,2.0771418852720998,0.0693344211743197,-0.7321493029594421,1.3029730132593,1.629257774353028,0.276849185240257,0.2742858234056154,0.2735116025079404,0.2752248017282088,0.2705577015633103
1,1.7570892697589244,0.100099289334182,-0.3639434278011322,1.8725052219091936,2.1550320816040043,0.3950216472875457,0.3764399753989169,0.37460987634448706,0.37805707914330366,0.3692480880625458
1,1.5049889811582025,0.0486411838130946,0.36374226212501526,0.4107754754606179,0.9351338958740236,0.1850169981967012,0.5858608071217901,0.5861707713709129,0.5856289215274737,0.5868096027128437
1,3.5585741405295264,0.1375701196418752,-0.06327778846025467,2.144565444657752,1.5706740760803215,0.5177554254493322,0.48046500630018124,0.48200384720473877,0.4789195018561162,0.4836583411484244
0,2.221960193994408,0.119421700192738,-0.6567267179489136,1.6135485318028422,1.655998191833496,0.3666911202227794,0.30086027729355147,0.30048202059948886,0.3011794197344777,0.2973423936312764
1,1.6723660018946478,0.0864457921748194,-0.39921051263809204,1.0656090664944913,1.768276157379151,0.3649673044422081,0.36959014087382724,0.3681418937734031,0.37094531143589626,0.36466442733036625
1,1.1962078919141337,0.0608835683743559,0.5991882681846619,0.3833515093702708,0.9229640769958488,0.2189039485054663,0.6581367304688758,0.6584608143219229,0.6577538359196361,0.6596504930865191
1,1.2175047362030442,0.0607435022357412,-0.2410486489534378,0.2736450006476897,0.7656080436706546,0.1743702958418248,0.4126832994502647,0.41315195653762926,0.4124564012691991,0.41406099724269296
1,1.802583594202044,0.0845571745338639,0.04569239914417267,1.8363406175548356,2.212112293243408,0.4285254505341351,0.4992913727952594,0.49734001048690707,0.5010065534291737,0.4932049794196469
1,1.9787656677183123,0.097206183020387,-0.6975945234298706,2.4209661899723365,2.566505947113037,0.4920331482707579,0.2938022417876082,0.29172994620880793,0.29582939275306797,0.2871449282537685
1,1.1406818519054955,0.0523791086545738,0.20561566948890686,0.1736473580793084,0.6147801399230955,0.1473292902308076,0.544247710289436,0.5451557284936973,0.5435361034832444,0.5473691394997646
0,2.452546865166831,0.0940053853806273,0.08471006155014038,1.8719901880713143,1.929398078918456,0.4125299094469409,0.509528230812669,0.5088214053268142,0.510082496909804,0.5062102081588561
0,2.1229619018289747,0.0921061146455543,0.1500472128391266,0.8174300799313841,1.1337961006164543,0.3013727997627198,0.5300029055826362,0.5305390854270745,0.5293874214337684,0.5304235967844025
1,1.7978045338501196,0.0833164181737613,0.6445217728614807,0.7114369881879682,1.3286299896240228,0.2982107032343004,0.6668021941033826,0.6665443739513747,0.6667505296981133,0.6651061055501258
1,2.573861469141109,0.2091983805038829,-0.2057853490114212,10.39533541135651,4.441058368682863,0.7272362186974454,0.4426109998131238,0.44301901735399174,0.4422713805046701,0.43914666928515655
1,3.0983927002285028,0.1977868794950291,-0.6840140223503113,6.7602913564368565,3.478484134674072,0.939097708349474,0.3427485052633127,0.34337679492767115,0.3423889089225943,0.34672473693977024
0,1.5070310809747438,0.0859561962830564,-0.8303695917129517,0.7790847094156973,1.241422672271728,0.3336132725639282,0.2676199422894737,0.26744397027735045,0.2680237242854432,0.2676197165344467
1,1.25355194129077,0.066042351680967,0.18875063955783844,0.2192365513322223,0.6669278621673584,0.16554325391428,0.5389717979142824,0.539817519245102,0.5382110084334656,0.541145227435974
0,1.3102560751379162,0.0526411503474155,-1.0539484024047852,0.2540505493195242,0.6808399772644051,0.178203026531371,0.21355890605286545,0.21399547003591785,0.21357572814073267,0.21543988083817386
0,1.507280692722687,0.0667733184808861,-0.14939478039741516,0.3116301378897362,0.7556241130828858,0.1973670875202271,0.440222999791194,0.4409673047637871,0.4396909583792352,0.44225491293719993
1,1.8826828822068529,0.0841590218249672,-0.20301973819732666,0.814683329116489,1.33802806854248,0.2605576278414702,0.41716806876904755,0.41668909168058055,0.41756586548900076,0.4136450705674005
1,1.5095387953806851,0.0801471898685665,0.6629646420478821,0.7650452315320945,1.3134099960327144,0.3092420636677873,0.6763006616632959,0.6760927216134524,0.6762586581800153,0.6756857898708071
0,2.0769443802491776,0.0900427956777979,0.378408819437027,0.9959835848398744,1.591330013275146,0.3326632573038177,0.5906605044364915,0.5899055136693223,0.5910671584918802,0.5866558330801431
1,1.8068506349922968,0.0580381053882618,-0.09881187975406647,0.874777394195791,1.3206101799011236,0.2594042574521313,0.45066860286026944,0.45034597477322424,0.45113186218784285,0.4494871330336572
0,1.519362963050436,0.057443675001516,0.6941078305244446,0.6338234043196436,1.2167321586608886,0.2814745557594069,0.6835552121558817,0.6834922370964536,0.6835285262649711,0.6842750589172711
1,2.332134112595611,0.1369840922009194,-0.15570160746574402,3.62111699771042,2.814588279724122,0.6727849765815245,0.463410394232217,0.46211816171985304,0.46452626393241186,0.4604064525990889
0,2.482296176133709,0.1134452724084126,-0.14831440150737762,3.1268144270749985,1.955435981750489,0.5591792581163038,0.4684843419211552,0.469470611202927,0.4678095713411177,0.473568217388029
0,2.1815093221936417,0.0814284820488486,-0.3821856379508972,0.7634283878710794,1.1331880760192876,0.2763020788685961,0.37167306351748647,0.37197266863977185,0.3715199530218239,0.3714149017064537
0,1.8900011589934853,0.0647150954044423,-0.10485849529504776,1.116597068666478,1.5670021629333502,0.3186044952982071,0.45169619631179586,0.45096517187438573,0.45249900668154314,0.4495205364535155
0,1.373799747901558,0.05274138907185,0.2614721655845642,0.4835387072603112,1.0282521438598626,0.219895135748909,0.5605048644216539,0.5606019617584879,0.5604951192121238,0.5613731387686245
0,1.6616624517132823,0.0936221100948501,0.1916428804397583,0.9168091154595288,1.4539500617980956,0.3385279005228979,0.5440646523366341,0.5435147175942339,0.5443701827099714,0.54167506672732
0,2.923226390563392,0.2158037180540516,-0.537842869758606,9.002092048904885,4.32509401321411,0.7493248197000208,0.34489836574685107,0.34436952115829167,0.34529161569462624,0.3383129606190906
0,1.640372841491801,0.0935806742584044,-0.5348151922225952,0.927649726138304,1.4257881355285644,0.3210485816712867,0.3342007833827639,0.33360708585845467,0.3348057616590819,0.3315214624129752
0,1.7385099688562538,0.0618936692124593,0.3657323122024536,0.6078046807631722,1.1145499229431155,0.2756366904013261,0.5937339642217274,0.5939751426703194,0.5935212431414129,0.5950887136406896
1,1.7022678589049067,0.1222635016460322,0.26295775175094604,1.614961372670911,1.913474330902099,0.4492996456529471,0.5712343444292824,0.5701540051118,0.571841434416009,0.566954867910436
0,1.4335322562452686,0.0744954187514757,-0.21295860409736633,0.461805968533616,0.8697220993041995,0.2402618281515022,0.4263346620690757,0.426915424067789,0.42594614133126457,0.4282861242131602
1,1.215197533781582,0.0512618759595109,-0.01891006901860237,0.1866369832697357,0.5810385227203371,0.1527403774668537,0.47927468374182997,0.4803224371778241,0.47855104199626536,0.48307871027334975
1,1.6056341817233952,0.0439376123010311,0.37333017587661743,0.5562237592173838,1.0420780563354477,0.263681569136284,0.5981664801763986,0.5985509803695559,0.5979797666674121,0.6012240091047752
0,1.3126704876277024,0.065161661001965,-0.09533651173114777,0.5234222923152487,1.054494018554688,0.2557885582652321,0.4602589868994263,0.46030028156797614,0.46036847770013256,0.4611450550793684
1,1.550808358841962,0.0762365472255594,0.05352557823061943,0.6046598109611063,1.1695999908447263,0.274922673437711,0.5015472001288727,0.501427145899222,0.5016389783225916,0.5009611686079847
0,1.1581304901638183,0.0576813120465233,0.5390797853469849,0.2479539296035258,0.7010922241210932,0.1760518139652094,0.6410772332284723,0.6418599077411596,0.6403260346783428,0.643870700195636
0,1.857531925283696,0.0604321161883215,0.3482080101966858,1.3737394299384014,1.8292342376709,0.3706399101470861,0.5877618339380134,0.5866605453621333,0.5887831385902591,0.5853155695217979
0,1.7418494518246657,0.0877550529699359,-0.8000432848930359,0.9070177368965794,1.2374820709228522,0.3367153354275276,0.27394071163181943,0.27396637464731893,0.2741599215027785,0.274311134641831
1,2.293274170504799,0.0873395925965396,0.17648586630821228,2.31169245858262,2.320311985015868,0.5068083638026223,0.5453330932071399,0.5439902904923384,0.5465477235930075,0.5421127486226137
1,1.4455309863583683,0.0589126362054838,-0.17194829881191254,0.513668359040324,0.9953641891479492,0.2533940506011151,0.4382943614782427,0.43857068152420087,0.4382846710710304,0.4402481488220959
1,2.838635753303113,0.2118454077154287,-0.3327426314353943,10.40478572932577,4.154108028411866,0.9619181678444212,0.4477241952230969,0.4500015192532399,0.44608531991577555,0.45665116917008186
0,3.144180773357491,0.226350198672348,-0.33687353134155273,5.812756821598623,2.479928073883056,1.0293060784343588,0.4735577931324338,0.4771557879741144,0.47042789413142244,0.490308263483991
1,1.3238050209902643,0.0525893796682668,-0.8509335517883301,0.3563307622806984,0.8672601699829096,0.2110482060693416,0.2571047295892888,0.25729270439323315,0.2573386122976129,0.25847194167234244
1,2.226900448017627,0.0859572188508892,0.7491813898086548,0.9363985524675388,1.2690259933471677,0.2917655585113031,0.6917741679905255,0.6920566170244187,0.6912244813470602,0.6911848146278652
1,2.8834835282338123,0.0758657870983112,0.3086225390434265,0.837353770298899,1.1740160179138193,0.2537948551183233,0.5623797782286225,0.5629761556952664,0.5617049492124342,0.5614960645047465
1,1.282245347996298,0.0708941408229881,0.5419564247131348,0.4460529075143147,0.9658540916442876,0.2361283833834665,0.6431046574682641,0.6434098247593066,0.6426886696925664,0.6441523143561323
0,1.8581474519345211,0.1001149470854706,-0.3740456700325012,1.1054507094418495,1.5130758857727045,0.3717275059505701,0.38171404377017415,0.3812281944546561,0.38216464848877807,0.3796417973014485
0,1.785151364788966,0.0859117698298793,0.012206184677779675,1.410660981032776,1.7263478469848628,0.4199197811833791,0.49892197509766056,0.49821452687316276,0.49959298840996885,0.4978616897086318
1,2.642186826548649,0.1396002118248111,-0.23538270592689514,4.782235207496162,3.5188167762756346,0.7289440770728394,0.43339418050573886,0.43114675262812185,0.435406486408887,0.4264541553329122
1,1.26853110014472,0.0577849462207765,-0.2093309909105301,0.3839953311227848,0.9336340522766116,0.2065578560658772,0.4227288962869296,0.4228599979499908,0.4228213530609795,0.42349601697655953
0,1.1774963848132485,0.0430445584049291,-0.08369346708059311,0.1199236983951342,0.5405320167541501,0.1154333373737289,0.4559800950788854,0.456958333043638,0.45537420178108096,0.4592934592454829
0,1.3062195855011165,0.0490018682179057,0.4068802297115326,0.2646478902058402,0.6951860237121582,0.1714797980345855,0.6032790035593895,0.6041563648862369,0.6025578615700551,0.6066346413727488
0,1.7369163906601306,0.0730645944630744,-0.5907350778579712,1.231401956021721,1.6370424079895018,0.3203386171982341,0.3166355315593555,0.31573673591173335,0.3176727883164184,0.31358203069767654
0,2.151493630986352,0.1313095973267926,0.5403357148170471,1.8136660011184795,1.689853973388672,0.4761388979487077,0.6550996895924753,0.6553054986650515,0.6545208837477665,0.6551143477758584
1,2.0533194972301456,0.1102693218927248,0.29279547929763794,1.7605057261981711,2.0810362243652345,0.4691089593844604,0.577084156388844,0.5757910687144642,0.5779593251810363,0.5724080025934613
1,1.3200372192970744,0.0346147584281521,0.2414531260728836,0.1892333350547818,0.6144983291625971,0.153799112097072,0.5555954503938878,0.5566434279832468,0.5549037717023925,0.560214312370617
1,1.3475806831736077,0.0491621259347155,0.40025395154953003,0.334634682655567,0.7887524414062497,0.2045222123192145,0.6040208390429911,0.6047648319074429,0.6034391421130709,0.6074571797110517
1,1.3986948684679306,0.0451939817166141,0.6347521543502808,0.1719662039257428,0.6219902229309088,0.1466143768213672,0.6629391368229327,0.6639123078859979,0.6620569725910137,0.6662159060127834
1,1.619233677334224,0.0657872764008326,0.0928419977426529,1.311691434792957,1.881422328948975,0.381763660862022,0.5149617096324212,0.5134511737675956,0.5163961882798495,0.5114025495097472
1,1.1522341980414392,0.0437371032559504,0.9842694401741028,0.1746345735987119,0.5769780540466314,0.139297672309942,0.7501236898631901,0.7510369745843615,0.7492156196083207,0.7534788360592869
0,2.171879859764241,0.0693693430572974,-0.21698316931724548,1.6373548846311967,2.008158073425294,0.4524039794021484,0.42823756255364115,0.42701615062613263,0.4295746243132614,0.4260727047629055
0,2.6114456284041943,0.0798013182748683,-0.4449998438358307,1.6108706127591912,1.970426082611084,0.3392081759416428,0.3437804434867226,0.34250178608610804,0.34502128871887183,0.33748151448704433
1,1.571155074436892,0.0692456243572147,0.551807701587677,0.4568463633520055,1.109138145446778,0.2389681891361289,0.6403959106082436,0.6403481616197175,0.6402605261325338,0.6396468092698151
1,1.4367283535854074,0.0582089024395936,0.07658236473798752,0.4348922528932579,0.8724979972839355,0.2198212033280325,0.5091108661701403,0.5096916618149924,0.508729131353017,0.5115518056308652
1,2.258102438452101,0.1002370286868483,0.46708226203918457,3.9486450648878746,3.267581901550293,0.7025529397212599,0.6412251245501218,0.6391026529870193,0.6431183151890938,0.6373280610354923
0,2.1421790084711767,0.1253651852928145,-0.11636016517877579,1.5873041171119129,1.863170356750489,0.4199608602281239,0.4520700678015729,0.451106098510401,0.4526487212210536,0.4466742968198065
0,1.4139377792157122,0.055866848668036,0.16703028976917267,0.3062377275093854,0.853108119964599,0.1956520276886318,0.5321525361918793,0.5325961358687245,0.5318366663842407,0.5337066863117149
0,1.63095346102794,0.0682873960822247,-0.6366986632347107,0.6946198761285998,1.1288061141967776,0.2778128618989968,0.30958338241738015,0.3096063167932147,0.30986024673424156,0.310099936045094
0,2.4000054870488583,0.1114187620858363,-0.21367473900318146,2.556891142895997,2.356375427246094,0.5653418371764111,0.4373578764377794,0.4362649843758405,0.43837956609838796,0.43473333931953595
1,1.312664590238072,0.056098871850717,0.45631614327430725,0.3220956003343798,0.8133321189880368,0.1794702204641148,0.6150809348237369,0.6156297780669426,0.614559223398407,0.6167936071514667
0,1.4992977509994716,0.0689624692026836,-0.10244475305080414,0.4212021556635277,0.9465777206420904,0.2163336301136967,0.45231016412551595,0.4525586634143805,0.4521674900404151,0.4525683148947375
1,1.5949713246290391,0.0761133282690846,0.3063846230506897,0.6507076139438526,1.1439901351928716,0.285198968692002,0.5778427978463531,0.5779698317586479,0.5776453931407808,0.5783224815737392
1,1.7886788645470215,0.0735683916061414,-0.05409247428178787,0.7942101154884201,1.350372314453125,0.2687022880249745,0.46300124623911076,0.46248795954155586,0.46347085938731036,0.46032276889042006
0,1.2605026602481506,0.0470673777191194,-0.3640805780887604,0.1887458357669037,0.6266059684753422,0.153600877181294,0.37854449360046916,0.3793327281295892,0.37818737585594864,0.3816154432235514
1,2.1100773582640926,0.1129860652722442,0.44756436347961426,1.547001560609864,1.7859520339965826,0.4145950582073849,0.6185600246322072,0.6179743978116453,0.6187235403294631,0.6153181446895694
1,3.282701148358311,0.1348033537479305,0.07268782705068588,1.577461259941035,1.2736181068420402,0.4440525391129177,0.5165366871679642,0.5182147900705911,0.514758898798615,0.5195358809044264
0,3.300969218281667,0.133759980154367,-0.5841470956802368,1.8308804082187635,1.4218421173095703,0.4510334316530777,0.32809422723893766,0.3292492773381669,0.3270533315988345,0.3296478597984556
1,2.084885896265149,0.0610208975970934,-0.4158759117126465,0.8062991157273519,1.4492422866821284,0.3174702969821255,0.3630472538053239,0.36244851004608003,0.3638408740039211,0.3614436051151069
1,2.296247833986804,0.1183126995824472,-0.5930200815200806,3.102703363557941,2.331947002410889,0.5570191525933323,0.3341429826251855,0.33362413737066665,0.3348043699430292,0.3331273628393944
0,1.8490374739838884,0.0631293767915053,0.21033871173858643,0.813661827874157,1.4227999114990229,0.3006773515976805,0.5444771789529318,0.5439299015871248,0.5449838413661195,0.5428736650513396
0,1.2315071483967113,0.0389333428158533,0.7176538705825806,0.1338678162889827,0.5087242698669434,0.1219598368721726,0.6852728922521045,0.6864306687943608,0.6842503589600528,0.6894439020822253
1,1.99556396396876,0.1001398942422889,-0.7486841678619385,1.0351834165436429,1.201505870819091,0.3597192336641944,0.2879027507587417,0.28828316227859596,0.28774704904521464,0.2890318734802442
0,1.986447735425168,0.0960468611822675,0.0655723363161087,0.8029778500971022,1.0808919334411615,0.3168157686450246,0.5098213691915086,0.5105088801982999,0.5091038513492362,0.5112548025743812
0,1.4090541548482132,0.0391125037647469,-0.437407910823822,0.3055732389414265,0.8241080093383784,0.159575801982795,0.35425135546754755,0.35454819707624224,0.35437852724440516,0.3556318774885209
0,2.140125421259231,0.0752785379819272,-0.6644454598426819,2.553802676918804,2.484924278259278,0.5326873876777807,0.3102007534961905,0.308645233042736,0.3119985355949735,0.30736826493614394
1,1.422999470515324,0.0685758367124145,0.23866963386535645,0.5100750450253271,1.078272113800049,0.2380651276495869,0.5538803763769667,0.5538722819960189,0.5538433137922838,0.553625240854515
0,2.814090895245112,0.1049677408733084,0.5447320938110352,2.238337056287071,2.1328999137878424,0.528953808981355,0.6515405192703779,0.6511424341591953,0.6516866578977816,0.6504120356024408
1,1.268246108835115,0.0417099919569256,0.418998658657074,0.15260822210787,0.5168560028076166,0.1381159938728449,0.6065133758050562,0.6077824974891226,0.6054968220401309,0.6112837821920155
1,3.349932088572899,0.1393819414462501,-0.9909232258796692,1.8223290262330492,1.5044079780578614,0.4772746884961857,0.23261161627531893,0.23332979963807837,0.23204008333948617,0.23319099484258599
0,1.1625434769555214,0.0784676795808313,0.3852718770503998,0.3483394063028012,0.926954116821289,0.2086682194006796,0.5963237420839607,0.5964990162305713,0.5959796738752029,0.5960589483873981
1,2.14462708177023,0.1480778352186955,0.025275278836488724,3.624426035372159,2.74871145248413,0.6345975133344283,0.513382742924599,0.5121508835797234,0.514259381103153,0.5093217852204722
0,1.475216379271642,0.0804371323357116,-1.1439603567123413,0.5373269767601869,1.0403819274902353,0.2591637939508976,0.19692130835882063,0.19687034288487867,0.19723246779810555,0.19659217192249806
1,1.5114308328814463,0.0768792044715795,0.28075891733169556,0.4692826035330817,0.8740263557434088,0.2421989377384533,0.5705936229195295,0.5713062245710535,0.5698799982401083,0.5726704529502178
1,2.034225376877648,0.098176027658719,-0.1510879099369049,1.2051452730137695,1.3470261001586914,0.34715202332894,0.445230797145733,0.4454618821049928,0.4450053596570772,0.445159327652145
0,2.003967009219278,0.132379308363766,0.13638749718666077,1.712594748657259,1.9063016128540045,0.4626816871048144,0.5336201865289247,0.5327658114896004,0.5340021411352871,0.5293236787350399
1,1.621736626928031,0.0912902666375703,-0.4484792649745941,1.5854205894100557,2.0536962509155274,0.4197116191717641,0.35972965674539653,0.3580057443593928,0.3613692215377317,0.3544217016559585
1,1.3906118022415457,0.0611599405569231,0.7797297835350037,0.2634214070125902,0.7622182941436774,0.1814598464580354,0.7010378159605167,0.7017068666099516,0.700274232164004,0.702875816445426
0,2.2554278582174847,0.064890479871809,-0.23588621616363525,0.9582556412680492,1.3121919441223144,0.3095570450285454,0.4149368758713815,0.4150211124729083,0.4150819174061493,0.4152680540661931
1,1.6159632945134277,0.0609545916140952,0.18772412836551666,0.4195177455819251,0.8342122650146484,0.215900631871322,0.5403711722614379,0.5411424654911658,0.5397498709972924,0.5429440132979254
1,1.5081317321186245,0.0630439129986961,0.3926714062690735,0.5331275839597617,1.0732421112060555,0.2581490809493038,0.6013111292069427,0.6014812916623573,0.6011307078930948,0.602368154375977
1,1.446050970745514,0.0535319349890869,-0.24408002197742462,0.3573883154711775,0.8648822975158698,0.1890471675194255,0.4104561785494652,0.41080680788878243,0.41039040467213245,0.41167289487344755
0,1.3524640894803048,0.0684612589035489,-0.30986303091049194,0.4714580281383438,0.987994003295899,0.2288760043095493,0.39496472610876854,0.39505797489020317,0.3950530908193744,0.3952398121948061
1,2.003455982887897,0.0726145065301023,0.6052840352058411,0.900348522250579,1.3174680328369142,0.3162889892084591,0.6592829464923056,0.6593775142931841,0.6590552836224055,0.6595822367917259
0,1.277685373897976,0.0404836469742716,-0.2434803992509842,0.1055056684740087,0.4487942314147949,0.1027159522537803,0.4093217605484976,0.41054700562871027,0.40857701900157556,0.41339594495785303
1,1.4874380033088657,0.0704016445692294,0.890114426612854,0.4879088270861229,0.925119380950928,0.2469587078557169,0.7321316087364408,0.7326933979670209,0.7314240596981763,0.7340576158845205
1,1.6436847377498252,0.0750764463287668,0.5449732542037964,1.1016447610686029,1.4547299766540531,0.3710870452246687,0.6514784574996481,0.651350258854291,0.6515109206835079,0.6524499379515369
0,2.357933905590927,0.0703523375119617,-0.47769445180892944,1.586122511569956,1.821369972229005,0.3797274754310895,0.3471533362174382,0.34637615395291244,0.3481198923380333,0.3447503790666861
0,1.5557137233128635,0.0607666614438054,0.19225826859474182,0.5238114441890737,1.011084136962891,0.2558836269158974,0.5443974239455044,0.5447564616474276,0.544156427839169,0.546302006862289
1,1.611678998258881,0.0906812788446591,0.14709137380123138,0.7076019612010367,1.344566249847411,0.2974058593069907,0.5269226306987587,0.5263763774426304,0.5272199713189645,0.5239951105284709
0,1.2061394365601,0.0407203376902824,0.6810017228126526,0.1054306828126546,0.5034382247924802,0.1147991086706766,0.6749206804485146,0.6760489480580897,0.6739142635989294,0.6787820086511499
1,1.8464286508350696,0.0909656537561669,-0.22811555862426758,1.2054873745748795,1.6144359588623052,0.3310434432593237,0.4154932990516008,0.4146571312692184,0.41622328513257006,0.4115767147476471
0,2.2514844697616665,0.170410077193039,-0.15636007487773895,4.85671985632226,3.45534294128418,0.7791597923662915,0.46770432635618797,0.46571796311119595,0.4692822528045907,0.4617177807168775
1,2.313392529411576,0.1111676077128314,0.018637394532561302,2.13580508230166,2.293188095092773,0.4871464623819981,0.4934265726115725,0.49184285547132905,0.4946626881438609,0.48733750752298016
0,1.6165761103278495,0.0610518902319725,-0.2800179421901703,0.3590695415689719,0.8489117813110346,0.1997413721037426,0.40024412285575106,0.40072374300782854,0.40002143336406754,0.4014491820652249
1,1.5943707647210712,0.052433977419956,0.3292212188243866,0.3625366392105736,0.936392326354981,0.212878086944903,0.5789027995125475,0.5792659080072058,0.5786238220080758,0.5803289749917453
0,1.5853144253797635,0.0784405542528776,0.15362995862960815,0.478162887911851,0.970970458984375,0.2444797762371795,0.5304514741609354,0.5308402595306941,0.5300334850070799,0.5310447671042386
0,3.418078357951097,0.0765118830260151,-1.0494346618652344,1.860590508723717,1.850209999084472,0.3308269948374223,0.2016334184748484,0.2012712267066251,0.20222034109492873,0.19841168193164138
1,1.467592988415022,0.0622895693271531,0.030234431847929955,0.6246021970022754,1.2163579559326163,0.2281450921749643,0.48786309297341324,0.4874304877999349,0.48830499389306425,0.4859758597776039
1,2.667399862123306,0.0676193714278177,0.17164550721645355,0.6612651315136406,1.114930019378661,0.2710607007692476,0.5281750078893457,0.5287590810409734,0.5276507821821349,0.5286911545447762
0,2.0204673911078754,0.1142919378617452,0.28878194093704224,1.2418837818359805,1.4127100372314454,0.3714661315256944,0.5756239894644434,0.5758006825413392,0.5751570879733701,0.5747513383590769
1,1.2780801185986446,0.0604866179478511,-0.19267088174819946,0.2750681112437546,0.6836539077758786,0.1854279210514676,0.43000803294702233,0.4308432810981305,0.42947468611729706,0.43300961250564923
1,2.077313185204916,0.1146806938014089,-0.5764813423156738,1.429061262408709,1.715158100128174,0.3984778346559301,0.32480214491750053,0.32410930185060044,0.3254058854584643,0.32115595649893347
1,2.7671738369242496,0.1156103597451558,-0.7671186923980713,2.54178726623494,2.265238437652588,0.5636695914091583,0.28653096873167105,0.2858801719374576,0.28730235340230414,0.28470295779204957
1,1.5306284549913556,0.0581603268799549,0.15982970595359802,0.4725752722803805,1.087667942047119,0.2430471333610984,0.5309121440984143,0.5308862740554805,0.5310056309151671,0.5312108381000823
0,3.903481392909857,0.1517043725620724,0.023328939452767372,1.791038769297778,1.3240939998626708,0.8423332803756735,0.5581579477574238,0.5613475912933755,0.5553502621592357,0.5741427316191998
1,1.2970968576735245,0.0563638685295261,0.4153667390346527,0.2547829687697234,0.7610842514038092,0.1784597184134712,0.604521511139584,0.6051676435095568,0.6039291077040103,0.6066591494479019
0,1.266974474950255,0.0518149509105327,-0.06601449847221375,0.1956441671726201,0.6683219718933109,0.1474389392153843,0.4617408565572965,0.4624705697670487,0.46128113680652455,0.46400584218652996
1,1.9178343035639176,0.0673898947177148,0.009271128103137016,1.063378310706562,1.7347735786437994,0.3437341205554992,0.4839990365551046,0.4827104255200231,0.4852024933652625,0.4799221570047985
1,1.389561392991312,0.0702551240811875,-0.5093491673469543,0.6006260993101882,1.2357322311401366,0.2740041284611849,0.3408601606214939,0.3403735727276515,0.3415090471608175,0.3395654563424413
0,3.4828897621994925,0.2056541541309251,0.23057964444160461,4.898491859940757,2.8467840385437024,0.8634169900079075,0.5971172157212106,0.598092600998104,0.5958446893275332,0.6003390670180431
1,3.037001324925603,0.0720162085002088,0.6605194807052612,1.7505307130990757,1.66204605102539,0.3819392090698767,0.6706942378074532,0.6710573491072774,0.6702820683485693,0.6713001243440316
1,1.318464401829478,0.059046855951265,-0.05593317747116089,0.289806756930369,0.7988681411743169,0.190330881930117,0.4674917104305983,0.4680047976614048,0.4671818517132601,0.46925879466465187
0,1.684704453890973,0.0957362888817437,-0.09889017790555954,0.7637987032310488,1.2524022674560542,0.3089900288098001,0.45794986049158687,0.4578003635485454,0.4579903332078598,0.45648489346561216
1,1.3047550128479242,0.0458392093235917,0.19727513194084167,0.2974684580390214,0.7396900749206552,0.1644463045934948,0.5408484636470886,0.5415707451762346,0.5403605991955666,0.5436594951073259
0,1.422753494995983,0.0562044532892941,0.31857162714004517,0.4278210109991686,1.0073059272766114,0.218026759570463,0.5763351642150298,0.5764636780418717,0.5762386718128437,0.5769826607800244
0,1.4547642252935271,0.0783218850928089,-0.1525048315525055,0.5158768430219698,0.8683880233764643,0.2539381920423673,0.44590388930717423,0.44661321820987315,0.4453694307316907,0.44835730988826006
1,1.528222246888591,0.0725774772087307,0.19122496247291565,0.4206362174712247,0.8352261543273923,0.2293022616196863,0.5434020825740026,0.5441617517362464,0.5427057910933445,0.5456573558060483
1,1.2931272889065004,0.0649044455868013,0.44618502259254456,0.4195995257254962,1.0434248161315924,0.2159216745142903,0.6118728235669378,0.6118247545116989,0.6118042562315973,0.6114211336408705
0,2.1039244176108216,0.0913397005743616,0.4360388219356537,1.956516003156804,2.207591972351074,0.494534630126749,0.6203295591402236,0.6190118476972929,0.6213624973790166,0.6170283993822943
1,1.6087352414737788,0.0498960300551078,0.35695788264274597,0.9087873065277742,1.4857801437377929,0.2643987819312938,0.5833548243101706,0.5825498449506358,0.5841148006308314,0.5810621204185796
0,1.352275068225471,0.1109938969817379,-0.056059159338474274,0.8336457593455505,1.5058148574829102,0.3228091075514967,0.4681010850369542,0.4670188336831028,0.46878694211362165,0.4627774295293924
0,2.302640756452498,0.1121012321315232,-0.5454285740852356,2.630633110700326,2.10251802444458,0.4054806646669732,0.32877140024156065,0.32811090202422943,0.32942843470367655,0.32459482483778285
0,2.403346286143791,0.1426350697668022,-0.3315812945365906,3.782158855757789,2.8926744842529297,0.6149925898543647,0.40113701168842614,0.3995838047450717,0.4024422359787847,0.395187991074153
1,1.4306519753417537,0.0680742777716354,0.15130853652954102,0.3583459877428477,0.7671662330627436,0.211644155288673,0.5315859930943564,0.5324302048935656,0.5308624479177827,0.5342935086505336
1,2.1206055670970674,0.1079223547455255,-0.40815219283103943,1.4756748776174775,1.4826599502563476,0.3841451389276555,0.3739789805219797,0.37409223934017993,0.37391210243995276,0.3734851064099084
0,1.4093741190640865,0.0906392738310325,-0.017616964876651764,0.5309540745228287,1.0147881889343264,0.2576223191327832,0.4817324834811585,0.48193993992949885,0.4814509901305806,0.481468186219025
0,1.1686693172323068,0.0590546928624542,0.17308774590492249,0.2743711435947963,0.8054041481018075,0.1851928533970723,0.5353498781755276,0.5358002074761351,0.5350031335603063,0.5369687929442971
1,1.0171431027358482,0.0431773704967785,0.3462647795677185,0.1607693360274674,0.573636074066163,0.1417609502064423,0.5870206771541014,0.588022209557992,0.5862574953526771,0.591181846275364
1,1.33731826112356,0.0533684976448436,0.3084583282470703,0.3863558564684968,0.8943038749694827,0.2071917674438336,0.5754646789714349,0.5758848430564224,0.5751531410349101,0.5774130477090961
1,1.3098205892272172,0.0583191038809923,1.0367989540100098,0.3785349102886156,0.896089916229248,0.2050839693308885,0.7618855191251404,0.7622850590210176,0.7613381415868868,0.7632964467603502
1,1.6255490114150428,0.1157661463390813,0.5493937134742737,3.2355337994842785,3.144457950592041,0.5423462328778108,0.6437282520230346,0.6405871074592464,0.6461492438524483,0.6326990076958275
0,2.339012218286553,0.247262012010685,0.030124107375741005,11.478499503048916,5.215748023986816,1.065521780877264,0.5500222346443059,0.5498397825327396,0.5501263194644249,0.5493707694613266
0,2.242801687760211,0.0883042499407813,-0.35762354731559753,1.7476015180463564,2.0849079322814936,0.4673865528187503,0.38697197110381754,0.38565115253328813,0.38829240765708084,0.38333972018733725
1,2.6592082290316466,0.1262061079459804,-0.6461856365203857,2.616148480286776,2.1614383888244624,0.5114829889924762,0.3123587468641641,0.3118924644458132,0.31284277631542123,0.3097927030565504
1,1.467341290911767,0.0568313350725561,-0.0820971131324768,0.524528522181687,1.1069041442871097,0.2560587145025743,0.46203193049291436,0.4619618268381247,0.46228877399844787,0.4627087645651849
0,1.1360400172285323,0.0477570619967246,0.8057133555412292,0.2023134437266616,0.6562340736389166,0.1590257226546469,0.7093284188519365,0.7101321918574777,0.7085405705295151,0.7124338235745405
1,1.1869412723256716,0.0468814821357226,0.4459304213523865,0.1926922847020828,0.6556863021850577,0.1463224311436458,0.6122851564034887,0.6131066499073158,0.6115935197665049,0.6152306549569396
1,1.4037338140194238,0.069690627959137,0.7043759822845459,0.8779865784474623,1.4239179992675774,0.2963083830146326,0.6846108579761904,0.6841208112864919,0.6848678631102572,0.6832877798350396
1,2.4941890140302845,0.0884686923607888,0.3259205222129822,0.7165540478748754,0.8599200248718253,0.2821650517525898,0.5820077816734581,0.5835046111767905,0.5805311963626208,0.5854572113982989
1,1.5776352049555085,0.062447276228146,-0.05382346361875534,0.7211702721244001,1.1877379608154297,0.2560486942546103,0.4678110533987364,0.46770272337762947,0.46804632973892524,0.4676451465168555
0,1.2165045198028512,0.0595998714708312,-0.554697573184967,0.2512052520577811,0.6796519565582279,0.1772023038993077,0.3290080696270213,0.3296361187838536,0.3287596814773999,0.3313033495139531
1,1.3649703697250153,0.0391262167208202,0.37156277894973755,0.2742301236724183,0.7538261032104497,0.1578924040064851,0.5898818685958418,0.590561030982711,0.5894039213458163,0.5926408466429999
1,1.375066629308054,0.048428564094651,0.5395551919937134,0.4386000880329572,1.0427459335327145,0.2094278128694842,0.6373836110757777,0.6374132298345567,0.637343893711602,0.6379218473599626
0,1.408802398815237,0.0565778268865034,0.21356506645679474,0.4236348037711157,0.9593519783020014,0.1878906605296273,0.5423619657013565,0.5425327317508991,0.5422445319777216,0.542517186985118
0,1.4049453383855983,0.0647018911696489,0.24089911580085754,0.3885485062264328,0.8296559143066403,0.1971163377872145,0.554533344162926,0.5551491367786373,0.5539799185823189,0.556205966275849
0,1.2377577176489147,0.0539856559150216,0.03026217594742775,0.3025423744476899,0.7476900863647464,0.1833461736254036,0.49438330183476575,0.495072724675813,0.49394047140651753,0.49715336442455704
0,1.8907082664731345,0.0909286265879689,0.3290698528289795,1.5051650284190392,1.8348900794982903,0.3541615719342231,0.577678199819156,0.5765929160092778,0.578429270666708,0.5728659588454794
0,2.220696535185632,0.1459731781967485,-0.9274141192436218,3.76144811599226,3.1873581123352053,0.7330414250613925,0.25795539489339353,0.25602725516372976,0.25981057955127446,0.25279507244566285
1,1.7110798278735933,0.0976679650596002,-0.6495126485824585,1.461764088543176,1.7460100936889649,0.427458198035664,0.31350411104458215,0.312735741398801,0.3143663273721876,0.31171396622612485
1,1.7325093702602494,0.0776598705924593,0.3727191090583801,0.8112226161957617,1.3114481544494634,0.3002263250349201,0.5943165982120845,0.5941372114647556,0.5943452097803018,0.5934378138955206
1,1.5814391489923196,0.0651549310590031,0.2880954444408417,0.7528515245372082,1.2883599662780767,0.3067677306483702,0.5735878001223952,0.5733938281099117,0.5737775647004486,0.5739366856291097
0,3.0331221474425023,0.1182243934332244,-0.11552579700946808,2.950680308691963,1.8905660629272467,0.5179224502051848,0.46704743189351705,0.4681420144509206,0.46614523903362914,0.47031261435759103
1,2.6927230760721823,0.1107688018685539,0.2538245618343353,1.1772497538581717,1.424400234222413,0.3836094618648912,0.5610343076470634,0.5613857313002021,0.560429249612916,0.5601244407060934
0,1.3561322053192684,0.053821487891732,-0.04811853915452957,0.4321004330137603,0.9770680427551264,0.2078702559323387,0.4686028152233769,0.4687124634952094,0.4686853494109992,0.4693315860689779
0,1.2622345081671889,0.0666310276381866,-0.222527414560318,0.3577651661038808,0.861908092498779,0.1993782463626697,0.41895778736472816,0.4192697106127696,0.4188258088933393,0.4197625024487963
0,1.870400671577181,0.0797451190241893,-0.37330445647239685,1.1192047580125746,1.5177160072326663,0.3740328792386731,0.38359582489881255,0.38315339451524066,0.3841809919280196,0.3829734380863271
1,2.811380231827928,0.1279710797832188,0.19389642775058746,3.5455009285188384,2.850088233947755,0.6276500200057388,0.5542418842188249,0.5528705230610559,0.5552831259781483,0.5494457508972069
0,1.158996272053351,0.0547378560639719,0.3886531591415405,0.1961458399321277,0.667147855758667,0.1565829811681843,0.5970502063006774,0.5978433539709932,0.5963482969546137,0.599683641490843
0,1.3132313204622872,0.06587462125312,-0.00017845109687186778,0.3472692759398825,0.886306209564209,0.1863516235346186,0.48076457725542737,0.4810115715919686,0.48058993138807243,0.4808763211135715
1,2.3136872234262107,0.0723792017461247,0.2737185060977936,0.6812892860893855,0.9682501411437991,0.2751341664815318,0.5655624584790963,0.5665788721215299,0.5646349641972845,0.5682810724899827
1,1.6543972146952977,0.135979335842747,0.4101927876472473,2.1644640618739897,2.4277440261840826,0.5201519083251053,0.6129988128894918,0.6109721159613443,0.6143099204446223,0.6053625609357642
1,1.2044703925922788,0.0493416081940426,-0.24021005630493164,0.1837587475249648,0.6781640434265139,0.1515580530378396,0.412180149924799,0.4128016044848613,0.41190039460731803,0.41444918594829966
0,3.406035638098716,0.1437590195403571,-0.8412022590637207,3.260555359363778,2.347570552825928,0.601900264843103,0.26885045668738755,0.2688474010366452,0.26895208862822056,0.26763138880286597
1,1.0623820409329252,0.0205328105910077,-0.3917521834373474,0.0262834922443504,0.2578608322143552,0.0540406146074417,0.36812866862582627,0.36964815827024006,0.3673222100969899,0.3740557582617749
1,1.1803834411219054,0.0469140473131961,0.5436705946922302,0.1171795099816849,0.4809472751617434,0.1141049760243634,0.6386343021020344,0.6398590012055534,0.6375483000598494,0.6425444518054692
0,3.051827026535042,0.1235532878537886,0.013685057871043682,2.0978671600109005,1.7068159866333008,0.4828005293206732,0.49933417614749864,0.5000686530817914,0.49853026023230507,0.5003335313205967
0,2.0534664260834683,0.1192744754014698,0.07081814110279083,1.816044405216079,1.8259999084472665,0.4492023059721259,0.5154356258985844,0.5149653420727779,0.5156382370662184,0.5131022932444429
1,1.638009805578875,0.0542781598541295,0.0432065911591053,0.7504437103478563,1.1984258651733404,0.3062767764514345,0.5044161523810634,0.5045250677244593,0.5045501559341373,0.5066821957072121
0,2.550242619873101,0.2156535550478683,-0.6813782453536987,6.379454145555593,3.713908061981201,0.8419193776099146,0.325298149302346,0.32430609303058194,0.32604358138390477,0.32074927368444195
1,2.1154836524759397,0.1085097492501362,-0.1273072510957718,3.4293365542075414,2.9163300514221198,0.5583528172798289,0.45394235494658913,0.4516825856368958,0.4559786801073898,0.4466913675661622
1,1.620880338343624,0.0589901102320172,-0.1364009827375412,0.604303688659229,1.238338012695312,0.2591232415193008,0.44197783950946773,0.44157665415600933,0.44250299866162685,0.4409171095360654
0,2.005446185144704,0.0908602506763295,0.14119228720664978,0.7556405803404538,1.2762103080749505,0.3073354397764057,0.5253113889903563,0.5252422087442287,0.525209162393475,0.5237561439170769
1,1.2435582863135226,0.0550531004685837,1.0207154750823975,0.219330413972034,0.7496162223815923,0.1655786874766926,0.7566894389226726,0.7572433992160282,0.7560080667539576,0.7583569793806187
0,1.3202443590788595,0.0538521156262232,0.90667325258255,0.3244689642687535,0.8874780654907224,0.1801302207484223,0.7298804920924232,0.7302140564474124,0.729418593221704,0.7308120009426404
1,1.9759249378636872,0.0750289704353047,0.03389391303062439,1.3022337142412612,1.6994220733642584,0.3608647550317516,0.4951555921466105,0.494326958290367,0.4959385935801563,0.49260513393898653
1,1.8462362692447012,0.0601643803030014,0.5145241618156433,0.8140335880527597,1.327202072143554,0.3007460331414308,0.6340067651098484,0.6338832037179609,0.6340765864017046,0.6341823992252077
0,2.974590629352188,0.130286518398658,-0.2123318910598755,2.881585756882876,1.633426418304444,0.6001651602770353,0.4578133639930098,0.4599585010254639,0.45606539194323226,0.4666709107419788
1,2.5903556519693907,0.0880917070233837,0.6874843835830688,1.445124773873582,1.7920160102844234,0.4007111419954365,0.6782273691734394,0.6777702712083635,0.6783701265865506,0.6758717921959295
1,1.5765009987188563,0.09006171869248,0.31823426485061646,0.6001694465647883,0.9127160930633548,0.2738999467334715,0.5844521626667659,0.5852730029020216,0.5835577734638788,0.5866643911619527
1,1.6643492203628227,0.1204647806063089,-0.04923677071928978,1.0846387069198122,1.644567680358887,0.3682116760302102,0.47141212407903293,0.47035427703746663,0.47203056900100365,0.4658980808709364
0,1.1858701582119104,0.0561212417895047,-0.5623207092285156,0.4478100097697652,1.0584721946716302,0.2365930075492947,0.3277498192788023,0.32752548635816053,0.32828142513140485,0.32797547658020215
0,1.60537290343615,0.1043384230788675,-0.06957650184631348,0.9880480103776698,1.324560432434081,0.3514342062139209,0.47264042756609215,0.47257760478089633,0.4725826043873063,0.4719858508596719
0,1.5980477663482064,0.0700498503502979,0.39986464381217957,0.5306792086441852,1.0786219978332523,0.2303647561247564,0.5976424621013605,0.5977256440674528,0.5974416634763614,0.5971128821563157
0,1.808289450188548,0.106843737912263,-0.9288434982299805,1.0910878236327013,1.1486539840698242,0.3693047223555199,0.24958855069955696,0.25005804382610936,0.2493768769485941,0.25125006522147053
0,1.1283230644384232,0.048142392889988,0.5181010961532593,0.2411191297384011,0.7376920509338376,0.1636796090396659,0.6334931066224591,0.6341162224107427,0.6329467600496453,0.6360058583239642
0,4.144160434003308,0.1659123873522659,-0.8207839131355286,4.802669501786202,2.8610140991210926,0.5857028440738163,0.26072672377604383,0.26074648577474246,0.2606919623164626,0.25650431521974876
1,1.2150270398221263,0.0297968979127344,0.9840709567070007,0.0591795125123447,0.353390083312988,0.081089465346989,0.7475548593607125,0.7488795039705509,0.7463542232403326,0.7521756561774384
0,1.9180179153069856,0.0607444746834817,-0.11310136318206787,0.8780621793460786,1.1710961723327642,0.2825311212698649,0.45297446116512635,0.4533001782790818,0.45290779696981326,0.45457737413526517
1,1.3814112211132477,0.0681106286450781,0.8833866119384766,0.3768360233503673,0.7899901771545416,0.2170357180714637,0.7301082265314512,0.7308544714750457,0.7292457804692182,0.7325530507118059
0,2.4118046215211484,0.1637336664284414,-0.5125085711479187,7.705198858663302,4.309379653930664,0.9252746654470468,0.37958015694012665,0.3781949788411386,0.38117207600337755,0.3779548396207034
1,1.7499447322015858,0.1111723057811282,-0.41601020097732544,1.2416104670169146,1.4841365242004394,0.3939559726379514,0.37494111189273527,0.37470109184027206,0.3751518617022407,0.3738224484105193
1,1.1914095935391351,0.0456855528706991,0.559014081954956,0.158685859031117,0.6116860961914066,0.1408393850415771,0.6436769179385917,0.6445920594827106,0.642870709857151,0.6469437449989238
1,1.3375793820777702,0.0368443435631666,0.5351017713546753,0.1431855212136261,0.5925442314147944,0.1337841177109722,0.6359328739399752,0.6369435493262932,0.6351130968883011,0.6397130768319131
1,1.885461608377688,0.097370010045204,0.0529094859957695,1.0344191508812832,1.52550859451294,0.3595864205725244,0.5029262818746146,0.5023582407740719,0.5032809867678767,0.5002598718005581
0,1.710336321785035,0.1282360670842057,-0.476021945476532,2.284793318475176,2.147937583923341,0.5344147872293551,0.36693750883205545,0.36591238066208664,0.36785776493156497,0.3642464188394912
0,1.9951300384270012,0.1266033885518421,-0.03953081741929054,1.263853546614573,1.3592971801757812,0.3974691099026711,0.48417661689543023,0.48455592861881924,0.48358934633180684,0.4840384574691963
1,1.2883877985750924,0.0666587977843807,-0.23449984192848206,0.4011783092707827,0.8827567481994624,0.1828428991581714,0.41240437475197056,0.41264216309711893,0.4123237538332226,0.41246411106269926
0,2.9814524050732474,0.1436426460236514,-0.8886629939079285,2.9575758995406742,2.368755893707275,0.6080271272259028,0.25995816745022027,0.25952493473800636,0.2604307693345582,0.25790586808055604
0,1.931749197301952,0.0710397190391395,0.3136255145072937,1.6034485877857647,1.9916348266601545,0.4476952908767531,0.5852817952093393,0.5841013920310876,0.58636834830806,0.5833590964595545
0,2.22902241413261,0.094411100194844,0.3668837249279022,0.9039969501001408,1.3355400657653802,0.3361541592223984,0.5924717309351718,0.5925700506443062,0.5921417657522385,0.5915061295018886
1,3.238429998025112,0.1306469107187216,0.6406545639038086,2.3993060712772083,1.993720169067383,0.5476433683608805,0.6784220259537678,0.6788047063168032,0.6777132201316873,0.6785506988926048
1,2.021579670235452,0.0727042825996317,0.25364428758621216,0.8527264988631663,1.4905281066894538,0.3264824839985994,0.5573422542230038,0.5567386496530291,0.5578085898959361,0.5551258010643932
0,1.470884629683176,0.0661404962365373,-0.4231894016265869,0.5246513164103056,0.9770341110229488,0.2414427276027509,0.3650140643874072,0.3652555166311817,0.3650450344529056,0.3661012481239195
0,1.639207027635504,0.067598146672898,-0.08185404539108276,0.7063818528546016,1.271290130615234,0.3176660089857633,0.466071811027057,0.46585596001467294,0.4664092950030586,0.46647380684859135
1,1.2022267333404395,0.071799126078037,-0.04484168812632561,0.4743023668191143,0.9994061470031746,0.2076496977689971,0.4691675607628054,0.4691539823953489,0.4692057371361908,0.46849957426360284
1,1.5453111433231217,0.0371146291522338,0.8498262166976929,0.760904930967859,1.330068473815918,0.2630079381739886,0.7187486858948235,0.7184872439799007,0.7189733881476756,0.7191855424669376
1,1.7845626947407145,0.0413041967913735,0.6746345162391663,0.982698389106108,1.4637281417846686,0.3134802049741112,0.6778205808705962,0.6775119722937891,0.6781533157906736,0.6785229454643563
1,1.3638797585911373,0.074218606283052,0.19162294268608093,0.4822973472528316,1.1202943611145022,0.2624873730984384,0.5427883552373589,0.5426364769585431,0.5428607079988927,0.5422962172707898
1,2.5773999315515046,0.1423136432634043,-0.164404958486557,2.2758994164434148,1.9472578430175784,0.5028694790282636,0.4473933029603264,0.44727132291884697,0.4472564629748575,0.44506957432696753
0,1.3006714213166466,0.0688509660866535,0.37965670228004456,0.4871114448518597,1.1020641136169436,0.2637941418313746,0.5988638658868966,0.5988161517667525,0.5988310462105847,0.5992157516100861
0,3.384415879403612,0.1468223226273761,-0.21941940486431122,2.223578088267845,2.055674133300781,0.5334198329940935,0.42550742738684094,0.4253200305819903,0.42537978499084506,0.42186928643192767
1,1.4969222847240788,0.0693074664209772,0.6238551735877991,0.4382677090783731,0.6934341049194339,0.2340586756238628,0.6696212236949963,0.6708625721680146,0.668419109432504,0.6741260966833487
1,1.3222102810763237,0.0632241574673763,0.27744609117507935,0.6357715668536024,1.2885320281982429,0.1993382124138524,0.5554473299495162,0.5546791404940584,0.5560389651500663,0.551666427926788
1,1.6053192946071368,0.0799393033753787,-0.07860378921031952,0.5011951714756617,1.0119484329223627,0.2502986145276432,0.4615714682719088,0.46180973716390933,0.46136115342568945,0.4616149451710102
1,1.984582795853479,0.1112567706141787,-0.13981160521507263,1.500181036638913,1.6803458976745604,0.3535747253220683,0.44165069667392787,0.4409946412848767,0.4420577603377336,0.4372320043941287
1,1.6257840093428966,0.0831417195875809,0.025916224345564842,0.6013948769858708,1.0236166191101077,0.2741794296135905,0.49600004073186044,0.49641181256582034,0.49560596874772556,0.4969703015422879
1,1.2117544421171649,0.0369645934845768,0.32017987966537476,0.0643550612055804,0.3787429904937748,0.0896904824978523,0.5748043489152589,0.5763077718482847,0.5736334469008821,0.5798908814694896
1,1.939682446483737,0.0357158834689169,-0.16890302300453186,0.5481744680899905,1.1617360305786122,0.1978770303731209,0.4236125081927226,0.4233781379777827,0.4241342628211036,0.422732373408231
1,1.2233635190439485,0.0446926991861694,0.53304123878479,0.2374428249059034,0.7471979904174805,0.1722798685663473,0.6380476913482692,0.6386996176332056,0.6375012814886785,0.6408976505830252
0,2.004720101322414,0.1485277827131307,-0.8517786264419556,5.267655202930063,3.890674037933351,0.5737843237516418,0.24875152404816278,0.24577199020575122,0.25141314647577334,0.23619982752735394
1,1.1959993919852108,0.0520580704236179,0.5707817077636719,0.2844286002078271,0.8046000862121576,0.1777728263848828,0.6476104722163806,0.6481153413655023,0.6471203209056006,0.6495586521204516
0,2.699110275710718,0.0964884905446207,0.03453729674220085,1.6283098721739315,1.7690542602539063,0.4253508188900508,0.49734531415612326,0.4970686065195876,0.4975265831149808,0.49557814281211393
1,2.5413552395034187,0.1061222122255011,-0.47633400559425354,2.014586910762043,1.855200004577636,0.448841498834727,0.35485123688408127,0.35459960312975897,0.3551818822010656,0.35340939074634337
0,1.7381285864051002,0.0668462557371053,-0.38435110449790955,0.7432268635537198,1.327197914123535,0.2726218743156388,0.3703011478808093,0.3697827426349191,0.3709533098834353,0.3683443707098155
0,2.2678073273260417,0.0970518507118041,-0.5032345056533813,0.908518219138592,1.0154782676696772,0.3369937349452123,0.3494641857621403,0.3504506908491111,0.3487262924281879,0.3522190750954945
0,1.178254521133133,0.0487721975172088,0.1640668511390686,0.1970907765446845,0.6364739418029791,0.1569596988659367,0.5330497411030992,0.5339512713562283,0.5323991138167554,0.5365296283438596
0,1.291432897149766,0.0683839185474664,0.16189226508140564,0.4952354449705475,0.9595820999145508,0.2488060100184849,0.5373832075537829,0.5377556067581315,0.5370867950269914,0.5392187718517653
0,2.526831194975589,0.1302121607220307,-0.5785039067268372,2.606079019580377,2.1770359802246086,0.5707537800554168,0.3385851726352406,0.33817618072101513,0.33902512883271196,0.33744791034577726
1,3.294129128910786,0.1092005984937923,-0.46058154106140137,2.0937861029594367,1.7333545112609858,0.5115889589015087,0.36532897379644036,0.3660148869468737,0.3648811628482877,0.36747097213514257
0,2.649118129656092,0.0862322597266777,-0.5482681393623352,0.8210139187157484,1.159656200408936,0.3203540850987677,0.3288771456961111,0.32937407248580786,0.32859199224385116,0.329355141670225
1,1.762236607055346,0.0916320085732744,-0.6374896764755249,0.943585540178212,1.4417181205749512,0.3237944375642965,0.3070241092457883,0.3064522979918196,0.30765187769429503,0.30442754868223953
0,1.323660520603926,0.0675482689959713,0.5698084235191345,0.429157140541667,0.87800630569458,0.2476048524050444,0.654258807208656,0.6548893389454622,0.6536029196661404,0.6569947528882849
1,1.3390478141878634,0.0587117127865078,0.2822178900241852,0.379688946885025,0.7946200752258303,0.1948560871220155,0.568134071799667,0.5688485054312733,0.5675375521689199,0.5706598485534553
1,1.9390458203317715,0.0644250238035893,0.6316500902175903,0.5533505292585755,1.0200901985168451,0.2629996504889729,0.6652480370842411,0.6657998076917039,0.6646442784917737,0.6670289444987462
0,1.5363877432239124,0.0715216621841565,0.13380217552185059,0.7505739283743179,1.138161907196045,0.2612163729335784,0.525206287343013,0.5253362371626665,0.5251038973822415,0.5255468376305255
0,1.7094620859849448,0.1167905521115583,0.3453107178211212,1.5799562313690267,1.970965976715088,0.4444035653785063,0.5927994229826087,0.5915103154324463,0.5935861161573786,0.5878813026165591
0,1.9160889150061704,0.0678696774537454,-0.5119001865386963,0.8262102309429806,1.2485640335083008,0.2874387292873006,0.3387944346467051,0.3387094756447778,0.3391305471105617,0.3385282804702173
1,1.2275430664306108,0.0411467610855954,0.08452410995960236,0.1533796133141094,0.5798440742492683,0.1305456979648248,0.5068081047980694,0.5077974765338481,0.5061555643916664,0.5104723627021749
1,2.017090158781118,0.1671770600512221,-0.3466882109642029,3.119077607234396,2.7140214157104494,0.6244074798593459,0.4010108165143864,0.39922300236192004,0.4022923754134984,0.3938525828101239
0,2.369495553563176,0.0887801705815171,-0.4387446939945221,0.804600466757687,1.0824199867248527,0.3171357096649805,0.361584891833051,0.3622581866371225,0.3611144515566512,0.36296362932705634
1,1.462025022096882,0.071932246558239,0.710696280002594,0.6262792332600522,1.2080022239685058,0.2637926865425559,0.6850072482287841,0.6848767216266606,0.6849102522630346,0.6843732456609046
0,1.2407977946709996,0.0519844455708114,0.12475641071796417,0.222954067178172,0.7015918731689453,0.1669408829414517,0.5206240389845536,0.521362971156008,0.5200998571077025,0.5233469446135354
0,1.6082267801731476,0.0834371493363706,-0.006825453136116266,0.8788056992280421,1.249828681945801,0.3124821237959136,0.4879555354704908,0.48796634891653745,0.48795212985728276,0.488076846121354
1,1.585793161986189,0.1003858784527569,0.24846622347831726,0.936550902450022,1.2477640533447265,0.3421532738499703,0.5670116110168433,0.5672060459571209,0.5666445006471748,0.5674139362440063
1,1.6387218364304286,0.0998435622330741,-0.059866271913051605,1.2163723512176252,1.6366245651245124,0.3899314605186444,0.47447962613042266,0.4736905464757612,0.47509375072347954,0.47188408441671653
1,2.02116264837733,0.1078086915958808,0.20880535244941711,2.812887732467336,2.475135707855224,0.5929679304637114,0.5677680091323043,0.5665815741185924,0.5687947121855398,0.5660887971870999
1,1.2598295721091348,0.0553420073475427,0.592462956905365,0.29683952229327,0.7667826080322265,0.1926264267608646,0.6558208525741304,0.6565207456888881,0.6551482884592141,0.6585579275599962
1,2.6115180045218858,0.1799244809134234,-0.6386767625808716,6.368460131836812,3.675559902191162,0.7980263236157571,0.33305896454468914,0.33212400207390574,0.33398023609122196,0.32976561875620286
0,1.5984343777735843,0.079926638806093,-1.0484325885772705,0.5908697540212847,1.1021360969543454,0.2717696069332636,0.21509458459130965,0.2150032004646183,0.21543838878964774,0.21461548287890847
1,2.039789172316936,0.0828317978144934,0.9575233459472656,0.6891170476775256,1.2080061531066892,0.2934955382279102,0.7436061141140644,0.7438098088083985,0.7431075982793477,0.7433946168523798
0,1.5628643749482736,0.0770279120911314,0.2932368218898773,0.7317353221824904,1.1691080665588371,0.2851384307436361,0.5740182591885258,0.5741276963077124,0.5738401453905467,0.5743899467726833
0,1.5680286609607244,0.0576788541466392,0.2619285583496094,0.5025557006415875,1.0719163894653314,0.2506381107896371,0.562304851239493,0.5624295058925878,0.5622454359879727,0.5632981383288359
1,1.7883613042806878,0.1044203855930751,-0.01130148209631443,1.7109823713988277,2.0074860000610344,0.4624638325586699,0.4913304274983019,0.4900403562322182,0.49238112534748596,0.4875428148431005
0,3.117432990074092,0.085485330612611,-0.34439611434936523,1.2687833615590662,1.4718740272521966,0.3561998542334157,0.37986153531081984,0.38011223965379576,0.37974392630271564,0.37893986002765084
0,1.9992287257704904,0.0795329334482632,-0.36799412965774536,0.8451910492225051,1.139641933441162,0.3250367381586474,0.3848789162633336,0.38533971910959547,0.3846641722821765,0.3867469595288456
0,2.210800162292032,0.1198407561099543,-0.5334360003471375,1.30207928486793,1.413522090911865,0.3803622958396858,0.3387351847566703,0.3388713214873349,0.338581145386619,0.33756109836490406
0,1.7893925578914256,0.0413858126714153,-0.11097817122936249,0.3307121465659673,0.7984619712829581,0.1916919248765718,0.44890789578942014,0.44966131553483635,0.4485501998450688,0.45191413018391025
0,1.6326267893582755,0.0664131616430209,-0.14167405664920807,0.7689685070223358,1.3272999763488769,0.2531416775612581,0.4373424024938649,0.43677475977966873,0.43794656259835496,0.4348858142248876
1,1.9851470919098897,0.0871126757474719,-0.5397657155990601,0.5467019870221317,0.9567846775054938,0.2464643285035002,0.32945538996265034,0.32990034971285875,0.3291663700051515,0.329400126324243
1,1.733777206996327,0.0789386763668608,0.37102210521698,1.2842834999273236,1.7284740066528326,0.3777541087249634,0.597244108082497,0.5963582114571099,0.5979338074123707,0.5949281751000466
1,1.501843405614718,0.0676863423616771,-0.45138120651245117,0.3942541542745493,0.866702041625976,0.1985583426286967,0.3527766970460835,0.35312125265967775,0.35267392669511327,0.3532839101635191
0,1.8980248488962244,0.1013936564874253,-0.36586079001426697,0.8901310363088486,1.3722401809692384,0.3335661546659164,0.38031051884839606,0.3799770695038929,0.3805748902501314,0.37796597924997594
1,1.9103833829740708,0.1230921204391684,0.5127386450767517,1.438876852744331,1.7966081428527838,0.3793253027078909,0.6314795782026835,0.6305740244137914,0.6317761300750142,0.6259519587631331
1,1.3761063229949109,0.0683720079560449,-0.15495702624320984,0.4598809475695339,0.8380300521850585,0.2397605439729226,0.44492103439179526,0.44561936448433487,0.4444708235972141,0.4478219582471868
0,1.6194542000273362,0.0797955905881881,0.7785733342170715,1.1410083006369385,1.659754276275634,0.3776586257185413,0.7076439716408902,0.7069951342186723,0.7080008918968973,0.7062061707258267
1,3.737793429113756,0.1417665246409389,-0.6891719102859497,2.9086230797227053,2.1091681289672857,0.5142181248991438,0.2952715859022398,0.29555734663411143,0.29500488466868185,0.29312992544893796
1,1.3611922974898043,0.077135893141182,-0.16277217864990234,0.6498783019474611,1.0954242324829102,0.2687167657895289,0.4408069262277263,0.44086341803079193,0.4408441337816816,0.44114181208453224
0,1.370147172720698,0.0741958357584469,-0.029256854206323624,0.5642411970915756,1.184181995391845,0.2375376174612298,0.4723132575141514,0.4718917767942414,0.4726766187198668,0.4701574205702876
1,1.7395078751749553,0.073911606602297,0.046232838183641434,0.6507878079822238,1.023682193756103,0.2852165422933564,0.5037162121443799,0.5042819306461374,0.5032753516785596,0.5059184039956859
0,2.647498883224831,0.1501360306345004,0.1779310703277588,2.819422356395289,1.736147956848145,0.5309823308166938,0.5600332902112627,0.5614332620537624,0.5585190615495297,0.5635198948646953
1,1.4551639656405135,0.0648284353414504,0.4520445466041565,0.4633166387910153,0.9428362274169928,0.2406544822954205,0.6186780825908693,0.61915456386257,0.6181966819240896,0.6205885909695451
0,2.2916198497644507,0.1475518878943078,-0.2128872126340866,4.038121111660703,2.70291208267212,0.5800948996831398,0.4368414232010953,0.43606663216050007,0.43742220496883455,0.4329755301083243
0,2.108716144359743,0.1184079964045153,-0.3614969253540039,2.393794380754458,2.175452270507813,0.5470139829970594,0.3979730948357193,0.3971586485813167,0.3987557901380396,0.39624909965502925
0,1.456936396992621,0.0444736156478463,0.733024001121521,0.2202742143120386,0.7502721214294439,0.1659345557411259,0.6878740029854852,0.688549588585813,0.6872227351396463,0.6902561864371358
1,2.7580326552509016,0.0786516093343371,0.3752865791320801,1.1020897466453952,1.5493461799621588,0.3319773707115283,0.5862090445746937,0.585976233228125,0.5862529000489252,0.5836922082972782
0,1.368883959612508,0.0523089497501508,-0.4755226969718933,0.2686510756354665,0.7992542839050287,0.1832522426996005,0.34726961230612496,0.34763661232608073,0.3472650364413199,0.3487577094304626
1,1.6330327663726134,0.0930449028193082,0.12661270797252655,0.7715112879870775,1.3297704505920405,0.2927857176212812,0.5205218756561278,0.5200827980521906,0.5207191430043246,0.5176980284132935
1,1.4171201474215356,0.0993551375426465,0.41697612404823303,0.7705140560136641,1.4077561283111577,0.2775813495200396,0.6018311020203331,0.6010635813242072,0.602136745466076,0.597289386240023
0,1.402894055831294,0.0807088284847774,0.25456035137176514,0.648408640615926,1.261228332519531,0.2846947138198929,0.5609694026528015,0.5605854691594768,0.5611781894627469,0.5594521014116165
0,2.6017769224233125,0.168895697902906,0.1926673799753189,3.4858485674641293,2.527961807250976,0.7056758227264059,0.5731768130127083,0.5729992361124763,0.5729796178691612,0.5728370822742286
0,2.337003795332862,0.1252133787100819,-0.8631496429443359,5.498141857094515,3.8964023971557618,0.8290161229655393,0.27764384365161604,0.27543120014327394,0.2800339133164382,0.2734003895535212
0,2.0034325483842856,0.0611549514085078,-0.5610191226005554,0.9967925876537244,1.500886116027832,0.2668322891756067,0.3176401637095294,0.31690007883328214,0.31855763384320057,0.3144667990465251
0,1.8504026086550147,0.1268991608268803,-0.6668352484703064,2.420075568596902,2.2255861473083502,0.5185530690292517,0.3119062669285513,0.310812075932608,0.3129412280057913,0.30833907625459495
1,1.7101627816655156,0.0634385809256946,-0.5776674151420593,0.642130401230977,1.0908560371398932,0.2222490635492907,0.3173104105594918,0.3172883629099411,0.31759368670430893,0.31666793496601675
0,1.6570086260564096,0.0426261208311943,-0.10993245989084244,0.3622979344967916,0.8920820236206057,0.155412984120116,0.44224052093670957,0.4425230633107316,0.44223210892910597,0.4426505968823922
1,1.1462276095906694,0.0467502642555148,0.34634822607040405,0.2652821286502398,0.7975939369201658,0.1716851539075201,0.5849423190556877,0.5854068114970111,0.5846092197182037,0.5870877255962484
0,2.0695555521354505,0.0829224857131136,-0.8076143264770508,1.0159545243762984,1.5280839920043952,0.2909688592123875,0.25876746929069466,0.2580616547793584,0.25956564478582234,0.25506143220430993
0,1.614410661664249,0.0612490169548283,-0.9277752637863159,0.8739096896733081,1.4166960716247563,0.2592755720899332,0.23458747211792344,0.23391527183788857,0.23550898829566808,0.23225579362861554
0,1.858126456026204,0.0980919067029571,0.5568398237228394,0.9205783233778764,1.0635388374328614,0.3198225764002904,0.6525991388014876,0.6534582216490925,0.6515787870512227,0.6548299130130601
0,1.2324995219081325,0.0428939887580532,1.0569285154342651,0.1861070972279677,0.6714119529724115,0.152523398708185,0.7651251684942486,0.7658301112420184,0.7643827442834238,0.7677824549791192
0,3.7396503561571928,0.1501464096138148,-0.9258649945259094,2.6340727490718785,1.7408359336853028,0.540994223533741,0.24948825621391904,0.25053445561314114,0.24862987710481965,0.2509792251355866
1,1.7229820378991163,0.0824325727040334,0.1595262587070465,1.1803681884388062,1.637554588317871,0.3621491694559648,0.5351650068505807,0.5343543304937698,0.5358270685342612,0.5327472426778967
1,2.4649172976941327,0.1344313282920841,-0.2383568286895752,1.919169417927196,1.7825160789489751,0.4897919734345383,0.42790142579751217,0.4278936062542152,0.42774108207073014,0.4266797319021404
1,1.3030012826456476,0.0673104544888329,-0.2023676335811615,0.4275031631510446,0.9001660728454598,0.2311663803278507,0.4286821066519575,0.42905634024849953,0.42851627711578216,0.4303060969982841
1,1.4063270552740077,0.0665006102042518,0.44724225997924805,0.572651744845334,1.1201000976562503,0.2393014301765315,0.6134438899163824,0.613403433731764,0.6133787408232855,0.61316085752604
1,3.057084868975,0.1336869289146089,0.47796159982681274,1.9356685675921017,1.4975519561767572,0.4918928449866014,0.6382776229128603,0.6395973353340897,0.6367549993842482,0.6413286142994294
0,1.7821892415529512,0.0564018072081744,0.6297919154167175,0.7316442356707078,1.2832482337951658,0.3024161527743491,0.6666853295748267,0.6666400173727831,0.6666805611196509,0.667519525000307
1,1.4780113322886996,0.0620316664798198,0.58226078748703,0.4779134335964753,1.1135780525207526,0.2444159962022932,0.6507027220594058,0.6506646111703444,0.6506191078037196,0.6506892475477752
0,1.9923547997025144,0.1239598662828829,0.6600657105445862,2.9665827654252523,2.75433828353882,0.6089522523795741,0.6868902295116948,0.6852226105877904,0.6880423590690032,0.6821383164482198
1,1.7536974153961224,0.0618526810438322,-0.6782575845718384,0.4550651795124739,1.0141620445251462,0.2385018814161834,0.29493032166594096,0.29501027077595243,0.29516344699152647,0.2951644235364419
1,1.429826094504436,0.0690675655021254,0.3661680817604065,0.3474092186998371,0.814820222854614,0.2083894247256315,0.5921293689619861,0.5928036490854302,0.5914491337716051,0.5939760362341837
1,1.5000532366984398,0.0784858885143483,0.15639188885688782,0.7285411052545914,1.2118579673767087,0.3017741509089602,0.5359914865069647,0.5359437251105779,0.5359998098669523,0.5361828597057888
0,1.4709099077250491,0.0991142750796126,0.11491130292415619,0.8783976965426601,1.294012012481689,0.3313603960461064,0.5257615253425932,0.5256225127279224,0.5257199722050295,0.5249277384005663
1,2.1020162270988045,0.1532996633181641,0.5085260272026062,4.82285586980144,3.55700412750244,0.776438654193092,0.6578841939415968,0.6558222971481087,0.6594192832622017,0.6524198155758489
0,2.2365498117758293,0.1077642313982022,0.12002116441726685,1.303008308675348,1.5559560394287109,0.403579036353994,0.526428418858877,0.5263190922451525,0.5263294674406488,0.5251397190439948
1,1.149633961320368,0.0562608455913936,0.1540587991476059,0.213026777486074,0.626363201141357,0.163181945036083,0.5311369988901831,0.5320872257019933,0.530394459310721,0.5345246530670481
1,1.2105642539891206,0.0453637838599153,-0.7023833394050598,0.286483628789298,0.8331680679321297,0.1381988009570025,0.28425055291671936,0.2842960764740205,0.28457760414326616,0.28423850172709336
1,1.494923074718499,0.0568204170408964,-0.13542847335338593,0.5256292351419666,1.0427046585083013,0.2563272408323895,0.447926207309389,0.4480868326573003,0.44801488356615793,0.4495045811781231
0,1.6194871120483258,0.0533322031425401,-0.12536969780921936,0.5879630400360812,1.0248800468444816,0.2555958267865023,0.45071919520636095,0.45106398390785274,0.45068072691322675,0.45297947321016524
1,1.3301215381226648,0.0783528235250648,0.09366702288389206,0.4330885402645845,0.8596992492675785,0.2326715872922025,0.5159598009675023,0.5165550484516441,0.5154022892653677,0.5176533886159944
1,4.121313460668746,0.1094840604477573,-0.17950622737407684,1.9280056476865592,2.112682037353515,0.4909182273666561,0.42361540813891396,0.4231139473438391,0.4239394381319945,0.4188517057774287
1,1.6118198512640207,0.0834115258910561,-0.19476188719272614,0.6845916487127282,1.2428260993957514,0.2758001790170896,0.4261920177625034,0.425860218602101,0.42649481545549994,0.4242305314225848
1,2.393514375041895,0.1403431619161329,0.4938802123069763,2.1232444948376794,2.0367180061340324,0.5151752729457324,0.6385659315639691,0.6381100913125829,0.6384971245742737,0.6356056936923246
0,1.2460186701603932,0.0516067563610845,-0.44370681047439575,0.2521916228170662,0.7484901428222662,0.1673956135151649,0.35577060564176755,0.3562111931043571,0.35569714966731486,0.3574754646109107
1,1.7329941388913828,0.0830737571815417,-0.00823702197521925,0.7442250935336483,1.2151700019836422,0.305005142074205,0.48545221405278444,0.4854623591280919,0.4854283971020932,0.48524841276159875
0,1.766273208241514,0.0821397884953083,-1.0600866079330444,0.5500444619357223,0.9705083465576168,0.2622128100264464,0.21286696540921288,0.21308196048038186,0.21293547936794063,0.21318325993276366
1,1.6641887451379074,0.0632642224970326,-0.23787608742713928,0.8449172173458738,1.3742460632324214,0.2456648729680732,0.407557054578033,0.4068892734725539,0.40830082544117247,0.4046573048228321
0,1.611006020985106,0.0417565231874398,0.44832056760787964,0.2374171001812934,0.738766098022461,0.1624182187992513,0.6102212578736619,0.6110154909361049,0.6095831617166039,0.6129274127114059
1,3.008678493124766,0.187377686617066,-0.35756000876426697,10.531577962764826,5.40334623336792,1.0262347666477114,0.41836618772881684,0.4166478238910016,0.4202328024676289,0.4137157567104671
0,2.933942614477807,0.284429936635887,-0.5886128544807434,9.318379970723964,2.9440120697021483,1.519134991093112,0.48131037528219495,0.48847212550385904,0.4755914089897557,0.5188852649079245
0,2.1518230813230224,0.0801193091165453,-0.050496846437454224,1.2324704164192355,1.4680661010742193,0.3925032510087075,0.47918616516635265,0.4792597688417362,0.4792383543384662,0.4804291840414889
1,1.4264749304179063,0.0705167733542088,0.22085443139076233,0.517393276078003,1.1548002624511715,0.2543111470418675,0.549044443753948,0.5488169788374737,0.5491898137327159,0.5481461685598432
1,1.6656627774215544,0.0778724411232353,0.363275945186615,1.0520399508831697,1.6542484474182129,0.3418966625691274,0.5909060363398887,0.5898891733711702,0.5916710994936195,0.5875642236814698
1,2.1327329529091577,0.092915350775646,-0.27327853441238403,1.6118945287997577,1.9244520759582529,0.3665031296819258,0.39944992485784186,0.3981795189506231,0.40057341527272006,0.39373666461524265
1,2.537482316545365,0.0610728981924185,-1.1523363590240479,1.1049558992750408,1.5443579673767078,0.3324087693300284,0.19100385276462328,0.1906282446496474,0.1917013695737744,0.18974754677930908
0,1.2577872623884343,0.0478240160839818,-0.2224636822938919,0.1890697369860043,0.6853159523010254,0.1537326156781655,0.4170948206470937,0.41773173608235775,0.4168080192930406,0.419462940621857
0,1.5487738240981437,0.0334187426152815,0.5036798715591431,0.2688860324796638,0.7912021255493167,0.1728474062029099,0.6271864797771463,0.6278580413546017,0.626709412923912,0.6302199430193047
1,2.0251691944188197,0.0654722791058192,0.13475993275642395,1.1514927705784843,1.5708382987976075,0.3793897683416232,0.5308400459535154,0.5304308344032489,0.5313269508093448,0.5309951759746788
1,2.032538493204792,0.0961804707194762,-0.28690236806869507,0.8485263455838686,1.1121979141235356,0.3256774373486495,0.40712043260431824,0.4076926092752024,0.4066457698443838,0.40831944588542973
1,1.927897606848672,0.0622677115052968,0.1576281487941742,0.4011402289594858,0.9017938613891608,0.2239252746340522,0.5279627347114091,0.5286061651652334,0.5274309346299952,0.529533749267247
0,4.554446292516373,0.1097523521714443,0.4011784493923187,1.6326140584262925,1.3900781440734855,0.4040561914420186,0.59370338902314,0.5954198256480452,0.5918788801253303,0.5951533762877419
1,1.9749334044492688,0.1002311277417273,-0.07347787916660309,0.9705428091212228,1.1577680397033696,0.3483071218625207,0.47239128465052316,0.4730447535359275,0.4717619343331473,0.4741329704404733
1,1.2705973233752936,0.0515455898134746,0.08235208690166473,0.24811796557652,0.7450840187072759,0.1761100386038939,0.5082877995786079,0.5089308762994605,0.5078702479468126,0.5108073859483531
1,2.551903658096828,0.1830947331138261,-0.43490344285964966,6.637556341405581,4.222721672058104,0.9108757010018972,0.3932447067986304,0.39100669458517007,0.39524876120776564,0.38695161557980434
0,1.9916967138697264,0.117358383463689,-0.1373407542705536,2.8920773031558644,2.6386341857910143,0.6012567362570527,0.46280072841031494,0.4610208459387686,0.46438144653026603,0.45845039885061767
1,1.459008173029112,0.0751794195367622,0.5774713754653931,0.9028861370848976,1.4237240219116216,0.2743000390516587,0.6474459821853925,0.6468716079729717,0.6477470911295394,0.6449436484252632
1,1.6541632341575676,0.0753639850891099,0.617557168006897,0.839992944037567,1.3145980834960944,0.2898263176520667,0.6611647704822521,0.6610118266030485,0.6611081747477089,0.6603742491795936
0,1.1154837646262576,0.0604358119081598,0.3759603798389435,0.2499708261134054,0.7749125957489014,0.1767663804691822,0.5939645769279059,0.5944768291094612,0.5934710927325707,0.5956150867606921
1,1.607563401169746,0.0693077268261474,0.7185376882553101,0.8405703354477566,1.3118422889709471,0.324147022091781,0.6928868630932649,0.6928603386012354,0.6927753746846977,0.6936898237069277
1,2.4858361876634447,0.1270325240046339,0.05069315433502197,2.0245223564954244,1.6075261116027826,0.5030559556967078,0.5206345529043984,0.521503398693404,0.5197264687821487,0.5235542438664613
0,1.7719807169324255,0.0887727700245229,-0.4667317867279053,0.6341216389136661,0.984094295501709,0.2815407694530372,0.3553137940093296,0.3558180653385833,0.3549860894446277,0.35640340458947467
1,1.4147499408775213,0.0569591021581832,0.6231144666671753,0.2641323676957889,0.7007641029357911,0.1817045568002454,0.6624737959938972,0.6633713922128169,0.661598058344675,0.6654286550552186
1,1.3561893136585277,0.0368107961137955,0.5622917413711548,0.1986699519624563,0.6388500595092779,0.1485746920136117,0.6444821848883185,0.6454415108914947,0.6437087718646995,0.6483092383948245
1,3.197725210004653,0.225904868538019,-0.9265477061271667,11.41438062824548,4.755503959655761,0.8937349317340575,0.2658172336115071,0.26659115516434917,0.2654368468428474,0.2659155434378387
1,1.664257519373251,0.1375299407632672,0.28640350699424744,1.932177753285818,1.9793400955200189,0.4914491012920129,0.583700385062528,0.5828367825637504,0.5840566917980166,0.580199124474163
1,1.8891059065961109,0.0771364041304488,0.022975856438279152,1.3510613677923808,1.7780600738525405,0.3504622101003163,0.48902639158876526,0.48789465429216944,0.4900413365658136,0.4850105343072884
1,2.078841034302388,0.1065002029396438,-0.15450549125671387,1.2642168172946862,1.5613080215454107,0.311845230016761,0.43225198386734004,0.4316712581144043,0.4325860219927154,0.4274380062252544
1,2.6004457478088274,0.2032101020972285,-0.6503407955169678,4.503535968302702,3.253703098297119,0.6764276977153946,0.31270006368302283,0.31095659025445943,0.31389421304336623,0.3032799884405154
0,1.7717762935400174,0.1319382895804698,-0.23034048080444336,1.6181711007775996,1.8940830993652344,0.4497459144863908,0.42571491962179964,0.42461205979025,0.4264495618762591,0.4207624307919848
1,1.9521882323333344,0.0771822163770193,0.31895846128463745,1.5724555913639582,1.882699966430663,0.4739583452709678,0.5929273765039774,0.592183009899482,0.5936252405214495,0.5929439212874686
0,2.146991202849293,0.1104403636842722,-0.8209081888198853,1.6488232707683337,1.8426760864257807,0.4539855822006263,0.2698125357693998,0.2691452732374736,0.2705458359328133,0.2674574150338822
1,1.4054447009163251,0.055031219927677,0.6178228855133057,0.3834050332350489,0.9973920059204108,0.206399029184584,0.6581840281759432,0.6583121284731229,0.6579769244702162,0.6586117029347658
0,3.9051540643958313,0.1691158750895933,-0.345289945602417,3.511123240500359,2.511776103973388,0.6321555463085528,0.393405611128973,0.3934336756098106,0.39311332012535316,0.38996565662227234
0,1.5739994235453778,0.0713884801173465,-0.5016838312149048,0.9085549458978758,1.5225099754333495,0.287395031572458,0.33776974226542583,0.3367618652862815,0.33884927334206544,0.33411079362009577
0,1.8617776161817816,0.0497459896175624,-0.37883320450782776,0.7051948425706691,1.2520574569702163,0.279919600078044,0.3748105420893977,0.3746004685253619,0.37534698857785037,0.3751006515028263
1,1.4882240835599911,0.0598871855241754,0.8745511770248413,0.3519806694970216,0.7784760284423823,0.2097560098951343,0.7269991973159712,0.7277847577014527,0.7261506058444617,0.7297352945788786
1,1.2932589126424363,0.0761431647883943,0.13830479979515076,0.6699551344922472,1.258338127136231,0.2588349154368952,0.5243030821089338,0.5238048859706167,0.524675772722581,0.5222494998385584
0,1.60207428865307,0.0661694338535536,-0.3310912549495697,0.5055777765712572,0.9600201606750493,0.2248505673933817,0.3872944219340045,0.3875941171372158,0.3872248171735427,0.3879895397152424
1,1.473820259524652,0.0493349042426857,0.4307517111301422,0.2402650757758,0.7286039161682126,0.1633894719088242,0.6063236911075311,0.6070964462208347,0.6056564387619164,0.608750081589906
0,1.3770899803144612,0.0603887928013417,-0.796736478805542,0.4087240676588826,0.9716499900817877,0.2131051038699716,0.2669436476135449,0.2669051622011374,0.26730200329625164,0.26692928366290297
1,1.3679477429195237,0.0587167714621555,-0.13473765552043915,0.4286426738521765,0.9079920196533204,0.2182360276429007,0.4461943874983187,0.4465570232903455,0.44607088638762715,0.4478792539909597
0,1.6331227043660224,0.0810360150649024,-0.287654310464859,0.8743762836933793,1.2018879127502438,0.2699346037613214,0.4007279107967118,0.4007186555870365,0.40083160779503085,0.3999935370412681
1,1.3091417244869288,0.0581284087455798,-0.3408171832561493,0.2712175830467844,0.724352035522461,0.1735951813997101,0.3847534996053429,0.38536352851095457,0.3844616282182365,0.3867237659107015
0,1.43613022795218,0.0667506635209382,-0.23974227905273438,0.4038776639610233,0.8796202278137215,0.211837900281487,0.4141858135414454,0.4145828054953499,0.41399297629181997,0.41526807231021867
1,1.947499548886552,0.1059121648820435,0.4481419026851654,1.6606407419482034,1.911612148284912,0.4556095836827024,0.6241541370395737,0.6233442913037656,0.624610114886578,0.621585328455582
1,1.3786074692001904,0.0670468504365287,0.4160870909690857,0.5793572370695128,1.1988659858703614,0.2537183996896106,0.6050667065591472,0.6047884621759165,0.6052151992765181,0.6041643537489437
0,1.3813311520891598,0.0793896004137039,-0.29015567898750305,0.5099535442241266,1.0489061546325684,0.2380367721882311,0.3995090556887042,0.3994567399576587,0.39962567552390577,0.3986381568791089
0,1.4083589057532158,0.0515199299602058,0.48404449224472046,0.4804355777301294,1.0367600631713865,0.2310448676315993,0.6251835930671813,0.6253388347880129,0.6250561110408579,0.6264589097527062
0,1.3908590899136235,0.057442915711883,0.7765526175498962,0.4527488584751207,1.027153987884522,0.2543195005373923,0.7050673114425037,0.7053122575245198,0.7047425223255248,0.7067322018691469
1,2.0816196719633577,0.128474544581738,-0.17735199630260468,2.327707422659296,2.3419379806518554,0.5085608695852003,0.43970082736884797,0.43808608281272104,0.44094030117914373,0.433275948746875
0,1.3375224211207952,0.0673791157459208,0.5794181227684021,0.3771104364943551,0.8686179733276359,0.2171147267271255,0.6522937981401563,0.6528206352429117,0.6516909878738373,0.6539703209539759
0,1.878817691102065,0.0834558704509824,-0.5366333723068237,0.5982566313072425,1.2180191802978515,0.2734631216698246,0.3291694106280659,0.3288790988715396,0.32953364260969187,0.32706240608883463
0,1.6211914132098153,0.0583249965350743,0.14576426148414612,0.458810916783484,0.92197603225708,0.2394814493816494,0.5297760500805465,0.5303511014389033,0.5293766459737559,0.5322554624357292
0,1.7435546594370943,0.0886660456293174,-0.038641344755887985,1.7824398827688563,2.3007724571228025,0.4450268260040133,0.4745409156125639,0.47222210564823297,0.47656689109025874,0.46724993984027113
1,1.6208793815015137,0.0628913835811951,0.12817323207855225,0.4484258234173012,0.9286844253540044,0.2367556291351119,0.5235725578250038,0.5240916655110226,0.5231828620140437,0.5254764374468957
0,2.30930385469584,0.1309849482909844,-0.06683947145938873,2.204454883598649,1.933694190979004,0.524935101179023,0.48283652588740295,0.4826980743669397,0.4828016864400269,0.4822079085025824
1,2.640893614243809,0.1807495451751036,-0.36855819821357727,4.998752562716501,3.2226922798156736,0.7904707903139512,0.41048934332360254,0.40963824855262754,0.4111381436202669,0.4079159545967729
1,1.6422668350901093,0.0721332097281377,0.21413829922676086,0.3876691778740039,0.8550780487060544,0.2201332488159171,0.5469667204371569,0.5476362817376156,0.5463204400369931,0.548463964981429
0,1.851820641504627,0.1000071571718529,0.08049633353948593,1.4611776270565593,1.7880780410766608,0.3489481369125121,0.5046920724373954,0.5035982141971805,0.5054631812161411,0.4993019265195981
0,1.7934198010463795,0.0668991776242334,-0.2514326274394989,0.8264146711835211,1.192959995269775,0.2874742894909944,0.41339808352343344,0.4135150711707436,0.41350687990280155,0.41417359978489954
1,1.2978527780883786,0.0631098156857067,0.31879377365112305,0.3202672726436848,0.7986761283874506,0.2000835052683269,0.5791349786471478,0.5797686288320012,0.578555183729625,0.5812737095837566
1,1.575497549978965,0.0493562635893252,-0.6055623292922974,0.2013255850826916,0.702462100982666,0.1695900877674044,0.3119404351730297,0.3125324335300077,0.31177895288966534,0.31395304929589946
0,1.863331905162954,0.0976544668090999,0.658643364906311,1.2984871450481037,1.529848098754882,0.3798372670628689,0.6784781641443068,0.6783909385163536,0.678275374865278,0.6779621324245094
1,1.4179138210457272,0.0714618396426263,-0.511601448059082,0.4486286194524018,0.9282183456420898,0.2368091582510064,0.3413600369082304,0.34162006745863066,0.3413539701539978,0.34226262593820483
1,1.2190670696541068,0.043189220168061,0.8315855860710144,0.1547121251041334,0.584789562225342,0.1390647893537996,0.7140383622799427,0.7149853175802756,0.7131377048914027,0.717467274030415
1,2.0847040400499925,0.0777109333102756,0.22971102595329285,2.093378381633847,2.2236841583251965,0.4575345212805092,0.5571271317669038,0.5556897866843828,0.5584342773868006,0.5534845896511933
0,1.2443409624904118,0.0588190470500733,0.23216858506202698,0.263186143412548,0.7748818206787104,0.1813787967943565,0.5521726909292974,0.5527463018356598,0.5516953055166043,0.5540622736224287
1,1.5617450911801964,0.0510031343628525,0.4371972978115082,0.7765302847313329,1.377830162048341,0.2786629298509819,0.6108090611641901,0.61029775738967,0.6112945030895198,0.6100676176995075
1,2.1240171257278355,0.086909552353273,-0.21004636585712433,1.151015977314089,1.627070980072021,0.3793112141293229,0.42544397574812115,0.4247666220629374,0.42609232831820554,0.42302824227302843
0,2.446187593363451,0.1337286047493325,-0.10601885616779327,3.093722295953001,2.7721370124816893,0.621864363823917,0.46743978826307725,0.4656123967415052,0.46890742144730546,0.4613306132423426
0,2.449469423348614,0.0998045275673438,-0.03811826556921005,4.840122845863723,3.204088172912599,0.7333426397791086,0.5056535235238465,0.5046241096846055,0.5069677875677522,0.5066641761992621
1,1.482613761848086,0.0622706040224657,0.2534482479095459,0.5071585694684018,0.9958599472045891,0.2252018138178291,0.5583030526884174,0.5585804219026791,0.5580677995642345,0.5591966052006555
1,1.4738249243236268,0.0891493921750803,-0.0977412611246109,0.6735169214276356,0.9980319213867188,0.2735602556877726,0.46142733319004064,0.46191142268243474,0.4609872728830293,0.46258495868855076
1,2.3790635727365594,0.087993017148205,0.29028111696243286,1.644635137375983,1.4806321525573736,0.3866681849027645,0.5775831667369874,0.5781784697459516,0.5770190582522298,0.5795436530078897
0,2.045457850441796,0.0658193655143788,-0.4799797534942627,1.1756698062184008,1.6958799362182606,0.279960688456838,0.33611811195515345,0.3349641518277275,0.3373353012614182,0.3310932294341814
0,1.5703669375933296,0.0595570783172583,0.5983437299728394,0.5269487268546815,1.05169792175293,0.2566487694434461,0.6579470133566478,0.6582339840225454,0.6576219287485388,0.659464833836115
0,2.967310340926951,0.2052973070201781,-0.7840115427970886,9.483093828941335,5.0887957954406735,0.9594453166700532,0.29544195711878923,0.29365808560755763,0.29719931310248004,0.2885792779927705
1,1.5408217365445611,0.0648014757728693,0.20085056126117706,0.3905234922035323,0.9277901268005372,0.2209421565148704,0.5427273818138911,0.5431149717666961,0.5423858185203846,0.5437688589893953
1,1.501974827848085,0.0795776064586489,0.7473201155662537,0.5731458139239238,1.138520069122315,0.2523546476959941,0.693271006299561,0.6932824515855784,0.6929785701489256,0.6925109965149682
1,1.1836366110782883,0.0426604104170407,-1.0151176452636719,0.127952026312966,0.5043259620666509,0.1264674001042195,0.2198236560258845,0.22048139671601494,0.2196866014225415,0.22242580315630317
0,1.6502384110287025,0.0545008560271235,-1.0429105758666992,0.6780820987006517,1.3322819900512697,0.2744858018389722,0.21360440098007788,0.21306911244970095,0.21445891709961462,0.21237987602153444
1,1.7181387311207028,0.0671959706843408,0.31548792123794556,0.6885186110488499,1.2319808959960932,0.2933680732136785,0.5791961740806902,0.5791417854305906,0.5792197857736157,0.5794375421633202
0,1.228470753192263,0.0529832311410543,0.3499271273612976,0.2658095479810322,0.7718879127502433,0.1718557366517472,0.5854884179386673,0.5860639456345206,0.585006059006447,0.587538504306013
0,3.196356715998905,0.2677543825016263,-1.0854002237319946,8.791161877191225,3.150728073120117,1.206309702392372,0.28901410668208444,0.29299651525319265,0.28588797101043784,0.30720716489523403
1,1.4083121999648165,0.0567292076461659,0.5485802888870239,0.4466932122815279,1.0811659431457528,0.2227837048403495,0.6400267947555229,0.6399766561764301,0.6399910953683159,0.6399654730340705
0,3.24017379813341,0.1652072634817571,0.17108097672462463,4.596629250522226,2.58235013961792,0.6464328166260679,0.5567220334457877,0.5576017126236114,0.5556929789550322,0.5577468793586271
1,1.5101844675107914,0.0686901247382692,0.5355229377746582,0.4891122499832651,0.9950721740722648,0.2472630810450847,0.6407398772467338,0.6411066937078522,0.6402914919662146,0.6419837835082978
1,2.8034332300447966,0.1718643469274175,0.19201353192329407,4.304000671412405,3.062467079162599,0.7394711632278649,0.5664332219575018,0.5654186096692383,0.56696284646157,0.5624773962175758
0,1.392261311669258,0.0616083202719088,1.118693470954895,0.2994496679919372,0.7266541290283197,0.1824066482681962,0.7786892534525085,0.7794089939856388,0.777828361528678,0.7807947288233921
1,1.1693088140317285,0.0510991867505478,0.05241621285676956,0.1777972882547286,0.6511881637573242,0.1490793782917042,0.4982372350528068,0.4990100361803353,0.4977083945796378,0.5009202586200007
0,3.204566856404273,0.1985994115160251,-0.02510468102991581,4.325818063883571,2.6643320083618165,0.6013167607858749,0.48583678175945744,0.4858679368744116,0.4852232552439936,0.48042898292663994
1,2.4021879089551104,0.1056983969269389,0.6523364782333374,1.598186313561746,1.7142220306396485,0.3997732249115422,0.6718689474660424,0.6717052682368329,0.6716691523392654,0.6699302963789255
0,3.1034115227363874,0.1350669497647145,-0.4457133710384369,8.673290172710526,4.152058067321778,0.7604073545458173,0.37856621935374724,0.37851543817006494,0.37917234072646366,0.3787051926710464
0,3.746041162347858,0.2693906269462774,0.00048245786456391215,15.926168528645658,6.3358017921447765,1.056948425285685,0.5195288025402472,0.5206441725617101,0.5186271380724804,0.5174508622064848
0,1.3898559396874697,0.063779324139011,0.9164288640022278,0.4999835502140499,1.0840981292724614,0.2672568454860417,0.7384876299339012,0.7386441455797208,0.7381688523517979,0.7396120295899723
0,2.727760300943143,0.0809968088477564,-0.5782222747802734,1.2462187300117205,1.5220858383178706,0.2707526253212265,0.30754600913971886,0.307195504174636,0.3079779501779603,0.303637696815451
0,1.185771571805416,0.057284428517282,-0.42750757932662964,0.3721972625718512,0.9062044334411626,0.2156957529055252,0.36405022944894677,0.3642096531741735,0.3642066169053378,0.3653662716214348
0,1.6504646269244778,0.0695814638114785,-0.2873297333717346,0.7197470711217807,1.1878121566772466,0.2827930281872397,0.4030455862887048,0.4029879191374719,0.4032833530352154,0.4031673678398257
1,1.2172630456168807,0.0366013839763349,0.6802113056182861,0.0849941878995842,0.4246598434448239,0.1030741164766792,0.675039291214327,0.67637334083801,0.6738863240449612,0.6797162177687156
0,1.6268553123158564,0.0887602027888151,-0.23026259243488312,1.5924658952493076,1.812818222045899,0.4206431445152778,0.42773969169191994,0.4268238336167405,0.4286732947566979,0.4259103907698766
0,1.1876922421199858,0.0496864448199965,0.26313096284866333,0.1683999304707527,0.6189843177795413,0.1450861513337647,0.5603492590869386,0.5612576946718585,0.5596319791085858,0.5634920509619988
1,4.507968313532821,0.2032994990858537,-0.34502631425857544,5.020962202506334,2.6684764289855947,0.8352540760890549,0.4208301925426557,0.42274269721001206,0.41895966154197556,0.4255255895663965
1,1.408371811960389,0.0529260726540517,0.2334877997636795,0.4277061906397471,1.019238090515136,0.231221265955293,0.5537443129351649,0.5538562794993744,0.55373575412489,0.5548966722199598
1,1.4217307540265498,0.0408661356696839,0.5761223435401917,0.4539080707429799,1.0289379119873052,0.224575666719601,0.6500824243666532,0.6502532675337813,0.6499852953997558,0.6518571594708218
0,1.658642433885383,0.0892860869050276,0.26124489307403564,1.1235828076291303,1.696060333251953,0.3747637268381791,0.5650889613249521,0.5640456846098585,0.5658511937687648,0.5616894638857708
0,2.133985035851909,0.0665576370301288,0.0448971726000309,0.9374094721631804,1.5286261367797846,0.3423100699956072,0.4973087657500646,0.4967113215705913,0.4979201759479774,0.49569438223529366
1,2.4188810417194038,0.1615344051755793,0.22269240021705627,4.872813946946831,3.640868053436279,0.6980554381241386,0.5606743775281319,0.5579596303260881,0.5626858690268202,0.5499370338719247
0,1.6386058567924693,0.0889102176012781,0.41054606437683105,0.6167427411583298,1.0417881965637212,0.2776559789465936,0.6075644129120675,0.6079977831038204,0.6069629532752893,0.6082308918599962
1,1.855604377291642,0.1022913608794157,0.20408479869365692,1.423107589336578,1.5954295730590826,0.4217682404675252,0.557398031452181,0.557226349001915,0.5574144646777184,0.5572797481786904
1,1.855684148895464,0.0593636175264114,0.505943775177002,0.5771217470639474,1.0754939270019532,0.2532284315843322,0.62971418850047,0.6300527907060769,0.6293632811067152,0.6308776259880273
0,1.4245311506133034,0.0787574668644058,0.09589232504367828,0.6453351755665363,1.202212123870849,0.2840191841158217,0.5158016345956404,0.5155963681395694,0.5159427780823658,0.5151297048702622
0,2.1710991321531967,0.0864420808541974,0.04589150473475456,1.2015534855007628,1.487750148773194,0.3875489461830535,0.5055097848694978,0.5054792764056595,0.5055447811507953,0.5057531769902344
1,1.5162782833401234,0.0443219762298152,0.912194550037384,0.2538932800499606,0.7398060989379889,0.1781478599541545,0.732941275642612,0.7336958092146909,0.7321863894859726,0.7357573676379303
0,1.4333452971511782,0.0466860202339297,0.29173070192337036,0.5814441632125998,1.1845780944824214,0.2695932499184187,0.5733695288219218,0.5732170731630415,0.5736469608966906,0.5745768331590158
1,1.795942894112559,0.060973683148672,0.5870465040206909,0.7262256366433307,1.3132702255249036,0.3012942159757076,0.6540072197440859,0.6538426600879229,0.6540757843056041,0.6540737446214246
0,2.16542277456692,0.1144924904012413,-0.2863399386405945,2.1838539887650343,1.970296058654785,0.3815629252399516,0.39797976547605296,0.39717561254191713,0.39860051304393324,0.39280608677364354
0,1.440623824155819,0.0733755665250821,-0.5593006014823914,0.6059803526298689,1.0689720916748042,0.2752227172286721,0.33129263956478067,0.3313584042387897,0.3314819888795085,0.3319986970687544
1,1.598554825763249,0.0457342355717779,0.38053232431411743,0.3824408352444993,0.9336820602416984,0.1955609458057766,0.5915831488251745,0.5919426217387608,0.5913299018247596,0.5929900961936156
0,1.4964977841016442,0.0673376948196704,0.38304704427719116,0.3761852763526967,0.9602964210510254,0.216848240813909,0.5941393754813109,0.5943930240681713,0.5938134020284721,0.5944368749778964
0,2.905258965509346,0.2112445258489964,-0.1235397458076477,5.668211016342357,2.674796562194825,1.008620645531117,0.5304962916346839,0.5331446162638057,0.5281652638308373,0.5443170020719889
1,2.2839927746316864,0.127694089139283,0.24308200180530548,3.1394778204087546,2.548403472900391,0.5906190556816687,0.5733027896286099,0.5722744295715231,0.5740229741273791,0.5702548900261819
1,1.640910052747525,0.0622450433723219,0.11431413888931274,0.6153987252094495,1.105680103302002,0.2773532777004468,0.521941264977568,0.5221440035939746,0.5218656093739713,0.5234326143863934
0,2.3246954688565413,0.1016311223938374,-0.1726137101650238,2.1165879492618096,2.239542255401611,0.5143670806512857,0.4434671608653286,0.44214193214938363,0.44467434657468713,0.43971380170243946
0,1.3795836363248817,0.0681837676579779,0.33870670199394226,0.4752282711445218,0.9663760948181158,0.2437284019006919,0.5869364035670588,0.587308484950941,0.5865613184744698,0.5884513110942052
0,1.7676485892350553,0.0737319389411652,-0.5667616724967957,0.8797037995384471,1.3685200881958008,0.2965980107044629,0.3238876759137247,0.3234342586245612,0.32451044824688763,0.3222223447725346
0,1.2918850146224516,0.0794844202765549,-0.46153607964515686,0.5210275907850337,1.0853380966186523,0.2552027602674571,0.35441835280866185,0.3542451354736038,0.3547118858841211,0.3536520983257768
1,1.1850290801962349,0.0460078827938412,0.49929070472717285,0.1621743692704025,0.5998421096801766,0.1342362632204057,0.6266858729386963,0.6276275569918601,0.6258720663868738,0.6299146164444502
0,1.6274962801941677,0.0667408363908688,0.1160791739821434,0.9164916359741055,1.4119179344177246,0.2763590110668406,0.5154284962015362,0.5148399873100425,0.51597649448135,0.5132604954851365
0,2.0545374333681696,0.0787544251389677,-0.2695925533771515,0.9367850461840184,1.3372630119323736,0.3421960414338574,0.41028449883096935,0.4102581144429246,0.41045371674771974,0.41043340307344245
1,1.54192842592873,0.0498480297663906,-0.6302028298377991,0.6050935965748399,1.2114019393920905,0.2592925410451462,0.3082661978595938,0.30789882498143695,0.3089794609283661,0.30803551233671744
1,1.4225990053832818,0.06071442255576,-0.19357790052890778,0.2704262848901104,0.7316499328613282,0.1838566985759936,0.42690363581146235,0.42760947596830806,0.42646223468366934,0.42905747097373503
1,1.8304536285370645,0.1408410599829422,-0.07793127000331879,1.7204643884346682,1.8024220657348624,0.4637435159162157,0.47429440507112114,0.4736984948724989,0.4744919495461054,0.47092090416671
1,1.1195124416665474,0.0594111697495084,-0.16598641872406006,0.1674524061501764,0.5941869735717771,0.1364031631069278,0.4333595046840449,0.43418869307199603,0.43279033344002715,0.43562203835966445
1,2.271228869783367,0.1536660254109184,0.34737318754196167,3.6875817104007,3.074348373413087,0.6401025708084864,0.5981190983417721,0.5959881428636761,0.5995563247277768,0.5897656798875892
0,1.5417727456464034,0.0861662374322506,-0.032081980258226395,0.6122157258475027,1.123536205291748,0.2766350768267427,0.47714208069715897,0.477162606925197,0.47707069481057046,0.4765616580704374
1,1.2548732237522469,0.0596110458310666,0.47836580872535706,0.283172701900537,0.7762544441223145,0.1881398090186314,0.6235178787742753,0.6241529918083873,0.6228977403493691,0.6256789989204329
1,1.703494832851659,0.0803704656368561,-0.1355147808790207,0.727482777929954,1.2857741928100583,0.3015548826353906,0.44595856908865367,0.44565250140489404,0.4462628584270486,0.4446719403819387
0,1.3102576060314577,0.0598594449541201,-0.08661530911922455,0.4238369453674472,0.8639839553833002,0.1680946053799163,0.4539356734301515,0.4542755472907897,0.45376198896407155,0.4543855592796048
0,2.3895547594341155,0.1238114310930191,-0.45709848403930664,3.482184585555611,2.745222072601317,0.6597522816894621,0.3764105730805801,0.3752220034532162,0.3776373826250373,0.3742692587363243
0,2.923758933937958,0.1330412472237798,-0.5642884969711304,1.6869380755875183,1.2765321159362784,0.4592028521780323,0.34037003596209175,0.34177930480565827,0.33913939011609046,0.34383675041225775
1,1.4541890066698857,0.0620173306379795,0.3268797695636749,0.6025383001548613,1.1358180618286136,0.2744399524838861,0.5843226306228639,0.584369505525269,0.5842982925309643,0.5854065446169359
0,1.6256913718487358,0.0612721183773108,-0.7873855829238892,0.5741607649795883,1.0739421081542966,0.2101575901335414,0.2654649619068636,0.2653453775859935,0.2658737021928096,0.26457668685374847
1,1.3669024814855326,0.0580264994559245,-0.7424680590629578,0.4838361404381666,1.0786741065979002,0.2459258375095443,0.2821260633171118,0.2819372743443775,0.28264509676307614,0.28222614470482793
0,3.0220686652363677,0.1600099995113214,-0.2987363934516907,6.58206114870262,3.726589756011963,0.7406112986751001,0.41611714279435524,0.41521645063232593,0.41700083704268354,0.41197336004046414
1,1.3780681208407988,0.0501131769665346,0.07774679362773895,0.3707597606648353,0.934011936187745,0.2029668173932859,0.5058998761129182,0.5061247291277539,0.505861056318024,0.5071746096117064
1,1.5067574402156918,0.080961023344627,-0.3846519887447357,0.7887124087285342,1.12503604888916,0.2960316065573881,0.38003738111988467,0.3802177787697385,0.3800464340436387,0.3809698767122738
0,1.908899564728302,0.0747352420574577,-0.16158069670200348,0.6115839126886748,1.1576261138916013,0.2955826963543306,0.4388160802699437,0.43890228119703384,0.4388339997587376,0.439020040077066
1,1.9126598703171416,0.1066086762879352,0.7064228653907776,2.2613477981277423,2.0500038719177245,0.4755363075652312,0.6951796640943432,0.6946773159296751,0.6953669125091189,0.6938709892511236
0,1.9459277694393755,0.0651853358300696,-0.9517426490783691,1.742138221918976,1.8857402038574216,0.3810225520358534,0.23535841039003064,0.23452116410509483,0.23650477547065535,0.23344102333477712
1,1.8165706301023756,0.0764695738190949,-0.20514807105064392,1.0335894676928987,1.624210052490235,0.3065333242588358,0.41846604081734334,0.4173500174511858,0.4195058370584217,0.41390927816566975
0,1.654758302223165,0.0638079311984039,-0.28560370206832886,0.8191480184380943,1.345574092864989,0.3016893211453159,0.4032348031725691,0.40280484188529014,0.4038449199096061,0.4025756047187892
0,1.504510262179539,0.0727985962230111,-0.3171316385269165,0.414940752401288,0.9436401748657224,0.2277445807262183,0.3919650084043809,0.3921933275518042,0.3918957806610913,0.3922433561740597
0,1.397832385325838,0.0620885408644904,-0.35628193616867065,0.381835783362597,0.9017359733581548,0.1863124900323493,0.37734535157322535,0.37752263288768245,0.37738856242061797,0.3773883679070349
0,1.3915262046075758,0.0450510240674751,-0.3002726137638092,0.4152084836371698,1.0632179069519037,0.1942838793755088,0.3915406445814106,0.39126207510377825,0.39208532903346505,0.3909380455864299
0,3.135168260191876,0.1323316312507348,-0.5117909908294678,1.8502442496290252,1.843331966400147,0.4534122786198285,0.33880816197753,0.33860142983290387,0.3388654855124286,0.33518857587071804
0,1.7510658486660344,0.088587362430855,-0.6363015174865723,0.7401198166963299,1.156028060913086,0.3041627476977436,0.31059995322554773,0.3106634749134088,0.31070867974614,0.3104599635667589
0,2.0580458505403056,0.0938840646747182,-0.5494092702865601,2.184527909589552,2.232965965270996,0.4673893355212067,0.3343981298756302,0.33300317525237494,0.3358295180575762,0.33020592692790035
0,1.2593552246640072,0.0552422356577395,0.16860543191432953,0.2373339536835887,0.7175281143188471,0.1623897758424973,0.532053811108005,0.5327452143135534,0.5315179714273043,0.5342101654567505
1,1.6143383975919106,0.0443496591980104,0.11863839626312256,0.2656741274450837,0.7396899795532227,0.1822340965095046,0.5176723698705815,0.5185227741985368,0.5171186161317256,0.5209583159599389
1,1.409106762153921,0.0480965559039512,-0.08608369529247284,0.2320034139579762,0.7281860733032233,0.1702951166203747,0.4570653147454494,0.45774820369455704,0.4566966919257041,0.45962829275005784
1,1.2426732965733422,0.0617890244087517,0.34282225370407104,0.237955102410485,0.7281563663482666,0.1724656133880334,0.5837650922665606,0.58445560481384,0.5831152863524108,0.5857282781254094
1,2.4042129310272986,0.0735869904090943,-0.08602526783943176,1.1525154540302085,1.6342298698425288,0.3795582060155938,0.45997177298474695,0.4594149422717678,0.4605715114995348,0.45833844946060776
1,2.449006125246646,0.2154821458644066,-0.13915379345417023,7.851830007759921,4.342388057708741,0.8329370287667675,0.46841154366601356,0.46669030677110407,0.46963026219455606,0.45988479601594034
0,1.270498254198017,0.0558030734463496,0.46349605917930603,0.3307872547050263,0.8644159507751459,0.2033430766909173,0.6198045063032204,0.6202468932072913,0.6193921359807878,0.6217043570451379
0,1.378590099168173,0.0510327820588397,0.48556214570999146,0.5015962946326852,1.1543419456481936,0.2360782108239849,0.6237633928047355,0.6235475646417494,0.6239474632027838,0.6237186672393012
0,2.2343141846418244,0.1586737332145864,-0.5107727646827698,2.0363538842224944,1.6775760364532466,0.5045237710235383,0.3570339150395832,0.35736434158870645,0.3565506409064321,0.35655794190886547
0,1.324955071574782,0.0452955673239087,-0.3109639286994934,0.1668345518686055,0.6165683937072757,0.1444102454245393,0.391746744269579,0.3925650541078804,0.3913499320182688,0.39471777700912414
0,1.0658028971937037,0.0402837113885548,0.19985564053058624,0.0582026938514326,0.3640412330627444,0.0852955844779146,0.5404447991738414,0.5419180840979658,0.5393243162584855,0.5453990964787717
0,2.0698995515782905,0.0475716443602112,-0.17816825211048126,1.0177496206543497,1.6785280609130866,0.336278591622804,0.42930404635816566,0.4282155402385977,0.43056644014426293,0.4269003408050827
0,2.428395602546712,0.1204062562037782,-0.1175190657377243,1.66308144317617,1.8359159851074225,0.4078089556613696,0.44876711766495586,0.4480592071946119,0.4491579226388662,0.4438606175879157
0,1.7948965200016884,0.054412033008404,0.4039798378944397,0.5439205053926229,1.0782543373107905,0.2607490425180462,0.6029901801225925,0.6032819233006502,0.6027636870089873,0.6045947077785064
1,1.7011696233179343,0.0972101865038996,-0.013833755627274513,1.0823069076205665,1.5924102210998534,0.346779934640042,0.4812886250079894,0.48040698366147006,0.4819304161117374,0.4774131243824517
1,2.035182070906969,0.1518486887093798,-0.27113789319992065,2.4121686747137114,2.2404181289672844,0.5491093555378691,0.42067102354291347,0.4195748908211912,0.4213725777268913,0.4158656149910371
1,1.4992042812093385,0.080357779563419,0.07086224108934402,0.9327483319797548,1.4530760002136225,0.3219296562190351,0.508428306779244,0.5077763886957627,0.5089769437067274,0.5064413236391606
0,1.971217697990271,0.1202581714904085,-0.1974431574344635,1.108750677872434,1.6475802230834962,0.3329790801045065,0.4199382648879846,0.41888646331417945,0.4205692915475923,0.4131458009155275
0,2.0516767958436835,0.1314986106289877,-0.4086036682128906,2.297858406656265,2.451448593139648,0.505289620652933,0.370459854111111,0.3684590040154945,0.3720777511866806,0.36236157222849863
0,1.315928795934907,0.0560760772780676,0.42023390531539917,0.3157493934413742,0.7336240386962884,0.1986672448597699,0.6098579920620256,0.6107309837004294,0.6091022620197909,0.613318598845189
1,2.369982664585881,0.0794124964638898,-0.3535477817058563,1.146417592078893,1.4755659675598145,0.3385878899309443,0.38074596144423567,0.3805473641678849,0.3810694518680442,0.37941294102297884
0,3.133002268570682,0.1168068042037502,0.2260035276412964,1.2583483307147885,1.2316980743408203,0.3966024978985237,0.5561770325517188,0.5574936519083609,0.5547359116813712,0.5582160822018698
1,1.349133048902946,0.0862017107888434,-0.4307430386543274,0.4322912675981268,0.8973783779144288,0.2324573260832315,0.3627429398688667,0.36305225319690165,0.36255349398494763,0.36296740746253797
0,2.24565431848804,0.0580386011381721,-0.37755337357521057,0.7294685667867339,1.3506799507141105,0.2846964400485256,0.36966246584411755,0.36928070979304906,0.3702502228363771,0.3681456086257966
0,2.3830619484954485,0.1843658474261777,-0.4297967851161957,4.759637243838161,3.3683802795410167,0.8245897026346897,0.3952333926404562,0.39363369648367064,0.3965120737647697,0.39077163975438933
0,1.8738708089245693,0.0627095400911166,-0.5922695398330688,0.7157763048006365,1.2578584861755375,0.2820118801281323,0.31702869921677523,0.3167753678288178,0.31755071504273674,0.316399778213021
1,1.74613791929763,0.0420260805125054,0.6271896362304688,0.3151427989568193,0.8860319709777832,0.1692611749921134,0.655846970514735,0.6562983903644524,0.6554219550341672,0.6569962159976098
1,1.8230238285783544,0.066670096176183,-0.2990804612636566,1.5841259895615385,1.9368941497802743,0.3794884103586083,0.3982746897028735,0.39690250241320296,0.3997386447638523,0.39466751802094996
1,1.4605780105595438,0.0727351543789581,0.5801559686660767,0.4061909261115661,0.8504339790344244,0.2015417887465441,0.6494394702213349,0.6500439871461482,0.6487122876121775,0.6505486733071062
0,1.111913743263416,0.0526012166506999,0.4301186501979828,0.2071202505183256,0.6709080314636228,0.1517015529541568,0.6085655788314,0.6093297973760641,0.6078891562968692,0.6111797554753577
1,1.4557145776980076,0.0889106736760821,0.5413984656333923,0.6503101629334169,1.1442302131652826,0.2851118558858559,0.6440038405729877,0.6441011686186807,0.643655486560503,0.6437812791787436
0,2.752514902341901,0.1285089982111832,-0.42162951827049255,1.6085724305566882,1.5553886222839357,0.4227650293743017,0.36804335502741087,0.36834843646007853,0.36766096287791206,0.36673060121401047
0,3.194481851500246,0.1727379101618416,0.14073212444782257,4.178442528496569,2.610446224212648,0.6816628408082295,0.5502418586402669,0.5506451745264349,0.5495484061942382,0.5499748257393141
0,1.5297064941071936,0.0394427292500162,-0.494581401348114,0.4974817121994053,1.0985902023315426,0.1956216348345419,0.337372490663503,0.3370981000463627,0.3380062551082369,0.3368835577332392
0,2.731501290022503,0.1994151307502641,-0.6107643842697144,6.192543756252652,3.1471125411987315,0.8879438071224651,0.36335751161553137,0.36426304431682455,0.36267946465977596,0.36820348334541975
0,1.64278615036671,0.087818644210404,0.045739416033029556,1.0845743866699908,1.3887137985229487,0.3471430039415378,0.5057305716672928,0.5055966543712885,0.5058283569234858,0.5056019361298665
1,1.567162496402983,0.0910088204016388,-0.6812331080436707,1.172210455987866,1.7169024848937988,0.3608955613759665,0.2974007560221401,0.2962525483072749,0.29856571374149016,0.2934640427013085
1,1.230244832424897,0.0376029607227288,0.4648629128932953,0.1284806032134598,0.5293938446044922,0.1267283527932186,0.6178382229377244,0.6189935913230437,0.6169214194491259,0.6222195278312597
0,2.121730585996825,0.0604920876488344,-0.4877525269985199,0.5997984773452845,1.0535984039306638,0.2738152838469039,0.3457477689329111,0.34612020434987,0.3457269701803116,0.3472250809387623
1,1.2908634956874347,0.0718538556960811,0.261759877204895,0.5996709266853738,1.1574240875244148,0.258128074732373,0.5630653625368611,0.5628884307470798,0.5631604323046917,0.5625785627106612
1,1.4263902812962734,0.0655993330952173,-0.24044279754161835,0.5032601458548288,1.0689181518554696,0.2364694356230205,0.41351757752378376,0.41343307791454065,0.4137534908402328,0.4132475052999813
1,2.519634803960668,0.1069129783274423,-0.7452029585838318,2.11964594417768,2.1323177146911623,0.5147385190776088,0.28888603155100206,0.2880534360661411,0.2898140868825275,0.28641833640328873
1,1.6518124796014084,0.0743711601555167,0.21874244511127472,0.716878650284241,1.1483342742919929,0.2677458963801762,0.5494912797722572,0.5496247125423124,0.5493232534538457,0.5495856898655965
1,1.5998921726297255,0.1124194095723906,-0.21097691357135773,1.287605283861595,1.727470493316651,0.3588321730087193,0.4227620264074468,0.4215771107866984,0.42363154461389146,0.41712502607489566
0,1.2608153955273982,0.0530295333940208,-0.3192146122455597,0.4161031894033571,0.9363866806030272,0.2280633654829719,0.39517322962353957,0.39537566259896745,0.3953064417257104,0.3970354913140731
1,2.555592065209559,0.1299538101884934,-0.028694450855255127,4.023261319188205,3.2354319381713856,0.7091598302911168,0.4959954229751473,0.4938605653039639,0.49785105921954875,0.49021153323392486
0,1.1363129956473816,0.060227686514876,-0.1112586036324501,0.3261681430524421,0.8421400642395025,0.1903704409397758,0.4518301284319642,0.452143647286727,0.45170793262454884,0.4530614208223502
0,1.9006666276355384,0.0865044709571055,0.09962600469589233,0.9261643751912252,1.339043941497804,0.3402507118271806,0.5188016229795865,0.5187607481062216,0.5187790924310248,0.5185411837856014
1,1.372865658037153,0.0556389868169748,0.4314197599887848,0.3461233941712803,0.944280090332031,0.2080034237011738,0.6086864203736322,0.6089189173361301,0.6084558797304748,0.609663638219891
1,1.591711693140296,0.0848897534676242,0.9279648661613464,0.8616510431867045,1.5007922172546386,0.309417201846508,0.736449338414646,0.7358843173528277,0.736606804435018,0.7338903526393481
0,3.5146697193095067,0.3026835916045581,-0.06840057671070099,18.19043359343138,6.256914081573487,1.290074861304267,0.5502494431511312,0.5547060552865491,0.546757056290287,0.564321315969307
1,1.5598554135189644,0.0267479677495006,0.4489467144012451,0.1937238746267695,0.5229023551940926,0.1467135813704032,0.6148810108012066,0.6163236421928846,0.6138271781053504,0.6209009040444956
0,1.4093468393796784,0.0590763470570914,-0.8689059019088745,0.4853114596438649,0.945002059936524,0.2202978573758412,0.25216148333391775,0.2522774606556784,0.25242066824863163,0.25290043489015834
0,2.3302617000550256,0.1136009809359441,0.3554905354976654,2.960317351849869,2.45775598526001,0.6083088598575839,0.6101911030348267,0.6094349118986793,0.6107668475036847,0.6094587120157381
1,1.262016362976777,0.0562476080425585,0.4574279189109802,0.3057948056209042,0.8620699501037603,0.1843290552911963,0.6152137114291689,0.6155757671026355,0.6148479250392129,0.6163685536921909
1,2.0438089104294326,0.133127674771727,-0.13850176334381104,2.5401855577492487,2.464476394653321,0.5634919650879292,0.4575811207680849,0.45591250154740787,0.4588735035504655,0.4518647186650479
1,1.3440800573795717,0.0686017987400902,0.3782314956188202,0.3223746019678322,0.852585000991821,0.2007406915549984,0.5940550077847958,0.5945181137607891,0.5935427093077986,0.5950720044075887
0,1.3779478989743574,0.0613804144151792,0.9388786554336548,0.4012065522690692,0.8989639854431146,0.2111362257114452,0.7403751449503267,0.740823656876783,0.7397864980318019,0.7418410402901764
0,3.316982194094905,0.0964054757216125,-0.22706758975982666,1.178094296172641,1.2573199844360357,0.2900854918532812,0.4054225473829913,0.4061998478959198,0.40466836546929996,0.4040477510873168
0,1.950099613513704,0.1010750599329691,0.3042282164096832,1.10155174302939,1.3664580535888675,0.3710713784148189,0.5821015169825767,0.582289148555752,0.5817271883173943,0.582308370337632
1,1.1852689907052911,0.0609369159655934,0.9899064898490906,0.2295069555867162,0.6676481342315674,0.1693764134947352,0.7521337020475996,0.7529040394714129,0.7512502988610521,0.7545379450850028
0,1.2886594619850944,0.0564170295614535,0.1687495857477188,0.3541167142647518,0.920222072601318,0.2103915142849016,0.534534590359455,0.5347899164505203,0.5343904219349627,0.535849937276442
0,1.6783375511343572,0.0769939492101569,-0.7309534549713135,0.587605566808217,1.0124847602844234,0.2710178884336366,0.2866005517346168,0.2868367049362695,0.2866469308973993,0.28736472791370593
0,2.177114769281637,0.0953352527137018,-0.5240164399147034,0.8228045629772869,1.1128280448913574,0.2868457012014102,0.3347876220017096,0.33517673251485636,0.3345132775151938,0.3343935371502168
1,2.300228517862479,0.2262158085351479,-0.5449167490005493,12.772389699145076,5.521469917297362,1.1623976040567785,0.39788566989380686,0.3982211600119384,0.39814408081015795,0.40242304867823275
1,1.8805305120711224,0.0597986447963735,-0.4228392541408539,0.78702678173136,1.077836074829101,0.3136532284489033,0.37163514614253473,0.3721836884632251,0.37152234021717984,0.375073285727142
1,1.88776658496022,0.0734168139264478,-0.7436197400093079,1.3751792655479107,1.8828579139709476,0.4146051232118204,0.2851784002256835,0.28400723605315087,0.28653571555803914,0.282506595204171
1,2.372940393951175,0.1698579400704125,-0.28129225969314575,3.2186491187147728,2.6561982917785656,0.6780907144027657,0.4268037209175059,0.4256067984742241,0.4275836129758207,0.42234999635050013
0,1.6767564705292897,0.0773716743482941,-0.7532029151916504,0.7262922037770267,1.2770840263366705,0.3013080242411879,0.2799631442959998,0.2796226658586925,0.2805081376791037,0.2788931057190097
0,1.5457363678831906,0.06614615816713,-0.7784950733184814,0.6879373709001207,1.3490161514282233,0.313491255494385,0.27543557273650776,0.2748615900266945,0.27626709886496237,0.27445052939878023
1,1.9163976597854624,0.1055881432070051,0.1916642189025879,1.330934677143096,1.6000941085815423,0.4078809074262817,0.5501624866671249,0.5498415839706536,0.5502532493815108,0.5488398633548913
0,1.4389174707798569,0.0731855239233185,-0.293123334646225,1.0153637368233843,1.6397060012817395,0.3186477266235213,0.3982494824640378,0.39696764659510014,0.399516304833591,0.3942338673176703
0,1.6835469230710705,0.0689492991988722,-0.4587112069129944,0.406918354921167,0.8980402374267584,0.2126338414900044,0.35055195092881064,0.35090543643761024,0.3504352514224097,0.3509991725908935
1,1.4423734534046675,0.0704000457645011,-0.044710539281368256,0.4958018902242351,1.0284826278686523,0.2226660931134857,0.4688706829230754,0.4689170021245817,0.46887126969987003,0.4684125773452514
1,1.237439518409157,0.0767292013434592,-0.4514821469783783,0.4940468660492998,1.052509975433349,0.2119277033778908,0.35214271052106105,0.35190913706937854,0.3524698464858238,0.3504756100150567
0,2.027182842789984,0.1303272054646022,0.13849486410617828,2.012482556031065,2.247424221038819,0.4728733159021986,0.5282257500838153,0.5265152143537817,0.5293471870872327,0.5206195207652417
0,2.5821628482529,0.1991128942166278,-1.0673235654830933,9.79466804717526,4.773402309417723,1.0432144792352818,0.2509168418622669,0.25048015313649136,0.2517660691001014,0.25173939013705854
1,1.3729163498441803,0.0390510094111338,0.1379726380109787,0.1964357018784302,0.7160760307312021,0.1566986366718095,0.5221551743986114,0.5228538397009675,0.5217511089405064,0.5250688130234343
0,1.3731786686233212,0.0673231775537792,-0.45507392287254333,0.647939688534324,1.1900680351257318,0.2545465946608448,0.3542885497623867,0.35394351353004394,0.35481912376990615,0.35332795010413315
1,1.7934578029371726,0.0704349223901509,0.25307175517082214,1.5140595108399806,1.97892210006714,0.4101570851975809,0.5630490714935845,0.5616161769258589,0.5643413340222456,0.5596386441278816
1,2.0507123592164724,0.1137080298046637,-0.719231128692627,1.8594024548906356,1.8217859458923344,0.3644371839749846,0.2843045442898296,0.28361017152662443,0.2849634637878029,0.28001530901209537
1,1.2907077171931487,0.0588926338183313,0.24949972331523895,0.3032448147677382,0.8411340522766116,0.1946936101826849,0.5573553320063037,0.557798672082089,0.5569874560008378,0.5589064235147896
0,1.3471754184260596,0.0552661686070122,-0.764455258846283,0.4370003631707529,0.9833060455322268,0.2090455364677162,0.27436209811420176,0.27430759757548706,0.27476472952609005,0.2745012885363159
1,1.7767118044983272,0.0840038153339858,0.8659232258796692,1.4976525026219385,1.983594303131103,0.3689854028428296,0.720588743870996,0.7193627791942832,0.7213652201494267,0.7159572611028073
0,1.3822479763790774,0.0775613141779175,0.15030589699745178,0.50129568959587,0.9020226478576656,0.2503237128189891,0.5342843503836158,0.5348909647938166,0.5337189713065982,0.5363367665279011
1,1.6832129013983166,0.0985451201075575,0.33262789249420166,0.7956776443854916,1.1678901863098148,0.315372328443994,0.5877574345112201,0.5880499821896294,0.5872571612419014,0.587933363211183
1,1.4822629366624525,0.0573205719227942,0.28631076216697693,0.2808332579511963,0.6313724327087408,0.1873610344866283,0.5707943741824055,0.5720111011025835,0.5697778036011818,0.5750506911559251
1,1.3841359241723463,0.0717130984804258,0.49538955092430115,0.5302320627930271,1.021580142974854,0.2574470971852826,0.6316451739929236,0.6319430018404175,0.6312605403583342,0.6328647588022511
0,2.221018640396762,0.1539723483805578,-0.7682387232780457,2.8758686583056674,2.262794055938721,0.5113145854564636,0.2826116228029223,0.281911449732481,0.28316229304159873,0.27828724007078975
0,1.5092558834350254,0.0754721435645949,-0.2315215766429901,1.0801813821052293,1.7127141571044928,0.328661129753007,0.41501067591379415,0.41359181477333035,0.41635667950752625,0.4103550578678147
0,1.785081978846522,0.1040404228957646,0.08885368704795837,1.356930872280634,1.858696384429932,0.3882912526957959,0.5112509417530735,0.5098865079639918,0.5122339654604785,0.5056054542065906
0,1.6712701989218153,0.0928927974292577,-0.7322613000869751,0.965455179957346,1.5013520812988288,0.3275252628012661,0.28356985954652725,0.28283180907986283,0.28435642288517676,0.280476387538939
0,1.4749174488717265,0.0661569842248802,-0.8503261804580688,0.5838558848656331,1.10988203048706,0.2547015431758933,0.2566485438226972,0.25649218257291373,0.2571052002764981,0.2564086130306942
1,2.429947081101857,0.1843138134830112,0.4033936560153961,7.564211151633993,4.420836734771728,0.9723818149031012,0.6455308716905303,0.6439722387052388,0.6467713413795473,0.6426576176697975
0,1.2204510763754657,0.0620129351330128,-0.40782707929611206,0.3357856234258758,0.9035622406005857,0.193156707659833,0.36536148566618004,0.3654321839287775,0.3655217564108944,0.36549079583344185
0,1.4735497737630574,0.070814576080469,-0.4130348265171051,0.547102595692516,1.0199181175231928,0.2465546132181842,0.36723624205314864,0.36736800397909286,0.3673205704473449,0.36768817630003364
1,1.5630825761345084,0.075092360140932,0.48740115761756897,0.5259732433784676,0.947962131500244,0.2564111062772212,0.6293799876363582,0.6299745272042241,0.6287176308187988,0.6312558700091156
1,1.173601286854281,0.0517709658323368,0.1013127788901329,0.4038112050500422,1.014478454589843,0.2009505424352077,0.5122603385350849,0.5121498326138786,0.5124834856556024,0.5123904436978027
0,1.2845277322749362,0.0546286123515912,0.22814586758613586,0.2488537367950065,0.7109121131896973,0.1662841399516056,0.5502099446462426,0.5509696106471159,0.549602680088848,0.5527045012945199
1,1.7918372609690236,0.061443137836538,0.07689200341701508,0.793832427438581,1.3528221321105958,0.2969909140844737,0.5069991237048495,0.5066188061668989,0.507438544937948,0.5062636505396416
1,2.058315823414737,0.1184695784204369,-0.6775075793266296,1.4341114400711723,1.442374153137207,0.4233957132623057,0.3087217222247184,0.30893373797908635,0.3086170352545995,0.3091060924616836
0,1.6305250287966324,0.1041021107668729,0.20997901260852814,1.0600327337958038,1.3688782310485834,0.3640111148364504,0.5559949731642226,0.5559647436463225,0.5558171190416519,0.5556131935712855
1,1.3879715032742106,0.0581695210224251,0.49099940061569214,0.3294407528808074,0.8423141670227051,0.2029287907372951,0.6267650383644167,0.6273191469020382,0.6262250551089265,0.6287438583928544
0,1.682289971522342,0.0898882287366895,0.007034568581730127,0.7894718743320717,1.2358841514587398,0.3141400711330997,0.49104083452551694,0.49102836843176617,0.490984535293115,0.4905860388984316
1,2.3084137215856444,0.1399264179881043,-0.8811367154121399,2.100893301857724,2.1745772743225094,0.5124564983803166,0.25531245056854646,0.2542772771491766,0.2562176481351381,0.2506500156704374
1,1.7036589772373554,0.0813698796819704,0.6701072454452515,0.7668589537276695,1.2646980667114258,0.3096084127021723,0.6777453996593316,0.6777576024919925,0.6775028448461607,0.677629902356157
1,1.6431439127327758,0.0755060520093505,0.25603315234184265,0.8238530792117791,1.2648082542419434,0.3025545091773233,0.5633078272432049,0.563257546218832,0.5633028662347705,0.5633411503398373
1,2.398286069239912,0.1026851446011255,-0.49798718094825745,1.921347253203603,2.034614219665528,0.4900697977333946,0.35153030581702044,0.35067072217368833,0.35242440201865116,0.34901483904453917
0,1.737475109301288,0.0650094129505035,1.021500587463379,1.0616599053512112,1.5506322860717774,0.3894428080790024,0.7665772204698542,0.7663531593381745,0.7666328247661752,0.7674013133283453
0,1.7924822131815012,0.0992039180632982,-0.3538462221622467,1.3935470424970788,1.8520600700378425,0.4173648048316183,0.3876790177170241,0.3864529557296621,0.388792810926501,0.3836503985995568
1,1.850883092059595,0.0982248779148479,0.6722304821014404,1.7031447570578602,1.8996980476379397,0.4614033968581424,0.6865263325784363,0.6859008528937792,0.6868419550825511,0.6852792652711565
1,1.681118043145789,0.0654084456242199,0.6127336025238037,0.8366254979926419,1.424364128112794,0.3457136507062791,0.6656515396773259,0.665330252953304,0.6658531215380252,0.6658815009511093
1,1.7009568885714894,0.0675734910955122,0.6017743349075317,0.8242563763757811,1.4116842269897456,0.3209860542873672,0.6591610548273715,0.6587934892305487,0.6593651491043595,0.6585432166473195
1,1.40946730917776,0.0707850855037351,-0.04626871272921562,0.5076903709332561,0.9947720336914062,0.2519152563197731,0.47430852775609833,0.4745724855740502,0.4741586444437108,0.4754511254150697
0,3.681506086361049,0.3673953251899004,-0.16944631934165955,52.22014770253737,10.92458267211914,1.3384535543548866,0.5801955361217039,0.6045464261238027,0.5622754934656006,0.6528654646818475
1,1.4817721029228212,0.077089539751611,0.4502108693122864,0.521161175886216,0.9474300765991204,0.2282895476990166,0.615362312292105,0.6158348381253635,0.6147754931442085,0.6161504332031994
1,1.3645875749445284,0.0581344126788855,0.6050258874893188,0.6572665655933322,1.2820740699768065,0.2866327278926231,0.6608178659166495,0.66050827219209,0.6610296706064668,0.6609236838664199
1,3.203663378570581,0.1454098575810896,-0.25842493772506714,4.292823256113965,3.2610770416259767,0.7382631750843143,0.42699545223564495,0.42536051114872536,0.42840568820676916,0.4215686729946582
1,1.4135720168328705,0.0477925247187677,-0.07237450033426285,0.1987526082339169,0.6501439285278326,0.1576200368901099,0.4609849675794656,0.46187678080723366,0.4604307205187042,0.4641241867743609
1,1.2430525264837229,0.0666015796666474,0.04649869352579117,0.3954298385661978,0.954668216705322,0.2096107075737724,0.4972521519766734,0.4973647156250358,0.49718989578911094,0.49741250540694887
1,1.582995870515117,0.0851995880008317,0.4950869083404541,0.5919555814077103,1.078728485107422,0.2720192046087257,0.629959066353838,0.6302196770029961,0.6294987864284356,0.630139129563267
1,2.0384696485834333,0.0685029334290169,-0.1724759042263031,0.8126057365345634,1.3141980552673345,0.2602251807785204,0.42634248544760645,0.42603244573223314,0.42671422741933657,0.42417874619033125
0,1.3735861387221335,0.0734703536395345,-0.20839472115039825,0.4980636254717192,0.9136920356750494,0.212787479440215,0.42300123857230787,0.4233569699156595,0.42278475852639824,0.423568038703538
1,1.6990792918107436,0.0854025001047537,0.6518044471740723,0.7152529993400831,1.0667141151428223,0.2990094060686225,0.6757469366906016,0.6762950989234081,0.675033206787002,0.6773931648935634
0,1.4635545429650638,0.0631263762559111,0.291343629360199,0.367080770752353,0.7667757034301758,0.2142080678780426,0.5730423663682871,0.5739418977221965,0.5722621227747767,0.5762505690584111
0,1.52211516997545,0.05245017484441,-0.36896851658821106,0.4622275863774633,0.9950362014770504,0.2049894867320724,0.3743036661915598,0.37436159484616677,0.37453960769460143,0.37460143250787686
0,1.692960592454209,0.0473709081000895,0.15225623548030853,0.2517814815822566,0.7972283935546869,0.1774054260663469,0.5242475167335123,0.524889492926228,0.5238123688325464,0.5262236475515356
0,1.35565211283813,0.0516430094191294,0.03255748003721237,0.3637893746996339,0.8432399368286135,0.2132455669819521,0.4966926720993842,0.49725108044186633,0.49639838734629704,0.4995241225771932
1,2.06130503821806,0.0562249650486056,0.17094403505325317,0.7172128532702244,1.2763780784606928,0.2444744112837143,0.5260114819928708,0.5257816705427495,0.526266936887368,0.5244833448510707
0,1.172077479891093,0.0375264860488365,0.7766970992088318,0.1382898271308709,0.5959699630737301,0.1314771021560745,0.699981437743796,0.7008688610690744,0.6991816716243267,0.7034153681337785
1,1.6155792354498983,0.0760795268313758,0.4963017404079437,0.6419365932959112,0.9865957641601564,0.2533646765624425,0.6304795661334345,0.631071354630525,0.6298105504683137,0.6320645630882177
0,1.7491788046944612,0.0950105143695609,-0.45763808488845825,0.7675751891278018,1.2817263793945304,0.2920378950158888,0.3523400514165222,0.3520089670428915,0.35265476002002283,0.34987467991978183
1,1.8045886170389176,0.1110305752565797,0.0532800666987896,1.9056609407099652,2.124346141815185,0.4880651776031001,0.511741543326383,0.5103364579743855,0.5128373722984124,0.5075033629887502
0,2.709264808682464,0.0956401115355267,-0.9314960241317749,0.948369981200356,1.034566097259522,0.3443054568984414,0.2423614088445517,0.24321088372280314,0.24184433134546499,0.24444597636226398
0,1.5911904952697828,0.0581116248601367,0.11900019645690918,0.5840216077022956,1.174108180999757,0.2701901200317786,0.5209252509008879,0.5208125678782117,0.521133992668655,0.5213486981392056
1,1.2979025552166177,0.0520972024374203,-0.34413808584213257,0.2786559827957698,0.8584960746765142,0.1759595858889098,0.38131700968109333,0.3814872316703797,0.38143470316656647,0.38194373602360077
0,1.364309785416587,0.0727328294967349,-0.03523426502943039,0.5107317118221009,1.005245990753174,0.2382183199928868,0.4753716986146192,0.47553840171427764,0.4752705290753879,0.4757544744413685
0,2.301241694070647,0.1448565484468232,0.17384174466133118,2.554629788874133,2.2703019905090325,0.5650917833496312,0.5519802218592185,0.5511763262478646,0.552331411742408,0.5484495002416684
1,1.886420022145134,0.1040234457274094,0.5995932817459106,1.017898679803284,1.321944141387939,0.3567034271988572,0.6628079570386063,0.6630323493663166,0.662279452904286,0.6628048653584467
1,1.5895440666387706,0.0580803049260653,0.4251079559326172,0.4884351430080166,0.9911041641235346,0.2470918713272495,0.6103385050843961,0.6107526623127728,0.6099718248355773,0.6123048066366567
0,2.7725045312720598,0.0923965425037224,0.3515017032623291,1.0603238351731217,1.4282963180541992,0.3640610929454563,0.586168915942019,0.5863954646414333,0.5857569161548243,0.5853826856615297
0,1.9848059283924344,0.1268630347915076,-0.18833212554454803,1.493337518224159,1.7602507781982422,0.4320499852771897,0.4365093473964698,0.4357796177919284,0.4369290338926269,0.4326271351335335
0,2.17626344488272,0.1034500274886985,-0.5651836395263672,2.800977283522721,2.5180002021789547,0.5917112137186011,0.3424719800416375,0.34113372950349863,0.34392327513283033,0.340093469359369
1,1.403744455977126,0.0716171617509685,0.5969754457473755,0.5739723982042483,1.088253993988037,0.2395772105614906,0.6549832703107488,0.6550720399078019,0.6547236394622297,0.6548976043837113
0,1.8680787651297348,0.0651155505103676,0.10243529081344604,0.6055482870559005,0.9642140197753912,0.2460789074780486,0.5149552820448131,0.5156329293616619,0.5144315536700591,0.5170227124628369
1,1.2737450593993835,0.0614221631138193,1.0133862495422363,0.340720571142769,0.8165360641479498,0.1945709157044943,0.7570923716906306,0.7576350565845992,0.756405547443905,0.7588219712403738
1,1.3113757727558255,0.0544153653361807,-0.08741787821054459,0.5252273407855409,1.1018360137939456,0.2562292286180337,0.46222199712137996,0.4621166401219076,0.4625409188050615,0.46321827416569455
0,2.023563128833083,0.0887981423046146,-0.6682182550430298,2.18815525907427,2.282253952026368,0.3587687489730159,0.28891865763409647,0.28717064314244717,0.29061570808899173,0.28147762721097835
0,1.9528624713407128,0.0756434045347026,-0.4280110001564026,0.6495207327803301,1.1777902793884285,0.2153934494262485,0.3508291816504645,0.35059939651618044,0.35112316186104897,0.3479755089145054
1,1.2566859214128934,0.0582461281752981,-0.002483874559402466,0.2914687560874128,0.7608720207214361,0.1908758615198019,0.4849944755179525,0.4856405264164606,0.4845673462977724,0.48746748343174434
0,1.7766298547221453,0.048526160309306,-0.18487350642681122,0.3879912181322771,0.8677422142028803,0.207629803612176,0.4279378650154885,0.4285179644864494,0.42770482944884053,0.43016924926568006
1,1.1859797906931189,0.0517664938571893,0.04670853167772293,0.2546999498326887,0.7312522315979004,0.1784306412281424,0.4992826307835508,0.4999509428165313,0.49886520695116354,0.502116479181511
0,2.5211590573687737,0.0650848078836302,-0.316287100315094,0.69105360377002,1.1782360076904306,0.2939076393550404,0.3894529559352395,0.3897443849851154,0.38940646182916433,0.38993057185206453
1,1.408771122801407,0.0647203612969689,0.15989859402179718,0.4713238257784449,0.9814481163024912,0.2427251083475,0.5343367147848369,0.5346341535978311,0.5341188587476499,0.5357503395353638
1,1.981001746659531,0.1030155266464543,-0.6115061044692993,2.1798192636662157,2.3099659156799315,0.4668853460611304,0.3163551293016101,0.31470272177532543,0.31794460210913855,0.3107108001790125
1,1.1271577420410703,0.0544288660301285,0.5166971683502197,0.2130545577696222,0.5749360084533691,0.1631925847616942,0.6365472419166697,0.63767155549773,0.6355416373093945,0.6407164573355382
1,1.6622239363591504,0.0774418399919927,0.5516114234924316,0.8748080006546567,1.3201081085205073,0.3306826274267097,0.6492727887565348,0.6492427663329949,0.6491557312689282,0.6497170298513885
1,1.3582171353138102,0.0386078963107425,0.8319433331489563,0.1531538914531789,0.6251583099365234,0.1383626988449103,0.7123898733486405,0.7132665155997104,0.7115704659608202,0.7155437474514944
1,1.67390645322742,0.0598173185701541,0.2366572618484497,1.1411634942853046,1.6674182510375988,0.3560841807908325,0.5579493560686479,0.5570149795039501,0.5588701633436516,0.556425560963968
0,2.463938381915734,0.0893690140521155,-0.6429604291915894,2.4684735001172062,2.234300022125244,0.4535483711907333,0.30681858174239907,0.30582663070333743,0.30795951040387554,0.30339753376389555
1,1.7090322208702715,0.0711551485949115,0.3579612970352173,0.8362226082669872,1.4516684150695809,0.323307633738168,0.5908105306960216,0.5902395465708549,0.5912393640193181,0.5893113456404211
1,1.5534133057116293,0.0795607660422976,0.042226314544677734,0.9339502460059858,1.4529862022399913,0.3416778903452024,0.5026981150462456,0.5021280378972529,0.5032127087132002,0.5014622595590972
1,1.4652735356512154,0.0372765630186972,0.5208176970481873,0.2925899858435027,0.7821079635620114,0.1710526193437278,0.6324210496281871,0.6331062718887922,0.6319001071086202,0.6353696938353584
0,1.3902368546322172,0.0638354546565778,0.020025530830025673,0.4285807682359091,0.9489079856872552,0.2070219235336946,0.4882357677384234,0.48845106713935726,0.488115431419589,0.4886377291562783
1,3.6381802074746736,0.1476445572366659,-0.5914052128791809,3.188359338166576,1.8402701377868655,0.6114830709723253,0.34182817969317153,0.34355752541349466,0.34041127611373073,0.34700890601559947
0,1.8337227562717284,0.093986493084483,0.3944428563117981,0.8147173546075323,1.2130481719970698,0.3191232823313609,0.603880007801268,0.604119043481329,0.6034356084395287,0.6039128291822026
1,1.5177814393009774,0.0711292569141944,0.07466570287942886,0.7353897561624523,1.2196600341796866,0.2858495634191858,0.5095858116620028,0.5094662088199733,0.5097345473125469,0.5095792735054595
1,3.50091456805062,0.2195257145300571,0.15291526913642883,6.290170030777983,2.4747120475769044,0.8883684966527255,0.5946896793902295,0.5984844996475823,0.5911552602864786,0.6082791583801045
1,1.7739677316997278,0.1010058674598629,0.05084150284528732,1.7417803897332775,2.142004165649414,0.4666074889204626,0.5072714130186948,0.5055564771252085,0.5086777746976883,0.5020711972431434
0,2.2807954787635625,0.1156234335215296,0.06552258133888245,1.619999189252361,1.7174459457397466,0.424263962547998,0.5099925645103508,0.5097066938086707,0.510028283880607,0.507723618292756
0,1.7205475209765777,0.0853337977229457,-0.7805243134498596,0.8961791129256658,1.3120039367675786,0.2993625081612034,0.2724357554454979,0.27214110333482266,0.27289905255756747,0.2709690234929286
0,2.5186634606198437,0.0703611768165202,-0.14493490755558014,1.6985325759281271,2.082813949584961,0.3365048366099292,0.42617426874092107,0.4245235402942619,0.42770529247423295,0.4188401185221583
1,1.6691215460509834,0.0620705652597283,0.4791284501552582,0.831607165612679,1.388032188415528,0.2749557262894054,0.6202787868935761,0.6198111536080078,0.6206156191335587,0.6187048555099561
0,1.2061927312048375,0.0612730907775918,0.09482461214065552,0.2217724226156438,0.6999202823638916,0.1664979063740907,0.5113537586736316,0.5120608172243611,0.5107885300116413,0.5134094860116415
0,1.4564369424814774,0.061189598084288,-0.32732340693473816,0.2654794183808621,0.5933860588073722,0.1821673057867623,0.39169793083274085,0.3928350708870951,0.3909476402942672,0.3955358964701955
0,1.2748859507074193,0.051695977464942,-0.7239300012588501,0.2592099929777072,0.7482679367065432,0.1535074747891945,0.2819453347178926,0.2822625064928093,0.2820185794069164,0.28291067962589783
0,1.242722568733995,0.0567507722374568,0.7140215635299683,0.3117456195738545,0.854534072875976,0.1861139494365554,0.6846611359163762,0.6850678424480796,0.6841751412155529,0.6859939568106728
1,1.6462655510531683,0.0652985261163337,0.05663173273205757,0.7754312675988944,1.3062040519714355,0.3113340785231546,0.5054837351384915,0.5052333432763639,0.5058132715419995,0.5056598031425098
0,2.9091695161273416,0.1202394707242729,-0.6679834127426147,2.0206020362347674,1.768621921539306,0.5025686565329616,0.31041622757680853,0.3106660982363408,0.31031281892334933,0.31076634305346346
1,2.592593014560528,0.1979143762969343,-0.36410459876060486,5.849524221685636,3.870748081207275,0.8061929891427043,0.4008587848420277,0.39866793652553917,0.4025272344646419,0.39180647904656657
0,4.5908636366160005,0.0753337661012188,-0.5356749296188354,1.7340351369380749,1.826045913696289,0.4164174752502679,0.3194645949677447,0.3196570559692907,0.319522467469393,0.317615686422251
1,1.255515002896881,0.049440418434045,0.5929309129714966,0.2264050256390782,0.7088739395141601,0.1682279055474589,0.6539420856847498,0.6546985065215701,0.6532459641599627,0.6567781995357461
1,1.353857128970884,0.0716578044722441,0.4782674312591553,0.4141790361736345,0.9066928482055664,0.2275354467367761,0.6250353998753704,0.6254987008109436,0.6244917255853583,0.6263887442355166
1,3.675830032564699,0.2004176180360403,-0.02522485889494419,7.376703895203235,4.209878101348877,0.8304363661619656,0.49271506663045056,0.4914445097146742,0.49353453389436014,0.48476325769955986
0,2.797062349816303,0.1319816464425111,-0.5037029981613159,2.242064676479318,2.0937648582458497,0.4991175186131928,0.3461194144360848,0.34550561123325796,0.3465882084439308,0.342216200965562
0,2.703212466157965,0.1429502375271975,-0.9759620428085327,3.498661864872647,2.787769775390625,0.6613113737938285,0.24255246607403438,0.24150337818804823,0.2436284617868992,0.2391793440961071
0,1.3890532766625578,0.0532006599308716,0.31848350167274475,0.3223210692895135,0.794380474090577,0.1711780225086029,0.5746036299159799,0.5752138504052617,0.5740966987319065,0.5764392848141267
1,1.995840300178672,0.1065559589789987,0.1529306173324585,2.491956738134013,2.646935958862306,0.5581170058928071,0.5399399395952588,0.5376355988564797,0.5418537902379853,0.5332592026387935
1,1.6561450743522277,0.0670829485449644,0.7921553254127502,1.0684227825345347,1.6823339080810549,0.3116558099358583,0.7019140392191772,0.7009729564508581,0.7025385206182315,0.6986613622248056
0,2.1071268986889606,0.1151881378217768,0.04464560002088547,1.0699767701633185,1.3532033729553217,0.39096524693257,0.506985312488703,0.5072326323198855,0.5065428792119093,0.506759453684555
1,1.465905153627424,0.1022279288464323,0.11314380168914795,0.929172319525211,1.5726182556152344,0.3048232798729799,0.5135510401716216,0.5123649471580708,0.5143121478833701,0.507623967490137
1,1.8341096205555047,0.1006739318767406,-0.004554629325866699,1.3187149877394342,1.6126906776428225,0.4060041544952825,0.4927497319884488,0.49229481317752033,0.4930721111672596,0.49138511704976323
0,2.8228572802154925,0.1288466325106657,0.042077552527189255,2.913007950322894,2.3523099899292,0.5689178763546432,0.5100806278050963,0.5095731232363202,0.5103762975921581,0.5077236796385154
0,1.5062815032364518,0.0606567226910253,0.8185697793960571,0.5489726647881273,1.1439620590209965,0.2619572161604179,0.7130757978724206,0.713116560707998,0.7128869116640622,0.7136437334553062
0,2.7512463263813984,0.108942596294468,-0.211844801902771,0.996621443337697,1.1327502250671388,0.3529556351968503,0.42589263389364374,0.4269038760070134,0.4249117008597993,0.42721028430581837
1,1.467514951436125,0.0421890648748385,0.5614507794380188,0.4713634628465532,1.0206299400329593,0.2288530491255501,0.646572512157817,0.6468125699779776,0.6464161588390175,0.6485603832363154
0,1.2681870337770798,0.0483280719609244,-0.7892076373100281,0.2406981294514636,0.8044680213928217,0.1479244676581641,0.2648725235001773,0.2649802558325243,0.2651416783938017,0.2651015084674177
1,1.1298737521363662,0.0426008297417697,-0.615276038646698,0.1362044167163185,0.4929279327392581,0.1230196085166545,0.31156905095957516,0.3124841418925835,0.31118597066537423,0.3151111177991157
0,1.5536789479205464,0.0696778418691184,0.13446959853172302,0.9733009968170062,1.561831836700439,0.3288533946941852,0.5259126732006829,0.5249903734790102,0.5267529086230414,0.5235360163454474
0,2.3125370032086567,0.1097939436701579,-0.11777947098016739,1.6043758133656392,1.675720100402832,0.3819062014023909,0.45042416858047274,0.45011692933457104,0.4505625025492561,0.44747412474977655
0,3.2566717913919248,0.1932026731550293,0.018164459615945816,3.8027890033975513,2.2981080627441406,0.7507984759966132,0.5294713517229042,0.5307776074264374,0.5279435700263927,0.5332603988294959
1,1.694649047016648,0.0685870524409371,0.645462691783905,0.5990956668273406,1.0067359542846683,0.2736548160610691,0.6725865187465292,0.6731658375333174,0.6719506723676689,0.6748572064080431
0,2.897836960906592,0.0903206059823453,-0.3438356816768646,1.9512030765261423,1.700456638336182,0.4938627183395885,0.4001084901066737,0.4006407453409814,0.3999016391719662,0.4031619379978683
0,2.394780074038651,0.0959800082577554,-0.670126736164093,0.8450926555626301,1.139152221679688,0.3250178178890024,0.3003958466395674,0.30084945588164763,0.3001291220633508,0.3007656750847789
1,1.5998836570119026,0.0533236936116175,0.24208059906959534,0.2705201522669503,0.827888202667237,0.1733718393982362,0.5496622398914689,0.5501717039589056,0.5492506353419141,0.550769772152644
0,1.9703868261931388,0.0799859993520678,-0.11550221592187881,0.8255080143944808,1.1996241188049317,0.2519932866008202,0.444467708105275,0.4445187220688698,0.44442477740936603,0.44293711783213635
1,2.1497053062883027,0.0904940867645316,0.22031383216381073,1.3708529170921315,1.57796220779419,0.4139524304029587,0.559357293514967,0.5592983966228992,0.559347598211085,0.5597320748246315
1,1.576741218967985,0.0876086505149009,-0.2850639820098877,1.1270010826249472,1.5840681266784673,0.3753333655939988,0.4090278382352795,0.40825539286931106,0.40980550876138866,0.4071481461274723
1,1.7795005002579802,0.0787245991736101,0.10141634941101074,0.7165164531492177,1.2043260955810553,0.2676782496112109,0.5119539419112109,0.5118993239616674,0.5119385744231935,0.5107846730350997
1,1.4159306016778852,0.0467791458731062,0.14383730292320251,0.2873818932254452,0.772512111663819,0.189532943450949,0.5271013552536076,0.5278071444022067,0.5266543859409405,0.5301782922392857
1,2.7582510972342478,0.0691671878038543,0.26352792978286743,0.6558365470346083,0.9524285316467292,0.2863207438858142,0.5609306065155552,0.5621813165962489,0.5598232948528267,0.5642281221607334
1,1.68318700385213,0.0884391044922115,0.25341957807540894,1.6234846871627544,1.932748031616212,0.424720128393426,0.5668726377461133,0.5657007352365908,0.5678268937023564,0.5638548069067052
0,2.8843122426579573,0.1007753551615517,-0.9970248937606812,0.8087183412510257,1.0522264671325674,0.2997625618257493,0.2212212429634812,0.22179527581798966,0.22086176776210195,0.22114726604263057
1,2.112709139133749,0.0876854993391912,-0.6648961901664734,1.21361997740858,1.44033000946045,0.3483704891934131,0.3023375710750058,0.30220532811390455,0.3026609280151133,0.30154031634943107
1,1.7090019643354224,0.0457537729914821,-0.1116144210100174,0.5732853789678578,1.1431843566894535,0.2861781111146038,0.4561055637651375,0.4561596659119772,0.4563827645302827,0.45822123912172663
0,1.7463738870902843,0.1096003144629046,-0.4807165265083313,0.7956101331303067,1.3956389045715338,0.3153589488841062,0.3458594991479484,0.345226841542306,0.34633239858782033,0.3418205772982008
1,1.344487110778514,0.0463533556823769,0.22201959788799286,0.2996735893043364,0.7681240653991693,0.1935437900399856,0.5515571128742353,0.5522911481362861,0.5510677728273556,0.5549734995087743
0,1.4787754580665229,0.0551362844674063,0.7395873069763184,0.6695398730442191,1.1844581794738769,0.2727513872139525,0.6952573185256742,0.6953028420054217,0.695143829628475,0.696389360517989
1,1.3936665018501826,0.0652653460698841,0.908443808555603,0.4225736841250556,0.9633601570129394,0.2298297424521725,0.7341133252785238,0.734447322682579,0.7336105822824832,0.7352298158952131
0,1.6211407959388675,0.0846676796174042,-0.029108500108122826,0.9729406462001914,1.2761339569091796,0.32879251245195,0.4835657781002544,0.4836365253479496,0.48353239371711937,0.48416527657384795
1,3.039621883891934,0.1556148021407848,0.18742641806602478,3.572108012661879,2.712048110961913,0.6300007065835437,0.5524257283343087,0.5516186034664726,0.5527636406776737,0.5477447186626367
1,1.23416133987432,0.0492859596772377,0.3927154242992401,0.143032100305579,0.5346021938323977,0.1260652830461613,0.596446279881465,0.5975854121660619,0.5954734293540914,0.6000191999952206
1,1.7732019204502825,0.0706186310396937,0.5559419393539429,0.8782310023796256,1.5048542022705085,0.2963496250005431,0.6404146330664198,0.6397176205932237,0.6408551042178622,0.6376199415567556
1,1.5590040796926306,0.0858772312695331,0.1089278906583786,0.8387612548614062,1.3446200752258302,0.2896137522393241,0.5159788555854282,0.5155306117039592,0.5162599781920034,0.5136224997995127
1,1.584373250927643,0.0523828003988885,0.285640150308609,0.767711974282942,1.2934820938110356,0.2770761581736945,0.5691126561225596,0.5688429004491703,0.5694493603634228,0.5692758342537761
0,1.2455441526452633,0.0543633294419533,-0.11432798206806183,0.1656823704751581,0.6176668834686277,0.1439107233995951,0.44821681072552627,0.449057165719941,0.44766031735407247,0.4507598260487899
1,2.9211116990240376,0.2168663575746761,0.2546274662017822,4.920969121749101,2.420825271606445,0.7908999463070453,0.6080546278874474,0.6100710055469362,0.6058142940185054,0.6142017442950363
0,1.3363353717287774,0.0467461033930594,0.20658397674560547,0.3710992191960281,0.9203440284729,0.203059711851801,0.5448826253523503,0.5451743220890204,0.5447689527673873,0.5466858309605085
0,1.361975304691729,0.0635666017546703,-0.7303471565246582,0.45017892777244,0.8934400367736819,0.2372179714346174,0.28754434570241383,0.2878414816770147,0.28762200398433757,0.2891852849259849
0,1.32157870149431,0.0649319411364199,0.38564205169677734,0.3991270080218783,0.9899740219116208,0.2233626557926252,0.596927096315113,0.5970636455872532,0.5967337179591392,0.5973629649670856
1,1.55287981146625,0.0423162817193051,0.6302298903465271,0.4075289666393196,0.8882958984374995,0.18428441936296,0.6607631674270298,0.6612752308062921,0.6603153281871743,0.662752595822081
1,1.6391130683603845,0.1054832532502466,-0.15342512726783752,1.2490049979733115,1.5825123214721677,0.3951273525670729,0.44901970100121485,0.4484527669400855,0.44944952683167144,0.44708914690868057
0,1.6303181288405504,0.0751989118892446,0.19955366849899292,0.9398051832569894,1.464084091186524,0.3427472070012003,0.5485874425641466,0.5480635596368457,0.5490352285150871,0.5476365517090215
1,1.417446588104022,0.0595981613540914,-0.483696848154068,0.4357062727258616,1.0975080299377442,0.1905488285466181,0.33877321520001963,0.3383583736429728,0.3393590343220915,0.33665727512961985
0,2.5880785984962373,0.1625434082491418,-0.48678380250930786,3.863913926038921,3.0598900413513173,0.6949742734482084,0.3630154089219846,0.36128767884965757,0.36441795197430854,0.35656415870770347
0,1.9861840227082417,0.0891764220958672,-0.8626570701599121,0.666658174224549,1.0320899772644043,0.2721637934578998,0.2530885639968741,0.2533704622012731,0.25302964434062303,0.2530205505878663
1,2.345685222345409,0.1839028568340672,-0.07042475044727325,3.3115676899727675,2.331344318389893,0.6433863234842623,0.4915421548421092,0.4914941157343309,0.49115745982241477,0.4899660455856961
0,1.4107471512987215,0.0804063822338557,-0.3773234188556671,0.491821380984495,0.937460327148437,0.2479469149295104,0.37896954672977995,0.3793002723973654,0.37880417253889664,0.3798027869389153
0,1.6520504455964948,0.05909835570365,-0.1194438561797142,0.8636158304152427,1.452647933959961,0.2938734132947794,0.44777990237487714,0.4470217059666772,0.4486343246017498,0.4458722360925999
1,2.1540207309364505,0.1479602339657245,-0.32295292615890503,2.726769952995004,2.5517300415039057,0.5838203868694338,0.4039309971236873,0.40224625833141975,0.40520964920240377,0.3974104825907366
1,1.5475628485489714,0.0479873456607523,0.36461469531059265,0.4173049342102116,0.8617722320556634,0.2283924621704412,0.5944446846732956,0.5951699016870343,0.5939154280476098,0.5980170788425117
1,2.6170102541466997,0.1479954133332097,0.2589797079563141,2.184228755731266,1.7623897552490229,0.4926378832064589,0.5738768215839605,0.5743753814286635,0.5730062799819063,0.5733389575594555
1,1.601128358622496,0.0637258893107215,0.8086199760437012,0.4317432341656694,1.0434380531311027,0.2323099314939175,0.7075771587834401,0.7077546006457008,0.707223017499301,0.7078643812076773
0,2.14564084863785,0.1106191237240627,0.038361430168151855,1.8018720647753448,1.804843959808349,0.4745882511155518,0.510227101010322,0.5099436427415479,0.5103817044507024,0.5096499513536539
1,1.3116277438714616,0.0554553211118094,0.8600126504898071,0.2306893404976736,0.7114201545715326,0.1698121537529313,0.7209398101456698,0.7216686896582656,0.7201443324911753,0.7232497283718767
0,1.5809855957329897,0.0546311603163418,0.3126014173030853,0.4650298838332715,0.9402260208129888,0.2056099316298774,0.5733689292250264,0.5737945198082175,0.5730292078896636,0.5747192468134066
1,1.3913002657657263,0.0776257211242926,0.0416659452021122,0.5503824969618017,1.0169485855102531,0.2804034076015181,0.5040944241001899,0.504420338941647,0.5038287882980794,0.5056982360509853
1,1.107758017636137,0.0495160528775696,-0.21797004342079163,0.1947296384736302,0.6876000404357913,0.1470939376625359,0.4185185259800657,0.4190762742799883,0.41828435706378037,0.4205848142903317
1,4.058050454470168,0.1090131716474432,-0.40684765577316284,3.558705664215202,2.7417421340942383,0.5232079792539631,0.3574804237927634,0.3565996886493462,0.35834555987469874,0.35146606245535905
1,2.7406802018861427,0.0952991080401848,-0.13051864504814148,1.7354026501767752,1.95625991821289,0.4165816426796522,0.4426377027632975,0.44176541618300846,0.4433757828844894,0.4382534127925664
0,3.6579125103569994,0.1743756510270017,-0.4715058207511902,6.615141886936198,3.169754123687743,0.8826916674618333,0.3968616678232112,0.39855388529517055,0.3956708717014103,0.4044158685393806
1,3.121242647870216,0.2427402876968427,0.20572257041931152,16.339330047956913,5.996576042175293,1.1960861286411983,0.6192212443965995,0.6221579799121748,0.6171612563725393,0.6304499090752409
1,2.3799358537145787,0.1205630163900364,-0.05254950374364853,1.439682807615538,1.4924341773986816,0.4535074117547644,0.48361111909368254,0.48403852492229416,0.48307922062398995,0.4845418715806013
0,1.5884760688104544,0.0777119323051057,-0.05745772272348404,0.5554624966144891,0.9803140830993646,0.2484311880166974,0.4689647439013919,0.46937339410291345,0.46863063596844023,0.4697961893327277
0,2.0822714369067827,0.0930310697196222,-0.005272519774734974,1.0127873353179075,1.5149021148681634,0.355806712857892,0.4838560194314259,0.48335883340516805,0.4841967007386612,0.4813192399182072
0,1.589637529852601,0.0489481477160874,-0.16107895970344543,0.3579557595061964,0.858305969238281,0.2115288867702814,0.4371714609620788,0.43770389903660367,0.43697851647509606,0.43963744901262586
0,1.3292411656437948,0.0417070013721517,-0.6197446584701538,0.2071826976692292,0.7128485679626462,0.1517244203845428,0.30810732014588416,0.3085489300994978,0.3081280034419572,0.30998749492799593
1,1.2788836008590745,0.0641308338104975,0.7008344531059265,0.3336098200920673,0.7716699028015143,0.1826498891573896,0.6820829795079993,0.6827601442850109,0.6813221934900077,0.6839570417682616
1,1.5373954102145126,0.0734507844749384,0.16622301936149597,0.6250475284313393,0.998246250152588,0.2795191246657684,0.5405939974292997,0.5411529332877539,0.5401208617225843,0.5430318161159036
1,4.058102539488324,0.1547938754277817,-0.1839696764945984,2.4008175259901434,1.8645726776123053,0.5666797858942535,0.44046680681412675,0.4415023606633549,0.4392615269905741,0.4406310423452971
0,2.040437554910918,0.0749652962939314,-0.03630669042468071,1.512923475692657,1.8856209373474115,0.4348740443640919,0.48175206321481595,0.4807356256234909,0.4827919587803024,0.47996418922111656
0,1.5088729784433892,0.075706727823247,-0.5698024034500122,0.649091461577676,1.2851741027832029,0.2848445763872106,0.3242501034838892,0.3237157137472896,0.324915808206497,0.3224489295818082
0,2.724936884824421,0.1656038447037658,-0.5035264492034912,4.069133444178161,3.368230094909668,0.7131911949276084,0.35312902972202637,0.35070462212057407,0.35510107843468,0.3437409856063112
1,1.167287555411317,0.0719544251084072,0.1774865686893463,0.4113479197158357,0.9620261192321774,0.2267564551770896,0.5387878333121999,0.538938228424615,0.5386170327458626,0.5392553485880034
0,2.578198727062172,0.1272434754856028,0.21831627190113068,2.677955524319449,2.024048233032227,0.5454820013650975,0.5679607368561236,0.5682498724431629,0.5675356089736244,0.568938766168453
0,1.8339505752936351,0.0691323859767839,-0.49085378646850586,0.8972320327077502,1.3971240997314458,0.3348940191888603,0.3485392659653135,0.3481524179129732,0.3491536303878119,0.34809130511709324
1,1.395663048046703,0.0633893854725799,0.8195515871047974,0.3981712363143272,0.8233360290527344,0.2103360370439875,0.713656257712521,0.7143324918738511,0.7128917909355202,0.7159032466531616
1,2.88580548650278,0.1794535091199096,-0.12322225421667099,3.463664306408045,2.2319760513305678,0.6680088058787862,0.4788637545253119,0.47962065043870095,0.47788447101681514,0.48031329431972936
0,1.4973643462983972,0.0711783997375475,0.3438481390476227,0.6050126439190646,1.012840042114257,0.2459700477535963,0.5869665038973154,0.5873600275345507,0.5865503647516139,0.5881414552402151
1,1.6019591507230748,0.0380163090791739,0.10831578820943832,0.091030502282367,0.3462124347686764,0.1066715181540784,0.5128775359153284,0.514714482719856,0.5115053175217589,0.5189237347792676
1,1.1334986083442609,0.0539936281161068,0.6188428401947021,0.2309647005254441,0.7252524375915528,0.1601959565745251,0.6599907865883985,0.6606255337021872,0.6593503520621539,0.662104684647766
0,2.996064160009163,0.1432661775316316,-0.28127527236938477,2.4580319796714445,1.6872740554809564,0.5226037355472484,0.420666599870491,0.42184852826488983,0.4195179608622925,0.4232011713999515
1,1.6018210593902782,0.0782412304637592,0.3510037362575531,0.7414845412770137,1.328320064544677,0.3044430450176629,0.5890531223046024,0.5886999389016162,0.5892325928635963,0.5878149772315207
1,1.6851613567477846,0.0561289503676176,-0.03588688373565674,0.5379736962169718,1.1316661262512206,0.231942599842498,0.4692930531223984,0.4691616562619916,0.46955315854955126,0.46876216475243737
1,1.176863485077836,0.0510514077962311,1.1090375185012817,0.1821693724175104,0.5604921245574949,0.1349701346289283,0.7760565890642775,0.7769571196570076,0.7750878227437,0.7789233281433654
1,1.2965596174279028,0.0419231127678972,0.580069899559021,0.2472672332091864,0.7558539962768546,0.157247331681395,0.6480282193358525,0.6486471717160633,0.6474977276861005,0.6504377876065753
1,1.6661215784970254,0.0459284547397885,-0.14301887154579163,0.4486259424694341,1.0016665649414065,0.1933532911687468,0.43577922512123796,0.4358776889117969,0.43594242118658194,0.4360575707779665
1,2.375029654960592,0.1044159897410313,0.6167762279510498,2.0955193945131776,2.0048919868469244,0.4825302977837163,0.6699941762541919,0.6696117204377582,0.6700912597292746,0.6687836681943109
0,2.9647516693248708,0.1777846212899997,-0.5721639394760132,4.8232655394067,3.075222682952881,0.7860732864299289,0.35340580792661014,0.3529736580100794,0.3537808486153197,0.3521322104772986
0,1.154900519258536,0.0393422682163514,-0.04201700538396835,0.0976998947918613,0.4564243125915527,0.1105101210251018,0.4700820067800268,0.47133447327569644,0.46926565581797436,0.4746735145810132
1,1.3262204802266384,0.0586994629467943,0.6275314092636108,0.4243338544162887,0.9677661323547356,0.2171363766075466,0.6636023630466239,0.6638667441786321,0.6632692732872866,0.664710549903678
1,2.563756199453814,0.1084176883522264,-0.06065503880381584,2.5284586824397124,2.515536136627196,0.4794370451078973,0.46288950272665824,0.4610000252855071,0.46443555272569276,0.4548981651108095
1,1.858050405860396,0.1147975967929006,-0.22562459111213684,1.676921533271934,2.011720123291016,0.4095023239582327,0.41853182692730195,0.4170160053335176,0.41971033823024007,0.41188296279980996
1,1.932867123439167,0.0947958883975792,-0.6327069401741028,1.7941389010035254,2.010168132781981,0.4464849009520584,0.3142552503391011,0.3131113652422035,0.3154617785770932,0.31096712369423934
1,1.878667705660907,0.0893300251381605,-0.06771942228078842,0.9030261424529726,1.1937805366516117,0.3359736117712544,0.47248735665567576,0.4728808994357451,0.4721515455503425,0.4738125387529163
1,1.715606619558352,0.0785536886960486,0.47050681710243225,1.073567119446768,1.4916401863098143,0.3663275718954908,0.6285916829831752,0.6282953779740614,0.6287477863352557,0.6285128681441112
1,2.2155771768006662,0.1145364176996357,-0.137117400765419,5.279733345501016,3.606208305358889,0.7659223448816478,0.4740938424097638,0.4720714366773613,0.47620043615859137,0.47111887321602053
1,1.6945728657558206,0.0748254430642955,0.2748585641384125,1.067524725975172,1.7731540489196782,0.3652952104078241,0.5659764114409856,0.564609290663707,0.5671045881240494,0.561924525685186
1,2.208155661148847,0.1195353741449235,0.07718603312969208,2.9625047680251453,2.72292600631714,0.6085335619365156,0.5232593016264023,0.5213939934218378,0.5248006361911959,0.5180776375972312
1,1.3291384446647996,0.0443742717135449,0.9716686010360718,0.3337126583107907,0.9111861419677726,0.2183420181768537,0.7494127623234712,0.7497941879718316,0.7489886459677788,0.7516591720657367
0,2.3291650385826568,0.0953555947953713,-0.16892199218273163,1.0569703742370236,1.0931920814514158,0.309980992707181,0.43775458428970543,0.43871750391485803,0.4369058407466635,0.43949685994158966
0,1.656392202381061,0.0599592498246385,-0.7928310632705688,0.4568848821603906,0.9454319190979013,0.2389782631748101,0.2699025556473064,0.27013117645054596,0.27005447150756645,0.2710276055676122
1,2.502634610240072,0.0728950422705243,-0.19207429885864258,1.0678050670758692,1.4802121543884288,0.3653431720786412,0.4296196944248231,0.4294933330803179,0.42989157508434256,0.4293300662879562
0,3.077089799577927,0.262667181225538,-0.35194435715675354,8.942048490727215,3.380829830169679,0.9644022992528056,0.4493520393810107,0.4528084502615645,0.44620978231766,0.46015943746801885
1,1.5332051960980262,0.0715097458507115,0.3814230263233185,0.6720380376627694,1.2851602172851555,0.2898357374580405,0.5973425749315772,0.5970153221367718,0.5975334630820143,0.59645437382659
1,1.206700354934227,0.0529857815599527,0.5870239734649658,0.2890446852497016,0.7799420356750488,0.1792095871845469,0.6526652689944675,0.6532619331194813,0.6520886852601114,0.6549362464295223
1,1.5631827957485525,0.0627050285457029,0.6203029155731201,0.7127171261048786,1.3754641342163083,0.2984788782529005,0.6626360387996181,0.6621766045146291,0.6629293838383973,0.661737959895643
0,1.554148088874208,0.0649856296160696,-0.003338232636451721,0.4644477385834218,0.9434241867065428,0.2409480593881754,0.48552252488737696,0.48596270592811686,0.48524081859870644,0.4872294837653189
1,1.4995047563462134,0.0887809938809899,1.1234105825424194,0.8436468536032199,1.3631700706481928,0.3061675020135981,0.7813004057325628,0.7811242530366058,0.7811032346330666,0.7802178467734174
1,1.4195981685119774,0.045931230381669,0.5369983911514282,0.4788381907651706,0.9588961791992188,0.2188237168967684,0.6401771805201474,0.6405744871364463,0.6398679879615977,0.6424583980874435
0,2.449469423348614,0.0998045275673438,-0.2021525353193283,4.840122845863723,3.204088172912599,0.7333426397791086,0.45727471476324283,0.4562166891195564,0.45867483822690935,0.45818116532514647
1,2.481151103508066,0.1572440642209723,0.07786187529563904,5.293844232760356,3.721278076171875,0.7669451836677447,0.5290162083750097,0.5266688248686101,0.5309116278263015,0.5213828741366365
1,1.491213600826406,0.0544285988660859,0.4981420636177063,0.4187114242553524,0.9267288970947256,0.2156930494566944,0.6283558312527223,0.6287985920675023,0.6279443108206493,0.6301578161050594
0,3.1422987977523262,0.2409485933790913,-0.45425766706466675,8.236034928580038,3.855066299438477,0.954919530649308,0.40303694360583386,0.4040036652208265,0.40207803806207976,0.4052296947931432
0,2.060231917624601,0.0722454473417509,-0.5133994221687317,1.257992560313554,1.7203296089172355,0.3546819082380089,0.3371984725887855,0.3362525507490017,0.33827200609754426,0.33414663760805485
1,3.098152380157582,0.1761834974074856,-0.41672831773757935,7.011097015127507,3.411328449249268,0.936155503584174,0.4212767190047603,0.4225494455984062,0.4205014903898833,0.42908776303639834
1,1.665907556660308,0.0862325282790079,-0.21575181186199188,0.8853311258095832,1.4710799598693842,0.3326655839220491,0.4233329916141976,0.4226046114138686,0.4240011626064095,0.4206891859013194
0,1.5368077682957428,0.0510625562626163,-0.17406275868415833,0.6003436748172841,1.1644860839843754,0.2739397002118541,0.43664141611628976,0.43652268856895104,0.4370378735566745,0.43774977801156056
1,1.340961796786142,0.069408436756838,-0.393809974193573,0.4364924128751022,0.9876520538330072,0.2089240084037979,0.3684014208069682,0.3683733667912263,0.36858963243884996,0.36775537894782967
1,1.3427804409083135,0.0532055329474206,0.8519721031188965,0.2163767055486891,0.6925600242614743,0.1644599896436399,0.7185949920531076,0.7193669244537783,0.7177756607356949,0.7210518882238499
1,1.2066598460658522,0.0603928486442626,0.899211585521698,0.2584597319529078,0.6644260311126706,0.1694631169156507,0.7316929076297459,0.7325297689463464,0.7307750016870971,0.7343353992742166
0,2.653486853010124,0.1386210709755153,-0.5544363856315613,2.695184733866654,2.548164367675781,0.5804292305986422,0.33616233814404395,0.3347071349840136,0.3373838349440427,0.33024309955667935
0,1.711258119814195,0.0295793174741602,0.24945929646492004,0.2313136301592116,0.7401633453369132,0.1700417706620977,0.5542448050543406,0.5550977596263407,0.5537431222371858,0.5580005338158965
1,1.5623631868609995,0.0824273936113749,0.4420432448387146,0.6000504343629199,1.1886801147460937,0.2582097412662211,0.6107250300707436,0.6105638049159596,0.6106354421364912,0.6090868757603192
1,1.4379767256417617,0.0877133093746002,-0.16955390572547913,1.202978113725379,1.8263621139526367,0.3468397488358822,0.433090943433445,0.43140998811812875,0.43455149670056065,0.42707663730678636
0,2.4460636497531287,0.0997589553829499,0.10293111950159073,1.5681807702538004,1.9582581329345703,0.44274439158698,0.5169082846134319,0.5158539031332082,0.5176912520211902,0.5126812275546664
0,3.325634874254754,0.2094880790100756,-0.6621437668800354,10.088490596211791,4.82056619644165,1.0182776023193918,0.3408768175665814,0.3407323343916934,0.3413126745968348,0.34071237636861607
1,2.0018599915529527,0.1200684968307888,0.44939345121383667,2.238731756232373,2.089170150756836,0.5290004437890828,0.6324177569220542,0.6318311071120953,0.6326757549324984,0.6311147939067221
1,1.2372803098501428,0.0599430164029374,-0.04348348453640938,0.2659067529696676,0.7341841125488273,0.1823138615717643,0.47216280671769106,0.47282820975474876,0.4717134687789964,0.47446766863241663
1,1.67410330600695,0.0353286665096373,-0.35590046644210815,0.189620033661164,0.6675421524047845,0.1539561762568995,0.377165537560073,0.3779818850330425,0.37685288882261425,0.3803202130704445
1,1.525622192509707,0.062717327743041,0.4891757369041443,0.3792072924395506,0.9766639328002924,0.185670111277441,0.619004983042807,0.6191437052883478,0.6187451146993967,0.6183592825216037
1,1.5537949943508822,0.0767760574938558,0.20392155647277832,1.3418628473686305,1.9780639839172351,0.4095520185777123,0.5493637235650003,0.5476243049301474,0.5508726300473505,0.5448658725425642
1,1.5161159177320556,0.0458022069570201,0.3315287232398987,0.494750970306506,1.0778140449523934,0.2120786668596233,0.577594005898311,0.5775811578027197,0.5776891044869081,0.5779771794193197
0,2.0590951469331964,0.1317762577743656,-0.8385235667228699,2.387567957569936,2.480220184326172,0.546302109364628,0.2662258587753138,0.2645798571406164,0.26772556164383543,0.2603624140874496
0,1.4621048635497067,0.0667844642777293,-0.011597978882491589,0.4285176128660609,0.8774420547485358,0.2314404925855837,0.4838515903997645,0.48442000828779924,0.4834487464060484,0.48593879703655507
1,2.027741266946349,0.0885635257684813,0.17426863312721252,1.0085747592414196,1.1815579986572258,0.3795814912019024,0.5503925339337284,0.5511940087148219,0.5496719038280407,0.5540216579882117
1,1.428489794319592,0.0596501978048777,0.005429855547845364,0.5392009015094296,1.1289000320434568,0.2119750184788743,0.4804195490394548,0.48014076392790983,0.4807517888808713,0.479077217045523
1,2.5451561561874905,0.1291352921347158,0.5384913682937622,5.303114060440391,3.627462215423585,0.8141801137064506,0.6698830190629923,0.668401418613664,0.6711616803135625,0.6679186526782942
1,1.738104553424766,0.0488129981913227,0.7972813844680786,0.3760294020552118,0.8111099433898917,0.2044041209780304,0.7060000322883448,0.706810517460447,0.7052116260443821,0.7089175595287991
0,2.012461471095441,0.1033586460528758,-0.5917126536369324,2.47620302594892,2.1742457771301265,0.5245318575166622,0.3339404966548865,0.3331496897639495,0.3348884657432771,0.33278999863298553
0,1.2844005931047369,0.0575456952028281,0.5773488283157349,0.3458539904824353,0.7595479965209961,0.1960311739614774,0.6523349792267247,0.6531227991941384,0.6515831475046631,0.6553079427934516
0,1.5572970461260591,0.0591154237353055,-0.04728700965642929,0.3171674329554058,0.7377441787719726,0.1991128552339746,0.471078299589636,0.4719619359869845,0.47045819788044396,0.4740718116215653
1,1.2743792648491574,0.0656262326469142,-0.4241639971733093,0.2614249186770456,0.7728588199615478,0.1807708904515068,0.3612598343373945,0.3616628501869903,0.3611084911043911,0.36219735493514094
1,1.5961862836267244,0.0917518357022839,0.14156204462051392,1.2533871000134404,1.6994140052795417,0.3958198927563899,0.5343850986304597,0.533474371784893,0.5350976619030261,0.5319569722510676
0,1.222805660589984,0.0548619836947773,-0.6096466779708862,0.3047027801304039,0.8546680641174317,0.1839996316815166,0.3121935293238726,0.3123287637324285,0.31239974735771153,0.31287502499993347
1,1.426733141469822,0.0524622746399532,0.9126344919204712,0.2370999208377626,0.7167580986022954,0.1721554242674924,0.7328553400721617,0.7336079611675133,0.7320457787511843,0.7352837158113552
1,1.434580972770709,0.0599325754914968,0.38145408034324646,0.622484788787597,1.0906942749023445,0.2629923507099688,0.5997527327077795,0.5999489299185576,0.5995965685233458,0.6013141538452101
0,3.3172780152669445,0.2538527817944143,-0.8192422986030579,8.30095687512143,3.1055563163757323,1.354442911548723,0.3782911556287117,0.38306824929407834,0.3746191192800882,0.4040459145390981
0,1.1400505670892946,0.0621347190054541,-0.39380937814712524,0.3451678313306043,0.8499679565429688,0.2077161017261914,0.37345762970016916,0.37373973976670705,0.37345983789092474,0.37489444876998235
1,2.0398357819752264,0.0784260763093611,0.4515605568885803,1.5479628939424308,1.778658351898194,0.4147238564451225,0.6229822813122583,0.6224594002416097,0.623382083566827,0.6222464745259232
1,1.5787376719882096,0.0930718463049681,-0.11438532173633575,0.9121376555849312,1.4805826568603522,0.3376643406522465,0.45376550989701125,0.45301547597766934,0.4543647828444655,0.45083614201910976
0,2.0745063099777226,0.1243827391160552,-0.3855196535587311,1.5010380217493278,1.7912385559082031,0.4331625015149233,0.3790849715767252,0.3782871053037125,0.37965851542007056,0.3750356302167855
0,1.3742117122320776,0.0473408925606905,0.238125279545784,0.2403919237850905,0.7146599769592277,0.1733464463816213,0.553848993582099,0.5546559291087749,0.5532617827233913,0.5569977634266039
1,1.3667712261887803,0.0499521766831974,-0.23195473849773407,0.3802410560619154,0.8734261131286624,0.1859230182976314,0.41430412020816776,0.41462022786237135,0.4142965047039825,0.4156692103656802
0,2.161523980696409,0.0929311571734477,-0.20817632973194122,1.1136792970866056,1.3235279655456542,0.3181879514727399,0.42350870525938344,0.42367161324715236,0.4233664583720651,0.4226643892716323
0,1.3839821899871418,0.0347498743811338,-0.6241706013679504,0.3522682196063146,0.9433397293090828,0.1789535794572828,0.3060823043935018,0.3060525900594237,0.3065628822558885,0.30682148073763554
1,1.5617847667772833,0.1073544985975889,0.46744972467422485,1.199461779475414,1.5425925827026372,0.3872114699158933,0.6294429269681718,0.6290665724503436,0.6294663046440748,0.6279630729629805
1,1.7348477416545771,0.1195546204806062,0.137900248169899,1.4090812038779474,1.9238720893859855,0.4196845845212132,0.5285089820353762,0.5270381363275214,0.5294585609340697,0.5222127993467226
1,1.6056735157375384,0.0572756340254892,-0.16853535175323486,1.0097843281191077,1.6100880432128906,0.3349600852040446,0.43706152644518786,0.4360137487927855,0.4382338366232799,0.4350664904091192
1,1.8714737974871047,0.0697297009292085,0.16801980137825012,0.8724640937113872,1.3046099472045891,0.3113526214066951,0.5365410439149876,0.5365046203543791,0.5366058618135231,0.5367735518047834
0,2.281873259006783,0.1175233984141979,-0.5454698801040649,2.192985743957343,2.2074681472778312,0.5235677778422464,0.34068585265708223,0.3395732306001194,0.3417350309708145,0.33705941956983376
1,2.476035681354527,0.1506975015368073,0.46489888429641724,2.494616563335028,2.075855159759522,0.5264785068246722,0.6317639752621346,0.6315940381900061,0.6314165539993616,0.6292536614528008
0,1.54254608416659,0.0633062699972779,0.07802464812994003,1.4733226616753103,1.9151081848144549,0.4046016781526287,0.5150802421417006,0.5136736632473515,0.5164949621337708,0.5127086632599166
0,2.827593952067553,0.1574833039129915,-0.3006914556026459,4.383645159833408,3.2941921043395985,0.6312790162428114,0.40031968060944334,0.3981947869054484,0.40198258414666305,0.39040981861178
1,1.4525290546160083,0.0464281170858449,0.7596136927604675,0.194479990385647,0.6586321258544922,0.1559166405429705,0.6951212861351149,0.6960175177188472,0.6942596471171989,0.6981062142561193
1,1.2711807878608186,0.0643724762438125,0.5546152591705322,0.3165983454848923,0.8070622634887701,0.187556908544489,0.6432773051512964,0.6438412809285244,0.6426517101522329,0.6447963265223214
1,1.3931207166523585,0.0547820370052194,1.1160414218902588,0.3263207908531086,0.8105121421813964,0.1904149827359848,0.7779193354714596,0.7784783848055304,0.7772366942111951,0.7797974488469692
0,2.416654273550237,0.1071419732156409,-0.900312066078186,1.829110603367879,2.0715260887146,0.4781619238510996,0.24905970285585224,0.2480822460513644,0.2500939597737686,0.24557613217810637
0,1.7175179903732378,0.1322522874776425,-0.4240172505378723,1.8435556163328088,2.242368621826171,0.4525919938817606,0.36412426795240455,0.3620941790133769,0.3657124817740933,0.35554794738352413
1,1.2515074744509402,0.0772156282244103,0.5233960151672363,0.3656970910039183,0.8520251941680909,0.2138039671649939,0.6370134392409514,0.6375270017522855,0.6363614143582327,0.6381397381322869
1,2.0062745780951774,0.0764556514779039,-0.2191254198551178,0.8982463921638819,1.4593362998962407,0.2857599743210887,0.4131908360446807,0.41251193092986654,0.4138415979840637,0.40965078893453855
0,1.295581139736822,0.0542716460419835,-0.054505717009305954,0.2639209263932083,0.845632247924805,0.1712441163281914,0.4640475543007363,0.4643010728716869,0.4639717078311581,0.4646817115400269
1,1.797007250254093,0.0595288124048591,0.6714012026786804,0.452933336937998,1.08180004119873,0.2379425710486666,0.6716203633619481,0.6717681970711599,0.6713517465038371,0.6718086654609571
0,3.243482701254817,0.1690494883671007,-0.08959855139255524,3.7843761258732864,2.2787020111083987,0.7653977934430402,0.5023863822096705,0.5038093839449824,0.5010287801455648,0.5086277002529377
1,2.434547537223841,0.1454767015359235,-0.3864794671535492,2.957158441487997,2.6642882347106944,0.6499624650138319,0.39208884366585844,0.39057308887504755,0.3933301227745557,0.3872642897700412
0,1.885350463128001,0.0787975679278114,-0.7937275171279907,0.8554474572700296,1.3021019744873052,0.327002954357837,0.272094389976078,0.2719204808291754,0.27251703448067033,0.27173423920990525
1,2.025013434283004,0.0753411671077935,-0.20162728428840637,0.9538680994915012,1.3154920196533209,0.3453020597048875,0.43153249937684335,0.43162154875221265,0.4316183449536105,0.4324702197570899
0,1.6265717583221442,0.071578418266749,-0.19931063055992126,0.8342482122693964,1.4773581123352058,0.288833552806698,0.4222545547175658,0.4213233758285498,0.42316673679645156,0.4188105314262019
1,1.4497034838730452,0.0389655715949467,0.09263213723897934,0.2944659082221311,0.8497940444946291,0.1808823768278807,0.5088500060296112,0.5092725221424432,0.5087123524775173,0.5110302891381506
1,2.191042355642536,0.0831448416926429,0.6095519065856934,0.9543467592937206,1.2823101997375497,0.3256355766964252,0.6606262691209203,0.6609625794852056,0.6601187894733925,0.6611362286083662
1,1.2695626603476011,0.0618172312061476,0.1441003829240799,0.2741097374987353,0.6876900577545157,0.1851046114696819,0.5288609606086351,0.5297622169516902,0.5281296290023733,0.5319417828723807
1,1.608016438447857,0.0663136527980614,0.5319696664810181,0.5496463755451987,1.0740100479125971,0.2140183745120183,0.6325334261744605,0.632635664537648,0.6322898023088864,0.6319142904783744
1,2.131502307190677,0.0692259788124993,0.3843609690666199,0.8163967050024958,1.4469483757019037,0.3194520122417637,0.5942265701452151,0.5938013801841406,0.5945117945504178,0.5925622125282657
1,2.09075102104301,0.146511097606248,0.0651269406080246,3.481679296743376,2.6194425010681157,0.6597044126674627,0.5324607958737366,0.531616297857025,0.5330364782718133,0.5308247834461279
1,1.7313546427548918,0.0428654705579526,0.8790906071662903,0.1542958726082164,0.6493425750732428,0.1388775866582763,0.7202480473330284,0.7211565107464879,0.7193397333384469,0.7227326449403801
1,1.731052083707726,0.0981017562141751,0.5250641107559204,0.8057506283567354,1.089212322235107,0.2992120445356316,0.6408500806391264,0.6414077315611912,0.6400647015013461,0.6416853625994932
1,1.386925861010482,0.064978325536251,0.5664368867874146,0.3393057987251909,0.7826965332031242,0.2059447130679708,0.6488761257039795,0.6496350883084329,0.6480934868975854,0.6513290929892314
0,2.8104754066224102,0.2386947929757542,-0.3581863343715668,10.827378135117206,3.4529179191589354,1.4501844279525369,0.5373974329105728,0.5442013668998328,0.5323154929975964,0.5739511869211424
1,1.7945374467472774,0.0815004290167073,0.6992790699005127,0.7094025761885783,1.2514379501342772,0.2977840190869421,0.6829207195813919,0.6829205820923364,0.6826611566981474,0.6823741688064999
1,1.8477541066464505,0.0488015656379973,0.6452362537384033,0.7445603836952138,1.2541402053833008,0.3050738401795567,0.6718563728011185,0.6719611103456256,0.6717822742025185,0.6736585351022369
1,3.2673126855720063,0.1196393900224595,-0.10617170482873917,1.2910043931224533,1.4389860916137696,0.4017157566492838,0.4523221359599497,0.45292445493828304,0.45156563503093455,0.4512115816847823
1,2.0986526462580697,0.092022356225935,0.066307932138443,1.7144049707805584,1.7379780578613286,0.4629261510733324,0.5198065924564221,0.5196520958406543,0.5199937018888042,0.5208156495728858
1,1.21641190338824,0.0491806607405386,0.3996312618255615,0.1644740807988912,0.5825120830535886,0.1282474486291603,0.5977732186784979,0.5987694288717382,0.5969191113831792,0.6008441410637287
1,1.4108625214421686,0.0508379140246248,0.8284226655960083,0.378248156714738,0.931078128814698,0.2050062754363978,0.7133035572329439,0.7136538499064353,0.7128844423125149,0.7147771065032076
0,2.78678631004216,0.090742261843868,-0.3615369200706482,1.1291796154822966,1.2867978858947753,0.306754464173207,0.3741129850314954,0.3745649095481555,0.373765785479876,0.3732853675134285
0,1.7403997425446578,0.1003741429402428,-0.21362145245075226,0.7276833005954064,1.351834602355957,0.3015964399233283,0.41970707845334954,0.4191347929548936,0.4200850143823496,0.4160303589237617
1,2.0684833869113994,0.0836608193652428,-0.05459561198949814,1.1985381990696566,1.5732141113281244,0.3160350981391224,0.4632664221578039,0.462635450804121,0.46379668228191534,0.45981188685204455
1,1.934327441300074,0.0858581196057847,0.271592915058136,1.3804067734620704,1.823526210784912,0.4153924008485937,0.5702540059538108,0.5692794268881982,0.5710215375710657,0.5676262795880986
1,2.950734627811196,0.1200006837594137,0.0368342399597168,2.339656922567947,2.1328483200073247,0.4837000023328454,0.4972745862724214,0.49671053840900303,0.49756991937021533,0.49331813732562574
1,1.7287934592362424,0.0443379619957655,0.3175505995750427,0.6983234152411528,1.2435498428344731,0.2519602088427948,0.5747051018139309,0.5745308492497131,0.574984157306956,0.5749391803173172
1,2.0749126164566483,0.0927427031662124,-0.18000191450119019,1.6545595190917124,1.8932263946533192,0.4547746033877266,0.4416050269170073,0.44074279182650494,0.4424470579961761,0.43963800881887694
1,1.4396354669849951,0.0371550878144501,0.5074440240859985,0.2323033200649525,0.7499040031433108,0.1606595157692719,0.6279215441595118,0.6286135024523808,0.627390273027511,0.6307581396584416
1,2.907951820148144,0.1161408383932406,-0.2174745500087738,1.5252346580086775,1.697274208068847,0.4366398198184457,0.4232573932134362,0.42315352540518325,0.4232203350061721,0.4209511841398066
0,1.810444900267706,0.1142044281192602,0.29711782932281494,1.584096506537309,2.1016061019897463,0.4195363189863184,0.5709577232507904,0.5691410923667228,0.5721811882530946,0.5633104560810406
0,2.1684802656578186,0.1334396580983078,-0.3553207516670227,4.500680090886774,3.1863182067871083,0.6396504791956005,0.39701959895288247,0.395217554685381,0.39869922889735504,0.39126600353131646
0,1.4951154777991615,0.0429676142806309,-0.7361196875572205,0.441428445880609,1.087632293701171,0.2214669390627988,0.2801021768724884,0.279846719349939,0.2807509325425279,0.28007082591893157
0,3.621272064548481,0.073676272494571,0.2385009527206421,1.0600132962930504,1.2844639205932622,0.3431898237763939,0.5478252936241388,0.5488258227708515,0.5469139239457286,0.5492695078628007
1,2.188429760564564,0.0920519837300696,0.5018005967140198,1.5725035636881968,1.8763925361633296,0.4433541986504973,0.6365172628292255,0.6358263471077372,0.6369407074178327,0.6345860524614666
0,1.5313403978855007,0.0810643339733903,-0.04853067547082901,0.6637265136370276,1.1625480270385742,0.2880378693932943,0.47381848843659674,0.4737938111194824,0.47384910901954075,0.473651451959712
0,1.6106818219321484,0.0505880685569719,-0.1968371421098709,0.3287075898507168,0.8449680519104001,0.1590132045437922,0.41850414126784197,0.41887497535845925,0.4183914502159294,0.41899077975817495
0,1.2592737405161367,0.0638300276328196,-0.34813544154167175,0.3175379656507906,0.8751100540161139,0.1992291286593123,0.3829623510885599,0.3831548331094077,0.38299173435508177,0.38352665819725307
0,1.3370654202480272,0.0379984882874695,0.5609999895095825,0.1591691981273674,0.62352611541748,0.1261622757116276,0.6411039812424051,0.6420016580221061,0.6403520413490936,0.6441816757094829
0,2.5619942282052,0.0706976139047012,-0.9169699549674988,2.9040190079117294,2.774485969543456,0.4726373636644393,0.23618946250562614,0.23433990448655903,0.2382101481077396,0.23018171227132048
1,2.393166557988448,0.1148666439178156,0.10640931129455566,2.218571173586155,2.3640664291381834,0.5266131376050823,0.5231771656094601,0.5216037702555766,0.5243724828908599,0.5175866726035312
1,1.5982921408087738,0.0530324295112623,0.4554719924926758,0.3849193621676841,0.8925098800659186,0.1870632761606918,0.6120581533354547,0.6125323106540802,0.6116152966200832,0.6132684020518274
0,2.567775277947949,0.2156102228777216,-0.11456181854009628,9.722703627452612,5.302833766937254,1.0393750059772893,0.49167722598793756,0.489266154201916,0.4937537491619013,0.4839546242670528
0,2.4552781490407947,0.0952763318354108,-0.029389044269919395,0.840314912770234,1.093743915557861,0.3055623072977704,0.47565480101666513,0.4764536418430422,0.4748543963859384,0.47643108330507555
0,3.218996244589517,0.1438886692030195,0.13913652300834656,2.9498162779440515,2.2086639595031743,0.4763496031878632,0.5233338884360652,0.5232246684151254,0.5230330562105309,0.5186297875496475
1,2.229264777228559,0.0774806202638986,-0.7779275178909302,0.9849193840600912,1.4764582061767584,0.2992292195351996,0.2667469256951571,0.2662269384400875,0.2674217773336801,0.2639635099883269
1,1.8522959663065188,0.0925373929612095,0.2348095178604126,0.729211510032777,1.1914901351928715,0.2846462736709423,0.5525941937551957,0.5526871636773556,0.5522986080710093,0.5513519768603545
0,1.244002671627223,0.0821234303355469,-0.31721410155296326,0.7175497076184265,1.2499780082702636,0.2678711831493687,0.393266251245541,0.3927727541542874,0.39377606285434097,0.3912661997183482
1,1.4964029351117638,0.0758430165057969,-0.4115043580532074,0.4107189078489641,0.940262327194214,0.226583016753508,0.36545961959318135,0.3656579578074992,0.3654214829562161,0.3654680710362967
0,1.351491021314048,0.0685824131236598,-0.3609175384044647,0.4920529960674025,1.0755520439147954,0.2114996230530495,0.3758981008646156,0.3756487138467757,0.3762667525850307,0.3744013588064572
1,1.1036535038672843,0.0394839028839802,0.5425647497177124,0.0919281591644916,0.4835560607910156,0.1071961748177678,0.6382893460431855,0.6394447088636158,0.6373172657140874,0.6423632851392083
1,1.4269579452859202,0.0593819578061446,0.3602059781551361,0.6434272105731956,1.2284620285034171,0.2673797155468429,0.5909939250254704,0.590739338366582,0.59122168592514,0.5908764314771556
1,2.0381850259141325,0.0972141219288712,0.29854339361190796,0.7000241845184183,0.8559843254089352,0.2958090990230055,0.5796237494399181,0.5809760187167234,0.5782404582682693,0.5831179497936363
0,3.583511829508323,0.1315538338216516,-0.3522845208644867,3.764556269026232,2.890932064056395,0.5850063145755726,0.3813530950267841,0.3801519384508178,0.38237120169086847,0.3747061613169572
0,1.2335425684525472,0.0607695230915862,0.1186571717262268,0.2572694503340731,0.6714743328094482,0.1917101421916777,0.5231646534675679,0.5241115295832192,0.5224225999368884,0.5267390104413292
1,1.2076450171043525,0.0587892487473341,0.4829460680484772,0.3456746070558455,0.8864660072326663,0.2078685302829186,0.6257182146612268,0.6260895878406829,0.6253406854400745,0.6273482851495877
1,1.3583933954484972,0.0704584542443846,-0.5608311295509338,0.5723214773495218,1.1270961952209475,0.2392324136377681,0.32512788529213726,0.324849124084785,0.32559209808477524,0.32401247802464167
0,2.1361340394783936,0.0975583787933583,-0.06910303980112076,2.434673626112008,1.9764338684082023,0.4704614394508678,0.4777111989342367,0.47748693637776274,0.4780182284221399,0.4778436444953573
0,1.2861442455153231,0.0626456829750571,0.11680702865123749,0.4001313020002886,0.970462112426758,0.2108531089540479,0.5177360518580176,0.5178393599811,0.5176859825328018,0.5180380711353907
0,2.8123235839641008,0.1185529645585239,-0.16108043491840363,1.5547388646570668,1.2638602828979493,0.44084278159241,0.45271845588189996,0.454186686215897,0.4513749447292065,0.4568577874567503
0,1.3682402659443973,0.0665923898823682,-0.5136579275131226,0.7192147034004754,1.247360019683838,0.2448153561701273,0.33626743642207757,0.3357752253201712,0.3369355207694416,0.33452947550141676
1,1.5303497950813865,0.1007822045597808,-0.4919557571411133,1.2620949793372598,1.8267818641662603,0.3971924878659684,0.3487860338548639,0.3473852220289597,0.35006621759166473,0.34405184846933434
1,1.208984018008318,0.0387706925140445,-0.24189916253089905,0.0838670644067032,0.3941341209411625,0.1023883931451114,0.41177239700632234,0.4131459163620219,0.41092450362425126,0.4166889754011797
1,1.5100089009431732,0.0886295065228251,-0.1061636209487915,0.7916785889929474,1.3245780944824224,0.3362988868323932,0.4604632186701967,0.4601201143601103,0.46076222210495726,0.45963298406429043
1,2.020796194245561,0.1118231090460433,0.021078746765851974,3.84575686266413,3.05495668411255,0.6536867124806747,0.5120009594138544,0.5099851251360806,0.513871107339543,0.5076902778397808
0,1.1984161246834688,0.0677996463818643,-0.0703834667801857,0.3243860838173913,0.8104603099823001,0.2013659863958506,0.46527887415040936,0.46576074491017405,0.4649442233654876,0.4668283674206731
0,2.9843669488544755,0.1951507119709026,-0.48474493622779846,7.561183150492169,2.875088062286376,1.2402031693837117,0.4662137683065103,0.47095699639459543,0.4628102093703049,0.49404419255547516
0,2.042753148095996,0.0674048472220218,0.3218933939933777,0.7464404156076632,1.245084037780762,0.2732106175842482,0.5749848022040236,0.575000934036741,0.5749128816174267,0.5743901643031989
0,1.723047797687948,0.0669967313799504,-0.16732439398765564,0.6978078521277001,1.1343939781188968,0.241144467786377,0.4319201184670384,0.4319499344659573,0.4320233544056263,0.4314461065001223
1,1.4093333268849146,0.0689547082271773,0.6585018038749695,0.4395461347267134,1.012229881286621,0.2096535558312125,0.6683159237110591,0.6684462944657432,0.66799237950679,0.6679744387917006
1,1.5905235494890548,0.0606146713242977,0.469442754983902,0.4323598222068521,0.9032420158386232,0.2324757573938764,0.6222968549371894,0.6229069836414682,0.6217180084558523,0.6245900015853753
1,1.4239577776862995,0.0556616340048456,0.1666543334722519,0.3504479105243521,0.913264045715332,0.209298802709294,0.5327528207352402,0.533076899198957,0.5325502298044102,0.5341120135212689
1,1.6390196442620055,0.0652820795105217,0.2820241451263428,0.4059382761922682,0.8922720718383798,0.1921027840866513,0.5620218921261111,0.5625090723560356,0.5615333564921513,0.5625543223019935
1,1.8630960255648892,0.0926442403202785,0.39804768562316895,1.6730973891798473,1.9981420898437492,0.4311608863392781,0.6059690209709399,0.6047633132217312,0.6068571466041355,0.6022461248286787
1,1.530209513093204,0.0824080410858068,-0.752898097038269,0.5976777345231381,1.0896361732482915,0.2733307827804842,0.28072323298252744,0.2806896262614253,0.2809644793355513,0.2803871924568123
1,1.429064916355099,0.0704520297054475,0.18489690124988556,0.4403612004211911,0.9520980262756348,0.200082074164395,0.5349179073190977,0.5351501690365155,0.5346524406649089,0.5346686090133543
1,2.058323278017749,0.0928890077600509,-0.1325288861989975,0.759410082716616,1.235932064056397,0.3081010554015954,0.44525087496105886,0.44528876712798804,0.445152296321089,0.4440096214043761
1,1.2914703440044866,0.0615594975090641,0.07664275169372559,0.396621687332979,0.9041701316833494,0.2099263593985543,0.5075372858203148,0.5078686187681877,0.5073266573688702,0.5088173290440924
1,1.6459177673387224,0.0725026800801336,0.30553150177001953,0.979231007110446,1.5630701446533215,0.3498626528922539,0.5781525032204423,0.5773855593084524,0.5787859005990361,0.576449996486451
0,1.859133378626992,0.0806612231543962,-0.0707937702536583,0.7599195695576866,1.2937461280822748,0.2905778858217394,0.46173058083528357,0.46146518788690893,0.46195640181259534,0.4599969563956579
1,1.670903306587502,0.0750647250084897,0.3251609206199646,1.066068031932426,1.7197269821166992,0.3650458929936799,0.5820781909384398,0.5809120264078917,0.5830228502072716,0.5788375726461582
0,2.2797243419166318,0.1379419467856648,-0.6679980158805847,4.583626522494313,3.230901165008546,0.7569367974354194,0.3271493195202341,0.3257396064150717,0.32865986384869983,0.324875605356787
1,1.5492485198072654,0.1012663826301279,0.6808078289031982,1.3247848579808468,1.9510500144958505,0.4069374733882416,0.6803614571511718,0.6789464575419195,0.6812388557886557,0.675304355004532
1,2.124776413594794,0.0746616393997636,-0.44535475969314575,1.9573282064374495,2.156100082397462,0.4424170211957774,0.3602203182754482,0.3588011190771996,0.36175769196596036,0.35655178022544115
1,1.7344846616619478,0.1071699638015779,-0.32225874066352844,1.1048750140807728,1.5435265731811525,0.3169277253543023,0.3876835847913548,0.38687361491522565,0.38828145529548486,0.3828581986255458
1,1.9895647487089412,0.1296803226299361,0.4400177001953125,2.1107538890009363,2.215372009277344,0.4842811269180256,0.6186851506608306,0.6173635449984665,0.6194142740539149,0.6129097881051482
1,1.8846602863412265,0.0815896342062802,0.6835744380950928,1.4688743208285286,1.9152281379699716,0.34986596490996,0.6733144455158981,0.6721136608213356,0.6741114338103849,0.6684425482710571
0,2.266101215177517,0.0848762344378599,0.052212197333574295,0.9689572901970216,1.1949980354309082,0.2967945861729075,0.4988204349985854,0.49933360832690005,0.49832307994114156,0.4991768580769905
0,1.52571686717391,0.0608153623732546,-0.7105909585952759,0.625215428751208,1.121628074645996,0.2193022902737764,0.28466750196656176,0.2844566378712518,0.28515711390826814,0.2837068537836792
1,1.293319721262958,0.0552196102832898,0.45047658681869507,0.3014588241420519,0.7365002441406248,0.1941194297790833,0.6177534080172576,0.6185807648400194,0.6170272302037731,0.6210211060202537
1,2.634577648628745,0.1310722450730647,-0.014893392100930214,2.66284235385516,1.9808499717712411,0.5439405966193122,0.49949318301773643,0.4998847612839756,0.49903588477001565,0.500568062137179
0,2.5979640459205515,0.1149875237808158,0.05430743098258972,3.929244015911741,2.95405797958374,0.5722211122686565,0.5065504300954854,0.504939913416708,0.5079482498471446,0.5005932652260916
1,1.3388178618108395,0.0522217403513171,0.4964062571525574,0.2512994182956186,0.7748180007934568,0.1511469538668843,0.6226733735516,0.6232119959658678,0.6221472530749103,0.6239368563145441
1,2.6464155114452352,0.1005633927521589,0.7062770128250122,2.463022808577784,2.021862049102783,0.5231340181569988,0.6979288053204646,0.6980749315291125,0.6976430094576779,0.6992323095010116
1,1.5994152776105497,0.0624322985698081,0.5562546849250793,0.8471526779409705,1.3400939369201654,0.2775137470699704,0.6437085520005397,0.6434271380385815,0.6438716130422647,0.643010949099817
1,1.8336060001230767,0.0733103290140355,0.43260854482650757,1.5967535012625809,2.049436168670653,0.3809979123377045,0.6080230022662526,0.6064338296076457,0.6093231215435936,0.6028972389074824
0,2.325530322070021,0.1587103928224418,-0.75746089220047,2.8222958864353327,2.1629580497741694,0.5599896711780924,0.29249525090073286,0.29219037420506266,0.29271310809585827,0.2902745087111821
0,2.2380246042250125,0.0928100905106114,-0.25502824783325195,1.479952184953706,1.5272940635681151,0.4055109513459814,0.419493845403272,0.4196294934345416,0.41948892299209867,0.42022994394306834
1,1.696286537630548,0.056288713329441,1.0048401355743408,0.8757163206756902,1.4877119445800782,0.3308542580721325,0.757479657585807,0.7571217280369745,0.7576552592264991,0.7573483282513019
1,2.6549299693489026,0.1092735102756459,-0.40919598937034607,1.815206610861851,1.940428085327149,0.4763410819546549,0.3729654623727344,0.3723475634242501,0.3735467009823784,0.37031521558412434
0,3.078582751737237,0.1294116941532094,-1.0261766910552979,2.7135557029032302,2.32030439376831,0.5209180072624895,0.2203554514633354,0.2197286759850864,0.22102679731437389,0.21678191764354124
1,1.1970592388145,0.0430959445416348,-0.4483901858329773,0.1425481291983061,0.5957321739196775,0.1258518216873876,0.3526816261050449,0.35338630225046275,0.3524250116010853,0.3552156384490634
0,1.4527053641661198,0.0623437163182737,-0.3365612030029297,0.8730574816759235,1.3614920616149897,0.2266193337990492,0.3791912165857639,0.3784603859694817,0.3800256197153045,0.3760776488880996
0,2.4801191211669624,0.185578570756085,-0.6375519037246704,3.513594289932196,2.08187005996704,0.6627211225255495,0.339415612548253,0.34036900472065745,0.33847636096317896,0.34218461072771805
0,1.192139661282814,0.0426826044822961,0.5352441072463989,0.1630724454754682,0.5841862297058108,0.1346074314753289,0.6372046726521329,0.6382048134808997,0.6363572428729907,0.6408606400901808
1,1.8648118717610924,0.0874874841911164,0.1857011616230011,1.092066171213146,1.538902034759522,0.3304642448455121,0.5383485979806464,0.5377425914862998,0.53874726855074,0.5354578734971518
0,1.4709437716755578,0.0918727179838657,0.4626156687736511,0.7749632362174244,1.3849641227722174,0.2934399874699774,0.6177738058278421,0.6171905869720363,0.6179890377670256,0.6147023029267974
1,1.340402539353558,0.0493685950081798,0.6073819398880005,0.3255736479173906,0.8529302215576178,0.2017342459516326,0.658898051502148,0.6594098383979606,0.6584243092020756,0.6612564281651713
1,1.5658100317709431,0.0628999614049529,0.5444713830947876,0.4254441964834676,0.8238658332824713,0.230609029659364,0.6446192036919319,0.6454673213275783,0.6438027737803416,0.6477301917046742
1,1.3555865483513212,0.0394511507530127,-0.24812956154346466,0.3226694720327304,0.8929303932189938,0.2008324774634104,0.41203932674909094,0.4122831402864814,0.4121940708575553,0.4141688851487225
0,1.5538393566030917,0.0596349703175999,0.5052558183670044,0.9162766159220588,1.4474140357971192,0.2763265905774751,0.6278071866991949,0.6272030282940273,0.6282789206860598,0.6260145622739913
1,1.458238881671523,0.0524318637493851,0.4810355305671692,0.5369451888259075,1.1569059944152833,0.244255146386339,0.6230716227893033,0.6229335112533093,0.6231872346305982,0.6232764025565135
1,1.2711925978007317,0.0612171956988304,0.6540548205375671,0.3411803361352518,0.7431201171874992,0.206512813202732,0.6743064932844341,0.6751521784157678,0.6734643291832687,0.6775299317174387
1,2.6037190835970203,0.1379216724507652,-1.0223430395126343,2.230089070689928,1.9064679527282715,0.5279783459918038,0.2304676623953612,0.23038489121784808,0.2306498731155106,0.22960868262534423
1,1.27039497262649,0.055865869167048,0.2697107493877411,0.3224648800597653,0.8213839530944821,0.2007687973950899,0.5652351586548806,0.5657897375783163,0.5648029668811948,0.5675945331187818
0,1.835921220447354,0.0771520201322797,-0.045898545533418655,1.683822797083503,2.008292198181152,0.4103440991513711,0.4743022398852964,0.4728696623129359,0.47566880433551373,0.47041535171947335
0,2.402702549532942,0.1062590978864198,0.12760548293590546,1.009023732213094,0.9674706077575675,0.3551449936668638,0.53387684271487,0.5354719240735265,0.532331675034289,0.5383019312422379
0,1.312007054937966,0.0674276741653455,-0.42954081296920776,0.3880378684300052,0.9291621780395508,0.20764228546817,0.3600375574458074,0.36013769706989396,0.3601468503470916,0.3600931818261997
1,2.359971270833261,0.1932599111977642,-0.35009127855300903,6.374750618051085,4.0638095474243165,0.9134948685674796,0.421544400040558,0.4194739325484581,0.42329131830233097,0.41587582288645125
0,1.149587117984065,0.0517181770717222,0.2813255190849304,0.2365911363876603,0.648279914855957,0.1621354496804242,0.5680848069474246,0.56900087495269,0.5673587099136703,0.5715550270311516
1,3.163316193096154,0.1256628428935745,0.24291887879371643,2.5496871044675955,2.0172219657897945,0.6035238312808718,0.5785831785033235,0.5791642077284748,0.5779289430137966,0.5811273489498647
0,2.8632443709399222,0.159236610964334,0.10402824729681015,2.3161783678729573,1.8191502189636224,0.5072998639718762,0.5270282066833961,0.5275622518380348,0.5260909403745955,0.5257001852863591
1,1.549030970310145,0.0782749331480305,0.8620809316635132,0.6907832783239519,1.2036480331420905,0.2938501485289636,0.7254853262395031,0.7255566760502647,0.7251678468451334,0.7257140249837836
0,2.2728986829583784,0.1578043958256015,-0.5650632977485657,3.331839559415537,2.497186145782471,0.5269281702641845,0.33183704683897275,0.3308618629492279,0.33254589994706996,0.3260077466912111
1,1.7528479833791024,0.0741595731506837,0.23953886330127716,0.5514680192163164,1.0937226486206046,0.2475363091697225,0.5520663150026359,0.552191112887617,0.5518627332455148,0.5515561953166693
1,2.0444702234554786,0.099008641370504,0.12252162396907806,1.4522118265978206,1.7161683464050292,0.4260592427406399,0.5296253329036794,0.529120597490656,0.5299651049950848,0.5281187836157817
1,1.587826517843084,0.0848597417751666,0.5941992998123169,0.626038494204107,1.1228081893920894,0.2797406151696842,0.657020185080602,0.6572071742391808,0.6566026335409157,0.6570621008282026
1,1.29966170217723,0.0640582635122156,-0.4799354672431946,0.3315525668977966,0.8077321052551266,0.1919353383297488,0.3471949525170447,0.3475796734595852,0.3471000846729398,0.3483387944545126
1,2.3762367686053825,0.1217799262109846,-0.3127214312553406,1.418961781310078,1.7639512634277332,0.3970672740803052,0.39189465603892054,0.39110854653830174,0.3923964554654697,0.3867022880217732
0,1.4447469857192463,0.0663131949060401,0.015612222254276276,0.6605990426877792,1.2795881462097174,0.2873584526962316,0.4913717338945138,0.4909260125326857,0.4918511087901862,0.4905895722724931
1,1.3370982673844731,0.0835706856802223,0.3890959322452545,0.6929964122883439,1.290897960662842,0.2632482501914008,0.5962139936496113,0.5957147939670533,0.5964315482074283,0.5936222138088433
0,1.6050511926336837,0.0747122386706199,0.11840745061635971,0.4803225714407981,0.8770610618591317,0.245031266229638,0.522816936020181,0.5235558084020999,0.5221609124223313,0.5250556857999795
0,1.650387478318759,0.1086658297811795,-0.3514474034309387,1.4892560562603183,1.8763625144958505,0.4612492440969908,0.3954310735368036,0.39428494535612346,0.3964534155344932,0.3923419693344853
0,1.8902541745564367,0.0690981831241214,0.012935543432831764,0.9423166672816268,1.3349759483337396,0.2926860973313508,0.4872275627224697,0.48707031512873084,0.4874459479571598,0.48654869312972904
0,2.9723955184629363,0.1352196795956845,-0.14273926615715027,3.938168189450452,2.767144012451173,0.5503962341560049,0.44522357373490423,0.44429868932387084,0.4459266776340141,0.4395789108329547
1,2.694297626062589,0.0955719812057857,-0.23985886573791504,1.846886766237501,1.8939901542663573,0.4804798078792568,0.42356590141856415,0.42320708914059774,0.42399365904439573,0.4227822323357362
0,2.4195973648157105,0.1063561468921902,-0.22483830153942108,1.9606262999723407,1.9952620887756356,0.4427896001457511,0.4215662190009445,0.4207362902117908,0.42227205092226866,0.4177819507888836
1,2.5145331092430463,0.1720467737832839,0.09819018840789795,3.558028927041193,2.34228578567505,0.6668985049317093,0.5454398331731246,0.5458197907781401,0.5447739813246242,0.5464199497133212
0,1.263934949034541,0.0588875710326789,0.04622142016887665,0.3053400316381714,0.8979020118713379,0.1953650530539467,0.49634793763050766,0.4965411097047049,0.4962671555018302,0.49700997437916544
1,1.1791489589768818,0.0476621730264819,0.382174551486969,0.1808943631739904,0.5491621208190917,0.1344969751236028,0.5951596331556119,0.596296886931352,0.5942193138306797,0.5991022500454788
1,2.201077598714816,0.0649744315079719,0.4545113444328308,0.7238715177289725,1.1574560546875008,0.300805484850462,0.6179050334312735,0.6183701172066675,0.6174520014755934,0.6195983647727658
1,1.729160804762542,0.0823705673150067,0.048224788159132004,1.720588022859956,2.3309803009033208,0.4372372891056291,0.4984078666326256,0.4959044975868881,0.5005924115521525,0.49063115458164686
0,2.416500195312416,0.1111182150917498,0.04582355543971062,1.555075361833376,1.5626921081542955,0.4156755361033646,0.5057616968430799,0.5059901513359398,0.5054064447738243,0.5054485789609628
1,2.0696658809081536,0.1559597843266922,-0.46500492095947266,6.3402495511507,3.7224019241333006,0.5368362519576533,0.34647322509487316,0.34445150852931294,0.3482307217630698,0.335617757722012
1,1.3790795039137025,0.064253708062485,0.41123881936073303,0.3733151156493276,0.928276195526124,0.2160194191644953,0.6040834204308544,0.6044094908096129,0.6037210623797893,0.6050650141685062
1,1.1966143673759082,0.0475439073133048,-0.6410168409347534,0.2721691093865324,0.7622179794311532,0.1844482005152572,0.30700213843311636,0.3073885091070622,0.3070667369325161,0.3091853989203704
0,1.640164388363064,0.072154979873259,-0.6210846304893494,0.4357199280332955,0.9564101409912116,0.2200302827726966,0.30810778162025293,0.3082569849957244,0.3081874997713894,0.30786035047748844
0,2.185154718486381,0.0999871927226862,-0.1873404085636139,1.9968643171229687,2.0148940277099605,0.3919246706587857,0.42668261112825623,0.425589355514885,0.4276158685160476,0.42148292661123216
1,1.3637139821358946,0.0415768688203174,0.10974893718957901,0.3791735866043573,0.991347980499267,0.2177078278922112,0.5169829886937943,0.5170750317424018,0.5171274871593342,0.5186326556188592
1,3.296654252230803,0.1319968346179279,-0.03164982050657272,1.7134296361330792,1.5519961357116694,0.4627944516917147,0.4819870617165232,0.48285731914456,0.480956360890196,0.4822634794490945
0,1.812371218592396,0.1130502045840749,-0.5159140825271606,1.3251264820714916,1.584208106994629,0.4069899387686831,0.3468911029334799,0.34645130135797136,0.34729720064185976,0.34501258037738264
1,2.00651932064192,0.0914985962101305,0.30357682704925537,1.210166778239237,1.704426059722901,0.3889355310072667,0.5765592560642754,0.5757644177166462,0.5770812857022168,0.5736308257696339
0,1.377884327297355,0.0733203089698214,-0.43878960609436035,0.3993793280423655,0.8599942779541019,0.2234332473140371,0.36066092408254996,0.3610627598862392,0.3604915544213653,0.36180873649853706
0,1.8463878273127277,0.0652219514199211,-0.2889466881752014,0.6666425636441208,1.1636744117736817,0.2356979995043305,0.3943508962619114,0.3942498879804369,0.39460381345181933,0.3931731492785913
0,2.5541805929952326,0.0784388748249698,-0.5186970829963684,1.5885310339273286,1.7768060684204097,0.4456078760983877,0.3446412030344497,0.34425554937968983,0.3452805479697806,0.34441093651396665
1,1.6560743050593818,0.1028116133740922,-0.051528047770261765,1.0377084271421264,1.436642227172851,0.3221348207105413,0.4701967265826751,0.46971372519313376,0.470460281818005,0.4671217505715276
0,2.580385349315099,0.1340014768252838,0.15833187103271484,2.247202292922592,1.918738098144532,0.530000270391746,0.5480006064550396,0.54812471232357,0.5476280597699277,0.5477498625804712
1,2.3422470602946976,0.1266878685194695,-0.06010347604751587,2.8733745278995166,2.376485080718995,0.5650343674797841,0.48290520648949337,0.4820562276694624,0.48356304529737465,0.48019555629427985
1,1.7362391434622475,0.0473908010471904,0.31627196073532104,0.4981814825059609,1.056856060028077,0.2495449564973115,0.5775423360481605,0.5778017920734717,0.5774272915175971,0.5793738354468886
0,1.6569833338211633,0.0517164206725856,0.39922618865966797,0.6215242050118412,1.271858043670654,0.2627893548097329,0.5987197857743978,0.5983820172878611,0.5990438290369416,0.5982058586286904
1,1.443496962463828,0.0716591614370789,0.10716426372528076,0.7877826934016063,1.2556759834289546,0.3138038187709014,0.5235776892037243,0.5234563812884554,0.5237432046365733,0.5242903600284746
0,1.933945014890161,0.0788705412518651,0.3750813901424408,0.9136218787584494,1.4369402694702138,0.3186118988428902,0.5932318754416199,0.5928523984905089,0.5934213755386684,0.5914510564054176
0,1.2828310634216713,0.0694357579767876,-0.11584825813770294,0.3166980164776328,0.7705045318603518,0.1989654544379604,0.45170538997378806,0.45233046894838713,0.4512503432062725,0.45353230339805944
0,3.745250687554768,0.3355419717143818,-0.4120703637599945,24.174288487293936,5.013674869537351,1.5170551539510235,0.5466857339804911,0.5627909035842393,0.5341604669459009,0.6069754471573683
1,1.8010488999227872,0.0924277706161222,0.55135577917099,1.0064586729112175,1.4616080665588371,0.3546932958400852,0.6476610878972542,0.64739118908713,0.6476387426576716,0.6464477572209039
0,2.7107218455550246,0.1152867919076375,-0.9725995063781738,1.9322555129039505,1.9415440750122064,0.4633519795893051,0.23230486780190915,0.23181038626932962,0.23288740293914123,0.22970083305383907
1,2.0988847224091964,0.10677232229564,-0.050732292234897614,1.1154597185071695,1.5948420143127446,0.3734065677159364,0.4704442529574106,0.46980239661257767,0.4708231549746299,0.4667712123321943
0,1.24008523209963,0.0422020788163374,0.36916273832321167,0.2303285561054658,0.6833444213867194,0.1517657919642848,0.5907296375321496,0.5915377455276379,0.5901217238829921,0.593935727355949
0,1.4126026645780865,0.0599526390978693,0.15656736493110657,0.414250555416031,1.0294799804687498,0.2275550909714038,0.5296677638097612,0.5296889789294357,0.5296988446788229,0.5299385307235434
1,2.0494511003868507,0.104140000589979,0.7942253351211548,1.493618718553889,1.7927022361755365,0.4320906615737444,0.7124836050140411,0.7120115575339261,0.7125573627121451,0.7106591120645308
1,1.5112386282609993,0.0580435145315912,0.13134655356407166,0.5212778924733424,1.007714672088624,0.272888750873565,0.52987894850266,0.5302795168430096,0.5296701581330236,0.5326342532559729
1,1.4149537849236742,0.0344207382616786,0.3739411234855652,0.3074214436275964,0.9084804534912118,0.1848186629668228,0.5907518145861567,0.5910372424556672,0.5906537662497918,0.592710137022892
0,2.161500358647501,0.1200857579666801,-0.5715700387954712,1.4695130599542727,1.4696160316467286,0.4285897018061493,0.33538089055673004,0.3356172850843772,0.3352091652310098,0.33563393737320596
0,2.1089987275259032,0.0891199259099528,-0.13737690448760986,1.130159609814376,1.49087631225586,0.3758589512394204,0.44952891656413424,0.449303492395087,0.4497604738946125,0.4487452949948957
1,1.4470059515981837,0.0647443886368722,0.30205851793289185,0.2605953502897952,0.703804244995117,0.1804838463304248,0.571999620029278,0.5728925793994658,0.571171117372702,0.5743865389213996
0,1.5924316539089174,0.0497529714168972,-0.4370914399623871,0.7785884735067272,1.310688209533691,0.2358250673557365,0.3534998645594739,0.3529385756817994,0.3543196364148546,0.35184858398897356
1,1.3411224912276414,0.068767797897251,-0.07012874633073807,0.4222085493609552,0.9768921852111824,0.2297304260870105,0.4645428045628954,0.46467690910283793,0.46450394039785514,0.4649542510494848
1,1.2932589126424363,0.0761431647883943,-0.05510216951370239,0.6699551344922472,1.258338127136231,0.2588349154368952,0.46720423493435215,0.4666642418815238,0.4676884926460926,0.4650408228608622
1,1.4209353171955332,0.0721134694824563,0.1561606526374817,0.5405256980645532,1.0348018646240238,0.259934053671444,0.5342322999433748,0.5344605619522159,0.5340271947501913,0.5352300327291721
1,1.2780424346073695,0.0563106554980278,0.21096627414226532,0.2467684044309557,0.7811740112304685,0.1756304374357402,0.5446873535234652,0.5452155586097526,0.5442685010088654,0.5463697361560398
1,1.4072717642270862,0.0593375563932834,0.8556065559387207,0.3850389512051893,0.8853821563720712,0.2193852066586274,0.7222047367878545,0.7227166191697083,0.7215993777914868,0.7241548819486681
0,3.251402424211638,0.1524462485464117,-0.8197746276855469,3.1014267402390505,2.465639991760254,0.5870289355199386,0.26933791537964574,0.2687683623808807,0.26982154714031503,0.26541013661879154
1,2.74626213609117,0.1268676444127514,0.11143918335437775,1.7434373498701643,1.7088100433349604,0.4668293786103982,0.5261729261936722,0.5263580469723631,0.5257268607023908,0.52510616326393
0,1.5570670233704875,0.0497263574442706,0.7027503848075867,0.6595865864996517,1.202338218688965,0.2871381606691393,0.6872139670542571,0.6872621861503769,0.6871561991627329,0.6888465528483892
1,1.878710554316604,0.1055905141974922,0.487208753824234,2.1890572661591405,2.3882761573791504,0.4931821013873003,0.6317704072072874,0.6300026813829497,0.6330613769399901,0.6259934476149521
0,2.4958896661641568,0.0735523760405316,-0.0911913737654686,1.1304241782260092,1.4959461212158192,0.3544046930693167,0.4572510104847737,0.4571178852835557,0.4574800364934192,0.456588871905848
0,1.4302654679118303,0.0720999218552442,-0.5419082641601562,0.7909810217700851,1.2977999496459955,0.3144401814674146,0.33698648899172184,0.3366125969758229,0.3375816605338777,0.33673480173152454
1,1.5513191799296286,0.070560168610135,0.17502745985984802,0.5463200839684199,1.083224258422851,0.2337349105222452,0.5332902771934354,0.5333199625713376,0.5332210373709808,0.5327095721585076
0,1.677898680552604,0.1014715197278399,-0.31180340051651,0.9708334860907316,1.422618389129638,0.3483592768412252,0.39875828127929747,0.3983088928526905,0.39912709124112156,0.39660624976446024
0,1.199654501740477,0.0666954465034191,0.3996697962284088,0.3927824319458314,0.9829021644592276,0.2215802427862848,0.6017155074556225,0.6018200660010498,0.6015340243472196,0.6020976232795185
1,1.6270796035022546,0.0957568275785004,-0.3558933734893799,1.7965028212725604,2.2093763542175298,0.4238517218642105,0.38265925644806004,0.38060564273089,0.38451827703840713,0.375737517024726
0,2.3212956951120414,0.1397005730442179,-0.5240100622177124,1.6200781184738122,1.9101658344268804,0.4242742978668677,0.3347505916366081,0.33373403887329917,0.33542306227412416,0.3283597658854312
1,1.4009358459857535,0.0517198748490656,0.30513784289360046,0.1796290847203044,0.5929822158813478,0.1498453722676748,0.5719993094484347,0.5731051092650574,0.5710789054381582,0.5755023710542352
1,1.2880748618856204,0.0570901666723324,0.33415308594703674,0.3962980427817538,1.0046119499206538,0.2225696640329028,0.5825548444600734,0.5826260008487709,0.5825014627821808,0.5832823219041718
1,3.478273467934135,0.0947072333794162,-0.2892019748687744,1.1541105967081866,1.1772400856018068,0.2871175215716413,0.38807200458539737,0.389125864349447,0.38711953200683613,0.38765681349446246
0,1.086561331119828,0.0372763125331776,0.3881967067718506,0.1477850302231355,0.616125926971435,0.1359158886145837,0.5967444534591447,0.5976023529562121,0.5961203734089213,0.6004246708199933
1,4.178587460925825,0.1489460354438865,-0.4082868695259094,2.7311601627363324,2.35333833694458,0.5842901850468152,0.3678188934517945,0.36754833698432376,0.3678532470776636,0.36334629895940707
1,1.7366596789070066,0.0610402419581589,-0.1772843897342682,0.6785851243098727,1.1188219261169434,0.2201598646941212,0.4263917728046303,0.42640141386604374,0.42654539536165414,0.4257219884529327
1,2.0490626522143844,0.0648115038884603,-0.40068602561950684,0.781260652963338,1.1459019470214844,0.3125021305854045,0.3740468639231135,0.3744117576080562,0.3740226743498603,0.3760984652279858
0,1.4285300687786646,0.0658531028262589,0.2881031334400177,0.3794701116277402,0.8340339851379389,0.2177929382543601,0.5710500306278916,0.5717189288635788,0.5704410478554144,0.5732926219239921
0,1.648198081574055,0.0991232048299775,0.3042464852333069,1.6730423155689542,2.0752260398864752,0.4573076529494332,0.5826380424050901,0.5811128335021983,0.5838011592225669,0.578260944426897
1,1.4367806294205374,0.0551739010785042,0.6037118434906006,0.4479928027583522,1.0015240097045903,0.223107548245821,0.6567812424348557,0.6570174182392535,0.6565059187633646,0.6579106427653589
0,2.3508422003073344,0.161910432784305,0.12344236671924591,3.69159310924885,2.5430878448486336,0.5546465172558743,0.5326058349539408,0.5320047504389074,0.5327341717057074,0.5278693718621893
0,1.1330072550377084,0.0501804268654044,-0.6007504463195801,0.2050810745534017,0.6476919746398931,0.1601097571017307,0.3165522075218618,0.3171536950772584,0.31639603288518103,0.31910275665794374
0,1.517069956676693,0.0531657117023578,-0.11200885474681854,0.6783861155681707,1.188238086700439,0.2483374016366682,0.4505140709059843,0.45031382514668944,0.4509204222076948,0.45054869734005504
0,1.5918077409291134,0.067959604379483,0.10760514438152313,0.5196603380751367,0.9124840545654292,0.2548676955979162,0.5210906957729815,0.5217821176831716,0.5205485337559058,0.5238140807162689
1,2.0590976065609543,0.1359856874880383,0.6278842687606812,2.3481025698526987,2.344132194519044,0.5417682357167014,0.6747071761315723,0.6735138878467329,0.6752967266225677,0.670027163864944
1,1.943019629406076,0.0896771946783122,0.2132272720336914,1.3365531172070837,1.797162113189697,0.4087409199613925,0.5523201530519906,0.55134543975435,0.5530685325906491,0.5493270528733067
0,1.74299921137129,0.0730298090090387,-0.330471009016037,1.1050674633491404,1.6893440246582032,0.2549587582969104,0.37473405198935633,0.37330774008632966,0.3760639907074275,0.3681419399923497
0,1.8079727266500716,0.0953990627178051,0.3054490387439728,0.9142576131538112,1.1857840919494635,0.3380565065846631,0.5827709376334091,0.5832461871655825,0.5821786950467646,0.5841137966716191
1,1.5282821424498123,0.0513746752057343,0.6803129315376282,0.7965560826181504,1.462813835144043,0.2690988467625284,0.6735648135523844,0.6728487985065625,0.6741173866244996,0.6716544529106697
1,1.3738988027586838,0.0786216991779884,-0.8794706463813782,0.4661930234736133,0.9487222099304202,0.2414003478336385,0.25130173734382893,0.2514059152742907,0.25145932909202573,0.2514688595655565
1,3.706425847776678,0.0983789367014914,-0.053279727697372437,2.4315717811103306,2.37992446899414,0.5513134069100726,0.47010355202965154,0.469273005309129,0.4708553166226444,0.4665760553050152
0,2.6211720867369666,0.1760422285499347,-0.941367506980896,4.170679522713545,3.127201805114746,0.7220352763814197,0.2519165006929778,0.2505629489996094,0.25309965367987447,0.246644385693584
0,2.147263744721233,0.0910261320637426,-0.04128184914588928,0.9788186628948444,1.289436111450195,0.3297842161331228,0.4745694713619523,0.4747837936320777,0.4743360051159858,0.4743443709224343
0,2.866470761474956,0.0988924108309362,-0.43656283617019653,0.8886008768402894,0.9269080162048334,0.3142187625843373,0.36120170035237864,0.36262679458689,0.3600144193231893,0.36403018506247836
1,2.4438722041989083,0.0988455852539662,-0.27841916680336,2.059846208014109,2.0441420555114744,0.4784054774879323,0.4112849974960612,0.41051933703764504,0.4120585250625502,0.40896528176173347
1,1.6161567491886246,0.0530660583106807,0.30549246072769165,0.2992121236654976,0.8162301445007327,0.1933947141423136,0.5716151112133162,0.5722761542203658,0.5710759087939362,0.5737597255972361
1,1.2708334435062534,0.0398565269332884,0.4506494998931885,0.1615224082054864,0.5911500358581548,0.1420925790662053,0.6142594592288503,0.6152972937216523,0.6134375266612997,0.6182799552213656
1,1.5524481915860535,0.0659080452494484,0.4350306987762451,0.3819958893662988,0.8349700546264657,0.2185165581158264,0.6120089076380774,0.6127337912219218,0.6112927249643433,0.6142332012637347
1,1.6427519764329417,0.0861263539892103,0.68497234582901,0.7470214888265422,1.3142701339721683,0.2733169385212965,0.6754106774005187,0.6751170566599408,0.6753478991776599,0.673139258977425
0,1.7168556323351842,0.0805248134237041,-0.4505782127380371,0.7506628518416045,1.2987441062927252,0.3063214920311674,0.35711838523863726,0.3567688143417837,0.3575739576067515,0.3558060312610233
0,1.431178551015918,0.0633922022966498,-0.6486568450927734,0.359187520307516,0.8779280662536627,0.1895224314711892,0.30069968173680495,0.3008725528701043,0.30081543788039355,0.30081878545709134
1,1.8331157979766937,0.1112087378937854,-0.413288414478302,2.9437342525431363,2.7180659103393565,0.5173124827187614,0.37079999813673414,0.3685565278012999,0.3728502129290445,0.36328488945336734
1,2.174831303213666,0.1467134994613036,0.13229931890964508,2.1312654444910764,1.9660659790039068,0.5161474407195918,0.5389365038456649,0.5385396246321609,0.5388917811237047,0.5362725662507409
1,1.727202135427225,0.0668497439014172,0.500846266746521,0.5332526810036334,1.0917660331726071,0.2581793661884198,0.6289573946402064,0.6291531750798443,0.6286722330920248,0.6294508070508378
1,1.2429961528885898,0.054403207778091,0.6736974120140076,0.2774350337669406,0.8210582733154288,0.1862240028054052,0.6750830197271955,0.6755654766032622,0.6745631275760862,0.6768798979637517
0,2.4573207343515997,0.1921161403413724,-0.03881713002920151,3.319726843576858,2.6521641159057627,0.6478080765247922,0.4912958916892695,0.4901448800519373,0.4917179812043851,0.4845840006973987
0,1.3898025995730254,0.0734463162508391,-0.008086991496384144,0.5039555890939681,1.0026163291931145,0.2509869491362967,0.4851674780961399,0.48539278928181984,0.4850107193020237,0.48598681098037805
1,2.553930636778299,0.108614097598944,-0.004599961452186108,1.7205494143899978,1.779150161743164,0.4147950595643585,0.4847066896749766,0.48437622237707234,0.4848489598631958,0.48193084822434823
0,1.6460460460854007,0.0530134583015862,-0.7202194929122925,0.4869680791291935,1.0059964752197266,0.2467205096686313,0.2874649207687072,0.2875911823508492,0.2877466401562023,0.2886871975779331
1,1.420210342327514,0.0580925836934168,0.21752671897411346,0.3912475431638429,0.9147800064086908,0.208499278752774,0.5475924366591541,0.5479570254007334,0.5473179652129766,0.5489108426164918
1,1.885209005370529,0.0825617019164809,0.19871622323989868,1.2888672373992902,1.768754653930664,0.4290965987479292,0.5528543192911067,0.5519838115933042,0.5536032533702318,0.5513560550329024
0,2.225295878875595,0.0803229597353693,-0.11746873706579208,1.445968418303762,1.749285984039307,0.4008280898206947,0.4537014399042075,0.4530382522572622,0.45439311265334836,0.4518961338334479
0,2.1799405292856373,0.1293861051420862,-0.47262972593307495,2.3234131614772,2.405112438201904,0.5080915448439495,0.35375906219333103,0.352019234437622,0.35520181762007885,0.3466808460703083
0,1.257911752422495,0.0560498040770618,-0.28600233793258667,0.3185816532462605,0.9411082267761234,0.1995562744084549,0.39938713444596774,0.3993815050801523,0.3996213225764275,0.3996211107093179
0,3.518373529511138,0.2284200055770551,-0.10373327881097794,4.887292076311267,2.304578323364257,0.8050600811799361,0.5028074581113536,0.5054773799371067,0.5000257463157053,0.5100667198216563
1,2.4239485110339274,0.1561596635204988,0.217878058552742,9.680095231434535,5.489508152008054,1.100005410863654,0.5988709515522961,0.5961688984428236,0.6015986873262501,0.595170904877646
1,1.3192061676400937,0.0652307933744371,-0.21093110740184784,0.3484831131436058,0.7972801780700687,0.1866770240665963,0.4215835325177103,0.4220990730974876,0.4212789748725873,0.4229053774479493
0,2.329210769773939,0.0685523681022537,-0.18991486728191376,1.050910861553448,1.5157422828674323,0.2959322644279498,0.4202395135223842,0.419692533014139,0.42083822672391225,0.4172664026864659
0,1.9943870558935008,0.0926708917079615,-0.8884776830673218,0.9833634493832588,1.3679460716247558,0.3135862639503297,0.24653692363497812,0.24626505954064018,0.24695306073712034,0.244671300704213
0,1.4796003178282358,0.0838341283671646,-0.42727088928222656,0.6833532995498365,1.1012980079650878,0.2922655683513361,0.3677670563213215,0.3678824049992113,0.3678108510345039,0.3682892091044441
0,3.251513417715393,0.1805819701616546,-0.8796908259391785,2.971558321029997,1.78088207244873,0.7753203030185027,0.2919752682574703,0.29377121177037935,0.2904928847439273,0.29981053020518494
1,2.900473042412,0.0911369711998724,-0.3740677237510681,3.717055577326015,3.096256179809568,0.5152707732920635,0.36812317750666657,0.36581236686118973,0.37036171079506586,0.35919804881804174
1,1.728433811313058,0.0743094427458816,-0.7303111553192139,0.6434498113148274,1.158826656341552,0.3031854244788227,0.2877595917771206,0.28771879517292326,0.2880737365643441,0.28805778506723817
0,1.9224068272197683,0.072043392807606,-0.8441910743713379,0.9377843476692328,1.2060100173950197,0.2348697195404586,0.25170083813846816,0.25164814256021084,0.25201295026935405,0.2504433029589266
1,3.4013356497137144,0.1303589136009931,-0.542803168296814,5.021962175915672,3.3638639640808106,0.7923037750695492,0.3558138662608403,0.3548754625001073,0.35696015575043333,0.3545691685297885
1,1.851352366092507,0.0763181688173731,0.3506591320037842,0.6104940842102233,1.0374020576477043,0.2604470695234602,0.5870573315432206,0.587537497741461,0.5865148621453676,0.5879190178341324
1,1.5669696715265828,0.0648845276102487,-0.42238813638687134,0.4786788926270246,1.051914043426513,0.2446116546249954,0.3628748752961711,0.3628632673062326,0.36311374490584586,0.3629284563517589
0,1.6068688546076602,0.0599027688244735,0.07205218821763992,0.3380382644666223,0.7441420555114749,0.1938035272201154,0.5049030715548795,0.5058154959513944,0.5041985276128934,0.50769111189247
0,1.818178501409709,0.0891700198565564,-0.35727041959762573,1.4880907958459582,2.038944034576416,0.4312903308454118,0.38502251417516425,0.3833271216450217,0.3866181601300859,0.3799239918787612
0,1.2261473841871684,0.0610036054280707,-0.04549456387758255,0.242022189616166,0.8099619102478027,0.1639858359791974,0.4664981072088282,0.4667967530399796,0.46632044430509173,0.4668519399287378
1,1.6504766390398915,0.073926693295459,0.10816897451877594,0.8415446872775686,1.3170979309082036,0.3243348361025933,0.5221417412996715,0.5219656696080794,0.5223310520791626,0.5223028503580552
0,1.7636082775017294,0.103462339901181,0.34588417410850525,1.1270216628842449,1.5450321578979505,0.3538709216781743,0.5882821300504671,0.5877524601914422,0.5884528148650192,0.5853606127497426
1,1.457320867875749,0.0794468525742352,0.5319032669067383,0.6308895057842367,1.1770705413818354,0.2808223428130845,0.6405348056678257,0.6405044537437927,0.640363380409856,0.640275146629904
0,1.7666357896728804,0.0599806408118432,-0.7520029544830322,1.1115364594151775,1.5398139190673816,0.3178816903153489,0.278757861466306,0.27809153457002717,0.2797183338614111,0.277283977187047
0,1.6787996782904793,0.0743392811955656,0.16833513975143433,0.6726732926390216,1.1381581497192383,0.2472895418586041,0.5312418613649482,0.5312960235789383,0.5311353680851267,0.5305216684904053
1,2.686829720722772,0.092554775403583,-0.28067776560783386,3.9336229973912458,3.0159710311889647,0.7012152841131643,0.4279046645238636,0.4265280070076823,0.4295408688651413,0.42720922628338664
1,1.5235091558458709,0.0737016607574453,0.006572882644832134,1.103103052196558,1.4185359954833985,0.3166734842929426,0.4907470210193521,0.4903971621670725,0.491141064692355,0.49017850018016507
0,1.4296840865505271,0.0826252738284724,-1.1458406448364258,0.6577578979413312,1.1613319969177252,0.3065377855854295,0.19986531071595998,0.1997049631709977,0.2002907484342489,0.19972753111345504
0,1.2906493058030473,0.0521644664383066,0.16877499222755432,0.1758080345664539,0.5548620986938478,0.1482430582550385,0.5338661881007021,0.5350463093323891,0.5329418062573126,0.5378456514926356
0,1.387167624787629,0.0712245294717833,-0.48607391119003296,0.3277172257572696,0.8594825744628907,0.2023972658403732,0.3445614158634995,0.34481961976357695,0.3445169058618825,0.3448434890556798
0,1.3701289168046848,0.0549100492204256,-1.017879843711853,0.329492391975587,0.838695945739746,0.1913380928489286,0.21910140630132605,0.21925945285390205,0.21933624148004216,0.21984588309093409
0,1.4809796562417523,0.0343266630286443,0.27000823616981506,0.1808421643120073,0.5879543685913081,0.1503504923137962,0.5626265780071622,0.5638110864500699,0.5618006765885777,0.5674248766702824
1,2.024283859342573,0.1175757866981302,-0.2457214891910553,1.7216327146956802,1.995320091247558,0.463900947764671,0.42020398636360357,0.41901802789878917,0.4211378991022726,0.4156242099723969
1,1.3230903700867092,0.0403269534671308,0.5452022552490234,0.1649697823321821,0.6306101226806636,0.1353882410502732,0.6379599281260924,0.6388594570771057,0.637202259352517,0.6411296382365949
0,2.036622069606125,0.0687640453095496,-0.27283018827438354,1.223060033389656,1.5328199386596677,0.2764801115575105,0.39655907390154477,0.39596048519104393,0.3972415154709843,0.3934212673334986
0,2.799639954642753,0.1673230602307507,-0.02875298261642456,2.8624371449323123,2.094066581726074,0.677645716257977,0.5104806575378914,0.5111169165955434,0.5096358773036128,0.5129084710361346
1,1.7081602469052106,0.0926724302084144,0.19561375677585602,0.7446011285671373,1.146410026550293,0.3050821874034801,0.5469268959333209,0.5472031022104189,0.54652505176308,0.5471730833424653
0,2.5789331137653497,0.0817164807210322,-0.10651463270187378,1.2686199023468905,1.4127800750732422,0.356176908620827,0.4546558922229237,0.4549912997962941,0.45444692158128025,0.45518225950601576
0,1.607722005101785,0.0773561959201334,0.0005705997464247048,0.5278485216158318,0.9803840637207036,0.2297495422445563,0.4828014621959354,0.48313975702517875,0.4824844711871331,0.4828894334543268
0,2.3972263198644743,0.1203951185723095,-0.8971425890922546,1.5969839887408777,1.4642940139770513,0.421239439530124,0.2537301123031125,0.2540451199296611,0.25357947659294,0.25394048706948097
0,1.31388545927232,0.0297145939135901,0.03661256283521652,0.189260825663085,0.6822101211547843,0.145013725658062,0.4924762731861249,0.49322435909651247,0.49214774088817315,0.496073948119926
0,1.389828955368734,0.0567578561380993,-0.2970191538333893,0.5418018681887002,1.1450101852416998,0.2124856599453047,0.39292876611780264,0.3925380816769824,0.39349042826795816,0.39149187476824365
0,1.4609416764082483,0.0630540380935857,0.1660861074924469,0.4414231969570801,1.0265400123596182,0.2348997650480626,0.5331923769886018,0.5332926739329732,0.533133834033809,0.5336442002358905
0,3.214936640908364,0.150540728740782,-0.6476887464523315,6.093194850808691,3.732460517883302,0.8228132534724112,0.3286787331375009,0.327615855675363,0.3298983936340742,0.32615817957963067
1,3.1815118886937688,0.1261157576658569,-0.196676105260849,3.3895101808710604,2.174916381835938,0.5821950000533378,0.44621997986874856,0.4470000361496486,0.44561499388791853,0.4487134084441174
1,1.715955662007448,0.0617068471192006,0.19717413187026978,1.0019786643223103,1.382947902679443,0.3783382206292426,0.5562824500710795,0.5562883983404443,0.5564474988284667,0.5589732549893085
1,1.987476267422725,0.0969433054159297,0.5803581476211548,2.008251176775937,2.0171019935607912,0.4481351555921423,0.6584105653972794,0.6576674786807868,0.6588577874795788,0.6561794734845368
1,1.3353801171077082,0.0514231653920515,-0.360408216714859,0.5124978444464855,1.055168113708496,0.2531051768648968,0.3843062500607046,0.38429883510439394,0.38465832698641483,0.3857887441147471
0,2.3712299183734764,0.1295979562341734,0.03557624667882919,1.8603634955666708,1.7541548538207996,0.4546504757095976,0.5044179272627315,0.5043665015076718,0.5041922894847134,0.5026115732632888
0,2.148624781327408,0.0883029681575607,-0.02815873548388481,2.007967498252361,2.3620843124389643,0.5009949473612935,0.4824940202152186,0.48053667208071743,0.4842645776464379,0.47710049689636264
1,2.9165586883103343,0.1905487820269677,-0.13534057140350342,3.967330649099076,2.441100234985351,0.8270853666991971,0.49661141085991106,0.4976812290047367,0.4954603581606402,0.5020213617194413
1,1.4950552899857723,0.0593417781025062,0.30748218297958374,0.4315884146421538,0.94738208770752,0.2077470612649319,0.5722591226529229,0.5725897306260335,0.5719632339401487,0.5731548340424799
1,1.4559914017755395,0.0794621662168628,0.10601706802845001,0.6070292282356786,1.0210441589355463,0.2754608021651353,0.5217840324331391,0.522175765826636,0.5214188011652857,0.5232444773839272
1,1.4150873349716209,0.0503360705504231,1.0922191143035889,0.2955645133040802,0.7023915863037109,0.1922122893131706,0.7752493658586995,0.7760733561445674,0.7743813321536983,0.7784093276040116
0,1.6976321776492145,0.0902693473052632,-0.22953680157661438,0.7205108644619187,1.1872139549255367,0.2829430379387183,0.4176682051267813,0.41760720076080726,0.4177099734268436,0.41636759853679894
0,1.8467089042625224,0.0721862551145489,-0.48562106490135193,1.2635990888155622,1.5559400749206542,0.2578860508069776,0.3364658483598124,0.33570714170010746,0.3373146224599057,0.33251123582887954
0,1.883290777288288,0.0819560302115033,-0.42921751737594604,0.9536198646853304,1.4107080078125,0.2819012629576371,0.35608346338541713,0.35555328080688087,0.3566500554868699,0.3530306954472176
0,1.2846385774620757,0.0616130674708614,-0.792201042175293,0.3718592610214306,0.971432037353516,0.2155977913330255,0.26873580434511346,0.2686442377987195,0.2691331700605644,0.2686451065952085
1,1.9916100984178533,0.0530049658198449,0.007445734925568104,0.8887774181056372,1.317572059631346,0.2842497970105035,0.484760945588396,0.48464507618038266,0.48506999470911033,0.4849320316282346
1,1.6408415704636294,0.0672451954859647,0.460730642080307,0.44928626819646,0.9398542022705072,0.2234293992881718,0.6167491216276034,0.6172317592802756,0.6162124928194752,0.6178185310883095
1,2.9049617514917108,0.1346583804634457,0.7559109926223755,2.9926077365797727,2.380668106079101,0.5766385095803833,0.7074669640621606,0.7072036082714758,0.7073106972554628,0.7056385302613627
1,1.383059409491281,0.0686012829964008,0.02920861914753914,0.4152659188261403,0.9167300224304196,0.2278337987509042,0.4947687882021228,0.49514539914363,0.4944902565811383,0.4960219995552344
0,1.5996695644429473,0.0577109219675164,0.060655783861875534,0.7356981119731438,1.2566520118713382,0.2712375549169295,0.5024034610640344,0.5021534432930874,0.5027622230776628,0.5022432747439926
0,1.4026267976924478,0.0638724458822634,0.3351963460445404,0.5812645226604126,1.02587594985962,0.2410942808654764,0.5846364944728233,0.5849202116220976,0.5843746614408393,0.5859088162832841
1,1.2978895535360366,0.0556065583018196,0.7446944713592529,0.2783745023770078,0.7123543357849127,0.1865390382657902,0.6952671715788991,0.6960968254847542,0.6944336108736106,0.6983052313648543
1,1.383466695230783,0.0764383553403173,0.48666009306907654,0.5659816542288982,1.0618939399719245,0.2659844107811814,0.6293411233613725,0.6295567582571459,0.6289971225318899,0.6301138296743003
1,1.3731782187643362,0.0636863195947071,-0.2653205394744873,0.728002425610066,1.40542007446289,0.2844101939121002,0.4067733037117115,0.4058844566567245,0.407746450724124,0.40443914284760624
0,1.4308769956762788,0.0674660843481574,0.44900840520858765,0.5625175331107177,1.0202321434021,0.2371745207881145,0.6158492769809871,0.6161411103786252,0.6155023415588664,0.6167676431723209
0,1.2961038390054933,0.0557150331411271,-0.2907809913158417,0.4263734423230694,0.9523781585693354,0.2176575910111694,0.40076996163484646,0.400909853010857,0.4009115486034779,0.4019003834531356
0,2.8232393768986874,0.2566689533085811,-0.9430360794067383,14.59619174972494,5.594108352661133,1.2543495909692992,0.30521153231236064,0.30729667663974447,0.3040594706332048,0.3151280387480221
0,1.3492700805551323,0.0524466277223853,-0.39342641830444336,0.1868744765739504,0.6469741153717044,0.1528375267129895,0.3686468601231801,0.3693696858816062,0.3683009189573227,0.37095834179757137
1,1.373465523550999,0.0466781659191529,0.5640002489089966,0.2099669647154845,0.5618643951416021,0.1620057733213096,0.6480333348468889,0.6492840336679373,0.6469544533790907,0.6527053203436589
1,2.489252212669125,0.1684110833853555,0.4101143777370453,5.402429035953642,3.65706995010376,0.7350121792156672,0.6211013266004176,0.6191689910339303,0.6224224521416061,0.6134747028946409
0,2.9263707522896896,0.1959484627486554,-0.46332401037216187,5.626092066118449,3.8633080863952634,0.8227535147874069,0.3718824397573556,0.3696974116570767,0.3735810147653813,0.36288352590431994
1,3.203875537769597,0.1520423460573633,-0.2199646532535553,4.879115153026392,2.762941856384276,0.6659999421939908,0.4427468447564968,0.4432764252994558,0.4423104185102278,0.4436909837728873
0,1.411168552083965,0.0675617355599438,-0.4238094389438629,0.4315100404046433,0.9592679786682128,0.218964746123572,0.36189757866793276,0.36201119145826194,0.3619992333480264,0.3620442758003893
0,1.8284690693805872,0.1117764146789434,0.2754195034503937,1.491508813694199,1.7088900375366205,0.4070911464544244,0.5726877616924465,0.5721310521832413,0.5729022791133889,0.5700535254055389
1,1.182146124534938,0.0506647857708014,0.34771162271499634,0.3119039777322501,0.8065666198730471,0.1766080342827727,0.5855000209477161,0.586005001098454,0.5851056546558592,0.5875828113869853
1,1.2142057119929617,0.0607581842428308,0.46655791997909546,0.265636856858944,0.7542499732971188,0.1629836976077497,0.6171819844060698,0.6177811638944846,0.6165658896237145,0.6186534975143341
1,1.8980303592676389,0.0657592622146446,0.249786376953125,0.903461802372611,1.4052241134643548,0.2636229537065581,0.5504880167604651,0.5500042951835594,0.5508759087991745,0.5479563612011008
1,1.1608715964402088,0.0516138016160158,-0.15152446925640106,0.1689875031239425,0.5799443244934082,0.1453390446180681,0.4395785441708056,0.44052393654936306,0.43898185456543815,0.4429331084444996
1,1.9877319442427683,0.1212960717032248,-0.2166471779346466,1.984506586897099,1.9721498870849603,0.498059558047165,0.4360219909681063,0.43528932529007475,0.43659528091777344,0.4337555069342332
1,1.4826254301191162,0.0455488809895287,0.7723085880279541,0.2347722694880368,0.7448201560974113,0.1532228016608614,0.6959689192686259,0.6966433794192115,0.6952887196961294,0.697982218152838
0,2.7381069021552755,0.122083881000018,-0.4925726354122162,2.499946805706247,1.9293680763244636,0.438524344180505,0.34682107720115135,0.3468205203756072,0.3468392475903215,0.3446705731479951
0,2.3516989313702235,0.0974205885322792,-0.45432934165000916,1.356087115143059,1.3738919830322265,0.4117170015834691,0.3663027918615821,0.36683054605954024,0.36600219068564416,0.3683925146392225
1,1.818402508304704,0.0591445385390051,-0.1816864311695099,0.5880472002186139,1.1629019737243658,0.2556141189411653,0.42842463580322576,0.42832690622901437,0.42870195913926407,0.4281474603740053
0,1.3917566401875148,0.0805747533173248,0.05566895008087158,0.5013695971391993,0.9798300933837883,0.2503421651308463,0.5039424792755279,0.5042476988135451,0.5036323491462887,0.5045849464298644
0,1.2585936340903463,0.0589031233551487,-0.4069671034812927,0.2412097134922282,0.6981841850280759,0.173641049831336,0.3672980109778757,0.36792184835777125,0.36701086070694566,0.3694128639538875
0,2.279358013628056,0.0963680848395391,-0.5365737676620483,0.8287325078648883,1.17870807647705,0.3440790000369284,0.33716834156191855,0.3375500685691363,0.3369357108411108,0.33770257696564393
0,1.4854846212841135,0.048981453675293,0.35915184020996094,0.6322596117162924,1.1635606002807617,0.2811271090886408,0.59471345411882,0.5947565178305202,0.5947947803230215,0.5966603435423834
0,1.6146174468025514,0.0829357335378696,0.4883504807949066,0.6754213106865395,1.168964042663574,0.2598886897667036,0.6243184323014552,0.6243365972581431,0.6240681106570958,0.6232824841607176
1,1.4206450250619922,0.0561875123540743,0.40692585706710815,0.5665131222213542,1.166406154632568,0.2661092637952862,0.6055781450591801,0.6054692408766826,0.605690143374401,0.6062476672755273
0,3.628769945343014,0.1432576666912397,-0.4514493942260742,2.3588345514183016,2.032769451141358,0.5062612720496094,0.3556779041566609,0.3556750140634065,0.35550486770156253,0.3521657433803869
1,1.2764411053950009,0.0635387526695535,0.6307418942451477,0.3520284125369202,0.911709938049317,0.1977732743816964,0.6627634657422228,0.6630575604762289,0.6623502901212721,0.6634241598226205
1,2.2631216029124963,0.055084820047457,0.3980051279067993,1.0181679176051586,1.422190971374513,0.3567505987390137,0.6054181141314845,0.6054863981137287,0.60545357441911,0.6071227117929298
0,1.1806617709617029,0.0601956749709968,0.618280291557312,0.2481366965807597,0.7021023654937741,0.1660444038940453,0.660516333477017,0.661265698419287,0.6597375620247907,0.6627668914776088
1,2.855034358070266,0.1392706195453119,-0.2402050942182541,2.7769960604573014,2.086562328338623,0.5554773783229962,0.4303297027171712,0.43051652956572617,0.4300639054089694,0.429915420019
1,2.170252528891277,0.0636956867944749,0.2209022045135498,1.2954168940796702,1.8065879440307635,0.3431693054296391,0.5436649089272746,0.5425253485636586,0.5446932733544468,0.5397369003812554
1,1.7091949322136262,0.0860070592276404,0.23232245445251465,0.90174615290285,1.1362222290039068,0.335735415339008,0.5640909788078836,0.5646910397741424,0.5635081874889235,0.5666972948260389
0,1.6405988651469796,0.0682598036576654,0.35510921478271484,0.8705731625617318,1.4517501449584966,0.3298812594255946,0.5920020434190816,0.5914684855602025,0.5924384245939419,0.591097358629244
0,1.1813125317755253,0.0410617012753907,-0.5236629247665405,0.1366977999976074,0.5900822257995609,0.1307181127453305,0.33370426981655993,0.33440042911155604,0.333493432186172,0.3364835692171204
1,1.239327813183382,0.0665885270966403,0.2352897673845291,0.3221113242197584,0.8627961730957026,0.1891828404891118,0.5517317188847586,0.5520656155639109,0.5513918614878893,0.552307842458831
0,1.6007618341457457,0.0628305671447257,-0.14146578311920166,0.6301067711051656,1.1841901016235348,0.2645975499813434,0.4428387260207605,0.4426613659086374,0.44315943029205396,0.44259331692424964
1,2.575964622318447,0.1746104411431993,0.03135894984006882,3.896260222295126,2.865382461547852,0.6579648945629518,0.5112940872244778,0.5101316923805086,0.511893049501556,0.5053558846859091
0,1.5281662276413508,0.0602058247148162,-0.38163965940475464,0.7394273396783584,1.2741946601867675,0.2866332034109017,0.3767245785749375,0.37636007229047075,0.377331089588365,0.3764903042596709
1,1.162447758636431,0.0489941872861159,0.00956329982727766,0.2194637940206121,0.6052061080932625,0.1561565432580083,0.4884010046279789,0.48940062855717664,0.48773362387905506,0.492312843075823
0,2.207281371598599,0.0735299576350342,-0.6655675768852234,1.121052840731978,1.5789480400085454,0.273380423675139,0.28884685114921665,0.28806918388863145,0.2897256554650537,0.28465145987623697
0,1.8133865344277849,0.076173528342243,0.6666689515113831,1.1171991364016192,1.664276065826416,0.3523254708049897,0.6744941278603573,0.6737422264327358,0.6749592052732711,0.6721041494006701
0,3.3384573283723693,0.232840280291511,-0.9140006899833679,8.907406326883947,3.8547219848632825,1.0634131962790996,0.2979664416066361,0.29971681033224723,0.296722644038695,0.3056871497597591
1,3.251091523086425,0.1584981666352876,0.3533552885055542,5.210165450864304,3.4282279205322266,0.7608595614949292,0.6082005196604459,0.6071897626716308,0.6088377902772583,0.6042317313348897
0,1.423214866563085,0.0571438080428301,-0.27902981638908386,0.5018296860345421,1.1119620895385742,0.2240155543783828,0.4001114897637483,0.3998424674822018,0.4005705571068071,0.39935741443141676
1,1.6703527132007705,0.0792522545049677,0.5373729467391968,0.912201883868222,1.3223100662231433,0.3376762287806586,0.6463887394730891,0.6464070182316268,0.6462304535961136,0.6470449992630416
1,2.503821986350996,0.1657670148166092,0.34044522047042847,3.990379023752508,2.657167797088623,0.6658644359654688,0.6095967219512474,0.6093852751454159,0.6094139282738531,0.6082968783396006
1,1.3108043956313604,0.0648986766308084,0.6703112125396729,0.3854215323415753,0.8696541213989257,0.2194941720016659,0.6769772905789609,0.6775096010263076,0.676367022958341,0.6788988709581001
0,1.1469029962042256,0.0463486137543169,0.0427977591753006,0.115608837269292,0.4859142494201656,0.120212747488199,0.4954957378015112,0.4967008617790017,0.49463343448752084,0.4996438278359179
0,1.4733653623926195,0.0779420156041503,-0.009112805128097534,0.5085659447168782,0.91822015762329,0.2521323919880382,0.486258843352125,0.4868212136224028,0.4857860710488616,0.48801659189907165
0,1.7354329120789125,0.06115022691929,0.24420318007469177,0.5059465415725753,0.9536361312866208,0.2514822413145149,0.5586997534647106,0.5593048045703658,0.5582182664950376,0.5611228490268554
0,1.136434907548433,0.0463234161632182,-0.14553643763065338,0.151641311923809,0.5535000324249273,0.137677754159763,0.4413498062990788,0.44234823890184444,0.4407470682743549,0.4451358619892591
1,1.667534560318804,0.0791290590772575,0.33303090929985046,0.8495799276303022,1.413544082641602,0.3258795651061719,0.5849092207404172,0.5844581740838399,0.5851889077408196,0.5835336395133696
0,2.394838667580721,0.1228433619470907,0.34173890948295593,3.2227848055450887,2.07783000946045,0.5412766731235842,0.6060668591216529,0.6066908791673565,0.6054107618336784,0.6086159039965597
1,1.255062978896168,0.0686476951305387,0.32575082778930664,0.4404849807712439,1.0346604156494144,0.2001101925465621,0.5755030190914608,0.5754096026996749,0.5754740878858199,0.5743560147328592
0,1.5388351783190346,0.0584311939750207,0.5294464826583862,0.5207961970190353,1.0605061721801765,0.2551460848756637,0.6392568514306198,0.6394875550148201,0.639010066906884,0.6406692787403169
1,1.2944992236313082,0.0437834632250371,0.08567657321691513,0.2202946945197868,0.6927380180358892,0.135491295698219,0.5044348037768881,0.5051264045951326,0.5040050341737133,0.5066698536292354
0,1.6697665686997252,0.0837639718987467,-0.18619458377361298,0.8298977070752585,1.3430940437316894,0.3220826188797018,0.4334894017857988,0.4331294282729848,0.4338553278289906,0.43226744054470245
0,2.229842707679416,0.1129705705483375,-0.8446847200393677,1.1831931776996496,1.4170920181274411,0.3279680108707457,0.2550357091844897,0.25487266300517203,0.2552290677367605,0.252413955928246
1,2.348415335801056,0.095006942556725,-0.3030141294002533,1.2467118385034393,1.595150203704834,0.394764461182779,0.39997668028880123,0.39961939543714536,0.4003374636205521,0.39825729246997027
0,1.8673211445542628,0.1133763097670372,0.02065098285675049,2.3901318550415427,2.2648942184448244,0.5153350425846538,0.5045378671447994,0.5032595192097318,0.505579188158236,0.5009360217188444
0,1.3267582270908194,0.0632006716620642,-0.09213115274906158,0.37546159166116,0.899908351898194,0.2166395600015034,0.4583767302869705,0.45869288840387423,0.45823329531163504,0.45964078799146246
0,1.78992207652088,0.0813150309298269,-0.3761642873287201,0.8031019218033998,1.17363410949707,0.3168402440117495,0.381928714046847,0.38212412397655976,0.38192029952202355,0.38283403585210124
0,1.365814310904342,0.0526449852764717,0.276554673910141,0.2625040819233228,0.7581799888610843,0.1811436177192432,0.5649025034097848,0.565595602804502,0.5643554311146604,0.5674239936706836
0,1.375411371129824,0.0417617451294282,0.12329317629337311,0.2642846201853859,0.8329620742797857,0.1817569187766266,0.5187923834038939,0.5192190533262167,0.5186179292973669,0.5209780108672877
0,1.6514869524438835,0.1002435265676461,0.10562919080257416,1.0942563568602015,1.586306266784669,0.395376196418442,0.5247736759927412,0.524090369585352,0.5252269159279408,0.5226973608832817
1,1.594022569209086,0.0615397143823753,0.6267658472061157,0.3867379935269724,0.926026077270508,0.2198687089853205,0.6622596289076331,0.6627153409782216,0.6617330315722915,0.6635896358646316
0,2.6948733353676757,0.0804647073874359,-0.45153921842575073,4.182556463910914,3.265235824584962,0.6467268715548252,0.3669369599757042,0.36487003492465936,0.3692438177376453,0.36264705654717627
1,2.5907391503910486,0.1758474078136812,0.6084129214286804,6.079104950103166,3.6053060913085937,0.8717156180560812,0.6964371161167063,0.6959310275165073,0.6966446412181664,0.6963841166371182
0,1.3362974469098183,0.0521768856774861,0.16737626492977142,0.1944040344642411,0.6656561660766596,0.1394288472534436,0.5287497237612055,0.5295399956576202,0.5281326176314225,0.5308424251417142
0,1.4120243011950888,0.0694870703512595,0.2570652961730957,0.461295238577259,0.9368639373779304,0.2263957298815159,0.5609570768941032,0.5613606592278256,0.5605584550519226,0.562085595946721
1,1.211948614166072,0.0663280219994991,0.5848339200019836,0.2869552801751217,0.858468351364136,0.1693975443077973,0.6477277262832307,0.6480172092095757,0.6472861915431891,0.6477430776894864
0,2.1976541967909995,0.1308381997139587,0.00952267087996006,2.1413550010791425,1.9676181602478036,0.5173677368515481,0.5039482717900138,0.5035679617753495,0.5040759044076304,0.5023961557532831
1,1.6363534814013585,0.0471898114035115,0.8496109843254089,0.3402036572063585,0.8686900329589835,0.1844461051923727,0.715512606240686,0.7160333129181434,0.7149455867699958,0.7171327010987031
1,2.329713214470574,0.1549319991889669,0.6739581823348999,5.782172942961924,4.085252342224121,0.8501597602040692,0.7008716817351783,0.6985358278321342,0.702667576179389,0.6946151628521674
1,1.915343375201804,0.0875223768390094,-0.4230780601501465,1.620458308046091,2.085374603271484,0.4500636493939067,0.36836163226526986,0.36675561641081444,0.3699376719236235,0.3638821445207613
1,1.3889006908627082,0.0552631408868416,-0.2568499445915222,0.2642373353590032,0.7234941101074219,0.1817406584115821,0.40926421245141487,0.40996054188761505,0.40889946296230917,0.4117688576830695
0,1.7412009334531808,0.0653133430914932,-0.9216777682304382,0.7594100849444849,1.3085860633850104,0.2755739619311819,0.23838083128552814,0.2379622939103311,0.23907070727952795,0.23702899868780428
0,1.1834345409964155,0.0516985693832778,0.19554300606250763,0.1736203891601144,0.6268140029907227,0.131765089898696,0.5381669939515104,0.5389974294419844,0.537511942209572,0.5405743260346837
1,1.4017201771566798,0.0264859753331536,0.8288591504096985,0.1055842985695075,0.4557946777343741,0.1148827111500613,0.7125629740045428,0.7138645284197641,0.7114633524686637,0.7175761089188399
0,1.74977300262491,0.0683917062686445,0.07758134603500366,0.7093878359655096,1.2335522842407236,0.2977809253388952,0.5099473096772784,0.5098801869557772,0.5100693770413233,0.5101750242621712
1,1.098997709810804,0.0537800374771551,0.32590246200561523,0.2599894437733327,0.7750260353088371,0.1699638666741103,0.5792516333527259,0.5797525128756098,0.5788387280490439,0.5811588062756654
0,1.560045558257399,0.1094007414032617,-0.15827980637550354,1.4339959161072873,1.8387041854858392,0.3991652284048253,0.44277984525384606,0.4414771245510215,0.443796869274323,0.43776456778455497
1,3.3158880321771407,0.2810830793209654,0.021532636135816574,10.510578887836171,4.753605537414551,0.677171930180748,0.48148322819375994,0.48092837658427606,0.48112303531676975,0.46665320626754775
0,2.1570535988347386,0.1293032422986745,-1.0806082487106323,1.7143851483169654,1.647620067596436,0.4629234748202133,0.21746812965324733,0.21738151901994576,0.21767132773158102,0.2167429909720091
0,1.4482972250214572,0.0816426035124058,-0.07231362909078598,0.7524017253527002,1.3899979782104497,0.3066760761277076,0.4648215270087791,0.4640991606332918,0.4654503651098001,0.462342869035798
1,1.0495404431656514,0.0478030426249122,0.1792050451040268,0.1682340840900429,0.6268760871887212,0.1367211615296065,0.5356216770786975,0.536416398639721,0.5350486284129894,0.5385172431659604
1,1.6535099617269011,0.1139368330193929,0.3951689302921295,0.861445964398831,1.1178222465515135,0.3093803779597807,0.6054015846534547,0.6058900780979014,0.6045953098313169,0.6052990925610573
0,1.4220875903713286,0.06080757492562,-0.4013196527957916,0.4849776548459211,1.0384159278869634,0.2321344569295804,0.3686823341973791,0.36864506341951875,0.36896789285379006,0.36885919284665236
1,1.4074012616216238,0.0607460369202008,0.2662923336029053,0.5522991089131756,1.2018061065673833,0.262749669103782,0.563474932284397,0.563166802911194,0.5637626534458825,0.5630746820504157
1,1.7420111546425023,0.0882066250154477,0.4146556854248047,1.0493625933745478,1.6323140907287597,0.3414613355978728,0.6045743449695785,0.6036610865037688,0.6051449734829866,0.600833985660119
0,1.86916377295807,0.094210614059237,0.1870923489332199,2.782529373557424,2.6648820304870617,0.4458162156216892,0.535328245236539,0.532889030033128,0.5373765993500802,0.5263566942870008
0,1.3063389220835573,0.0459396041289028,-0.5022993087768555,0.2503438719247639,0.7116880416870117,0.1667812512527059,0.3407574250018816,0.34132296340168516,0.3406385226973695,0.34320341470613064
1,1.5276953290325104,0.0580606595225992,0.200569748878479,0.6369392728711413,1.1129600906372068,0.2523765585134921,0.5446086948316942,0.5447104704335239,0.5446033314393484,0.5455548307688937
0,1.888347774200202,0.1168096244789923,-0.16405141353607178,1.4400919329599982,1.8156319999694823,0.4242776114998289,0.44221253869473487,0.44118734839108253,0.44294379265904105,0.4377993165432626
0,1.5373785355598029,0.0737274395996305,-0.34548327326774597,0.6860108765914429,1.2316921424865728,0.2928333307086649,0.3875042923259795,0.3872334102408631,0.38791337491635147,0.38696563710107745
1,1.156930617254641,0.0613970539913687,0.11885614693164825,0.2289156184527451,0.6659120845794678,0.1512995764874261,0.5174221343747248,0.51819620775587,0.5167823093108879,0.5194700816043152
0,1.3525548216373446,0.0459964088587001,0.016726244240999222,0.2144212976091217,0.6856659698486319,0.1637151862263859,0.4880281712080474,0.48883391709275087,0.48753478595139604,0.49115742142288343
1,3.294129128910786,0.1092005984937923,-0.2912799119949341,2.0937861029594367,1.7333545112609858,0.482330696025897,0.40834039341765943,0.4089982187170681,0.40782914103885204,0.40962552867481616
0,1.4203454088618148,0.0765382538690462,-0.4915596544742584,0.5598807879070704,1.198102073669434,0.2645469683976435,0.3442699276172973,0.34383911964432956,0.34480679481539955,0.342596406555983
1,1.404081084873212,0.045504852101168,0.9361673593521118,0.2925150870207911,0.8137402343749994,0.1802822130318004,0.7380425270822007,0.7385896492066735,0.7374519195491367,0.7401486517576105
1,1.2552896004090437,0.053423167042133,0.7287847995758057,0.3648050904851162,0.8781444358825681,0.1909987147823555,0.6889073056795788,0.6893136200013048,0.6884488405454595,0.6904755400536268
1,2.618002392410094,0.1248003921483075,-0.32929009199142456,2.9848668291220126,1.965856094360351,0.6108259601885397,0.42071491818369267,0.4216474250487918,0.42008103882282,0.42589489980381245
0,1.3656212290102403,0.0551972508680135,-0.984254002571106,0.2134650095154143,0.6589520835876465,0.16334970520153,0.22583310185977454,0.22629955671085392,0.22579195805865937,0.22740202334516615
1,1.287139644339248,0.048260048316974,0.5825700163841248,0.2152283706452598,0.6737803459167483,0.1640230054920878,0.6511867750681368,0.6520480512977568,0.6504123568313801,0.654379252663133
0,2.5791050906030155,0.1096475744695184,-0.473743736743927,3.5411507686693158,2.954602069854736,0.5673824082149146,0.3526538695524303,0.35067347927644693,0.3545556580238908,0.34574819260485434
0,1.506721501494943,0.0585082242292775,0.2690501809120178,1.1352303958325978,1.7539459609985335,0.2751036648044512,0.5538806704319652,0.55231229873942,0.5552539111955941,0.5483011853504045
0,1.3952785965025143,0.0635350924667866,-0.04882201552391052,0.4562260268408467,0.9107139587402344,0.2135944818671228,0.4701331526793008,0.4705246468988351,0.46990753899427623,0.47142182020379775
0,1.4883347093794868,0.0725710173075328,0.3394353985786438,0.415844626840726,0.7882103729248052,0.2279924962692648,0.5877991025815116,0.5887138551127389,0.5869219796293749,0.5907058713536759
1,1.2031364273131204,0.0428086460541278,0.3891995847225189,0.1361685478417322,0.5812178993225097,0.1230034090953635,0.594470029830333,0.5954305753366006,0.5936967683161435,0.5977166357779404
0,1.4506179371656638,0.0698506242291854,0.33114713430404663,0.3744113180995391,0.7079602241516122,0.2039638633842168,0.5841251589149267,0.5851923178978399,0.5831293151650443,0.587366529268241
0,1.8290216456767447,0.0723273405601893,-0.3307437300682068,0.524720423439167,1.0065701675415044,0.2414586284874047,0.3864137246468316,0.3866953657348389,0.3863085211563762,0.3865985161883762
1,1.3420708753704025,0.0378788841097487,0.7374039888381958,0.1622791449192965,0.5345343208312996,0.1424250438473236,0.6918276177513241,0.6930170944505349,0.6907920549870159,0.6963974868914006
1,1.4098454171868449,0.0699209133671492,-0.13802114129066467,0.4347564542523334,0.9431439781188964,0.21978688016964,0.4433469327485325,0.4435902833394291,0.44322391308940795,0.4437805146393067
1,1.2796438529444711,0.0566950275869255,0.10157642513513565,0.3339434490522944,0.7953462600708008,0.1827411965190921,0.5136537230311216,0.5142296219711013,0.5132495353286642,0.5156528468785491
0,1.2266766027827232,0.0541085866133648,-0.35175764560699463,0.2930518528873919,0.7032288932800287,0.180447546360398,0.38438092864020545,0.3850826171628001,0.3840644154592265,0.38726900296623357
1,1.4480375335871976,0.0703675103626416,0.29936081171035767,0.5818907938321728,0.9433925056457512,0.288317977694314,0.5829619759868306,0.5836856435777039,0.5823396779703857,0.5866088517205923
0,1.51441472760294,0.092834332281893,-0.40291666984558105,1.071076145657313,1.4124840545654296,0.3272729970005641,0.37285813727064077,0.37243085718347224,0.3733134023190512,0.3711394253273868
1,1.2509165202429762,0.0613408859957728,0.6641565561294556,0.451550048493213,0.949761962890626,0.2239915793291279,0.6751397462178768,0.6754811190640404,0.674724517453557,0.6766551623942799
0,1.845673879723666,0.0898929201232836,-0.3338988423347473,0.9187740712805202,1.2709579086303715,0.3031128620300564,0.3886832964110335,0.38863767929754917,0.3887772004849295,0.3876012125319209
0,1.8398939495080808,0.0818992808377804,0.3781004250049591,1.019061224821033,1.5051479530334466,0.3569070650780523,0.5993452526844651,0.598925102788516,0.5995873845891349,0.5981969317107532
0,1.562643008137678,0.0559236865919851,0.8928219079971313,0.6861007693797252,1.2305557823181146,0.2761040000071883,0.7310995985535467,0.7310840202621682,0.7309861500338294,0.7317658508269355
1,2.1215121671713093,0.1322138243593995,0.3380720615386963,1.768245045945355,1.8332511711120605,0.470138948336733,0.5945558285075181,0.5941519159725215,0.5945083572192917,0.5919848041384309
1,1.342814210592787,0.0355354782484735,-0.07002264261245728,0.3216938283548154,0.878837928771973,0.2005286227558348,0.46456186084962264,0.4649024566927772,0.46461066216511676,0.4673315171678463
0,1.258704125858876,0.0578641880960629,-0.8923176527023315,0.2784716676106337,0.6600161933898926,0.1865715906866026,0.24896876557517372,0.2495575762722567,0.2488309867173456,0.25140169390345785
1,1.7836515317418695,0.0778968889072325,0.03999738022685051,0.8372433660268485,1.3278916549682618,0.323504900663585,0.5000493229764423,0.499853880465846,0.5002374650020176,0.4996204341762494
1,1.3379606824756385,0.0484575860393828,0.2212507724761963,0.4254711521949113,1.0197063636779786,0.2306163351203984,0.551016134913929,0.5511012899054394,0.5510766991743911,0.5524741257664623
0,1.768054085989288,0.0546906192184467,-0.4059578478336334,0.2392404959319402,0.7684914588928217,0.1729308011647795,0.3617267106739539,0.3622901106786962,0.36148880547730383,0.3629233483956188
0,2.2094093396997025,0.0773038542322376,-0.6861487627029419,2.7784234585318988,2.3651867294311506,0.5271075277902886,0.30711476227111506,0.3061453758423298,0.30843071644430764,0.306207519101721
0,1.754497341585785,0.0811330638596345,-0.9178603887557983,1.5256422526301552,2.023587703704834,0.4366981584329952,0.2459473132400407,0.24460639857847866,0.24743886782966612,0.2425877281322197
0,1.8560016778978543,0.0985096094643837,0.13491901755332947,1.1445872562523347,1.5190340805053717,0.356617949360117,0.527619043573883,0.5271926016485865,0.5278239277595204,0.5253585836262599
0,2.7721148649695517,0.0900366911344353,0.005075347609817982,0.4809981160944065,0.5881620883941653,0.2452035165159766,0.48547752395866595,0.4876465835286233,0.4834983568621948,0.4903001264462091
0,2.237719227543713,0.1944612136681771,-0.5233830809593201,6.937691957675883,4.216483764648437,0.931241909875992,0.37514526617909955,0.3731933732959094,0.3769113577425969,0.37016411157030915
0,1.2760719134748275,0.0619222925855165,-0.8434407114982605,0.3376013127178277,0.7843403053283692,0.2054267852295032,0.25953969909093094,0.2599043590870547,0.259565586214879,0.26113650910140335
1,2.9162356875113846,0.0954304360465997,-0.7170084118843079,2.0878262012222626,2.106714134216308,0.4569273685414633,0.28636429914569295,0.2855702200162389,0.28726752786949783,0.28293326348753306
0,1.8398507375592952,0.0879258549544912,-0.43385499715805054,0.8527153906342875,1.2353059196472165,0.3264803574938099,0.3652001643826993,0.3652597645956444,0.36527542554206033,0.3652652492762198
0,1.412556184839153,0.0714417312440012,-0.062236033380031586,0.382148831305149,0.8488680267333993,0.206060625195906,0.465493773503164,0.4659910546619748,0.4651060639129501,0.4665332650414359
0,3.096119217228926,0.1784371088671223,-0.08715246617794037,3.0215751440920395,1.9969162750244147,0.6267626580478083,0.4850708343475147,0.48614387453254354,0.48374689381422753,0.48671407579355963
1,1.6814966177593242,0.0982789906496192,0.34539908170700073,0.9746371189914202,1.3969702720642097,0.3490410289262962,0.5915811335012877,0.5913721165481318,0.5915267838152243,0.5904131640200989
0,1.6291318801803418,0.0919665473972667,-0.20912785828113556,0.6870945740944708,1.094298152923584,0.2763038935050542,0.42527369726199193,0.4254602331199671,0.42508868616506473,0.42485252476150726
0,2.4290146006650644,0.0970576706781445,-0.2902551591396332,1.672807958266737,1.9563987159729004,0.4572756223366188,0.4051660716199605,0.4042269109129074,0.40605492157754286,0.4020015536698232
0,3.4931339910474937,0.1220539642964438,-0.09265197813510895,1.2232125300242476,0.8911625671386721,0.3713191997932308,0.46364166280097435,0.466127823966274,0.4612862195185531,0.4688924934318662
0,3.5592282583464434,0.1114006452908303,-0.08103717863559723,1.77286964667168,1.552582664489746,0.4707533386328343,0.46821383753012413,0.46929421251446873,0.467206347901,0.47035021367153423
0,1.365086998138476,0.0763766474989535,-0.19393965601921082,0.3931743200344486,0.8058101654052732,0.221690753087056,0.4307320907664533,0.43138280025032794,0.43024708302087933,0.4325781323604761
0,1.9113341893194489,0.0890867162173579,-0.22733978927135468,0.986663658692712,1.452026538848877,0.3754356818974669,0.4253210282092829,0.42498814317605477,0.4256768805553614,0.4245676966013172
0,2.2108253256853465,0.1068503133242105,-0.7863314747810364,1.113397313140087,1.4332900428771966,0.3336760874171367,0.26893975306464357,0.26869240444375636,0.26922795031786395,0.2663686376433003
0,1.6444030250133792,0.0838522203866283,-0.6812015771865845,0.9308616026406672,1.4655999755859377,0.3646645430373876,0.3024061879982529,0.3018344199684587,0.30314066552842883,0.30125445855100147
1,1.8874226436898796,0.1132288334885794,0.2484126091003418,1.5499858705522098,1.9344960403442384,0.4401684152901321,0.563713768093202,0.5625346397906867,0.5644583142263717,0.5590859752757329
0,2.110015361450062,0.0898138492512878,-0.7350508570671082,1.313265396691118,1.339841976165772,0.3819926405182752,0.2921122026381507,0.29244908202337583,0.292089702455612,0.29374302437790295
1,1.382184428575994,0.065424197461372,0.5732636451721191,0.4193693626115945,1.0223981666564936,0.2289566996758324,0.648545796460008,0.6486631965635239,0.6483016561820442,0.6488315182987452
1,1.4806293935820591,0.0592567896452608,0.011599468998610973,0.3484021945907998,0.9078320503234858,0.1866553493985103,0.4827099426130892,0.4829582321618348,0.48257638511773426,0.48293557276814475
1,2.1044305176845515,0.0851096572554448,0.4853975176811218,0.6881418151790067,0.9878903388977056,0.2765143788061595,0.6263485005011151,0.627211065275707,0.6253811852649042,0.6280808541485682
1,1.462959052505446,0.0636272398079923,-0.8730888366699219,0.6430968912224398,1.1772183036804194,0.2673110737246525,0.25216079007802294,0.251899285528487,0.2527348052059411,0.2518362430525562
0,2.662764074089486,0.1198793352686081,0.18387770652770996,2.267381296120454,1.770798091888429,0.5019275397151414,0.5554512129501298,0.5560950452025284,0.5547413002107496,0.5573922309768661
1,2.451179458303665,0.1045170294760251,0.013638618402183056,1.4796280017868662,1.7201980400085437,0.3250964693953897,0.47731633083374453,0.4766122232856981,0.47770058193509923,0.4715117780009525
1,1.4701074345487166,0.0557381439055435,-0.11008087545633316,0.1986137517846224,0.653071403503418,0.1575649674676379,0.4487307698500395,0.44960645630433244,0.4481317000102161,0.45119622974833745
1,2.12590111484658,0.0825761128272392,-0.27455875277519226,0.5409208641050626,0.91248399734497,0.2600290522482686,0.4043302540920372,0.4051220266575907,0.40370403919312087,0.40576822658754474
1,1.5343715203417996,0.0763919237932196,0.3585226535797119,0.6712810323300731,1.2628160858154305,0.3096728763273715,0.5940806904640811,0.5938799925011548,0.5941533595647823,0.5938553452704645
0,1.8155265059952412,0.088728840335828,-0.9184408187866211,1.840337244191785,2.2753602409362785,0.5127429381267249,0.2502176062638278,0.24863348122497478,0.25192731212932346,0.24664932320271757
0,3.3861050798633423,0.1592853906143131,0.08043229579925537,2.86365306840411,1.7150300979614264,0.6755211046456766,0.5478687988531308,0.5501072585506522,0.5457124709860599,0.5560989195095516
1,1.5889853511776462,0.0941351668596,-0.39133313298225403,0.8313920751587736,1.234178142547608,0.2883387027713715,0.37282178057987597,0.3726571267453018,0.3729960862002271,0.371213989630733
0,2.374386221552113,0.0772795508045619,-0.8685968518257141,1.097954504306988,1.591132488250733,0.370464995699153,0.25198505734508375,0.2514679290969339,0.25272351523507697,0.25026773607374825
0,2.9366323259285414,0.0787698562629508,-0.23564036190509796,1.2101783296800723,1.4914801597595215,0.2940090292199583,0.4022561400450532,0.4021543709582375,0.40239504559171013,0.39921758653966777
0,4.184618701564644,0.2172496327318742,-0.36671480536460876,6.69565677803438,2.267870044708253,1.1792421955890309,0.49051250348615266,0.4967510207911405,0.485460853465076,0.5196010117715185
0,1.8007656241257868,0.065132257297074,-0.07541577517986298,0.58896070362102,1.1663079643249517,0.2713302193870552,0.4615367956712385,0.46148420248663835,0.4617009931071024,0.4614252925470154
0,1.191364049561708,0.0459931828023891,0.35285043716430664,0.2148277102111092,0.6748120307922363,0.1544983675609944,0.5867690157217327,0.5875738979669832,0.5861425447636173,0.5898894672450151
1,1.568593201402517,0.1040620640376492,-0.3209300935268402,0.4456363093297809,0.7686844825744632,0.23601808970124,0.3939943306562815,0.394855430779662,0.3931595292894228,0.3949478140189344
0,1.8823067355603535,0.0747379330431519,-0.6031171679496765,0.4945490137470101,0.8834159469604494,0.2486335188955347,0.3165178408802569,0.31711351996678894,0.3162248436575718,0.3180685673891408
0,2.494345479917478,0.066556936797293,-0.8910548090934753,1.7880150570699334,2.027932128906249,0.4457222674204611,0.24975830028685553,0.24886031238513037,0.25096365527431347,0.2478972319752281
1,2.5333154104492968,0.1582426199534014,-0.11921082437038422,2.036553227070324,1.3885824012756347,0.504548464851287,0.4738636809099171,0.475464983923745,0.4721590903437065,0.4777202888359969
0,1.729463616572868,0.0473484399607235,0.13177844882011414,0.6989857946101005,1.3797778701782215,0.2786845677284825,0.5206869800294431,0.5200591568358972,0.5214083354356985,0.519586286827063
0,1.0435735816028728,0.0336448261132243,0.3457699418067932,0.0729981918797779,0.4086899852752687,0.0900605918749383,0.5832216872524858,0.5845722796540745,0.5822043222492552,0.5882162387256304
0,3.2751072838529525,0.1738105999969721,-0.34228140115737915,4.203405220708455,2.9143399047851557,0.6332024645125124,0.3926917023530708,0.3918299848241419,0.3931700958744354,0.38620445507744233
0,1.534305457163255,0.0622048769219164,-0.42874717712402344,0.5869313594355098,1.0382941627502436,0.197809901915199,0.3556104254012348,0.3556040555004448,0.3558385044371141,0.3548445188839307
1,1.3861357640298997,0.0546713643473369,0.4665954113006592,0.4457079488725149,0.8431380653381347,0.2225378741479289,0.6237798256667522,0.6245138598927403,0.6231556823324477,0.6270838073609571
1,1.898759078254094,0.1133193801481879,-0.15414154529571533,1.067704268264704,1.4768921470642096,0.3653259278139015,0.4430464152129168,0.44264579598656073,0.4432185531039887,0.44019414174890154
1,1.5009242712594602,0.0352576115423952,0.5483384728431702,0.3174588371067224,0.8387060165405265,0.1878116187113277,0.6409736248271755,0.6415607152335685,0.6405509555673049,0.643921546511569
1,1.46525199506938,0.0545177735023106,0.3919792175292969,0.3100401963112028,0.8221462059021002,0.167885295341574,0.5936342226877626,0.5941569318712103,0.5931502334944263,0.5948081205501865
1,1.1973593243115364,0.0532640580923136,0.4541570544242859,0.1775598026065211,0.6302359294891354,0.1592660858018613,0.6165689310245358,0.6174932613519255,0.6157471821590295,0.6198133943562313
1,2.5247796835720853,0.2274733546796685,-0.07329046726226807,14.567912066583506,6.32652503967285,0.9939811882211088,0.4947832702840838,0.4938312275908902,0.4958774011611646,0.48866207825602326
1,1.2858725408492189,0.0607233568080729,0.8263466954231262,0.3405227775009897,0.927392559051514,0.2063137106147425,0.7131882056195383,0.7134661051696113,0.7127634228043712,0.714082989446814
0,1.412868744665542,0.0604862039564096,0.13928905129432678,0.5254589439664793,1.0751821899414065,0.2292289126542459,0.5241682228173365,0.5241476000252326,0.5242451927431683,0.5242203104141093
0,2.2785150342934783,0.0975261085606571,-1.0301167964935303,1.547047180383639,1.7216759490966798,0.3750208697688024,0.21700218939576843,0.21648859408660598,0.21766035905946043,0.21444482580672378
1,1.5174487869150808,0.0528835054302901,0.2900557518005371,0.3947494350066859,0.9752861785888672,0.2221343723421383,0.5688117229492881,0.5690662407064204,0.5686477709196016,0.5701230672931761
1,1.7771465203939212,0.0928340474104856,0.01459815539419651,1.0928423686674125,1.5174680900573725,0.3696015369062019,0.4950660597069395,0.49458365580836616,0.495426524104397,0.49346879700936336
1,2.2746341788075863,0.1221969270522148,-0.45214948058128357,1.2676634448135051,1.4094840621948237,0.3980677462463998,0.36242095457295914,0.3626286256188624,0.362166455861332,0.361603918905104
1,2.5949278205969804,0.1028834229291638,-0.16637608408927917,1.4901207396321288,1.2118279266357417,0.431584397834324,0.4538925507602735,0.4553932100041717,0.45266152443356067,0.45941402709440815
1,1.620727913366625,0.0753305048168729,0.8408148884773254,1.04425171571034,1.687670974731445,0.3406287838868876,0.717095027375629,0.7162088632127822,0.7176261022477711,0.7142197053355729
1,1.1866997531651573,0.0514364556792248,0.2932385802268982,0.308972093814165,0.8356039810180659,0.1757760204960178,0.5687724720485061,0.5691623496628451,0.5684853198905222,0.5703299090100714
1,1.63559237048321,0.0778937783262437,-0.30385541915893555,0.6257808496710728,1.1600220489501945,0.2636877045275492,0.3951813403710158,0.39503804892606975,0.3954027317231373,0.3940871533461293
1,2.7972385755289726,0.1451618415839405,-0.1559523642063141,5.406544380823428,3.519020175933838,0.8220815334277547,0.4729397857002588,0.4717142182140428,0.4741616493753523,0.47133985949750135
1,1.3544001142047877,0.0595674644021133,0.9340860247612,0.3570277812058757,0.7880919837951669,0.2112545210184493,0.7416951623257201,0.7424071712180011,0.740905402900059,0.7443733118694907
1,1.3631592200050773,0.0366060258909959,1.0225354433059692,0.2109253646513446,0.7224900436401372,0.1623750922445252,0.7574642463784809,0.758131578204433,0.7568005594392716,0.7602463608396215
0,2.6663521976552,0.1442609813412459,-1.0814952850341797,3.398127773317754,2.476284008026124,0.5558063571652004,0.21444120246494705,0.21390237062959658,0.21503866356977,0.21144799229470695
0,1.2599363710113258,0.0541835273430878,-0.24981184303760529,0.2045973182118252,0.6357660198211668,0.1599208078283691,0.4111016969862869,0.4119299488559313,0.4106222588875809,0.4139839940167945
1,1.9034632106797944,0.0775443126014462,0.37956246733665466,0.7349902592334823,1.2234100341796874,0.3031068828056949,0.5971271122597538,0.5972460577084981,0.5968986684436239,0.5972496183959749
0,1.7647597011753746,0.0690804525282379,0.07479411363601685,1.0606786734731122,1.5109918975830072,0.3105242888279451,0.505364689311183,0.5047266018495677,0.505980653121069,0.5033164613307924
1,1.6144105648761522,0.0904628835446006,0.2303708791732788,1.045703764928949,1.547708015441894,0.3615424879818672,0.5578706555731787,0.5572006671327594,0.5583182829625399,0.5557428622513395
0,1.3134958422985987,0.0604497318813253,0.137604221701622,0.2990440315767333,0.8684201049804682,0.1933403836426618,0.5232148891267974,0.5235365025337883,0.5229740561310188,0.5241289638975342
0,1.192271034904142,0.0551417007879077,0.17884688079357147,0.2772098137720905,0.7440880012512201,0.1861483997285802,0.538950126873942,0.5396436609858306,0.5384372584021174,0.5417823254405194
1,1.403588469681486,0.064082714089993,-0.034585047513246536,0.4990801781334717,1.066762199401856,0.2497699386769432,0.4759846910868857,0.4759845583069266,0.4761002654555083,0.4764527338483008
1,1.5992238248052273,0.075471875548921,-0.47448283433914185,0.6209089726025101,1.0327461242675782,0.2491804512000309,0.3495950387011771,0.3497863623626904,0.34961210045406216,0.34983077365349863
0,1.2094492317490697,0.03864169021547,-0.1098129004240036,0.1333921673386949,0.5768102073669428,0.1291279246225883,0.4496427602694341,0.45056184366880536,0.449143464009499,0.4532599725630942
0,1.4306064005033596,0.0757741468633517,-0.268525630235672,0.4503102180343466,0.952352352142334,0.2236838587616079,0.40549917962218823,0.40570313517056694,0.40541095800720695,0.40549834852253186
1,1.3277390868011991,0.0278003758458969,0.7443620562553406,0.1538200052914612,0.5555465888977045,0.1240241933218923,0.6913220837766465,0.692400293586198,0.6904361346157349,0.6956579270128319
1,1.4422213899596257,0.0687043128526571,-0.4089289605617523,0.4778710561410825,1.1162040901184087,0.2444051595560848,0.36568296972130954,0.365407299383075,0.36610823115307767,0.3646514989421062
0,2.624831126625553,0.1006338470524505,-0.06659610569477081,1.4566574408083444,1.374871997833252,0.3816618189979637,0.4706166464102541,0.47137313746745574,0.4699196393869154,0.4720178009449381
0,2.7729340864409906,0.098688572240647,-0.22328448295593262,1.51903156367769,1.475852241516114,0.4108299950746983,0.42589018613480356,0.4264598619482382,0.42544433289568423,0.4270920191139417
1,1.160550793990683,0.0709900179293641,0.22726202011108398,0.467535427965446,1.021868057250977,0.2279218745207435,0.5523900980983736,0.5524007776717226,0.5523268046715175,0.5523490440082787
1,1.5357959170757316,0.108532598712462,0.11174839735031128,1.6079063307768091,1.963330173492431,0.4226774881339211,0.5239309880102181,0.5224844276398416,0.5249973039745109,0.5188093655685577
0,2.6614659595796013,0.1758400854996623,-1.0044811964035034,4.023790000940809,2.845504207611083,0.7092064227836639,0.24135309288092735,0.24063445663346555,0.24201857909669663,0.2384365916649844
0,1.5521882806888645,0.0775788492261946,0.3983730375766754,0.6934075330928253,1.1403821372985845,0.2775703180362741,0.6035377503895256,0.603697652601593,0.6032671502957484,0.6039196698605677
1,2.022925774530349,0.0715183722588911,-0.26628249883651733,1.0531614932959728,1.5385881614685053,0.2962489793647641,0.4003172724202268,0.3995712607309718,0.40109982370278063,0.3969622755251704
1,1.3419116463132492,0.0736563916573631,-0.3660402297973633,0.5490445669134331,1.016906089782715,0.2469918052876863,0.38130857991023637,0.381414726918169,0.38138406331685326,0.3817168094362828
1,1.352828621129052,0.0564056878653286,0.171097993850708,0.510991941265172,0.9721021652221684,0.2527330462328709,0.5408222657420205,0.5412252972525126,0.540601497305549,0.5435179029764245
0,2.290031668999016,0.1199850143270959,-0.30779147148132324,4.173577584922013,3.302994365692139,0.7222860915975411,0.41848691856972253,0.41623600515234327,0.4206690691174826,0.4135957301442266
0,1.882112920904016,0.0919382932425949,-0.48311811685562134,0.9099028662284036,1.2402961349487314,0.254937368530895,0.34099878113300536,0.3408830676499892,0.34114376962469645,0.3385295250885313
1,1.1602067727320688,0.0438151549533992,0.4455885887145996,0.1127713088316321,0.5209320640563968,0.1187283184583779,0.6115146086334972,0.6126253516005341,0.6105867916235069,0.6152952638426317
0,1.4102189699882353,0.061863358289547,-0.4893549084663391,0.3981984728022408,0.88223825454712,0.210343230829529,0.3450833366931037,0.34538336197002195,0.3450895595313179,0.3461817990765966
1,2.230230737036829,0.1392585167422904,-0.10591651499271393,2.1885726246522155,2.136093711853027,0.5230407040389179,0.4655363248354426,0.46459319139743255,0.4661006143706599,0.4612368798138078
0,1.3834599823457054,0.0624818408284355,0.06367318332195282,0.3387932020157185,0.8217281913757318,0.2057890916738902,0.5040613719968875,0.50464353162939,0.5036307088393139,0.506058183643112
0,2.4632585962120324,0.1663420211589961,0.04649081081151962,4.39528351776441,2.838478031158447,0.605205441548874,0.5124496746064404,0.511736873506997,0.5127482813822095,0.5075868900265239
0,2.129971473216722,0.0930681035413556,-0.055477339774370193,1.908887721795243,1.8858359909057607,0.3988407913143668,0.47031388578517375,0.4696126380796015,0.47094019255773534,0.4674082650136347
1,3.221978072740637,0.213286017020974,-0.013151571154594421,7.4440094331604385,4.203544406890868,0.7045691012158776,0.4798520875691967,0.4780771820353053,0.4808889921069537,0.4669220605989733
1,1.7339785147005586,0.0908571914792785,0.14784274995326996,0.809249445779993,1.2005183219909674,0.2998609762651117,0.5308647749523309,0.5310034168680324,0.5306069547985433,0.5304744744233355
0,2.123708014017556,0.0878793065164922,-0.06881032139062881,1.132381994678917,1.3427520370483403,0.2747583173965703,0.457575809049228,0.4575764262084676,0.4575189840539942,0.45538282134123725
0,2.511324216966048,0.0864132852920397,0.25565585494041443,1.3194729964465892,1.5411921310424803,0.3632455087742433,0.5594687859564521,0.5594685499430205,0.5593615326677589,0.5584935611211508
0,2.2983881898192364,0.1110318439928857,-0.4476830065250397,1.1575567267111349,1.6578163909912105,0.3586327007943015,0.3517092548390877,0.35089279831190584,0.35233314288376,0.3466005870718205
0,1.9757839410187903,0.1177976054993101,0.09147894382476807,2.321303722096109,2.4175984382629387,0.4817990994279783,0.5142788907880084,0.5123112513037913,0.5157700429276899,0.5066062219672588
1,1.354598587669858,0.0646551347818151,0.7424023747444153,0.444773541085919,0.96966812133789,0.2223044811578927,0.6933613414959441,0.6936626394014447,0.6929239555122318,0.6943055365388279
0,1.3248304776343105,0.0873831983132065,-0.49064159393310547,0.6361094513147695,1.23502182006836,0.2658549001313748,0.3442018508185149,0.34368086771947465,0.34473802229065015,0.34168568988273135
1,2.0356297624386923,0.0842130009123447,-0.7920739650726318,1.216605629268126,1.6508998298645026,0.3059167344315123,0.26258464496480444,0.2617286964596172,0.2635168880452561,0.25843622664492344
0,1.6093105564010073,0.0641727395300083,-0.9248793721199036,0.4084643528489301,0.9704420852661136,0.2021050105388112,0.23538619824506052,0.2353647178135842,0.23569995509100886,0.2347707676673253
0,2.299485421650099,0.1199565485178389,0.2949792146682739,4.144591438065552,3.2335521507263185,0.7197735267139199,0.5959493862700754,0.5940549214798568,0.5975954210947579,0.5922234700217343
1,3.061528489328841,0.0956211850230665,0.7723492383956909,1.3539056276033974,1.68015396118164,0.4113857112861658,0.6992185562331702,0.6992163796722342,0.6988930724688923,0.6977775482196542
1,1.3847494015771835,0.06256942018867,0.8622194528579712,0.3278993246193403,0.8208880424499512,0.2024534899116771,0.7227209543861137,0.7233138653376833,0.7220111555014258,0.7245710040942318
0,2.298261070456449,0.1097932039045983,-0.17132072150707245,2.381552008211329,2.198028144836426,0.5456134171979425,0.4509358180017685,0.45012229096608547,0.4517055410536643,0.4493755779796968
0,2.679653046882344,0.111601447655854,-0.5244143009185791,6.18293801830412,3.599119873046875,0.6645588234903407,0.3493874781653588,0.34825320318285086,0.350851444714456,0.34642360444466086
1,1.3029410362085867,0.0492211948576009,0.4818100929260254,0.2500823712616703,0.7446182060241705,0.1768058155370144,0.6237527306330983,0.6244607039489876,0.623142589405384,0.6265210601490079
1,1.3883464104008485,0.0599160339033866,1.1424657106399536,0.5134542745257512,0.9975179100036626,0.2160501361270639,0.7830600421292435,0.7833444185567922,0.7825917149873064,0.7839486526784254
0,1.8444080068502655,0.090698096424369,-0.09382312744855881,0.9434657449204223,1.2984240150451654,0.3434140621975937,0.4635843094964014,0.46364805925179237,0.4635260768302602,0.4637096498558342
1,3.9235478935030206,0.0895519500132926,-0.8287089467048645,2.816054040787565,2.465350341796876,0.5933015717983946,0.26586612817456245,0.2653541048870482,0.2666870702373393,0.26458210358062856
1,1.181825073875797,0.0562622171912589,0.5186152458190918,0.3360238447973442,0.7935901069641114,0.1932252125248164,0.6360554189024633,0.6366816242690335,0.6354681331706653,0.6385913333969487
1,1.2837959481622765,0.0477348979364511,0.7121314406394958,0.4519561873129791,1.010237846374511,0.2026991024138038,0.683757193328298,0.6838849956904128,0.683584979487734,0.6846701529677212
0,1.9820022705801128,0.0751849367029903,0.3001975417137146,0.808191621618736,1.2478900527954109,0.3178426540009097,0.575888059687597,0.5760640432154073,0.5756754734130795,0.5765618814382616
1,1.9098902543930871,0.0897558288971375,0.2687133550643921,0.9970476334525848,1.3597540664672851,0.315760610819745,0.5640165108989638,0.5639347308320032,0.5639166042572945,0.5627117855816985
0,1.2840967472402272,0.0588662769728,0.35694992542266846,0.263625411915989,0.765674552917481,0.1711482177386311,0.5866182519358047,0.5872220436321238,0.5860562004907506,0.5882906253440165
1,1.354890759277382,0.0479219413110126,0.7113521695137024,0.3508974650355466,0.9946040916442864,0.1786050658539282,0.6795376930535438,0.6795721821265883,0.6794105474179924,0.6794982592716811
1,1.6831940984996918,0.0944408496721464,0.5592153072357178,0.846065550576417,1.5316908836364749,0.3252048490137441,0.643772671537614,0.6429750457072092,0.6441300818247414,0.6399396264505625
0,1.1425256303374558,0.0526411854699202,0.21378597617149353,0.200852973652739,0.6271343803405763,0.1493887447986847,0.546747148380129,0.5476484893673539,0.5460390513332832,0.5498527501429549
1,1.639756275925119,0.0872012068805903,0.40957552194595337,0.6549151045880945,1.221066265106202,0.28611953458915,0.6042526030500284,0.6041367658461236,0.6041200251967547,0.6029615441610362
0,2.4899688420368387,0.139758351478247,-0.012541070580482483,2.5992786561993038,2.037990093231201,0.5700086245180093,0.503093153942708,0.5032248372424873,0.5027975720689657,0.503473441317964
1,2.3573728016462487,0.055226557406734,0.10780296474695206,1.2345550422014415,1.791142692565918,0.3703684415103788,0.5137329462661887,0.512723724504666,0.5147828314592843,0.5112336224125534
1,2.3927967917598387,0.146052974805726,0.009773355908691883,2.8223144566958043,2.5335992050170906,0.5939606949007447,0.5016857647525157,0.5003061726488263,0.5025949397328775,0.4961496198238617
1,1.6888257929699564,0.088831122981154,0.23473715782165527,1.1744643679056936,1.6876319885253912,0.3612423575363365,0.5555055631106814,0.554505087486846,0.5562373066791163,0.5519229036721749
0,1.3120795957551934,0.0390827328224056,0.18047885596752167,0.2066145341338097,0.6442779350280758,0.1370515941779225,0.5340934290464341,0.5349822637233692,0.5335050472875686,0.5374158942160351
0,1.9758912825014712,0.1188284009673303,-0.22398117184638977,1.3696922631299877,1.6359239578247071,0.4137771536603349,0.4266388378531577,0.4261639552706854,0.4269113768390179,0.4239775412405849
0,1.3937013081238967,0.0477221561360967,-0.18683812022209167,0.4341897040996696,0.8977882003784182,0.2329671929960497,0.4342401279244943,0.4347079434419834,0.43415652916682784,0.43735951536238865
0,2.7147454908700457,0.12604207049057,-0.23836442828178406,3.9485178997155,3.0545668983459477,0.7025416268552614,0.43666718596632087,0.4351279100324393,0.4381342068830642,0.4331504937447936
1,1.3084305327848849,0.0751718140177902,0.2481144219636917,0.3798318285172503,0.9196320247650148,0.2178967153599527,0.5575256309642971,0.5578250817237485,0.5571594980394464,0.5579120855401943
1,1.9035641528752465,0.1003231112850622,0.48345237970352173,1.0825639125131843,1.2646460723876949,0.346821105424874,0.6318949663940945,0.6323454421464988,0.6312378408192977,0.6327506601593295
0,1.2346988076350651,0.0619396437082541,0.2276572436094284,0.5266642760570507,1.0985419845581057,0.2012775114606029,0.5465801571701251,0.5463368544265573,0.5467768759643652,0.5452978369286986
1,2.3228829259320727,0.2103945086543612,-0.7031850814819336,5.029577057636166,3.0071460151672365,0.7091951112096138,0.3136665421619607,0.3131680885708388,0.31388646757606303,0.309738281604755
1,1.3810408988978535,0.0555101869859986,-0.6675050854682922,0.5356163920619724,1.1411401557922365,0.2587509401098796,0.30100736834976877,0.30072686299969414,0.301619948831535,0.30109477621682673
1,3.0614282923186624,0.2664619405725212,-0.28352800011634827,10.94510598148048,5.514377422332762,0.8619950643802126,0.40707334223707853,0.40479903695998465,0.40858080863832025,0.39121389927397304
0,2.7835538007651928,0.0873975809868927,0.4441612660884857,1.104218449636032,1.23070426940918,0.3715202635180266,0.6191608534163625,0.6201555878895102,0.6181462224859344,0.6219415727443492
1,1.4434114907710598,0.0473220688838829,0.2281455099582672,0.3383572726243437,0.8918160247802738,0.2056566533765512,0.5511940593695025,0.5516032225309229,0.5509641756685405,0.5533005207439596
0,1.7382718069405263,0.05915388328893,0.6865968108177185,0.4441292277673597,0.7908721351623527,0.2356186611262358,0.6825690806004877,0.6835953817116254,0.6815882609448304,0.6863935674395307
1,1.7841337592992474,0.0935164777264523,-0.26153141260147095,1.043372294249909,1.5895041847229003,0.3404853226156108,0.4075397278760178,0.4066190307171241,0.40832999079794147,0.40354648664449694
0,1.354895641221797,0.0426556484010823,0.6376127004623413,0.2519764135486526,0.7000200271606439,0.1774740873862479,0.6671126665022797,0.667987819248197,0.6663611518464386,0.6708206537717616
0,1.7622742212431142,0.0606504510891076,-0.143053337931633,0.664696673503605,1.2716721534728996,0.2717631062981968,0.44007637127327165,0.4397109857877961,0.44056679970782864,0.43904689417551285
1,1.5216899963688986,0.0494001268616558,0.00721729313954711,0.4895014046797531,1.01130205154419,0.1806472445919123,0.4788123004534525,0.4788539910006542,0.478935998740398,0.47854713880954586
1,2.263252209818274,0.1344278171156242,-0.29130274057388306,2.3246389388603803,2.4823860549926757,0.5390546051723772,0.4058081242216146,0.4038627195463353,0.40732646537642836,0.398061490065604
1,1.523661780106238,0.0881992906856079,0.5652478337287903,0.6695752597794202,1.0053521347045895,0.2893041781109072,0.6540530636390168,0.6546643878896535,0.6532886168394048,0.6559192519394604
1,1.3116928212160892,0.0502894800347001,1.0064749717712402,0.2979697447523259,0.8711600303649908,0.1929927928551756,0.7545112986377241,0.7548968657978573,0.7540192086112362,0.7560729942799822
0,1.4911387980353252,0.068396061112957,-0.07751649618148804,0.583896782469719,1.15682601928711,0.2119319162208828,0.4542625889018348,0.4539237321050408,0.4545995274880714,0.4519944703035049
1,1.6819810699410922,0.0472643538388127,-0.27963560819625854,0.5635199963810177,1.120580139160156,0.2373857612370669,0.4005714206453322,0.40048946993748497,0.40096098556362586,0.40098284319545097
1,1.4523000535123205,0.0459545695900926,1.1040743589401245,0.1907327973271189,0.6384819793701172,0.1544072526337084,0.7742932325158904,0.775130499122315,0.7734068661189891,0.7770745517673565
1,1.464115215895891,0.0512737158462512,0.5765707492828369,0.264505359711654,0.7248980140686041,0.1714336151762716,0.6479649416947505,0.6487871753645174,0.6471987309524047,0.6506442581646692
1,1.3489836342134605,0.051248549040993,0.09073525667190552,0.472954579227223,0.9643940162658696,0.2292389774951563,0.5138390904468532,0.5141430249655052,0.5137534024857735,0.5159757542022209
0,2.864149937036843,0.1224648469115639,0.3635886609554291,1.7406089080127094,1.2828600692749017,0.4397737938749761,0.6055985184563691,0.6072623513256277,0.6038736042328325,0.6099817346546279
0,1.692183267763702,0.0954805272809931,-0.5812436938285828,0.8034100554638822,1.187927742004394,0.3169010207193805,0.3260385143334973,0.32608112273010836,0.32611344707745915,0.32572817981233315
0,1.637708794899322,0.0436368012881087,0.06613145768642426,0.4979298110618885,1.0847500419616705,0.2352138060625525,0.5023728434657604,0.5024045238000879,0.5025721107581148,0.5034756310030697
0,1.6965503810577134,0.0993732684955285,0.4300188422203064,1.5763851532763664,2.0133620262145997,0.4439010522172095,0.6169267957961385,0.6155565816646463,0.6178954332302077,0.6127360124872591
1,2.1466613224004893,0.0934064004730604,-0.4167756140232086,1.755691978418621,1.77164794921875,0.4190097825133227,0.37172440869467877,0.3712875776708078,0.3722710211458671,0.3704658646218112
0,1.8310743679863584,0.0547688004244621,0.3117761015892029,0.3480695173498689,0.8547021293640139,0.1966580555600306,0.5711530130971457,0.5718181600620079,0.5705858877112546,0.5728456542537265
1,1.7591695922822888,0.0742212500500952,0.4494574964046478,1.1675419161672922,1.5353679656982415,0.408401398515741,0.6283689963565,0.6281690928446266,0.6285283089045784,0.6297479880971788
1,1.4760623029582605,0.0668249155838628,0.013187688775360584,0.535171032384247,1.033259868621827,0.2438512826349168,0.4893825330669214,0.48955667303743267,0.4893066901560668,0.4900672140761019
0,1.7317474206229662,0.0453933097741339,0.2554786205291748,0.5268155361024832,1.0770882606506351,0.2295246252807056,0.5565670035310779,0.5567117378359726,0.5565724640783791,0.5576188285721366
1,1.7787060335591762,0.073311349372855,-0.1127956286072731,0.6835910389271822,1.1462180519104006,0.249288266676294,0.4477169548621113,0.44773716626439275,0.44775523094945135,0.4468662286405741
0,1.8357108781765,0.0715513626956929,-0.5486775636672974,0.53471419392274,0.9601820373535156,0.24374718093475,0.3288561205399232,0.32924360089741556,0.3287421722620935,0.3296717318935862
1,2.9332515196711477,0.315849296375926,-0.21557803452014923,14.462733139221571,6.368741817474364,0.923834381217396,0.4297918756239688,0.42833369974849445,0.43049795454367096,0.4138026111068977
0,1.7106741121015263,0.0905731794722936,-0.5892894864082336,0.8004141333808862,1.241804122924805,0.3163096057229542,0.3227602539452193,0.3226396743082822,0.3230054003983463,0.3220297855735385
0,1.2545031630171344,0.0645565861737577,-0.2386302947998047,0.2837014317911797,0.7878059864044192,0.1883153710505264,0.4143969509194913,0.4148509100742273,0.4141591628352042,0.4157158317261598
1,1.3928834752578798,0.0805441677745753,0.5833566188812256,0.55405904604552,1.0422540855407716,0.2631679706113379,0.6552464948248301,0.6555152705688675,0.6547936074411043,0.655899386156509
1,2.046827364683116,0.0943399451763729,-0.11112098395824432,0.7340556062902149,1.107748126983643,0.3029140980315655,0.4539900570124688,0.45444133673318216,0.4535296128333505,0.4542354833638662
0,1.374946130322528,0.0468817746697865,-0.4006245732307434,0.1778007635021584,0.6243423652648922,0.1490808352464185,0.3668171132313749,0.3676104057857635,0.3664560916864931,0.3696318893564273
0,1.3156254929667133,0.0797485942655297,0.07929293811321259,0.499810084156548,0.9494299697875972,0.2499525165297771,0.5124276732025609,0.5128179741795152,0.5120508694343759,0.5136015000231158
1,1.4067636601171585,0.0646779541164287,-0.5195501446723938,0.4996104486771484,0.9749300956726072,0.249902593193115,0.34079794678736347,0.3410006149063834,0.3409084973493086,0.3421393027447027
0,2.654389565344523,0.1508042110648225,-0.4272879958152771,2.591450597921165,1.8514660453796388,0.5365994365675144,0.3802259866345375,0.3808271345114612,0.37958953106634,0.38092544605730555
0,2.930311986023769,0.1208675313825465,-0.2638630270957947,2.7071570987287505,2.2164482307434072,0.5817169735714214,0.42448362039525106,0.4242739734060281,0.42471799363291507,0.42413750122383925
0,4.900082819599907,0.2673927436483925,-0.4018554091453552,11.99534462640802,4.11738426208496,1.2678306518707962,0.4627815836341027,0.46860541337036565,0.458069642997843,0.48488972555188703
0,2.661507983326218,0.0892475798941262,-0.9010016322135925,0.8494927151975097,1.1925661659240716,0.2914605831321809,0.2399287874670404,0.24014810705894135,0.23991499339627353,0.23896111970401565
1,1.5496143637158704,0.0566872301738749,0.5014673471450806,0.3219966640280904,0.7632063102722167,0.1891491663059403,0.6283090808437475,0.6291404190089812,0.6275306028834707,0.6309083080094877
0,1.3474620802501125,0.0646974321500007,0.33011388778686523,0.4235481270064414,0.941038284301757,0.2300945802834242,0.5832922570279354,0.5836478835695899,0.5829499755838862,0.5847393442248815
1,1.8359867134158767,0.0809873003302066,0.15225772559642792,1.298554584218398,1.5316147232055652,0.4028887228842471,0.5420856591033172,0.5419629792397587,0.542242319611974,0.5432248409565392
0,1.3553922036723367,0.0684651853749996,-0.07163524627685547,0.5044903786813406,0.9558065032958984,0.2511200854873373,0.46840962691490645,0.4687859427811432,0.46820153622475386,0.47025406480132603
1,2.24300873084353,0.1550521057931058,-0.6462451219558716,2.621070510062558,2.2751579475402828,0.5723930587959813,0.3194415535748855,0.31861162219426087,0.3200741576831768,0.3157069190295341
1,1.8756181015797064,0.0829708881189865,0.7872484922409058,1.453011095734613,1.94481409072876,0.4261764739715539,0.7090680761066039,0.7080608447991387,0.7097294729551169,0.7063916711635936
1,1.264587594162374,0.0406080965775616,0.3650345206260681,0.070842943035663,0.3905689716339108,0.0941029642437361,0.5873829743319936,0.5888757877447786,0.5861726224502563,0.5921895324730515
1,1.7460590202569668,0.0611510225005673,0.14433804154396057,0.5851964871091946,1.1466983604431151,0.2704617549463312,0.5275581920358162,0.5276046175811923,0.527591410058231,0.5281275194183793
1,3.002814733069203,0.1521222481116646,0.3837345838546753,2.957747972984558,2.633490524291992,0.6080448146502605,0.6049334768046003,0.6037424750018698,0.6054867335244526,0.5987759919803143
1,2.2259812498960394,0.0845566705285412,0.6895167231559753,1.1326250231242534,1.4235826492309565,0.3762686910846179,0.6856436916192503,0.6858639554208001,0.6852485895385915,0.6865007795452388
1,1.5024374451246687,0.056027835304549,0.5269806981086731,0.5014931330051753,1.0610480880737303,0.2239404235517061,0.634338094308518,0.6344440614074977,0.6341880063181125,0.6347887288725047
0,1.4978357924212176,0.0646833077227268,-0.6770757436752319,0.4059949629754172,0.9500819969177252,0.2408303976350568,0.29850760064414544,0.2986594673572879,0.29867629830173986,0.2993620479307383
0,1.6069028630317936,0.0578076106079427,-0.3952198326587677,0.9369022960326858,1.5711303520202642,0.3658458488865584,0.377787194813601,0.37689112809075676,0.3789243486355414,0.3770546040849372
1,1.5268023478519075,0.0690412746449641,0.5544418096542358,0.4879616994755522,0.9584062576293946,0.2016518657396852,0.6399302133709422,0.6402890516859998,0.6394404067185846,0.6400993696943624
1,1.8438101410220615,0.0819028207143751,0.5112684965133667,1.3609880981395002,1.8040361022949216,0.3888713152101576,0.6354092621061644,0.6344768639934628,0.6360687292941608,0.6326440211385865
1,1.6383500111695746,0.078816791912746,0.4461278021335602,0.8799996484258805,1.4881241607666016,0.2966478802260148,0.6110508078539741,0.6103069100613036,0.6115083511291216,0.6078459528442927
1,3.1588539746434905,0.0755781120354999,0.0936247855424881,1.115462713307627,1.4466680526733393,0.3184426183942474,0.5011381115879097,0.5013324082331397,0.5009342562949036,0.4994926450004274
0,1.9256048847063112,0.1062267745884888,0.27778205275535583,1.00825154016333,1.2532961082458491,0.3175297687089085,0.5684397521572822,0.5687330621396528,0.5678931434148132,0.5676103049475945
1,1.3570003468744545,0.0648056264340272,0.36309510469436646,0.2166516121437894,0.6233761024475093,0.1759267754102701,0.5915231079022186,0.5926047230190905,0.5905172200395225,0.5947560743055089
0,1.3913774713841378,0.0822166622663302,-0.2725953459739685,0.5243735104148657,0.9323120880126962,0.2560208757149663,0.4101032551983936,0.4105341468353514,0.4098139318380719,0.41138724621409456
1,1.8527236629467767,0.087808686681132,0.09793972969055176,1.262626400900663,1.544834594726562,0.3972761006058416,0.5239862049003321,0.5237393220547166,0.5241977023188488,0.5240579852774568
1,1.437953941545422,0.0484844575024459,0.9388360977172852,0.2141657886491792,0.6658582878112788,0.1542601657551219,0.7377962125806444,0.7386302761703037,0.7369273509926841,0.7404231432378756
0,1.463126185005908,0.064073518730684,-0.016475263983011246,0.3544393890956053,0.9085461425781252,0.1984493747633288,0.4761075358452972,0.47637710036183295,0.4759379895716051,0.47642322689560873
1,1.62283991205912,0.0560075716509296,0.0013789692893624306,0.3944364201795269,0.9652780723571772,0.2093472448083239,0.4809719549515992,0.48119443329340505,0.4809054998918976,0.4815399745995794
1,2.0623986821415814,0.1365896015631678,0.34834372997283936,2.900376326461161,2.76995195388794,0.5676830420872746,0.5941556956261304,0.5919675051192688,0.5956775919744707,0.5857939313434589
1,1.900614645367369,0.0788590568871844,0.6953906416893005,0.8327155257078489,1.5106427001953124,0.2885681073347935,0.6744323296075481,0.6737388107877573,0.6747470486553327,0.6707795025511665
1,1.3926026955661388,0.0540466943804733,0.15351071953773499,0.2853696962562823,0.8434505462646488,0.1888682398711739,0.5275707815920188,0.5279967834377627,0.5272844117655938,0.5290688772030784
1,1.3669825833989913,0.0504031223503649,-0.4351062774658203,0.2546097753646787,0.7775901031494147,0.1783990524654905,0.3580861666182507,0.35851222269248656,0.35803342255329407,0.359822244106911
1,1.3827760574879622,0.0344117851327372,0.280701220035553,0.1261182914340071,0.4880937767028808,0.1255579007042204,0.5650785981851514,0.5664432671349281,0.5640824415579252,0.5702418199853854
1,2.619626605049584,0.0690320648937354,0.031093567609786987,1.2144485143973087,1.4359420776367182,0.3896229771197581,0.5002268278993337,0.5005999663410019,0.500065420238223,0.5024181895699014
0,1.1961977575802856,0.062248380619091,0.06838025152683258,0.3623044515459037,0.9294241142272948,0.1814848983313897,0.500491470334502,0.500561317061834,0.5004689717401328,0.5002027646793912
1,1.228163374384871,0.0548096935361235,0.6420758366584778,0.2691776716913843,0.747254104614257,0.1640663498988699,0.6655145016046603,0.666156893509314,0.6648541289420495,0.6675093240283576
1,1.721452334340446,0.0987654437086954,-0.0873272567987442,1.0287434271544658,1.509828662872314,0.3833579877038591,0.4670884633376739,0.46655665650146455,0.46748951616691103,0.46539894320634373
0,1.9512158680017249,0.0723913215470105,0.1727006435394287,1.0029591425873603,1.4387118148803717,0.3540761116249161,0.5408694721970142,0.5406596604700333,0.5410913107789713,0.5409992308110411
1,1.6485750252308244,0.0534197254175713,0.279076486825943,0.4813642957647993,0.9956460571289056,0.2452968344080288,0.5679743857303386,0.5683700301663296,0.5677134676652535,0.5700666367377155
1,1.2041344718663909,0.0480742010065695,0.6810610890388489,0.2537923332920658,0.7499779891967774,0.1679260198526806,0.6767402988012996,0.6773694484401972,0.6761340201574054,0.6791904711229881
1,1.646875018363006,0.0481824524569026,0.5405563712120056,1.2052150040778835,1.790297889709474,0.3881389899375421,0.6468522927751421,0.6458124925762178,0.6478579376892319,0.6460473772234979
1,1.7288426439802862,0.0452484766363823,-0.059605974704027176,0.569691780416288,1.0103941726684569,0.2386821695092215,0.467269301960436,0.46766215285175017,0.4672136607336338,0.4696357539326153
1,1.3569501431676094,0.0404324839576136,0.7435349225997925,0.3304966054340093,0.9158179855346676,0.191629447236648,0.6917560614191387,0.6920684553935653,0.6914585270030722,0.6935198875435634
1,1.626895571514295,0.0536141504110113,0.14139258861541748,0.9450652628714782,1.646718482971192,0.3437050448552287,0.5284398049458272,0.5272867093609322,0.5296096147438306,0.5263871898560277
1,1.7118075071136871,0.1156195257549674,0.2143520563840866,1.3301371721081705,1.7955181503295892,0.4077586866193304,0.5525977678438228,0.5514880952346531,0.5532454232536593,0.5478079303402859
1,1.5599883599481343,0.0640741339243464,-0.8834125399589539,0.8039777049875318,1.3384878730773926,0.3389011033551848,0.25516799038475907,0.254800164889097,0.25588327708990155,0.2554685805030498
1,1.768408609040634,0.0776214456384402,-0.14993055164813995,0.7367157702558407,1.1742840766906733,0.2587936647840305,0.43768296085382596,0.4376721236348352,0.4377366272943013,0.4366575995391663
1,1.4944867842953546,0.0519954823977443,0.36504024267196655,0.4658917498153328,0.8830699920654288,0.2275208781177705,0.5942960258166814,0.5949700265805814,0.5937805814009415,0.5974647227213826
1,2.0652143916485,0.0751783559161246,0.43391674757003784,1.1988250619758485,1.7267641258239743,0.3301273944150332,0.6047832626119456,0.6038067681816793,0.6054867514430765,0.6006611511952133
0,1.5658210213592263,0.0626239895449157,0.1254313439130783,0.5717042663827866,1.0904320144653326,0.2520370930334542,0.52201011993084,0.5221104234818121,0.5219893428559886,0.5226326782332469
0,2.552436647903422,0.0826330974932231,-0.7342110276222229,1.2859631500300417,1.6180303192138683,0.4286129039504796,0.28926875509438965,0.28902376263991747,0.2897756060269879,0.2891249875695953
0,1.4741892845969644,0.0677132253007288,0.3102562427520752,0.5495789197485774,1.1994440650939944,0.2235211846271923,0.5690177121045185,0.5686110604004767,0.5692700678172424,0.5667260792199206
1,1.928118437005913,0.1049372075086625,0.3806832432746887,1.1481496649999774,1.5550424957275384,0.3788386307189344,0.6003511252354556,0.5999568652030818,0.600400804736493,0.5981308649716278
1,1.2454490430946543,0.0575677155666966,0.36895033717155457,0.3664175064758696,0.8626640319824227,0.2140144581786092,0.5950987605697257,0.5955966752404079,0.5946752032468773,0.5974135965781586
0,1.572206435948761,0.0892383794727277,0.4757704734802246,0.8375219903499678,1.391259155273437,0.3235587254174208,0.6254454793147042,0.6250457724301516,0.6255533944439327,0.6237319797547118
0,2.6762241695153124,0.145807897578963,0.69588303565979,3.489331304998416,2.727449207305908,0.6604289614521776,0.699248157232666,0.698517576388638,0.6995080162099213,0.6967241072215529
0,4.112376748438491,0.15411105241595,-0.9063254594802856,3.976956746336794,3.056772537231445,0.7050670842495054,0.24944404827052416,0.24853909030356183,0.2502980757416101,0.24466340824546448
1,1.299183188071679,0.0567809627279719,1.1446082592010498,0.3409090289842006,0.8578979682922363,0.1760446815659439,0.7817920563041248,0.7821839634544324,0.78122481358356,0.7827937032991302
0,1.1285241815439429,0.0457777515472108,0.09241202473640442,0.1492572512954142,0.543250122070312,0.1365912018100974,0.5116116382932282,0.5127049348795104,0.5108428221655779,0.5157298366444146
0,1.1794028696444805,0.0519258098753865,-0.4715014100074768,0.2505292437050603,0.8011842536926278,0.1769637122777789,0.3488811745127611,0.34914274047524996,0.3489693620735884,0.35017110498861614
1,3.385200593014792,0.1202975263200618,0.36660319566726685,3.4413307124542545,2.5823959350585937,0.6183608001495436,0.6045485278563865,0.6042638424721378,0.6046579473179162,0.6033470037915156
0,1.6810531472363297,0.0450175771496882,-0.30230712890625,0.2297431283606089,0.5798359298706052,0.1597717567728723,0.3947560787349044,0.3959479924102406,0.3940514021212403,0.39891251057187327
1,3.386651935056619,0.1216999460386911,0.3775407373905182,3.513382814575031,2.6873778724670423,0.662701178376709,0.6119228678453941,0.6114938199029915,0.6121760522553736,0.6109969249659091
0,1.8219932403445755,0.0716877854926944,-0.6735842227935791,0.5213943719672075,0.9701142120361326,0.2406921436116193,0.29652470062591435,0.2968125903841137,0.29651912803824243,0.2969701693107231
1,4.070192792524411,0.1208525733426865,0.20510879158973694,2.034133803862564,1.708738098144532,0.4754102092886104,0.5452131104388163,0.5462647501528259,0.5440225453483188,0.5455349263354817
0,1.6276118287718804,0.0549276703630297,0.6049056649208069,0.4247032223687915,0.9704021072387696,0.1964927068664593,0.6523631153930506,0.6526653109619721,0.6520011173804466,0.652884735255688
1,1.4390380776980414,0.0628203806350305,0.3430982828140259,0.3941038852698199,0.8972019195556643,0.2219526653562139,0.5860920899322133,0.5865826075192307,0.5856364287423969,0.5878582159478628
0,1.6074121086270388,0.068163883114528,-0.29168862104415894,0.6694224432256509,1.2048440170288086,0.2587319932334714,0.3978905980131385,0.39763108233239763,0.39828370018753007,0.3968455184922684
1,1.541122088079112,0.0659456927167182,0.11453884840011597,0.5504210688987602,1.162020111083985,0.2473012263299693,0.5159541580750897,0.5157391842604673,0.516160343670679,0.5150326081444047
0,1.367457727139145,0.0632895230316325,0.11487583070993423,0.5430810827477075,1.1224301528930665,0.2456467840773069,0.5185936685612148,0.5184483606459418,0.5187758167150625,0.5184289068819833
1,1.2484902657771293,0.02582246610962,0.6826320886611938,0.0927353711785052,0.4597781181335451,0.1076657856392324,0.6759905415397538,0.6772595313616137,0.6749743365116648,0.6810527122424163
0,1.999889707608663,0.1163701163533394,-0.4569629728794098,2.6865549915773634,2.6133526039123534,0.5794992441299388,0.36758675188151463,0.36567024028702727,0.36936738318744955,0.36226370111242273
1,1.7559518656127586,0.0677200433550921,0.5134492516517639,0.6708222925247067,1.1995180511474617,0.2469490732417786,0.628429336195917,0.6283793366761969,0.6283300387096248,0.6275019686076996
1,1.3888955414097337,0.0464749800101862,0.4281865656375885,0.4234266463722902,0.931969909667968,0.1878444938356126,0.6059594143018491,0.6062735612382641,0.6057276297344968,0.607317591109934
0,1.5918725614235238,0.0904502786587477,0.26574429869651794,1.0626195925697377,1.4734420585632324,0.3108082707115488,0.5624696626314674,0.5619190831230592,0.5627658547302209,0.5596754138742709
0,3.2540337676442803,0.1579866688844191,-0.49398016929626465,2.9579018042619225,2.098947715759277,0.6177854685969851,0.3639348355677549,0.3644995864107907,0.3633515940059129,0.36461348813760897
1,1.22466046166052,0.0562526560837628,-0.006129526998847723,0.2811371679532002,0.7824920082092279,0.1530623968498904,0.47769079644227,0.4781131407845601,0.4774319603187287,0.47856738038397
0,1.2327251521814484,0.0608040338790687,-0.6579095721244812,0.3223222233238196,0.8801797103881839,0.2007243829620045,0.3013594543705896,0.30146224576427094,0.30157146303974797,0.3019001426232452
1,3.7901093749769625,0.1703928183678807,-0.5234237909317017,5.028839582972321,3.3767926025390635,0.7928461060455175,0.35481530692132457,0.35391553029635364,0.3555803249424465,0.3506606633335533
0,2.4144528574793718,0.1265375115995304,0.2781625986099243,2.200064036489209,2.38854835510254,0.4690484022453556,0.5625848146914861,0.5607631638066576,0.5637612557834175,0.553800873410968
0,1.8543113887441744,0.0844144871778541,-0.2740525007247925,1.0171360237626297,1.4610920906066895,0.3189257004009914,0.4039339841017139,0.40340509279159703,0.4044629957258395,0.40149745010786453
1,1.3210972455106913,0.0721991616223776,0.2900848090648651,0.5497674637401492,1.1627223205566402,0.2621467775264816,0.5712133614095308,0.5709941225783995,0.5713266923604555,0.5705840680237225
1,1.346042796905241,0.0441236264489743,0.6467611789703369,0.2622423394275334,0.7108420944213872,0.1706986751974671,0.6683126616749381,0.6691383637927696,0.6675826960456628,0.6716036742465656
0,2.693577152233621,0.1247014719845635,-1.0729225873947144,1.581507192028495,1.648848419189453,0.4446216357798638,0.21347622289268514,0.21339007607482052,0.21366096452118916,0.21201967869529426
1,1.874503253360105,0.0727834856775465,0.4950772821903229,0.5456824833519655,1.1070500183105465,0.2462344148146381,0.6235778079040989,0.6237392586463674,0.6232553028540078,0.6230312491971457
1,1.2536326361752117,0.0637896073934888,0.23852603137493134,0.3939665339771323,0.9924641036987312,0.2219139850192897,0.5548398870436859,0.5549054440965355,0.5547730218131462,0.5552017524917024
1,1.5607940830284524,0.0498871166697861,0.22072839736938477,0.306122068585993,0.8224540328979498,0.1844276638040547,0.546108116801452,0.5466996729643776,0.5456829265662537,0.5480894065421791
1,1.7606972388102262,0.1022669494809104,0.32229214906692505,1.318539125363813,1.724152507781982,0.3827588630752341,0.5824036834758411,0.5815349508227926,0.5829057615028578,0.5787523483251147
0,2.5858642245197627,0.0764125359802777,-0.7156117558479309,0.6786918030790254,1.005840129852296,0.2605171401422611,0.2828351039906818,0.2834211550578976,0.282544831977691,0.28337897101169846
0,1.4883043403146474,0.0773991060933576,-0.19201186299324036,0.5103243014202103,1.017612953186036,0.2525678872650406,0.42995072378554045,0.4301196666629899,0.4298734605564503,0.4301918056631428
1,3.0407502013815177,0.1767145555133193,-0.06896238029003143,6.448780054753111,3.667037887573242,0.8464816106654592,0.49956656330774707,0.4990852623752363,0.4999579252306604,0.498468878855394
0,1.6389972635466603,0.1149351297027524,-0.3882603049278259,1.2566611021476146,1.6889480400085457,0.3736696553772261,0.3751341521218114,0.3741131964772226,0.37592858787262784,0.3703654365369221
0,2.08165640907548,0.1195267105727109,-0.388693630695343,2.644602565550473,2.3340099525451667,0.434626487059412,0.3707671587101456,0.36933507819185674,0.371976690248685,0.3639186655738515
1,2.1780483733955,0.0977402089362781,-0.3826524019241333,2.0940171824688907,2.2272921752929693,0.5116171887345179,0.3846521625487612,0.3833020312015656,0.3859925018491621,0.381251746900038
1,1.2360928475667603,0.0471164351423761,0.5612340569496155,0.2721961363331752,0.8133820533752444,0.1739080652187545,0.6442014903597465,0.6446752344281715,0.6437728945185125,0.6461717978291371
0,1.4641863666378352,0.0624529131770422,-0.603431761264801,0.8100871264320508,1.388328018188476,0.2496285126761905,0.31033833800833976,0.30954918350244476,0.31130255840489474,0.30753857929371287
1,1.799888476224613,0.0843670532948878,0.3341328501701355,0.923163086696268,1.3199901008605968,0.2896962494965857,0.5809108050764501,0.5807905179982218,0.5808433658412315,0.5794307447444699
0,2.343075791606636,0.0880215761638815,-0.45946407318115234,1.1038513512220571,1.5673080635070806,0.3167808751145953,0.3456797662838164,0.3450374290455981,0.3463089453284688,0.3417026512073414
1,3.0540645990001045,0.1165610610454261,-0.07895012199878693,2.150184943469442,2.18145278930664,0.4887836312349988,0.4609226011880002,0.4600151329259181,0.46155726097798605,0.455862400230453
1,2.4103204320859533,0.0691528273054629,-0.2443878948688507,1.3447904383955829,1.7828161811828611,0.4099985424357601,0.4160468296997002,0.41525891828544337,0.41696971535515587,0.41437434895388975
0,2.422084265383155,0.1245793638414985,0.351531058549881,1.348216137765712,1.3819939613342285,0.4388647917013869,0.6010948206077729,0.6018397436936386,0.60010134158027,0.6026147149210092
0,1.2942263161539744,0.0674051768118583,-0.4618147313594818,0.4328887334343323,1.0347420501708984,0.2326179091972317,0.3526909969566512,0.35254901708972985,0.3530309320640667,0.35232327774531363
1,1.531439304692063,0.076124649619227,0.3108893036842346,0.7238405443846273,1.2301218986511229,0.2835960633609843,0.5775622809250656,0.5774364739277459,0.5775758975624331,0.5770596448317789
1,2.2277518201994098,0.1003933262193357,0.475200891494751,2.5297928799776,2.5628199386596675,0.5301774210349671,0.6287205049597825,0.6269493755332572,0.6300926241017182,0.6232678151891443
0,2.34089611509284,0.0917098223822667,-0.6721338033676147,2.3094222586241053,2.496408119201661,0.5065594468376403,0.3007257016135422,0.2989010952166761,0.3025702616713867,0.2951268227501985
1,1.267592553078794,0.0744339801956532,-0.07614456862211227,0.492856827165333,0.9953921890258798,0.2482077827056731,0.46582106620347646,0.4659880227809596,0.4657350134227813,0.46653748471177525
0,1.3884065303314244,0.0614549914530369,-0.12129256874322891,0.4984977804011519,1.107239036560059,0.2232706385535617,0.44556293393009544,0.4453111219694641,0.4459165487595057,0.44461473569863014
0,1.531367138488435,0.0505800274975823,0.04133026674389839,0.5617429704749283,1.055756168365479,0.2370111749422225,0.49689103844708554,0.49704636399372043,0.49695292082371734,0.49826617987873123
1,1.2108958342697005,0.0460850651383649,0.2238907366991043,0.1624640697621966,0.5914260864257814,0.1425061708147214,0.5492565033100264,0.5502595643609235,0.5485051653614538,0.5529229276708876
1,2.237147040974878,0.1121988685910714,-0.4764605462551117,2.6275008652466183,2.4253161430358894,0.5730947636785972,0.3640300125759481,0.3627554578758395,0.3653048762238738,0.36101622427367747
1,1.6784901674953392,0.052839737309165,0.22076642513275146,0.39701058641074,0.8493521690368653,0.2227696642304389,0.5506729391211255,0.5514295550671438,0.5501204965324058,0.5537516860153934
0,1.3648704729539365,0.0504105487032821,-0.6185476183891296,0.3342815570903825,0.8543281555175785,0.2044142720954136,0.3120706693065898,0.3123433810918291,0.31221094881081624,0.3137248177432635
0,3.0330745210134675,0.1111334575618079,-0.0805893987417221,1.1069461953635114,1.2462080764770505,0.3507050351891982,0.4586829276363592,0.4595449138725509,0.4577363504766134,0.4585172469256526
0,1.4861240453365256,0.0559317854346432,0.11212106049060822,0.3220059513364027,0.8158683395385747,0.200625880476698,0.5171930429656864,0.5178209070385996,0.5167502344958498,0.5194753773738705
1,1.8510748422713528,0.1072003453772488,0.1638326197862625,1.3390278808360632,1.607706127166748,0.4091191575867694,0.542504711879643,0.5421352441631503,0.5426374813967143,0.5410396348957395
1,2.052275553126052,0.1105755866273245,-0.5809673070907593,1.749846955436534,1.9308657836914067,0.4409392696199197,0.326467584115291,0.3255180523588816,0.32736803771689943,0.3227837273239767
1,1.4825369914104265,0.0520708099168689,0.13668735325336456,0.6081437548777536,1.136321964263915,0.2351293173935943,0.5231540807920102,0.5230633254027839,0.5233687101142066,0.5234289493368498
0,1.329721102288823,0.0693512864255721,-0.06717564165592194,0.4405824597852592,0.8400140762329107,0.191612121177406,0.46320713094520616,0.46372453258713514,0.46282034375235503,0.4642573808298596
0,1.2674208655765469,0.0553702876287959,-1.0085508823394775,0.2548786566784673,0.654412517547608,0.1784932269998176,0.22336666835905897,0.22387787317593946,0.22330826374818982,0.22548390824974476
0,2.1924753529497822,0.1051765833218873,0.09070230275392532,2.7279704404553717,2.217868137359619,0.5505522924457434,0.5316325694394315,0.5311662302291219,0.5320929361668618,0.5318489878014859
0,2.500012571371842,0.164603541024554,-0.43441200256347656,4.210497754001482,2.7278748893737794,0.6839832481705547,0.3866826646605376,0.3863532687573312,0.3869330446487376,0.38550448350953553
0,2.2357308407134604,0.1116353444205726,-0.876489520072937,1.218360718614887,1.6176959991455078,0.4171948360546881,0.25476670049620337,0.25430345943675337,0.25528332219231276,0.25256673751811337
0,1.382874270788417,0.0748856256180517,-0.5896130204200745,0.597147666673032,1.1138760948181152,0.2575844341986681,0.32019307646690637,0.3200301674655962,0.32055209525466855,0.31962654461081913
1,1.7013824393011605,0.0886946451959116,0.054915010929107666,1.1773098599692466,1.6383659553527827,0.3616797017573002,0.5039034124505378,0.5030385318094514,0.5045979268153499,0.5009272389196523
0,2.3301750644151324,0.0823084651381086,-0.2210182249546051,2.055250037905925,2.1803426170349134,0.4533486558826358,0.4225122422787769,0.4211741513703438,0.42385508527618987,0.4185535790960433
0,1.4549876371919066,0.0607391748804967,1.1370506286621094,0.3765886989229128,0.8367421150207522,0.2045560773216297,0.7827279056675087,0.7832947047667431,0.7820095296174622,0.7845022492033739
0,1.3994658891121627,0.0595195447780785,-0.028417836874723434,0.5345375748496586,1.0304380416870125,0.2110563856037959,0.4732008452464479,0.47325151182568104,0.47328142846930826,0.47325164246770124
1,1.6122541805026236,0.0650678719893353,-0.23106634616851807,0.5874444985392878,1.002228431701661,0.2709807415987545,0.4221861283402286,0.42260887605099207,0.42203635496497444,0.42440339980257524
1,1.6564221940849937,0.0787197070505349,0.6328180432319641,0.5990020670291898,1.1186340904235843,0.2736334379761521,0.6662053882317388,0.6663990588095241,0.6658091003659236,0.6663955588163732
1,1.6913217570967118,0.0782417856137899,0.009261447004973888,0.7652566152353323,1.2353281784057624,0.3306393406796103,0.4950288196832926,0.49507057280372696,0.495041138300228,0.4959340925817775
0,1.861406819839764,0.1289292580695971,-0.0766044482588768,1.365092549497822,1.5203858184814454,0.4130817941851561,0.47294681378820774,0.4728445701863103,0.47277487351954695,0.47128929490484567
0,1.2866268314964378,0.0561575197652302,-0.1379386931657791,0.2174284870822261,0.7493599319458011,0.1474545648944874,0.4381385691535335,0.4385801063448449,0.43790269007304033,0.43893500462449997
1,1.7635330684114765,0.0621416598696212,0.7382420897483826,0.802660034261566,1.2974398422241216,0.2833125543038228,0.6917195378604891,0.6916512803602415,0.6916464054189496,0.6916891911698705
1,1.198219056025967,0.0634728488369669,0.3025711178779602,0.2430226497399893,0.7683205604553219,0.1643244249579976,0.5701115217063731,0.5706168056543478,0.5696089702179786,0.5711154523868011
1,1.3313901186798327,0.0402220255902,0.8148491978645325,0.2409850227572288,0.8039203071594239,0.173560156270538,0.7093621054343129,0.7098729661140881,0.7088656236691913,0.7116361829037302
0,1.7872504326561507,0.1041115340175614,-0.48352232575416565,1.6540769656340506,2.010434188842773,0.428703078499437,0.3507002468245014,0.34926244589035094,0.35201733114106953,0.3456524495271778
0,1.247625613209982,0.0529189349732541,-0.06695891916751862,0.2691680255428003,0.710575942993165,0.1564283238543805,0.462239368930413,0.46291784210736475,0.46182647802652066,0.46443387834550814
1,1.6383549536950677,0.0658806354151593,0.32057443261146545,0.4506356702286098,0.8822400856018067,0.2237646755531379,0.5786101660499722,0.5792849264814611,0.5779804187723743,0.5805708970015805
1,2.3722939261613005,0.1250075781336312,-0.49046850204467773,1.6561994687903898,1.5752500534057616,0.4864153822741554,0.36177833111618085,0.3621174794448627,0.361500931777873,0.362890903048009
0,1.6918062813243908,0.1191976350249693,-0.14147238433361053,1.601084368264534,1.960564022064209,0.4473651149039973,0.4510116930820021,0.4496424711989705,0.4520365764749037,0.4458713395950086
0,1.3613772755926494,0.0482988394871966,-0.1187974214553833,0.3080826703354297,0.8343179893493652,0.1850173176085086,0.4477847529218273,0.4481910261638059,0.4476722814880658,0.4496164604890856
0,1.429247629449116,0.0619191613774546,0.1735510528087616,0.5597839638810964,0.9902580070495602,0.22558690401244,0.5359022507042317,0.5362242704675899,0.5356734800108356,0.537106490617267
0,2.224770659478626,0.0983628700208766,0.04808255285024643,1.4178773870827626,1.4297020530700677,0.4209924861388209,0.5128463836334386,0.5133736195707448,0.5123663610744544,0.515144008901384
0,1.6906196598077194,0.0869842485246072,0.1964109241962433,0.7841729389779175,1.2670380020141607,0.2951784655985289,0.5431533808620097,0.5430113023041252,0.5431346057352483,0.5418498547481374
0,1.2233713082465996,0.0617789277571294,-0.6569104790687561,0.4340122030469585,0.990635929107666,0.2329195684799149,0.3039419275609077,0.30389666562584866,0.30429922640009077,0.3044339027523134
1,1.5176182548127273,0.0524744349797025,0.5281827449798584,0.4927860135425165,1.1173060226440428,0.1946962157473725,0.6289866811380801,0.6288157734006024,0.6290635977132651,0.6278643328192808
1,1.213649343590775,0.0615799981407574,0.4976638853549957,0.2970477957551051,0.8030520248413086,0.1926939917833146,0.6291360127514127,0.6296914707846895,0.6285650790204451,0.631019208095796
1,1.28977460407585,0.0605575499453037,0.25921767950057983,0.289740864881767,0.7423522567749018,0.190309243365163,0.5619465297009696,0.5627107760354916,0.5612956218855102,0.5645974972431512
0,1.4308785634946302,0.0697945923990513,-0.17931197583675385,0.6501172908662757,1.1527442741394045,0.2850695728384291,0.43696872609717674,0.4369090646248431,0.4371789599304309,0.4375521911286047
0,1.3668781920695467,0.0691561007889458,-0.8282012939453125,0.415423289889085,1.0309980964660648,0.2278769651284123,0.2598844079675523,0.2597041969423114,0.2603139970760245,0.2591407940193861
0,2.6368877728238886,0.2367466333801023,-0.9489339590072632,10.29791727864894,5.134826812744142,1.0366166269191492,0.2689928229703464,0.2679118099004386,0.2701149885087593,0.264964836167774
1,2.1424872199180283,0.1281762185025017,-0.15109753608703613,2.2807238465517434,2.2621800041198736,0.5034021858593499,0.4479110799192399,0.4465362829402539,0.448935730734496,0.442257069498083
1,1.9388218236765415,0.0775040689752043,0.26014599204063416,0.6894924382793066,1.1445499038696283,0.262581880235348,0.5579241745255901,0.5581333702267965,0.5576264331029135,0.55745932438742
0,1.5400825459886114,0.0505913284040664,-0.3354651927947998,0.4587597610011449,0.9538381576538092,0.2394680983453602,0.389870578398135,0.3901923792890962,0.3899270210152008,0.39208682984668725
1,1.8146284871476377,0.0957792406344251,0.8927596807479858,1.0756030086859392,1.6240822982788097,0.366674755179222,0.731535162244491,0.7309905135353982,0.7316494338996337,0.7291368189981109
0,2.536213278723693,0.1532339661659771,-0.6391584873199463,2.512091975138617,1.717444286346435,0.5603672874930575,0.3301353949052223,0.33103636322189567,0.3293426799344615,0.3328133253579907
0,1.4420265691537886,0.0876301857896528,0.5555686950683594,0.8288422793091832,1.405690212249756,0.3218777483978162,0.6478138083131028,0.6473374623915996,0.6479787844730711,0.6460632593444987
0,1.4337769553973303,0.0702934306491921,0.5487531423568726,0.3487747063474613,0.8259322738647461,0.2087985591268116,0.6427241355397054,0.643367484642781,0.6419981650536969,0.6443654730133219
0,1.72399443601481,0.0559209529847511,0.11382810771465302,0.343510797667675,0.8106141662597653,0.2072169146292343,0.5168608778023894,0.5176422354598312,0.5162847189626272,0.5194487715514023
1,3.326786519748496,0.0846266363795714,-0.4181296229362488,3.176075673500289,2.670798110961912,0.4763009008044846,0.3551841625520111,0.3538011033921768,0.35663693360662757,0.34906845928801433
0,2.548629652283451,0.1252567254362452,-0.1267668455839157,2.23858848078371,2.085959968566895,0.4987304416419878,0.455387700540996,0.45474081435851443,0.4558034832914113,0.4519969447603875
1,1.460232389565371,0.0586759404018406,0.9726454615592957,0.3911482226797503,0.8982384490966792,0.2211188093197157,0.7487452622152256,0.7492349153551501,0.7481373662480016,0.750569215184664
1,1.617760210182477,0.0600620216347252,0.5657671689987183,0.5564076330550359,1.0326300239562989,0.2637251488422738,0.6504471230996571,0.6508591779584647,0.6500323250768052,0.6525078992083526
1,2.2346056546444717,0.0749430811971926,0.3508402705192566,1.2030246640053277,1.526203994750976,0.3656082700264083,0.5904110733068066,0.590286886141809,0.5904772156958963,0.5902775852302552
1,2.163262478727171,0.098321988556566,0.026109987869858742,1.131723274649212,1.2548679733276369,0.3761188765950885,0.5029293790753988,0.5035985591625114,0.5022872107464061,0.5050287597004286
1,1.6830345372991444,0.0883614814097406,0.3858172297477722,0.5325888031957905,0.9541520595550534,0.2580186047545289,0.5990576812955876,0.5996591809025715,0.5983068711681172,0.5999568064821483
1,1.4423714013182862,0.0618941536088249,0.4972805976867676,0.4230642422960521,0.9708041381835943,0.2299631063605779,0.6290278686040066,0.6293402516895586,0.6286767220757996,0.6302472854819898
0,1.9824789889401584,0.1156898430059264,-0.1161855012178421,1.2630474713085278,1.7091806030273444,0.3973423384357196,0.45309489187871893,0.45221264453610827,0.45365779809694207,0.44860234068409893
0,1.387673537934922,0.0735496138084937,-0.26679834723472595,0.5564241030018138,1.1337562751770027,0.235886435176297,0.4042250394124772,0.40393655945054197,0.4045744198846717,0.40266885100077554
1,1.8562503650296809,0.0687838988888795,-0.6663081049919128,0.4128106567903473,0.9318421554565428,0.2271592659320623,0.2968160645209395,0.2970989153100406,0.2968149114931144,0.29712341829403927
0,1.6628571490666793,0.065762130226416,0.26097390055656433,0.4767877952753241,1.0167579460144045,0.2441279877634178,0.5608818370954165,0.5611746294745547,0.5606035338118948,0.5617214525608578
1,1.375433065550096,0.0719016626646563,0.15523193776607513,0.3842292289658872,0.8485700607299802,0.2066207553750717,0.5300883172719086,0.5306248623422618,0.5295805456910344,0.5312735838227085
1,2.316551740476036,0.1026455668440796,0.47765666246414185,2.9133656982742404,2.6599999046325684,0.5689528098254274,0.6337466131682615,0.6321981241923611,0.6349722780087997,0.6295536882719868
0,1.7440145319322455,0.0957231610230758,-0.23354145884513855,0.8698943989119153,1.1329360008239744,0.3108937651552939,0.42227372420946774,0.4226614214416954,0.42193875902849654,0.42292124227672856
1,1.6177982490743947,0.0596640280954872,0.01396411657333374,0.463513608458548,0.9378482818603522,0.2269394457800357,0.4883781542269232,0.4888285240809946,0.48811104253939247,0.49001553367994943
0,1.4002296879574585,0.0547563094460339,0.2608615756034851,0.2666205437413987,0.8626622200012213,0.1721177064109193,0.5556758097323277,0.5559793773451346,0.5554229731643081,0.5562078335672237
0,1.646644784132374,0.0858854166818997,0.07241417467594147,0.6316913718970983,1.068484439849853,0.2810007499761118,0.5093804816905685,0.5096989174500476,0.5090262774019249,0.5098831516860607
0,1.732520094044013,0.0905044429981856,-0.29070839285850525,0.8159872694406204,1.25214012145996,0.2856549088394282,0.3990956448397678,0.39891870306769367,0.39925997803499114,0.3972912353504394
0,1.3568876369761316,0.0657692547515719,0.18322280049324036,0.3837488781939568,0.8913282012939456,0.2064915597397941,0.5377822481868512,0.5381730088889003,0.5374357605330883,0.5387992621735144
1,1.5505340510002756,0.0538583995575345,0.4329968988895416,0.4325946251908385,1.0097059822082517,0.2325388744895244,0.6102210945779756,0.6104620586954708,0.6100132304474519,0.6115192262013147
1,1.7056424236052758,0.0940625572225637,0.23102211952209473,0.9009105105025448,1.389580001831055,0.3355798173502365,0.5563349302118852,0.5560149449967188,0.5564288277992505,0.554695108580116
1,1.6439038657520233,0.0831421134347488,0.8657935261726379,0.5168706892568774,0.9958749485015876,0.2396457314122191,0.7222048093658622,0.7226049037150682,0.7215298721639964,0.7224168831006227
1,1.702298602912018,0.0455970732772142,0.3323003053665161,0.8493071964186306,1.5332444381713868,0.3258272541582868,0.5837357499646914,0.5829330357790258,0.5845818339972546,0.582989441315593
1,1.292721214667814,0.056002902328552,-0.43118610978126526,0.3948900719020874,0.9497539710998538,0.1894705714501445,0.3574099210091495,0.3574049063804976,0.35768288695580247,0.3573624855795267
1,1.2906348500117972,0.0569531568929958,0.3219011425971985,0.2921008200766078,0.823870010375976,0.1801545077847863,0.5766358356276745,0.5770958119469661,0.5762293333741122,0.5780310757876485
1,1.1215156986770587,0.0258736298735256,0.3489718437194824,0.0489036510661429,0.3302202606201169,0.078185397506618,0.5841350728577897,0.585739041967044,0.5829596582426665,0.5902397799918466
1,1.79053855440237,0.0858228753633504,-0.06270469725131989,1.1572293762240156,1.764952011108399,0.3585819875602627,0.46457680988361266,0.4632406612122854,0.46571566198712205,0.4596758245855423
1,1.6071080150796644,0.0583995577335235,0.22348932921886444,0.5566171284005486,1.22150396347046,0.2637747922946174,0.5490383761075863,0.5487342277060953,0.5493485770921651,0.5484620609136743
1,1.8001570172711487,0.0811148259826127,-0.14125868678092957,0.6516358629011052,1.160676040649414,0.2552715931906849,0.43901259886830274,0.4389538955510511,0.43906039868372765,0.43746800577119643
1,1.4988147740191828,0.0533971596975518,0.43689146637916565,0.4466201072874692,1.0360321998596198,0.2113338844784406,0.6079654009742562,0.6080473917416768,0.6078752653067084,0.6082608505947823
0,1.1711132753883426,0.0448352911723583,0.06779030710458755,0.1508737855830946,0.5481301116943359,0.1373288869753441,0.5040180056801641,0.505110510453847,0.5032660068654231,0.5081359627907113
1,1.9786829524784355,0.0767460348763573,-0.18631696701049805,1.1320493756109735,1.619634113311767,0.3761730611718118,0.43397742479726753,0.43326208940652683,0.43474000756358006,0.4322654321503037
0,1.512460088985388,0.0675574375081303,0.5628891587257385,0.532934309673624,1.01513204574585,0.2201103668769217,0.643970501550447,0.6442397886565066,0.6435817893372717,0.644270081147944
1,2.0234225714418703,0.1128169965223435,0.20463068783283234,2.18381391126735,2.483316860198976,0.5224717589577629,0.5514574731474713,0.5493068777677669,0.5531167743926234,0.5442466553981488
1,2.4515781476968,0.1222230228045021,-0.03166813403367996,1.7517420234361871,1.8014501762390136,0.4679399031174018,0.484634805504073,0.48436464456459716,0.4846762031185076,0.4826558864802962
1,1.70931049239542,0.0631903219521289,0.8325910568237305,0.4715951058607974,1.0643542098999017,0.2289092750562005,0.7119081587621837,0.7120870885944272,0.7115446601562706,0.7119729854635166
1,2.2966233028889342,0.0940240917731587,-0.11890945583581924,1.3277575811450515,1.8031124496459967,0.4073937869471396,0.45055064796225747,0.4495897955103158,0.45135831252429687,0.4467328523918279
1,1.2899010953460872,0.044780606634441,0.9442158937454224,0.1593154006024869,0.5860279655456548,0.1411184788584077,0.7400958225404544,0.7410308011135927,0.7391646337445011,0.7433228802136644
0,2.1704646928638485,0.2187989622108097,-0.7873786687850952,7.155887486497144,4.292201118469239,0.89058568443956,0.2980113021797597,0.29602494488868114,0.29968735540278363,0.29056440415843005
1,1.2673691444739317,0.0648467758466416,0.7744973301887512,0.5119891631761311,1.0497932052612302,0.2385113934329928,0.7026704875799955,0.7028093095426166,0.7023768755133393,0.7033714854254953
1,1.4293776528900513,0.0472418043437242,0.039017368108034134,0.344323973517778,0.8653019714355465,0.1955970840267132,0.4947523422007893,0.4951880631487374,0.49457145078205444,0.49682305558514983
0,2.1925365729946567,0.0574488506261305,-0.2661657929420471,1.0344279062476185,1.5022100830078124,0.3390227632881208,0.40734290414734753,0.4069211081383651,0.4080057559243136,0.4068443249614335
1,1.120114983829522,0.0495568885587707,0.7835983037948608,0.2342290153670193,0.7846780586242668,0.1711099848661013,0.7027616515372398,0.7032389409544739,0.7022433604296361,0.7047012023357717
1,1.2050075291210056,0.0466510459056114,0.987612247467041,0.1605250934029212,0.5803940582275385,0.1335519430379561,0.749523558565361,0.7504146517090101,0.7486059944995803,0.7524755058268032
1,1.29812664867464,0.0505821675290059,0.9046802520751953,0.2714185575700045,0.8222581863403312,0.184193701565093,0.7314468352961269,0.7319267785875473,0.7308906540726309,0.7332700092028975
1,1.827636355324423,0.0822049601410231,0.7572704553604126,1.1443326879535265,1.542709980010987,0.3565782893549196,0.7005296071263656,0.7002299114127986,0.7005643910536143,0.6996435695657848
1,1.5685132768576324,0.0959593317358173,-0.1493348479270935,0.8126922297955952,1.2839141654968271,0.3187264167345552,0.44516157242964377,0.4449307726193147,0.44530605527648653,0.44379502221214817
1,1.4066718048303242,0.0667319893296072,-0.6597753763198853,0.3168362742949852,0.7662060165405282,0.1876273713433639,0.300005442176486,0.30045867028248824,0.29987046973149745,0.301105128224682
1,1.7170279792489531,0.0957455880945166,0.17724785208702087,1.0999465497355356,1.497012233734131,0.349594455482275,0.5407684396696149,0.5403134967669659,0.5410036371039855,0.5386872112498204
0,1.5999714482070355,0.0435950841872581,0.12680616974830627,0.5820262168485624,1.2820981979370112,0.2543021424405234,0.5187971094616702,0.5182703992909676,0.5194498689716889,0.5180931278682589
0,2.403763520341027,0.1303309603632317,-0.9612587094306946,4.320815803856084,3.2431139755249023,0.7856585775964449,0.25756075493445274,0.25615010983657327,0.2591655373229494,0.2557122229206257
1,1.4905383937089305,0.0698829427977908,0.8020899891853333,0.4788710221610759,0.913476219177246,0.20864738025523,0.7064167069023394,0.7069184133002829,0.7057482559188963,0.7073844330491618
1,1.211673664546221,0.0626923887898629,0.4282572865486145,0.397590075150606,1.0083780097961426,0.2101824802801936,0.6076099191938616,0.6076123870045369,0.6075240210593977,0.6075381263352676
1,1.308571376506612,0.0571021034470969,0.6738244295120239,0.2880107099701378,0.7878261566162115,0.1897401874834828,0.6757472522066473,0.6763721310547055,0.6750907828456741,0.6779236313246125
1,1.7363192439970354,0.0801206442005072,0.2922367751598358,0.7281479553964361,1.09304220199585,0.2698421678308333,0.5715711563389151,0.5719549573237896,0.5711199037074415,0.5721798154272544
1,1.7570945504159774,0.0780814677496647,0.3492392599582672,1.1740367547953314,1.7136727333068842,0.3426421974590011,0.5852688052943955,0.5842016875220444,0.5860815550769638,0.5814989259880573
1,1.5497146022119308,0.0444301496984141,0.643366277217865,0.2241737344159934,0.7183319854736325,0.1427565424120868,0.6614149625884972,0.6621718642973113,0.6607026284573925,0.6634901425182917
1,1.444125948292144,0.0559643638122534,0.703019380569458,0.3582249283459985,0.9125639533996582,0.2116084025818677,0.6827047222240887,0.6831122458336901,0.6822381125584382,0.6842457824071572
0,1.485674896029706,0.0473405847303648,0.4424446225166321,0.4333986434331749,1.0305680465698246,0.2327548719772517,0.6134063314680862,0.6135664932027298,0.6133185469973673,0.6148986490328773
0,1.2799268851357168,0.0540473534328168,-0.25581488013267517,0.3162974706232581,0.7787380599975589,0.1623518480090022,0.40643878969332226,0.40689738352551524,0.4062702437671643,0.4077921289389434
0,2.7383991430796124,0.1138412722683716,0.40717893838882446,1.8130462746391185,1.9211441421508797,0.4760575430868518,0.6089990674584058,0.6086278472323822,0.6090248373363057,0.6066613332033906
1,1.2309928032115214,0.0527057488935725,0.12338670343160629,0.2069543371233645,0.7046460342407218,0.1608393364212267,0.5191106034252595,0.5197957601122175,0.5186184473120787,0.5214531859840945
0,2.241621724548012,0.116522227185874,-0.8139365911483765,1.5753147435201182,1.8141359519958504,0.4437503159886365,0.26940025882277174,0.2687451175851212,0.2700632783395585,0.26648095243454506
1,1.53172931085846,0.0555010169725284,-0.09253239631652832,0.5067559299393667,1.007807960510253,0.2516833153834811,0.460369380319266,0.46064583515621543,0.4603516185968516,0.4623250046651306
0,1.7489493153017497,0.1125362302190492,-0.15074892342090607,2.190749520448851,2.512912311553955,0.4933726921741876,0.44393013343377075,0.4414146428840036,0.44602579547153887,0.4352266239337804
1,1.5047821616909798,0.0780383245310005,-0.6181669235229492,0.6273529134142223,1.0906941223144526,0.2993690778511707,0.3181765224546759,0.31826442782333003,0.3183442512012357,0.3190903406124329
0,1.3454506017216137,0.0534012495414763,0.24956747889518738,0.316642549653901,0.8194199371337882,0.1989480301655123,0.558626411831178,0.5592051420551346,0.5581969962055096,0.5610657929444167
1,1.6391459698480615,0.0684145129905112,0.6284313201904297,0.7552715257689024,1.249926166534424,0.3072603793545675,0.6682594036734383,0.6682918346577907,0.6681131148367307,0.6690496352819848
1,1.1194741842019529,0.0513843879127849,0.09723464399576187,0.1607344342689612,0.5867046737670901,0.1417455617775038,0.5123946525405387,0.513348071527139,0.5116944131615393,0.5157117238167042
0,1.4155093277375432,0.0657908362066059,-0.26328033208847046,0.423947474608514,1.059342155456543,0.2170374966601429,0.40390766060619815,0.4037021608772704,0.4042263899332446,0.40276212017208357
0,1.6831625542150503,0.0818129355112859,-0.19598940014839172,0.8050137726063508,1.2166920852661136,0.2990751991289799,0.4303020654852814,0.4302961903423214,0.4303789495919472,0.43010144833663944
0,1.2942289058923488,0.0747804230145846,0.15029217302799225,0.5963601680190281,1.147530059814454,0.2328402042796788,0.5263898760905517,0.526130920950104,0.5265475831490601,0.5248200143408813
1,1.2784207801287286,0.0535668617191231,0.3413165211677551,0.2303267169386421,0.7307782745361331,0.1696786363020703,0.5830906989733187,0.5837820550533351,0.5825051974755833,0.5854500266953918
0,1.6447978764556732,0.0968227655919015,-0.8563991785049438,1.264842239989053,1.7573339653015143,0.4250785204757642,0.2625466647002138,0.26159647805585157,0.26359422647565134,0.2601157216371504
1,2.209931807991857,0.1252199809163222,0.37926357984542847,2.5455058615430826,2.638686637878418,0.4810505418109867,0.5907487615846526,0.5884392025085422,0.5923438871471176,0.5805278122524989
1,1.7691037852152196,0.1013743710931039,0.8239172101020813,1.1852050455535916,1.50189395904541,0.3849034043681595,0.7207618529027698,0.7206716522468676,0.7205047984981502,0.7203015771685607
0,1.270686007823738,0.0524912958612906,0.3846784830093384,0.279530233030357,0.7584921646118165,0.1671915766509655,0.594796564205449,0.5954380616464757,0.5942457701480602,0.5969452863872255
1,1.7423296210099366,0.070708825366923,0.14123858511447906,0.6674955830768896,1.0742865180969232,0.2723346762669641,0.5286489595849222,0.5290341456703136,0.528333807133607,0.5299816552196474
1,2.73213953672832,0.1133527825222688,0.6347943544387817,1.388644421821632,1.486348209381105,0.4166299949928041,0.670960750661929,0.6714632908347653,0.670147468854434,0.6711744969884369
0,1.6580152976114753,0.0916335132958735,-0.5373157262802124,1.0949218109911834,1.786529788970948,0.3699530056289554,0.33259159977355957,0.33115669387448865,0.3339440218149618,0.3275324009136976
0,2.1926555147896103,0.0759756336747917,0.519923746585846,0.9806552410489976,1.3766440773010251,0.3501169877785491,0.638357711319266,0.6384840043704227,0.6381261267185686,0.6389612101888332
0,1.7648693262802768,0.0716621139859269,0.451956182718277,0.8318263659452476,1.2613880348205566,0.2884140020777853,0.6164552983450035,0.6164735834250443,0.6163348395126779,0.6163961660767533
1,1.344360208848026,0.0511360665807764,0.5819284915924072,0.3716758781914635,0.8858161544799811,0.2155446236256727,0.6533655669825638,0.6538541275335201,0.6529193703045317,0.6557994534409154
0,1.736363465138048,0.102800700019394,-0.6977938413619995,1.2630970274917397,1.4511306953430176,0.397350133303699,0.3026010909724153,0.302470587954813,0.3028834303302032,0.3025535454451411
0,1.401818274237333,0.0616064956777372,-0.6529404520988464,0.3133800905874787,0.7907619667053214,0.2115858794193029,0.3047289118722292,0.30518198007663605,0.3046494359153037,0.30659086135951263
0,2.078643499501412,0.0987037306967636,-0.28527969121932983,1.1042223623714251,1.3754439163208003,0.2476806144986169,0.3895550908880942,0.3892487110029817,0.38972102674178033,0.38510159226458424
1,1.760288497086442,0.0572373125972026,0.3081548511981964,0.7204226204146548,1.2365125274658209,0.2559159344242585,0.5716612612241371,0.5715352973228396,0.5717980842950331,0.5712931888150226
1,1.27047965956861,0.0483806942361372,0.3605846166610718,0.2034900191800715,0.6723725318908685,0.1594874678384133,0.5888896379852884,0.5897317814691556,0.588208085459991,0.5919795108944108
1,1.475966737264783,0.0514659357948006,-0.05459330230951309,0.5309695776823514,1.0389339447021484,0.2103508136586655,0.465060722098363,0.46511133064725885,0.4652154860403461,0.4654789806452306
1,1.5451323458410036,0.0472089380006221,0.32750028371810913,0.475586999202992,1.014627933502197,0.2180795724507437,0.578575051777999,0.5787911492622334,0.5784760533665354,0.5798910096951051
1,1.4357947143701308,0.0681234993983638,0.6097335815429688,0.567534040722867,0.901134033203125,0.266348934839917,0.6666928601462597,0.6674723785735545,0.6659167922942134,0.6701163879321893
0,1.408360049634546,0.0645664225039102,-0.4626919627189636,0.7641937719273483,1.3016778945922858,0.2257127631788313,0.3457775484034705,0.3451159082006757,0.346569650239095,0.3429654974024438
0,2.5411300205910976,0.0884315978426416,-0.1517387330532074,1.4534928614667728,1.549570140838623,0.3222125364975702,0.4332677139647094,0.4331684750087051,0.4333574486798244,0.43081684773289947
1,2.631761913153684,0.167902384550121,0.33680588006973267,3.334149800244389,2.2781739234924325,0.6455762735963495,0.6106060105923852,0.6109885448631402,0.609854678717298,0.6112264378556167
0,1.7125161006404606,0.0346110355682947,-0.4665849804878235,0.2024739495704976,0.7698436355590814,0.1161820265992113,0.3388192982708333,0.3391589160422405,0.33889106320057777,0.33924702719458455
0,1.4737008530722902,0.0550301926202079,-0.380154550075531,0.7103771494810518,1.2983540153503423,0.225258129626729,0.3680471116827875,0.367376911011694,0.3688915512787264,0.36564717832369675
0,1.577512236811213,0.0520630361973164,-0.3390898108482361,0.3470360467262038,0.8733546066284174,0.2082774731956758,0.38519064966325356,0.385582938669421,0.38514182862603,0.38689123949211385
1,1.1953893153611823,0.0263279763113414,0.7496622800827026,0.0639519965566501,0.4112121772766119,0.0730022811040005,0.6897440883000946,0.6910043404412068,0.6886827284597485,0.6941349355862657
0,1.39874407857766,0.0753040553576444,0.3166978657245636,0.6325456570006258,1.2063800430297855,0.2398002306846691,0.5737841467467685,0.5734566827182284,0.5739301544491593,0.5718050957327514
0,2.4899688420368387,0.139758351478247,-0.3580818772315979,2.5992786561993038,2.037990093231201,0.5700086245180093,0.40223714679954126,0.4022898925179475,0.4021465663507029,0.4024047211859366
0,1.547078852801031,0.1102441929144588,-0.46714097261428833,1.1618456489323925,1.6728551292419434,0.3810914668639919,0.3556417217680723,0.3545838584810066,0.356538786879707,0.3514070120163473
1,1.4107168447624705,0.0602926351791456,-0.5799776315689087,0.6855116493588106,1.1738119125366218,0.2137773997033379,0.31635843324198637,0.31600170830709007,0.3169507928226583,0.31484801849954475
1,1.636704982133406,0.061452747153239,-0.2329034060239792,0.3982870324599457,0.9496301460266108,0.2103666197802582,0.4126843913904288,0.412907813081306,0.412659606124445,0.4129870305464084
1,2.582599000381164,0.1327733042331917,0.09486938267946243,2.8056548722344763,1.7030060195922865,0.5583363056870609,0.54278055081751,0.5443723209563281,0.5413186867055328,0.5489429178130177
0,2.0545292601307787,0.0986795697603268,-0.6833206415176392,0.9684215539372992,1.3318928146362303,0.3479262770216736,0.2987776730886114,0.29870939487942605,0.2989613937006344,0.2978411542501426
1,1.3155422209490706,0.0572570903131361,0.4840669631958008,0.3345220757996622,0.8344759178161621,0.1743877799616971,0.621472356309589,0.6219477393680374,0.62098719507986,0.6226880299063402
1,1.5288173384673929,0.0368951917216437,0.40624648332595825,0.208956927561212,0.6880482101440429,0.16161564263756,0.6004480448912763,0.601362445879835,0.5997719702718077,0.6041007467733085
1,1.9051830295842007,0.0827274230265651,0.2014642059803009,0.9424564189829984,1.4747811508178712,0.3236006487740712,0.5428057380496655,0.5422716222163505,0.543161584190422,0.5403508576446893
1,1.8763591569345293,0.0984784343738654,-0.15064749121665955,1.396475970411275,1.845072059631347,0.4178031789029486,0.44557913237567814,0.4444092510531547,0.4465720488532668,0.44164728958527394
0,1.6166695044880677,0.0622569187370827,0.5405892133712769,0.4207265817279858,0.8962565994262701,0.2293268905209291,0.6411746895656102,0.6417946360373046,0.6405451241407542,0.6432841694785916
0,1.932092323912005,0.0643817319105862,-0.1262076199054718,1.0331868783949332,1.348052425384522,0.3593721744923591,0.45697646260673325,0.45708392853041413,0.45713791965339734,0.4591467967234852
1,1.6448795659967623,0.0552202389165417,0.4921964704990387,0.6201891651909337,1.1297759819030762,0.2184189983972114,0.6216264971898059,0.6216500680855227,0.6215569268260173,0.6213617612407563
0,1.4335757466084806,0.0702532404162133,0.5471766591072083,0.4963070596892944,1.0400441741943365,0.2490750538716428,0.6436130027095572,0.6438155886791065,0.6432881394084405,0.6442669765032457
0,1.6458517771205523,0.0740967777784643,-0.633856475353241,0.4872424966924273,0.9818982124328614,0.2467900161808686,0.3080108614995962,0.3082014506402048,0.30806986283626403,0.30833046474957754
1,1.276481611961907,0.0732276181786709,0.08657100051641464,0.4265776534776955,0.9089959526062006,0.2309160165183695,0.5130912598700015,0.5134829925178329,0.5127476624795116,0.5143604213392408
1,2.4086877228060186,0.0910744789450535,-0.32527250051498413,1.9571092253531777,1.990828094482422,0.4423922722373411,0.394163467712397,0.3933618694694532,0.3950117210699545,0.3914937072055518
1,1.527410047243312,0.0555047168950999,0.9780197143554688,0.418893036569412,0.951306056976319,0.2446259642128342,0.751512010550497,0.7519591859962087,0.7509728142065984,0.7536201248773642
1,1.4338283216471832,0.0644811049520136,-0.44766736030578613,0.6829789868195856,1.247648181915283,0.249176641765998,0.35395201600578263,0.35346259471032027,0.35461396763122927,0.3523332930557208
0,2.236672039952234,0.0982140713974533,-0.2748996913433075,1.1540008061413778,1.3065201950073235,0.3580814317909914,0.41013341376416207,0.4105283642241597,0.40981661600314717,0.4106764732466011
1,1.5457225354074202,0.0799510867917821,0.44828662276268005,0.6504685833859893,1.1251082038879383,0.2851465814686346,0.6187630212511559,0.6189559126187966,0.6184328673533884,0.6193235199778289
1,2.264026267658513,0.0859067762219129,-0.4248295724391937,1.4392169572771,1.9092440032958984,0.3793701302523829,0.35814440841429934,0.3568674469962825,0.3593729134379632,0.35301897119124875
0,1.44225647664436,0.0798836601242493,-0.019240986555814743,0.6077291442215937,1.1748623275756842,0.2756195621281247,0.480735248473098,0.4805389305412518,0.48089437959460735,0.4798500675676866
1,1.7964466765094311,0.1003236543176223,0.36107051372528076,0.9660047090863092,1.3232960319519038,0.347491854056737,0.596538271147711,0.5966138641095826,0.5962216623513651,0.5961489699883152
0,1.37210772008653,0.0752589163501097,0.23953132331371307,0.5108644831301604,0.968234024047852,0.2063299305986572,0.552023960954579,0.5522768520410594,0.5516933217450108,0.5517571935620688
1,1.2168587034461031,0.0482757410312335,0.8113058805465698,0.1805264281548875,0.5718889427185053,0.1502191849244328,0.7106830703991837,0.711716696258212,0.7096909695667177,0.7144003049716807
1,1.240638597264825,0.0474451421041918,0.13178400695323944,0.1577309469684435,0.5782860469818115,0.1404149862765917,0.5218022623370009,0.522836941395358,0.5210469953387209,0.5254306010790037
1,1.5630776996262412,0.0827615794679976,1.1134059429168701,1.10022032873116,1.5964258956909174,0.3316956931784252,0.7786105804602786,0.7781257454569653,0.7787248202790332,0.7767773799975609
0,1.6550357042393486,0.0714458103104987,-0.4220558702945709,0.569515085602712,1.0930639839172356,0.2668133911563267,0.36446888150530937,0.3644995700269524,0.36463963987937376,0.36457911270254323
1,1.603527268146965,0.0909402321127805,0.3289182484149933,1.5420937943663284,1.891096115112304,0.4390463805747532,0.5920299448474086,0.5909647852382556,0.5928585389979425,0.5897539357873479
1,1.7922989666220388,0.0687509391536918,-0.48127883672714233,1.2986391709586946,1.6377700805664062,0.3435958475459074,0.348802857315619,0.348041466234582,0.3497572608825543,0.3469231558844238
1,1.70726412999847,0.0385498344367312,0.43387073278427124,0.2456473149142638,0.8567247581481939,0.1752310313965051,0.6044956959438458,0.6049717763448701,0.6041532536770401,0.6062182698875126
0,1.317806362973392,0.0567698416467426,0.20585334300994873,0.4468687577434015,1.0064139938354493,0.2228274762988426,0.5452956516724959,0.5454011494166208,0.5452704984032759,0.5461531797456401
0,1.3537448123944742,0.0421088678570256,-0.9093238711357117,0.2482941466594722,0.7395526313781735,0.176172552721569,0.2425513367656049,0.24291230792942323,0.24268498320711246,0.2445117172106655
1,1.651811483776538,0.0827055606748297,0.21796825528144836,0.6896400642031917,1.1348160171508783,0.2936068936952927,0.5529316871732683,0.5531530369047518,0.5526414138383986,0.5534621819252568
0,2.732138507699029,0.1074012560221615,-0.7341172099113464,2.3669624103584805,2.184764041900636,0.4865143790638135,0.2862145812214386,0.28544437983977,0.2870666006259178,0.28298635910078407
1,2.2710312883445027,0.0663712309829399,0.27923384308815,0.8118032779672443,1.2084121704101565,0.3185520518626517,0.5691061685825582,0.5695457957595241,0.5687452947474246,0.5708828750703682
0,1.2693620673438517,0.0563185981426333,-0.22159120440483093,0.2736084846557857,0.8156880187988278,0.1743586612116867,0.41682193418001967,0.41714629024938277,0.41673888100510514,0.41778848402516666
1,1.3472165044859976,0.05435791878783,0.10740381479263306,0.3259759892177136,0.7870680999755859,0.1721458127227437,0.5134347313979526,0.5140275765030725,0.5130204921790541,0.5152774170186598
0,1.301991422610874,0.034197724071596,0.6800880432128906,0.1250914293106601,0.5560342407226557,0.1250457062990669,0.6746415308870487,0.6756934029111532,0.673751053897272,0.6786033470950958
1,1.3160988343914188,0.0355029895353529,1.0633480548858643,0.1412654739734774,0.4867383956909181,0.1328841008047414,0.7675156436217119,0.7686426269190092,0.7664561029335739,0.7717885369611152
0,2.2397836685574206,0.1186606404582883,-0.9047983288764954,1.6343035564663029,1.846934051513673,0.4042652045954861,0.24357730435062627,0.24281075784071166,0.24431378804655163,0.23944976373874588
0,2.768536771866124,0.1171198345797024,-0.05904967710375786,1.4303571453866908,1.3506099891662595,0.3782006273641928,0.47024408500133374,0.47107371710598506,0.46932737236597805,0.4705253872406226
1,1.2507990661899249,0.0417361127575456,0.7614036798477173,0.1644825584467056,0.6656040191650393,0.1433887018067957,0.6954266820522531,0.6961818405285229,0.6947139670264386,0.6981935740509575
1,1.668256319845408,0.0624303174080494,0.9783870577812195,0.6560252647781468,1.1492346191406255,0.2863619354894577,0.7521785375472232,0.7524185733653967,0.7517961247731243,0.7535460808081029
0,3.607704676517677,0.2470041677178116,-0.7077494859695435,14.624777928685791,5.518363914489746,0.9941347274389444,0.32582213736854754,0.32781479489912063,0.32451057385938314,0.3291055955812292
0,2.2319829710816643,0.1194110875490933,0.35030490159988403,2.327623106177958,2.296228866577148,0.5085516587086593,0.5947798847084815,0.5935410946045325,0.5955762499080498,0.5899956016142593
1,1.581692494270351,0.0532977765270007,-0.11191902309656143,0.4275455095993256,0.9863740348815928,0.2067717363662948,0.4474478507120585,0.44758504522310183,0.4475207414315424,0.4478835754518318
0,1.6143965068287904,0.0714782860668209,0.1208975687623024,0.4753847970893825,1.0043441390991217,0.2298271807466022,0.5178201267606349,0.5180539089559134,0.5175863187889173,0.517845906510156
0,1.6956267543516828,0.0734134580749566,-0.10931067168712616,0.5765899726214058,0.9677039527893068,0.2401228795057658,0.4522375444341958,0.45272101709569557,0.45188794995283593,0.4532596828388808
0,1.847207734994822,0.0800214978916545,-0.6685013771057129,1.0904656960602386,1.4229320335388178,0.3148543236107538,0.29928578276592543,0.29892828703271057,0.29983040850763326,0.2978222612754722
1,1.3071681331472012,0.0512368266888556,1.0478838682174683,0.2698042967063406,0.8073943901062006,0.1836451390271264,0.763502791856881,0.7640047134647775,0.762895380153466,0.7653405703747513
0,1.3937476202266534,0.0603252824528488,-0.30174094438552856,0.2529603698714553,0.7104078865051272,0.1676505525296443,0.3942128773564768,0.394873323164513,0.3938370684026453,0.3959537078920756
1,2.511391489706849,0.1185514082286647,-0.012905977666378021,1.6293706113140252,1.5837739562988282,0.4512995971793606,0.4924956032050197,0.49285615913707204,0.49202262601650587,0.4928664440586542
0,1.991912381079162,0.1088704198161839,-0.19263263046741486,1.2062873313829643,1.4861600494384766,0.3661037089531029,0.4319748244701125,0.43172948429040825,0.4320798496807068,0.42982384921258315
1,1.4664867323581263,0.0644931497593938,-0.2309548556804657,0.7479287798144307,1.3464440155029296,0.2882762525029749,0.4179943021567543,0.4173794411519419,0.4187255552568633,0.4166224189521651
1,1.4623980764232851,0.0573215473006717,0.9384148716926575,0.561070929747073,1.1132081031799308,0.2648279936456569,0.7427105025846973,0.7428634207141032,0.7424310592158226,0.7439551265401624
1,2.4768244940229724,0.0743168487614866,-0.24089059233665466,3.569521968333456,2.9092117691040063,0.5974547655122902,0.42732085689415483,0.4255592889531891,0.42930770552374864,0.4244132621780665
1,2.333701132614346,0.1221268181311277,-0.533340334892273,3.564503148110133,3.1005330085754395,0.6675049763962562,0.3488264584018881,0.3465846273671552,0.3509589717953535,0.34268170677052817
1,2.354749460665392,0.1166877070586911,0.05995230749249458,0.8573546966771491,0.9937100028991692,0.3273672816343191,0.5075903934577913,0.5087876922706314,0.5062711336962689,0.5092561305669833
1,1.7113595748933534,0.0699734315432167,0.106037437915802,0.8338030361490059,1.3737620925903329,0.322839556929794,0.5194526946074408,0.5190875757356105,0.5198245595626465,0.5189556367606337
1,1.2093236900670163,0.0612318723135886,0.5664706826210022,0.3877786659788627,0.7995380592346186,0.1969209653589131,0.6491225590361529,0.6497930913658648,0.6484482658074615,0.6515362439646111
1,2.357074880864887,0.0888398071760914,0.40423741936683655,0.9638980385236512,1.1686320304870597,0.3471127407852618,0.6086987921318363,0.6095311736483077,0.6078139285341059,0.6110430972493358
1,1.4931619390396946,0.0384094840619298,0.727159857749939,0.3763124771200902,0.9040523719787598,0.2168848995204859,0.6906335266729418,0.6911405028289722,0.6902127958377439,0.6935611595088783
1,1.8180509746610107,0.0754772968474802,-0.440751850605011,0.8798327468127459,1.029558181762696,0.3316309595794597,0.37046859759056816,0.37127886865590964,0.3700477703437021,0.3744834718054509
0,2.729757400556293,0.1142347626997709,0.32109636068344116,2.306786944187275,1.9420640563964844,0.4802902189496757,0.5872803154032848,0.587348040654485,0.5870151666067414,0.5865724557302777
1,1.670403145743997,0.0558445848225906,-0.8259044885635376,0.7177483779139818,1.2675840950012207,0.320211621524173,0.266816712417212,0.2665699267066902,0.26746034181379846,0.26759193885890875
1,2.26288735746761,0.1744910366183278,-0.17570915818214417,2.857178418015459,2.2028284072875977,0.5634396761574253,0.45030175229392333,0.44992065238696743,0.4502171685935459,0.4465649645519757
1,1.504998048929091,0.0763400128588953,0.2740859091281891,0.523378924815771,0.9939821434021,0.2411497747633594,0.5656889342421091,0.5660293103677922,0.5652874811568699,0.5662500956973195
1,1.6714676526253245,0.0358978716350499,0.0697912946343422,0.3641923482410856,0.8901748657226577,0.1908382425618842,0.5012062489670316,0.5016756104913874,0.5010658161572376,0.5035505831225316
1,2.1184485300981173,0.0933258200439842,0.3547419607639313,1.7234294278450883,2.010312252044679,0.4641429504803838,0.5964267239857531,0.595408498848978,0.5971886995670903,0.5936899817776903
0,1.8701354597683564,0.0874254544654396,-0.24566921591758728,1.5443189979784404,1.8364759445190424,0.392978243415388,0.4160618323033737,0.41501681673622864,0.417073619028583,0.41272022506627953
0,1.9576760673082825,0.1434036615532977,-0.9962851405143738,2.456855134749439,2.384396095275879,0.5541722582768644,0.23444991861150175,0.2331921857877809,0.23560681738618114,0.22983115391476786
0,1.8793248849949216,0.0702785916234659,-0.14771635830402374,1.5874745506189003,1.888092193603516,0.4199834058387043,0.44877405798512376,0.4477152415430663,0.4499344861293238,0.447052352369
1,1.3309041257984726,0.0404723801277973,0.8667281270027161,0.2059127648036937,0.61905424118042,0.1512587058297779,0.722842857716645,0.723793543648613,0.7219548539261051,0.7264597433945931
1,2.954263405720067,0.078194552154364,-0.1690862476825714,1.5990748913544743,1.613246002197266,0.3812747626956033,0.4336823393002234,0.4338711587360304,0.4336675898567247,0.43355865983048625
1,1.5734207671558946,0.0659105699928001,-0.3114836513996124,0.6538875854033267,1.180320472717285,0.2858949950163797,0.39745574274473416,0.397338094907185,0.39778402480980635,0.3978146399209934
1,1.1683726649836277,0.0450065521134054,0.052079856395721436,0.1757028896032362,0.5825899696350095,0.1397230950460534,0.4989695106727809,0.4999678370488937,0.4983028138150291,0.5027476189162381
0,2.3104775184480704,0.0554545202128555,-0.7765997052192688,1.448268610248779,1.7233820343017596,0.4011467742262009,0.27740477288500087,0.27689008234017226,0.2783299539457218,0.27736351428347134
1,2.023446788977356,0.136630769178208,-0.3785570561885834,4.356004146620963,3.364833984375,0.6957014163674403,0.39464349361559103,0.39219101811822543,0.39688002726466287,0.387657417340906
0,2.0528627875198877,0.0565745981727438,-0.36405402421951294,1.1587878994284984,1.6486840820312485,0.4068674581356752,0.38811991332772955,0.38747539476199155,0.38907694562540135,0.38848862115711413
0,3.2047847406491226,0.0989838958954191,0.04042840749025345,3.1136329611673625,2.4696692466735857,0.5093814027137363,0.49684633429148245,0.4961342860184448,0.49750592481109246,0.4933588306082239
0,1.5760727914967998,0.0751448309503144,-0.20305004715919495,0.53116510830031,1.0372124671936036,0.2576735115170722,0.4265373458440707,0.42670907169213634,0.4264814669669482,0.4268775376463157
0,2.1134590120352152,0.0584809998924996,-0.2094031125307083,0.7058646268873394,1.3467583465576178,0.2970405331952483,0.4200839025781083,0.4197004167332223,0.4206332037456239,0.4190269667383176
0,1.328644225786564,0.0589460694334973,-0.30820363759994507,0.35028587519354,0.8503599548339839,0.1708522449353876,0.39042869188967105,0.3906945794157938,0.3903994034800292,0.3908011374641329
0,1.559572127557706,0.0507719585372282,-0.31026673316955566,0.7776504156144074,1.3624781036376965,0.2788638405412948,0.3938808756853882,0.3932634146446751,0.3947430400041729,0.3929546583417406
1,1.645054619813627,0.0976786875093511,0.4437718987464905,0.893172083620806,1.335363826751709,0.3150259396058267,0.6157374164559405,0.6155615125639827,0.6155967448201511,0.6140693948038967
1,1.385284548212652,0.0641456030347164,-0.11826008558273315,0.3352984317587902,0.8334623718261719,0.1930165311742293,0.44795611428366605,0.44840233884978836,0.44768192719120103,0.44905483086595155
1,1.1143176586063588,0.0531537629363486,0.34368255734443665,0.2556903525440512,0.7215640068054208,0.1524617247180572,0.5829486901543773,0.5835862395153156,0.5824071062608449,0.5850186425784468
0,2.6614820529527696,0.1395098650013058,0.22610370814800262,3.2726747895165222,2.095065975189209,0.572072966457647,0.5740064380813639,0.5747808367099206,0.5731411136753455,0.5763170955352576
1,2.1276893725011865,0.0926362773224599,0.28230905532836914,1.6051400988616302,1.9293579864501949,0.4223137457785555,0.570607047824311,0.5695837476074646,0.5713616241164924,0.5670198660997625
1,2.569131123369372,0.098676971778848,-0.21927960216999054,1.0626095105971889,1.348972511291504,0.3644532738564006,0.4225419814556829,0.42284491515035655,0.42225139552666846,0.4222202036938336
0,1.2540794661304349,0.0545886042797814,-0.6005385518074036,0.247390202338,0.7249060058593756,0.1572864273667629,0.3133728015184049,0.3137947137254539,0.3133207771285017,0.31466515539023443
1,1.6747428902380117,0.0876910151193585,0.3601658344268799,0.8973279190299417,1.3868160438537598,0.33491191361124,0.5943205803512607,0.5940392092576647,0.5943915265157502,0.5932518975177222
1,1.26392940940772,0.0545467418051828,0.7699400782585144,0.307428421329956,0.8922479438781735,0.1848207604169678,0.697682886311957,0.6979779851226456,0.6972858348977793,0.6986186909786384
1,1.236846952684766,0.0551937760417444,0.47844743728637695,0.2997053788441934,0.8396939659118658,0.1824845134507441,0.6216323610692804,0.6220535333195977,0.6212193786930303,0.6230954649396789
1,2.291630106050206,0.0862640735485784,-0.4172355532646179,1.1197209682952347,1.3746141815185555,0.3741191267990776,0.37100708300937896,0.37118144751775384,0.3710268583845333,0.37172851091510817
1,1.2199386780405923,0.0404072584905948,-0.09472336620092392,0.1344495922820987,0.594730014801026,0.1296387250603088,0.4534376705298624,0.4543007230747863,0.4529626816153171,0.4566994581848066
1,4.008091068507586,0.1255587811073193,0.003403222654014826,1.8234582561114725,1.881914176940918,0.477422540328726,0.4804049300416798,0.48053646880342027,0.47998872057260117,0.4770003037558119
1,1.4419994892915955,0.0710983364749208,0.1915246546268463,0.4971780991476681,0.9461140441894536,0.2492935265775236,0.5449737266380017,0.5454547501177478,0.5445446524247299,0.5467857312147297
1,1.3826045109707408,0.059883899342547,-0.6187199950218201,0.5252764891421081,1.1818844604492178,0.2562412167133998,0.3116371547481604,0.311210984662109,0.31232327741092464,0.3108519420291515
1,3.964328768382329,0.0870751130092176,0.07508059591054916,3.602353105368186,2.442089920043945,0.5072582538487941,0.5042140391386951,0.5044460444873792,0.5041822900170768,0.5035418928383372
0,2.8977902596097684,0.1788107806099662,-0.09241817891597748,3.1226734482680216,2.014402141571044,0.6627835612554318,0.4911026369009844,0.49226721198091195,0.48975511913717373,0.49427053723139247
1,1.9046201279268808,0.0811649627555393,0.061349619179964066,1.192550094065276,1.5511818313598629,0.3860942394780832,0.5108901631860931,0.5105288533074943,0.511248599527933,0.5106166990428578
0,1.3429109247482778,0.0451972661889345,-0.47945842146873474,0.3602961109041552,0.8227723121643067,0.2000822361219826,0.34923723845452065,0.3496720000473114,0.3492573781272927,0.3517862150774157
0,1.8594990258542272,0.1254102694038598,-0.3818941116333008,2.4109714945795364,2.4249163246154777,0.5489730747700128,0.38779131621007656,0.38604773900850253,0.38929597808316546,0.3823575142790439
0,3.338890042000163,0.1489022663958644,-0.8169111013412476,5.85404405706428,3.9123519706726064,0.8065043953220644,0.27821048569680795,0.27647711936722463,0.27997974337156,0.2725562617073385
1,1.862673648547431,0.1294652225396896,-0.15764778852462769,2.5073164224993065,2.2879762649536137,0.4774283784934093,0.4448311161307022,0.44342133162204367,0.44588812224522417,0.4387711749465697
0,1.1752559005956615,0.0493016218421657,-0.13806048035621643,0.19562818387471,0.6434119224548346,0.1333580906891155,0.4401098659624076,0.4408313581968715,0.43969971862490925,0.4423800602563667
0,1.836759710564507,0.1080931651171218,0.25364676117897034,2.352428867142896,2.400750408172608,0.5422671005997524,0.5739505334520801,0.5723131919253259,0.5752570919662232,0.5698181864591165
0,2.498874737295456,0.0670114101052436,-1.004884958267212,1.3582527194744396,1.5944520568847644,0.368544803175196,0.22331830885242449,0.2230524954985947,0.2239339356961753,0.22278694523513765
0,1.868208943593352,0.1168607168681789,-0.41522058844566345,1.5240340403406996,1.8132525253295888,0.4115059119786872,0.36946975605608334,0.368497711735448,0.37025435061182804,0.3650757951202874
1,5.424921462742662,0.1344563925758211,-0.8780560493469238,3.397233607301928,2.148672142028809,0.6516549707573334,0.2577231838327477,0.25909733664197004,0.25672158638487047,0.26043851427557363
0,1.3352597351798,0.0485477071677764,-0.6392477750778198,0.3999148504622932,0.982745971679688,0.1690128588646212,0.29977116894560996,0.2996000290648791,0.30026361304626503,0.29903819941869936
0,2.0869439736426183,0.1293153410948213,-0.2548554241657257,3.1861530158970077,2.859650344848633,0.5644601860093418,0.41673837507343314,0.41440784020243915,0.4186927553617779,0.4082139751395158
0,1.431489775075945,0.0699925184411297,-0.0845993384718895,0.4266073187384884,0.9050439834594728,0.217717278122719,0.4594388299176232,0.4598247151799878,0.45917498115882055,0.46034080818019535
0,1.4822074954984614,0.0835446343489838,-0.6463918089866638,0.6685181645057583,1.185235996246338,0.2890757176990481,0.30739223715602854,0.3071760861310885,0.307767086778445,0.3065764806515596
1,3.2940637263292096,0.1903702473615317,-0.7562429308891296,7.694878209942842,4.124688968658448,0.9329764072094148,0.31112707719124394,0.31064613094295884,0.31178308508336483,0.31008508701742094
1,1.4020409347030078,0.0624148426074681,0.3081480860710144,0.5187122099681847,1.1275982856750486,0.2546350844758496,0.5760493696298213,0.5759477561525871,0.5761298236413969,0.5762037570719821
0,2.9269744166264027,0.1373717191046404,0.03412961959838867,6.137698647953933,3.626399993896483,0.7834346589189128,0.523412755247119,0.5225799341407535,0.5243188738989231,0.5223164809153739
0,2.6273373780823124,0.0783251823917011,-0.3018476665019989,1.7019598731524708,1.9098100852966304,0.3618286752628898,0.38832447433700523,0.3873904231244481,0.38927717877134066,0.3838284157124425
1,2.030409833647349,0.0924505147334672,-0.6065235733985901,2.30068704368041,2.304450893402099,0.5362703427004436,0.3283455482596563,0.32703018383092525,0.3298033835379213,0.32597289824572306
1,1.2086423443820318,0.0494321503679814,0.535626232624054,0.2033334070987952,0.6959020614624023,0.1594260828326074,0.6377571191164851,0.6384945359818308,0.6370903551357838,0.6404331554555607
1,1.6655991642267909,0.0760224381476125,0.248747318983078,1.4395069947864083,1.6629294395446763,0.3999315211919839,0.5689214094155309,0.5684441314840949,0.5693876411609449,0.5690735352206377
1,2.134491587354718,0.1112358656425983,-0.0626194179058075,3.8105997002968888,3.133352069854736,0.6506919138114861,0.4834927037258997,0.48117133902538817,0.4856373203387614,0.4777327320822072
1,2.1604395877799414,0.1000091583556499,0.09452381730079651,1.3135467861770045,1.6583888244628913,0.4052077840714878,0.5177336224817751,0.5172505527422975,0.5180221745015137,0.5156187708173207
1,2.5930668927670597,0.1498691859603869,0.1213294267654419,7.167786679864255,4.436306095123291,0.9465586801583048,0.5606619960112961,0.5584735249076355,0.5627572988757106,0.55708763378413
0,2.766260189072929,0.0706264765024046,-0.5189040899276733,0.935277473704962,1.2617380714416495,0.3223658159615429,0.335083663514918,0.3354436342471278,0.3350232326096687,0.3356750195408723
0,1.6470113691216068,0.0517203046087239,-0.4166027903556824,0.4762636906833177,0.972903938293457,0.2439937731488545,0.36660896571583373,0.366909254638202,0.366694824153569,0.36856855930702037
0,1.3804726193248045,0.0719852561592497,-0.8880757093429565,0.8493826860658318,1.3799079704284674,0.325841734218054,0.25264915976140745,0.2521140147495372,0.25344990660050426,0.2518841906410028
1,3.378957962935471,0.0800192405496017,0.16137157380580902,1.8681356867231933,1.9131360626220697,0.4832359266863331,0.5365324998142984,0.5365009491801057,0.5366304841568627,0.5367065270112316
0,1.3612041711426788,0.0748249126984967,-1.0041766166687012,0.5901198429474375,1.09214183807373,0.2715970919734408,0.22599597811790106,0.22587688561237965,0.2264014653064897,0.2259423534610088
1,1.125160298856059,0.0615757096468983,0.3429226875305176,0.2164741510756251,0.6770703601837156,0.1644970178588448,0.5848377202899848,0.5856165049328884,0.5841173620259916,0.587223331357895
1,2.1359333328573284,0.1201105540420651,0.13996806740760803,1.8083704542104897,1.5035980987548827,0.4754432739836701,0.5478117621234221,0.5486228713113509,0.5469591431423751,0.5510625301901246
1,1.9953223294933025,0.0777646312528782,0.3608964681625366,1.041141507894573,1.3597839927673334,0.3401211398400041,0.5947359023799486,0.5948509363947152,0.5945629171502824,0.5953443724559008
1,1.2404441341281405,0.0362765891921898,0.6106213927268982,0.1269516336121701,0.5331988525390627,0.1259720373794171,0.6574204080827237,0.658540808117714,0.6564868675569842,0.6616759041205618
0,1.4298958061254987,0.0492834114160695,0.17119476199150085,0.4264350992483283,0.9959842300415044,0.2308774293993265,0.536131897049529,0.5363264232406049,0.5361116554881017,0.5378296213872391
1,2.564093460817761,0.2735193406107626,0.30184710025787354,15.495137470444636,6.859444160461425,0.8011216025734804,0.5612786088401774,0.5588367993877023,0.5629281171505368,0.5409752612933213
1,1.693606212366095,0.0557449109854171,0.5663805603981018,0.715984393510019,1.2742344093322748,0.2820528700458714,0.647780754368102,0.6476450153723649,0.6478646908238974,0.6480602517048815
0,2.034711815400715,0.1314098448954756,-0.7517971396446228,2.0995765854549773,2.0653088951110847,0.5122958844084853,0.29042349269591133,0.28957698452594965,0.29121313542689087,0.287329644481154
0,2.705803717380857,0.1186013124787057,-1.027684211730957,1.718283564293319,1.7886041641235346,0.4634495069979736,0.2228163123017019,0.22254229286032856,0.2231991901879943,0.2210687605959823
1,1.7511869451042903,0.0922348519494446,0.13731035590171814,1.0299263162760264,1.416784114837646,0.3588046676598609,0.5322348218275224,0.5320313086739303,0.5323130542496026,0.5315999189398021
1,1.5074401022938428,0.0563421358823042,0.4759468138217926,0.4689257489459066,0.9881398773193364,0.2421068330680452,0.62458519609751,0.6249527629800387,0.6242513613074281,0.626498879878576
1,2.0104973282906533,0.1121378742109684,-0.7040973901748657,1.776378652633997,2.0634686660766595,0.4712189847398443,0.2966678159313848,0.29543654359044563,0.29784738164894853,0.29243219610699983
1,1.708641666566421,0.0993602077072394,-0.4909656047821045,1.7975101728349672,2.1980718803405765,0.4740134719650601,0.3523452523623936,0.3505452807789221,0.3540485924510374,0.34715307862308536
0,2.0538048077953723,0.1092936222557925,0.357076495885849,1.1218131941627234,1.4476360893249518,0.374468489021894,0.5942151965237099,0.594184783193781,0.5939276983548885,0.5928823440975789
1,2.738244091099456,0.0874652925255184,0.19387003779411316,1.765052279363797,2.0087774848937987,0.469714312024314,0.5459773180399679,0.5452025383582392,0.5466226535074051,0.5436141267426563
1,1.2903294154946667,0.0584081849545946,1.097913146018982,0.3037351903009766,0.7823519897460943,0.1742800018077165,0.7732945993881052,0.7738444053864716,0.7725927520593692,0.7748520214814689
1,1.4338179115055625,0.0707947093925382,0.26519376039505005,0.4511324117741092,0.9408008575439448,0.2238879709373788,0.5624760710021107,0.5628536654206746,0.5620798213314252,0.5633190577414914
0,1.346763647451125,0.0616578290829934,0.48572903871536255,0.4020163048910649,0.9708559989929204,0.2241696636732613,0.6256865992617654,0.6259248933812727,0.6254011795642315,0.6266796987046954
0,1.941227128001766,0.1040879054982723,-0.2136865109205246,1.2672744946189594,1.4319580078124994,0.3980066730940197,0.4334459275957898,0.4335475040543947,0.4333540843412502,0.4338140337267
0,1.2967679590412144,0.0614297646604061,-0.10406021773815155,0.3414445498598539,0.9137439346313472,0.2065927606003698,0.45313487118652246,0.45332020266426226,0.45310804814729677,0.4538272455786
0,1.987540778472012,0.0906409828955612,-0.6456642150878906,2.794164709840116,2.652817916870116,0.4178938793102948,0.296827675914155,0.2946442916357562,0.2989460594798019,0.2884643363247363
1,2.803998057385388,0.12151245100643,0.2762221097946167,2.782498223628657,1.9839301490783696,0.5560273997673792,0.5863658177501477,0.5870420138513379,0.585656736871781,0.589021995203594
0,1.581480904280926,0.08464633428678,0.03581223636865616,0.8835291423517444,1.3300682067871088,0.3323268613789262,0.5017225829913513,0.5015109541398186,0.501891233784781,0.5013649224632324
1,1.400687708753839,0.0562344951354326,0.7102590203285217,0.5274253377554668,1.221122093200683,0.2420801836296457,0.6826467938250018,0.6823223242647856,0.6828054286536532,0.6818171400298902
0,1.39420595961523,0.0407705580334178,-0.441697895526886,0.1786865296418887,0.6436560821533207,0.1274528539007441,0.35225099383715175,0.35291043835210467,0.3520386655184394,0.35440487035430396
0,1.233949076096415,0.0522190241039789,0.5897432565689087,0.2133157011329402,0.6079941749572748,0.1539537091801516,0.6534206951454259,0.6544399658349678,0.6524793163962423,0.6568993967231886
1,1.6487471723001172,0.0957605546714531,0.08830709755420685,1.0440912000722875,1.4558001899719235,0.3406026032510105,0.5145600680841548,0.5141151184771557,0.5148145918590084,0.5124953259568074
0,2.7277374049824723,0.0699264814018774,-0.10485225915908813,4.869566032608223,3.5900143432617178,0.7355697740609144,0.47578224134616076,0.4735437587486775,0.4783485336638462,0.4733317522451318
1,1.8414341342550036,0.097403290198256,0.0012537583243101835,0.9535556915752832,1.5030299949646002,0.2944263593027949,0.4778344627534265,0.4770176121909903,0.47835159801116345,0.472774972128202
0,1.178600562950589,0.0473386095259549,0.6357144713401794,0.2132262007421168,0.7228021430969244,0.163258307882829,0.6649540034363483,0.6656125038140471,0.6643393681943296,0.6675418684816011
0,3.495626575856546,0.1592282294976431,0.008238188922405243,4.710721965779886,2.3144259643554683,0.692095315034906,0.5221487116071819,0.5243508916394266,0.5201929332037543,0.5294630616135866
0,1.2391984126209687,0.0572581911156478,-0.9487882852554321,0.3332141865346837,0.90225996017456,0.1924156919376737,0.23301967102871235,0.23299879463325354,0.23338830263019786,0.23311566808238773
0,1.4258202620762794,0.0735698582183286,0.049576446413993835,0.5028922637450028,0.9625520324707028,0.2507220233009564,0.5029098025607122,0.5033042938521932,0.5025889714797493,0.5043144104832711
1,1.4149537849236742,0.0344207382616786,0.4730994701385498,0.3074214436275964,0.9084804534912118,0.1753343787246518,0.6173346809906917,0.6176048846486697,0.6172003412396039,0.6189738086782685
1,1.3405890499150994,0.0641840885931916,0.7369380593299866,0.4329608686044829,0.9601900672912598,0.2193325401719404,0.6918845598837523,0.6921916729627418,0.6914451459816562,0.692848117032976
1,2.0584512659082805,0.1204383897308851,0.4727526605129242,2.172541737075502,2.1046426773071296,0.5211215953445392,0.6364309761469605,0.6357273161520893,0.6367586636585797,0.6343774825060247
1,1.5685663731954498,0.0675710028135913,0.1297118216753006,1.0862328259682126,1.7537059211730952,0.3474083133989316,0.5229168213607028,0.5214944322369953,0.5242059817779152,0.5189960267077334
1,2.3812231810978406,0.1559919862707069,0.7211569547653198,5.343018596829211,3.615288162231445,0.770499015561359,0.7100411372344821,0.7085588482005378,0.7110412663830614,0.7056948982743362
0,1.713985576147142,0.0829645219034783,0.6173736453056335,1.1731757092049064,1.6141680145263673,0.32657669420895,0.6597142324222471,0.6590336211271213,0.660072562419456,0.6568469011220849
1,1.5216494192086385,0.0714681966023878,0.7008903622627258,0.3770670694904224,0.8742163085937498,0.2171022424718427,0.6822694398246254,0.6828319887379211,0.681561360201238,0.683539161107931
0,2.285653071287752,0.1018543793611317,-0.025005007162690163,2.1887242952391324,1.433591518402099,0.5230588273845413,0.5108204802322458,0.5125194947927393,0.5095317396268666,0.5195380964914341
0,1.1139039571314466,0.0607979300722903,0.5398361682891846,0.2508547941284109,0.6950680732727054,0.1770786527677781,0.6417458958766131,0.6425338980647337,0.6409689125761193,0.6444744134868977
1,1.7513870194205892,0.0661268129087705,-0.8369786143302917,0.7488043168851622,1.296040267944336,0.327065811831975,0.26346279782285226,0.2631895698264572,0.2640604841700704,0.2635891083071182
1,1.244810529506204,0.0637661115258236,-0.10560254007577896,0.5200327073744756,1.103249950408935,0.2000062897808035,0.44780650855203163,0.4474627762581343,0.44819943257929284,0.4460559276571142
1,1.4623170418719338,0.0807873627757208,0.5205379724502563,0.588086865113617,1.0562841224670416,0.2711288589198909,0.6386783149739231,0.6389754905404995,0.6382232679520943,0.639471853341847
1,1.2695962780319006,0.0554505629443264,1.0810352563858032,0.2481803265011486,0.7445541191101079,0.1761321685912132,0.7707910131269964,0.771398284628567,0.770062715054414,0.7727939810974288
0,1.200223980750658,0.0584825659461885,0.2605651915073395,0.3076270153980821,0.7853780555725095,0.1960953261165606,0.5631492649960622,0.5637690496376705,0.5626448783523645,0.5656420907547437
0,2.615081219342039,0.0938847118455073,0.21187791228294373,1.7327479613281114,1.564902133941651,0.4653960626885598,0.5628845968432725,0.5635949221835271,0.562266004296943,0.5662763806055879
0,1.4205288738013302,0.0587461015576934,0.4901016354560852,0.3356257154183196,0.8631421089172372,0.2048248384041592,0.62598597599894,0.6264924636517932,0.6254801557472157,0.6277163284250489
0,1.6758562475261165,0.1062605521739627,-0.6706861853599548,0.931150295826224,1.3833780288696296,0.3216537641326331,0.29943228856933096,0.29897309017014,0.2998730137036014,0.2966120405649133
1,1.6393711469379404,0.0643861646642912,0.3243332803249359,0.8366303620830422,1.357884063720703,0.2892456329978107,0.5794677353260803,0.5790932301042646,0.5797832830824646,0.5785638713748448
1,2.3209226137561925,0.1089944235705317,-0.038814134895801544,1.932496315348552,1.8534960937500005,0.4396016737170767,0.4797777168835866,0.4793986282503389,0.48002256543128474,0.47771262342684473
1,2.7673569149584267,0.3571219271238924,-0.19808761775493622,10.631348486413586,3.8992622756958,0.9326567162439464,0.4802935849621809,0.48341179906432674,0.47665393746926915,0.48246592954917367
0,2.2582269587093005,0.1161545437369293,0.0375797338783741,1.0843526789505342,1.2416941833496096,0.3471075207979565,0.4995577217681462,0.5001331311435709,0.49879649002949467,0.49927156748249146
1,1.1696342632790118,0.0553249228397431,0.30287837982177734,0.224194972909114,0.7281220912933355,0.1674048135916027,0.5725160781849641,0.5731564251204895,0.571976617460007,0.5747225986645338
0,1.165166495242301,0.0530957045602195,0.2530601918697357,0.2372565737947548,0.7572440910339346,0.1623633010650822,0.5567492943588759,0.5572801428917321,0.556334345891474,0.5585517827777768
1,1.1845471092215911,0.0559139873428451,-0.15509499609470367,0.2781887899527532,0.8601673316955573,0.1758120176504038,0.43589923972778266,0.43606277222302703,0.4359327965336967,0.43640779304826
0,1.2930635455511517,0.0432987207079926,-0.09669099748134613,0.3859979312803352,0.9500381851196285,0.2196582377468277,0.4580459406560262,0.4582249260784999,0.45819317304174334,0.4601713312342445
0,1.442751516134973,0.0814807970311706,-0.11105470359325409,0.6202593108426497,1.1401419639587402,0.2625218109124247,0.4525234218225456,0.452401169315849,0.45263490488609204,0.4515520777915539
1,1.2008467571184838,0.0526161721907689,-0.1633230745792389,0.3087521548518463,0.8278260993957511,0.1675361982193824,0.43334045968496837,0.43363500081751466,0.43329313706563066,0.4343565792494415
1,1.627396335371648,0.0756609569499342,0.28626057505607605,0.534755630514221,0.967342033386231,0.2585429438493296,0.5716790901387812,0.5722297022789571,0.5711163858743883,0.573297203176895
1,1.3156498035799022,0.0656200714238183,-0.1327255517244339,0.3451535120579255,0.8329759407043457,0.2077117931347199,0.44662448131644455,0.4470993295871897,0.44633809721716694,0.44821918327671045
1,1.566266582433198,0.0551945019158925,0.4656282365322113,0.4001921403148607,0.9595702552795404,0.2236604961528915,0.6189048077390287,0.6192637463432319,0.6185674353598111,0.6203779749377537
0,2.814090202594775,0.2203834666404878,-0.43352413177490234,4.962105158306071,1.933336277008057,1.0280884495425222,0.45848884537235474,0.4629698493887283,0.45469576929407735,0.4803160484917446
0,1.571684411239576,0.0784718853070622,-0.6317155957221985,0.6024387120115443,0.9292740440368656,0.27441727168938,0.31438347119748006,0.31489841924095413,0.3141810034727999,0.3164021038021501
0,1.6056381218765952,0.0621411052516534,0.48613500595092773,0.5051167331818215,0.988680038452148,0.2512759273144319,0.6276981534321384,0.6281549182501767,0.6272449552737019,0.6296222290030498
0,1.2879638876645836,0.041054839077388,-0.11679436266422272,0.0913882135003016,0.4486920452117921,0.0955971827515338,0.44463251698555656,0.44587611137441785,0.44381480332094386,0.4485074120375032
1,1.6500081830000954,0.0909754757770849,0.33229875564575195,1.1984676371527347,1.6390734863281256,0.3870509716356385,0.5893552445970096,0.5886560127405741,0.5898144515934985,0.5874704886857641
0,1.4088831397998465,0.0582963886657104,-0.22121509909629822,0.5043810679426264,0.9249379348754876,0.236732635862726,0.4235971840744042,0.4240335806388082,0.42346810690482445,0.42594025277020436
0,1.6574302439122892,0.0845642761209619,0.4149302542209625,0.753013339165632,1.3367640495300288,0.3068006965371884,0.6064747585096157,0.6061395883141493,0.6065632728521893,0.604838857878731
1,1.978878635646858,0.093998084370878,-0.09159332513809204,0.9711488729353518,1.5321861267089845,0.3484158565807804,0.4574244350264808,0.4567394702812802,0.4579412279705933,0.454142241201576
1,3.070297909509859,0.2009405139181876,-0.513430118560791,4.792137633358931,2.7447901725769044,0.802368213499673,0.37753241533661647,0.37824107386693534,0.37677686219088224,0.37965217837016607
0,2.669903413711026,0.1843716348730294,-0.011902892030775547,6.305253799907999,3.590550136566161,0.7538786523797711,0.5057021103399242,0.5048950030504867,0.506200730609141,0.5013858001881065
1,3.521090692802141,0.1854523373792043,-0.1944475620985031,11.707876059729305,5.70809808731079,0.9312335738953234,0.4445740195985957,0.4429405604059093,0.4462997586665041,0.43658822629889615
1,1.196961601349322,0.0409371377636727,0.13143940269947052,0.1910029301003793,0.7060439682006842,0.1545165565968495,0.5215646209759981,0.5222160787672264,0.5211943622502833,0.5244584790990758
0,1.894498611134432,0.0802436495092021,0.05004432052373886,0.78605848189161,1.361612052917481,0.313460221138905,0.49903955098629665,0.4986720054140673,0.49932280300558013,0.497332376163173
1,1.6027886953474104,0.09614418960806,-0.17472133040428162,1.084104100227912,1.617958164215088,0.3292573613798045,0.4316479919508248,0.43056714648314465,0.43251701440378276,0.42687225500147785
0,2.211970541543554,0.1097597397338373,0.6241788864135742,3.906287305318788,3.0632340812683108,0.6250029844183776,0.6763120113858221,0.6746764570879584,0.6776158278580994,0.6720730916458388
0,1.7594569773966215,0.1286992290820842,-0.44452524185180664,1.898379149669752,1.951100826263427,0.4871318032203594,0.3711384332789303,0.3702530394806446,0.37186168060186775,0.3680502758219251
0,1.8245559977939327,0.0666402113670082,-0.050292421132326126,0.3749679094922702,0.7896800041198727,0.2041154111151254,0.466917868066665,0.4677787013190678,0.46624315850448356,0.46890274648966185
1,1.2572471654719122,0.0566940895034894,0.3235471844673157,0.2152634428323293,0.6359323406219485,0.1640363689979791,0.5794764403321259,0.5804526127967624,0.5786357228910517,0.582715143502381
1,1.745979607591474,0.0745947877486946,0.15600670874118805,0.3658515115643444,0.7341680431365972,0.2016188680446198,0.5289682331758461,0.5300141333568426,0.527993711852552,0.5312216988118508
1,2.0985245881258225,0.0875063602868794,0.21970012784004211,1.6883734222363205,1.7913680267333978,0.4108982139455366,0.5553797439040196,0.5548799212211344,0.5557769517096788,0.5540202544608345
1,1.2099265604259737,0.0598359893646594,-0.09053654223680496,0.3600870995290239,0.8286700057983393,0.1809286900032023,0.4563244307010979,0.45672564008420585,0.4561159628909614,0.45755096621457564
0,1.135106044605318,0.054492473697174,-0.1611681431531906,0.2132821883168736,0.7200102043151856,0.1632797401382339,0.4361023586459786,0.43663690775829817,0.4358376286264033,0.4380485451186715
0,1.182792627362692,0.0561303160008785,-0.32620126008987427,0.2662797878981811,0.7152322196960452,0.1950383800684884,0.3935572932116094,0.3942275772802961,0.3932548005440627,0.3966072875827628
0,1.164318570458326,0.0422145234734589,-0.4838060438632965,0.0851168621072466,0.4427442359924312,0.1031484743629581,0.3437002425818555,0.34475516810242085,0.3431565521051304,0.3473277216291043
0,1.3531565541385906,0.0786410434941573,0.5578047037124634,0.4080782574127854,0.8761950016021731,0.2258534528772987,0.6467971703980626,0.6473429339534995,0.646104143998166,0.6480292408053163
0,2.4903586376098024,0.0931678678179981,-0.014108652248978615,2.2985943394881083,1.9738281631469727,0.5360263915480408,0.5008821220645647,0.5008851021846825,0.5010452735603244,0.5031325737417232
1,1.3690340700524832,0.0390501518915286,-0.003979611210525036,0.4156423269008769,0.9623058891296392,0.2038730798562862,0.48230620728340284,0.482479056604706,0.48244315491989553,0.4841290894415936
0,2.3879648949184955,0.1062134004078504,-0.42190465331077576,1.727816723198582,1.7897499656677252,0.4381548081568358,0.3696081581491303,0.36920312812381306,0.37002529846418764,0.3676998359996923
1,2.057418736250729,0.0668223106929436,-0.3196433186531067,1.4810347590444797,1.8805783462524404,0.4056592383659083,0.3953397487662517,0.3942184710927494,0.3966055495432343,0.3929454666212558
0,2.7940122181253586,0.1150337540764387,-0.7050879597663879,1.8052315612805048,1.6493859672546392,0.4248801667859427,0.2936638724251399,0.29381977499621015,0.2936202552765661,0.2927100232046704
1,1.9263510268158432,0.0759603520361003,0.5223685503005981,1.2529415209328305,1.6922958374023442,0.3957495295216455,0.6414385694675943,0.6408367876430634,0.6418678539429649,0.6404168621652391
1,1.384406762484766,0.0773508061311116,0.10506148636341095,0.4582890783159268,0.9759559440612784,0.2393452209455849,0.5169636714334161,0.517212880657422,0.516694874948861,0.5173528697174734
1,1.2939784342617222,0.0473867778396501,0.149724081158638,0.2081320072410322,0.5531201171875003,0.1724330127660479,0.5326631488432486,0.5339702016271178,0.5317081773302167,0.5380138065994238
1,1.395369763225994,0.0713277055003886,0.553181529045105,0.4202298933688051,0.9214642524719244,0.1797925927645102,0.6378835151025553,0.638181898673137,0.6374100480129673,0.6374608795600152
