conv_id,turn_id,acc,wacc,mean_similarity,num_edges,num_nodes,num_documents,num_documents_for_network
food_level3_dial26,1,0.8225968870801603,0.590054370513983,0.7631571888923645,700,50,100,50
food_level3_dial26,2,0.8112109073441348,0.6094506253830031,0.7469086647033691,681,50,100,50
food_level3_dial26,3,0.7964581176837953,0.5854518966796967,0.7567963600158691,701,50,100,50
food_level3_dial26,4,0.7663151023551048,0.5387664758021844,0.6903481483459473,655,50,100,50
food_level3_dial26,5,0.7961836304639874,0.5622226339584807,0.7384432554244995,648,50,100,50
food_level3_dial26,6,0.800936044533972,0.603313072666303,0.7167352437973022,661,50,100,50
hobby_level1_dial16,1,0.8357750583606286,0.6728696887404014,0.7398452758789062,723,50,100,50
hobby_level1_dial16,2,0.8277391822048347,0.6676242691220214,0.7786217331886292,700,50,100,50
hobby_level1_dial16,3,0.8057029032071199,0.5974498226181933,0.7955085635185242,696,50,100,50
hobby_level1_dial16,4,0.8087055685062381,0.5789647779139984,0.7724331617355347,703,50,100,50
hobby_level1_dial16,5,0.8021597474308402,0.6199456557947933,0.7637348771095276,691,50,100,50
hobby_level1_dial16,6,0.7880114611919344,0.574737347951391,0.7531469464302063,650,50,100,50
top25_dial5,1,0.8536355389647217,0.677365112302218,0.6808624863624573,731,50,100,50
top25_dial5,2,0.8317613067012998,0.6627372056157544,0.7756580710411072,676,50,100,50
top25_dial5,3,0.7835547796577477,0.5320500966987427,0.7887114882469177,610,50,100,50
food_level2_dial36,1,0.8491402153206807,0.6415158854691114,0.6888176202774048,657,50,100,50
food_level2_dial36,2,0.8309421604809589,0.6070854002144401,0.7251358032226562,748,50,100,50
food_level2_dial36,3,0.7678194626817084,0.5783131181958723,0.7372651100158691,659,50,100,50
food_level2_dial36,4,0.8328572029412604,0.6385377448552516,0.7452676296234131,670,50,100,50
food_level2_dial36,5,0.8087013564490613,0.6267906016379026,0.7689339518547058,678,50,100,50
food_level3_dial27,1,0.8231861943150471,0.6023390510203822,0.7807237505912781,687,50,100,50
food_level3_dial27,2,0.8129125031045369,0.6403865546258658,0.7204937934875488,703,50,100,50
food_level3_dial27,3,0.8333517460109056,0.6601324102913728,0.6875537037849426,730,50,100,50
food_level3_dial27,4,0.8261023289533721,0.6891591472250559,0.766017735004425,746,50,100,50
food_level3_dial27,5,0.8000877321071824,0.6078705140317172,0.7542359828948975,618,50,100,50
food_level3_dial27,6,0.7555703042360055,0.5904572433950728,0.7409082651138306,653,50,100,50
food_level2_dial37,1,0.8369052063273726,0.5855057710338205,0.7470883727073669,650,50,100,50
food_level2_dial37,2,0.7822233538841956,0.5520078395638145,0.7713725566864014,653,50,100,50
food_level2_dial37,3,0.8269839420847783,0.6109912892234116,0.7931248545646667,742,50,100,50
food_level2_dial37,4,0.7889621846213959,0.638131322956854,0.7600744962692261,690,50,100,50
food_level2_dial37,5,0.7503440285668636,0.5692002969340462,0.7642037272453308,670,50,100,50
food_level2_dial37,6,0.8087332354875412,0.5902439552534071,0.7432196140289307,669,50,100,50
food_level2_dial12,1,0.7855563607356599,0.5488563322960524,0.7923229336738586,701,50,100,50
food_level2_dial12,2,0.8111407079586214,0.575940443572918,0.7957621812820435,684,50,100,50
food_level2_dial12,3,0.7527412293688625,0.5162900616337044,0.7753303647041321,636,50,100,50
food_level2_dial12,4,0.7833075270516224,0.545527910398652,0.7982054948806763,689,50,100,50
food_level2_dial12,5,0.7685532562035209,0.5240706024830488,0.7999739646911621,665,50,100,50
food_level2_dial12,6,0.7636559640786191,0.5399147441889826,0.7924946546554565,667,50,100,50
hobby_level2_dial2,1,0.8012479499239978,0.6552683441816154,0.7406691312789917,704,50,100,50
hobby_level2_dial2,2,0.8267845805542722,0.6647156607932749,0.7346246242523193,682,50,100,50
hobby_level2_dial2,3,0.7522991785866497,0.5371963513151888,0.7598868012428284,665,50,100,50
hobby_level2_dial2,4,0.8206556190155143,0.6222810331323841,0.7526747584342957,661,50,100,50
hobby_level2_dial2,5,0.7819194307827062,0.5475555063943651,0.751534104347229,642,50,100,50
hobby_level2_dial2,6,0.7941013700993507,0.5860773104431032,0.763399064540863,631,50,100,50
hobby_level3_dial33,1,0.821475115798158,0.7004508694644788,0.7115582823753357,721,50,100,50
hobby_level3_dial33,2,0.767214375247868,0.553200894957028,0.7574998736381531,622,50,100,50
hobby_level3_dial33,3,0.7127201930378291,0.40723972349358384,0.7733155488967896,638,50,100,50
hobby_level3_dial33,4,0.839634512565339,0.5528516175854647,0.7218760251998901,709,50,100,50
hobby_level3_dial33,5,0.8316523415720901,0.6312550818118133,0.7156882882118225,733,50,100,50
hobby_level3_dial33,6,0.8068330367509898,0.6108646020297922,0.8019834160804749,629,50,100,50
food_level1_dial1,1,0.8255370363867178,0.6977471158225766,0.7492277026176453,741,50,100,50
food_level1_dial1,2,0.7834244480491734,0.6060084835537097,0.797615647315979,707,50,100,50
hobby_level1_dial17,1,0.7580544884773184,0.6211374764030976,0.790916383266449,690,50,100,50
hobby_level1_dial17,2,0.7530633185647071,0.5618145805390187,0.78102707862854,671,50,100,50
hobby_level1_dial17,3,0.7934697276352027,0.6261732370983041,0.7321068048477173,700,50,100,50
hobby_level1_dial17,4,0.7804772003446471,0.5841567899091689,0.7017017006874084,654,50,100,50
hobby_level1_dial17,5,0.7907668635109145,0.6009749030847945,0.7410145998001099,690,50,100,50
hobby_level1_dial17,6,0.7895884561172062,0.5808989845982758,0.7633170485496521,683,50,100,50
top25_dial23,1,0.8410691839143379,0.6582029817966597,0.70998215675354,688,50,100,50
top25_dial23,2,0.8086567278607656,0.5893754836023876,0.7514017224311829,697,50,100,50
top25_dial23,3,0.8588668961712925,0.6432128703348913,0.7071475982666016,688,50,100,50
top25_dial23,4,0.9116537891587854,0.7155085650511112,0.7178941369056702,770,50,100,50
top25_dial23,5,0.7680735880308256,0.5162596123903939,0.7558829188346863,645,50,100,50
top25_dial23,6,0.8596669498346228,0.6778651025602056,0.7145417928695679,736,50,100,50
food_level3_dial28,1,0.8321873734431874,0.6144722726316689,0.6652740240097046,703,50,100,50
food_level3_dial28,2,0.8554583295205983,0.7062308777126437,0.8052812814712524,742,50,100,50
food_level3_dial28,3,0.7639562868759352,0.556489248177629,0.7745696902275085,631,50,100,50
food_level3_dial28,4,0.7523500336143876,0.553827672692984,0.7902309894561768,641,50,100,50
food_level3_dial28,5,0.7661690867275703,0.6030388972023891,0.786444902420044,635,50,100,50
food_level3_dial28,6,0.7785766751148373,0.612490031734421,0.7937809824943542,720,50,100,50
hobby_level2_dial20,1,0.7910144561936255,0.5679748356482603,0.7594355940818787,682,50,100,50
hobby_level2_dial20,2,0.7803644792146784,0.5600426443258348,0.7310874462127686,674,50,100,50
hobby_level2_dial20,3,0.7769618866331264,0.5470389655230993,0.7671335935592651,669,50,100,50
hobby_level2_dial20,4,0.8283415077558136,0.6477212800207884,0.750378429889679,651,50,100,50
hobby_level2_dial20,5,0.7837520644057487,0.6030921491305827,0.7619099020957947,655,50,100,50
hobby_level2_dial20,6,0.7996968391355702,0.6025647093186006,0.7751913070678711,716,50,100,50
top25_dial50,1,0.8195472072209459,0.6899713736925455,0.8068130016326904,745,50,100,50
top25_dial50,2,0.8293876526274216,0.6206200035069457,0.7990776300430298,732,50,100,50
top25_dial50,3,0.7572051573781029,0.5819510632884124,0.7536712884902954,625,50,100,50
top25_dial50,4,0.7633566333689673,0.5872801518211908,0.7488300204277039,713,50,100,50
top25_dial50,5,0.8316714621375002,0.5991535409312876,0.7906932830810547,707,50,100,50
top25_dial50,6,0.8129084013134906,0.678028450495581,0.8001265525817871,746,50,100,50
hobby_level3_dial34,1,0.7791773245448914,0.5729439495155872,0.7758651971817017,635,50,100,50
hobby_level3_dial34,2,0.8007687609421805,0.5029813432211261,0.8020250797271729,655,50,100,50
hobby_level3_dial34,3,0.8269307600582357,0.6343455004028778,0.784767746925354,711,50,100,50
hobby_level3_dial34,4,0.8163037524552043,0.6268690281790752,0.7926302552223206,677,50,100,50
hobby_level3_dial34,5,0.8381215152896696,0.6192977634790215,0.7228843569755554,735,50,100,50
hobby_level3_dial34,6,0.9226112712954818,0.8304201935753912,0.7500838041305542,789,50,100,50
food_level1_dial10,1,0.7812017718086972,0.5728824377353231,0.7624791264533997,645,50,100,50
food_level1_dial10,2,0.8032913256350822,0.6028679640007389,0.7587078213691711,667,50,100,50
food_level1_dial10,3,0.8211748723702504,0.6016702384548352,0.7624112963676453,708,50,100,50
food_level1_dial10,4,0.7659441432298563,0.514817084623316,0.7614339590072632,621,50,100,50
food_level1_dial10,5,0.7711581145459564,0.6220204489482591,0.736121654510498,666,50,100,50
food_level1_dial10,6,0.8130989303208367,0.5763365734784565,0.7589139938354492,670,50,100,50
food_level2_dial38,1,0.8066142661524828,0.6081714666116219,0.7325568199157715,727,50,100,50
food_level2_dial38,2,0.8209399771222691,0.6461213069992153,0.7257452607154846,678,50,100,50
food_level2_dial38,3,0.8063154488530344,0.6282306837371713,0.7732539176940918,640,50,100,50
food_level2_dial38,4,0.8123104344743617,0.5978013588943044,0.8099415898323059,700,50,100,50
food_level2_dial38,5,0.8518819421126592,0.6541405242934896,0.7086161971092224,743,50,100,50
food_level2_dial38,6,0.8207912067086833,0.7226437587322145,0.8044062852859497,782,50,100,50
food_level2_dial38,7,0.8198712350655895,0.5734531645151704,0.6468701362609863,709,50,100,50
top25_dial24,1,0.8113076433972216,0.6013647615404575,0.6802821159362793,668,50,100,50
top25_dial24,2,0.8119686736821357,0.5300823628140165,0.5633295774459839,696,50,100,50
top25_dial24,3,0.8159235336464152,0.6445406384503598,0.6842659115791321,762,50,100,50
top25_dial24,4,0.7901401118828127,0.6709452438265059,0.7855837941169739,749,50,100,50
top25_dial24,5,0.8024974301659227,0.640483308530735,0.741600751876831,671,50,100,50
top25_dial24,6,0.8769414332987696,0.7551524618519367,0.7923361659049988,748,50,100,50
food_level3_dial29,1,0.7982325798731096,0.652146647551612,0.7797027230262756,722,50,100,50
food_level3_dial29,2,0.7496742589958578,0.5388452764387202,0.7824901342391968,610,50,100,50
food_level3_dial29,3,0.7675423323479409,0.5446608546187393,0.7482913732528687,648,50,100,50
food_level3_dial29,4,0.7569808322960461,0.5144430269102488,0.7904349565505981,625,50,100,50
food_level3_dial29,5,0.7855560246208789,0.5823473868000485,0.7613040208816528,682,50,100,50
food_level3_dial29,6,0.7630812952259488,0.5695384551229654,0.8183455467224121,629,50,100,50
hobby_level2_dial9,1,0.7556296453202513,0.5481194691810045,0.6650537848472595,640,50,100,50
hobby_level2_dial9,2,0.7674007731903447,0.5680215307313421,0.7014303803443909,678,50,100,50
hobby_level2_dial9,3,0.7423887764932643,0.5661591212171717,0.7242984175682068,663,50,100,50
hobby_level2_dial9,4,0.8569685661187536,0.6767601574373274,0.6617364883422852,667,50,100,50
hobby_level2_dial9,5,0.7645490982886023,0.6080271818112714,0.7052662372589111,705,50,100,50
top25_dial51,1,0.8242677193489379,0.6871508536249589,0.772874653339386,734,50,100,50
top25_dial51,2,0.8239111410687632,0.6301642028897326,0.7647915482521057,712,50,100,50
top25_dial51,3,0.8506810711184494,0.7080268279280183,0.8000732660293579,746,50,100,50
top25_dial51,4,0.7945871987845434,0.6065875315764895,0.834000289440155,699,50,100,50
top25_dial51,5,0.7552800434229462,0.5296949597114553,0.7780399918556213,667,50,100,50
top25_dial51,6,0.7933132017789656,0.6290731186889376,0.803948163986206,651,50,100,50
hobby_level3_dial35,1,0.7848605630888333,0.5419467722487624,0.779940128326416,629,50,100,50
hobby_level3_dial35,2,0.8092779522577535,0.6013395001951448,0.7671734690666199,674,50,100,50
hobby_level3_dial35,3,0.812606463616783,0.6435899430021002,0.8244395852088928,674,50,100,50
hobby_level3_dial35,4,0.7741156616384302,0.521805403650158,0.7318435311317444,634,50,100,50
hobby_level3_dial35,5,0.8040565683582506,0.494898896494176,0.7354614734649658,599,50,100,50
hobby_level3_dial35,6,0.7782928002509039,0.6118512905812803,0.7829244136810303,632,50,100,50
hobby_level3_dial35,7,0.7914613081117094,0.5828101080533419,0.703775942325592,659,50,100,50
food_level1_dial11,1,0.8347785761470807,0.5969669068679707,0.6884768605232239,701,50,100,50
food_level1_dial11,2,0.7952589379263272,0.6182002179680404,0.7813461422920227,689,50,100,50
food_level1_dial11,3,0.7569989004897528,0.4720595415875891,0.768117368221283,659,50,100,50
food_level1_dial11,4,0.7300245674290555,0.49847639593239707,0.6992349028587341,572,50,100,50
food_level1_dial11,5,0.7540763693529289,0.521710734965408,0.7860829830169678,638,50,100,50
food_level1_dial11,6,0.7955585060594389,0.5290935652736646,0.6523715257644653,634,50,100,50
hobby_level2_dial21,1,0.8251380203816447,0.635014681030705,0.7435254454612732,686,50,100,50
hobby_level2_dial21,2,0.820750334552975,0.6350736781392095,0.6976499557495117,728,50,100,50
hobby_level2_dial21,3,0.8055326571649896,0.6007958618071588,0.8326643109321594,652,50,100,50
hobby_level2_dial21,4,0.7655467806386365,0.5746806240686132,0.8405472636222839,716,50,100,50
food_level2_dial4,1,0.778344758973068,0.5764018284680456,0.7769497632980347,651,50,100,50
food_level2_dial4,2,0.8339676641971066,0.7379264466549097,0.7797216773033142,804,50,100,50
food_level2_dial4,3,0.8027657402528011,0.5851908513616695,0.7325406670570374,663,50,100,50
food_level2_dial4,4,0.7329247072354588,0.5550569814576465,0.7678794860839844,665,50,100,50
food_level2_dial4,5,0.8196414245301207,0.6266430720895892,0.6854228973388672,691,50,100,50
food_level2_dial4,6,0.7772106952170637,0.5923898914900747,0.7893978953361511,663,50,100,50
hobby_level3_dial1,1,0.7738671289311979,0.5728373621497143,0.6921579837799072,642,50,100,50
hobby_level3_dial1,2,0.795405892879294,0.5650530271983731,0.7556852698326111,692,50,100,50
hobby_level3_dial1,3,0.7743904340640134,0.5912334316440845,0.748880922794342,687,50,100,50
hobby_level3_dial1,4,0.7629915720112076,0.4812925865097015,0.7566366195678711,633,50,100,50
hobby_level3_dial1,5,0.8177864941506299,0.6146574378639016,0.7179290652275085,694,50,100,50
hobby_level3_dial1,6,0.8361779611975103,0.7118715331631736,0.7174277901649475,749,50,100,50
hobby_level1_dial18,1,0.8847413848167461,0.6397392718622379,0.7963992953300476,715,50,100,50
hobby_level1_dial18,2,0.7761550745197507,0.5752939669414213,0.7829731106758118,713,50,100,50
hobby_level1_dial18,3,0.7987021678911694,0.5739677053310676,0.7045318484306335,642,50,100,50
hobby_level1_dial18,4,0.7631226409926076,0.5156860017141517,0.7163650989532471,643,50,100,50
hobby_level1_dial18,5,0.8109569868488953,0.6391304393197226,0.6862426996231079,707,50,100,50
hobby_level1_dial18,6,0.9242232660652214,0.8036904510684327,0.6950846314430237,768,50,100,50
food_level1_dial12,1,0.8158985321218747,0.579925373217725,0.6559165716171265,691,50,100,50
food_level1_dial12,2,0.7934628598716016,0.5676436509940082,0.737004816532135,680,50,100,50
food_level1_dial12,3,0.8011949964127036,0.6121289988165485,0.7499581575393677,681,50,100,50
food_level1_dial12,4,0.7697442134954392,0.628725844513156,0.7724616527557373,696,50,100,50
food_level1_dial12,5,0.7555917047819415,0.593978097703729,0.7489956021308899,651,50,100,50
food_level1_dial12,6,0.7848933229066205,0.5883796819199696,0.7601125836372375,675,50,100,50
top25_dial52,1,0.8010790258308839,0.6716557260782108,0.7860701084136963,691,50,100,50
top25_dial52,2,0.7622641058554066,0.5964869340829382,0.7999961972236633,717,50,100,50
hobby_level3_dial36,1,0.7805876266835567,0.6211842053451518,0.7637026906013489,681,50,100,50
hobby_level3_dial36,2,0.7741924126745736,0.6155058754170918,0.7096167802810669,725,50,100,50
hobby_level3_dial36,3,0.8141461809035136,0.640399716009063,0.734102189540863,713,50,100,50
food_level3_dial3,1,0.7742319088303191,0.4938334965240021,0.7861259579658508,647,50,100,50
food_level3_dial3,2,0.8309650124959781,0.6301548214396447,0.7519253492355347,683,50,100,50
food_level3_dial3,3,0.7933799798403421,0.5864415932524841,0.7701998949050903,682,50,100,50
food_level3_dial3,4,0.7954521008588855,0.6047638095381764,0.8186229467391968,729,50,100,50
food_level3_dial3,5,0.7856058379146964,0.5816827173366235,0.8033724427223206,620,50,100,50
food_level3_dial3,6,0.7943745761376628,0.5868787405866565,0.7671911120414734,680,50,100,50
hobby_level2_dial22,1,0.7952798025401303,0.6330645579849387,0.6512924432754517,666,50,100,50
hobby_level2_dial22,2,0.8281223653778841,0.6861031223057246,0.6282875537872314,709,50,100,50
hobby_level2_dial22,3,0.7867537052581791,0.6628022273937185,0.8025855422019958,730,50,100,50
hobby_level2_dial22,4,0.7897616192700773,0.6682405971360501,0.8047702312469482,729,50,100,50
hobby_level2_dial22,5,0.7770524081367121,0.5715717046496908,0.7663456201553345,695,50,100,50
hobby_level2_dial22,6,0.7788655351224598,0.6231877545399689,0.8205161094665527,650,50,100,50
food_level2_dial5,1,0.8359931805400815,0.6339850062530189,0.7409489750862122,716,50,100,50
food_level2_dial5,2,0.8137422085852755,0.6380619463364723,0.7599399089813232,693,50,100,50
food_level2_dial5,3,0.7857796057411234,0.5954785525424426,0.7643537521362305,666,50,100,50
food_level1_dial13,1,0.7951798381258017,0.6153508783279736,0.775087296962738,719,50,100,50
food_level1_dial13,2,0.7913880541933193,0.6133447212334988,0.7417932748794556,661,50,100,50
food_level1_dial13,3,0.8131659201770249,0.6123897547907975,0.7102587819099426,618,50,100,50
hobby_level3_dial37,1,0.8139802524649774,0.6008326378367438,0.6752092838287354,708,50,100,50
hobby_level3_dial37,2,0.8554018313685263,0.6859518009023169,0.7252065539360046,729,50,100,50
hobby_level3_dial37,3,0.7758193855147287,0.4943857087906558,0.7953625917434692,662,50,100,50
hobby_level3_dial37,4,0.9392414952694889,0.7703406136560502,0.8594256043434143,822,50,100,50
hobby_level3_dial37,5,0.7616943409203035,0.6036928036094167,0.7820203304290771,661,50,100,50
hobby_level3_dial37,6,0.778635234364351,0.4942326107719387,0.7739112377166748,605,50,100,50
hobby_level3_dial10,1,0.776810244767544,0.5732271731205344,0.7237730026245117,681,50,100,50
hobby_level3_dial10,2,0.7966265065910495,0.624246554620401,0.7626039981842041,722,50,100,50
hobby_level3_dial10,3,0.8503682420362977,0.6814243944847337,0.7707303166389465,751,50,100,50
hobby_level3_dial10,4,0.8385854240052538,0.6421493227666404,0.8206390738487244,688,50,100,50
food_level2_dial13,1,0.7677300916200112,0.6325586635222634,0.8075300455093384,691,50,100,50
food_level2_dial13,2,0.7754271346376568,0.570288333128361,0.7484431266784668,687,50,100,50
food_level2_dial13,3,0.7731124738799464,0.471591142343307,0.7527946829795837,634,50,100,50
food_level2_dial13,4,0.7815788320752669,0.6244082891537888,0.736858069896698,677,50,100,50
food_level2_dial13,5,0.8224575462704982,0.5846050168736749,0.7119000554084778,659,50,100,50
food_level2_dial13,6,0.790603278736532,0.5817979059285472,0.7332257628440857,695,50,100,50
food_level3_dial30,1,0.7943593318719562,0.6160321950664873,0.7827426791191101,713,50,100,50
food_level3_dial30,2,0.7930587645611954,0.6639581654670503,0.7911891937255859,722,50,100,50
food_level3_dial30,3,0.8244248903464273,0.6315899518169139,0.7847222685813904,710,50,100,50
food_level3_dial30,4,0.8373789500012236,0.6618396252204104,0.777454674243927,767,50,100,50
food_level3_dial30,5,0.7771046140302035,0.5676286343650583,0.8025259375572205,643,50,100,50
food_level3_dial30,6,0.7627346373710805,0.48951740329852256,0.7675765156745911,621,50,100,50
food_level3_dial30,7,0.806398896996952,0.6361320348610594,0.7323148250579834,771,50,100,50
food_level1_dial14,1,0.7939404727798888,0.6447164756767961,0.7821136116981506,677,50,100,50
food_level1_dial14,2,0.7961349945385653,0.632099931902832,0.7662433981895447,685,50,100,50
food_level1_dial14,3,0.7527235541930172,0.5939320051012715,0.8058056235313416,677,50,100,50
food_level1_dial14,4,0.805277261598,0.5705332558747963,0.7382708787918091,690,50,100,50
food_level1_dial14,5,0.8062793963289896,0.6220897275753664,0.7748833894729614,700,50,100,50
food_level1_dial14,6,0.8274495778737445,0.6549743915931754,0.7800388336181641,678,50,100,50
hobby_level1_dial19,1,0.8826003695851729,0.6959884460028338,0.6921609044075012,769,50,100,50
hobby_level1_dial19,2,0.7399657904089894,0.5758987531164689,0.7600550055503845,648,50,100,50
hobby_level1_dial19,3,0.77376531255408,0.5673798450755693,0.7495917081832886,671,50,100,50
hobby_level1_dial19,4,0.7598138977515467,0.5898890947458948,0.7693371772766113,649,50,100,50
hobby_level1_dial19,5,0.7681267210849912,0.5536380954624744,0.8043928146362305,652,50,100,50
hobby_level1_dial19,6,0.8371368726385423,0.7001479367066592,0.7555511593818665,789,50,100,50
top25_dial53,1,0.8689796626676893,0.7469693503483963,0.7602622509002686,835,50,100,50
top25_dial53,2,0.8198024053978478,0.6746133265851592,0.7639662623405457,643,50,100,50
top25_dial53,3,0.8233027461626644,0.7037441951516695,0.7705409526824951,796,50,100,50
top25_dial53,4,0.7599790338641177,0.5950385078478032,0.7303646802902222,676,50,100,50
top25_dial53,5,0.7783154902951798,0.6342728900956333,0.7889355421066284,716,50,100,50
top25_dial53,6,0.7827725810670245,0.6258933192581526,0.7856423258781433,684,50,100,50
food_level3_dial31,1,0.8324872452446117,0.6734650196691051,0.6546298265457153,675,50,100,50
food_level3_dial31,2,0.7866594134021391,0.5865845228804233,0.758014976978302,696,50,100,50
food_level3_dial31,3,0.7515539862880738,0.5717106639973563,0.6920848488807678,658,50,100,50
food_level3_dial31,4,0.7874190971354916,0.6297115480491109,0.7953081130981445,691,50,100,50
food_level3_dial31,5,0.7979734198576028,0.6147686883674348,0.7158666253089905,724,50,100,50
food_level3_dial31,6,0.7718303288883379,0.5530686528894716,0.7349835634231567,665,50,100,50
hobby_level1_dial2,1,0.7894940386480847,0.5943515754094854,0.7823083996772766,678,50,100,50
hobby_level1_dial2,2,0.8029946486453597,0.5834035883296486,0.734036386013031,697,50,100,50
hobby_level1_dial2,3,0.7709713649941363,0.5299376353374504,0.7929465174674988,637,50,100,50
hobby_level1_dial2,4,0.7750557801442893,0.5666355324002346,0.7472260594367981,663,50,100,50
hobby_level1_dial2,5,0.7820121330360378,0.5762920022205131,0.7373907566070557,654,50,100,50
hobby_level1_dial2,6,0.8246005625801253,0.6406707913336794,0.6758387684822083,739,50,100,50
food_level2_dial14,1,0.788023992727821,0.606227973417515,0.7233630418777466,699,50,100,50
food_level2_dial14,2,0.7885670465639727,0.6135322191912272,0.7123135328292847,692,50,100,50
food_level2_dial14,3,0.848103803146565,0.6455595396205581,0.702994704246521,678,50,100,50
food_level2_dial14,4,0.8686899626656566,0.6532753124703221,0.6921414136886597,733,50,100,50
food_level2_dial14,5,0.8646229488836837,0.6457990698043657,0.6751475930213928,696,50,100,50
food_level2_dial14,6,0.8317248907313034,0.6506956866112295,0.721341073513031,756,50,100,50
hobby_level3_dial38,1,0.7694373102211444,0.5821721078965267,0.7999253869056702,707,50,100,50
hobby_level3_dial38,2,0.8445429609638233,0.65491310432946,0.7276358604431152,717,50,100,50
hobby_level3_dial38,3,0.788949511835023,0.611814173902914,0.7279358506202698,639,50,100,50
hobby_level3_dial38,4,0.7361128495392089,0.5514180945567572,0.78980952501297,635,50,100,50
hobby_level3_dial38,5,0.7723389320643207,0.6216222209625457,0.791483461856842,692,50,100,50
hobby_level3_dial38,6,0.7864777440236901,0.6173454518156312,0.763652503490448,709,50,100,50
hobby_level2_dial23,1,0.8111860315799979,0.6622365154634846,0.804225504398346,754,50,100,50
hobby_level2_dial23,2,0.8246888351027039,0.6826912169536565,0.6942941546440125,758,50,100,50
hobby_level2_dial23,3,0.7850157127207364,0.6425306480687617,0.7680573463439941,731,50,100,50
hobby_level2_dial23,4,0.8497452273193283,0.6601651558518239,0.7451635003089905,671,50,100,50
hobby_level2_dial23,5,0.780377028059321,0.6507012032579201,0.7942111492156982,735,50,100,50
hobby_level2_dial23,6,0.7441282203936127,0.5942201119966848,0.7863794565200806,707,50,100,50
hobby_level3_dial11,1,0.8083240031928615,0.6432776716875016,0.7438362836837769,677,50,100,50
hobby_level3_dial11,2,0.8034944919156359,0.6447287692424278,0.8053186535835266,720,50,100,50
hobby_level3_dial11,3,0.7772888992656806,0.5554543397050379,0.7320497035980225,654,50,100,50
hobby_level3_dial11,4,0.7991789561067567,0.6073837011518158,0.7458063364028931,683,50,100,50
hobby_level3_dial11,5,0.7588856076428857,0.5493736705891269,0.7267119884490967,639,50,100,50
hobby_level3_dial11,6,0.8128454123034112,0.6133658772630883,0.7744555473327637,693,50,100,50
hobby_level3_dial11,7,0.7563733261848796,0.5432804558444598,0.7443545460700989,640,50,100,50
food_level1_dial15,1,0.7749385713750272,0.5367080276331336,0.8351523876190186,659,50,100,50
food_level1_dial15,2,0.7875945904682918,0.598100183384084,0.8338606357574463,675,50,100,50
food_level1_dial15,3,0.798641314043125,0.6689211967166182,0.8030667901039124,741,50,100,50
food_level1_dial15,4,0.8084321049952058,0.6679309864304267,0.7663248181343079,712,50,100,50
food_level1_dial15,5,0.8202272615992094,0.6044536021881732,0.7614087462425232,610,50,100,50
food_level1_dial15,6,0.8639412688793476,0.6839047986023203,0.7103880047798157,773,50,100,50
food_level3_dial32,1,0.7786466556037742,0.5240698954241159,0.7425050735473633,635,50,100,50
food_level3_dial32,2,0.8076318364565518,0.6218517649647807,0.7977021932601929,633,50,100,50
food_level3_dial32,3,0.7616641908225241,0.5529250955640344,0.7608325481414795,657,50,100,50
food_level3_dial32,4,0.7889470675248004,0.5880757710597462,0.7725591659545898,631,50,100,50
food_level3_dial32,5,0.7514403891575663,0.5347418235329412,0.7638618350028992,655,50,100,50
food_level3_dial32,6,0.8175682626518689,0.6141929579887697,0.763832688331604,686,50,100,50
top25_dial25,1,0.8030838814635999,0.5664317836881858,0.8293004631996155,682,50,100,50
top25_dial25,2,0.7600011995903558,0.559772938773748,0.7963258624076843,674,50,100,50
top25_dial25,3,0.7951254749110567,0.6197298658350244,0.8076220154762268,677,50,100,50
top25_dial25,4,0.7839831170374832,0.5796924235915152,0.7943520545959473,652,50,100,50
top25_dial25,5,0.785051047850864,0.5204948811958847,0.781501829624176,700,50,100,50
top25_dial25,6,0.7825291606492182,0.585563524476823,0.808133065700531,652,50,100,50
hobby_level3_dial4,1,0.7613721927803364,0.5110822467552951,0.7734948992729187,641,50,100,50
hobby_level3_dial4,2,0.8799398743951992,0.6927736579772679,0.6954759955406189,754,50,100,50
hobby_level3_dial4,3,0.7718873834752409,0.5480127987497149,0.779346227645874,711,50,100,50
hobby_level1_dial20,1,0.7744367954381367,0.560724110444067,0.7568061351776123,634,50,100,50
hobby_level1_dial20,2,0.7888891516263308,0.5678321250751427,0.7660340666770935,672,50,100,50
hobby_level1_dial20,3,0.8080837010372097,0.6051970844512699,0.7713949084281921,684,50,100,50
hobby_level1_dial20,4,0.8157912595197296,0.6260752792708453,0.7117931246757507,643,50,100,50
hobby_level1_dial20,5,0.8303522386109755,0.6022640418233194,0.7295623421669006,740,50,100,50
hobby_level1_dial20,6,0.8111722773008538,0.5818741399330505,0.6892310976982117,640,50,100,50
food_level2_dial15,1,0.7771427933416287,0.5986614658206959,0.7723037600517273,672,50,100,50
food_level2_dial15,2,0.7639961878930799,0.4790362739094151,0.7833536863327026,661,50,100,50
food_level2_dial15,3,0.7955894670003044,0.6025991803217235,0.7434905171394348,673,50,100,50
food_level2_dial15,4,0.7817121682835073,0.5700377517359224,0.7218332290649414,705,50,100,50
food_level2_dial15,5,0.7848796631914772,0.5647024089330213,0.7593238949775696,667,50,100,50
food_level2_dial15,6,0.7961414608592279,0.5974295745929183,0.746608555316925,652,50,100,50
food_level3_dial33,1,0.7885085471316202,0.6237171921537158,0.7763394117355347,734,50,100,50
food_level3_dial33,2,0.7715054529544261,0.4963394717247758,0.8178645968437195,696,50,100,50
food_level3_dial33,3,0.7642686602309489,0.5290583439438657,0.790998101234436,664,50,100,50
food_level3_dial33,4,0.7942339785673092,0.5958128974785923,0.7955664396286011,698,50,100,50
hobby_level3_dial13,1,0.7913304895407071,0.6231348700644593,0.7915757298469543,733,50,100,50
hobby_level3_dial13,2,0.744428300666166,0.5107289659225498,0.8006356358528137,650,50,100,50
hobby_level3_dial13,3,0.7878531173508777,0.5152195225624778,0.7435538172721863,637,50,100,50
hobby_level3_dial13,4,0.7968102801380093,0.5768742112136965,0.7376049160957336,656,50,100,50
hobby_level3_dial13,5,0.7592401124483957,0.5471012331613783,0.7774285078048706,677,50,100,50
hobby_level3_dial13,6,0.7899426994386322,0.6263365249310482,0.7807846665382385,695,50,100,50
food_level1_dial16,1,0.8159517729532353,0.6528957469496405,0.7167614102363586,691,50,100,50
food_level1_dial16,2,0.7875883076786349,0.5330772695908645,0.7549176216125488,677,50,100,50
food_level1_dial16,3,0.7669774771797438,0.5631177616894536,0.7535945177078247,667,50,100,50
food_level1_dial16,4,0.7755215046691317,0.5323598444696757,0.783906102180481,682,50,100,50
food_level1_dial16,5,0.7943493843604539,0.5728076448852403,0.7748122215270996,633,50,100,50
food_level1_dial16,6,0.7737522043570594,0.5940686495868424,0.7667619585990906,642,50,100,50
food_level2_dial16,1,0.8075892649742906,0.6200864790681193,0.7234054207801819,650,50,100,50
food_level2_dial16,2,0.7957187795828876,0.5567629892605466,0.7662616968154907,670,50,100,50
food_level2_dial16,3,0.8608019942701763,0.6575859909015924,0.7747220396995544,693,50,100,50
food_level2_dial16,4,0.7915191033045356,0.5705545564224677,0.7704982757568359,701,50,100,50
food_level2_dial16,5,0.7886152911170283,0.6233105440151318,0.7784672379493713,692,50,100,50
food_level2_dial16,6,0.8857103044233423,0.6703748443322712,0.7266194820404053,782,50,100,50
hobby_level3_dial5,1,0.7779992672422725,0.5869163542367691,0.6931138634681702,637,50,100,50
hobby_level3_dial5,2,0.8046189103513108,0.579226643702978,0.651286244392395,633,50,100,50
hobby_level3_dial5,3,0.820704703662834,0.609849023169348,0.6427357792854309,671,50,100,50
hobby_level3_dial5,4,0.7273356763309071,0.5401637112589553,0.7475587129592896,634,50,100,50
hobby_level3_dial5,5,0.7555226905992483,0.5572628089867167,0.6467105150222778,602,50,100,50
hobby_level3_dial5,6,0.8332303810115654,0.6459633601565896,0.6419695615768433,716,50,100,50
food_level3_dial34,1,0.8286961751056896,0.5862989268787493,0.7027039527893066,645,50,100,50
food_level3_dial34,2,0.8127950236750818,0.62609108657177,0.7193456888198853,689,50,100,50
food_level3_dial34,3,0.8461718640863409,0.6178621366535285,0.6601528525352478,638,50,100,50
food_level3_dial34,4,0.787531409287658,0.5986000614355527,0.7674137949943542,698,50,100,50
food_level3_dial34,5,0.781617600985574,0.6293699232277701,0.7724311351776123,684,50,100,50
food_level3_dial34,6,0.7928661198031375,0.601774159930194,0.773223876953125,671,50,100,50
food_level1_dial17,1,0.810453409636599,0.6071382632113083,0.6623321771621704,668,50,100,50
food_level1_dial17,2,0.8180019874856916,0.5583574339379721,0.7911837697029114,690,50,100,50
food_level1_dial17,3,0.7571141147999598,0.5883205083589365,0.7580456733703613,669,50,100,50
food_level1_dial17,4,0.7375260606834455,0.5088340868373373,0.7586730718612671,650,50,100,50
food_level1_dial17,5,0.7923119523379505,0.5946868419716504,0.7509758472442627,653,50,100,50
food_level1_dial17,6,0.7716052895759306,0.5936951792596534,0.7286745309829712,663,50,100,50
food_level2_dial17,1,0.8614102651228595,0.7508100786291122,0.8433547019958496,744,50,100,50
food_level2_dial17,2,0.8773419083715065,0.6833157017748482,0.7209064960479736,688,50,100,50
food_level2_dial17,3,0.7955757571939249,0.642418905524382,0.8018578886985779,683,50,100,50
food_level2_dial17,4,0.8263043584296189,0.6597189677148527,0.783072292804718,687,50,100,50
food_level2_dial17,5,0.7598250573246595,0.47794442033139994,0.7643991112709045,660,50,100,50
food_level2_dial17,6,0.7913455374349329,0.5375496097104567,0.7824156284332275,651,50,100,50
top25_dial54,1,0.7919993350715383,0.6663083170778279,0.7977575063705444,788,50,100,50
top25_dial54,2,0.7982881005632229,0.5953469502610076,0.8155019879341125,714,50,100,50
top25_dial54,3,0.7942413149386474,0.5863672556459182,0.7753212451934814,693,50,100,50
top25_dial26,1,0.7453544275864817,0.6305369516499154,0.763109564781189,659,50,100,50
top25_dial26,2,0.8005570225589277,0.5881621728926091,0.7503276467323303,675,50,100,50
top25_dial26,3,0.8704585895806797,0.6920806740220822,0.7519292831420898,801,50,100,50
top25_dial26,4,0.7634700746021263,0.6031155732298401,0.8167775273323059,670,50,100,50
top25_dial26,5,0.8365414555930972,0.6616045168970214,0.6796069145202637,748,50,100,50
top25_dial26,6,0.7058548013587442,0.505925648413861,0.7195544838905334,637,50,100,50
food_level1_dial18,1,0.7914652423727883,0.6385025558890672,0.73210209608078,685,50,100,50
food_level1_dial18,2,0.7975104501194058,0.6196228895478835,0.736906111240387,707,50,100,50
food_level1_dial18,3,0.801566650454678,0.6331762317221967,0.7604167461395264,688,50,100,50
food_level1_dial18,4,0.7605286190840058,0.5689404120996161,0.7588841915130615,652,50,100,50
food_level1_dial18,5,0.839711617435561,0.6848670915813864,0.7995939254760742,720,50,100,50
food_level1_dial18,6,0.8180517964758697,0.6372918466469203,0.6804594993591309,736,50,100,50
hobby_level3_dial15,1,0.8737180891461569,0.6644431052307214,0.6620485186576843,756,50,100,50
hobby_level3_dial15,2,0.815705017738827,0.6282495566627179,0.765830397605896,630,50,100,50
hobby_level3_dial15,3,0.7736483766507908,0.5256263016598314,0.746177077293396,696,50,100,50
hobby_level3_dial15,4,0.8033141237969923,0.6181667155794331,0.7315651774406433,682,50,100,50
hobby_level3_dial15,5,0.9062261146108465,0.7220510739587164,0.6412079930305481,835,50,100,50
hobby_level3_dial15,6,0.8139153610861155,0.6170898216046696,0.7952919602394104,654,50,100,50
food_level2_dial6,1,0.7560673417601137,0.5553668997922218,0.7903384566307068,676,50,100,50
food_level2_dial6,2,0.7824725578677529,0.6220730334218597,0.7998484969139099,699,50,100,50
food_level2_dial6,3,0.7758902091800653,0.5720346792662248,0.8090373873710632,714,50,100,50
food_level2_dial6,4,0.8028713643799407,0.6359975133101196,0.8299969434738159,719,50,100,50
food_level2_dial6,5,0.7681175703042535,0.5820965396527124,0.7824317216873169,663,50,100,50
food_level2_dial6,6,0.8407197021369618,0.58822554288134,0.6926059126853943,745,50,100,50
hobby_level1_dial21,1,0.8124757371736463,0.5952138985918441,0.7729765176773071,639,50,100,50
hobby_level1_dial21,2,0.8157492921333116,0.6603721474218552,0.7739466428756714,704,50,100,50
hobby_level1_dial21,3,0.818378152458697,0.6147767905713927,0.7909454703330994,656,50,100,50
hobby_level1_dial21,4,0.7742202217596131,0.5906495816111558,0.766611635684967,683,50,100,50
hobby_level1_dial21,5,0.7498497061553172,0.6009631104990226,0.8114461302757263,668,50,100,50
hobby_level1_dial21,6,0.7774518505824861,0.5763319284719535,0.7928242683410645,699,50,100,50
food_level3_dial35,1,0.7404892985865013,0.5259723746832741,0.8014272451400757,668,50,100,50
food_level3_dial35,2,0.8125489317690655,0.5977623876940497,0.7309626340866089,697,50,100,50
food_level3_dial35,3,0.7827817978069892,0.5850065309080531,0.7559888958930969,692,50,100,50
food_level3_dial35,4,0.7877118258310825,0.6242420620697416,0.7423303723335266,647,50,100,50
food_level3_dial35,5,0.7720315326748235,0.5776400218378521,0.7702562212944031,647,50,100,50
food_level3_dial35,6,0.7758182401324354,0.6175450982919858,0.7114391326904297,679,50,100,50
hobby_level3_dial16,1,0.7735897041926962,0.5690499404558744,0.6643977165222168,607,50,100,50
hobby_level3_dial16,2,0.7733923284101613,0.5385240879029112,0.6671860218048096,641,50,100,50
hobby_level3_dial16,3,0.7860018390671233,0.6146341784271226,0.6867356896400452,694,50,100,50
hobby_level3_dial16,4,0.7942949223995442,0.6142683530744215,0.7746900916099548,719,50,100,50
hobby_level3_dial16,5,0.8123929723888059,0.6113293513501856,0.8033657073974609,666,50,100,50
hobby_level3_dial16,6,0.8198762209974799,0.6427941587632096,0.7349186539649963,685,50,100,50
hobby_level3_dial6,1,0.7949934933798312,0.6435866813051362,0.7818092107772827,714,50,100,50
hobby_level3_dial6,2,0.7741368237048936,0.5107223509655151,0.8022004961967468,698,50,100,50
hobby_level3_dial6,3,0.7834361493848787,0.6442565165448291,0.8340007066726685,734,50,100,50
hobby_level3_dial6,4,0.7951854453186377,0.5708950121145085,0.7789140939712524,686,50,100,50
hobby_level3_dial6,5,0.811678425260837,0.6128829932944195,0.7606324553489685,705,50,100,50
hobby_level3_dial6,6,0.7948999156096553,0.6075810350381606,0.7227715849876404,674,50,100,50
food_level2_dial7,1,0.8890517778739354,0.6838777696437591,0.7383549213409424,754,50,100,50
food_level2_dial7,2,0.8468928594575987,0.695816551952972,0.7864160537719727,755,50,100,50
food_level2_dial7,3,0.8140527779999144,0.6397233713491783,0.838036298751831,760,50,100,50
food_level2_dial7,4,0.7682687946797653,0.5446487823736028,0.8220592737197876,686,50,100,50
food_level2_dial7,5,0.7404927209284452,0.5570775510821406,0.7503350973129272,635,50,100,50
food_level2_dial7,6,0.7866676710936541,0.5995773383651003,0.7457668781280518,668,50,100,50
hobby_level1_dial22,1,0.7867560943307157,0.6191702308402628,0.7357122302055359,690,50,100,50
hobby_level1_dial22,2,0.7811032188454915,0.6318087290595727,0.706243097782135,706,50,100,50
hobby_level1_dial22,3,0.7802959088340458,0.5974198814329061,0.751427173614502,667,50,100,50
hobby_level1_dial22,4,0.7973299754596206,0.6424621128486145,0.7472031116485596,710,50,100,50
hobby_level1_dial22,5,0.8181021309844158,0.6283245521214714,0.7356721758842468,686,50,100,50
hobby_level1_dial22,6,0.749167342855701,0.519603379030602,0.786994457244873,690,50,100,50
food_level1_dial19,1,0.7914690259204376,0.6081185882534911,0.7269887924194336,741,50,100,50
food_level1_dial19,2,0.7752095820813573,0.5697116486195618,0.7478991150856018,676,50,100,50
food_level1_dial19,3,0.7776980851591452,0.5767035695994648,0.7341498136520386,662,50,100,50
food_level1_dial19,4,0.7652673608562072,0.5038995956295088,0.7392594814300537,646,50,100,50
top25_dial55,1,0.8054173810141019,0.654906065889724,0.7290529012680054,678,50,100,50
top25_dial55,2,0.7949927199034648,0.5409858289853545,0.6252312064170837,632,50,100,50
top25_dial55,3,0.7717297292298556,0.5339706385532478,0.7919650673866272,638,50,100,50
top25_dial55,4,0.7684607129188085,0.6280423211136387,0.786571741104126,665,50,100,50
top25_dial55,5,0.7689913110553678,0.5991675340563861,0.8362270593643188,691,50,100,50
top25_dial55,6,0.7745748561580296,0.5868742044715908,0.7945905327796936,661,50,100,50
food_level3_dial36,1,0.7624309800293121,0.5615692903795513,0.7526146173477173,669,50,100,50
food_level3_dial36,2,0.7592989393964477,0.5744465139049546,0.7954772114753723,724,50,100,50
food_level3_dial36,3,0.7659995995478216,0.5631044048593066,0.7870259881019592,653,50,100,50
food_level3_dial36,4,0.7902836591484997,0.5535182150677809,0.759574294090271,643,50,100,50
food_level3_dial36,5,0.7650501840883329,0.5574177676857268,0.7552631497383118,658,50,100,50
food_level3_dial36,6,0.8439246793953481,0.6311196042414893,0.7372544407844543,719,50,100,50
hobby_level3_dial17,1,0.7684628652761145,0.6166189403290355,0.7869740724563599,692,50,100,50
hobby_level3_dial17,2,0.7992296469026968,0.610754277100706,0.7851857542991638,669,50,100,50
hobby_level3_dial17,3,0.901782899271831,0.7432096322968513,0.7272345423698425,820,50,100,50
hobby_level3_dial17,4,0.794447049805154,0.6476315679911889,0.7901669144630432,690,50,100,50
hobby_level3_dial17,5,0.8390224020008615,0.658352083462519,0.7367627024650574,693,50,100,50
hobby_level3_dial17,6,0.7770317689469276,0.5618553888305892,0.6752339601516724,671,50,100,50
hobby_level1_dial23,1,0.7835371032052063,0.5798005935699044,0.770250678062439,669,50,100,50
hobby_level1_dial23,2,0.8353099693916853,0.6067173963750332,0.7864540219306946,696,50,100,50
hobby_level1_dial23,3,0.8489212063949131,0.6370102514374963,0.7637184262275696,702,50,100,50
hobby_level1_dial23,4,0.8651606213474566,0.629891849305229,0.776300311088562,697,50,100,50
hobby_level1_dial23,5,0.8053287892726836,0.6407257441742304,0.8092108368873596,672,50,100,50
hobby_level1_dial23,6,0.8205270654563173,0.6441269989618066,0.7316386103630066,695,50,100,50
hobby_level3_dial7,1,0.7879585016186101,0.5965191188805673,0.7748298645019531,668,50,100,50
hobby_level3_dial7,2,0.8007209287197337,0.6669895767401919,0.7894746661186218,723,50,100,50
hobby_level3_dial7,3,0.7962404027341424,0.6168049301873669,0.8017166256904602,674,50,100,50
hobby_level3_dial7,4,0.7890351409394999,0.6241603389018039,0.7951961159706116,691,50,100,50
hobby_level3_dial7,5,0.7906241451997559,0.5970432583168875,0.7935239672660828,665,50,100,50
hobby_level3_dial7,6,0.7789709682861973,0.5818451656650477,0.8037828803062439,701,50,100,50
food_level2_dial8,1,0.765437856954692,0.5549570583777483,0.7218879461288452,651,50,100,50
food_level2_dial8,2,0.7479623379509518,0.5709410921281404,0.8073426485061646,632,50,100,50
food_level2_dial8,3,0.7771158719292415,0.599970683468068,0.7600720524787903,671,50,100,50
food_level2_dial8,4,0.7819301986970459,0.5914812571647282,0.7628476619720459,679,50,100,50
food_level2_dial8,5,0.8081656522300504,0.6587810514811848,0.7391486167907715,681,50,100,50
food_level2_dial8,6,0.7955082934686704,0.5476473708404956,0.708666980266571,704,50,100,50
top25_dial27,1,0.873844598960333,0.6467468134568047,0.6741333603858948,742,50,100,50
top25_dial27,2,0.8466181999961797,0.6333734200866943,0.6741373538970947,695,50,100,50
top25_dial27,3,0.8835837687384376,0.7200873474945715,0.7574842572212219,845,50,100,50
top25_dial27,4,0.87130867433063,0.7216883216808415,0.7941558361053467,821,50,100,50
top25_dial27,5,0.8193256560139218,0.6681321279088381,0.8318367600440979,680,50,100,50
top25_dial27,6,0.8222143534501705,0.6401288116669871,0.7967984676361084,685,50,100,50
food_level2_dial9,1,0.7591629745243167,0.5305862069568985,0.7587738037109375,674,50,100,50
food_level2_dial9,2,0.7495556979822711,0.5437308520415884,0.7518703937530518,681,50,100,50
food_level2_dial9,3,0.7337147974417507,0.5818420326582264,0.7636561393737793,677,50,100,50
food_level2_dial9,4,0.7765537396197001,0.5626499080073829,0.7237733006477356,643,50,100,50
food_level2_dial9,5,0.735978599595393,0.6245132264737943,0.7760098576545715,682,50,100,50
food_level2_dial9,6,0.7756813829053354,0.6461471295213917,0.7681534290313721,675,50,100,50
hobby_level2_dial24,1,0.770251361064452,0.5866855535812984,0.7674080729484558,678,50,100,50
hobby_level2_dial24,2,0.7564932460264996,0.4805516839549314,0.7965795397758484,659,50,100,50
hobby_level2_dial24,3,0.7524799281915245,0.5029760817875727,0.7857443690299988,646,50,100,50
hobby_level2_dial24,4,0.7774491991524983,0.5412327880365432,0.7884207367897034,675,50,100,50
hobby_level2_dial24,5,0.7630114696628868,0.5363438246357977,0.7960990071296692,667,50,100,50
hobby_level2_dial24,6,0.8088630466339163,0.6250197010564168,0.7883439064025879,683,50,100,50
hobby_level2_dial24,7,0.7833881982854617,0.5365954002075957,0.7767411470413208,668,50,100,50
hobby_level1_dial3,1,0.7810763851763817,0.5668215955917044,0.811947762966156,700,50,100,50
hobby_level1_dial3,2,0.7814640664377276,0.5388870420536007,0.8175296187400818,634,50,100,50
hobby_level1_dial3,3,0.7734252538526841,0.5700787004292924,0.7572043538093567,657,50,100,50
hobby_level1_dial3,4,0.7971120511589583,0.609221632146826,0.7454016208648682,648,50,100,50
hobby_level1_dial3,5,0.8049621177902313,0.5792887442946651,0.7381094694137573,679,50,100,50
hobby_level1_dial3,6,0.7960665850731107,0.5964084610175411,0.785556435585022,684,50,100,50
food_level1_dial2,1,0.8101293749255123,0.6676206292972524,0.7936124801635742,743,50,100,50
food_level1_dial2,2,0.8259303387382411,0.60891280572476,0.7543341517448425,655,50,100,50
food_level1_dial2,3,0.7782090365872218,0.5745555675510216,0.776611328125,652,50,100,50
food_level1_dial2,4,0.7814661820864981,0.6179007941738501,0.799749493598938,666,50,100,50
food_level1_dial2,5,0.7663407686826378,0.5487974777976656,0.7743406891822815,681,50,100,50
food_level1_dial2,6,0.7807380740038988,0.5638986181030679,0.7131158113479614,688,50,100,50
food_level1_dial2,7,0.7742101789172176,0.5641805154869165,0.7340697646141052,676,50,100,50
food_level2_dial19,1,0.8648527265042493,0.6424822468822577,0.6473171710968018,744,50,100,50
food_level2_dial19,2,0.8966234648931226,0.6707249728483073,0.5991883277893066,619,50,100,50
food_level2_dial19,3,0.7971558839575925,0.6263674844465059,0.6811113357543945,668,50,100,50
food_level2_dial19,4,0.8012495220964735,0.5844668337702883,0.7281371355056763,692,50,100,50
food_level2_dial19,5,0.7126174654001861,0.49152283441942496,0.787756621837616,599,50,100,50
food_level2_dial19,6,0.7951836997122713,0.6047959780417042,0.8157392740249634,581,50,100,50
hobby_level2_dial25,1,0.7643692829973712,0.5906987463680688,0.7776170969009399,646,50,100,50
hobby_level2_dial25,2,0.750344313672895,0.5467379235888404,0.7701684236526489,672,50,100,50
hobby_level2_dial25,3,0.8081966473311669,0.6518208990475672,0.7464844584465027,672,50,100,50
hobby_level2_dial25,4,0.7945194515213083,0.4545685064256326,0.766658365726471,609,50,100,50
hobby_level2_dial25,5,0.773059481668729,0.6038219790990805,0.725925624370575,682,50,100,50
hobby_level2_dial25,6,0.8061979363251541,0.59460622800641,0.7395732402801514,660,50,100,50
hobby_level3_dial18,1,0.7821974914641621,0.6080880270331067,0.7567470669746399,742,50,100,50
hobby_level3_dial18,2,0.794531549415137,0.6184021086281907,0.7765955328941345,673,50,100,50
hobby_level3_dial18,3,0.7814947559104312,0.5372288647615524,0.7192279100418091,713,50,100,50
hobby_level3_dial18,4,0.8730189035476127,0.671323770515932,0.6351321339607239,717,50,100,50
hobby_level3_dial18,5,0.791121113338948,0.5444921463844341,0.7803682088851929,684,50,100,50
hobby_level3_dial18,6,0.7741511616836263,0.5283902866278184,0.7559372782707214,741,50,100,50
food_level3_dial37,1,0.7963481633207597,0.6173244948143519,0.6816283464431763,687,50,100,50
food_level3_dial37,2,0.803497073452221,0.593527512812197,0.6792315244674683,656,50,100,50
food_level3_dial37,3,0.798269615844985,0.5985529558806827,0.7626286745071411,720,50,100,50
food_level3_dial37,4,0.7812722931331757,0.5630553283521883,0.7925226092338562,659,50,100,50
food_level3_dial37,5,0.8007531942639617,0.574306919139116,0.7790286540985107,655,50,100,50
food_level3_dial37,6,0.7323401159904759,0.46048792604185207,0.6936661005020142,578,50,100,50
hobby_level3_dial8,1,0.822603996918451,0.6548930078697676,0.8086583018302917,712,50,100,50
hobby_level3_dial8,2,0.8477557985183382,0.6662246102892578,0.7797570824623108,683,50,100,50
hobby_level3_dial8,3,0.827873510213388,0.6720823659883645,0.7768137454986572,725,50,100,50
hobby_level3_dial8,4,0.8093826759139489,0.578325182620264,0.7610313892364502,676,50,100,50
hobby_level3_dial8,5,0.80274485190779,0.635231444314324,0.7772113084793091,701,50,100,50
hobby_level3_dial8,6,0.8172878986731291,0.6608565504231598,0.7834652066230774,707,50,100,50
food_level3_dial38,1,0.8328786777112505,0.6300584723327273,0.7107581496238708,705,50,100,50
food_level3_dial38,2,0.7980818814014937,0.6567069411501898,0.7650546431541443,712,50,100,50
food_level3_dial38,3,0.8378114968939346,0.6859289308296104,0.7351133227348328,715,50,100,50
food_level3_dial38,4,0.8670399282136774,0.7135747989809191,0.7511689066886902,775,50,100,50
food_level3_dial38,5,0.8861832338737072,0.7386664105951806,0.6524117588996887,704,50,100,50
food_level3_dial38,6,0.795008392577193,0.6181647608767036,0.7774292230606079,695,50,100,50
top25_dial56,1,0.7929744154362307,0.6664192176449837,0.7658600807189941,735,50,100,50
top25_dial56,2,0.7712110219616748,0.5950871670674103,0.7616003155708313,686,50,100,50
top25_dial56,3,0.7932751778822562,0.5345819941215096,0.7324976325035095,674,50,100,50
top25_dial56,4,0.8051788545765839,0.5918583848013651,0.7124065160751343,671,50,100,50
top25_dial56,5,0.777448172408223,0.6496020861290508,0.7378463745117188,716,50,100,50
top25_dial56,6,0.8032441706758102,0.6190774671238869,0.6521178483963013,700,50,100,50
top25_dial28,1,0.8655476375299125,0.6884018006229309,0.6774712204933167,735,50,100,50
top25_dial28,2,0.774040500305787,0.6129946818031037,0.7682750821113586,712,50,100,50
top25_dial28,3,0.7611645572662414,0.5909731048752933,0.7819597125053406,657,50,100,50
top25_dial28,4,0.7706325322531546,0.6165308190766755,0.8048912882804871,684,50,100,50
top25_dial28,5,0.7840711484786118,0.6223592247439249,0.7842969298362732,685,50,100,50
top25_dial28,6,0.8622054386929429,0.7154846102991058,0.7310397624969482,781,50,100,50
top25_dial28,7,0.8086921274149625,0.6924473609126507,0.7837085723876953,783,50,100,50
hobby_level1_dial4,1,0.8021713716000007,0.5533086196280634,0.7562594413757324,681,50,100,50
hobby_level1_dial4,2,0.809568346261883,0.5517539287375712,0.7628819346427917,677,50,100,50
hobby_level1_dial4,3,0.8136968016866275,0.5540446764418621,0.7473321557044983,661,50,100,50
hobby_level1_dial4,4,0.8009293203096693,0.560249824830766,0.7559856176376343,663,50,100,50
hobby_level1_dial4,5,0.7568703348185042,0.5378894113940854,0.7861515879631042,646,50,100,50
hobby_level1_dial4,6,0.7821235127058395,0.5200388703728499,0.7732310891151428,666,50,100,50
hobby_level1_dial4,7,0.7749651492531302,0.549832926108641,0.7485257387161255,616,50,100,50
hobby_level3_dial9,1,0.7886473938278715,0.5551306906646524,0.6997752785682678,651,50,100,50
hobby_level3_dial9,2,0.8093748292825705,0.5583702357500621,0.7080758213996887,660,50,100,50
hobby_level3_dial9,3,0.8021082925479441,0.6369480367573995,0.7602052688598633,701,50,100,50
hobby_level3_dial19,1,0.7536599816511443,0.5967628916173355,0.766753613948822,661,50,100,50
hobby_level3_dial19,2,0.8137660125151577,0.6955570046767893,0.7511793375015259,731,50,100,50
hobby_level3_dial19,3,0.7741233248197346,0.5888466989165653,0.764042854309082,658,50,100,50
hobby_level3_dial19,4,0.805683839204559,0.6261053484401472,0.7554928064346313,681,50,100,50
hobby_level3_dial19,5,0.7754693149342683,0.5358480389822298,0.7839289307594299,669,50,100,50
hobby_level3_dial19,6,0.8289459138373552,0.6125425858636965,0.708076000213623,746,50,100,50
hobby_level3_dial19,7,0.7560548917934065,0.6084905940326305,0.7342813014984131,664,50,100,50
hobby_level2_dial26,1,0.7865823845318931,0.5923748652629923,0.6701446175575256,690,50,100,50
hobby_level2_dial26,2,0.7876752827868736,0.6377325453172044,0.7175920605659485,681,50,100,50
hobby_level2_dial26,3,0.8226855147368497,0.5965118799616954,0.6570868492126465,635,50,100,50
hobby_level2_dial26,4,0.8307472327722119,0.6760575777747243,0.7732239365577698,787,50,100,50
hobby_level2_dial26,5,0.7897879283963839,0.6386784117382363,0.8802199363708496,694,50,100,50
hobby_level2_dial26,6,0.8941997952320395,0.6551727898713935,0.6270984411239624,753,50,100,50
food_level2_dial2,1,0.8508212124644188,0.6192778566383533,0.7735525965690613,723,50,100,50
food_level2_dial2,2,0.7641725839516854,0.6153378490823298,0.7741947174072266,677,50,100,50
food_level2_dial2,3,0.7744293875322988,0.5453598877050804,0.7543148994445801,682,50,100,50
food_level2_dial2,4,0.801784634075858,0.57094495813918,0.7215301394462585,669,50,100,50
food_level2_dial2,5,0.7615701604521824,0.5609377328336611,0.7519848346710205,646,50,100,50
food_level2_dial2,6,0.7634970645547072,0.5779454519627927,0.7753211855888367,673,50,100,50
hobby_level2_dial27,1,0.7820365596787527,0.5623219744292001,0.7751452326774597,624,50,100,50
hobby_level2_dial27,2,0.7876746518910158,0.5814704126031018,0.7475029826164246,644,50,100,50
hobby_level2_dial27,3,0.7939063829832704,0.6266389820785269,0.7441005110740662,710,50,100,50
hobby_level2_dial27,4,0.8278083955738027,0.6294992012398916,0.6765655875205994,688,50,100,50
hobby_level2_dial27,5,0.8267676363953992,0.6241206043720887,0.7237056493759155,728,50,100,50
hobby_level2_dial27,6,0.773916941654051,0.5677907552441299,0.7440803647041321,668,50,100,50
food_level1_dial20,1,0.8102603311618145,0.6003781834509826,0.7569298148155212,688,50,100,50
food_level1_dial20,2,0.7799270663474299,0.5863235441679955,0.7730568647384644,661,50,100,50
food_level1_dial20,3,0.8313410251239497,0.6529419102516383,0.7962666153907776,706,50,100,50
food_level1_dial20,4,0.805552569921665,0.6165768723639189,0.7561266422271729,656,50,100,50
food_level1_dial20,5,0.7848927822100983,0.587128257868562,0.7602392435073853,638,50,100,50
food_level1_dial20,6,0.7732874181387096,0.5828192845304236,0.6749573945999146,672,50,100,50
hobby_level3_dial2,1,0.7854229345591687,0.5746566827347829,0.6982642412185669,676,50,100,50
hobby_level3_dial2,2,0.7869933868906245,0.6112029040091457,0.7785618305206299,756,50,100,50
hobby_level3_dial2,3,0.8479632642077566,0.6537498378585502,0.8083969950675964,650,50,100,50
hobby_level3_dial2,4,0.7666272226567163,0.6058248446019775,0.804123044013977,708,50,100,50
hobby_level3_dial2,5,0.8042478129879557,0.5604475418583345,0.8117412328720093,641,50,100,50
hobby_level3_dial2,6,0.7826684701733739,0.5587479184738767,0.7724522948265076,675,50,100,50
food_level2_dial20,1,0.8181983412450806,0.6521867270579362,0.671893835067749,713,50,100,50
food_level2_dial20,2,0.7842285585436731,0.49613401702270904,0.766170859336853,658,50,100,50
food_level2_dial20,3,0.7668244516679965,0.5432922009476746,0.7596205472946167,619,50,100,50
top25_dial29,1,0.8705885633692588,0.6764367732576332,0.5973560214042664,659,50,100,50
top25_dial29,2,0.9299968981931689,0.6963484592184702,0.5865223407745361,652,50,100,50
top25_dial29,3,0.799513290587966,0.6237270250255915,0.7810274958610535,688,50,100,50
top25_dial29,4,0.811193541375454,0.6132394077116584,0.7648264169692993,749,50,100,50
top25_dial29,5,0.8794844779346294,0.7013407630775821,0.7051429748535156,743,50,100,50
top25_dial29,6,0.7636593746305185,0.6055898816336467,0.8560896515846252,610,50,100,50
food_level3_dial1,1,0.8212302888902012,0.6362519252468011,0.7669215798377991,714,50,100,50
food_level3_dial1,2,0.8253525929513773,0.5543569868821127,0.7630558609962463,653,50,100,50
food_level3_dial1,3,0.7989008114657845,0.5874919872113628,0.7967179417610168,691,50,100,50
food_level3_dial1,4,0.7959322971165392,0.5764659147139567,0.7748941779136658,698,50,100,50
food_level3_dial1,5,0.770518893430935,0.5522310411693562,0.8376739621162415,653,50,100,50
food_level3_dial1,6,0.7462647552497755,0.5232987619656959,0.8023295998573303,655,50,100,50
hobby_level3_dial20,1,0.8029915819349336,0.5851523342186365,0.6771563291549683,629,50,100,50
hobby_level3_dial20,2,0.794549113930942,0.6118201520237361,0.7471455335617065,645,50,100,50
hobby_level3_dial20,3,0.9211950594288056,0.7590770510432108,0.6891406178474426,764,50,100,50
hobby_level3_dial20,4,0.8516501831713643,0.6647071114836636,0.7095015645027161,696,50,100,50
hobby_level3_dial20,5,0.8052972599048571,0.6189011304895421,0.7300836443901062,674,50,100,50
hobby_level3_dial20,6,0.891054330121392,0.7410706186791954,0.6541107296943665,668,50,100,50
top25_dial57,1,0.9393082946480225,0.7866358012976966,0.7174174189567566,787,50,100,50
top25_dial57,2,0.7994065760065481,0.6546863386591568,0.732046902179718,741,50,100,50
top25_dial57,3,0.8148866895055726,0.6039293163104809,0.8254669308662415,662,50,100,50
top25_dial57,4,0.8933134775920721,0.7199339249974251,0.6498056650161743,767,50,100,50
top25_dial57,5,0.8044446596262241,0.6198586855314467,0.8279291391372681,749,50,100,50
top25_dial57,6,0.7694116957536161,0.602096933917851,0.779998779296875,700,50,100,50
food_level1_dial21,1,0.7955717755136904,0.6279272745921437,0.703425407409668,671,50,100,50
food_level1_dial21,2,0.8177134821256233,0.6501641993128767,0.7644633054733276,695,50,100,50
food_level1_dial21,3,0.7758733841516086,0.6196150756670878,0.7614933252334595,693,50,100,50
food_level1_dial21,4,0.7602795302567391,0.596160021058828,0.7896841764450073,673,50,100,50
food_level1_dial21,5,0.7593797520370333,0.5580722100531667,0.7915833592414856,635,50,100,50
food_level1_dial21,6,0.8168699552240762,0.6277296803966093,0.7606613039970398,698,50,100,50
hobby_level2_dial28,1,0.8029977305550993,0.6327588723183268,0.7536928057670593,753,50,100,50
hobby_level2_dial28,2,0.7580088069413377,0.5150903710912056,0.7903401851654053,668,50,100,50
hobby_level2_dial28,3,0.7561229837903707,0.5744806375527752,0.7733056545257568,687,50,100,50
hobby_level2_dial28,4,0.7743909227740242,0.5606107725665883,0.7521902918815613,686,50,100,50
hobby_level2_dial28,5,0.7378173068435929,0.5010362977047101,0.7600177526473999,631,50,100,50
hobby_level2_dial28,6,0.809579334466124,0.5585491180782229,0.6643238663673401,620,50,100,50
top25_dial3,1,0.77993296401248,0.6370462239271198,0.7261477708816528,720,50,100,50
top25_dial3,2,0.769817350685462,0.5862910786037051,0.7765691876411438,678,50,100,50
top25_dial3,3,0.8042338636623628,0.6543922603883704,0.7406746745109558,682,50,100,50
top25_dial3,4,0.7939471686067701,0.6592630902836092,0.7595335245132446,724,50,100,50
top25_dial3,5,0.781776796242392,0.5296692204930585,0.7447764873504639,642,50,100,50
top25_dial3,6,0.7663799396193834,0.5382357758461755,0.7285923957824707,682,50,100,50
top25_dial3,7,0.7885192557168996,0.5536254108190483,0.7478854060173035,684,50,100,50
food_level3_dial4,1,0.8140070557025295,0.6716884973999491,0.7361449003219604,662,50,100,50
food_level3_dial4,2,0.8458251352982654,0.6706145624177722,0.7547307014465332,766,50,100,50
food_level3_dial4,3,0.7864672072478227,0.6247720918803713,0.7757126688957214,701,50,100,50
food_level3_dial4,4,0.7984628237110012,0.5294225085074602,0.7656782865524292,688,50,100,50
food_level3_dial4,5,0.7468321879226848,0.5735445539637201,0.778235137462616,648,50,100,50
food_level3_dial4,6,0.7884184449582509,0.5890234306006777,0.7491327524185181,689,50,100,50
top25_dial1,1,0.7803395953928534,0.5518001451905927,0.786228597164154,720,50,100,50
top25_dial1,2,0.7968176342422605,0.6056121393221212,0.8027139902114868,654,50,100,50
top25_dial1,3,0.7595595184886246,0.5446027297951158,0.7940925359725952,662,50,100,50
top25_dial1,4,0.7627569212848186,0.566362088418011,0.7994722723960876,683,50,100,50
top25_dial1,5,0.7949249908960823,0.5593035050805522,0.7762618660926819,653,50,100,50
top25_dial1,6,0.795405225788516,0.5578681076512266,0.7225780487060547,575,50,100,50
food_level2_dial21,1,0.8327919550275176,0.6842788857133616,0.7721774578094482,703,50,100,50
food_level2_dial21,2,0.7977423349299785,0.6253346205626727,0.7542865872383118,681,50,100,50
food_level2_dial21,3,0.7562416036307834,0.4903184169831983,0.7219563126564026,615,50,100,50
food_level2_dial21,4,0.851363813890996,0.6805581144533861,0.7429029941558838,731,50,100,50
food_level2_dial21,5,0.8238899270597737,0.6600207966875553,0.7485001087188721,636,50,100,50
food_level2_dial21,6,0.7799534339276863,0.5857540490834969,0.7851949334144592,677,50,100,50
hobby_level3_dial21,1,0.8769322786889708,0.7863255273592152,0.7634686827659607,766,50,100,50
hobby_level3_dial21,2,0.8682350065040323,0.621264312084407,0.6739268898963928,749,50,100,50
hobby_level3_dial21,3,0.8471570263284512,0.6794079144869488,0.702156126499176,769,50,100,50
hobby_level3_dial21,4,0.92210189135505,0.7818688013181176,0.826387345790863,758,50,100,50
hobby_level3_dial21,5,0.7828475282778765,0.6292644852324917,0.7891027331352234,703,50,100,50
hobby_level3_dial21,6,0.8058922851920417,0.6880095078433744,0.8019782304763794,759,50,100,50
hobby_level1_dial6,1,0.7899171968562126,0.570369167319866,0.6911948323249817,647,50,100,50
hobby_level1_dial6,2,0.7679450851812751,0.5917085014060592,0.7742063999176025,686,50,100,50
hobby_level1_dial6,3,0.77308551257361,0.5568599848141463,0.7603973150253296,656,50,100,50
hobby_level1_dial6,4,0.8343539266525152,0.6370821847655143,0.6782911419868469,649,50,100,50
hobby_level1_dial6,5,0.7822627398871493,0.6137838438231793,0.7016987204551697,658,50,100,50
hobby_level1_dial6,6,0.7825203817394939,0.5227761671629129,0.7294594049453735,644,50,100,50
food_level1_dial22,1,0.7916643296995705,0.5783429567345703,0.7489801645278931,693,50,100,50
food_level1_dial22,2,0.7713768694167338,0.5826316322299456,0.7553420066833496,677,50,100,50
food_level1_dial22,3,0.8105362120433584,0.6072446495188708,0.7375860810279846,690,50,100,50
food_level1_dial22,4,0.7573079538475664,0.5324633241546117,0.6840655207633972,657,50,100,50
food_level1_dial22,5,0.7744068645885642,0.5530376657801382,0.7748150825500488,688,50,100,50
food_level1_dial22,6,0.7570052813808554,0.5355077652466205,0.7633889317512512,635,50,100,50
hobby_level3_dial22,1,0.8486858643131288,0.7357805770585049,0.7404285669326782,728,50,100,50
hobby_level3_dial22,2,0.7827884996750892,0.5939892846434338,0.7263822555541992,646,50,100,50
hobby_level3_dial22,3,0.8832399339630542,0.7294198560795937,0.6824482679367065,667,50,100,50
hobby_level3_dial22,4,0.8399385694997886,0.6426747050817859,0.7952495217323303,693,50,100,50
food_level1_dial23,1,0.8005750921207917,0.5512826063729472,0.6734258532524109,644,50,100,50
food_level1_dial23,2,0.802841614072808,0.6269468520533323,0.7663570046424866,710,50,100,50
food_level1_dial23,3,0.8053363223627398,0.5645193100111651,0.7409093379974365,656,50,100,50
food_level1_dial23,4,0.8094196636818112,0.6480208037549235,0.7668853998184204,683,50,100,50
food_level1_dial23,5,0.799555929903836,0.6228614875899274,0.7622906565666199,702,50,100,50
food_level1_dial23,6,0.7932182742382197,0.5797247108828641,0.7640597820281982,667,50,100,50
food_level2_dial22,1,0.8359672215936748,0.6147527264459878,0.7081847190856934,681,50,100,50
food_level2_dial22,2,0.7970569830389274,0.6312892814178838,0.7751196026802063,738,50,100,50
food_level2_dial22,3,0.8259626382394353,0.7073751258167138,0.7705944776535034,769,50,100,50
food_level2_dial22,4,0.7787675107144614,0.5958172181355176,0.7712750434875488,654,50,100,50
food_level2_dial22,5,0.7856087917639997,0.5650508206125451,0.7381824254989624,618,50,100,50
food_level2_dial22,6,0.8162650611638843,0.676706700253001,0.7485105395317078,747,50,100,50
hobby_level2_dial29,1,0.7806060964603574,0.619721735678431,0.7616543769836426,701,50,100,50
hobby_level2_dial29,2,0.7760377930654768,0.6294587955742353,0.7332136631011963,693,50,100,50
hobby_level2_dial29,3,0.7898691580257909,0.5870976026841618,0.6902676820755005,660,50,100,50
hobby_level2_dial29,4,0.8127937492196096,0.6188569376381654,0.7131838798522949,695,50,100,50
hobby_level2_dial29,5,0.7551834840757878,0.5427017660456537,0.6941530108451843,620,50,100,50
hobby_level2_dial29,6,0.8324189688624679,0.6972849787459511,0.7496822476387024,747,50,100,50
hobby_level3_dial23,1,0.7852301557722737,0.6294279654927524,0.7551955580711365,704,50,100,50
hobby_level3_dial23,2,0.8127213319243333,0.6012701333912576,0.7408156394958496,685,50,100,50
hobby_level3_dial23,3,0.7668374447243927,0.5411773299556356,0.761730432510376,646,50,100,50
hobby_level3_dial23,4,0.7988116277079524,0.6404747853569259,0.7889547348022461,675,50,100,50
hobby_level3_dial23,5,0.8277932518164431,0.5610623446563455,0.6622747182846069,645,50,100,50
top25_dial30,1,0.8759121054727379,0.6753597020151291,0.6764436960220337,773,50,100,50
top25_dial30,2,0.8580821632206265,0.6125321394730477,0.7110680937767029,754,50,100,50
top25_dial30,3,0.8519547504512965,0.6890329486267237,0.7307197451591492,760,50,100,50
top25_dial30,4,0.7603500676012611,0.5118257839621577,0.7535254955291748,595,50,100,50
top25_dial30,5,0.7716166453407008,0.5659408225752925,0.7765593528747559,697,50,100,50
top25_dial30,6,0.8189471264272598,0.6378106634304582,0.7267308831214905,747,50,100,50
food_level1_dial3,1,0.7772822740542878,0.5941219036994795,0.7584553956985474,701,50,100,50
food_level1_dial3,2,0.8062159151740562,0.5634470361626306,0.7829345464706421,680,50,100,50
food_level1_dial3,3,0.7899505053150997,0.602850491176386,0.7415511608123779,694,50,100,50
food_level1_dial3,4,0.7795018084517903,0.6071251730787041,0.805627703666687,717,50,100,50
food_level1_dial3,5,0.7911151261690221,0.6109184836791498,0.7368522882461548,722,50,100,50
food_level1_dial3,6,0.8099526341792272,0.6306268536653639,0.7409471273422241,704,50,100,50
hobby_level1_dial7,1,0.7829677961308128,0.5410713302106157,0.722316563129425,688,50,100,50
hobby_level1_dial7,2,0.865669049018673,0.6916368650528943,0.690538227558136,676,50,100,50
hobby_level1_dial7,3,0.7970971189785159,0.6410671263496341,0.7830618619918823,724,50,100,50
hobby_level1_dial7,4,0.8174984718128531,0.660997643994889,0.71904057264328,713,50,100,50
hobby_level1_dial7,5,0.8865108224086236,0.7064806414684142,0.703925609588623,755,50,100,50
hobby_level1_dial7,6,0.7409228054192145,0.593587206810494,0.7242471575737,667,50,100,50
hobby_level2_dial3,1,0.7578310749449392,0.6381707846409967,0.7902796864509583,700,50,100,50
hobby_level2_dial3,2,0.7760687965897499,0.5619037589483376,0.7248379588127136,654,50,100,50
hobby_level2_dial3,3,0.7978091470580764,0.5764000432705323,0.6918227076530457,668,50,100,50
hobby_level2_dial3,4,0.7995671694533297,0.6009288492739419,0.758987545967102,689,50,100,50
hobby_level2_dial3,5,0.8030574879184788,0.5694114053547771,0.7303957343101501,688,50,100,50
hobby_level2_dial3,6,0.7874583015258064,0.5571996111085438,0.7303491830825806,676,50,100,50
food_level3_dial10,1,0.8259639408917602,0.7000946698061727,0.7274789214134216,701,50,100,50
food_level3_dial10,2,0.7990763129396563,0.5517012032930764,0.7369741797447205,657,50,100,50
food_level3_dial10,3,0.7810682609441124,0.5762306823855111,0.7533367276191711,624,50,100,50
food_level3_dial10,4,0.860999757882157,0.733627876043363,0.7816174626350403,755,50,100,50
food_level3_dial10,5,0.7786043416791,0.537873864748936,0.7472045421600342,636,50,100,50
food_level3_dial10,6,0.8255939344035176,0.6250072110530078,0.6603610515594482,684,50,100,50
food_level1_dial4,1,0.7513154958563797,0.5557655030008012,0.7606080770492554,658,50,100,50
food_level1_dial4,2,0.7704922667266382,0.5750478795067364,0.7675632238388062,646,50,100,50
food_level1_dial4,3,0.8094641664009383,0.6298966228555228,0.7585447430610657,700,50,100,50
food_level1_dial4,4,0.7784311176703842,0.5540539894566442,0.7786215543746948,661,50,100,50
food_level1_dial4,5,0.7629022512967789,0.5593602989998699,0.7574650049209595,635,50,100,50
food_level1_dial4,6,0.8334599961186194,0.6517001909672848,0.7375483512878418,742,50,100,50
food_level3_dial6,1,0.7967835024622412,0.660362112225075,0.781943678855896,687,50,100,50
food_level3_dial6,2,0.8069764053731524,0.6427256529294376,0.7782102823257446,743,50,100,50
food_level3_dial6,3,0.7922074675166454,0.5775887654138189,0.8060568571090698,716,50,100,50
food_level3_dial6,4,0.8742087417590559,0.6908111054072691,0.6885380744934082,752,50,100,50
food_level3_dial6,5,0.8304105134058432,0.6552635556462721,0.7886843085289001,754,50,100,50
food_level3_dial6,6,0.7800700587151771,0.5869232661004203,0.7934378981590271,681,50,100,50
top25_dial31,1,0.8749291263035228,0.7181181409500681,0.8147215247154236,704,50,100,50
top25_dial31,2,0.8217352556031929,0.596023448225553,0.7530777454376221,613,50,100,50
top25_dial31,3,0.8690171660223203,0.7119349350287818,0.8195274472236633,722,50,100,50
top25_dial31,4,0.7938690154564638,0.5855578059073833,0.8626508712768555,673,50,100,50
top25_dial31,5,0.7842506658307659,0.6163045109772569,0.7863602638244629,651,50,100,50
top25_dial31,6,0.8188909037444404,0.6097894143984054,0.7208250164985657,691,50,100,50
top25_dial10,1,0.8580851991482319,0.6850020090335833,0.7403136491775513,794,50,100,50
top25_dial10,2,0.805978122552989,0.6249502818960698,0.7480591535568237,623,50,100,50
top25_dial10,3,0.8627093072508997,0.6435960644703161,0.8158278465270996,613,50,100,50
top25_dial10,4,0.7397401142960405,0.4686822911526326,0.7965399026870728,632,50,100,50
top25_dial10,5,0.7522711135114346,0.5554242178472351,0.7427913546562195,659,50,100,50
top25_dial10,6,0.7801147384815336,0.6127384699328569,0.8178044557571411,647,50,100,50
food_level2_dial23,1,0.812316433360071,0.650263302461907,0.7651505470275879,739,50,100,50
food_level2_dial23,2,0.8021717158402027,0.6469479558458966,0.7641065716743469,755,50,100,50
food_level2_dial23,3,0.7695934480509975,0.5094139580044805,0.8096557855606079,661,50,100,50
food_level2_dial23,4,0.7822576286163658,0.5635337300140201,0.7929297089576721,713,50,100,50
food_level2_dial23,5,0.7632970807250014,0.5658447141329909,0.7613973021507263,639,50,100,50
food_level2_dial23,6,0.7830836860865835,0.5916560139345859,0.7694002985954285,639,50,100,50
hobby_level3_dial24,1,0.8238719165303918,0.5887229706966329,0.6621490120887756,640,50,100,50
hobby_level3_dial24,2,0.8206740797992605,0.5943680024657944,0.6574260592460632,672,50,100,50
hobby_level3_dial24,3,0.8018630988779492,0.561458933539847,0.7091614007949829,684,50,100,50
hobby_level3_dial24,4,0.8278877983928937,0.6333863334437726,0.6693226099014282,694,50,100,50
hobby_level3_dial24,5,0.830428631651536,0.6104968112777928,0.7788876295089722,669,50,100,50
hobby_level3_dial24,6,0.759487507484681,0.5330314467308941,0.736950159072876,727,50,100,50
hobby_level2_dial30,1,0.7725068839950119,0.569513756257272,0.7607447504997253,669,50,100,50
hobby_level2_dial30,2,0.7766588356032539,0.5820130995256808,0.771867036819458,634,50,100,50
hobby_level2_dial30,3,0.7670960580067046,0.5736412650272343,0.8005523681640625,638,50,100,50
hobby_level2_dial30,4,0.8166687916343217,0.6076292098370112,0.7552534341812134,719,50,100,50
hobby_level2_dial30,5,0.7850346284287708,0.48631407811938665,0.7851874232292175,643,50,100,50
hobby_level2_dial30,6,0.830451539249601,0.6094318055691267,0.7762312889099121,704,50,100,50
top25_dial58,1,0.7568373690646159,0.5312429755041781,0.7867059707641602,700,50,100,50
top25_dial58,2,0.74076566773011,0.4612098649702155,0.8061750531196594,633,50,100,50
top25_dial58,3,0.7708777183567852,0.5655526677313147,0.812186598777771,657,50,100,50
top25_dial58,4,0.7813314806121024,0.5905047446126879,0.804451048374176,654,50,100,50
top25_dial58,5,0.7770624273201315,0.5691918645282198,0.7884514331817627,665,50,100,50
top25_dial58,6,0.8617234411794327,0.6680161026814708,0.6595185399055481,659,50,100,50
top25_dial58,7,0.8483941139535105,0.6729491120742884,0.6205317378044128,648,50,100,50
hobby_level1_dial8,1,0.7894922680740005,0.6309503487264199,0.7226696014404297,694,50,100,50
hobby_level1_dial8,2,0.800956070580879,0.580449994848271,0.7493430972099304,622,50,100,50
hobby_level1_dial8,3,0.7905140426871425,0.5412497463713638,0.7285679578781128,674,50,100,50
top25_dial32,1,0.8630000820153768,0.7832750848909504,0.748826801776886,525,50,100,50
top25_dial32,2,0.810188250601569,0.5549479217900064,0.7613212466239929,709,50,100,50
top25_dial32,3,0.8892929093386054,0.7032412284523404,0.8044301867485046,758,50,100,50
top25_dial32,4,0.8934475957735211,0.716834604989646,0.7660055756568909,620,50,100,50
top25_dial32,5,0.8719499899811878,0.6671797053057866,0.748778223991394,469,50,100,50
top25_dial32,6,0.7878623241442295,0.6626052992786741,0.8493390083312988,736,50,100,50
food_level1_dial5,1,0.7622915549614622,0.5010635221710751,0.7866820693016052,684,50,100,50
food_level1_dial5,2,0.7900048080468939,0.5141961667966293,0.7628732919692993,662,50,100,50
food_level1_dial5,3,0.786443920958614,0.5178977745694486,0.7820173501968384,682,50,100,50
food_level1_dial5,4,0.7353553688951564,0.528703092225935,0.7494519948959351,619,50,100,50
food_level1_dial5,5,0.7509224884271484,0.5431257299701737,0.7749720811843872,651,50,100,50
food_level1_dial5,6,0.7682836857519857,0.512628685678367,0.7561882734298706,678,50,100,50
top25_dial11,1,0.9273319695954114,0.8009110206882064,0.6953636407852173,587,50,100,50
top25_dial11,2,0.8885771078624337,0.7660191552968452,0.8178882598876953,761,50,100,50
top25_dial11,3,0.8539653821272905,0.6814646618766449,0.7625815868377686,734,50,100,50
top25_dial11,4,0.8026037209373604,0.6497321551643458,0.8505595326423645,787,50,100,50
top25_dial11,5,0.7627972895651614,0.6020708907621568,0.8622230887413025,699,50,100,50
top25_dial11,6,0.8063423565012502,0.5640697061718889,0.7453964352607727,671,50,100,50
food_level3_dial7,1,0.8341044597871068,0.6223891908961473,0.7815919518470764,737,50,100,50
food_level3_dial7,2,0.790048222445555,0.5858422609091598,0.8023373484611511,691,50,100,50
food_level3_dial7,3,0.7449466570082829,0.5189830285477204,0.7086027264595032,603,50,100,50
food_level3_dial7,4,0.7753725938400119,0.5965808805646581,0.7807404398918152,634,50,100,50
food_level3_dial7,5,0.8130995569675556,0.6024284706091758,0.7428817749023438,683,50,100,50
food_level3_dial7,6,0.7989859397727134,0.5598694851049013,0.7869754433631897,642,50,100,50
hobby_level2_dial31,1,0.8548958921210809,0.6938570180641099,0.7015028595924377,766,50,100,50
hobby_level2_dial31,2,0.8513669610335707,0.7177108205473567,0.7509337067604065,843,50,100,50
hobby_level2_dial31,3,0.7598894368360816,0.5991526378378373,0.7069554328918457,688,50,100,50
hobby_level2_dial31,4,0.7533717484741692,0.5518545749410076,0.7315897345542908,648,50,100,50
hobby_level2_dial31,5,0.9074695038394733,0.7313551788907344,0.658535897731781,802,50,100,50
hobby_level2_dial31,6,0.79110036059852,0.6063607248368199,0.7784767746925354,667,50,100,50
hobby_level1_dial9,1,0.8028500378227165,0.6087721206849197,0.7728918790817261,683,50,100,50
hobby_level1_dial9,2,0.8036469649842286,0.5653588526647287,0.7617177367210388,683,50,100,50
hobby_level1_dial9,3,0.8411728836807246,0.6856249329462066,0.7215271592140198,769,50,100,50
hobby_level1_dial9,4,0.8415885282486159,0.6799742988317266,0.7217376232147217,721,50,100,50
hobby_level1_dial9,5,0.7705753601266865,0.6446046599059296,0.7369446158409119,695,50,100,50
hobby_level1_dial9,6,0.8506464502190733,0.6546660234313575,0.6927100419998169,753,50,100,50
food_level3_dial11,1,0.8332555354861257,0.6688536641250235,0.6829410791397095,730,50,100,50
food_level3_dial11,2,0.7606157329750282,0.5795446304120851,0.7231571078300476,673,50,100,50
food_level3_dial11,3,0.7667755344768797,0.5301387205924825,0.7496548891067505,669,50,100,50
food_level3_dial11,4,0.8065840245712791,0.6446964443520362,0.7469353079795837,732,50,100,50
food_level3_dial11,5,0.792748911374429,0.5617873449362007,0.7717984914779663,714,50,100,50
food_level3_dial11,6,0.7799965455145842,0.5298805939755514,0.8160852789878845,666,50,100,50
top25_dial59,1,0.8015565454641036,0.6088966980122577,0.6940827369689941,632,50,100,50
top25_dial59,2,0.7781316945645749,0.5949030612571713,0.6904870271682739,633,50,100,50
top25_dial59,3,0.7941231997288536,0.6696868575642703,0.746495246887207,685,50,100,50
top25_dial59,4,0.8301009224976665,0.632636078971901,0.7236509323120117,723,50,100,50
top25_dial59,5,0.7756232696892341,0.5302451770460516,0.7256636619567871,659,50,100,50
top25_dial59,6,0.8126860043099166,0.6325352482519134,0.6247715353965759,593,50,100,50
food_level1_dial6,1,0.8183762630370042,0.6412588810959524,0.7079921960830688,720,50,100,50
food_level1_dial6,2,0.7742854729797692,0.6061033060519758,0.8030751943588257,692,50,100,50
food_level1_dial6,3,0.7981797194647615,0.6083532974077741,0.7445346117019653,657,50,100,50
food_level1_dial6,4,0.7649398976977919,0.5689863449641606,0.7401931285858154,664,50,100,50
food_level1_dial6,5,0.7354334528924268,0.48465194053558264,0.7147197723388672,654,50,100,50
food_level1_dial6,6,0.7668136865910782,0.5375182260217531,0.7185546159744263,646,50,100,50
hobby_level2_dial32,1,0.8069586851564522,0.5303401967669273,0.7434738874435425,699,50,100,50
hobby_level2_dial32,2,0.8301312686606483,0.6187310187340362,0.7619357109069824,663,50,100,50
hobby_level2_dial32,3,0.8195948134626747,0.6092895915724695,0.7718691229820251,618,50,100,50
hobby_level2_dial32,4,0.7427715289978098,0.471728698061936,0.7500433325767517,604,50,100,50
hobby_level2_dial32,5,0.7682884689053086,0.5052192087752363,0.7760586738586426,641,50,100,50
hobby_level2_dial32,6,0.7857569170688496,0.591411889519585,0.7919602990150452,663,50,100,50
food_level3_dial12,1,0.8372224287808276,0.6263657804903086,0.8185088634490967,684,50,100,50
food_level3_dial12,2,0.848516468273585,0.7061102299309929,0.7867062091827393,748,50,100,50
food_level3_dial12,3,0.821838644851735,0.563212610803107,0.6914761066436768,681,50,100,50
food_level3_dial12,4,0.8452296398548385,0.7315977230776078,0.7480476498603821,793,50,100,50
food_level3_dial12,5,0.7834856312562857,0.6038354028548395,0.7623571753501892,677,50,100,50
food_level3_dial12,6,0.7731551632913504,0.618670482117055,0.77747642993927,688,50,100,50
food_level3_dial12,7,0.7670166300381436,0.5044722349334985,0.7515050768852234,642,50,100,50
food_level3_dial8,1,0.8169848405490947,0.6416940335687046,0.7495989203453064,671,50,100,50
food_level3_dial8,2,0.7819767713386129,0.552344771165751,0.7218674421310425,651,50,100,50
food_level3_dial8,3,0.8131366954386552,0.5733223760170839,0.781549870967865,727,50,100,50
food_level3_dial8,4,0.752267389003678,0.5918014393707837,0.8156992197036743,665,50,100,50
food_level3_dial8,5,0.773348199112762,0.5777365958009993,0.7660136818885803,688,50,100,50
food_level3_dial8,6,0.7932485360717524,0.5982580598990996,0.7480143904685974,682,50,100,50
food_level1_dial7,1,0.7989240786353026,0.6020422753278382,0.6987714171409607,704,50,100,50
food_level1_dial7,2,0.7755832351666686,0.5880308501145389,0.8015232086181641,687,50,100,50
food_level1_dial7,3,0.7930596334970896,0.5768090221015602,0.7223879098892212,673,50,100,50
hobby_level2_dial33,1,0.8287521230846459,0.5702901059930565,0.681794285774231,665,50,100,50
hobby_level2_dial33,2,0.7888282379245467,0.5121058485161063,0.7158252000808716,658,50,100,50
hobby_level2_dial33,3,0.8111665524746238,0.5395071372595162,0.6651644110679626,673,50,100,50
hobby_level2_dial33,4,0.8589740960003366,0.6523222733419616,0.6805868148803711,758,50,100,50
hobby_level2_dial33,5,0.8273257432536621,0.6188886334693958,0.7004831433296204,724,50,100,50
hobby_level2_dial33,6,0.8305081589227501,0.6778883363948726,0.7393156886100769,769,50,100,50
food_level3_dial13,1,0.8169738198452992,0.66790269749077,0.7203468084335327,650,50,100,50
food_level3_dial13,2,0.7945135419201687,0.5954071138496833,0.7830432057380676,689,50,100,50
food_level3_dial13,3,0.8004715896498285,0.6007852918334587,0.7708535194396973,666,50,100,50
food_level3_dial13,4,0.7887393522712267,0.6198054669649631,0.7741209864616394,644,50,100,50
food_level3_dial13,5,0.7437877328447762,0.48918958021271264,0.7497512102127075,627,50,100,50
food_level3_dial13,6,0.7646220133110291,0.5366730508384713,0.7663612961769104,612,50,100,50
food_level2_dial24,1,0.7864143010114902,0.6310491488411564,0.7743638753890991,663,50,100,50
food_level2_dial24,2,0.7578943560065339,0.5398355112790825,0.8087729215621948,651,50,100,50
food_level2_dial24,3,0.7714020006592027,0.6139823958200348,0.7837514877319336,694,50,100,50
food_level2_dial24,4,0.802747876385198,0.6185569397518651,0.7824309468269348,725,50,100,50
food_level2_dial24,5,0.7842390158068183,0.5110339252568492,0.720499575138092,635,50,100,50
food_level2_dial24,6,0.7933440484187672,0.5901167989214436,0.7841340899467468,683,50,100,50
food_level3_dial14,1,0.7934619490430359,0.6286340471940531,0.7447456121444702,696,50,100,50
food_level3_dial14,2,0.7841324999996757,0.600961367821146,0.7659467458724976,669,50,100,50
food_level3_dial14,3,0.7832125259728275,0.5985498982928241,0.8350969552993774,671,50,100,50
food_level3_dial14,4,0.7788133471569708,0.6214457458700577,0.7488904595375061,662,50,100,50
food_level3_dial14,5,0.8030713819883251,0.6217574257812215,0.7866834402084351,701,50,100,50
food_level3_dial14,6,0.789562712499627,0.6159430514269019,0.7784531116485596,671,50,100,50
top25_dial33,1,0.7789425906942529,0.5407670325466598,0.6249321103096008,674,50,100,50
top25_dial33,2,0.7709463667526506,0.5310021825798944,0.6606645584106445,641,50,100,50
top25_dial33,3,0.7933567495167917,0.5254645286975191,0.7887747287750244,664,50,100,50
top25_dial33,4,0.8544946820643692,0.6137252243380191,0.8111571073532104,670,50,100,50
top25_dial33,5,0.7992720934674202,0.6288346591830181,0.7626485228538513,668,50,100,50
top25_dial33,6,0.8396342419976164,0.6999137196769477,0.7769247889518738,678,50,100,50
hobby_level3_dial26,1,0.959889208214037,0.7403993504933463,0.6042455434799194,798,50,100,50
hobby_level3_dial26,2,0.8073044353855798,0.6198616510241357,0.7731508016586304,711,50,100,50
hobby_level3_dial26,3,0.7816035096154229,0.5703194517943886,0.7506653070449829,657,50,100,50
hobby_level3_dial26,4,0.7757219425685473,0.6327852110972586,0.8354198932647705,712,50,100,50
hobby_level3_dial26,5,0.7756904832528058,0.5760133957453959,0.728104293346405,674,50,100,50
hobby_level3_dial26,6,0.8096850754377023,0.6278072716395158,0.809706449508667,697,50,100,50
top25_dial35,1,0.7773426125177245,0.5644247276306297,0.7771794199943542,673,50,100,50
top25_dial35,2,0.7649851399065833,0.6146360495922876,0.7827273011207581,696,50,100,50
top25_dial35,3,0.7503565095574287,0.5577618465883872,0.8345407247543335,655,50,100,50
top25_dial35,4,0.8034790101096195,0.5994974252482334,0.7687540650367737,662,50,100,50
top25_dial35,5,0.7677347306433866,0.5815032096919995,0.7843155860900879,650,50,100,50
food_level1_dial8,1,0.7680203378892163,0.5031374509327919,0.7599918842315674,673,50,100,50
food_level1_dial8,2,0.7983519969220356,0.632943278560684,0.7949417233467102,712,50,100,50
food_level1_dial8,3,0.7940288111180547,0.5435091202761199,0.7983748912811279,682,50,100,50
food_level1_dial8,4,0.7781956896628616,0.6014231348554087,0.8012889623641968,672,50,100,50
food_level1_dial8,5,0.7704944681717063,0.5291259640061459,0.7688263654708862,623,50,100,50
food_level1_dial8,6,0.7944996506621429,0.6380773671423774,0.7706738710403442,672,50,100,50
food_level3_dial9,1,0.7781297148761095,0.6021567570967827,0.7683504819869995,660,50,100,50
food_level3_dial9,2,0.7411119280804422,0.5263224535536013,0.7509350180625916,674,50,100,50
food_level3_dial9,3,0.7950114792785792,0.5781585247070725,0.7843888401985168,660,50,100,50
food_level3_dial9,4,0.7804762131259867,0.5988597333324168,0.8250904083251953,690,50,100,50
food_level3_dial9,5,0.7784892622255964,0.5793186662573608,0.7795742750167847,674,50,100,50
food_level3_dial9,6,0.8204485315852545,0.5787402303780688,0.7616730332374573,675,50,100,50
hobby_level2_dial1,1,0.8716149460142667,0.6641545671456298,0.6694991588592529,774,50,100,50
hobby_level2_dial1,2,0.8527406349895243,0.6965979642966854,0.7178871035575867,818,50,100,50
hobby_level2_dial1,3,0.8419583356738894,0.6539642199367545,0.7072052359580994,777,50,100,50
hobby_level2_dial1,4,0.8611623727186452,0.6747810889926399,0.706483006477356,764,50,100,50
hobby_level2_dial1,5,0.9234977291273243,0.6992442196569929,0.6272290349006653,680,50,100,50
hobby_level2_dial1,6,0.7876480416640596,0.5735594981798896,0.6682539582252502,699,50,100,50
food_level1_dial9,1,0.7581841278303189,0.5889790087879234,0.7559900879859924,695,50,100,50
food_level1_dial9,2,0.7588313189550705,0.5591053813856756,0.762467086315155,665,50,100,50
food_level1_dial9,3,0.7873768432453475,0.6167343595275674,0.7989561557769775,685,50,100,50
food_level1_dial9,4,0.7686754758258211,0.568857442864936,0.685480535030365,641,50,100,50
food_level1_dial9,5,0.792909921606779,0.6036134460002011,0.7719678282737732,714,50,100,50
food_level1_dial9,6,0.8179232571694592,0.6743872323238657,0.7623186707496643,692,50,100,50
top25_dial6,1,0.8222380220374084,0.6804897831069527,0.7341279983520508,767,50,100,50
top25_dial6,2,0.7544407250682417,0.5862461778581715,0.7816364169120789,657,50,100,50
top25_dial6,3,0.7586205822959918,0.5645440250207119,0.7735950350761414,649,50,100,50
top25_dial6,4,0.7737851736002257,0.50526905316889,0.7467848062515259,642,50,100,50
top25_dial6,5,0.7564400171742008,0.5805191180988988,0.7549436688423157,669,50,100,50
top25_dial6,6,0.7890855004656332,0.5637307420040066,0.7345494031906128,654,50,100,50
food_level3_dial15,1,0.7866850934465899,0.5628801378973872,0.7846810221672058,663,50,100,50
food_level3_dial15,2,0.8371846930522188,0.6411129716261896,0.7890095114707947,758,50,100,50
food_level3_dial15,3,0.7910610072841646,0.6083243758744844,0.7645751237869263,744,50,100,50
food_level3_dial15,4,0.8115309473365925,0.5596665938213028,0.7932300567626953,693,50,100,50
food_level3_dial15,5,0.8152854911880846,0.6377110272847356,0.7792310118675232,738,50,100,50
food_level3_dial15,6,0.8176744235165555,0.5969214455648904,0.7395231127738953,733,50,100,50
top25_dial36,1,0.8672694775220923,0.6628564515590242,0.7079653739929199,773,50,100,50
top25_dial36,2,0.8233888743720277,0.7054247368353647,0.7826845049858093,719,50,100,50
top25_dial36,3,0.8560620609591251,0.748225569760148,0.8925815224647522,910,50,100,50
top25_dial36,4,0.9951897241370926,0.9212435054685334,0.8011994361877441,820,50,100,50
top25_dial36,5,0.8004677920782707,0.6317602098355984,0.7602407336235046,644,50,100,50
top25_dial36,6,0.809981158355416,0.6341225902710835,0.7847247123718262,690,50,100,50
food_level2_dial1,1,0.7715101099812621,0.5743141500452308,0.7267635464668274,707,50,100,50
food_level2_dial1,2,0.7836717291741647,0.6096482045520748,0.7567678093910217,682,50,100,50
food_level2_dial1,3,0.7957282014204029,0.5841240168359854,0.758796215057373,679,50,100,50
food_level2_dial1,4,0.7420521274604563,0.5145331030958237,0.7278304100036621,623,50,100,50
food_level2_dial1,5,0.7489143788217205,0.5527876258864418,0.7014330625534058,661,50,100,50
food_level2_dial1,6,0.8026981760148941,0.6112044749907546,0.6771332025527954,715,50,100,50
food_level3_dial16,1,0.8179167925543132,0.6107103354710881,0.701814591884613,675,50,100,50
food_level3_dial16,2,0.8021557904707965,0.5583047162397016,0.7179732918739319,672,50,100,50
food_level3_dial16,3,0.8291112883116503,0.6048736657654127,0.7074946165084839,673,50,100,50
food_level3_dial16,4,0.7798492160917231,0.5482368884983889,0.761974573135376,689,50,100,50
food_level3_dial16,5,0.7976765810133862,0.5267266413083795,0.7350754141807556,682,50,100,50
food_level3_dial16,6,0.7784611348620668,0.5456847703796697,0.7346135377883911,649,50,100,50
top25_dial12,1,0.8744392491528717,0.7253684149115621,0.7955611348152161,781,50,100,50
top25_dial12,2,0.8132202948747144,0.6685586212005944,0.7601154446601868,692,50,100,50
top25_dial12,3,0.8673126665318187,0.7145826388700276,0.7225781679153442,818,50,100,50
hobby_level1_dial1,1,0.7992731738713209,0.5754843363714518,0.7747491598129272,643,50,100,50
hobby_level1_dial1,2,0.7567696535116404,0.5499594363413659,0.7872318625450134,662,50,100,50
hobby_level1_dial1,3,0.7710019930253709,0.5699566422625669,0.7866341471672058,650,50,100,50
hobby_level1_dial1,4,0.7595068047797224,0.4966581306189253,0.7766122221946716,607,50,100,50
hobby_level1_dial1,5,0.7553632224364125,0.48693623985797596,0.7834014296531677,602,50,100,50
hobby_level1_dial1,6,0.7866152759826457,0.5727351304126974,0.6896323561668396,669,50,100,50
hobby_level1_dial1,7,0.8373461528783107,0.6318223245489873,0.7129946351051331,748,50,100,50
hobby_level2_dial10,1,0.7936204220861538,0.607074268328188,0.7457526326179504,648,50,100,50
hobby_level2_dial10,2,0.8507650561168155,0.6588410425598261,0.6898223161697388,702,50,100,50
hobby_level2_dial10,3,0.8672428791134889,0.6644543786080006,0.678741455078125,775,50,100,50
hobby_level2_dial10,4,0.8039911355145702,0.6908179601790208,0.825657069683075,772,50,100,50
hobby_level2_dial10,5,0.8503223418947853,0.6679707796188441,0.7684789299964905,734,50,100,50
hobby_level2_dial10,6,0.7497181244455474,0.518394154774174,0.7411268353462219,616,50,100,50
hobby_level3_dial27,1,0.7722544883320037,0.5326332620106426,0.8172692060470581,669,50,100,50
hobby_level3_dial27,2,0.8019969497700603,0.6287910858912571,0.7572999596595764,705,50,100,50
hobby_level3_dial27,3,0.7690304565498889,0.5696380692242263,0.7807844877243042,682,50,100,50
hobby_level3_dial27,4,0.7765850245763197,0.6193232081448072,0.8068018555641174,680,50,100,50
hobby_level3_dial27,5,0.8126828805996896,0.6037335569047664,0.7860317230224609,690,50,100,50
hobby_level3_dial27,6,0.7941016138057061,0.5581942173803729,0.6904935836791992,655,50,100,50
hobby_level3_dial27,7,0.7904782258814785,0.592293343760535,0.7625624537467957,678,50,100,50
food_level2_dial25,1,0.7646092005755695,0.5358819507654058,0.7233622074127197,669,50,100,50
food_level2_dial25,2,0.806085342864807,0.6089392826096899,0.7397542595863342,678,50,100,50
food_level2_dial25,3,0.7674856829974462,0.5994646434670484,0.7204961776733398,639,50,100,50
food_level2_dial25,4,0.7774949908488312,0.5824291213350287,0.7559758424758911,635,50,100,50
food_level2_dial25,5,0.7598825083857705,0.5289746035204732,0.7475335001945496,666,50,100,50
food_level2_dial25,6,0.8119472588164035,0.6077656025725552,0.7633400559425354,676,50,100,50
food_level2_dial25,7,0.8089223567831354,0.6324915978247632,0.7740414142608643,685,50,100,50
hobby_level2_dial34,1,0.8001923883647802,0.4913663635387288,0.6736099720001221,696,50,100,50
hobby_level2_dial34,2,0.7679500060229136,0.5887767998258551,0.7797382473945618,659,50,100,50
hobby_level2_dial34,3,0.8052278724015569,0.5801140796125527,0.8065569400787354,693,50,100,50
hobby_level2_dial34,4,0.7750823220239644,0.5712957066896025,0.8087197542190552,654,50,100,50
hobby_level2_dial34,5,0.8404762796165797,0.6237404460434832,0.7075071334838867,579,50,100,50
hobby_level2_dial34,6,0.8010221717074127,0.6222019194792369,0.7638988494873047,680,50,100,50
hobby_level2_dial34,7,0.7650168139056366,0.5812436351916164,0.7042713761329651,624,50,100,50
hobby_level1_dial10,1,0.8087751588093494,0.5821153726860807,0.7680842280387878,672,50,100,50
hobby_level1_dial10,2,0.8089642776295355,0.6339153319742097,0.7404271364212036,706,50,100,50
hobby_level1_dial10,3,0.8092829269701985,0.6580230192886265,0.7460052371025085,732,50,100,50
hobby_level1_dial10,4,0.7951899576740183,0.6103959519769825,0.7499384880065918,642,50,100,50
hobby_level1_dial10,5,0.8789351483740659,0.6751678234195873,0.697342574596405,816,50,100,50
hobby_level3_dial28,1,0.7899955537003538,0.5787640318959322,0.6667460799217224,558,50,100,50
hobby_level3_dial28,2,0.7746815151637806,0.6417912094115471,0.8079923391342163,735,50,100,50
hobby_level3_dial28,3,0.7855563827002893,0.5925932755165146,0.7424777746200562,662,50,100,50
food_level3_dial18,1,0.8016107003624297,0.5899906056068208,0.6521585583686829,665,50,100,50
food_level3_dial18,2,0.7900026788215707,0.609191042525021,0.7527704238891602,713,50,100,50
food_level3_dial18,3,0.8406590709643273,0.6386746646585523,0.7694317102432251,785,50,100,50
food_level3_dial18,4,0.8010705291157323,0.5717350488677043,0.7406036257743835,664,50,100,50
food_level3_dial18,5,0.762864097215608,0.46627251155669325,0.7602307796478271,654,50,100,50
food_level3_dial18,6,0.7813115885652506,0.5781437597573572,0.7851378321647644,675,50,100,50
food_level2_dial26,1,0.8524438026767979,0.6586970033833954,0.6643892526626587,729,50,100,50
food_level2_dial26,2,0.8648396881579827,0.7414009600274042,0.7148982286453247,691,50,100,50
food_level2_dial26,3,0.7793819447274422,0.5471344906414509,0.8022621870040894,648,50,100,50
food_level2_dial26,4,0.7783903989743319,0.6056885696715466,0.8087825775146484,684,50,100,50
food_level2_dial26,5,0.7922874312959083,0.6358590656363673,0.7960330843925476,727,50,100,50
food_level2_dial26,6,0.8146269910277326,0.6907563519578759,0.7474210858345032,707,50,100,50
hobby_level3_dial29,1,0.7977220940080884,0.5566580567351085,0.781404435634613,639,50,100,50
hobby_level3_dial29,2,0.7897148956303676,0.5719019202963521,0.7806262373924255,693,50,100,50
hobby_level3_dial29,3,0.7608870218723075,0.50373589501774,0.7871698141098022,640,50,100,50
hobby_level3_dial29,4,0.7850069130027542,0.614206103242255,0.7882498502731323,686,50,100,50
hobby_level3_dial29,5,0.8269304342649352,0.6937099108427971,0.7935872077941895,737,50,100,50
hobby_level3_dial29,6,0.8251118384337873,0.6696644842860011,0.7702061533927917,737,50,100,50
hobby_level3_dial29,7,0.8279600257116645,0.6834042625797614,0.7637341618537903,738,50,100,50
top25_dial13,1,0.9035040546418935,0.7240180280299975,0.7242655754089355,734,50,100,50
top25_dial13,2,0.7691423735396776,0.6020282144712726,0.7826182842254639,703,50,100,50
top25_dial13,3,0.7729847229017038,0.5894148883788752,0.773395836353302,670,50,100,50
top25_dial13,4,0.7727362541221647,0.5606912344093178,0.8359308242797852,629,50,100,50
top25_dial13,5,0.7828269284075289,0.5755853658214671,0.7269972562789917,672,50,100,50
top25_dial13,6,0.7859235316805262,0.5814942376334817,0.7395142316818237,632,50,100,50
top25_dial37,1,0.7907119058907826,0.5753476747559383,0.715735137462616,671,50,100,50
top25_dial37,2,0.7810546502774277,0.6391532509149966,0.7608063220977783,728,50,100,50
top25_dial37,3,0.794942922166027,0.6415402739544145,0.739085853099823,728,50,100,50
top25_dial37,4,0.8618655597158481,0.6601969523785249,0.7094342708587646,755,50,100,50
top25_dial37,5,0.7765878133639511,0.5975493257240005,0.7953426241874695,755,50,100,50
top25_dial37,6,0.8183382503160604,0.5484277515098325,0.796663761138916,595,50,100,50
food_level2_dial27,1,0.8056578571026618,0.6200213328417143,0.780748724937439,685,50,100,50
food_level2_dial27,2,0.8065391105062887,0.6275412881612294,0.803725004196167,699,50,100,50
food_level2_dial27,3,0.7568392306652231,0.5608184567362781,0.7467139959335327,628,50,100,50
food_level2_dial27,4,0.80161649022311,0.5537268739145779,0.7753493189811707,698,50,100,50
food_level2_dial27,5,0.7838975902725944,0.6397441545081803,0.7730230689048767,692,50,100,50
food_level2_dial27,6,0.8148832748499353,0.6886541145553212,0.7763627767562866,730,50,100,50
food_level2_dial27,7,0.8080149618122252,0.594581915179713,0.74156653881073,675,50,100,50
food_level3_dial19,1,0.8072513281062922,0.6415470742199506,0.7957143783569336,701,50,100,50
food_level3_dial19,2,0.7739694744867128,0.6094111712961453,0.780708909034729,709,50,100,50
food_level3_dial19,3,0.799822414300099,0.5691429446817717,0.7726507782936096,665,50,100,50
food_level3_dial19,4,0.7754859498364028,0.5872798777810039,0.7428260445594788,676,50,100,50
food_level3_dial19,5,0.7626050535533586,0.5642065964133302,0.7574868202209473,624,50,100,50
food_level3_dial19,6,0.7758940570743661,0.5430205126123441,0.7495537996292114,657,50,100,50
top25_dial15,1,0.8129888861818073,0.6289878868168035,0.6884019374847412,762,50,100,50
top25_dial15,2,0.9463512730798415,0.7902707769607182,0.7052167654037476,800,50,100,50
top25_dial15,3,0.8681327455295006,0.7706742262540429,0.8053725957870483,932,50,100,50
top25_dial15,4,0.8165638892068233,0.6959489366536505,0.7857267260551453,730,50,100,50
top25_dial15,5,0.8122344441756071,0.675178179539961,0.842621386051178,751,50,100,50
top25_dial15,6,0.8806628062654351,0.7635203022987719,0.722403347492218,820,50,100,50
top25_dial60,1,0.8351573201299582,0.6851256220105888,0.7184723615646362,732,50,100,50
top25_dial60,2,0.8080052095076274,0.6782130578984978,0.7720398902893066,760,50,100,50
top25_dial60,3,0.8002166244925257,0.5704048291229918,0.7398432493209839,634,50,100,50
top25_dial60,4,0.7504735094593508,0.5608590229901556,0.8182412981987,656,50,100,50
top25_dial60,5,0.8195341062472876,0.6994284196463145,0.8955368995666504,775,50,100,50
top25_dial60,6,0.7655297189187532,0.4706721490993877,0.7720754146575928,636,50,100,50
top25_dial60,7,0.7848605037451469,0.62405082325347,0.7889046669006348,700,50,100,50
food_level2_dial28,1,0.8283718944900965,0.6733551094215567,0.7155629396438599,698,50,100,50
food_level2_dial28,2,0.7640294041771836,0.6025401940739775,0.7821788191795349,669,50,100,50
food_level2_dial28,3,0.7968863470294454,0.5953363812383455,0.7304348945617676,668,50,100,50
food_level2_dial28,4,0.7971912380314541,0.6484395524530636,0.7926303148269653,719,50,100,50
food_level2_dial28,5,0.7393719327657614,0.5432171638632074,0.7554508447647095,640,50,100,50
food_level2_dial28,6,0.7965552816200493,0.5875301008771199,0.7206337451934814,681,50,100,50
hobby_level1_dial11,1,0.7823343673046348,0.5989776695875295,0.8261551856994629,682,50,100,50
hobby_level1_dial11,2,0.7859612252124468,0.5766023460588104,0.8157540559768677,688,50,100,50
hobby_level1_dial11,3,0.7842043659628216,0.5512721807692317,0.8039318323135376,698,50,100,50
hobby_level1_dial11,4,0.7614296347606743,0.593170281960091,0.8343498706817627,684,50,100,50
hobby_level1_dial11,5,0.7893508189248217,0.6273148866158941,0.8073049187660217,693,50,100,50
hobby_level1_dial11,6,0.8022713194638293,0.6426161032681308,0.816062331199646,704,50,100,50
hobby_level2_dial11,1,0.8123440031615814,0.6847746354702609,0.796227753162384,736,50,100,50
hobby_level2_dial11,2,0.808739740187486,0.5985055415829552,0.8003337979316711,680,50,100,50
hobby_level2_dial11,3,0.7874952578846154,0.6110458766674032,0.8111425042152405,672,50,100,50
hobby_level2_dial11,4,0.7690970551023443,0.5585347039448366,0.8142763376235962,677,50,100,50
hobby_level2_dial11,5,0.7951009619928682,0.6848352943152588,0.8162533640861511,737,50,100,50
hobby_level2_dial11,6,0.7605220826271322,0.5541670924679627,0.822294294834137,645,50,100,50
food_level3_dial20,1,0.8272282463317514,0.6712719360897489,0.7054774165153503,754,50,100,50
food_level3_dial20,2,0.7523295936081594,0.5408409345296071,0.7669519186019897,641,50,100,50
food_level3_dial20,3,0.765727251541625,0.5004965305210106,0.7764928340911865,637,50,100,50
food_level3_dial20,4,0.7442090937715834,0.5372813627178049,0.7855286598205566,663,50,100,50
food_level3_dial20,5,0.749904160375006,0.5387539378005831,0.7833011746406555,673,50,100,50
food_level3_dial20,6,0.7975543150985349,0.574549374324445,0.7915146946907043,682,50,100,50
food_level3_dial20,7,0.7704083067509283,0.5238258464298251,0.7785059809684753,676,50,100,50
food_level2_dial10,1,0.7792308444462164,0.6058051807242344,0.8145285844802856,722,50,100,50
food_level2_dial10,2,0.7746221403692808,0.6166165930034294,0.8078408241271973,748,50,100,50
food_level2_dial10,3,0.8073923062970237,0.6766135521960916,0.7680529356002808,714,50,100,50
food_level2_dial10,4,0.7696074115775368,0.5455095595276446,0.8066627383232117,644,50,100,50
food_level2_dial10,5,0.8030738667023505,0.6402946823527419,0.8058591485023499,739,50,100,50
food_level2_dial10,6,0.7394168425419049,0.5659722629636648,0.812188982963562,654,50,100,50
top25_dial61,1,0.767823828919147,0.5925232878390726,0.6920320391654968,685,50,100,50
top25_dial61,2,0.7897170360861119,0.5817446674720759,0.6835213303565979,745,50,100,50
top25_dial61,3,0.7608402387609371,0.5700245245215999,0.7099563479423523,692,50,100,50
top25_dial61,4,0.7788146719764932,0.6488135339252823,0.7840052843093872,701,50,100,50
top25_dial61,5,0.7501813459553115,0.5466088363821564,0.7467453479766846,675,50,100,50
top25_dial61,6,0.8589200303268906,0.6894313518405575,0.7192986011505127,764,50,100,50
hobby_level1_dial12,1,0.9535875219528471,0.802598743733862,0.7860488295555115,770,50,100,50
hobby_level1_dial12,2,0.8396836647194021,0.610256019183769,0.7524025440216064,739,50,100,50
hobby_level1_dial12,3,0.8222050564862642,0.6305407161395186,0.7656749486923218,705,50,100,50
hobby_level1_dial12,4,0.9107851050551278,0.8683074783849268,0.8588631749153137,447,50,100,50
hobby_level1_dial12,5,0.7724344325150209,0.5733989917457063,0.8350680470466614,576,50,100,50
hobby_level1_dial12,6,0.845753766304034,0.6776386559771373,0.7781095504760742,687,50,100,50
food_level2_dial11,1,0.932603035548706,0.7333713740746834,0.6557905673980713,724,50,100,50
food_level2_dial11,2,0.7941394081759106,0.5544666021002866,0.7676974534988403,687,50,100,50
food_level2_dial11,3,0.7790869390284605,0.5721207171885028,0.7549166679382324,710,50,100,50
food_level2_dial11,4,0.7458378646467659,0.5192822202812822,0.7502779364585876,683,50,100,50
food_level2_dial11,5,0.7857046160742981,0.6253296689501032,0.7357459664344788,670,50,100,50
food_level2_dial11,6,0.764454893514343,0.6462493948019348,0.7860567569732666,730,50,100,50
top25_dial38,1,0.8431285524208672,0.7044371474785871,0.7598224878311157,774,50,100,50
top25_dial38,2,0.8318077278033316,0.6879984885814808,0.6630885004997253,734,50,100,50
top25_dial38,3,0.7451954030355707,0.5268036885185458,0.8244988322257996,659,50,100,50
top25_dial38,4,0.8233677326666543,0.7015908867396189,0.8052229881286621,814,50,100,50
top25_dial38,5,0.7877532327708344,0.595309674260502,0.7895607948303223,660,50,100,50
top25_dial38,6,0.7894186757779851,0.5985358223840782,0.7893273830413818,649,50,100,50
food_level2_dial29,1,0.7885792067565329,0.5280077976862486,0.7810946106910706,712,50,100,50
food_level2_dial29,2,0.7728152481028531,0.5229614005749331,0.7562921643257141,619,50,100,50
food_level2_dial29,3,0.7990262393932174,0.5667223999407974,0.7751005291938782,661,50,100,50
food_level2_dial29,4,0.8113128700554868,0.596492057333555,0.7176764011383057,699,50,100,50
food_level2_dial29,5,0.7919087970497387,0.5806537760690662,0.7293293476104736,662,50,100,50
food_level2_dial29,6,0.775580513225429,0.5669093058177475,0.7458807826042175,677,50,100,50
top25_dial16,1,0.9218617126470096,0.7427661048658508,0.6965861916542053,852,50,100,50
top25_dial16,2,0.8007684934203594,0.6401960626257904,0.6845786571502686,577,50,100,50
top25_dial16,3,0.8629782017503506,0.6642408114108236,0.7763690948486328,715,50,100,50
top25_dial16,4,0.7606684056101723,0.5252443172394304,0.7542330026626587,678,50,100,50
top25_dial16,5,0.81803697211439,0.663927733040856,0.8410670161247253,726,50,100,50
top25_dial16,6,0.8339726321259623,0.6641127657254688,0.767612874507904,697,50,100,50
hobby_level1_dial13,1,0.8113739476392123,0.6471227169680681,0.6993875503540039,754,50,100,50
hobby_level1_dial13,2,0.8030609708373414,0.5848663923022818,0.7723177075386047,644,50,100,50
hobby_level1_dial13,3,0.7937422655745355,0.6351402424246557,0.7419601082801819,684,50,100,50
hobby_level1_dial13,4,0.8220712913023366,0.6800679657415079,0.759120523929596,752,50,100,50
hobby_level1_dial13,5,0.7945317349502018,0.6373024888846767,0.6911934018135071,700,50,100,50
hobby_level1_dial13,6,0.7863537171468268,0.6022462112326807,0.7798725366592407,693,50,100,50
hobby_level2_dial36,1,0.8133878615244593,0.5827417346902481,0.7237433195114136,660,50,100,50
hobby_level2_dial36,2,0.8250207554559562,0.6188109504647596,0.7303611040115356,659,50,100,50
hobby_level2_dial36,3,0.809944270872993,0.5875833925143216,0.7610489130020142,661,50,100,50
hobby_level2_dial36,4,0.7801034424435349,0.6091021496882191,0.7791826725006104,696,50,100,50
hobby_level2_dial36,5,0.760759817692445,0.5923845543062294,0.782229483127594,668,50,100,50
hobby_level2_dial36,6,0.7903412033984122,0.6329931750004739,0.7642383575439453,698,50,100,50
hobby_level2_dial37,1,0.8176103273564808,0.6353992302254721,0.7804340720176697,661,50,100,50
hobby_level2_dial37,2,0.7977076439277382,0.5633019572213813,0.697618305683136,698,50,100,50
hobby_level2_dial37,3,0.7555997241945643,0.5620128064884685,0.7121659517288208,652,50,100,50
hobby_level2_dial37,4,0.847435459166994,0.7045996689513159,0.7639917731285095,767,50,100,50
hobby_level2_dial37,5,0.8379011278129083,0.6464275203384249,0.8000109791755676,691,50,100,50
hobby_level2_dial37,6,0.7942338310869127,0.5761814464916781,0.8024597764015198,709,50,100,50
food_level2_dial3,1,0.771951804509882,0.6139209356332368,0.7882470488548279,690,50,100,50
food_level2_dial3,2,0.7871060006293003,0.596930972154759,0.7741641998291016,666,50,100,50
food_level2_dial3,3,0.7611256556531284,0.5463911308959588,0.7932422161102295,684,50,100,50
food_level2_dial3,4,0.737094776416767,0.5391324822332955,0.7560657262802124,648,50,100,50
food_level2_dial3,5,0.7947345637684756,0.6240385714354154,0.7661231160163879,719,50,100,50
food_level2_dial3,6,0.7923317992334294,0.6335668715404893,0.7703102827072144,703,50,100,50
hobby_level2_dial38,1,0.8505304151604751,0.6491588458352584,0.6979848742485046,753,50,100,50
hobby_level2_dial38,2,0.8594782042662313,0.7002089703717032,0.8055257797241211,757,50,100,50
hobby_level2_dial38,3,0.8005004659239209,0.6485837119812975,0.7541265487670898,680,50,100,50
hobby_level2_dial38,4,0.7470461667557783,0.5741996339037653,0.7747972011566162,657,50,100,50
hobby_level2_dial38,5,0.7814254011459199,0.5660448608216909,0.8029544949531555,720,50,100,50
hobby_level2_dial38,6,0.775429520422521,0.5910303337977283,0.774859607219696,684,50,100,50
top25_dial4,1,0.7832265731510145,0.47986290080081284,0.7600424289703369,582,50,100,50
top25_dial4,2,0.7966390411700054,0.576723967748933,0.7757396697998047,648,50,100,50
top25_dial4,3,0.7737640547744721,0.4996758722952883,0.7875685095787048,658,50,100,50
top25_dial4,4,0.781116190368743,0.5455130844112311,0.7857284545898438,667,50,100,50
top25_dial4,5,0.7671623820275023,0.507434203319804,0.765656590461731,649,50,100,50
top25_dial4,6,0.7645063340312066,0.5698987068888033,0.7835577130317688,681,50,100,50
hobby_level1_dial14,1,0.7958673773966877,0.5341416854890199,0.7072415351867676,649,50,100,50
hobby_level1_dial14,2,0.8214239146809335,0.5785430949148399,0.7849395275115967,701,50,100,50
hobby_level1_dial14,3,0.8160837394292463,0.6184822289934053,0.7527101039886475,689,50,100,50
hobby_level1_dial14,4,0.779249208718383,0.5743891485350944,0.7592482566833496,665,50,100,50
hobby_level1_dial14,5,0.784100723096465,0.6117105009379568,0.7703299522399902,713,50,100,50
hobby_level1_dial14,6,0.7618783647267096,0.5171166419366857,0.8019365072250366,669,50,100,50
top25_dial62,1,0.85721915452541,0.6347590802785433,0.7131683230400085,713,50,100,50
top25_dial62,2,0.9125506778715304,0.7119824781109202,0.648466944694519,710,50,100,50
top25_dial62,3,0.8199475425944917,0.6088969216163861,0.6375479698181152,659,50,100,50
top25_dial62,4,0.7399192111506809,0.589584516718292,0.7671692371368408,640,50,100,50
top25_dial62,5,0.7854639323401948,0.5790225216919537,0.7553273439407349,662,50,100,50
top25_dial62,6,0.7963483703963505,0.5567271306896535,0.722989022731781,674,50,100,50
food_level3_dial21,1,0.8126510649123735,0.6528001495662892,0.7197188138961792,628,50,100,50
food_level3_dial21,2,0.8084280657775568,0.665961457554589,0.7486331462860107,692,50,100,50
food_level3_dial21,3,0.7765835066615709,0.6291672825113285,0.7738254070281982,718,50,100,50
food_level3_dial21,4,0.9184839282798437,0.7574316480103951,0.8040639162063599,696,50,100,50
food_level3_dial21,5,0.8455100886582013,0.70967539513211,0.7732442021369934,732,50,100,50
food_level3_dial21,6,0.8411757861525413,0.6464509449667838,0.7206774950027466,788,50,100,50
hobby_level3_dial3,1,0.8297571276465737,0.694707350241142,0.773330569267273,724,50,100,50
hobby_level3_dial3,2,0.806904775660929,0.6532960570349937,0.7148123979568481,681,50,100,50
hobby_level3_dial3,3,0.8021036479629957,0.6818143349673944,0.8104747533798218,746,50,100,50
hobby_level3_dial3,4,0.7767497390274434,0.5674746105745708,0.7251712083816528,672,50,100,50
hobby_level2_dial4,1,0.7735083278722982,0.5610801141052596,0.7202543020248413,600,50,100,50
hobby_level2_dial4,2,0.7663057481351668,0.5538368595489769,0.7879694700241089,688,50,100,50
hobby_level2_dial4,3,0.7845813505992265,0.616465083009906,0.8179358839988708,677,50,100,50
hobby_level2_dial4,4,0.7446395271896055,0.580712237943965,0.7991176843643188,690,50,100,50
hobby_level2_dial4,5,0.7773866033879837,0.5677991244430715,0.7505108714103699,671,50,100,50
hobby_level2_dial4,6,0.759074192912105,0.5555207920158529,0.7805746793746948,686,50,100,50
top25_dial17,1,0.8243394770730893,0.6416856607308774,0.767902672290802,652,50,100,50
top25_dial17,2,0.7957988022693268,0.6914768958386922,0.7995754480361938,771,50,100,50
top25_dial17,3,0.8823043136878668,0.7095252373937229,0.828399121761322,778,50,100,50
top25_dial17,4,0.82170803207342,0.6752040526135863,0.7709769606590271,713,50,100,50
top25_dial17,5,0.7958509621576525,0.6001772531004291,0.7340348958969116,620,50,100,50
top25_dial17,6,0.781946135976319,0.5671256083450356,0.7818230986595154,656,50,100,50
hobby_level2_dial5,1,0.7921004046766791,0.5657896964036634,0.7825782299041748,661,50,100,50
hobby_level2_dial5,2,0.8167441085250445,0.5178632343802207,0.7880571484565735,667,50,100,50
hobby_level2_dial5,3,0.8025170814834316,0.6381019428028112,0.7291246056556702,682,50,100,50
hobby_level2_dial5,4,0.795146652486561,0.5469957869421515,0.7979072332382202,673,50,100,50
hobby_level3_dial30,1,0.8176274313376181,0.609543782151239,0.7165579199790955,688,50,100,50
hobby_level3_dial30,2,0.8031524775607557,0.542599572456091,0.7619433403015137,671,50,100,50
hobby_level3_dial30,3,0.7753516223168563,0.49196344438316586,0.7405728101730347,655,50,100,50
hobby_level3_dial30,4,0.7610875271200068,0.5095373253821732,0.7416415214538574,617,50,100,50
hobby_level3_dial30,5,0.7829608880731017,0.5124548103185067,0.8248989582061768,682,50,100,50
hobby_level3_dial30,6,0.7599423393922453,0.5248103942087641,0.7203323841094971,642,50,100,50
hobby_level3_dial30,7,0.828484753774196,0.5866139103097201,0.6392809748649597,705,50,100,50
hobby_level3_dial32,1,0.7875943608803881,0.6176044725092342,0.8029156923294067,681,50,100,50
hobby_level3_dial32,2,0.779131765158173,0.6059745514798938,0.7026976943016052,690,50,100,50
hobby_level2_dial6,1,0.7769751377944015,0.6033368335908325,0.7942709922790527,700,50,100,50
hobby_level2_dial6,2,0.7815585637072207,0.5399317952614963,0.7744773626327515,678,50,100,50
hobby_level2_dial6,3,0.7736945491507717,0.5625950554946094,0.7296479344367981,668,50,100,50
hobby_level2_dial6,4,0.7624585896344481,0.5616714506719835,0.740185022354126,620,50,100,50
hobby_level2_dial6,5,0.7864214899879965,0.5980652258833149,0.7807141542434692,673,50,100,50
hobby_level2_dial6,6,0.7819513863947283,0.5942444621846924,0.6718833446502686,666,50,100,50
hobby_level1_dial15,1,0.8281699861440359,0.6724107239757545,0.7858538031578064,725,50,100,50
hobby_level1_dial15,2,0.7892324157740106,0.5148482119263839,0.817771315574646,663,50,100,50
hobby_level1_dial15,3,0.7650737360151908,0.5289534325216934,0.8211015462875366,687,50,100,50
hobby_level1_dial15,4,0.7719259251214106,0.5571450028578275,0.7624630331993103,688,50,100,50
hobby_level1_dial15,5,0.7397059617724139,0.5835737418545122,0.7611911296844482,650,50,100,50
hobby_level1_dial15,6,0.776064241648625,0.5977929984426414,0.7666852474212646,705,50,100,50
top25_dial40,1,0.749483630633405,0.5011965515579885,0.7196420431137085,631,50,100,50
top25_dial40,2,0.7455175720967698,0.4577274824525244,0.7510833740234375,631,50,100,50
top25_dial40,3,0.7613754570949621,0.527708187603616,0.7191051840782166,644,50,100,50
top25_dial40,4,0.7571067585247176,0.5291411089539658,0.7594577670097351,621,50,100,50
top25_dial40,5,0.74806724781731,0.566841549399857,0.762856125831604,645,50,100,50
top25_dial40,6,0.744848531250289,0.5190774181223191,0.7668098211288452,619,50,100,50
top25_dial63,1,0.7751192586720095,0.5766167618502931,0.6898228526115417,680,50,100,50
top25_dial63,2,0.7967161305652098,0.6370312599297939,0.7228901386260986,667,50,100,50
top25_dial63,3,0.8272455433627993,0.60873929675873,0.8004968166351318,716,50,100,50
top25_dial63,4,0.9767430216238266,0.831168801241695,0.6852655410766602,797,50,100,50
top25_dial63,5,0.7969665678497493,0.5752801601785119,0.7871463298797607,666,50,100,50
top25_dial63,6,0.7861768480402272,0.5608574017428937,0.7388319969177246,646,50,100,50
hobby_level2_dial12,1,0.9289161443108811,0.8145483178676025,0.7328478693962097,762,50,100,50
hobby_level2_dial12,2,0.7497787219120363,0.5496445276666005,0.7415283918380737,657,50,100,50
hobby_level2_dial12,3,0.7876577826444598,0.5969912976247402,0.8029950857162476,664,50,100,50
hobby_level2_dial12,4,0.7768290493128289,0.6191362842455984,0.7618627548217773,677,50,100,50
hobby_level2_dial12,5,0.7874766214871863,0.6135475712954654,0.7516799569129944,645,50,100,50
hobby_level2_dial12,6,0.8251368783437917,0.6104888194760647,0.7105948328971863,640,50,100,50
hobby_level2_dial12,7,0.791033156614967,0.6263713655983374,0.7630285620689392,638,50,100,50
food_level2_dial30,1,0.7704401264878787,0.5935579245241478,0.7794366478919983,648,50,100,50
food_level2_dial30,2,0.7832823750281129,0.5033518613198821,0.8135778903961182,703,50,100,50
food_level2_dial30,3,0.765200810843855,0.5662013993274644,0.8143226504325867,707,50,100,50
food_level2_dial30,4,0.7880639816926924,0.5872031444188018,0.7977970242500305,684,50,100,50
food_level2_dial30,5,0.7652239258032789,0.6330584062085289,0.7436712384223938,681,50,100,50
food_level2_dial30,6,0.7565059077407836,0.5639629066040068,0.7195675373077393,686,50,100,50
top25_dial18,1,0.799892329864484,0.5700370536790319,0.757783830165863,699,50,100,50
top25_dial18,2,0.7905560584484062,0.5961943199931062,0.8231092691421509,746,50,100,50
top25_dial18,3,0.7989844730258284,0.6464464484272561,0.8277118802070618,704,50,100,50
top25_dial18,4,0.765413248645486,0.5696276001688159,0.7437170147895813,657,50,100,50
top25_dial18,5,0.7838404984864826,0.48452076568390096,0.8082311749458313,658,50,100,50
top25_dial18,6,0.7841688837008847,0.5395201545178119,0.7571169137954712,616,50,100,50
food_level3_dial22,1,0.9786077835763329,0.8129269123765439,0.6432786583900452,863,50,100,50
food_level3_dial22,2,0.8116976553158105,0.6287989520099859,0.6922994256019592,730,50,100,50
food_level3_dial22,3,0.8374937309975966,0.6424620380609367,0.6615628600120544,708,50,100,50
food_level3_dial22,4,0.8059882317535124,0.6759419862005583,0.7380505800247192,787,50,100,50
food_level3_dial22,5,0.7811669880826203,0.6519281705328777,0.7694205641746521,756,50,100,50
food_level3_dial22,6,0.8279330755032723,0.6419961498029562,0.6536954641342163,750,50,100,50
hobby_level2_dial14,1,0.8056649175518651,0.6345970973306656,0.8110891580581665,678,50,100,50
hobby_level2_dial14,2,0.7772951286107898,0.5990253811945631,0.712770938873291,654,50,100,50
hobby_level2_dial14,3,0.8463350714278586,0.6788042447687619,0.727061927318573,739,50,100,50
hobby_level2_dial14,4,0.8191786456820259,0.6317556693629818,0.7619405388832092,660,50,100,50
hobby_level2_dial14,5,0.7773364250607314,0.5732663468227355,0.7524773478507996,645,50,100,50
hobby_level2_dial14,6,0.7876263875965352,0.5514197959727521,0.6761372089385986,698,50,100,50
food_level3_dial23,1,0.7719492352873961,0.616318645512705,0.7842279076576233,748,50,100,50
food_level3_dial23,2,0.7430644629889044,0.5168060666384049,0.7693077325820923,680,50,100,50
food_level3_dial23,3,0.7931812128798376,0.59499021643507,0.784147322177887,666,50,100,50
food_level3_dial23,4,0.7765688994194092,0.5569204224200918,0.8175581693649292,667,50,100,50
food_level3_dial23,5,0.7797359671075326,0.5811759754430195,0.7614176273345947,677,50,100,50
food_level3_dial23,6,0.7692723144144719,0.5649017921319583,0.7547251582145691,663,50,100,50
top25_dial64,1,0.7974883611522772,0.6196308415393524,0.7823504209518433,683,50,100,50
top25_dial64,2,0.8385156882960787,0.6710158955093319,0.7592290043830872,743,50,100,50
hobby_level2_dial15,1,0.7769124779678497,0.5304694942928718,0.7780440449714661,663,50,100,50
hobby_level2_dial15,2,0.7532165169104624,0.5272057925288007,0.7881145477294922,672,50,100,50
hobby_level2_dial15,3,0.796865480594754,0.5663695864206706,0.7420740723609924,708,50,100,50
hobby_level2_dial15,4,0.7580568710390174,0.5650945560544435,0.779967188835144,650,50,100,50
hobby_level2_dial15,5,0.9022414161352033,0.6996525143508839,0.6444684863090515,813,50,100,50
hobby_level2_dial15,6,0.8146885977274809,0.6049103080381597,0.653583288192749,702,50,100,50
top25_dial41,1,0.755532664567794,0.5009661480043716,0.6944099068641663,663,50,100,50
top25_dial41,2,0.8231428776447379,0.5958898965452877,0.6753223538398743,694,50,100,50
top25_dial41,3,0.7935878913158477,0.5829487937626643,0.7958831787109375,667,50,100,50
top25_dial41,4,0.7692569177123169,0.5833191878279554,0.7851995825767517,681,50,100,50
top25_dial41,5,0.9083634640458914,0.7275561814722304,0.6989505887031555,810,50,100,50
top25_dial41,6,0.7899930391580972,0.5680887047815819,0.8031872510910034,674,50,100,50
hobby_level2_dial7,1,0.8395758326900707,0.6577279845765059,0.706842303276062,688,50,100,50
hobby_level2_dial7,2,0.7987363024918736,0.6932722707501278,0.7877260446548462,711,50,100,50
hobby_level2_dial7,3,0.771383805324437,0.6027171951436547,0.660209059715271,696,50,100,50
hobby_level2_dial7,4,0.7906028368256024,0.5837086114378797,0.7485237717628479,701,50,100,50
hobby_level2_dial7,5,0.7662393264485631,0.4722396002018744,0.738638162612915,657,50,100,50
hobby_level2_dial7,6,0.831536369066328,0.5966395257276855,0.7635964155197144,625,50,100,50
top25_dial19,1,0.7950326731150645,0.6596590918405777,0.7683271169662476,736,50,100,50
top25_dial19,2,0.7909535306931265,0.6676588853545512,0.7361066341400146,726,50,100,50
top25_dial19,3,0.8874726407924604,0.7343710100014766,0.7170572876930237,702,50,100,50
top25_dial19,4,0.7957032439280777,0.6872034881243763,0.8118366599082947,721,50,100,50
top25_dial19,5,0.872201193418553,0.6906658133969823,0.6636065244674683,709,50,100,50
top25_dial19,6,0.9012708229432236,0.6662170744059586,0.6321424841880798,742,50,100,50
hobby_level2_dial16,1,0.7417620216222813,0.5206713271852483,0.7135114669799805,584,50,100,50
hobby_level2_dial16,2,0.77400272151843,0.5824335160184374,0.7522220015525818,633,50,100,50
hobby_level2_dial16,3,0.7772434880514035,0.5925527457878723,0.7790045142173767,656,50,100,50
food_level2_dial31,1,0.7722227093850542,0.6431073758423768,0.7999540567398071,627,50,100,50
food_level2_dial31,2,0.7875790198033421,0.5656214758347838,0.8185884952545166,676,50,100,50
food_level2_dial31,3,0.8263242793417004,0.6171899064980887,0.7111575603485107,703,50,100,50
food_level2_dial31,4,0.8062407500117584,0.588471351640338,0.823288083076477,715,50,100,50
food_level2_dial31,5,0.8287142328321292,0.6293581722217526,0.7609847187995911,645,50,100,50
food_level2_dial31,6,0.7667732631764784,0.5312023629568984,0.7735939621925354,520,50,100,50
top25_dial65,1,0.748832370319045,0.5525508283523051,0.847501814365387,679,50,100,50
top25_dial65,2,0.7666422144015336,0.5287044837113768,0.8262941837310791,670,50,100,50
top25_dial65,3,0.7846327090353005,0.5830913039828036,0.7830513119697571,649,50,100,50
top25_dial65,4,0.7907090176330204,0.5515104973329321,0.8504936695098877,675,50,100,50
top25_dial65,5,0.8060542704455552,0.6135111384091825,0.7384743690490723,685,50,100,50
top25_dial65,6,0.8198480885812726,0.6099328988522947,0.696600079536438,636,50,100,50
food_level3_dial24,1,0.8041618310618971,0.6671953555887135,0.7837143540382385,762,50,100,50
food_level3_dial24,2,0.7874568886139143,0.5922884104451493,0.8131398558616638,672,50,100,50
food_level3_dial24,3,0.8206033239198979,0.6062289566527339,0.7995970249176025,732,50,100,50
food_level3_dial24,4,0.8017895120420144,0.5983543970361017,0.7682678699493408,650,50,100,50
food_level3_dial24,5,0.7743172195784624,0.5354107020154641,0.8141064643859863,660,50,100,50
food_level3_dial24,6,0.7824441035553049,0.5938816196099989,0.7657897472381592,652,50,100,50
hobby_level2_dial17,1,0.7963039656166611,0.5289103100519635,0.6874043345451355,677,50,100,50
hobby_level2_dial17,2,0.8637915851835456,0.630865403460011,0.7326707243919373,698,50,100,50
hobby_level2_dial17,3,0.8234155636353002,0.5807866166444345,0.7911362051963806,691,50,100,50
hobby_level2_dial17,4,0.7743190631987851,0.5694136171305595,0.7192976474761963,685,50,100,50
hobby_level2_dial17,5,0.7810102317899161,0.560052390782773,0.7644907832145691,602,50,100,50
hobby_level2_dial17,6,0.8628140020901531,0.6403612818297152,0.5998037457466125,665,50,100,50
top25_dial20,1,0.8285668797122172,0.6945891846186708,0.7733467221260071,796,50,100,50
top25_dial20,2,0.7586171533516716,0.5953227040376872,0.7342959642410278,590,50,100,50
top25_dial20,3,0.8106885025658326,0.6564806858759635,0.7431952357292175,750,50,100,50
top25_dial20,4,0.8142151589910622,0.6979480560558059,0.7772486805915833,565,50,100,50
top25_dial20,5,0.7908150294213984,0.6114872448291893,0.7459555864334106,676,50,100,50
top25_dial20,6,0.7848001539697497,0.6195539894077503,0.7406775951385498,688,50,100,50
top25_dial42,1,0.7920791462096267,0.6473816053474013,0.7553073167800903,727,50,100,50
top25_dial42,2,0.7943806799700062,0.6268766606915191,0.7623769044876099,772,50,100,50
top25_dial42,3,0.7970665775951206,0.5888505096406094,0.747379720211029,686,50,100,50
top25_dial42,4,0.776206795658794,0.5646835391022761,0.759938657283783,647,50,100,50
top25_dial42,5,0.8382308199293179,0.5745415807147808,0.7507036328315735,734,50,100,50
top25_dial42,6,0.7845175613721583,0.5856710702461189,0.7630444169044495,710,50,100,50
top25_dial21,1,0.8885620398879062,0.7218964502234964,0.7013177275657654,862,50,100,50
top25_dial21,2,0.8224043064215237,0.637663325122021,0.6637503504753113,726,50,100,50
top25_dial21,3,0.8344829634858878,0.5645016481186113,0.7208826541900635,646,50,100,50
top25_dial21,4,0.7963373176791486,0.5297621646440404,0.7430047988891602,667,50,100,50
top25_dial21,5,0.8498729849647187,0.6990309299116784,0.7322705388069153,796,50,100,50
top25_dial21,6,0.7784981697937592,0.4920835294662118,0.7337936162948608,593,50,100,50
top25_dial21,7,0.8043306608691974,0.6414868594099947,0.7501271367073059,761,50,100,50
top25_dial66,1,0.8293678274452447,0.7221700483563205,0.7772347331047058,761,50,100,50
top25_dial66,2,0.7744214190288915,0.5550978936134343,0.6704111099243164,618,50,100,50
hobby_level2_dial18,1,0.7965606175211605,0.6023244279214205,0.719800591468811,667,50,100,50
hobby_level2_dial18,2,0.7754784418079099,0.5259418518618343,0.747542679309845,670,50,100,50
hobby_level2_dial18,3,0.8223379152344434,0.5697179911585601,0.6859282851219177,708,50,100,50
hobby_level2_dial18,4,0.80637432988324,0.536583290676605,0.7206947803497314,657,50,100,50
hobby_level2_dial18,5,0.861426088361056,0.6872057070573254,0.7125610709190369,768,50,100,50
hobby_level2_dial18,6,0.8908633100252483,0.6901974862933595,0.6999702453613281,786,50,100,50
food_level2_dial33,1,0.7971854993385934,0.5745579868332629,0.6911308169364929,672,50,100,50
food_level2_dial33,2,0.7438788401580544,0.537769380606185,0.6733886003494263,659,50,100,50
food_level2_dial33,3,0.8456731692496267,0.6935044774136562,0.7123405933380127,704,50,100,50
food_level2_dial33,4,0.8213700323589925,0.6508157927198726,0.7593998908996582,677,50,100,50
food_level2_dial33,5,0.7491554863849689,0.5026288479277237,0.7388981580734253,619,50,100,50
food_level2_dial33,6,0.8215234507354041,0.642963609967612,0.6780130863189697,693,50,100,50
top25_dial43,1,0.7876635099479076,0.6426462920609656,0.7607635259628296,726,50,100,50
top25_dial43,2,0.8096205681874469,0.6030970591600919,0.7379837036132812,680,50,100,50
top25_dial43,3,0.8659714248931876,0.6725812347791366,0.6871432662010193,757,50,100,50
top25_dial43,4,0.7871512846498209,0.5874936242259541,0.8273853063583374,630,50,100,50
top25_dial43,5,0.7947391407866238,0.6016304915850528,0.7446281909942627,673,50,100,50
top25_dial43,6,0.8194783384697673,0.6045779157332436,0.6869540214538574,622,50,100,50
food_level3_dial25,1,0.8071464479688691,0.5541283205240195,0.7818797826766968,746,50,100,50
food_level3_dial25,2,0.7623856173766437,0.5410491061189585,0.7416401505470276,685,50,100,50
food_level3_dial25,3,0.8194102657787563,0.6517593444662776,0.7706097364425659,702,50,100,50
food_level3_dial25,4,0.8516678169227974,0.6277958588074033,0.7597413063049316,730,50,100,50
food_level3_dial25,5,0.7815204851175842,0.6085217951284416,0.7741614580154419,689,50,100,50
food_level3_dial25,6,0.8372518756487917,0.5956079390183763,0.7013400197029114,669,50,100,50
hobby_level2_dial8,1,0.7893331955339344,0.6341222564259619,0.7559380531311035,703,50,100,50
hobby_level2_dial8,2,0.7969910947876653,0.5597265222849128,0.7610273957252502,728,50,100,50
hobby_level2_dial8,3,0.7712982059796066,0.6048432428746454,0.7685303688049316,714,50,100,50
hobby_level2_dial8,4,0.7738900273682269,0.6058944376105454,0.7475205063819885,655,50,100,50
hobby_level2_dial8,5,0.7713629362512385,0.5617730707991372,0.7561920285224915,664,50,100,50
hobby_level2_dial8,6,0.8029332361512346,0.6260762557947434,0.7201245427131653,730,50,100,50
top25_dial22,1,0.7849448787728912,0.49559021643209455,0.7366679310798645,711,50,100,50
top25_dial22,2,0.7995648110984135,0.5376462761576876,0.7301663160324097,667,50,100,50
top25_dial22,3,0.767270926318922,0.4177303289256434,0.7749753594398499,640,50,100,50
top25_dial22,4,0.7989642045513196,0.6534206514449113,0.7349862456321716,708,50,100,50
top25_dial22,5,0.7922199676366776,0.5774856551170513,0.758314311504364,736,50,100,50
top25_dial22,6,0.7769125223004276,0.5709246461129793,0.7512168288230896,613,50,100,50
top25_dial44,1,0.8357173038969953,0.5803845668370511,0.629371702671051,651,50,100,50
top25_dial44,2,0.7848490567404298,0.5691162015580143,0.7024376392364502,668,50,100,50
top25_dial44,3,0.7935572912093428,0.5933984632797857,0.6940192580223083,651,50,100,50
top25_dial44,4,0.7829324021335364,0.6116221800919981,0.7679691910743713,675,50,100,50
top25_dial44,5,0.7747538739961882,0.5495451255186087,0.6766777038574219,662,50,100,50
food_level2_dial34,1,0.7510842338544661,0.5429836276998574,0.7518815994262695,618,50,100,50
food_level2_dial34,2,0.7624708597063973,0.5932718634441884,0.8140404224395752,684,50,100,50
food_level2_dial34,3,0.8118327734783848,0.6097632567764526,0.8098511099815369,743,50,100,50
food_level2_dial34,4,0.7938953697654405,0.49971059206391494,0.8082467913627625,681,50,100,50
food_level2_dial34,5,0.8044912011754871,0.571783736859533,0.7843851447105408,717,50,100,50
food_level2_dial34,6,0.7938326328641189,0.6281368312141684,0.7967251539230347,696,50,100,50
hobby_level2_dial19,1,0.8313362198109006,0.6292098751924797,0.6933850049972534,705,50,100,50
hobby_level2_dial19,2,0.8661157509827707,0.7077076437334324,0.7519724369049072,820,50,100,50
hobby_level2_dial19,3,0.8147951531203371,0.6668789373885025,0.8104246854782104,718,50,100,50
hobby_level2_dial19,4,0.7592186002822051,0.5534461474950106,0.7903558015823364,642,50,100,50
hobby_level2_dial19,5,0.7915458225251604,0.6859699379811726,0.8652191162109375,703,50,100,50
hobby_level2_dial19,6,0.792983456919971,0.6195897823999817,0.9249294400215149,660,50,100,50
top25_dial67,1,0.801658404069274,0.6801020869419634,0.7664270997047424,787,50,100,50
top25_dial67,2,0.8242035946675306,0.6741071795616571,0.6687072515487671,718,50,100,50
top25_dial67,3,0.7908092261921047,0.6739946201062171,0.7496676445007324,704,50,100,50
top25_dial67,4,0.821130911524406,0.6743006973605101,0.7644850015640259,744,50,100,50
top25_dial67,5,0.8362461093633571,0.6325906236059625,0.7061508297920227,578,50,100,50
top25_dial67,6,0.7188210388075003,0.41946689511127966,0.7923048734664917,622,50,100,50
top25_dial45,1,0.842908232445495,0.5789927522531886,0.6583386063575745,684,50,100,50
top25_dial45,2,0.8149291526418453,0.541214382182856,0.674380362033844,647,50,100,50
top25_dial45,3,0.8658090999038389,0.6148685938505479,0.6665568351745605,694,50,100,50
top25_dial45,4,0.7784571441407939,0.5480322599228465,0.7882347106933594,678,50,100,50
top25_dial45,5,0.7870174300571428,0.6093418678027382,0.7535072565078735,654,50,100,50
top25_dial45,6,0.7532280573583765,0.5539787639192177,0.7507984638214111,605,50,100,50
food_level2_dial35,1,0.8335099315345827,0.6987826146615812,0.7761573195457458,716,50,100,50
food_level2_dial35,2,0.8882106672381544,0.6912860470053936,0.6944272518157959,719,50,100,50
food_level2_dial35,3,0.8194903230667117,0.6232344064607854,0.6765615344047546,688,50,100,50
food_level2_dial35,4,0.8763165635061528,0.6914817044670017,0.7752458453178406,763,50,100,50
food_level2_dial35,5,0.8106213234580855,0.668320136660444,0.8020856380462646,724,50,100,50
food_level2_dial35,6,0.7879921841941916,0.630379530040197,0.740505039691925,681,50,100,50
top25_dial68,1,0.8739485648741318,0.638444959191494,0.6661087870597839,785,50,100,50
top25_dial68,2,0.834997474037345,0.6431951961225043,0.6911434531211853,759,50,100,50
top25_dial68,3,0.8031244374446936,0.6140631000827077,0.7896898984909058,710,50,100,50
top25_dial68,4,0.7993320664367212,0.5799808463574143,0.774735152721405,670,50,100,50
top25_dial68,5,0.7977584727655068,0.641504108266714,0.7392889261245728,698,50,100,50
top25_dial68,6,0.8171939540478098,0.6965986792120564,0.7207700610160828,734,50,100,50
top25_dial7,1,0.7832311182544044,0.656829299092918,0.7635520100593567,689,50,100,50
top25_dial7,2,0.8293149027163725,0.6422493164072332,0.690102219581604,621,50,100,50
top25_dial7,3,0.8343021809215944,0.6818914394509556,0.7663796544075012,718,50,100,50
top25_dial7,4,0.855767469855708,0.6708251101857269,0.6938689947128296,605,50,100,50
top25_dial7,5,0.7918536876456136,0.6666320259656808,0.7817726731300354,733,50,100,50
top25_dial7,6,0.7311810115732675,0.5637429678027702,0.7345102429389954,647,50,100,50
top25_dial70,1,0.8839373625587396,0.6537829467238498,0.6971474289894104,713,50,100,50
top25_dial70,2,0.8341876429462772,0.5680845069354672,0.6970251798629761,706,50,100,50
top25_dial70,3,0.8006617999873475,0.49543579249788955,0.6656003594398499,632,50,100,50
top25_dial70,4,0.7782075078235386,0.5338089875113831,0.730804443359375,627,50,100,50
top25_dial8,1,0.8008898070450635,0.6160321124172925,0.7976303696632385,692,50,100,50
top25_dial8,2,0.808237127583611,0.6202731052293448,0.7791160345077515,662,50,100,50
top25_dial8,3,0.7877289483997939,0.6238203113333026,0.7687751054763794,674,50,100,50
top25_dial8,4,0.7258601373853247,0.4793334567233998,0.7301405072212219,603,50,100,50
top25_dial8,5,0.7796520442848608,0.5986010077572486,0.723486065864563,636,50,100,50
top25_dial8,6,0.764366386199098,0.5953278993968195,0.747412383556366,623,50,100,50
top25_dial9,1,0.8883872706055531,0.7391582254849154,0.6569020748138428,663,50,100,50
top25_dial9,2,0.8940122713425925,0.6884755979666107,0.7023040652275085,699,50,100,50
top25_dial9,3,0.8405125895795478,0.6460977421524496,0.5722556114196777,659,50,100,50
top25_dial9,4,0.8199328777727187,0.6226635274271263,0.7550079822540283,659,50,100,50
top25_dial9,5,0.7659909647600088,0.6027417318667748,0.8153039216995239,687,50,100,50
top25_dial9,6,0.764106784149904,0.49992662859985093,0.7359965443611145,604,50,100,50
top25_dial47,1,0.8013975084652983,0.5078159581345366,0.703508734703064,642,50,100,50
top25_dial47,2,0.7407074266732656,0.5451439998670129,0.7489300966262817,659,50,100,50
top25_dial47,3,0.7702793629239956,0.5393777649292663,0.7408275008201599,640,50,100,50
top25_dial47,4,0.7935350337998547,0.5706080133969677,0.8000953197479248,671,50,100,50
top25_dial47,5,0.8138235712858378,0.6652257716999866,0.7792069315910339,698,50,100,50
top25_dial47,6,0.7685718880188794,0.5976157015849147,0.7122355103492737,686,50,100,50
top25_dial47,7,0.7557511113775067,0.5085140892387124,0.7303199172019958,661,50,100,50
top25_dial48,1,0.8472453629759079,0.6424653370296249,0.6911861300468445,727,50,100,50
top25_dial48,2,0.8134363395736892,0.6226646196628969,0.7672944068908691,698,50,100,50
top25_dial48,3,0.9294605093901087,0.727543795776348,0.6774261593818665,716,50,100,50
top25_dial48,4,0.7988997913976956,0.5360927911568674,0.7741236090660095,719,50,100,50
top25_dial48,5,0.8232478833126418,0.6088319450144435,0.7984983921051025,656,50,100,50
top25_dial48,6,0.7692947826432106,0.5278938326468847,0.8280759453773499,642,50,100,50
top25_dial49,1,0.7751405273754305,0.6008373769824638,0.7332475781440735,675,50,100,50
top25_dial49,2,0.7739524699364364,0.5980936170640427,0.7357369661331177,674,50,100,50
top25_dial49,3,0.7845161359832733,0.6137846509187689,0.7118154168128967,657,50,100,50
top25_dial49,4,0.7900438798565278,0.5680097813751854,0.740236222743988,600,50,100,50
top25_dial49,5,0.7808240522589205,0.5775350002457269,0.8592237234115601,711,50,100,50
top25_dial49,6,0.7581050181026038,0.5486559865083953,0.719357967376709,654,50,100,50
