conv_id,turn_id,smv,score_mean,score_std,score_variance,num_retrieved_documents
food_level3_dial26,1,1.2498307372246837,72.52977493,1.1179582895728641,1.2498307372246837,100
food_level3_dial26,2,1.1057576787775063,73.64588344,1.0515501313667868,1.1057576787775063,100
food_level3_dial26,3,0.6744225181695421,72.13388091,0.8212323168078215,0.6744225181695421,100
food_level3_dial26,4,1.8917455041726148,70.15399894000001,1.375407395709582,1.8917455041726148,100
food_level3_dial26,5,0.7155007160299269,75.09662804999999,0.8458727540416034,0.7155007160299269,100
food_level3_dial26,6,1.5183494937978623,72.93830291,1.2322132501307808,1.5183494937978623,100
hobby_level1_dial16,1,0.7962850669885297,74.88879610000001,0.8923480638117224,0.7962850669885297,100
hobby_level1_dial16,2,1.469517967653467,78.24465045,1.2122367622100343,1.469517967653467,100
hobby_level1_dial16,3,0.2791478981927676,79.42247182000001,0.528344488182443,0.2791478981927676,100
hobby_level1_dial16,4,2.6713879087078505,78.31915690000001,1.6344381018282248,2.6713879087078505,100
hobby_level1_dial16,5,1.3884388504444853,72.43744475000001,1.1783203513665057,1.3884388504444853,100
hobby_level1_dial16,6,1.0218639244547607,70.87707832999999,1.0108728527637691,1.0218639244547607,100
top25_dial5,1,2.835796987209197,75.0820082,1.6839824782963737,2.835796987209197,100
top25_dial5,2,4.435765156544368,71.96698195,2.106125626961594,4.435765156544368,100
top25_dial5,3,5.22441077751206,74.1169382,2.285697000372547,5.22441077751206,100
food_level2_dial36,1,2.0073966944700414,69.84692486,1.4168262753316094,2.0073966944700414,100
food_level2_dial36,2,2.345234752390244,70.56402508999999,1.531415930565646,2.345234752390244,100
food_level2_dial36,3,1.8852944858579894,68.50059353,1.3730602630103275,1.8852944858579894,100
food_level2_dial36,4,2.312020375932469,73.59301205,1.5205329249748158,2.312020375932469,100
food_level2_dial36,5,2.92122265199466,79.93754983,1.7091584631024297,2.92122265199466,100
food_level3_dial27,1,2.1785480305821427,75.23833476,1.475990525234543,2.1785480305821427,100
food_level3_dial27,2,1.1947992635184257,67.89082929,1.093068736868101,1.1947992635184257,100
food_level3_dial27,3,1.3195166580945161,69.87086989,1.1487021624836076,1.3195166580945161,100
food_level3_dial27,4,2.9834429521175685,75.92972088,1.7272645865985814,2.9834429521175685,100
food_level3_dial27,5,3.275262562438552,78.20740749000001,1.8097686488716043,3.275262562438552,100
food_level3_dial27,6,1.563604992629694,77.45397281,1.2504419189349396,1.563604992629694,100
food_level2_dial37,1,2.4263391993727232,72.61344306999999,1.5576710818952515,2.4263391993727232,100
food_level2_dial37,2,1.2451803526663878,71.84763985000001,1.1158764952567053,1.2451803526663878,100
food_level2_dial37,3,1.9299357803804662,75.47977356,1.3892212856058843,1.9299357803804662,100
food_level2_dial37,4,1.4903578614396877,79.02375205,1.220802138530109,1.4903578614396877,100
food_level2_dial37,5,2.811369794572788,82.72473618,1.676713987110738,2.811369794572788,100
food_level2_dial37,6,1.4177307937223174,74.81628784,1.190685010287069,1.4177307937223174,100
food_level2_dial12,1,1.921120796313651,72.6657095,1.3860450195840144,1.921120796313651,100
food_level2_dial12,2,1.4900830647085679,79.60962247999998,1.2206895857295448,1.4900830647085679,100
food_level2_dial12,3,0.986314062332177,74.23842127,0.9931334564559674,0.986314062332177,100
food_level2_dial12,4,1.063556220527887,81.30039178999999,1.0312886213509227,1.063556220527887,100
food_level2_dial12,5,1.988126722950355,76.86894816,1.4100094761916868,1.988126722950355,100
food_level2_dial12,6,3.946706569193474,74.55928383999999,1.9866319662165597,3.946706569193474,100
hobby_level2_dial2,1,1.489030645324888,73.7588307,1.220258433826576,1.489030645324888,100
hobby_level2_dial2,2,0.45403858215503623,73.35811561999999,0.6738238509840953,0.45403858215503623,100
hobby_level2_dial2,3,1.610852343149247,76.35986025,1.2691935798566139,1.610852343149247,100
hobby_level2_dial2,4,7.167231339249226,81.26391679,2.677168530229135,7.167231339249226,100
hobby_level2_dial2,5,2.117141188224581,77.22232400000001,1.4550399266771277,2.117141188224581,100
hobby_level2_dial2,6,0.9848915576380024,80.45176976,0.9924170280874882,0.9848915576380024,100
hobby_level3_dial33,1,0.6363896126545341,76.24113287,0.7977403165532843,0.6363896126545341,100
hobby_level3_dial33,2,1.6208787953554624,74.68648409,1.2731373827499775,1.6208787953554624,100
hobby_level3_dial33,3,1.0962750474025065,73.52375482000001,1.0470315407868602,1.0962750474025065,100
hobby_level3_dial33,4,1.0973660215752477,71.29749785000001,1.047552395622886,1.0973660215752477,100
hobby_level3_dial33,5,1.1584636719469894,77.27179329999998,1.0763195027253707,1.1584636719469894,100
hobby_level3_dial33,6,0.24508009648152485,73.24497034000001,0.4950556498834498,0.24508009648152485,100
food_level1_dial1,1,0.9510427599205908,75.31521864,0.9752142123249593,0.9510427599205908,100
food_level1_dial1,2,3.0805250580483676,77.05534775,1.7551424608983648,3.0805250580483676,100
hobby_level1_dial17,1,1.7308321300290472,78.76857688000001,1.315610934140123,1.7308321300290472,100
hobby_level1_dial17,2,1.116423658867208,75.84770585,1.0566095110622504,1.116423658867208,100
hobby_level1_dial17,3,1.2763091962681252,74.67731388,1.1297385521739645,1.2763091962681252,100
hobby_level1_dial17,4,1.9499634739324394,70.76869886,1.3964109258855144,1.9499634739324394,100
hobby_level1_dial17,5,1.671951655924403,70.68941082999999,1.2930396961904933,1.671951655924403,100
hobby_level1_dial17,6,6.633511027310922,73.71636919999999,2.5755603326870293,6.633511027310922,100
top25_dial23,1,0.6772984418321926,80.10725626,0.8229814346825769,0.6772984418321926,100
top25_dial23,2,0.7172784287532038,74.47902506999999,0.8469229178344413,0.7172784287532038,100
top25_dial23,3,0.9061582641722137,77.28049062999999,0.9519234549963635,0.9061582641722137,100
top25_dial23,4,1.1769710582443504,74.95865152,1.0848829698379223,1.1769710582443504,100
top25_dial23,5,1.3881861882886182,79.22637968000001,1.1782131336428983,1.3881861882886182,100
top25_dial23,6,0.9096094635949202,78.26718740000003,0.9537344827544615,0.9096094635949202,100
food_level3_dial28,1,0.6734416285732668,69.16217882000001,0.8206348935874387,0.6734416285732668,100
food_level3_dial28,2,1.6229150843708873,71.56463118,1.2739368447340265,1.6229150843708873,100
food_level3_dial28,3,1.603124985145591,74.69965325999999,1.266145720344065,1.603124985145591,100
food_level3_dial28,4,1.0258253842640364,71.30649277,1.012830382770993,1.0258253842640364,100
food_level3_dial28,5,1.0383234093623068,78.44516085000001,1.018981554966677,1.0383234093623068,100
food_level3_dial28,6,1.8520431963097497,80.71174930000001,1.3608979375066117,1.8520431963097497,100
hobby_level2_dial20,1,9.825093374340227,74.30820136000001,3.1345004983793237,9.825093374340227,100
hobby_level2_dial20,2,1.0190295036713126,71.70966516,1.009469912216958,1.0190295036713126,100
hobby_level2_dial20,3,2.116844711883701,72.08486167,1.4549380440017716,2.116844711883701,100
hobby_level2_dial20,4,1.1241634865640266,75.46851029,1.0602657622332368,1.1241634865640266,100
hobby_level2_dial20,5,1.0505510898164414,72.01401686,1.0249639456178161,1.0505510898164414,100
hobby_level2_dial20,6,1.7527711961162356,73.93008984,1.3239226548844292,1.7527711961162356,100
top25_dial50,1,0.42274296428397434,71.67472416000001,0.6501868687415752,0.42274296428397434,100
top25_dial50,2,1.112306475719703,71.53246075999999,1.0546594121894057,1.112306475719703,100
top25_dial50,3,1.1067654065707941,76.06461231,1.0520291852276695,1.1067654065707941,100
top25_dial50,4,0.5870464753215476,72.95541655,0.7661895818409095,0.5870464753215476,100
top25_dial50,5,0.9055232904731203,77.34846614,0.9515898751421855,0.9055232904731203,100
top25_dial50,6,0.7020580268186304,74.3378679,0.837889030133842,0.7020580268186304,100
hobby_level3_dial34,1,3.177657864036527,70.71537645000001,1.782598626734725,3.177657864036527,100
hobby_level3_dial34,2,1.5409767116167095,69.43256848,1.2413608305471497,1.5409767116167095,100
hobby_level3_dial34,3,1.0891061147993804,71.65431867000001,1.0436024697169801,1.0891061147993804,100
hobby_level3_dial34,4,0.8768545460471111,72.18478626,0.9364051185502518,0.8768545460471111,100
hobby_level3_dial34,5,1.081809965498212,73.10640313,1.0401009400525567,1.081809965498212,100
hobby_level3_dial34,6,3.547718770179968,78.44463069999999,1.8835388953191192,3.547718770179968,100
food_level1_dial10,1,2.938430660957164,76.73994934,1.7141851303045317,2.938430660957164,100
food_level1_dial10,2,2.116274372084995,71.26520363,1.45474202939387,2.116274372084995,100
food_level1_dial10,3,1.5262597853662374,71.21117176999998,1.235418870410452,1.5262597853662374,100
food_level1_dial10,4,2.2691394571726415,72.10824359,1.5063663090937216,2.2691394571726415,100
food_level1_dial10,5,0.6532273019914698,73.54352490000001,0.8082247843214596,0.6532273019914698,100
food_level1_dial10,6,2.0041391403406306,75.15947548,1.415676213101227,2.0041391403406306,100
food_level2_dial38,1,1.8184679550058374,77.35507623000001,1.3485058231264102,1.8184679550058374,100
food_level2_dial38,2,0.7633046345994662,75.10965456,0.8736730707761721,0.7633046345994662,100
food_level2_dial38,3,2.5450223709207753,77.08184191999999,1.5953126248233527,2.5450223709207753,100
food_level2_dial38,4,2.806882401752388,73.59141347999999,1.6753753017614854,2.806882401752388,100
food_level2_dial38,5,1.1013055987978386,77.84059096000001,1.049431083396065,1.1013055987978386,100
food_level2_dial38,6,1.155135078814867,79.10668084999999,1.074772105525105,1.155135078814867,100
food_level2_dial38,7,1.2312770875589327,73.10802063,1.109629256805593,1.2312770875589327,100
top25_dial24,1,0.8889024747471019,67.84515367,0.9428162465438862,0.8889024747471019,100
top25_dial24,2,0.7628281894904987,70.18341579999999,0.8734003603677404,0.7628281894904987,100
top25_dial24,3,1.9556375364499092,74.04659602999999,1.3984411093964269,1.9556375364499092,100
top25_dial24,4,5.323376159174999,73.37971900000001,2.3072442781758067,5.323376159174999,100
top25_dial24,5,0.6721970531101323,73.29899113,0.819876242557456,0.6721970531101323,100
top25_dial24,6,0.8618002250921039,76.25964858,0.9283319584567279,0.8618002250921039,100
food_level3_dial29,1,4.465666376700492,69.50927109999999,2.1132123359237927,4.465666376700492,100
food_level3_dial29,2,2.0796412294976596,68.68006828,1.4420961235291008,2.0796412294976596,100
food_level3_dial29,3,3.9395724722335497,72.22290749000001,1.9848356285177746,3.9395724722335497,100
food_level3_dial29,4,2.1157189199973745,68.58238768999999,1.4545511060108458,2.1157189199973745,100
food_level3_dial29,5,3.2960454441967926,78.3003787,1.8155014305135626,3.2960454441967926,100
food_level3_dial29,6,2.848537100823886,77.91731415000001,1.6877609726569358,2.848537100823886,100
hobby_level2_dial9,1,2.5970117330942735,73.03861173,1.6115246610257856,2.5970117330942735,100
hobby_level2_dial9,2,1.767889312922548,68.79109170000001,1.3296199881629893,1.767889312922548,100
hobby_level2_dial9,3,2.073447790578249,73.21914163999999,1.4399471485364486,2.073447790578249,100
hobby_level2_dial9,4,0.5899060756222064,74.39179379000001,0.7680534327911089,0.5899060756222064,100
hobby_level2_dial9,5,1.7703724734086004,75.27899883,1.3305534462803816,1.7703724734086004,100
top25_dial51,1,0.25498451403384936,69.35828601,0.5049599132939657,0.25498451403384936,100
top25_dial51,2,1.1528050438073567,66.94558077,1.0736875913445945,1.1528050438073567,100
top25_dial51,3,0.6111219461459984,74.29295096,0.7817428900514531,0.6111219461459984,100
top25_dial51,4,1.0189326151349976,77.52803973,1.009421921267315,1.0189326151349976,100
top25_dial51,5,0.7806128638471809,74.38558991,0.8835229843344093,0.7806128638471809,100
top25_dial51,6,0.7864943775255959,73.01478761999999,0.8868451823884459,0.7864943775255959,100
hobby_level3_dial35,1,4.555356733518773,79.06461981000001,2.1343281691246014,4.555356733518773,100
hobby_level3_dial35,2,0.9945144432942301,67.0622765,0.9972534498783296,0.9945144432942301,100
hobby_level3_dial35,3,0.5851501287435177,76.04027977000001,0.7649510629729968,0.5851501287435177,100
hobby_level3_dial35,4,0.8886623913556653,75.78752966,0.9426889154730023,0.8886623913556653,100
hobby_level3_dial35,5,0.7885206613381669,76.90400755,0.8879868587643439,0.7885206613381669,100
hobby_level3_dial35,6,2.2796680660990294,79.21398847,1.5098569687553287,2.2796680660990294,100
hobby_level3_dial35,7,0.7201537172934767,72.98463723,0.8486187113736514,0.7201537172934767,100
food_level1_dial11,1,0.8143727043858923,75.33090177999999,0.9024260104772536,0.8143727043858923,100
food_level1_dial11,2,3.0029206634833527,74.3388221,1.7328937253863415,3.0029206634833527,100
food_level1_dial11,3,1.8653692478924537,75.05236184000002,1.3657852129425232,1.8653692478924537,100
food_level1_dial11,4,1.7085528094980227,79.78490016999999,1.307116218818366,1.7085528094980227,100
food_level1_dial11,5,2.30319174858802,75.15227217,1.5176270123413131,2.30319174858802,100
food_level1_dial11,6,2.344542028693599,73.0022022,1.5311897428776093,2.344542028693599,100
hobby_level2_dial21,1,1.436157642160333,75.46870213,1.1983979481626015,1.436157642160333,100
hobby_level2_dial21,2,1.449096252741913,72.52269708,1.2037841387648838,1.449096252741913,100
hobby_level2_dial21,3,2.071673671184529,78.25845136000001,1.4393309804157377,2.071673671184529,100
hobby_level2_dial21,4,4.486538448331335,79.04175183999999,2.118145048935822,4.486538448331335,100
food_level2_dial4,1,2.7189477452015085,70.22356420999999,1.6489232077939555,2.7189477452015085,100
food_level2_dial4,2,3.4834902323530215,74.45591811,1.866411056641334,3.4834902323530215,100
food_level2_dial4,3,5.004493435194286,74.26506005,2.237072514514066,5.004493435194286,100
food_level2_dial4,4,3.526186749064489,77.56920749000001,1.8778143542598904,3.526186749064489,100
food_level2_dial4,5,1.2309308958556715,71.37772122,1.1094732515278012,1.2309308958556715,100
food_level2_dial4,6,3.5551864716697583,77.93659623,1.8855202124797703,3.5551864716697583,100
hobby_level3_dial1,1,1.0029142672243703,66.61567848,1.0014560735371123,1.0029142672243703,100
hobby_level3_dial1,2,0.3458265340637901,66.63298309999999,0.5880701778391675,0.3458265340637901,100
hobby_level3_dial1,3,2.575497059118672,69.6084575,1.6048355240081995,2.575497059118672,100
hobby_level3_dial1,4,2.400136406733279,72.55419839,1.549237362941289,2.400136406733279,100
hobby_level3_dial1,5,0.9575152737271906,73.39244749000001,0.978527094017938,0.9575152737271906,100
hobby_level3_dial1,6,0.20337579581133838,73.20740061000001,0.45097205657483747,0.20337579581133838,100
hobby_level1_dial18,1,0.940274201724374,72.52445681,0.9696773699145371,0.940274201724374,100
hobby_level1_dial18,2,3.2308689517806055,72.66760607,1.7974618081563252,3.2308689517806055,100
hobby_level1_dial18,3,1.2099990836649925,73.21434937000002,1.0999995834840086,1.2099990836649925,100
hobby_level1_dial18,4,1.4977555598583145,70.78877931,1.2238282395247768,1.4977555598583145,100
hobby_level1_dial18,5,0.5981981358342534,72.10126480999999,0.7734326963829842,0.5981981358342534,100
hobby_level1_dial18,6,0.41585138241991393,70.88884507999998,0.6448653986840307,0.41585138241991393,100
food_level1_dial12,1,1.9316033520815497,70.00943394999999,1.3898213381875923,1.9316033520815497,100
food_level1_dial12,2,2.8460105413595413,69.3629646,1.6870123121541056,2.8460105413595413,100
food_level1_dial12,3,3.3868680967502627,72.10759166,1.840344559247062,3.3868680967502627,100
food_level1_dial12,4,2.3851832369476567,74.83205516,1.5444038451608624,2.3851832369476567,100
food_level1_dial12,5,1.583494184101445,72.34251543,1.2583696532026847,1.583494184101445,100
food_level1_dial12,6,2.9029996596332728,77.50935199,1.7038191393552524,2.9029996596332728,100
top25_dial52,1,0.6131486162287423,74.19862483,0.7830380681861785,0.6131486162287423,100
top25_dial52,2,0.5326492179155836,72.90082858,0.7298282112357563,0.5326492179155836,100
hobby_level3_dial36,1,1.4171201443901882,72.91673095,1.1904285549289333,1.4171201443901882,100
hobby_level3_dial36,2,1.144732034623545,72.26457611999999,1.0699215086274063,1.144732034623545,100
hobby_level3_dial36,3,0.2600909132495774,71.67292867999998,0.5099910913433463,0.2600909132495774,100
food_level3_dial3,1,1.6769665987222908,76.64361449,1.294977451047813,1.6769665987222908,100
food_level3_dial3,2,0.9957237084015473,73.66457271,0.9978595634664967,0.9957237084015473,100
food_level3_dial3,3,3.2767186435246796,74.99157885999999,1.8101708879342524,3.2767186435246796,100
food_level3_dial3,4,7.859044272650667,80.94736665,2.8033987002655665,7.859044272650667,100
food_level3_dial3,5,1.4505071288131706,75.2719643,1.2043700132489061,1.4505071288131706,100
food_level3_dial3,6,1.921896436942669,76.6666489,1.3863247948957231,1.921896436942669,100
hobby_level2_dial22,1,0.2785016963816011,71.08978014,0.5277325993167383,0.2785016963816011,100
hobby_level2_dial22,2,0.7913764305032841,71.45462758,0.8895934074077236,0.7913764305032841,100
hobby_level2_dial22,3,0.826219396072529,75.0647483,0.9089661138197227,0.826219396072529,100
hobby_level2_dial22,4,0.7159157723593467,69.98694687999999,0.8461180605325398,0.7159157723593467,100
hobby_level2_dial22,5,1.4261532115289066,77.79727614999999,1.1942165681018275,1.4261532115289066,100
hobby_level2_dial22,6,0.3989736649172619,72.24715309,0.6316436217656772,0.3989736649172619,100
food_level2_dial5,1,4.013505249828908,77.49063249,2.003373467386675,4.013505249828908,100
food_level2_dial5,2,0.9081765263592656,81.32498315000001,0.9529829622607455,0.9081765263592656,100
food_level2_dial5,3,2.5799716644433075,81.0069707,1.6062290199231577,2.5799716644433075,100
food_level1_dial13,1,2.0969133153380257,74.04113379,1.4480722755919422,2.0969133153380257,100
food_level1_dial13,2,7.23545718430622,80.74998659,2.6898805148753766,7.23545718430622,100
food_level1_dial13,3,0.6085956129812689,69.90166101,0.7801253828592356,0.6085956129812689,100
hobby_level3_dial37,1,1.3065898430405696,67.04053636000002,1.1430616094684352,1.3065898430405696,100
hobby_level3_dial37,2,0.5304124196149275,69.51295518,0.7282941848009824,0.5304124196149275,100
hobby_level3_dial37,3,1.1943619908239795,76.38007198,1.0928686978882594,1.1943619908239795,100
hobby_level3_dial37,4,0.8708697280570337,82.38151825999999,0.9332040120236483,0.8708697280570337,100
hobby_level3_dial37,5,3.8264344255510654,79.97155871000001,1.9561274052451352,3.8264344255510654,100
hobby_level3_dial37,6,0.667887358740588,81.89152185,0.8172437572356169,0.667887358740588,100
hobby_level3_dial10,1,4.566633292614026,72.78954612000001,2.1369682479190057,4.566633292614026,100
hobby_level3_dial10,2,3.2985119722732157,76.07012311,1.8161806001257736,3.2985119722732157,100
hobby_level3_dial10,3,0.7786006796139183,78.98949411000001,0.8823835218395221,0.7786006796139183,100
hobby_level3_dial10,4,0.9438350405693473,84.13545945,0.9715117295068276,0.9438350405693473,100
food_level2_dial13,1,1.734053772965131,76.13217364,1.3168347553756057,1.734053772965131,100
food_level2_dial13,2,1.92712956718101,78.66823249999999,1.3882109231600974,1.92712956718101,100
food_level2_dial13,3,2.3516719005445705,76.79216048,1.5335161885498862,2.3516719005445705,100
food_level2_dial13,4,2.45193175572715,78.7077315,1.565864539392584,2.45193175572715,100
food_level2_dial13,5,0.5397408369034854,75.70686193,0.7346705635204703,0.5397408369034854,100
food_level2_dial13,6,1.0104404644534755,78.15931418999999,1.0052066774815394,1.0104404644534755,100
food_level3_dial30,1,1.11835751108816,68.9048868,1.0575242366433784,1.11835751108816,100
food_level3_dial30,2,0.6076506744019273,76.09508505,0.7795195150872923,0.6076506744019273,100
food_level3_dial30,3,1.3131372932662695,72.26773695,1.1459220275683113,1.3131372932662695,100
food_level3_dial30,4,1.6287375041313135,73.15890481,1.2762200061632452,1.6287375041313135,100
food_level3_dial30,5,2.8927364094833,71.87511339000001,1.7008046358954045,2.8927364094833,100
food_level3_dial30,6,1.1565209279162456,80.75173455999999,1.0754166299236056,1.1565209279162456,100
food_level3_dial30,7,0.7634646234681077,76.18388518,0.8737646270410057,0.7634646234681077,100
food_level1_dial14,1,2.307779055261357,73.33214611,1.5191376024775889,2.307779055261357,100
food_level1_dial14,2,3.02107534547622,74.55281268,1.7381240880547684,3.02107534547622,100
food_level1_dial14,3,4.4973183698059565,76.38431984,2.1206881830684012,4.4973183698059565,100
food_level1_dial14,4,1.8292521281423157,74.80461769,1.3524984762070218,1.8292521281423157,100
food_level1_dial14,5,1.3385827110304525,72.39606622000001,1.1569713527267875,1.3385827110304525,100
food_level1_dial14,6,1.6543585742080054,76.90756520999999,1.2862187116536616,1.6543585742080054,100
hobby_level1_dial19,1,0.6672411214436671,66.66682635000001,0.8168482854506504,0.6672411214436671,100
hobby_level1_dial19,2,1.8760127373541164,74.41715460999998,1.3696761432375597,1.8760127373541164,100
hobby_level1_dial19,3,3.6056886918198985,75.06445208999999,1.8988651062726647,3.6056886918198985,100
hobby_level1_dial19,4,1.6541301432031181,74.83857772999998,1.2861299091472518,1.6541301432031181,100
hobby_level1_dial19,5,1.1901848906912287,81.77690495,1.0909559526815136,1.1901848906912287,100
hobby_level1_dial19,6,3.1751726736340022,81.20227357,1.781901420851895,3.1751726736340022,100
top25_dial53,1,2.8393295637123988,72.28046911,1.6850310275221636,2.8393295637123988,100
top25_dial53,2,0.5838760747290389,70.40999860000002,0.7641178408655558,0.5838760747290389,100
top25_dial53,3,1.693021792859858,72.32103268,1.3011617089585208,1.693021792859858,100
top25_dial53,4,0.9957064184499282,70.55710445,0.9978508999093644,0.9957064184499282,100
top25_dial53,5,1.8369336467140804,77.16081841,1.3553352525165427,1.8369336467140804,100
top25_dial53,6,0.6133323477600363,74.45983006,0.7831553790660167,0.6133323477600363,100
food_level3_dial31,1,1.4660033011914146,75.69500013000001,1.2107862326568695,1.4660033011914146,100
food_level3_dial31,2,1.2459945070681053,69.52299456,1.1162412405336515,1.2459945070681053,100
food_level3_dial31,3,0.7990692036817054,70.02334229,0.8939067086009062,0.7990692036817054,100
food_level3_dial31,4,2.3063690446171643,77.12982679,1.5186734489735323,2.3063690446171643,100
food_level3_dial31,5,1.4567322444277184,73.07624604,1.2069516330109167,1.4567322444277184,100
food_level3_dial31,6,1.7166183195614406,76.43339376,1.310197816957974,1.7166183195614406,100
hobby_level1_dial2,1,0.7883762985108773,75.47522777,0.8879055684648437,0.7883762985108773,100
hobby_level1_dial2,2,4.311685559605952,73.03987992,2.076459862267015,4.311685559605952,100
hobby_level1_dial2,3,2.79717658337804,74.72618197999999,1.672476183202033,2.79717658337804,100
hobby_level1_dial2,4,2.5971404188039475,75.55369597,1.611564587226943,2.5971404188039475,100
hobby_level1_dial2,5,2.8780145779301822,75.68507976,1.696471213410408,2.8780145779301822,100
hobby_level1_dial2,6,0.7146421949562008,72.06241828,0.8453651252306312,0.7146421949562008,100
food_level2_dial14,1,0.8643593715032374,69.14064422999999,0.9297092940824231,0.8643593715032374,100
food_level2_dial14,2,1.0665701472185598,72.0141426,1.0327488306546562,1.0665701472185598,100
food_level2_dial14,3,4.647510437337424,76.02805628,2.155808534480143,4.647510437337424,100
food_level2_dial14,4,3.395316357538024,76.17885885999999,1.842638422897456,3.395316357538024,100
food_level2_dial14,5,2.5925322309843586,77.31071789,1.610134227629597,2.5925322309843586,100
food_level2_dial14,6,0.6000851365891616,72.99456267,0.7746516227241518,0.6000851365891616,100
hobby_level3_dial38,1,7.2458435179880665,71.43268743,2.6918104535773066,7.2458435179880665,100
hobby_level3_dial38,2,1.1228264197848135,66.94862608,1.0596350408441642,1.1228264197848135,100
hobby_level3_dial38,3,0.986319807514226,68.03290434,0.9931363489039287,0.986319807514226,100
hobby_level3_dial38,4,4.614131098331915,77.30683337999999,2.148052862089738,4.614131098331915,100
hobby_level3_dial38,5,0.8376433596807367,73.32863127,0.9152285832953081,0.8376433596807367,100
hobby_level3_dial38,6,1.3156548489386912,76.17096973999999,1.1470199862856318,1.3156548489386912,100
hobby_level2_dial23,1,1.9104923120880501,71.65128351,1.3822055968950677,1.9104923120880501,100
hobby_level2_dial23,2,0.8872288745902295,69.83947952,0.9419282746527091,0.8872288745902295,100
hobby_level2_dial23,3,4.570525050132666,73.02886218000002,2.137878633162478,4.570525050132666,100
hobby_level2_dial23,4,2.2002136221026265,74.82187692999999,1.483311707667214,2.2002136221026265,100
hobby_level2_dial23,5,1.2832783407345452,73.96517366,1.1328187589965772,1.2832783407345452,100
hobby_level2_dial23,6,1.951089452236718,78.18698962,1.3968140363830535,1.951089452236718,100
hobby_level3_dial11,1,1.1394007624836089,69.22286735,1.0674271696390385,1.1394007624836089,100
hobby_level3_dial11,2,0.32954998664327,78.56941401,0.574064444677834,0.32954998664327,100
hobby_level3_dial11,3,3.6122545912095405,75.17887986000001,1.9005932208680374,3.6122545912095405,100
hobby_level3_dial11,4,1.2061658639029558,75.18082269,1.0982558280760253,1.2061658639029558,100
hobby_level3_dial11,5,1.7102968587212652,73.52385407,1.3077831849053823,1.7102968587212652,100
hobby_level3_dial11,6,0.7526643606794166,70.89920394,0.8675623093930582,0.7526643606794166,100
hobby_level3_dial11,7,0.5980104736762706,70.45435051,0.7733113691626876,0.5980104736762706,100
food_level1_dial15,1,2.7547678470815744,80.38991116,1.659749332604648,2.7547678470815744,100
food_level1_dial15,2,1.6224761750973635,75.82500942,1.2737645681590313,1.6224761750973635,100
food_level1_dial15,3,1.8495368721326082,77.07467554,1.359976791027188,1.8495368721326082,100
food_level1_dial15,4,1.7438474148610092,77.26282196999999,1.320548149391384,1.7438474148610092,100
food_level1_dial15,5,1.5168497761072788,78.38133068,1.2316045534615723,1.5168497761072788,100
food_level1_dial15,6,1.252787445229538,73.76999973,1.1192798779704467,1.252787445229538,100
food_level3_dial32,1,1.7881733680208296,72.81518046,1.3372259973620126,1.7881733680208296,100
food_level3_dial32,2,2.4580714980238856,75.94015756,1.5678238096239914,2.4580714980238856,100
food_level3_dial32,3,2.916691405508953,79.15247491999999,1.7078323704359726,2.916691405508953,100
food_level3_dial32,4,0.9866347065295268,78.94233834999999,0.9932948739068005,0.9866347065295268,100
food_level3_dial32,5,5.0578152110078705,79.35975613000001,2.2489586948203097,5.0578152110078705,100
food_level3_dial32,6,4.281323961794137,74.79655277,2.0691360423602254,4.281323961794137,100
top25_dial25,1,0.9081646837757488,72.97083794999999,0.9529767488117161,0.9081646837757488,100
top25_dial25,2,1.6574299627897389,74.51825594,1.2874121184724567,1.6574299627897389,100
top25_dial25,3,0.9863883349757934,74.75223031,0.99317084883508,0.9863883349757934,100
top25_dial25,4,0.5506683690224815,77.17770828,0.7420703261972422,0.5506683690224815,100
top25_dial25,5,0.8064065307784055,75.95665756,0.8980014091182739,0.8064065307784055,100
top25_dial25,6,0.4298132727221967,74.82480106000001,0.655601458755391,0.4298132727221967,100
hobby_level3_dial4,1,1.3929245276321816,68.18345209,1.1802222365436865,1.3929245276321816,100
hobby_level3_dial4,2,0.9919746842780188,69.5425656,0.995979258959753,0.9919746842780188,100
hobby_level3_dial4,3,0.5255163480940901,75.39761349999999,0.7249250637783812,0.5255163480940901,100
hobby_level1_dial20,1,2.337532105914886,74.65021335,1.5288989848629262,2.337532105914886,100
hobby_level1_dial20,2,1.6560598857882822,73.28459741999997,1.286879903405241,1.6560598857882822,100
hobby_level1_dial20,3,0.41127711976448755,72.15295585000001,0.6413089113403053,0.41127711976448755,100
hobby_level1_dial20,4,0.5304384656370897,76.9571765,0.7283120661070293,0.5304384656370897,100
hobby_level1_dial20,5,3.0267717141365,78.41808610999999,1.739761970539792,3.0267717141365,100
hobby_level1_dial20,6,1.927863457153462,70.17806223999999,1.3884752274179983,1.927863457153462,100
food_level2_dial15,1,3.4255886306509367,71.31083994,1.8508345767925714,3.4255886306509367,100
food_level2_dial15,2,0.6741665480833613,65.6738736,0.821076456904813,0.6741665480833613,100
food_level2_dial15,3,0.7730370864939892,76.50939246,0.8792252763052193,0.7730370864939892,100
food_level2_dial15,4,1.7961703363215722,76.52551208,1.340212795164101,1.7961703363215722,100
food_level2_dial15,5,0.6992696977404599,71.4114504,0.8362234735646087,0.6992696977404599,100
food_level2_dial15,6,3.191163399201212,76.05062898999999,1.7863827695097185,3.191163399201212,100
food_level3_dial33,1,1.974344476843421,70.98515167,1.4051136882271915,1.974344476843421,100
food_level3_dial33,2,2.2429799646999204,73.8538028,1.4976581601620313,2.2429799646999204,100
food_level3_dial33,3,0.8308839877676171,72.66761132,0.9115283801218792,0.8308839877676171,100
food_level3_dial33,4,0.9449553025170462,72.81683017999998,0.9720881145848077,0.9449553025170462,100
hobby_level3_dial13,1,6.657889597785227,71.54263214999999,2.5802886655925197,6.657889597785227,100
hobby_level3_dial13,2,1.568028611579169,75.65764454,1.252209491889903,1.568028611579169,100
hobby_level3_dial13,3,0.7191998047835702,71.70281148,0.8480564867882152,0.7191998047835702,100
hobby_level3_dial13,4,7.270624909261382,75.47000233,2.6964096330604854,7.270624909261382,100
hobby_level3_dial13,5,2.7448244970386253,76.47699756,1.6567511874263514,2.7448244970386253,100
hobby_level3_dial13,6,0.6355037091537795,80.39291386,0.7971848651058169,0.6355037091537795,100
food_level1_dial16,1,1.1890486743772082,74.64482985000001,1.0904350848983209,1.1890486743772082,100
food_level1_dial16,2,1.2732723619252055,77.02545929,1.128393708740529,1.2732723619252055,100
food_level1_dial16,3,1.7223312160451192,75.63760839000001,1.3123761716996842,1.7223312160451192,100
food_level1_dial16,4,1.1944258136578612,77.10284667,1.0928978971788084,1.1944258136578612,100
food_level1_dial16,5,6.943030770964603,75.30134945,2.634963144137808,6.943030770964603,100
food_level1_dial16,6,1.6145198283841293,76.38778036,1.2706375676738546,1.6145198283841293,100
food_level2_dial16,1,2.590174284600765,71.78166867,1.6094018406230202,2.590174284600765,100
food_level2_dial16,2,5.541728739606657,71.94740039,2.354087666083542,5.541728739606657,100
food_level2_dial16,3,2.674068329042366,77.49747642999999,1.6352578784529264,2.674068329042366,100
food_level2_dial16,4,3.4043831834679685,71.75993147999999,1.8450970661371635,3.4043831834679685,100
food_level2_dial16,5,1.0136345155568136,77.37101469,1.0067941773554383,1.0136345155568136,100
food_level2_dial16,6,0.9873841768759303,70.29032329999998,0.9936720670703842,0.9873841768759303,100
hobby_level3_dial5,1,2.484701724065626,68.11762318,1.5762936668227865,2.484701724065626,100
hobby_level3_dial5,2,1.0960949028452465,70.91386871,1.0469455109246357,1.0960949028452465,100
hobby_level3_dial5,3,0.8173201410770341,67.72796581,0.9040575983182897,0.8173201410770341,100
hobby_level3_dial5,4,1.5019680515256209,77.5867784,1.2255480616955097,1.5019680515256209,100
hobby_level3_dial5,5,2.2856558037649863,70.29888555999999,1.5118385508264387,2.2856558037649863,100
hobby_level3_dial5,6,1.2412692248335468,68.86126805,1.114122625581918,1.2412692248335468,100
food_level3_dial34,1,1.7076687265121933,76.19470684000001,1.3067779943480045,1.7076687265121933,100
food_level3_dial34,2,6.165367166364865,75.75342339999999,2.4830157402571706,6.165367166364865,100
food_level3_dial34,3,5.64068873126022,77.87656913999999,2.3750134170695163,5.64068873126022,100
food_level3_dial34,4,5.696442196205259,79.5049698,2.3867220609457775,5.696442196205259,100
food_level3_dial34,5,3.8537260486230083,77.2477439,1.9630909425248257,3.8537260486230083,100
food_level3_dial34,6,0.6405020564623863,72.93906212,0.8003137237748621,0.6405020564623863,100
food_level1_dial17,1,0.8174953309477041,72.74325043,0.90415448400575,0.8174953309477041,100
food_level1_dial17,2,1.8825590799117604,76.23798919999999,1.3720638031490229,1.8825590799117604,100
food_level1_dial17,3,1.12148389559861,73.56783750999999,1.0590013671372713,1.12148389559861,100
food_level1_dial17,4,2.592569156443168,76.63571425,1.6101456941665768,2.592569156443168,100
food_level1_dial17,5,1.3936389797392295,75.08766530000001,1.1805248746804233,1.3936389797392295,100
food_level1_dial17,6,7.698003268314809,73.40684679000002,2.774527575699115,7.698003268314809,100
food_level2_dial17,1,0.7057914979938416,73.81163090999999,0.8401139791682088,0.7057914979938416,100
food_level2_dial17,2,0.9824558074167257,68.66567512,0.9911890876198778,0.9824558074167257,100
food_level2_dial17,3,1.8415098715446867,70.52564034999999,1.357022428534137,1.8415098715446867,100
food_level2_dial17,4,0.5471094417703308,70.98195851,0.7396684674706168,0.5471094417703308,100
food_level2_dial17,5,1.3077001531557662,73.42997788,1.1435471801179722,1.3077001531557662,100
food_level2_dial17,6,1.1234542024934304,77.43720430000002,1.0599312253601318,1.1234542024934304,100
top25_dial54,1,0.5642081605254675,67.54250853999999,0.7511379104568399,0.5642081605254675,100
top25_dial54,2,0.6285871853635204,74.7650528,0.7928349042288189,0.6285871853635204,100
top25_dial54,3,0.6997981654045579,77.08471804,0.8365393985967176,0.6997981654045579,100
top25_dial26,1,1.0101345942790214,67.11176324,1.0050545230379402,1.0101345942790214,100
top25_dial26,2,0.49204949656714747,66.59326265,0.7014623985411815,0.49204949656714747,100
top25_dial26,3,0.5802146166609102,72.5978191,0.7617182002951683,0.5802146166609102,100
top25_dial26,4,1.5601342462113876,79.76856634999999,1.2490533400185069,1.5601342462113876,100
top25_dial26,5,0.9772247737060306,71.56910422,0.9885467989458215,0.9772247737060306,100
top25_dial26,6,0.7250196224431447,73.50770379,0.8514808409137252,0.7250196224431447,100
food_level1_dial18,1,1.271845124050347,74.28498254,1.1277611112511137,1.271845124050347,100
food_level1_dial18,2,1.4036021604131992,72.89883839,1.184737169338921,1.4036021604131992,100
food_level1_dial18,3,2.5874360078247993,72.95281423,1.608550903087869,2.5874360078247993,100
food_level1_dial18,4,0.8817248346217077,72.68723154,0.939002041862374,0.8817248346217077,100
food_level1_dial18,5,0.5413141883125094,75.94295530000001,0.7357405713378252,0.5413141883125094,100
food_level1_dial18,6,0.8742127185934774,71.56522777,0.934993432379863,0.8742127185934774,100
hobby_level3_dial15,1,1.2621724076182093,71.15342089999999,1.1234644665578921,1.2621724076182093,100
hobby_level3_dial15,2,0.5581714375394798,72.75712960000001,0.7471087186879027,0.5581714375394798,100
hobby_level3_dial15,3,0.41953460129872977,66.0533397,0.6477149074235745,0.41953460129872977,100
hobby_level3_dial15,4,1.1016751939865386,75.2037348,1.0496071617450686,1.1016751939865386,100
hobby_level3_dial15,5,1.5720615953833101,75.38563401,1.253818804845146,1.5720615953833101,100
hobby_level3_dial15,6,0.37183189670334726,75.29527765,0.6097802036007296,0.37183189670334726,100
food_level2_dial6,1,2.6584590195716338,70.57079216,1.6304781567293791,2.6584590195716338,100
food_level2_dial6,2,3.968617638009446,71.41123543,1.9921389605169229,3.968617638009446,100
food_level2_dial6,3,2.728495563383021,73.77733833,1.651815838216543,2.728495563383021,100
food_level2_dial6,4,2.9150345084886733,72.28290337,1.707347213805286,2.9150345084886733,100
food_level2_dial6,5,1.3567975256244476,73.55816275,1.1648165201543321,1.3567975256244476,100
food_level2_dial6,6,2.482323948830823,77.88707614,1.5755392565184858,2.482323948830823,100
hobby_level1_dial21,1,1.9870691962481433,75.12925224,1.4096344193613262,1.9870691962481433,100
hobby_level1_dial21,2,0.8243263561571602,75.38058000000001,0.9079242017686059,0.8243263561571602,100
hobby_level1_dial21,3,0.841923463241167,76.79301815,0.9175638742023179,0.841923463241167,100
hobby_level1_dial21,4,1.7880617973008663,85.91067055999999,1.337184279484644,1.7880617973008663,100
hobby_level1_dial21,5,0.49346314166724214,82.11245308999997,0.7024693172425698,0.49346314166724214,100
hobby_level1_dial21,6,0.6940420245100679,80.03701946000001,0.8330918463831392,0.6940420245100679,100
food_level3_dial35,1,1.3574811014613273,72.65835405,1.1651099096056678,1.3574811014613273,100
food_level3_dial35,2,0.6568489952500027,71.29572058000001,0.8104622108710576,0.6568489952500027,100
food_level3_dial35,3,1.2880180836253592,78.1292356,1.1349088437514967,1.2880180836253592,100
food_level3_dial35,4,1.4226965378239496,71.29115451,1.1927684342838512,1.4226965378239496,100
food_level3_dial35,5,1.1934419991882945,77.98362592000001,1.0924477100476226,1.1934419991882945,100
food_level3_dial35,6,0.8017190515964888,73.15669099,0.8953876543690386,0.8017190515964888,100
hobby_level3_dial16,1,3.1518946243208994,70.73035117,1.7753576046309372,3.1518946243208994,100
hobby_level3_dial16,2,0.7471079589071313,68.80602178,0.8643540703364168,0.7471079589071313,100
hobby_level3_dial16,3,1.219921000304917,65.64401761,1.1045003396581266,1.219921000304917,100
hobby_level3_dial16,4,0.39120837337836906,68.21567854000001,0.6254665245865434,0.39120837337836906,100
hobby_level3_dial16,5,1.5707286997400889,81.86574552999998,1.2532871577336493,1.5707286997400889,100
hobby_level3_dial16,6,0.6469912575640984,73.16437623,0.804357667685277,0.6469912575640984,100
hobby_level3_dial6,1,0.48927482709989994,73.50604240000001,0.6994818275694515,0.48927482709989994,100
hobby_level3_dial6,2,0.42092323791250746,76.00611315,0.648785972345663,0.42092323791250746,100
hobby_level3_dial6,3,1.3411599607606295,71.85041403,1.1580846086364456,1.3411599607606295,100
hobby_level3_dial6,4,0.8835841147133813,68.25556559,0.9399915503414812,0.8835841147133813,100
hobby_level3_dial6,5,0.9381834327224944,74.35976508,0.9685986953958251,0.9381834327224944,100
hobby_level3_dial6,6,2.1349279282757463,78.42536871,1.461139256975784,2.1349279282757463,100
food_level2_dial7,1,3.6464960529040917,72.03227237,1.909580072399189,3.6464960529040917,100
food_level2_dial7,2,1.8162546059496902,70.2924473,1.3476849060331908,1.8162546059496902,100
food_level2_dial7,3,1.8567700382608854,71.55098671,1.362633493739562,1.8567700382608854,100
food_level2_dial7,4,3.6317008045542702,74.77924449999999,1.9057021814948605,3.6317008045542702,100
food_level2_dial7,5,0.78700949091749,75.95466049000001,0.8871355538571825,0.78700949091749,100
food_level2_dial7,6,3.2462506836086966,75.81314616,1.801735464381133,3.2462506836086966,100
hobby_level1_dial22,1,2.0071688040491886,68.44037305,1.4167458501965653,2.0071688040491886,100
hobby_level1_dial22,2,2.3608963781550214,66.30790809,1.536520868115699,2.3608963781550214,100
hobby_level1_dial22,3,1.3340666381274104,69.47454122000002,1.155018025022731,1.3340666381274104,100
hobby_level1_dial22,4,1.7828532848529242,73.94742271,1.3352352919440544,1.7828532848529242,100
hobby_level1_dial22,5,1.113500106892607,76.99385279,1.055225145119565,1.113500106892607,100
hobby_level1_dial22,6,1.123458011437767,77.10012295,1.0599330221470444,1.123458011437767,100
food_level1_dial19,1,4.244349045931882,67.24588104,2.060181799242941,4.244349045931882,100
food_level1_dial19,2,11.466609169091768,73.88968015000002,3.386238203241433,11.466609169091768,100
food_level1_dial19,3,16.32810037931498,74.22086594,4.040804422304423,16.32810037931498,100
food_level1_dial19,4,3.9011426735853614,72.95006333,1.9751310522558652,3.9011426735853614,100
top25_dial55,1,0.4169616919834072,75.55286465,0.6457257095573996,0.4169616919834072,100
top25_dial55,2,0.838419084362388,70.88137665,0.9156522726244871,0.838419084362388,100
top25_dial55,3,1.3159976141519696,74.75373452,1.147169392091669,1.3159976141519696,100
top25_dial55,4,0.6206822078540415,75.77105272,0.7878338707202436,0.6206822078540415,100
top25_dial55,5,0.40796003060952984,76.09853249000001,0.638717488886542,0.40796003060952984,100
top25_dial55,6,0.38432177710817084,75.44111948999999,0.6199369138131483,0.38432177710817084,100
food_level3_dial36,1,1.5029618085097474,68.93798245,1.2259534283608604,1.5029618085097474,100
food_level3_dial36,2,1.0414084041775384,72.52415589000002,1.020494196052843,1.0414084041775384,100
food_level3_dial36,3,3.2301723365696464,73.44001705000001,1.7972680202378404,3.2301723365696464,100
food_level3_dial36,4,1.1675893469561762,73.39370777,1.0805504832982937,1.1675893469561762,100
food_level3_dial36,5,1.1424937289826187,75.05092639000001,1.06887498285937,1.1424937289826187,100
food_level3_dial36,6,2.1676603181504173,76.48268804000001,1.4722976323252093,2.1676603181504173,100
hobby_level3_dial17,1,4.039932601713511,73.46094598999998,2.009958358203849,4.039932601713511,100
hobby_level3_dial17,2,4.64437518122943,73.87841885,2.155081247013539,4.64437518122943,100
hobby_level3_dial17,3,2.8027724357151835,69.80350488,1.67414827172362,2.8027724357151835,100
hobby_level3_dial17,4,4.657154088780304,76.26451157999999,2.1580440423634326,4.657154088780304,100
hobby_level3_dial17,5,0.5701766329950685,76.99403153999998,0.7551004125247638,0.5701766329950685,100
hobby_level3_dial17,6,0.3501433096239991,72.09590002,0.591729084652765,0.3501433096239991,100
hobby_level1_dial23,1,2.094520533312209,70.89339650000001,1.4472458441164062,2.094520533312209,100
hobby_level1_dial23,2,1.6876860056062608,73.69591328,1.2991096972951364,1.6876860056062608,100
hobby_level1_dial23,3,0.8879744645881607,76.83947567,0.9423239700804393,0.8879744645881607,100
hobby_level1_dial23,4,1.2033988396838304,79.91131999,1.0969953690348153,1.2033988396838304,100
hobby_level1_dial23,5,2.2032676909149824,79.98679572,1.484340827072739,2.2032676909149824,100
hobby_level1_dial23,6,2.1422932765317917,74.5689417,1.4636574997354372,2.1422932765317917,100
hobby_level3_dial7,1,1.687044696626042,72.21098114,1.2988628475039394,1.687044696626042,100
hobby_level3_dial7,2,1.2821293093037678,71.58600754000001,1.132311489522105,1.2821293093037678,100
hobby_level3_dial7,3,0.9800598253899302,72.41310451,0.9899797095849643,0.9800598253899302,100
hobby_level3_dial7,4,0.7332991549557495,70.44272453,0.856328882472003,0.7332991549557495,100
hobby_level3_dial7,5,1.29579279398293,72.32924129999999,1.1383289480562857,1.29579279398293,100
hobby_level3_dial7,6,0.6694894304389184,76.27091327,0.8182233377501026,0.6694894304389184,100
food_level2_dial8,1,0.9620641803278892,69.99544953000002,0.9808487040965539,0.9620641803278892,100
food_level2_dial8,2,1.2265370239891273,81.42487982,1.1074913200513705,1.2265370239891273,100
food_level2_dial8,3,1.4732439419582886,75.19762625,1.2137726071873136,1.4732439419582886,100
food_level2_dial8,4,1.505825766782698,78.93556277,1.2271209259004174,1.505825766782698,100
food_level2_dial8,5,0.8508718123157483,76.74591297,0.9224271311684995,0.8508718123157483,100
food_level2_dial8,6,1.9007451147515493,69.75368605,1.3786751302433613,1.9007451147515493,100
top25_dial27,1,1.2080169567999,74.66452917,1.0990982471098296,1.2080169567999,100
top25_dial27,2,0.5547059656387707,72.45159748,0.7447858522010006,0.5547059656387707,100
top25_dial27,3,0.8528647854597938,70.78812119000001,0.9235067869051066,0.8528647854597938,100
top25_dial27,4,1.4057434006837475,74.76668829,1.1856405022955936,1.4057434006837475,100
top25_dial27,5,0.7898123908741381,75.13804839000001,0.8887138970861984,0.7898123908741381,100
top25_dial27,6,1.2317563600013288,72.39289647,1.1098451964131433,1.2317563600013288,100
food_level2_dial9,1,2.9718452088849276,78.92414857,1.7239040602321603,2.9718452088849276,100
food_level2_dial9,2,1.5448409195258401,76.04492189000001,1.2429162962669047,1.5448409195258401,100
food_level2_dial9,3,0.5566320554557369,76.79020223000002,0.7460777811031079,0.5566320554557369,100
food_level2_dial9,4,3.777719469804248,76.60396549000001,1.9436356319547778,3.777719469804248,100
food_level2_dial9,5,4.331336212362933,84.25295931,2.08118625124301,4.331336212362933,100
food_level2_dial9,6,0.9822547879769271,77.62409105,0.991087679257959,0.9822547879769271,100
hobby_level2_dial24,1,1.0751988774152401,66.44150531999999,1.0369179704370255,1.0751988774152401,100
hobby_level2_dial24,2,1.1837431511049827,74.17070991000001,1.0879996098827347,1.1837431511049827,100
hobby_level2_dial24,3,1.6152091270495308,74.29667429999999,1.2709087799875847,1.6152091270495308,100
hobby_level2_dial24,4,1.3178518169165776,70.99651404,1.1479772719512253,1.3178518169165776,100
hobby_level2_dial24,5,0.6273204153895177,75.64854789,0.7920356149754364,0.6273204153895177,100
hobby_level2_dial24,6,2.6353514302788015,76.65043983000001,1.623376552214181,2.6353514302788015,100
hobby_level2_dial24,7,3.643272663684722,75.26687623999999,1.908735881070171,3.643272663684722,100
hobby_level1_dial3,1,0.8946664574621643,73.61263458000002,0.9458680972853267,0.8946664574621643,100
hobby_level1_dial3,2,0.8519848259546485,70.34143846,0.9230302410834915,0.8519848259546485,100
hobby_level1_dial3,3,1.5110408722262465,71.63653964999999,1.2292440246860046,1.5110408722262465,100
hobby_level1_dial3,4,1.6441788466627338,73.95819531,1.2822553749790773,1.6441788466627338,100
hobby_level1_dial3,5,1.3117756906354592,75.61771067999999,1.14532776559178,1.3117756906354592,100
hobby_level1_dial3,6,1.7796022048442297,76.26778903,1.3340173180450956,1.7796022048442297,100
food_level1_dial2,1,1.6460678047561002,73.39321713999999,1.2829917399407138,1.6460678047561002,100
food_level1_dial2,2,0.5377210282608011,77.32128067,0.7332946394600203,0.5377210282608011,100
food_level1_dial2,3,0.6172045216281791,74.67616802,0.7856236513930694,0.6172045216281791,100
food_level1_dial2,4,1.0799299536970814,75.26952409,1.0391967829516608,1.0799299536970814,100
food_level1_dial2,5,0.700532854147474,72.87674384,0.8369784072169807,0.700532854147474,100
food_level1_dial2,6,1.941058794318029,75.34968781999999,1.3932188608822482,1.941058794318029,100
food_level1_dial2,7,5.787892331778823,73.60115366,2.405803884729348,5.787892331778823,100
food_level2_dial19,1,1.089750988774052,72.81675278,1.043911389330556,1.089750988774052,100
food_level2_dial19,2,1.5424090756555788,72.57543510999999,1.2419376295352271,1.5424090756555788,100
food_level2_dial19,3,3.993673133949792,76.15288235999999,1.9984176575355292,3.993673133949792,100
food_level2_dial19,4,2.5566892638153242,72.88156866000001,1.5989650602234322,2.5566892638153242,100
food_level2_dial19,5,5.285311459699501,82.29502680000002,2.298980526167958,5.285311459699501,100
food_level2_dial19,6,3.637084552365147,85.28089697,1.9071141948937267,3.637084552365147,100
hobby_level2_dial25,1,8.109233542261142,72.77969914,2.847671600143026,8.109233542261142,100
hobby_level2_dial25,2,2.302145733000202,69.34638527999999,1.5172823511133984,2.302145733000202,100
hobby_level2_dial25,3,1.5125180150860664,68.64522629000001,1.229844711777087,1.5125180150860664,100
hobby_level2_dial25,4,2.500123489642857,74.23827561000002,1.5811778804558507,2.500123489642857,100
hobby_level2_dial25,5,0.806389274788894,76.17141584,0.897991801069973,0.806389274788894,100
hobby_level2_dial25,6,0.34713713014816866,69.63279854,0.58918344354553,0.34713713014816866,100
hobby_level3_dial18,1,1.2506884289554505,71.05237335999999,1.1183418211599934,1.2506884289554505,100
hobby_level3_dial18,2,1.961645888712349,76.60791952000001,1.400587694045735,1.961645888712349,100
hobby_level3_dial18,3,0.42087647862159744,70.35196110999999,0.6487499353538291,0.42087647862159744,100
hobby_level3_dial18,4,0.96826613706606,71.902999,0.9840051509347194,0.96826613706606,100
hobby_level3_dial18,5,0.7613389106799485,71.76955803000001,0.8725473687313191,0.7613389106799485,100
hobby_level3_dial18,6,2.4146255957836447,71.39811243,1.5539065595407096,2.4146255957836447,100
food_level3_dial37,1,0.2728778133581095,68.43251752,0.5223770796638282,0.2728778133581095,100
food_level3_dial37,2,0.4015518766071691,69.89622453,0.6336812105524111,0.4015518766071691,100
food_level3_dial37,3,0.8860282141944612,74.42963567,0.941290717150903,0.8860282141944612,100
food_level3_dial37,4,0.5085007809852127,75.28071512999999,0.7130924070449864,0.5085007809852127,100
food_level3_dial37,5,0.47167905561506024,74.9053502,0.6867889454665532,0.47167905561506024,100
food_level3_dial37,6,0.4514218075460221,70.08398072,0.6718793102529814,0.4514218075460221,100
hobby_level3_dial8,1,0.9761399082869943,72.64563363,0.9879979292928677,0.9761399082869943,100
hobby_level3_dial8,2,0.9938145281691788,70.46976902,0.9969024667284051,0.9938145281691788,100
hobby_level3_dial8,3,1.4131936040640154,74.60335993999999,1.1887781980100474,1.4131936040640154,100
hobby_level3_dial8,4,0.9967987188330802,78.13320502,0.9983980763368288,0.9967987188330802,100
hobby_level3_dial8,5,3.3333450075998865,77.32134279,1.8257450554773211,3.3333450075998865,100
hobby_level3_dial8,6,2.814604940409889,77.31381903,1.6776784377257428,2.814604940409889,100
food_level3_dial38,1,1.6366230716544878,75.22027265000001,1.279305699062772,1.6366230716544878,100
food_level3_dial38,2,2.40162488034012,74.79055699999999,1.549717677623934,2.40162488034012,100
food_level3_dial38,3,1.7135109377360007,75.09183214,1.309011435296117,1.7135109377360007,100
food_level3_dial38,4,5.535278926844715,79.70805916,2.352717349543866,5.535278926844715,100
food_level3_dial38,5,2.2826243322177415,73.06664991000001,1.5108356403718246,2.2826243322177415,100
food_level3_dial38,6,2.1755569283542084,75.24645953,1.474976924685335,2.1755569283542084,100
top25_dial56,1,2.6835529309401056,67.98517256,1.6381553439585959,2.6835529309401056,100
top25_dial56,2,3.35929074198483,75.16635903000001,1.8328368017870085,3.35929074198483,100
top25_dial56,3,0.7686720410731473,73.13925565,0.8767394373889812,0.7686720410731473,100
top25_dial56,4,1.9369356729036185,82.56009461,1.3917383636674023,1.9369356729036185,100
top25_dial56,5,2.1655235127916996,72.88679733,1.4715717830917048,2.1655235127916996,100
top25_dial56,6,0.8142107813046324,66.47201663000001,0.9023362905838557,0.8142107813046324,100
top25_dial28,1,1.3481099893041593,70.59070702,1.1610813878898236,1.3481099893041593,100
top25_dial28,2,1.6429981096283144,69.95591891999999,1.2817948781409272,1.6429981096283144,100
top25_dial28,3,0.8854810646203465,72.11246956,0.9410000343359964,0.8854810646203465,100
top25_dial28,4,0.6100443825320436,74.75041142,0.781053380078496,0.6100443825320436,100
top25_dial28,5,2.039423668664709,80.76961952000002,1.4280839151340894,2.039423668664709,100
top25_dial28,6,2.1711260852259553,76.14327213,1.4734741549229682,2.1711260852259553,100
top25_dial28,7,2.0908445210100686,78.58463288000002,1.4459752836788284,2.0908445210100686,100
hobby_level1_dial4,1,2.804922766794137,74.53560893999999,1.6747903650290494,2.804922766794137,100
hobby_level1_dial4,2,2.4022435536677524,72.15691274000001,1.54991727316904,2.4022435536677524,100
hobby_level1_dial4,3,1.0551191431332874,74.03697593000001,1.0271899255411763,1.0551191431332874,100
hobby_level1_dial4,4,3.5748134159043206,73.20266914000001,1.8907176986277778,3.5748134159043206,100
hobby_level1_dial4,5,2.9795317092476177,79.48620968000002,1.7261320080595277,2.9795317092476177,100
hobby_level1_dial4,6,1.707859643419485,75.17994734,1.3068510410216938,1.707859643419485,100
hobby_level1_dial4,7,1.273480212734659,74.55628388999999,1.1284858052871818,1.273480212734659,100
hobby_level3_dial9,1,0.5720227925200274,72.54883756,0.756321884200125,0.5720227925200274,100
hobby_level3_dial9,2,0.8274249379984647,74.12144534,0.9096290111899822,0.8274249379984647,100
hobby_level3_dial9,3,4.6705345170793695,80.20698095,2.1611419474618896,4.6705345170793695,100
hobby_level3_dial19,1,1.2043421374803787,74.39862939,1.0974252309293688,1.2043421374803787,100
hobby_level3_dial19,2,0.903283641153158,75.04914031999999,0.9504123532199894,0.903283641153158,100
hobby_level3_dial19,3,0.9513456935184835,72.18672093,0.9753695163980077,0.9513456935184835,100
hobby_level3_dial19,4,2.1300265757738095,82.66235997,1.4594610566143276,2.1300265757738095,100
hobby_level3_dial19,5,1.3022654319405935,75.25102618999999,1.1411684502914516,1.3022654319405935,100
hobby_level3_dial19,6,0.29028068358747616,70.52371962000001,0.538777025853438,0.29028068358747616,100
hobby_level3_dial19,7,0.9752060333162734,75.89555992,0.9875252064207138,0.9752060333162734,100
hobby_level2_dial26,1,2.7272318454760596,73.71696723999999,1.65143327006454,2.7272318454760596,100
hobby_level2_dial26,2,1.3688616002997624,74.14451859,1.1699835897566095,1.3688616002997624,100
hobby_level2_dial26,3,0.3798427973749983,67.09251304,0.616313878940754,0.3798427973749983,100
hobby_level2_dial26,4,1.1128189310276881,73.60223255,1.0549023324591182,1.1128189310276881,100
hobby_level2_dial26,5,0.7937740101676559,81.88006662,0.8909399587893989,0.7937740101676559,100
hobby_level2_dial26,6,2.1589953567357654,76.52253042999999,1.4693520193390572,2.1589953567357654,100
food_level2_dial2,1,1.3724579300629705,76.65971478000002,1.1715194962368192,1.3724579300629705,100
food_level2_dial2,2,2.6674721347081523,73.68407016,1.6332397664483167,2.6674721347081523,100
food_level2_dial2,3,0.8406292212531402,78.07029066999999,0.9168583430678592,0.8406292212531402,100
food_level2_dial2,4,2.007907210452892,76.19063136000001,1.4170064256921673,2.007907210452892,100
food_level2_dial2,5,0.9888208655345637,75.69604758,0.994394723203298,0.9888208655345637,100
food_level2_dial2,6,0.7709194862296621,77.74502176,0.8780202083264724,0.7709194862296621,100
hobby_level2_dial27,1,2.142527217942708,70.41308385,1.4637374142730342,2.142527217942708,100
hobby_level2_dial27,2,1.1276377980677819,70.45591083000001,1.0619029136732707,1.1276377980677819,100
hobby_level2_dial27,3,0.8503112346877605,67.91953197999999,0.9221232209893429,0.8503112346877605,100
hobby_level2_dial27,4,1.1605044183871256,70.29356793000001,1.0772671063330235,1.1605044183871256,100
hobby_level2_dial27,5,0.7748597849891958,72.07363237999999,0.8802612027058763,0.7748597849891958,100
hobby_level2_dial27,6,1.0828570575308951,73.37077738,1.0406041790858305,1.0828570575308951,100
food_level1_dial20,1,0.9802367623555581,72.6734324,0.9900690694873556,0.9802367623555581,100
food_level1_dial20,2,1.3416840152715641,75.25697766,1.1583108457022941,1.3416840152715641,100
food_level1_dial20,3,1.2332586165498605,71.46767196,1.110521776711227,1.2332586165498605,100
food_level1_dial20,4,1.2130086233507342,78.42807419,1.1013667070284694,1.2130086233507342,100
food_level1_dial20,5,0.6412509059610088,78.14946690000001,0.800781434575633,0.6412509059610088,100
food_level1_dial20,6,1.3921577279862958,70.21429794,1.179897337901182,1.3921577279862958,100
hobby_level3_dial2,1,1.0795083888399082,66.93457955000001,1.0389939310890648,1.0795083888399082,100
hobby_level3_dial2,2,1.0016990990783798,68.18862882999998,1.0008491889782296,1.0016990990783798,100
hobby_level3_dial2,3,1.326344903850418,72.4615462,1.151670484058013,1.326344903850418,100
hobby_level3_dial2,4,1.6059958686236795,75.42992789,1.2672789229777632,1.6059958686236795,100
hobby_level3_dial2,5,1.028571085292653,78.93839119,1.0141849364354871,1.028571085292653,100
hobby_level3_dial2,6,0.3975136089569108,69.67066536,0.6304868031584093,0.3975136089569108,100
food_level2_dial20,1,0.8652295837314585,67.00662103999998,0.9301771786769758,0.8652295837314585,100
food_level2_dial20,2,2.1082227616120335,75.58860422000001,1.4519720250790074,2.1082227616120335,100
food_level2_dial20,3,0.9510473281747502,78.20100151000001,0.975216554501999,0.9510473281747502,100
top25_dial29,1,1.0039503626592738,71.71375487,1.0019732345024361,1.0039503626592738,100
top25_dial29,2,1.4760865166220773,72.52463723000001,1.2149430096190015,1.4760865166220773,100
top25_dial29,3,7.729311774402939,79.29872796000001,2.7801639833655387,7.729311774402939,100
top25_dial29,4,2.4385016964122714,78.46206369999999,1.5615702662423716,2.4385016964122714,100
top25_dial29,5,1.6460388163845854,78.29206356000002,1.2829804427132103,1.6460388163845854,100
top25_dial29,6,0.42227527804249915,81.3728778,0.6498271139637828,0.42227527804249915,100
food_level3_dial1,1,1.2662108373405292,69.66570146000001,1.1252603420278033,1.2662108373405292,100
food_level3_dial1,2,0.9218444326622303,71.90984651,0.9601273002379581,0.9218444326622303,100
food_level3_dial1,3,0.3911769620351864,75.28523555999999,0.6254414137512693,0.3911769620351864,100
food_level3_dial1,4,1.060405354733242,72.85699471999999,1.0297598529430256,1.060405354733242,100
food_level3_dial1,5,2.359998462233693,80.55018962999999,1.5362286490733381,2.359998462233693,100
food_level3_dial1,6,0.5618313518767672,72.38660118,0.7495541020345144,0.5618313518767672,100
hobby_level3_dial20,1,1.4327780816817615,71.93584541,1.196987085010428,1.4327780816817615,100
hobby_level3_dial20,2,0.7985332839099,69.47249479999999,0.8936068956257556,0.7985332839099,100
hobby_level3_dial20,3,1.2742814427290419,72.17712291,1.1288407517134744,1.2742814427290419,100
hobby_level3_dial20,4,1.647051544095757,70.19805723,1.2833750597918587,1.647051544095757,100
hobby_level3_dial20,5,8.40168108262168,76.75155586000001,2.8985653490341874,8.40168108262168,100
hobby_level3_dial20,6,1.2734931067381856,71.59991229,1.1284915182393644,1.2734931067381856,100
top25_dial57,1,1.6864426629918543,73.61610392,1.2986310727038124,1.6864426629918543,100
top25_dial57,2,2.3112996311640277,70.72223715,1.5202959025018872,2.3112996311640277,100
top25_dial57,3,0.7861734573464544,73.62345184000002,0.8866642303298664,0.7861734573464544,100
top25_dial57,4,0.8918426183430219,72.17358172000002,0.944374194026405,0.8918426183430219,100
top25_dial57,5,0.8108852912346082,74.13483065,0.9004916941508168,0.8108852912346082,100
top25_dial57,6,0.5288727778811473,75.61347835000001,0.727236397522255,0.5288727778811473,100
food_level1_dial21,1,1.4260200969033932,75.75990481,1.1941608337671241,1.4260200969033932,100
food_level1_dial21,2,2.980094269810676,78.41518561000001,1.7262949544648145,2.980094269810676,100
food_level1_dial21,3,2.3540554022533082,76.36020015,1.5342931278778864,2.3540554022533082,100
food_level1_dial21,4,2.2256060974445107,78.19542469999999,1.4918465395088432,2.2256060974445107,100
food_level1_dial21,5,2.272133227442039,76.76098810999999,1.5073596874807416,2.272133227442039,100
food_level1_dial21,6,4.160346973113907,74.74523397,2.039692862446184,4.160346973113907,100
hobby_level2_dial28,1,0.7846013968928982,68.31530667999999,0.8857772840239798,0.7846013968928982,100
hobby_level2_dial28,2,1.5420051107368373,72.75772423000001,1.2417749839390537,1.5420051107368373,100
hobby_level2_dial28,3,0.45820489266664494,68.27943771,0.6769083340206744,0.45820489266664494,100
hobby_level2_dial28,4,1.2073243056846983,70.54308906,1.0987831022020216,1.2073243056846983,100
hobby_level2_dial28,5,2.6042280765027623,80.92803632999998,1.6137620879493861,2.6042280765027623,100
hobby_level2_dial28,6,0.7742279631301422,73.41346891,0.8799022463490715,0.7742279631301422,100
top25_dial3,1,1.4850043570225708,71.09434822,1.2186075484020977,1.4850043570225708,100
top25_dial3,2,2.9844916192372892,68.43683818000001,1.7275681228933606,2.9844916192372892,100
top25_dial3,3,3.9494369477408724,69.96326531,1.9873190352182692,3.9494369477408724,100
top25_dial3,4,0.5687924370126176,65.23029773000002,0.7541832913905064,0.5687924370126176,100
top25_dial3,5,0.8182634509888254,67.87418107000002,0.9045791568397016,0.8182634509888254,100
top25_dial3,6,0.5963066389624483,74.62984146,0.7722089347854298,0.5963066389624483,100
top25_dial3,7,0.8002142048367937,73.28116007999999,0.8945469271294791,0.8002142048367937,100
food_level3_dial4,1,1.9451962217838474,71.82964095000001,1.394702915241754,1.9451962217838474,100
food_level3_dial4,2,1.879544652845713,73.64011618999999,1.3709648620025654,1.879544652845713,100
food_level3_dial4,3,1.8357403329627004,74.52202813999999,1.354894952740876,1.8357403329627004,100
food_level3_dial4,4,1.7762746421353581,75.74956902,1.3327695382680975,1.7762746421353581,100
food_level3_dial4,5,2.6167125181452873,75.75427275,1.617625580332262,2.6167125181452873,100
food_level3_dial4,6,8.405496139393273,77.69384137,2.899223368316638,8.405496139393273,100
top25_dial1,1,2.4357961885336543,71.59280919,1.5607037478437906,2.4357961885336543,100
top25_dial1,2,1.7673144093805022,80.25912617,1.329403779662335,1.7673144093805022,100
top25_dial1,3,2.0777197582249247,75.08944471,1.441429761807673,2.0777197582249247,100
top25_dial1,4,0.9079766377331334,73.18522331000001,0.9528780812533855,0.9079766377331334,100
top25_dial1,5,0.42428913413701347,78.31770136999998,0.6513748031180001,0.42428913413701347,100
top25_dial1,6,0.42620047650437015,72.5616455,0.652840314705189,0.42620047650437015,100
food_level2_dial21,1,1.2748826582910988,73.75944705999999,1.1291070180860177,1.2748826582910988,100
food_level2_dial21,2,7.062114392498085,78.70799366,2.657463902388532,7.062114392498085,100
food_level2_dial21,3,5.987298338526987,76.28374341,2.4468956533793973,5.987298338526987,100
food_level2_dial21,4,2.702920328802262,75.1980754,1.6440560601154275,2.702920328802262,100
food_level2_dial21,5,2.0428816523843665,79.31190145,1.4292941098263738,2.0428816523843665,100
food_level2_dial21,6,2.892654302227913,79.92752481,1.7007804979561334,2.892654302227913,100
hobby_level3_dial21,1,0.38209807947797436,70.77459115999999,0.6181408249565582,0.38209807947797436,100
hobby_level3_dial21,2,1.0343489458653947,70.41588392,1.0170294714831989,1.0343489458653947,100
hobby_level3_dial21,3,1.2828158747341507,68.62398201,1.1326146188064812,1.2828158747341507,100
hobby_level3_dial21,4,1.3611477366370903,76.47122351,1.1666823632150656,1.3611477366370903,100
hobby_level3_dial21,5,0.2875496705270394,73.20931402,0.536236580743089,0.2875496705270394,100
hobby_level3_dial21,6,0.15209308583885173,76.69854426,0.38999113559009485,0.15209308583885173,100
hobby_level1_dial6,1,1.4950958883208159,72.08458467999999,1.222741137085367,1.4950958883208159,100
hobby_level1_dial6,2,0.678907174049489,77.06032282,0.823958235622103,0.678907174049489,100
hobby_level1_dial6,3,1.288184600643587,78.78870429,1.134982202787157,1.288184600643587,100
hobby_level1_dial6,4,2.5586565626652216,77.88538041,1.5995801207395712,2.5586565626652216,100
hobby_level1_dial6,5,1.1131631444647672,74.85535365,1.0550654692789292,1.1131631444647672,100
hobby_level1_dial6,6,1.093365777553318,78.53257468,1.0456413235681334,1.093365777553318,100
food_level1_dial22,1,2.063538484792119,74.48681359999999,1.4365021701313643,2.063538484792119,100
food_level1_dial22,2,1.194822925699421,71.29743383,1.0930795605533117,1.194822925699421,100
food_level1_dial22,3,1.2240079751534265,76.08693014999999,1.1063489391477836,1.2240079751534265,100
food_level1_dial22,4,1.8551679842138755,70.12240122999998,1.3620455147365214,1.8551679842138755,100
food_level1_dial22,5,0.7784134207900947,73.21872669,0.8822774058027865,0.7784134207900947,100
food_level1_dial22,6,0.6462656344666188,74.453599,0.8039064836575326,0.6462656344666188,100
hobby_level3_dial22,1,3.2656506456397194,68.04865960000001,1.8071111326201605,3.2656506456397194,100
hobby_level3_dial22,2,0.6633643584606485,68.78704646,0.8144718279109772,0.6633643584606485,100
hobby_level3_dial22,3,1.593797800981255,71.77639862,1.2624570491629625,1.593797800981255,100
hobby_level3_dial22,4,0.9374569443609643,72.17129007,0.9682236024601777,0.9374569443609643,100
food_level1_dial23,1,1.391424799998009,71.38996445000001,1.179586707282686,1.391424799998009,100
food_level1_dial23,2,1.1557000592185163,80.04150762,1.0750349106975625,1.1557000592185163,100
food_level1_dial23,3,1.2741005141134487,74.61730849,1.1287606097456842,1.2741005141134487,100
food_level1_dial23,4,2.2612806461945776,77.76114567999998,1.5037555141028005,2.2612806461945776,100
food_level1_dial23,5,4.0418911003123155,76.68164680999999,2.0104454979711126,4.0418911003123155,100
food_level1_dial23,6,2.2552630994277862,77.63226285,1.501753341740176,2.2552630994277862,100
food_level2_dial22,1,2.2859364510292837,74.21255071,1.5119313645232986,2.2859364510292837,100
food_level2_dial22,2,3.9621044967090047,76.19071321,1.990503578672745,3.9621044967090047,100
food_level2_dial22,3,1.7480877500814203,75.95912832999998,1.3221526954483813,1.7480877500814203,100
food_level2_dial22,4,4.323566639073564,76.55537859,2.0793187920743574,4.323566639073564,100
food_level2_dial22,5,1.4535848617100333,71.26348780999999,1.205647071787608,1.4535848617100333,100
food_level2_dial22,6,1.385467308641462,76.47797776000002,1.1770587532665742,1.385467308641462,100
hobby_level2_dial29,1,2.653205089883345,71.23961629000001,1.6288661976612275,2.653205089883345,100
hobby_level2_dial29,2,2.4583287977716926,71.07612974,1.5679058638106091,2.4583287977716926,100
hobby_level2_dial29,3,1.574962126262146,69.35012088,1.2549749504520582,1.574962126262146,100
hobby_level2_dial29,4,3.5117613561276704,69.55646137000001,1.8739694117374677,3.5117613561276704,100
hobby_level2_dial29,5,0.6979914798377409,69.03870828,0.8354588438922296,0.6979914798377409,100
hobby_level2_dial29,6,2.8553445584196617,71.70454141,1.6897764817926841,2.8553445584196617,100
hobby_level3_dial23,1,2.3280717479621087,70.42558752999999,1.5258020015592157,2.3280717479621087,100
hobby_level3_dial23,2,0.5759367772534472,68.92695604999999,0.7589049856559431,0.5759367772534472,100
hobby_level3_dial23,3,0.6154843505634898,75.28177336,0.7845281069302041,0.6154843505634898,100
hobby_level3_dial23,4,0.8884178438135417,80.73984528000001,0.942559199102922,0.8884178438135417,100
hobby_level3_dial23,5,1.2539008000897538,75.06714969,1.119777120720795,1.2539008000897538,100
top25_dial30,1,1.5398025076397694,74.3728143,1.2408877901082633,1.5398025076397694,100
top25_dial30,2,0.637701427075097,71.71969206,0.7985620996986378,0.637701427075097,100
top25_dial30,3,0.7370723821699969,72.02132761,0.8585291970399125,0.7370723821699969,100
top25_dial30,4,3.356707834112442,76.94272860000001,1.8321320460361044,3.356707834112442,100
top25_dial30,5,2.644895991940455,78.50692362000001,1.6263136204128819,2.644895991940455,100
top25_dial30,6,1.983138429652595,77.78382738,1.4082394788006034,1.983138429652595,100
food_level1_dial3,1,2.873798327785352,77.69830064000001,1.6952281049420317,2.873798327785352,100
food_level1_dial3,2,1.1758106174657346,76.25663516,1.0843480149222087,1.1758106174657346,100
food_level1_dial3,3,2.5866731773227554,75.07009468,1.608313768306034,2.5866731773227554,100
food_level1_dial3,4,2.351829376084217,77.19629562,1.5335675322867972,2.351829376084217,100
food_level1_dial3,5,0.9297815259069211,76.7346086,0.9642517959054684,0.9297815259069211,100
food_level1_dial3,6,1.64112986841185,76.0677651,1.2810659110334057,1.64112986841185,100
hobby_level1_dial7,1,1.0779354994287573,68.84507932,1.0382367261028467,1.0779354994287573,100
hobby_level1_dial7,2,0.33187988427031767,69.15763611,0.5760901702601058,0.33187988427031767,100
hobby_level1_dial7,3,2.363799122715929,78.16026984999999,1.537465161464132,2.363799122715929,100
hobby_level1_dial7,4,0.4410853798936935,72.08907963,0.6641425900314581,0.4410853798936935,100
hobby_level1_dial7,5,2.4789723066787728,75.03717278,1.5744752480362378,2.4789723066787728,100
hobby_level1_dial7,6,0.7610305751223936,77.30231208,0.8723706638364186,0.7610305751223936,100
hobby_level2_dial3,1,0.8338843007000549,75.37759394,0.9131726565661364,0.8338843007000549,100
hobby_level2_dial3,2,3.858283849075308,74.57506203000001,1.964251472972671,3.858283849075308,100
hobby_level2_dial3,3,1.8901952294930815,75.21769791000001,1.374843710933385,1.8901952294930815,100
hobby_level2_dial3,4,3.306506054825009,76.36020445000003,1.8183800633599703,3.306506054825009,100
hobby_level2_dial3,5,0.40496917506641067,73.43341564,0.6363718842519762,0.40496917506641067,100
hobby_level2_dial3,6,0.9198158225873386,73.97639011,0.9590702907437695,0.9198158225873386,100
food_level3_dial10,1,0.23751842200022186,65.77843759000001,0.4873586174473802,0.23751842200022186,100
food_level3_dial10,2,0.5773487296298273,71.45135144,0.7598346725635962,0.5773487296298273,100
food_level3_dial10,3,0.860573502927332,76.05141263000002,0.9276710100716374,0.860573502927332,100
food_level3_dial10,4,3.2344324203942048,74.81359207000001,1.7984527851445544,3.2344324203942048,100
food_level3_dial10,5,1.844233295790944,77.53941529,1.35802551367452,1.844233295790944,100
food_level3_dial10,6,1.5201615033220717,72.4855581,1.2329482971001142,1.5201615033220717,100
food_level1_dial4,1,0.850370381456429,70.99458946,0.9221552913996801,0.850370381456429,100
food_level1_dial4,2,1.436321973052527,75.27261720999999,1.1984665089407076,1.436321973052527,100
food_level1_dial4,3,2.023881084572058,75.82744539,1.4226317459455409,2.023881084572058,100
food_level1_dial4,4,2.689628370986386,82.44069921,1.6400086496681614,2.689628370986386,100
food_level1_dial4,5,1.019056456343252,78.48587289999999,1.0094832620421461,1.019056456343252,100
food_level1_dial4,6,1.6121304246597847,76.56109271,1.269696981432887,1.6121304246597847,100
food_level3_dial6,1,1.8553104070183324,70.43097719000001,1.3620977964222438,1.8553104070183324,100
food_level3_dial6,2,2.5753173085137813,72.92368619999999,1.6047795202188309,2.5753173085137813,100
food_level3_dial6,3,1.1174946315951018,72.63192409,1.0571161864218623,1.1174946315951018,100
food_level3_dial6,4,1.0939981970507973,83.56049162000001,1.0459436873229826,1.0939981970507973,100
food_level3_dial6,5,1.4331785392481535,74.44000681,1.1971543506366058,1.4331785392481535,100
food_level3_dial6,6,0.9984433474872774,79.96218673,0.9992213706117766,0.9984433474872774,100
top25_dial31,1,1.373602226156186,74.40593607000001,1.1720077756381082,1.373602226156186,100
top25_dial31,2,0.9817080233442255,73.12922087999999,0.9908118001639996,0.9817080233442255,100
top25_dial31,3,0.9918011778245672,79.50412134999999,0.99589215170347,0.9918011778245672,100
top25_dial31,4,0.6508063827882233,77.76940058,0.8067257171977495,0.6508063827882233,100
top25_dial31,5,3.7862667143923807,75.31610183000001,1.9458331671529243,3.7862667143923807,100
top25_dial31,6,2.143439732366518,72.629113,1.464049088100026,2.143439732366518,100
top25_dial10,1,1.2003624790846974,73.01033389,1.0956105508275729,1.2003624790846974,100
top25_dial10,2,2.6392770195154607,75.10007083,1.6245851838286167,2.6392770195154607,100
top25_dial10,3,0.9410440525891717,71.37600336,0.9700742510700775,0.9410440525891717,100
top25_dial10,4,1.4827470463127461,73.98993679,1.2176810117238202,1.4827470463127461,100
top25_dial10,5,2.173225338784869,76.63958251,1.474186331094163,2.173225338784869,100
top25_dial10,6,1.2668945910841158,78.13374138,1.1255641212672496,1.2668945910841158,100
food_level2_dial23,1,1.6189041961367485,70.40926415000001,1.2723616609033568,1.6189041961367485,100
food_level2_dial23,2,1.110831774801373,70.26989787,1.053960044214852,1.110831774801373,100
food_level2_dial23,3,2.077250067059326,79.65234188000001,1.4412668271556541,2.077250067059326,100
food_level2_dial23,4,2.223105516008868,75.52625671,1.4910082213082756,2.223105516008868,100
food_level2_dial23,5,3.308615075562681,78.25832209,1.818959888387504,3.308615075562681,100
food_level2_dial23,6,1.8227448233110386,76.9932692,1.3500906722554002,1.8227448233110386,100
hobby_level3_dial24,1,2.472046627966254,71.74627862,1.57227434882283,2.472046627966254,100
hobby_level3_dial24,2,3.4995220964191907,70.41195164000001,1.8707009639221313,3.4995220964191907,100
hobby_level3_dial24,3,2.3399229338072205,77.56120528000001,1.5296806639973,2.3399229338072205,100
hobby_level3_dial24,4,2.728026090178608,72.14515275,1.651673723886957,2.728026090178608,100
hobby_level3_dial24,5,4.843333242465622,83.12780005,2.2007574247212305,4.843333242465622,100
hobby_level3_dial24,6,12.226507653646367,74.48115688,3.4966423399664954,12.226507653646367,100
hobby_level2_dial30,1,3.291256579154133,76.20483847999999,1.81418206890988,3.291256579154133,100
hobby_level2_dial30,2,3.777148759841288,75.37206454,1.9434888113496533,3.777148759841288,100
hobby_level2_dial30,3,1.9662974547687722,76.77547478000001,1.4022472873101848,1.9662974547687722,100
hobby_level2_dial30,4,0.34662195955086517,74.97170065999998,0.5887460909007084,0.34662195955086517,100
hobby_level2_dial30,5,0.3483088981717578,74.89604738999999,0.5901770057972081,0.3483088981717578,100
hobby_level2_dial30,6,0.7284106332599289,77.7579729,0.8534697611866099,0.7284106332599289,100
top25_dial58,1,0.7238205304987652,74.85606492999999,0.8507764280342781,0.7238205304987652,100
top25_dial58,2,0.5284254795351522,69.95580378,0.7269287994949383,0.5284254795351522,100
top25_dial58,3,0.6673182752650617,71.88922809,0.8168955106162977,0.6673182752650617,100
top25_dial58,4,1.8358799487043558,73.05671862,1.354946474479474,1.8358799487043558,100
top25_dial58,5,1.3212802209783285,76.58125149,1.1494695389519152,1.3212802209783285,100
top25_dial58,6,0.5369550046263468,73.48116755000001,0.732772136906383,0.5369550046263468,100
top25_dial58,7,0.4314881695078585,73.68105704,0.6568775909618614,0.4314881695078585,100
hobby_level1_dial8,1,3.0984366222015898,65.33219449999999,1.7602376607156176,3.0984366222015898,100
hobby_level1_dial8,2,1.3435079189602441,71.44053358000001,1.1590978901543407,1.3435079189602441,100
hobby_level1_dial8,3,0.9080041121354615,69.30566809,0.952892497680332,0.9080041121354615,100
top25_dial32,1,0.2401164082227495,73.02486101,0.49001674279839613,0.2401164082227495,100
top25_dial32,2,0.5311743980126155,79.14911081,0.7288171224749151,0.5311743980126155,100
top25_dial32,3,1.4303371087138694,78.63353422,1.1959670182383249,1.4303371087138694,100
top25_dial32,4,0.7023866430167238,72.73468742000001,0.8380851048770189,0.7023866430167238,100
top25_dial32,5,0.6888853876803697,81.79281664000001,0.8299911973511344,0.6888853876803697,100
top25_dial32,6,2.090647170664941,76.62551733,1.4459070408103492,2.090647170664941,100
food_level1_dial5,1,2.1576823401494476,76.62036175,1.468905150154171,2.1576823401494476,100
food_level1_dial5,2,7.537814413140048,71.35664370999999,2.7455080428110294,7.537814413140048,100
food_level1_dial5,3,3.391846989317015,77.80289687,1.8416967691009873,3.391846989317015,100
food_level1_dial5,4,1.7547704303045846,72.49362442,1.3246774816175386,1.7547704303045846,100
food_level1_dial5,5,5.740805542356939,75.81709,2.3959978176861805,5.740805542356939,100
food_level1_dial5,6,1.8577318268586982,78.20511376999998,1.3629863634162662,1.8577318268586982,100
top25_dial11,1,0.5015627148704421,72.70646559,0.7082109254102497,0.5015627148704421,100
top25_dial11,2,0.7133971946122576,75.37051668,0.8446284358297781,0.7133971946122576,100
top25_dial11,3,0.6045768747955523,75.24158374000001,0.777545416548482,0.6045768747955523,100
top25_dial11,4,0.7410778761877705,80.1030435,0.8608588015393527,0.7410778761877705,100
top25_dial11,5,0.523920614496538,80.14606904,0.723823607308119,0.523920614496538,100
top25_dial11,6,1.0042562546797662,72.80607325,1.00212586768318,1.0042562546797662,100
food_level3_dial7,1,5.715153857294314,72.70385237,2.3906387969106317,5.715153857294314,100
food_level3_dial7,2,2.7372194597722226,69.42427070999999,1.6544544296450787,2.7372194597722226,100
food_level3_dial7,3,0.5880398656353946,72.56528881000001,0.7668375744806684,0.5880398656353946,100
food_level3_dial7,4,0.5503784444743627,76.54587942,0.7418749520467467,0.5503784444743627,100
food_level3_dial7,5,0.7272577771159645,78.39209958000001,0.8527941000710338,0.7272577771159645,100
food_level3_dial7,6,2.1272366570237966,75.78571132,1.4585049389781979,2.1272366570237966,100
hobby_level2_dial31,1,1.988887394573925,71.49811075,1.410279190293158,1.988887394573925,100
hobby_level2_dial31,2,1.8018174348084153,73.77807194,1.3423179335792303,1.8018174348084153,100
hobby_level2_dial31,3,3.7740665973752665,71.25587925,1.942695703751688,3.7740665973752665,100
hobby_level2_dial31,4,2.7383457246287493,70.14003164,1.654794768129495,2.7383457246287493,100
hobby_level2_dial31,5,1.3579828845842667,73.30863955,1.165325226957808,1.3579828845842667,100
hobby_level2_dial31,6,0.5087403715920827,68.79604924,0.7132603813419632,0.5087403715920827,100
hobby_level1_dial9,1,0.9712149724523037,75.01663234,0.9855023959647707,0.9712149724523037,100
hobby_level1_dial9,2,0.5855346944088788,75.76646111000001,0.7652023878745275,0.5855346944088788,100
hobby_level1_dial9,3,1.979786433208988,79.91573335,1.407048838245847,1.979786433208988,100
hobby_level1_dial9,4,3.4650370140592277,77.28324975,1.8614609891317164,3.4650370140592277,100
hobby_level1_dial9,5,3.8387034985749557,79.48733819,1.9592609572425403,3.8387034985749557,100
hobby_level1_dial9,6,3.4439657128537733,74.77052961999999,1.8557924756970465,3.4439657128537733,100
food_level3_dial11,1,3.2815556376406483,69.28915385,1.811506455312994,3.2815556376406483,100
food_level3_dial11,2,3.063705495694036,65.87172262,1.7503443934534815,3.063705495694036,100
food_level3_dial11,3,0.37857002294740694,71.81377956,0.6152804425198374,0.37857002294740694,100
food_level3_dial11,4,1.475465153837724,72.94586534,1.2146872658580579,1.475465153837724,100
food_level3_dial11,5,1.63109442905394,69.82870403999999,1.277143073055615,1.63109442905394,100
food_level3_dial11,6,1.2985078775227206,72.01626828,1.1395208982386942,1.2985078775227206,100
top25_dial59,1,1.8658881844717516,68.65500274,1.3659751771067261,1.8658881844717516,100
top25_dial59,2,1.0730659476222735,63.67198030999999,1.0358889649099818,1.0730659476222735,100
top25_dial59,3,0.89169877188589,68.91068150000001,0.9442980312834979,0.89169877188589,100
top25_dial59,4,2.101169838177364,75.85746042000001,1.449541250940229,2.101169838177364,100
top25_dial59,5,0.5194002699398843,74.11030188,0.7206942971467752,0.5194002699398843,100
top25_dial59,6,0.586811625535437,67.85282993999999,0.766036308235737,0.586811625535437,100
food_level1_dial6,1,3.062406638967062,71.03919924,1.7499733252158622,3.062406638967062,100
food_level1_dial6,2,0.36770692328558074,70.5244502,0.6063884260814851,0.36770692328558074,100
food_level1_dial6,3,1.7934607966175264,74.35694335000001,1.339201551902299,1.7934607966175264,100
food_level1_dial6,4,4.207710042294339,72.28823738000001,2.0512703484168875,4.207710042294339,100
food_level1_dial6,5,5.463896671525369,74.35933303,2.3374979511275233,5.463896671525369,100
food_level1_dial6,6,2.7253426489609933,69.03007778000001,1.650861184037287,2.7253426489609933,100
hobby_level2_dial32,1,1.0409558360962061,75.69359193,1.0202724322925745,1.0409558360962061,100
hobby_level2_dial32,2,0.7806306349098081,72.22668018,0.8835330412100094,0.7806306349098081,100
hobby_level2_dial32,3,1.2574142397115096,75.41016509999999,1.12134483532565,1.2574142397115096,100
hobby_level2_dial32,4,1.1987783108686418,73.24678671999999,1.0948873507665717,1.1987783108686418,100
hobby_level2_dial32,5,3.9090338693257856,77.55761358,1.9771276815941314,3.9090338693257856,100
hobby_level2_dial32,6,2.3877280449620315,78.04633064,1.5452275058909712,2.3877280449620315,100
food_level3_dial12,1,0.8233663137369205,78.04312914,0.9073953458867422,0.8233663137369205,100
food_level3_dial12,2,0.9456164160158467,72.25768755,0.9724281032630878,0.9456164160158467,100
food_level3_dial12,3,0.8001517047896124,72.58702731,0.8945119925353782,0.8001517047896124,100
food_level3_dial12,4,1.3768281726869243,71.55284511999999,1.1733832164672053,1.3768281726869243,100
food_level3_dial12,5,0.9509939445123876,72.41917644,0.9751891839599062,0.9509939445123876,100
food_level3_dial12,6,1.2451691286960698,75.14184952,1.1158714660282651,1.2451691286960698,100
food_level3_dial12,7,2.9743980721337375,77.28065814,1.7246443320678433,2.9743980721337375,100
food_level3_dial8,1,3.13012948778577,74.74488609999999,1.7692171963288652,3.13012948778577,100
food_level3_dial8,2,6.188733613119785,74.33961253000001,2.487716545975402,6.188733613119785,100
food_level3_dial8,3,2.9968223100526923,73.08533819000002,1.7311332444536707,2.9968223100526923,100
food_level3_dial8,4,1.78729547657522,86.49107339999999,1.336897706099917,1.78729547657522,100
food_level3_dial8,5,1.103660834177508,74.33865645,1.0505526327497867,1.103660834177508,100
food_level3_dial8,6,2.976682635740031,79.66764463999999,1.7253065338484148,2.976682635740031,100
food_level1_dial7,1,2.2612904102243543,72.37106763,1.5037587606475828,2.2612904102243543,100
food_level1_dial7,2,0.8932872887777389,72.27116796,0.9451387669425791,0.8932872887777389,100
food_level1_dial7,3,2.245541470219702,83.64950624,1.4985130864359184,2.245541470219702,100
hobby_level2_dial33,1,1.7716165571091431,70.89952833000001,1.3310208702755728,1.7716165571091431,100
hobby_level2_dial33,2,3.385738628902729,66.01271399000001,1.8400376705118646,3.385738628902729,100
hobby_level2_dial33,3,2.142939458807435,72.89226094,1.463878225402453,2.142939458807435,100
hobby_level2_dial33,4,1.590612297302675,72.20994119,1.2611947895954356,1.590612297302675,100
hobby_level2_dial33,5,3.4659164955714816,75.31401524,1.8616972083482002,3.4659164955714816,100
hobby_level2_dial33,6,0.9592541132509091,73.47215047,0.9794151894119822,0.9592541132509091,100
food_level3_dial13,1,3.7221478781480783,71.11524677,1.9292868833193466,3.7221478781480783,100
food_level3_dial13,2,3.0741737561003397,69.86354886,1.7533321864667686,3.0741737561003397,100
food_level3_dial13,3,3.9554720708674624,73.79290442000001,1.9888368638144915,3.9554720708674624,100
food_level3_dial13,4,3.4172949449405245,75.54241107000001,1.8485926930885896,3.4172949449405245,100
food_level3_dial13,5,1.1608676376276323,73.70426981,1.0774356767935767,1.1608676376276323,100
food_level3_dial13,6,2.5004028339842024,72.66387114000001,1.58126621224391,2.5004028339842024,100
food_level2_dial24,1,1.6698910685785031,74.84741576,1.29224265081234,1.6698910685785031,100
food_level2_dial24,2,2.083757792297478,75.35101768,1.443522702383817,2.083757792297478,100
food_level2_dial24,3,2.5713417689601425,78.86324741,1.6035403858213682,2.5713417689601425,100
food_level2_dial24,4,1.6973791090804156,80.55020160999999,1.30283502757656,1.6973791090804156,100
food_level2_dial24,5,1.4332687308147445,70.84325987999999,1.1971920191910503,1.4332687308147445,100
food_level2_dial24,6,1.5665461510810912,76.5124015,1.2516174140211902,1.5665461510810912,100
food_level3_dial14,1,5.2726591595818375,72.28878911,2.2962271576614186,5.2726591595818375,100
food_level3_dial14,2,5.992566836166687,74.77758079000002,2.44797198435086,5.992566836166687,100
food_level3_dial14,3,0.29530245180907594,77.54131762,0.5434173826894719,0.29530245180907594,100
food_level3_dial14,4,1.5026996270144843,71.03769892999999,1.2258464940662368,1.5026996270144843,100
food_level3_dial14,5,2.765502293317957,78.37550895999999,1.6629799437509634,2.765502293317957,100
food_level3_dial14,6,0.6481155486197017,78.94016472000001,0.8050562394141801,0.6481155486197017,100
top25_dial33,1,2.4503641174324686,69.49809505,1.5653638929758373,2.4503641174324686,100
top25_dial33,2,0.6295495768248804,65.10657914,0.7934416026557218,0.6295495768248804,100
top25_dial33,3,0.9641514787990936,74.97441808,0.9819121543188544,0.9641514787990936,100
top25_dial33,4,0.5250931770115076,73.69590018000001,0.7246331327033754,0.5250931770115076,100
top25_dial33,5,1.381952359775753,76.94200122,1.1755646982517607,1.381952359775753,100
top25_dial33,6,1.357362571111879,74.52485589,1.1650590418995421,1.357362571111879,100
hobby_level3_dial26,1,1.3287156218199292,66.3156541,1.1526992764029693,1.3287156218199292,100
hobby_level3_dial26,2,4.31994304282365,71.33506136,2.0784472672703656,4.31994304282365,100
hobby_level3_dial26,3,0.21801102611898518,70.84302307,0.46691650872397433,0.21801102611898518,100
hobby_level3_dial26,4,5.145702057333418,77.10415923,2.268413996018676,5.145702057333418,100
hobby_level3_dial26,5,0.8240207701696284,72.39641625,0.9077558978985641,0.8240207701696284,100
hobby_level3_dial26,6,0.5036257611974619,72.23748067000001,0.7096659504284124,0.5036257611974619,100
top25_dial35,1,1.2919282542708004,71.44771383,1.1366302187918462,1.2919282542708004,100
top25_dial35,2,0.9620083900706909,71.15874549,0.9808202638968523,0.9620083900706909,100
top25_dial35,3,1.1610517183508124,75.20144436999999,1.0775210987961268,1.1610517183508124,100
top25_dial35,4,0.9695689253487193,73.67889339,0.9846669108631199,0.9695689253487193,100
top25_dial35,5,0.9742899372440676,73.81202355,0.987061263166612,0.9742899372440676,100
food_level1_dial8,1,3.502809608743472,71.59247626,1.8715794422742178,3.502809608743472,100
food_level1_dial8,2,3.2950028948100827,73.36283824000002,1.8152142834415121,3.2950028948100827,100
food_level1_dial8,3,2.391565907453926,75.27075151000001,1.5464688511101432,2.391565907453926,100
food_level1_dial8,4,1.677607001310273,79.51339987000001,1.2952246914378498,1.677607001310273,100
food_level1_dial8,5,0.45576362154857863,76.13461096,0.6751026748196001,0.45576362154857863,100
food_level1_dial8,6,2.3387055949309454,76.78224943,1.529282706019703,2.3387055949309454,100
food_level3_dial9,1,1.2415678454710697,72.7993395,1.1142566335773234,1.2415678454710697,100
food_level3_dial9,2,3.1631178551851677,70.8308219,1.7785156325388787,3.1631178551851677,100
food_level3_dial9,3,2.2242133410334084,71.84989995,1.4913796770217196,2.2242133410334084,100
food_level3_dial9,4,0.7236512417145002,80.80004802,0.8506769314578245,0.7236512417145002,100
food_level3_dial9,5,3.0032538752944684,73.92374165000001,1.732989865894913,3.0032538752944684,100
food_level3_dial9,6,2.3477055287229676,72.72894165,1.5322224149003196,2.3477055287229676,100
hobby_level2_dial1,1,0.7422117369862076,67.89455882000001,0.861517113577094,0.7422117369862076,100
hobby_level2_dial1,2,0.9383592272309617,69.54410542,0.9686894379681042,0.9383592272309617,100
hobby_level2_dial1,3,0.642040993945202,68.50062924,0.8012746058282404,0.642040993945202,100
hobby_level2_dial1,4,1.5863967962840757,70.88486519,1.2595224477094784,1.5863967962840757,100
hobby_level2_dial1,5,0.929738595959753,74.45752584,0.9642295348928869,0.929738595959753,100
hobby_level2_dial1,6,0.8020566209055828,73.53883076,0.8955761390890128,0.8020566209055828,100
food_level1_dial9,1,2.804472769669117,72.21372606000001,1.674656015326466,2.804472769669117,100
food_level1_dial9,2,2.8068304862558673,72.50256018,1.6753598079982304,2.8068304862558673,100
food_level1_dial9,3,1.0778776917600457,74.59277921,1.0382088863807926,1.0778776917600457,100
food_level1_dial9,4,3.9561557561712943,72.23760526,1.9890087370776666,3.9561557561712943,100
food_level1_dial9,5,2.4448923750460927,75.51376992,1.5636151620670902,2.4448923750460927,100
food_level1_dial9,6,0.7365722895630071,75.40531444,0.858237897999737,0.7365722895630071,100
top25_dial6,1,0.9726913557238116,71.36698126,0.9862511625969379,0.9726913557238116,100
top25_dial6,2,4.2066258200480675,76.50454124999999,2.051006050709765,4.2066258200480675,100
top25_dial6,3,2.260760522874662,73.47688883,1.5035825627063724,2.260760522874662,100
top25_dial6,4,1.6167468320760252,72.05827455999999,1.2715135988561135,1.6167468320760252,100
top25_dial6,5,1.5129650150160365,76.43558462,1.2300264285843767,1.5129650150160365,100
top25_dial6,6,0.7630850685631718,66.44602187000001,0.8735474048746135,0.7630850685631718,100
food_level3_dial15,1,2.296616121032048,78.58836674999999,1.5154590463064477,2.296616121032048,100
food_level3_dial15,2,5.136329214801939,73.04883360999999,2.2663471081901685,5.136329214801939,100
food_level3_dial15,3,4.289258478096028,73.25506890000001,2.071052504910493,4.289258478096028,100
food_level3_dial15,4,3.752632008696711,75.27807678,1.937171135624499,3.752632008696711,100
food_level3_dial15,5,3.2345852353556244,74.45849034999999,1.7984952697618153,3.2345852353556244,100
food_level3_dial15,6,3.1902444800939334,73.44373013,1.786125549924734,3.1902444800939334,100
top25_dial36,1,0.7241664091576822,72.83142176000001,0.8509796761131738,0.7241664091576822,100
top25_dial36,2,1.1770671274289426,71.78553324,1.0849272452238181,1.1770671274289426,100
top25_dial36,3,0.5232493621854446,73.73236607,0.7233597736848826,0.5232493621854446,100
top25_dial36,4,0.36859856811592384,79.09051834000002,0.6071231902307174,0.36859856811592384,100
top25_dial36,5,0.6285682054664872,73.13370655,0.7928229344982947,0.6285682054664872,100
top25_dial36,6,0.6292116395196272,68.67446656,0.7932286174361255,0.6292116395196272,100
food_level2_dial1,1,2.453632056618914,71.13523462,1.566407372498902,2.453632056618914,100
food_level2_dial1,2,1.0024290877053044,71.58298166,1.0012138071887065,1.0024290877053044,100
food_level2_dial1,3,1.1600396327104814,69.88029341,1.0770513602936869,1.1600396327104814,100
food_level2_dial1,4,2.305279814647819,68.62801585999999,1.5183147943189579,2.305279814647819,100
food_level2_dial1,5,1.7140031707118508,68.38285590000001,1.3091994388601955,1.7140031707118508,100
food_level2_dial1,6,0.9053132464530945,65.58559715999999,0.9514795039584901,0.9053132464530945,100
food_level3_dial16,1,1.5862699110024607,74.37460791000001,1.2594720763091418,1.5862699110024607,100
food_level3_dial16,2,1.5378098733352963,75.25726532,1.2400846234573253,1.5378098733352963,100
food_level3_dial16,3,2.976993361745835,74.61110992,1.725396581005606,2.976993361745835,100
food_level3_dial16,4,0.9417499742787168,74.79077494,0.9704380321683177,0.9417499742787168,100
food_level3_dial16,5,2.0152685794302263,75.43924556,1.4196015565750224,2.0152685794302263,100
food_level3_dial16,6,0.9176181254372799,75.55560604000001,0.9579238620252029,0.9176181254372799,100
top25_dial12,1,0.5183517479212026,73.40057691,0.7199664908321793,0.5183517479212026,100
top25_dial12,2,0.7284417627609778,76.23720304,0.8534879980181197,0.7284417627609778,100
top25_dial12,3,0.37388943750767767,78.22144032,0.6114649928717732,0.37388943750767767,100
hobby_level1_dial1,1,1.8647089307208338,73.44039213,1.3655434561817628,1.8647089307208338,100
hobby_level1_dial1,2,2.0552073028778337,72.61916518999999,1.4335994220415387,2.0552073028778337,100
hobby_level1_dial1,3,1.866072680018663,75.36632859,1.3660427079775592,1.866072680018663,100
hobby_level1_dial1,4,1.4569260391605612,74.35158472,1.2070319130663287,1.4569260391605612,100
hobby_level1_dial1,5,1.5756677706961246,76.77644293,1.255256057820923,1.5756677706961246,100
hobby_level1_dial1,6,2.609203963164039,74.88851316999998,1.6153030561365378,2.609203963164039,100
hobby_level1_dial1,7,0.6687563817356355,71.88046661999999,0.8177752635875185,0.6687563817356355,100
hobby_level2_dial10,1,3.8577953833607577,71.59519277,1.9641271301422314,3.8577953833607577,100
hobby_level2_dial10,2,2.267882111315383,66.71730609,1.5059489072725485,2.267882111315383,100
hobby_level2_dial10,3,1.3158950252944732,67.07942126,1.147124677310393,1.3158950252944732,100
hobby_level2_dial10,4,0.7259967136560198,76.60680095999999,0.8520544076853425,0.7259967136560198,100
hobby_level2_dial10,5,0.6715393269297972,75.27963968,0.8194750313034542,0.6715393269297972,100
hobby_level2_dial10,6,0.5877054555442321,76.35454512999999,0.7666194985416378,0.5877054555442321,100
hobby_level3_dial27,1,1.96955617076193,71.66432322,1.4034087682360867,1.96955617076193,100
hobby_level3_dial27,2,1.0109664267207865,66.37853114999999,1.0054682624134819,1.0109664267207865,100
hobby_level3_dial27,3,2.5448366121632207,75.4524606,1.595254403586845,2.5448366121632207,100
hobby_level3_dial27,4,1.5832581254959899,76.30598047999999,1.2582758542926864,1.5832581254959899,100
hobby_level3_dial27,5,0.5180194038692525,75.94197113,0.7197356486024938,0.5180194038692525,100
hobby_level3_dial27,6,0.4684717517755943,81.99906531,0.6844499629451333,0.4684717517755943,100
hobby_level3_dial27,7,0.8217343281396496,79.40929401,0.9064956305132693,0.8217343281396496,100
food_level2_dial25,1,2.903790537188113,72.83038474,1.7040512131940497,2.903790537188113,100
food_level2_dial25,2,1.952286143550411,77.64606574,1.397242335298502,1.952286143550411,100
food_level2_dial25,3,1.166340446472377,73.06523139000001,1.07997242857046,1.166340446472377,100
food_level2_dial25,4,0.959709521315348,73.28756764999999,0.9796476516152877,0.959709521315348,100
food_level2_dial25,5,1.2998860683336089,75.0893915,1.1401254616635876,1.2998860683336089,100
food_level2_dial25,6,0.46781696284901986,73.72326533,0.6839714634756481,0.46781696284901986,100
food_level2_dial25,7,2.3020190304272377,76.20584377,1.5172405974094014,2.3020190304272377,100
hobby_level2_dial34,1,1.872361929875556,66.03149338,1.368342767684894,1.872361929875556,100
hobby_level2_dial34,2,1.0810996983320562,71.26713938,1.0397594425308463,1.0810996983320562,100
hobby_level2_dial34,3,0.2370079482901809,71.76692567,0.48683462108829206,0.2370079482901809,100
hobby_level2_dial34,4,0.38131912153127057,71.22547552,0.6175104222045734,0.38131912153127057,100
hobby_level2_dial34,5,0.5953680189114153,68.05854061999999,0.7716009453800684,0.5953680189114153,100
hobby_level2_dial34,6,0.7414345909309799,76.2222402,0.8610659620092875,0.7414345909309799,100
hobby_level2_dial34,7,0.18541384731758817,71.56427254,0.4305970823375237,0.18541384731758817,100
hobby_level1_dial10,1,1.0337076694557472,72.43215557,1.0167141532681383,1.0337076694557472,100
hobby_level1_dial10,2,0.7151327892533006,69.61653214,0.845655242550592,0.7151327892533006,100
hobby_level1_dial10,3,1.554369440224537,73.15163227,1.2467435342621742,1.554369440224537,100
hobby_level1_dial10,4,2.0389382360677724,71.87174374,1.427913945610089,2.0389382360677724,100
hobby_level1_dial10,5,1.0719815754777717,70.11066122,1.035365430887941,1.0719815754777717,100
hobby_level3_dial28,1,0.43349237425789816,69.98707196000001,0.6584013777764276,0.43349237425789816,100
hobby_level3_dial28,2,2.8575337988099814,74.56642317,1.6904241476061508,2.8575337988099814,100
hobby_level3_dial28,3,0.5087084629919569,73.49243268000001,0.7132380128624364,0.5087084629919569,100
food_level3_dial18,1,2.007571524253061,71.15845576,1.416887971666448,2.007571524253061,100
food_level3_dial18,2,2.9216397981662743,73.69941726,1.7092804913665498,2.9216397981662743,100
food_level3_dial18,3,2.233189026880629,74.78009503000001,1.4943858360144575,2.233189026880629,100
food_level3_dial18,4,1.7859903743052084,74.36775825000001,1.3364095084610885,1.7859903743052084,100
food_level3_dial18,5,1.1595114729481422,73.56688059,1.0768061445534856,1.1595114729481422,100
food_level3_dial18,6,3.2164470708284814,76.09927428,1.7934455862468985,3.2164470708284814,100
food_level2_dial26,1,2.092922590542933,78.66459637,1.4466936754347595,2.092922590542933,100
food_level2_dial26,2,1.7812887648467082,74.73615005,1.3346493040670677,1.7812887648467082,100
food_level2_dial26,3,1.0872114980041467,79.12568715,1.0426943454359703,1.0872114980041467,100
food_level2_dial26,4,0.41238703905464474,73.47843543,0.6421736829352669,0.41238703905464474,100
food_level2_dial26,5,1.091328846050822,79.60090859,1.044666858884124,1.091328846050822,100
food_level2_dial26,6,2.5222752814721554,73.86581412999999,1.5881672712507822,2.5222752814721554,100
hobby_level3_dial29,1,4.991712100706525,77.09131918000001,2.234213978272118,4.991712100706525,100
hobby_level3_dial29,2,0.6376146088552881,76.75709925000001,0.7985077387572947,0.6376146088552881,100
hobby_level3_dial29,3,1.0575133894683753,74.50515231,1.028354700221852,1.0575133894683753,100
hobby_level3_dial29,4,1.2358917258669235,74.58594423999999,1.1117066725836107,1.2358917258669235,100
hobby_level3_dial29,5,1.6301405134046858,77.13313982000001,1.2767695615907695,1.6301405134046858,100
hobby_level3_dial29,6,1.5006394780437202,80.30767227999999,1.2250059093913466,1.5006394780437202,100
hobby_level3_dial29,7,0.8846147613864498,77.19694848,0.9405396118114588,0.8846147613864498,100
top25_dial13,1,0.539990091400022,75.09861641,0.7348401808556891,0.539990091400022,100
top25_dial13,2,0.7055581650600108,74.60181301,0.83997509788089,0.7055581650600108,100
top25_dial13,3,6.9840156743075275,73.73653201000002,2.642728831020604,6.9840156743075275,100
top25_dial13,4,1.4075850775215593,73.64638561000001,1.1864169071290072,1.4075850775215593,100
top25_dial13,5,1.0870296815835727,72.03302487,1.0426071559238277,1.0870296815835727,100
top25_dial13,6,0.9093988852750943,70.11929031,0.953624079643071,0.9093988852750943,100
top25_dial37,1,6.221860451932015,73.17091826999999,2.4943657414124365,6.221860451932015,100
top25_dial37,2,2.6841670524694807,74.33744498,1.6383427762435676,2.6841670524694807,100
top25_dial37,3,0.801904427407188,73.49389084999999,0.8954911654545722,0.801904427407188,100
top25_dial37,4,2.9397282305977592,75.25258639999998,1.7145635685496643,2.9397282305977592,100
top25_dial37,5,1.3307472728130092,81.49464345,1.1535801978245852,1.3307472728130092,100
top25_dial37,6,0.3626967149626447,77.07364843,0.6022430696675926,0.3626967149626447,100
food_level2_dial27,1,1.912751367779871,73.76617630000001,1.383022547820487,1.912751367779871,100
food_level2_dial27,2,2.2885435914429095,73.81579936,1.512793307574736,2.2885435914429095,100
food_level2_dial27,3,1.6343459157440199,74.90348067,1.2784153924855646,1.6343459157440199,100
food_level2_dial27,4,1.8428093901302722,74.13207013,1.3575011565852428,1.8428093901302722,100
food_level2_dial27,5,0.9595401755597305,80.76867201,0.9795612158307058,0.9595401755597305,100
food_level2_dial27,6,3.317803112811635,82.19541577000001,1.8214837668262749,3.317803112811635,100
food_level2_dial27,7,2.135909385536455,77.38801416,1.46147507181493,2.135909385536455,100
food_level3_dial19,1,19.48275763673654,80.99747165000001,4.41392768820883,19.48275763673654,100
food_level3_dial19,2,3.0939505037688115,70.09543273999999,1.75896290573986,3.0939505037688115,100
food_level3_dial19,3,4.639097162541723,81.93260334,2.1538563467747154,4.639097162541723,100
food_level3_dial19,4,2.362703675457108,75.11732664999998,1.5371088690971462,2.362703675457108,100
food_level3_dial19,5,1.7152517615763072,74.69966255,1.309676204859929,1.7152517615763072,100
food_level3_dial19,6,0.4375052560892064,77.48255320999999,0.6614418009841881,0.4375052560892064,100
top25_dial15,1,0.9522684026152036,67.52293843,0.9758424066493542,0.9522684026152036,100
top25_dial15,2,0.43366079887282566,68.90051488,0.6585292695642507,0.43366079887282566,100
top25_dial15,3,0.4047331351636218,75.80944972,0.6361863997002937,0.4047331351636218,100
top25_dial15,4,0.4154825258542061,73.69568520999998,0.6445793402322216,0.4154825258542061,100
top25_dial15,5,0.26987896368192954,69.99105097,0.5194987619638083,0.26987896368192954,100
top25_dial15,6,0.3112574551015375,70.02070289,0.5579045214922869,0.3112574551015375,100
top25_dial60,1,3.6528791372933345,70.38949038000001,1.9112506735887196,3.6528791372933345,100
top25_dial60,2,2.547907461786266,72.72147529,1.5962166086675913,2.547907461786266,100
top25_dial60,3,0.27302970274520394,71.84580457999999,0.5225224423364071,0.27302970274520394,100
top25_dial60,4,2.6070220372813373,79.57529723,1.6146275227684364,2.6070220372813373,100
top25_dial60,5,0.6040631116672948,78.49924569000001,0.7772149713350193,0.6040631116672948,100
top25_dial60,6,0.9057649313167901,78.92312797000001,0.9517168335785545,0.9057649313167901,100
top25_dial60,7,0.532181148585026,75.51682271,0.7295074698623901,0.532181148585026,100
food_level2_dial28,1,3.0436868917258497,75.00385925,1.7446165457560723,3.0436868917258497,100
food_level2_dial28,2,2.6961041850280645,74.62400142,1.6419817858393144,2.6961041850280645,100
food_level2_dial28,3,1.454707774875862,72.12516541,1.2061126708877001,1.454707774875862,100
food_level2_dial28,4,7.8310941382818475,82.81476445,2.7984092156583973,7.8310941382818475,100
food_level2_dial28,5,5.299533785154906,78.57826214999999,2.302071629023499,5.299533785154906,100
food_level2_dial28,6,10.074660203455869,78.22204485,3.174060522966736,10.074660203455869,100
hobby_level1_dial11,1,1.0314095238872172,78.86603967999999,1.0155833416747329,1.0314095238872172,100
hobby_level1_dial11,2,2.439313245034219,80.08601698000001,1.561830094803599,2.439313245034219,100
hobby_level1_dial11,3,1.4611544649549935,74.14913984,1.2087822239572328,1.4611544649549935,100
hobby_level1_dial11,4,3.893692790034003,79.43118983000001,1.9732442296973791,3.893692790034003,100
hobby_level1_dial11,5,1.1847030448098623,78.36736959000001,1.0884406482715823,1.1847030448098623,100
hobby_level1_dial11,6,2.1676154505175367,79.84748868999999,1.472282394962847,2.1676154505175367,100
hobby_level2_dial11,1,3.1915740384529516,69.59515749,1.7864977017765657,3.1915740384529516,100
hobby_level2_dial11,2,3.043426520987345,67.29209329,1.7445419229664116,3.043426520987345,100
hobby_level2_dial11,3,1.922909943211641,71.22618741000001,1.386690283809489,1.922909943211641,100
hobby_level2_dial11,4,1.5099671375524295,77.96137001,1.2288072011314182,1.5099671375524295,100
hobby_level2_dial11,5,0.8898538504031047,75.81792829,0.9433206508940132,0.8898538504031047,100
hobby_level2_dial11,6,0.8124657329520508,76.50044635999998,0.9013688107273575,0.8124657329520508,100
food_level3_dial20,1,1.1862930196442398,67.35779572,1.0891707945240912,1.1862930196442398,100
food_level3_dial20,2,1.770309179904693,72.91459581,1.3305296614148416,1.770309179904693,100
food_level3_dial20,3,2.1975980364735,78.53941433,1.4824297745503832,2.1975980364735,100
food_level3_dial20,4,1.6934729413301874,76.13858035,1.301335061131524,1.6934729413301874,100
food_level3_dial20,5,0.7585470990396265,80.07673825,0.8709460942214658,0.7585470990396265,100
food_level3_dial20,6,1.55042029823774,78.3603266,1.2451587441919765,1.55042029823774,100
food_level3_dial20,7,1.1095088515942109,74.53896200999999,1.0533322607772966,1.1095088515942109,100
food_level2_dial10,1,2.276473722697632,76.93129884,1.5087987681257007,2.276473722697632,100
food_level2_dial10,2,2.372481079376667,73.48562625,1.5402860381684524,2.372481079376667,100
food_level2_dial10,3,2.808331389707102,74.95671917,1.6758076827927189,2.808331389707102,100
food_level2_dial10,4,1.4585125247944892,76.54482453,1.2076889188837037,1.4585125247944892,100
food_level2_dial10,5,3.0406315699645834,76.96133409000001,1.7437406831190765,3.0406315699645834,100
food_level2_dial10,6,0.7735458224066302,76.61591853,0.8795145379165885,0.7735458224066302,100
top25_dial61,1,2.562069496603446,73.25546411999998,1.6006465870402018,2.562069496603446,100
top25_dial61,2,3.121245371466787,69.66285158000001,1.766704664471905,3.121245371466787,100
top25_dial61,3,2.2133567914430463,71.67410253999999,1.48773545747994,2.2133567914430463,100
top25_dial61,4,1.3330428789163336,73.56338473999999,1.1545747610771393,1.3330428789163336,100
top25_dial61,5,0.6154246278173856,76.57577375000001,0.7844900431601319,0.6154246278173856,100
top25_dial61,6,0.8966827826938474,70.43840445,0.9469333570499285,0.8966827826938474,100
hobby_level1_dial12,1,1.9624299297885304,70.86035753,1.400867563258044,1.9624299297885304,100
hobby_level1_dial12,2,0.9990136432658248,77.97028307000001,0.9995066999604478,0.9990136432658248,100
hobby_level1_dial12,3,0.8490801106702581,75.98871461,0.921455430647765,0.8490801106702581,100
hobby_level1_dial12,4,2.4232215266571746,78.82264969,1.556670012127546,2.4232215266571746,100
hobby_level1_dial12,5,2.729697859183276,83.96943268999999,1.6521797296853862,2.729697859183276,100
hobby_level1_dial12,6,1.7791024428475126,79.73822226,1.333829990233955,1.7791024428475126,100
food_level2_dial11,1,0.5916429170273009,73.77773232999999,0.7691832792171843,0.5916429170273009,100
food_level2_dial11,2,1.2213779702698737,73.71445616,1.1051597035134215,1.2213779702698737,100
food_level2_dial11,3,3.009721153397365,77.58535085,1.7348547931735858,3.009721153397365,100
food_level2_dial11,4,1.6497075326769783,72.59777698,1.2844094100702386,1.6497075326769783,100
food_level2_dial11,5,6.618546136872141,76.11956114,2.5726535205643493,6.618546136872141,100
food_level2_dial11,6,2.830113895716169,77.84928393000001,1.682294235773329,2.830113895716169,100
top25_dial38,1,3.3940467910019976,69.43895468000001,1.8422938937645095,3.3940467910019976,100
top25_dial38,2,2.4394875296443073,65.62774818000001,1.5618858888037588,2.4394875296443073,100
top25_dial38,3,0.797853391121466,69.97422843,0.8932263941025623,0.797853391121466,100
top25_dial38,4,0.9335657497971266,69.16906220999999,0.9662120625396511,0.9335657497971266,100
top25_dial38,5,8.27989196584531,72.63220165,2.8774801416943454,8.27989196584531,100
top25_dial38,6,6.78023210783328,76.13595308999999,2.6038878831150316,6.78023210783328,100
food_level2_dial29,1,2.8138832835443854,75.13792793,1.6774633478989593,2.8138832835443854,100
food_level2_dial29,2,2.2500904477887804,76.91035067,1.5000301489599401,2.2500904477887804,100
food_level2_dial29,3,1.2383292897180012,74.49909491,1.1128024486484567,1.2383292897180012,100
food_level2_dial29,4,1.8620057569961477,74.23330518,1.364553317754989,1.8620057569961477,100
food_level2_dial29,5,0.452754687468317,68.71541776999999,0.6728704834277671,0.452754687468317,100
food_level2_dial29,6,3.6840373278832215,78.31385191,1.9193846221857727,3.6840373278832215,100
top25_dial16,1,0.6558994954649191,70.08053595999999,0.8098762223111129,0.6558994954649191,100
top25_dial16,2,0.7808670674775581,70.90766239,0.8836668305858029,0.7808670674775581,100
top25_dial16,3,1.1216948869847485,75.02860348000002,1.059100980541869,1.1216948869847485,100
top25_dial16,4,1.2787064785869813,74.61747858999999,1.1307990442987566,1.2787064785869813,100
top25_dial16,5,1.2252339170052449,79.04534929,1.1069028489462138,1.2252339170052449,100
top25_dial16,6,0.724773507635209,74.21858253,0.8513363070110478,0.724773507635209,100
hobby_level1_dial13,1,1.1835053469300427,67.17509824,1.0878903193475171,1.1835053469300427,100
hobby_level1_dial13,2,0.6685840668501508,67.5445727,0.8176699009075428,0.6685840668501508,100
hobby_level1_dial13,3,1.070116305463046,71.95172225,1.0344642601187564,1.070116305463046,100
hobby_level1_dial13,4,1.4374906269235046,73.16400293000001,1.1989539719787015,1.4374906269235046,100
hobby_level1_dial13,5,1.8913168923674717,76.14697119,1.3752515742101412,1.8913168923674717,100
hobby_level1_dial13,6,2.420558675107253,76.78291869,1.5558144732284929,2.420558675107253,100
hobby_level2_dial36,1,1.5917857201735066,71.04340254,1.2616599066997043,1.5917857201735066,100
hobby_level2_dial36,2,0.9175914038796888,70.58502364,0.9579099142819688,0.9175914038796888,100
hobby_level2_dial36,3,1.0874593007366766,72.31599096,1.0428131667449718,1.0874593007366766,100
hobby_level2_dial36,4,0.8434235976021237,74.76019723999998,0.9183809653962367,0.8434235976021237,100
hobby_level2_dial36,5,0.9773976434984902,75.57691397,0.9886342314013258,0.9773976434984902,100
hobby_level2_dial36,6,0.6974988026655836,74.20240866,0.8351639375988307,0.6974988026655836,100
hobby_level2_dial37,1,3.1569667412015514,74.54887331,1.7767855079332315,3.1569667412015514,100
hobby_level2_dial37,2,1.0540453722234282,72.94061615,1.0266671185069813,1.0540453722234282,100
hobby_level2_dial37,3,4.885826914739561,75.37978279,2.210390670162078,4.885826914739561,100
hobby_level2_dial37,4,0.5107087777345602,76.96007514000001,0.714638914231908,0.5107087777345602,100
hobby_level2_dial37,5,0.4580772378691302,74.23062636,0.6768140349232795,0.4580772378691302,100
hobby_level2_dial37,6,1.0207267086717409,73.56500471999999,1.0103102041807461,1.0207267086717409,100
food_level2_dial3,1,1.017427211463026,71.13760756999999,1.0086759695080607,1.017427211463026,100
food_level2_dial3,2,0.7255868071218251,71.65756334,0.8518138336055744,0.7255868071218251,100
food_level2_dial3,3,0.695093820616194,80.04663384,0.833722867994032,0.695093820616194,100
food_level2_dial3,4,1.160422402941868,78.80552255,1.0772290392214035,1.160422402941868,100
food_level2_dial3,5,2.046635495747957,75.60313711000002,1.4306066879991708,2.046635495747957,100
food_level2_dial3,6,1.9528882928531168,74.46078460999999,1.3974577964479344,1.9528882928531168,100
hobby_level2_dial38,1,2.2861301537854373,71.57864032,1.5119954212184101,2.2861301537854373,100
hobby_level2_dial38,2,1.0253183958165994,75.77565286000001,1.0125800688422617,1.0253183958165994,100
hobby_level2_dial38,3,0.7874230705709099,73.7005073,0.8873686215834488,0.7874230705709099,100
hobby_level2_dial38,4,0.7660584526628196,73.6663168,0.8752476521892644,0.7660584526628196,100
hobby_level2_dial38,5,0.562635439476995,73.85041561999999,0.7500902875501022,0.562635439476995,100
hobby_level2_dial38,6,1.5635019782086639,73.79086465999998,1.250400727050598,1.5635019782086639,100
top25_dial4,1,1.2486746461626008,74.53969659,1.1174411152998627,1.2486746461626008,100
top25_dial4,2,0.30968281082300975,71.14597949,0.5564915190935166,0.30968281082300975,100
top25_dial4,3,2.702136529690267,76.69582944000001,1.6438176692353283,2.702136529690267,100
top25_dial4,4,3.6692848326114347,75.80995013,1.9155377398034825,3.6692848326114347,100
top25_dial4,5,0.5326557810273284,70.74594482,0.7298327075620332,0.5326557810273284,100
top25_dial4,6,5.860651031928424,78.08181156999999,2.420878153052818,5.860651031928424,100
hobby_level1_dial14,1,5.605086183908164,74.51683357,2.367506321830665,5.605086183908164,100
hobby_level1_dial14,2,1.1498354022389938,75.41973569,1.0723037826283155,1.1498354022389938,100
hobby_level1_dial14,3,4.217051008168665,71.57382956000001,2.053545959594931,4.217051008168665,100
hobby_level1_dial14,4,3.3032287052803184,71.5367326,1.8174786670770908,3.3032287052803184,100
hobby_level1_dial14,5,1.4186510211107504,75.32400849000001,1.1910713753217101,1.4186510211107504,100
hobby_level1_dial14,6,0.980697267649844,75.82325871,0.990301604386181,0.980697267649844,100
top25_dial62,1,1.8066914370114704,68.62823725999999,1.3441322245268397,1.8066914370114704,100
top25_dial62,2,0.7450179322692508,68.30102849000001,0.8631442129037596,0.7450179322692508,100
top25_dial62,3,0.4145586821879018,67.35152658999999,0.6438623161731876,0.4145586821879018,100
top25_dial62,4,1.1890892534991,72.29191040000002,1.0904536915885517,1.1890892534991,100
top25_dial62,5,0.5995230028590125,73.87872826,0.7742887076917837,0.5995230028590125,100
top25_dial62,6,5.021059156446142,79.30409824,2.2407720001031213,5.021059156446142,100
food_level3_dial21,1,1.7178479438198389,69.41070739999999,1.3106669843327248,1.7178479438198389,100
food_level3_dial21,2,1.0937215727030976,68.74772873,1.045811442231867,1.0937215727030976,100
food_level3_dial21,3,1.688862252637459,75.59431597999999,1.2995623311859492,1.688862252637459,100
food_level3_dial21,4,0.906231215171245,73.13789121,0.9519617719064379,0.906231215171245,100
food_level3_dial21,5,1.4671607489119498,76.10688753,1.2112641119557492,1.4671607489119498,100
food_level3_dial21,6,1.6669397330341156,73.41115896000001,1.2911002025536653,1.6669397330341156,100
hobby_level3_dial3,1,0.6968831150963883,73.10461896999999,0.8347952533983338,0.6968831150963883,100
hobby_level3_dial3,2,0.44347856049622925,71.53709201,0.6659418596966474,0.44347856049622925,100
hobby_level3_dial3,3,1.2817323605506417,73.17360717000001,1.132136193463773,1.2817323605506417,100
hobby_level3_dial3,4,1.2318043186702923,81.83700931,1.1098668022201097,1.2318043186702923,100
hobby_level2_dial4,1,1.4074702792099296,67.42076752999999,1.1863685258847394,1.4074702792099296,100
hobby_level2_dial4,2,2.122617843371946,66.91367614999999,1.456920671612544,2.122617843371946,100
hobby_level2_dial4,3,7.886958134090318,74.39954968,2.808372862368941,7.886958134090318,100
hobby_level2_dial4,4,8.524651790468644,75.56040621000001,2.9197006337069293,8.524651790468644,100
hobby_level2_dial4,5,4.0244156535191875,75.01412844000001,2.006094627259439,4.0244156535191875,100
hobby_level2_dial4,6,3.2882152411590995,73.39386395999999,1.8133436632803777,3.2882152411590995,100
top25_dial17,1,0.9479206044001637,73.74811224000001,0.9736121426934669,0.9479206044001637,100
top25_dial17,2,1.0376459458827327,67.54179787,1.0186490788700164,1.0376459458827327,100
top25_dial17,3,2.623329858368326,73.74292271,1.6196696756957347,2.623329858368326,100
top25_dial17,4,1.411206037204062,70.58568672,1.1879419334311176,1.411206037204062,100
top25_dial17,5,1.3372946743234004,74.5778076,1.1564145771838923,1.3372946743234004,100
top25_dial17,6,0.4646303820194882,75.90192105,0.6816380139190362,0.4646303820194882,100
hobby_level2_dial5,1,2.913534106426571,73.89841152,1.706907761546174,2.913534106426571,100
hobby_level2_dial5,2,1.0982173835402957,71.49430204000001,1.0479586745384075,1.0982173835402957,100
hobby_level2_dial5,3,2.616872828943494,70.64830661,1.6176751308416328,2.616872828943494,100
hobby_level2_dial5,4,3.3558821927055247,76.26653705,1.8319067096076493,3.3558821927055247,100
hobby_level3_dial30,1,1.7510151452728848,72.41412429,1.323259288753676,1.7510151452728848,100
hobby_level3_dial30,2,1.4880415714663877,70.71561818,1.219853094215196,1.4880415714663877,100
hobby_level3_dial30,3,2.5960568452596506,72.13884801,1.6112283653348618,2.5960568452596506,100
hobby_level3_dial30,4,0.6242241703348465,71.55590744000001,0.790078584910923,0.6242241703348465,100
hobby_level3_dial30,5,3.0759816102200386,79.22064198,1.753847658783407,3.0759816102200386,100
hobby_level3_dial30,6,3.9146152779255465,76.05673024000001,1.9785386723351015,3.9146152779255465,100
hobby_level3_dial30,7,1.5228950297927122,67.71716449,1.2340563316934572,1.5228950297927122,100
hobby_level3_dial32,1,0.5142687303054496,73.9085099,0.7171253239883875,0.5142687303054496,100
hobby_level3_dial32,2,1.0327040858052128,72.93336980999999,1.0162204907426404,1.0327040858052128,100
hobby_level2_dial6,1,1.7509637926011836,74.48043691,1.3232398847530191,1.7509637926011836,100
hobby_level2_dial6,2,1.3006100797772904,71.19926264,1.1404429313987134,1.3006100797772904,100
hobby_level2_dial6,3,1.5679515038473297,74.40160547999999,1.252178702840505,1.5679515038473297,100
hobby_level2_dial6,4,1.0238507624404378,67.38643432,1.0118551094106496,1.0238507624404378,100
hobby_level2_dial6,5,2.351072641923137,76.55400573000001,1.5333207889815939,2.351072641923137,100
hobby_level2_dial6,6,0.41635932035649964,67.71638440000001,0.6452591110216884,0.41635932035649964,100
hobby_level1_dial15,1,0.6118853488002824,72.79451376,0.7822310073119593,0.6118853488002824,100
hobby_level1_dial15,2,1.6087239206158097,76.21484353,1.2683548086461491,1.6087239206158097,100
hobby_level1_dial15,3,2.1719095588517487,83.71629464,1.4737399902464983,2.1719095588517487,100
hobby_level1_dial15,4,0.8080989769080476,77.31225681999999,0.8989432556663671,0.8080989769080476,100
hobby_level1_dial15,5,2.671068123127226,74.43828125,1.6343402715246376,2.671068123127226,100
hobby_level1_dial15,6,4.700641732049567,72.47996407,2.168096338276869,4.700641732049567,100
top25_dial40,1,1.3175223946233974,71.51477772999999,1.1478337835346184,1.3175223946233974,100
top25_dial40,2,1.1648732549338878,70.20433795000001,1.0792929421310453,1.1648732549338878,100
top25_dial40,3,2.7463059232586304,70.91608952,1.6571982148369067,2.7463059232586304,100
top25_dial40,4,2.080119030134864,71.67639306999999,1.4422617758697152,2.080119030134864,100
top25_dial40,5,2.03291965851979,78.42886654,1.4258049160105284,2.03291965851979,100
top25_dial40,6,0.6591999829674926,72.95185131,0.8119113147182349,0.6591999829674926,100
top25_dial63,1,0.8762522632576362,71.77649238,0.9360834702405743,0.8762522632576362,100
top25_dial63,2,1.7921569270496418,79.59945667,1.338714654827399,1.7921569270496418,100
top25_dial63,3,0.5573341227488808,77.11776483,0.7465481382663015,0.5573341227488808,100
top25_dial63,4,0.6061699884444834,80.92045306999998,0.7785691931000631,0.6061699884444834,100
top25_dial63,5,1.2194381094573554,83.07409306,1.1042817165276964,1.2194381094573554,100
top25_dial63,6,0.29365913509660335,74.03663141999999,0.5419032525244736,0.29365913509660335,100
hobby_level2_dial12,1,0.42729041762391345,70.23752312999999,0.6536745502342228,0.42729041762391345,100
hobby_level2_dial12,2,0.8143954402886772,71.65699823000001,0.9024386074901035,0.8143954402886772,100
hobby_level2_dial12,3,15.803495139069598,74.33762302,3.9753610073890897,15.803495139069598,100
hobby_level2_dial12,4,0.6763737242642176,77.52413511,0.8224194332967927,0.6763737242642176,100
hobby_level2_dial12,5,3.221992696620948,75.59213435000001,1.7949910018217217,3.221992696620948,100
hobby_level2_dial12,6,0.43222374995319685,67.76416632,0.6574372593283688,0.43222374995319685,100
hobby_level2_dial12,7,2.3915497888539634,69.47584129,1.5464636396805336,2.3915497888539634,100
food_level2_dial30,1,2.987251165637574,74.04480237,1.7283666178324475,2.987251165637574,100
food_level2_dial30,2,0.8542188412636391,81.33249022999999,0.9242396016529691,0.8542188412636391,100
food_level2_dial30,3,1.1314619889732163,79.24217284,1.0637020207620254,1.1314619889732163,100
food_level2_dial30,4,2.461431265718423,76.39014107,1.5688949186349044,2.461431265718423,100
food_level2_dial30,5,0.8902813870327523,81.27563878,0.9435472362488019,0.8902813870327523,100
food_level2_dial30,6,2.6111381171914014,76.73924476,1.615901642177333,2.6111381171914014,100
top25_dial18,1,0.9014074216404585,72.00025239,0.9494247846145889,0.9014074216404585,100
top25_dial18,2,0.7886999185292309,73.65448162999999,0.8880877876253175,0.7886999185292309,100
top25_dial18,3,1.08984430472333,76.07366701,1.043956083713932,1.08984430472333,100
top25_dial18,4,0.9879976554111494,75.92753404999999,0.993980711790299,0.9879976554111494,100
top25_dial18,5,0.7019143985709474,75.41507385,0.8378033173549431,0.7019143985709474,100
top25_dial18,6,0.7575120566532553,81.72450484,0.8703516856152202,0.7575120566532553,100
food_level3_dial22,1,3.3177801304842784,72.421824,1.8214774581323476,3.3177801304842784,100
food_level3_dial22,2,1.0751750657102621,74.19636409,1.0369064884116899,1.0751750657102621,100
food_level3_dial22,3,0.6884030895923487,70.84427164,0.8297006023815752,0.6884030895923487,100
food_level3_dial22,4,1.0579288792745438,75.74164576,1.0285566971609021,1.0579288792745438,100
food_level3_dial22,5,1.578072305788669,78.74634610000001,1.2562134793850404,1.578072305788669,100
food_level3_dial22,6,5.337400069253459,73.92442461000002,2.310281383133548,5.337400069253459,100
hobby_level2_dial14,1,1.1171651508429608,74.61831267000001,1.0569603355107327,1.1171651508429608,100
hobby_level2_dial14,2,0.3471644956940849,67.00746843,0.589206666369352,0.3471644956940849,100
hobby_level2_dial14,3,0.6616779899147227,72.79540428,0.8134359162925637,0.6616779899147227,100
hobby_level2_dial14,4,4.570197784342395,72.29290808,2.1378020919492045,4.570197784342395,100
hobby_level2_dial14,5,1.7740728761198377,71.70670677,1.331943270608714,1.7740728761198377,100
hobby_level2_dial14,6,1.8318182351058163,70.03290577,1.3534467980330134,1.8318182351058163,100
food_level3_dial23,1,1.1519261648833947,73.87935162,1.0732782327446106,1.1519261648833947,100
food_level3_dial23,2,1.0903555926765207,78.03184609,1.0442009350103651,1.0903555926765207,100
food_level3_dial23,3,2.052367186464046,78.42802671999999,1.432608525195926,2.052367186464046,100
food_level3_dial23,4,3.9058703568092805,81.48325814,1.976327492297084,3.9058703568092805,100
food_level3_dial23,5,2.633954525114816,76.78888904,1.6229462483751014,2.633954525114816,100
food_level3_dial23,6,4.375087581583992,80.94040622,2.09167100223338,4.375087581583992,100
top25_dial64,1,0.32365081192111655,75.40704822999999,0.5689031656803437,0.32365081192111655,100
top25_dial64,2,0.21222947370576964,76.20729352999997,0.4606837024529625,0.21222947370576964,100
hobby_level2_dial15,1,2.1719437707555413,67.607104,1.4737515973716675,2.1719437707555413,100
hobby_level2_dial15,2,1.8359753649279176,70.39941527,1.3549816843514593,1.8359753649279176,100
hobby_level2_dial15,3,2.3695878761689846,70.91698778999998,1.5393465744168804,2.3695878761689846,100
hobby_level2_dial15,4,1.5088159486101338,71.43624784,1.228338694583108,1.5088159486101338,100
hobby_level2_dial15,5,0.8030022277165869,67.59769029,0.896103915690913,0.8030022277165869,100
hobby_level2_dial15,6,0.7895288846724675,72.63562744999999,0.8885543791307696,0.7895288846724675,100
top25_dial41,1,0.8874643125837303,70.35605570000001,0.9420532429665164,0.8874643125837303,100
top25_dial41,2,0.40666162010268025,66.65991700000001,0.6377002588228111,0.40666162010268025,100
top25_dial41,3,1.3790630629810272,77.88420882,1.1743351578578525,1.3790630629810272,100
top25_dial41,4,1.998998227179003,76.44801333000001,1.4138593378335071,1.998998227179003,100
top25_dial41,5,1.4673353737195078,73.03250954,1.2113361935150406,1.4673353737195078,100
top25_dial41,6,0.6101234325315774,80.10072073,0.7811039831748251,0.6101234325315774,100
hobby_level2_dial7,1,1.1052159425429118,72.08220274,1.0512925104569668,1.1052159425429118,100
hobby_level2_dial7,2,0.6488256636136187,72.03650096,0.8054971530760483,0.6488256636136187,100
hobby_level2_dial7,3,1.4229225403452184,71.63249560999999,1.1928631691628417,1.4229225403452184,100
hobby_level2_dial7,4,1.0537338918411026,73.22767391000001,1.0265154123738731,1.0537338918411026,100
hobby_level2_dial7,5,0.9408218329619532,75.83556077999998,0.9699597068754728,0.9408218329619532,100
hobby_level2_dial7,6,2.292864565857373,72.96927984,1.5142207784393176,2.292864565857373,100
top25_dial19,1,2.2025042142352285,72.90902848,1.4840836277768272,2.2025042142352285,100
top25_dial19,2,1.3061489222572609,70.615221,1.1428687248574356,1.3061489222572609,100
top25_dial19,3,1.4840751928590081,71.99510425000001,1.2182262486332365,1.4840751928590081,100
top25_dial19,4,0.9506122395391299,71.00855897,0.9749934561519528,0.9506122395391299,100
top25_dial19,5,0.9913448095001534,74.28879381,0.9956629999654267,0.9913448095001534,100
top25_dial19,6,2.0343505827673485,76.54434436000001,1.4263066229837638,2.0343505827673485,100
hobby_level2_dial16,1,2.966393873398673,69.77216337,1.722322232742373,2.966393873398673,100
hobby_level2_dial16,2,0.48068921014896765,70.34305945,0.6933175391903537,0.48068921014896765,100
hobby_level2_dial16,3,0.6550459206141571,74.44637076999999,0.809349072164883,0.6550459206141571,100
food_level2_dial31,1,0.43013534964977834,75.35400861,0.6558470474506829,0.43013534964977834,100
food_level2_dial31,2,0.7952498395456271,71.65686856,0.8917678170609361,0.7952498395456271,100
food_level2_dial31,3,0.900285829070848,71.60756765,0.9488339312392069,0.900285829070848,100
food_level2_dial31,4,1.251759343619227,75.49593282,1.1188205144790773,1.251759343619227,100
food_level2_dial31,5,0.7122210237207436,73.90383376000001,0.8439318833417443,0.7122210237207436,100
food_level2_dial31,6,1.0354275421863313,71.22614378,1.0175596012943573,1.0354275421863313,100
top25_dial65,1,0.7500354862334927,72.73766918999999,0.8660458915285567,0.7500354862334927,100
top25_dial65,2,1.1390483330792127,72.00173587,1.0672620732880995,1.1390483330792127,100
top25_dial65,3,0.4247355119975381,70.04075911,0.6517173559124677,0.4247355119975381,100
top25_dial65,4,0.20797295519960707,79.18073256000001,0.4560405192519707,0.20797295519960707,100
top25_dial65,5,0.6289005106789181,76.97254473,0.7930324776949038,0.6289005106789181,100
top25_dial65,6,0.9327169587656688,67.82105335,0.9657727262486081,0.9327169587656688,100
food_level3_dial24,1,5.9370401980669065,76.01461365000002,2.436604235009639,5.9370401980669065,100
food_level3_dial24,2,0.6498770329557635,70.16654458,0.8061495102992766,0.6498770329557635,100
food_level3_dial24,3,1.4580732327561348,76.01790508,1.2075070321766805,1.4580732327561348,100
food_level3_dial24,4,0.30637804383145334,72.48996863,0.5535142670532109,0.30637804383145334,100
food_level3_dial24,5,1.5356474575382333,73.49320478,1.2392124343865476,1.5356474575382333,100
food_level3_dial24,6,0.4055030257177772,70.98310168,0.6367911947552174,0.4055030257177772,100
hobby_level2_dial17,1,1.3188518916590963,70.02773031000001,1.1484127705921319,1.3188518916590963,100
hobby_level2_dial17,2,3.4526441004682487,73.90809412,1.8581291936967808,3.4526441004682487,100
hobby_level2_dial17,3,4.272770261878367,80.60700554,2.067068035135362,4.272770261878367,100
hobby_level2_dial17,4,0.32476609815517965,73.16646401999999,0.5698825301368516,0.32476609815517965,100
hobby_level2_dial17,5,1.20229163348392,74.805008,1.0964905989035747,1.20229163348392,100
hobby_level2_dial17,6,2.4663683539903074,71.72651882,1.5704675590378514,2.4663683539903074,100
top25_dial20,1,2.583560433600508,73.06361205,1.6073457728816496,2.583560433600508,100
top25_dial20,2,0.5077840746354768,71.78545694,0.7125896958527234,0.5077840746354768,100
top25_dial20,3,3.786658580079346,76.38792359,1.9459338580947056,3.786658580079346,100
top25_dial20,4,2.4236290319985545,80.26420131,1.55680089671048,2.4236290319985545,100
top25_dial20,5,1.075887953633067,74.94195943999999,1.0372501885432786,1.075887953633067,100
top25_dial20,6,1.5020521937695426,78.00915017,1.2255823896293314,1.5020521937695426,100
top25_dial42,1,2.275386746003526,72.94582844,1.5084385125034185,2.275386746003526,100
top25_dial42,2,1.506319947514067,72.32936182000002,1.2273222671792714,1.506319947514067,100
top25_dial42,3,5.873130707607862,78.71115857,2.4234542924527918,5.873130707607862,100
top25_dial42,4,3.5017664220247697,75.14312246000001,1.8713007299802908,3.5017664220247697,100
top25_dial42,5,0.8797918558544334,74.37746487,0.9379722042014004,0.8797918558544334,100
top25_dial42,6,1.1486856775794947,73.89922737,1.0717675482955689,1.1486856775794947,100
top25_dial21,1,1.677542659568349,70.68420555,1.2951998531378657,1.677542659568349,100
top25_dial21,2,1.7079102412165679,68.97141545,1.3068703995486959,1.7079102412165679,100
top25_dial21,3,0.6104972879047729,73.98891913,0.781343258692857,0.6104972879047729,100
top25_dial21,4,0.5879495121001871,70.12113818,0.7667786591319473,0.5879495121001871,100
top25_dial21,5,0.5353675599623525,71.16913674,0.731688157593351,0.5353675599623525,100
top25_dial21,6,0.50228046565904,73.91274786,0.7087174794366512,0.50228046565904,100
top25_dial21,7,0.3815257822286535,73.04499068999999,0.6176777333113551,0.3815257822286535,100
top25_dial66,1,1.9673182590438691,72.84181851,1.4026112287600827,1.9673182590438691,100
top25_dial66,2,0.627199755655345,73.96501312000001,0.7919594406630589,0.627199755655345,100
hobby_level2_dial18,1,1.3214240076178356,74.91307893999999,1.1495320820306998,1.3214240076178356,100
hobby_level2_dial18,2,0.7448762382062405,70.4812446,0.8630621288216975,0.7448762382062405,100
hobby_level2_dial18,3,1.383752529127376,69.21293288999999,1.1763301106098474,1.383752529127376,100
hobby_level2_dial18,4,1.659139376162101,73.60698780000001,1.288075842550469,1.659139376162101,100
hobby_level2_dial18,5,1.3738311128803224,75.85896509,1.1721054188426578,1.3738311128803224,100
hobby_level2_dial18,6,1.381111457909848,74.04507985,1.1752069851348945,1.381111457909848,100
food_level2_dial33,1,4.594717953197397,74.76561423,2.1435293217489226,4.594717953197397,100
food_level2_dial33,2,1.975649540051564,68.09133407,1.4055780092373258,1.975649540051564,100
food_level2_dial33,3,2.0458697343948797,70.9668404,1.4303390277814836,2.0458697343948797,100
food_level2_dial33,4,4.817910370371966,80.55462084999999,2.194973888312106,4.817910370371966,100
food_level2_dial33,5,1.7598907259693746,75.87284884,1.3266087313030073,1.7598907259693746,100
food_level2_dial33,6,2.5656339655877294,75.17831851999999,1.601759646634828,2.5656339655877294,100
top25_dial43,1,0.8869009380260771,71.77163567999999,0.941754181315951,0.8869009380260771,100
top25_dial43,2,0.5346183636173599,71.18617302,0.7311760141151786,0.5346183636173599,100
top25_dial43,3,0.2920058371899997,73.34745398,0.5403756445196246,0.2920058371899997,100
top25_dial43,4,1.0010978612990806,74.08783485999999,1.000548780069758,1.0010978612990806,100
top25_dial43,5,0.4591645061244575,76.07743868,0.6776167841224549,0.4591645061244575,100
top25_dial43,6,0.4040892131777617,77.62151991,0.6356801185956359,0.4040892131777617,100
food_level3_dial25,1,1.6302272814890963,70.60080131,1.2768035406784775,1.6302272814890963,100
food_level3_dial25,2,2.5903658207468174,69.24323804,1.6094613449060582,2.5903658207468174,100
food_level3_dial25,3,1.8103969263458588,74.14281159999999,1.3455099131354844,1.8103969263458588,100
food_level3_dial25,4,1.1708270693714575,72.22849404,1.082047628051306,1.1708270693714575,100
food_level3_dial25,5,2.810223997005142,75.33482633,1.6763722727977644,2.810223997005142,100
food_level3_dial25,6,0.8642391734161009,77.10969833,0.9296446490009508,0.8642391734161009,100
hobby_level2_dial8,1,2.5772247079211508,74.32809486999999,1.605373697280839,2.5772247079211508,100
hobby_level2_dial8,2,1.1635347443972408,73.12369067,1.0786726771348392,1.1635347443972408,100
hobby_level2_dial8,3,1.4473296724285598,77.48927760000001,1.2030501537461187,1.4473296724285598,100
hobby_level2_dial8,4,1.3275563031156592,74.52464886,1.1521962953922649,1.3275563031156592,100
hobby_level2_dial8,5,0.9898550605965347,74.00547016,0.994914599649907,0.9898550605965347,100
hobby_level2_dial8,6,2.28593436247421,73.0206319,1.511930673832041,2.28593436247421,100
top25_dial22,1,2.1542076162934807,72.5693264,1.4677219138152433,2.1542076162934807,100
top25_dial22,2,0.8407774916115963,69.36639294,0.9169391973362226,0.8407774916115963,100
top25_dial22,3,2.5443806317690805,74.4796156,1.595111479417373,2.5443806317690805,100
top25_dial22,4,2.7391625943715865,70.34733434,1.6550415687745086,2.7391625943715865,100
top25_dial22,5,1.7372248091512676,71.81212445000001,1.3180382426740385,1.7372248091512676,100
top25_dial22,6,1.2129355612003645,71.89936688,1.1013335376716558,1.2129355612003645,100
top25_dial44,1,0.853082815725714,69.32854819,0.9236248241173003,0.853082815725714,100
top25_dial44,2,0.8160430048700016,70.99082290999999,0.903350986532921,0.8160430048700016,100
top25_dial44,3,0.6203935643088879,77.11167434999999,0.7876506613397134,0.6203935643088879,100
top25_dial44,4,1.0772824949956474,77.09892929,1.0379222008395654,1.0772824949956474,100
top25_dial44,5,1.018185308964374,78.74647584,1.0090516879547717,1.018185308964374,100
food_level2_dial34,1,0.9632111967457894,68.02284905,0.9814332360103714,0.9632111967457894,100
food_level2_dial34,2,0.9409565829574338,76.14498192,0.9700291660344207,0.9409565829574338,100
food_level2_dial34,3,1.0240985858799228,77.33522342,1.0119775619448896,1.0240985858799228,100
food_level2_dial34,4,1.379411436681501,76.7996422,1.1744834765468184,1.379411436681501,100
food_level2_dial34,5,1.1412601345447067,79.48992425,1.0682977742861335,1.1412601345447067,100
food_level2_dial34,6,3.487025385222354,78.36450518999999,1.8673578621202616,3.487025385222354,100
hobby_level2_dial19,1,1.2103465093070984,70.02374139000001,1.1001574929559397,1.2103465093070984,100
hobby_level2_dial19,2,2.0900313556251984,76.54252885999999,1.4456940740091586,2.0900313556251984,100
hobby_level2_dial19,3,0.5576128470383384,75.67490289,0.7467347902959512,0.5576128470383384,100
hobby_level2_dial19,4,0.2441131975263206,70.74252867,0.49407812896982256,0.2441131975263206,100
hobby_level2_dial19,5,1.4952547543638988,77.06189001999999,1.222806098432576,1.4952547543638988,100
hobby_level2_dial19,6,0.5082212449221392,79.5531654,0.7128963774084837,0.5082212449221392,100
top25_dial67,1,5.426892365011106,76.41369885,2.32956913720351,5.426892365011106,100
top25_dial67,2,0.7284817305068213,73.46684824000002,0.8535114120542392,0.7284817305068213,100
top25_dial67,3,2.071777489521655,72.28583491999999,1.439367044753233,2.071777489521655,100
top25_dial67,4,4.572431121015575,75.43504062,2.138324372263379,4.572431121015575,100
top25_dial67,5,0.7231507727456905,76.14667752,0.8503827213353353,0.7231507727456905,100
top25_dial67,6,1.7723961429003825,81.94571134,1.3313136906455902,1.7723961429003825,100
top25_dial45,1,0.4816171077860101,70.69495599,0.6939863887613431,0.4816171077860101,100
top25_dial45,2,0.42470314676070137,72.39614485999999,0.6516925247083177,0.42470314676070137,100
top25_dial45,3,1.8319107445408895,77.14482801,1.3534809730989532,1.8319107445408895,100
top25_dial45,4,1.340974683610093,77.17657607999999,1.158004612948538,1.340974683610093,100
top25_dial45,5,1.4911461362767289,75.09236154,1.221124947037251,1.4911461362767289,100
top25_dial45,6,0.4261328070711201,76.25123814,0.6527884857066032,0.4261328070711201,100
food_level2_dial35,1,1.1221074148301284,70.11714603,1.0592957164220616,1.1221074148301284,100
food_level2_dial35,2,0.6996670685360649,71.26232229000001,0.8364610382654203,0.6996670685360649,100
food_level2_dial35,3,1.3371588517438509,77.0330645,1.156355849963086,1.3371588517438509,100
food_level2_dial35,4,0.5905803720801273,66.60363034999999,0.7684922719716362,0.5905803720801273,100
food_level2_dial35,5,2.2622882514509097,78.90813947,1.5040905064027597,2.2622882514509097,100
food_level2_dial35,6,2.4692168651224216,75.778045,1.571374196403397,2.4692168651224216,100
top25_dial68,1,1.5065509330199491,76.31474295,1.2274163649796874,1.5065509330199491,100
top25_dial68,2,1.7050770234831825,72.46228083,1.305785979203017,1.7050770234831825,100
top25_dial68,3,1.433717999734232,72.76883331,1.1973796389342153,1.433717999734232,100
top25_dial68,4,3.6798822310079697,78.20602347999998,1.9183019134140407,3.6798822310079697,100
top25_dial68,5,3.442626595285278,76.99858396000002,1.8554316466216907,3.442626595285278,100
top25_dial68,6,2.8314403284126914,76.44922573999999,1.6826884228557262,2.8314403284126914,100
top25_dial7,1,7.552938500647919,72.00943366999999,2.7482609957294666,7.552938500647919,100
top25_dial7,2,5.067215208180952,71.18417852,2.251047580168165,5.067215208180952,100
top25_dial7,3,1.6998093056579275,71.85609555,1.3037673510476966,1.6998093056579275,100
top25_dial7,4,0.8858170242409458,74.03218829,0.9411785294198682,0.8858170242409458,100
top25_dial7,5,4.123143732616876,72.80338323,2.030552568296836,4.123143732616876,100
top25_dial7,6,1.8452292426110082,79.00373065,1.3583921534707892,1.8452292426110082,100
top25_dial70,1,1.0318400400464567,71.05486973,1.0157952746722425,1.0318400400464567,100
top25_dial70,2,1.150072015153235,70.26782423,1.0724141061890389,1.150072015153235,100
top25_dial70,3,0.5837004272890475,66.28644882,0.764002897434982,0.5837004272890475,100
top25_dial70,4,1.6398694237426605,72.27043486000001,1.2805738650084424,1.6398694237426605,100
top25_dial8,1,1.3811380881024258,71.22559488,1.1752183150812558,1.3811380881024258,100
top25_dial8,2,2.124447409450697,77.44069877000001,1.4575484243930619,2.124447409450697,100
top25_dial8,3,3.64963196461731,76.46922725999998,1.910400995764321,3.64963196461731,100
top25_dial8,4,1.7814128967875968,75.14137131000001,1.3346958068367476,1.7814128967875968,100
top25_dial8,5,6.040737523273225,80.65389676,2.4577911878907095,6.040737523273225,100
top25_dial8,6,1.2652213921864375,77.65141404,1.1248206044460767,1.2652213921864375,100
top25_dial9,1,0.7343481952172622,70.95563709,0.8569411853897922,0.7343481952172622,100
top25_dial9,2,0.40916279134953215,66.36816474,0.6396583395450514,0.40916279134953215,100
top25_dial9,3,0.6433323994459808,69.37950086,0.8020800455353447,0.6433323994459808,100
top25_dial9,4,0.8593943902554367,76.94467105999999,0.927035269154004,0.8593943902554367,100
top25_dial9,5,0.661566900709737,76.82811760999999,0.8133676294946444,0.661566900709737,100
top25_dial9,6,1.1867934668572193,83.60310879999999,1.0894005080121907,1.1867934668572193,100
top25_dial47,1,0.8310184472164068,67.06888435,0.9116021320819774,0.8310184472164068,100
top25_dial47,2,0.44410503281464586,69.66849329,0.6664120593256442,0.44410503281464586,100
top25_dial47,3,1.4143843952998574,72.63864489,1.1892789392316074,1.4143843952998574,100
top25_dial47,4,2.3225836344310635,75.34186941999998,1.5240025047325425,2.3225836344310635,100
top25_dial47,5,0.32614348773598506,73.34738234000001,0.571089737025614,0.32614348773598506,100
top25_dial47,6,1.1709572273633824,77.19578058999998,1.0821077706787723,1.1709572273633824,100
top25_dial47,7,1.615806134482941,75.45108982999999,1.271143632514808,1.615806134482941,100
top25_dial48,1,1.3836500675704673,68.91840235,1.1762865584416355,1.3836500675704673,100
top25_dial48,2,1.5316521240465908,69.16481887,1.2375993390619562,1.5316521240465908,100
top25_dial48,3,0.9293048638422277,70.24218582,0.9640045974175785,0.9293048638422277,100
top25_dial48,4,1.2017228611438817,69.85526697999998,1.0962312078863117,1.2017228611438817,100
top25_dial48,5,0.34733369752688825,72.46812354,0.5893502333306472,0.34733369752688825,100
top25_dial48,6,0.7975946589960191,72.81449701999999,0.893081552264976,0.7975946589960191,100
top25_dial49,1,0.6906045290387101,70.22977800999999,0.8310261903446305,0.6906045290387101,100
top25_dial49,2,1.3265377247784613,75.40260976,1.1517541945998988,1.3265377247784613,100
top25_dial49,3,2.1413565887657686,71.31866987999999,1.4633374828677657,2.1413565887657686,100
top25_dial49,4,1.0540353388538144,71.12895730999999,1.0266622321161982,1.0540353388538144,100
top25_dial49,5,0.8744548040742889,76.24639105,0.9351228818044658,0.8744548040742889,100
top25_dial49,6,2.763918293166631,69.5284341,1.6625036220010563,2.763918293166631,100
