conv_id,turn_id,maxscq,num_terms
-4469503464110108318,1,78.07143871930536,6
4790842463458965203,1,82.38092279445229,7
-6631915997977101143,1,78.6964333273987,5
-3098213414945179817,1,81.69481119955333,5
-927805218867163489,1,72.3025454160382,6
-8765341210106443690,1,80.34903518796186,6
-8984315366060644345,1,79.40569792925027,6
-3359151041540098032,1,82.23487182349739,7
6601536662148726350,1,81.81111029348317,7
-4757397641844293607,1,53.4683272375889,5
-6857918454805495301,1,77.99235809128149,5
-4132174036373265970,1,80.89658005478337,5
1561260788294720798,1,66.06825989797842,7
-3609553841261159056,1,78.37342256028528,4
128788970421661020,1,67.26728819334008,6
4722519916015127979,1,74.09689061660535,7
-1911980845281550523,1,80.9234569734617,8
-8524801800420428358,1,64.0318021235958,9
4776000106366522865,1,75.51533796945446,6
4723481094198751540,1,77.27763974752786,7
-7461719336882424985,1,76.47465105839524,7
6629199459601104475,1,81.79427486017781,5
-1688500492894023725,1,67.85513507720448,6
-4920697783415402962,1,72.59906882833229,5
-4950316745090894056,1,79.2495031663168,6
-8652199953083038138,1,82.94011297748973,8
7030758716024791080,1,70.10088212741357,7
1237920926774398276,1,82.22908962030903,8
4737873499269724327,1,75.55682359164727,5
4123548744340087331,1,82.16499677407147,6
-3430387669519489370,1,81.99316441138859,7
6389345907245133102,1,65.57161832072428,7
7063169977317265636,1,68.81872936128168,6
-1672733591597131629,1,81.70376460038999,6
3459755935653104243,1,81.85402338193954,7
-7563488770313519534,1,78.41229527762442,6
3630976503357786326,1,69.41377666771322,5
5998037098651415370,1,65.02220405747138,8
7208068189874944399,1,79.49000532979288,7
-3713688239328074547,1,81.99316441138859,6
2034739379280412436,1,78.41229527762442,6
8651809831547260844,1,81.07346920464036,7
1533477128984345682,1,82.72494637263915,8
-5492391637682725131,1,80.07394603628052,7
-2558199766533138150,1,79.9481788657401,12
-6363994615218497826,1,80.89658005478337,7
3855307908076704970,1,79.17727735274133,5
4063304367414770942,1,61.421281374485666,6
-4110639543763413474,1,82.83726860062569,7
5150378125952226530,1,73.97351660632768,8
-229557364858904345,1,64.21331020431604,5
-6875166619428307308,1,73.55069403890204,11
5693531505008967478,1,82.66628466946881,6
7754002205765507756,1,81.45182995747905,5
-3944861237014469052,1,76.60452474826715,9
-2590664031903851316,1,77.76860139829755,8
3204171409264914923,1,68.8363463181582,6
3240942651859718397,1,73.58996258365966,6
2094392886389474592,1,80.29520607865535,5
4113432615092381478,1,79.24256439686916,5
-1617571755505770769,1,83.74903847766028,7
-5968852733411945019,1,62.42309211156034,6
9118807424034544000,1,64.78834212392634,5
6915912596627348551,1,75.69541646315837,7
1332897475571730747,1,73.32196859656126,5
-4283713808554560002,1,81.99316441138859,5
1109919554091311092,1,61.421281374485666,5
8505647719348789352,1,77.30789383611328,5
-8086186598590428328,1,82.22908962030903,6
2217144977440365678,1,84.05476294626318,7
3141501970999254639,1,80.52574745868112,7
6267368935580291991,1,72.83243219023569,7
2375410666129136218,1,82.6809055691288,5
-1120514028652364195,1,80.89474996356078,5
369553729358573631,1,81.91258428210419,7
-3521200059945079578,1,74.89368272504964,6
-228017844504433803,1,82.68295203706904,5
-6567021105969776914,1,61.13576861778196,7
3191215928530494096,1,67.79984158344259,7
-2071940157427414850,1,83.71033845669197,9
-3800524559144424177,1,80.49415537319854,5
-6839117089970381436,1,81.94214139732425,5
-4490620988150231901,1,66.78324844172069,7
1022217780810569079,1,70.52210606167881,5
-862554052027960093,1,75.30473042711897,6
-3516190339598522976,1,81.99316441138859,7
-7748524737773999409,1,68.88416631011181,5
3388798511401254812,1,82.81537348934441,9
1459126538041943679,1,42.11480149568931,4
-8834069158837396685,1,84.0963696502751,5
-1757904552409029500,1,82.66628466946881,6
1004431282200370974,1,80.69672047968635,7
8184930622224282678,1,60.108651549208645,6
8631327196287980755,1,81.44846794398063,6
-2593355371932719161,1,82.38956850571324,5
2837484115382116119,1,82.47964704555677,6
7199599312216372048,1,82.29334980901113,7
-8850169184954446631,1,75.42814122042384,5
-3897740693502172696,1,75.4719355302202,8
-3471432714621884410,1,76.18744163774893,6
6373189865465953269,1,77.78871771143534,7
8092598956660291215,1,74.82178865901655,5
62966941368680868,1,71.15345289350823,7
5133876537670324411,1,82.57417308547522,7
8932763630388059887,1,72.83243219023569,8
8923681797804610584,1,78.6964333273987,5
-2938945366077744797,1,81.78073917852107,8
3527566788119942912,1,81.94742090359048,5
618489770509518870,1,83.65628246354565,5
-652117253746563674,1,77.05589819584368,4
-2633917229646894638,1,61.85428513785706,7
-5955439966878959532,1,81.58942191839053,9
-586025167603300600,1,65.2888994954051,7
4647818796298534404,1,83.06101089639483,6
-7869146853815250428,1,78.73635989752012,6
7125146488385376967,1,81.99316441138859,8
-6760592683069308709,1,75.97900906588873,6
-2701905006672196275,1,81.14729179568815,8
-4268291779673036451,1,80.03742229285129,6
6635381132510830269,1,71.90354267996427,4
6906756762659846441,1,81.80563979793956,7
41813383673449160,1,76.36363958574569,6
5736313144411923989,1,70.47628159068563,8
2437211415582489495,1,82.02436628721712,5
4121961896432917626,1,81.24953329143223,7
3624155410679767933,1,78.3243012418147,6
5277039265479571506,1,78.14953455263573,6
-3139712300447252950,1,78.6964333273987,7
-2433903014343400592,1,72.22362258223804,7
8509594427725708011,1,78.11118951958822,7
637466759495656530,1,80.2281853615784,6
4388511442090327281,1,76.6648675536287,7
4017581325391763586,1,68.9260899648746,10
-970242290152935238,1,81.46614637199762,9
-3051966899537699923,1,79.60967922776308,7
9031064052174526065,1,81.58942191839053,5
5024251034005721621,1,65.41536984923916,8
-2931155045227159791,1,70.90065915127882,6
5872845962420620183,1,72.03808059808316,6
3366606900654441491,1,82.22753393476813,6
3475414091580580387,1,82.08007521894814,4
8704046441982292961,1,77.50876815246392,8
5297174100764498711,1,72.91529350493457,8
2461403814842235149,1,83.72131824722467,7
8874155628093512783,1,81.99316441138859,7
-3987085921377590111,1,76.10847097348568,7
-5252654481641015122,1,81.80563979793956,9
4935647557411468240,1,80.47090533201936,7
6655612156292942474,1,69.63552087511034,6
380411544211116045,1,54.96060696103928,12
-1632922854823814808,1,68.54260613330837,8
-554190377840485201,1,62.76792815912816,5
-1418263699326033825,1,61.421281374485666,6
-3646009549730386860,1,79.72503787288132,6
-3326481077280280719,1,82.83726860062569,9
-568636936416150712,1,81.05215379162455,6
7769061837730635466,1,81.84285456302415,5
5163503063546066409,1,80.71222826924301,6
2948006481997108356,1,63.8050245890898,5
797823664220494096,1,72.83243219023569,7
8396894601969104271,1,65.57161832072428,7
2422605926552012591,1,75.372482284481,5
4813380737845046147,1,81.80563979793956,7
1686977533775896988,1,64.89717633445645,7
-4346356527042289819,1,72.17550735913743,6
6378807296590501467,1,77.69785413308313,7
7550329590348463483,1,79.5927607107838,6
1696585547939608356,1,80.9234569734617,7
8363516192822112952,1,81.80563979793956,6
5478464760366680266,1,81.46917853500608,6
-8299256126645328547,1,82.47964704555677,4
-8464915571535251869,1,74.65649146217358,6
-8763258719371316497,1,71.48137836391115,6
-8904648380591290777,1,81.88978496423346,7
-728768458666744436,1,75.69486037884646,5
2995876440875242696,1,80.955855164529,6
-1251861966227806623,1,83.0247785251524,6
-5430273720359931869,1,79.73724683741713,6
3695029494455379112,1,78.41229527762442,6
-8006692048920844364,1,79.8012771698043,7
6954936211200105249,1,83.11535152867862,6
-4481052241158868613,1,77.59389191198217,8
-6634850103100431616,1,81.80050534121736,5
-927048542854377552,1,82.6638516756891,9
203297497300361195,1,74.4966001670459,4
-3661606786861813940,1,82.22908962030903,6
-4143857525450521403,1,75.49587162964195,7
-8404586620134690138,1,72.83243219023569,5
3146777178148103274,1,79.81911527224177,5
115077217083176926,1,78.41229527762442,7
8973682585519362105,1,81.51675786571755,5
6047412176533222353,1,80.77802214878733,8
-9145444956854203798,1,70.08676679189995,7
-6756588901320178787,1,72.2663669059,6
1122093401567504279,1,61.07629462126953,5
2073074609229633831,1,80.11132833996206,6
-5606483767330508671,1,79.3161958858739,5
-2272541011654488615,1,77.47737059685164,8
5209515645518416566,1,75.4719355302202,7
-7767434984453717074,1,76.92592025884088,7
3284639783860060066,1,79.18230310989775,8
-4308074884061672266,1,79.40980744113861,7
4974147851677899891,1,66.69026855954533,5
-932371469263280005,1,72.42002695791624,5
5784342317088859362,1,81.46214806079797,9
-5578465777857048645,1,79.92454552455159,6
4670287927517272250,1,66.69026855954533,8
4394564786039551261,1,77.47737059685164,7
5682950440236868221,1,77.33543211480031,5
4641553220402437726,1,72.83243219023569,5
-5724957780921801472,1,77.22339832129842,7
-5996210673527091732,1,71.48326949204541,5
4823183553732390526,1,81.4723738575958,7
-52876016653618605,1,77.76280240633672,6
-7913382513546697336,1,78.23262276650281,9
-3208944849716715606,1,81.99316441138859,6
1658357540970432708,1,73.93951459352986,6
-6217974543811358526,1,82.22908962030903,6
492252655024560173,1,70.70739061658601,6
-5581375458577113243,1,82.38092279445229,7
1637515241316099858,1,82.38092279445229,6
-3537532053383034652,1,79.5039320389816,4
-2213251210295764680,1,74.69111378241907,6
7376381286915541708,1,49.21650699456276,5
8114659481467544272,1,80.03753988418568,9
7992170711337834995,1,80.89658005478337,9
2311982577891843851,1,68.18040353334993,6
-3255331908536048481,1,79.33926465429904,4
6276482112902957109,1,75.20525349741452,6
-3492262109875250492,1,76.17364422110994,6
-925775284284035443,1,77.69785413308313,6
3813385908531273720,1,81.99316441138859,5
6920948055273145126,1,68.2412908420742,9
6537143104580856755,1,80.49902865455239,8
4830900147895398824,1,76.01067555600586,5
8723544795981752146,1,67.18241564246559,7
724530900234537693,1,75.38136124075422,8
4419645678340736053,1,79.0964017783983,6
469539246049376780,1,82.49667072589632,7
-1416392984804670341,1,81.23392276969659,7
5560549200308095313,1,78.70053017322573,6
-902297629425929896,1,78.23262276650281,6
-7785048784558843022,1,72.2663669059,7
-2969814010229912942,1,81.80563979793956,5
5338386416975298022,1,80.07394603628052,7
-7066694553500887612,1,81.99316441138859,8
9037508307964370135,1,70.94366012406957,5
-3904324028477250548,1,82.33603477512645,7
3615441250489838444,1,71.39270535445279,5
-2711878615100464810,1,82.70691051678043,4
-376437849607934458,1,72.93092478755312,6
4049854164546889951,1,82.29264736393084,14
-3468228408726391630,1,77.64466712500897,6
3514414141586664667,1,81.43415390422938,6
3036700087778896814,1,81.99316441138859,6
519677639564477103,1,75.84267508459479,5
-4633591421944677260,1,71.48326949204541,7
2700833210227273840,1,67.78144432324066,8
1673777731167191575,1,79.65055386012891,8
-164179465569130523,1,70.52210606167881,5
-4586025910077066427,1,80.41829696782919,8
7382563507292447205,1,82.29373968761422,5
-5036285988410464403,1,70.94366012406957,6
8602947465332661005,1,82.1756105318038,4
8046912182434287997,1,82.8944618445957,6
-1912962280082850580,1,72.8908831841496,7
2246893098232409191,1,79.5901350766877,5
7635846020280787536,1,69.94525589883574,9
6654149506978309894,1,79.9481788657401,8
-8835292175356760541,1,70.10088212741357,6
8170650277582238750,1,82.22266700737377,5
-6660773783523571339,1,62.48589426398253,5
868307689117499388,1,82.20728037070151,5
397520341269246278,1,79.41101689093821,7
523741593356588219,1,72.17550735913743,5
4538565787482403359,1,74.17243440154782,7
-3851360129974845835,1,79.47038174586442,6
-5961953397065957869,1,59.7235968419763,6
7601253788127645769,1,79.19433408151014,9
1442949720319912555,1,77.19257347880699,6
-3007427207807477175,1,79.49514949300543,6
-1848218083180979577,1,79.47973694038089,5
5847641587984249627,1,77.05343906611955,6
-4832956001585501361,1,61.85428513785706,6
4752829389087727691,1,78.23262276650281,5
3290096170852363061,1,81.80563979793956,7
-6075526542288860525,1,74.13125768883944,5
-1674913842473024073,1,78.41229527762442,6
515847854197177035,1,81.38602783494854,5
-7077726055134514365,1,72.96577995410023,6
4841650249938535070,1,82.30107257997052,4
3506084177031494214,1,76.90109976323379,6
2589698675101585353,1,70.94366012406957,6
2725335397569975145,1,72.83243219023569,6
-455998032194355871,1,81.3009999696066,7
-1842840708752197680,1,68.2412908420742,7
2238637590520776850,1,81.80563979793956,9
6506824030465662343,1,79.04006130476954,5
725142630186889333,1,72.1861683120519,6
-5669338135924918919,1,74.00135305343018,7
-3259873796234534599,1,50.64054354419961,4
2308638966704081014,1,81.58942191839053,6
-7717176025538546355,1,72.2663669059,4
7583163288838757468,1,78.41229527762442,7
-5811304015331453130,1,83.62908439398956,6
2889592827007228975,1,83.38337332114023,6
3444420842714324334,1,77.56743838309818,8
-8434678371817632975,1,81.4723738575958,5
7798575718048214628,1,70.94366012406957,9
-6622359508878854922,1,82.80434936267046,7
-4900778569165057774,1,78.9298156714966,7
8852381888415725059,1,81.18127599305986,6
8292189323240390222,1,79.01924908555358,8
928771654241286778,1,82.00488825926907,7
1189725798635244569,1,78.41229527762442,5
-1427862221404236409,1,79.76032246399727,6
2205307574948120843,1,81.99316441138859,5
6958702183059501166,1,70.70739061658601,5
-3280469526551643874,1,63.28807271424091,6
-4760471129755074699,1,77.22339832129842,6
-3719849083000181386,1,75.79774007333525,7
1167356446337008630,1,58.873500643603215,6
5404241316310930968,1,63.9790590716804,9
411816447422254238,1,68.27183069030909,5
1054045386475108818,1,68.16327473164874,5
-4988966900977295714,1,67.31983251424928,6
-4134620138556153962,1,67.31983251424928,7
969150327819152892,1,75.12470802067287,8
5649940557798020127,1,81.94438263600198,6
8643312430506346423,1,80.88171487997806,6
-4678251471431725543,1,71.67422880202528,9
4142657424831421270,1,82.66753041882988,8
-432151116502964050,1,66.36053803207028,6
-5227371714140394701,1,82.69596081473951,4
-2759231294897967831,1,72.96577995410023,8
-5552796092644129328,1,78.23262276650281,6
6704431434460802477,1,74.69749451786657,8
-8275263191998109169,1,57.41025809246058,6
-3141166373730898683,1,82.34787254308178,6
8866191474728021976,1,79.17738417014817,5
6784181890405018973,1,81.09140490873266,6
8710538467676831247,1,64.50662927698376,7
-1591644176466385080,1,81.80563979793956,8
107910769056314914,1,71.90354267996427,5
-726932067100199690,1,77.23148719240888,7
-6228868976593966787,1,73.58085225605763,5
3255696076030846687,1,75.82278228159323,8
940630347400858960,1,82.87471300526173,9
3456082261784502406,1,77.89838250636747,6
1012919901855569425,1,82.20210378062738,10
5636428085276858797,1,78.3243012418147,6
5857670583123236363,1,81.53570698404525,6
-6838210957287403206,1,80.88102983843568,7
739474566037411469,1,79.69660077396803,7
-7671234709570743708,1,81.47812315855865,7
-7040582696271343194,1,82.44979377687262,5
-8122311515488536003,1,79.60852440764626,8
-4282508110762001328,1,79.1405106477994,6
3503446800499218029,1,80.18737421477387,6
5641161245943300879,1,79.0964017783983,6
1295883228457614726,1,72.90154114204788,7
8683090480656670024,1,72.83243219023569,10
-2681208504858591258,1,81.80563979793956,7
5654377945984748755,1,79.97269481978192,5
4151321516395017619,1,74.8019074535684,6
-5061185918289106442,1,76.97803785149817,5
-8985420883431850269,1,62.00483329600262,6
2998634219332429794,1,65.49995358406272,7
6919317053987639947,1,64.50225948980041,7
2869479358364642431,1,81.16541157472294,6
-5504214138090742525,1,76.59533100282954,5
-8881819969734246051,1,81.68124550284583,8
5691819855139328233,1,84.55841808704837,7
-6880511738870468310,1,80.71375588117924,6
-8921868836728729331,1,78.44162950368306,6
454079990750316648,1,71.001935030541,6
4318828932955702973,1,82.91127486812151,6
5647206515141555741,1,78.41229527762442,7
7095228821150706200,1,81.64867003904668,8
-8953871990410636642,1,78.3863960270066,7
6099424903063818758,1,70.94366012406957,5
138521409398376762,1,81.59318329123178,6
7934940136345684141,1,83.38337332114023,6
4036714889133635950,1,81.99316441138859,7
-8579088366677739509,1,76.68589526030816,6
2742971270385003109,1,60.394251998766066,6
-5315687596761898359,1,81.80563979793956,9
1415960072947673303,1,74.19134635642354,7
2265345188633680215,1,80.75556998061221,5
-7287666268987876677,1,78.14953455263573,6
2869961034981088298,1,75.96904927231522,6
-8465060046312811544,1,77.45021708969843,7
-1073300853355857778,1,83.13504507762384,8
-2571835392272861096,1,81.80563979793956,9
-1057814570045271269,1,84.08340423950035,6
-3455738001281627774,1,60.65167270352228,6
3173586814039947494,1,81.80563979793956,6
6284810710554564578,1,78.44689130616312,7
4901042057530970181,1,65.35083768211621,4
573145144212425077,1,82.38092279445229,7
-8785581195625140862,1,78.58574265406304,4
-8055734683213052733,1,82.17801837780638,7
-9034548518138455286,1,76.3554096681048,7
3821729764296767692,1,72.66717956993669,4
-8351163685826476570,1,81.21488225370261,6
-3276837314554268589,1,81.13723610441888,7
652881902268734841,1,83.01701568313963,5
8066792949903626330,1,82.7822356855535,6
-5129160351844417556,1,64.7742597590958,7
-912553390001074590,1,77.08766473164097,5
-4154665303180898386,1,50.76314185270387,6
-5177938891067701771,1,80.31128479533987,7
5297662152218933133,1,83.01701568313963,6
3044532153122974495,1,68.62989071004354,5
7531338781855698099,1,72.83243219023569,6
-1399846655157895789,1,77.74168352573601,5
1543642101783063606,1,78.41229527762442,6
-3312861786535460651,1,79.79797071968864,5
2879961971411875411,1,83.38337332114023,8
-1809031756480168321,1,81.80563979793956,6
2732788140487199422,1,81.35852577221205,6
6899914690696934388,1,80.06713216738267,5
2883391369186330532,1,73.78739564158668,4
584061336258036313,1,81.99878538397812,6
-2260892622789184906,1,80.68497706757616,6
-8924472029139921406,1,79.41193936675555,9
-2604327493396077121,1,70.10088212741357,6
-6720673313529904353,1,79.80085372097538,8
566859028649217046,1,81.80563979793956,6
-6507969019352938701,1,66.30195509998423,6
7022000994275808416,1,82.22908962030903,7
904714712631864562,1,81.80563979793956,8
4401401298480428243,1,82.15868629201009,6
-848728341595919580,1,82.21586644050068,5
4669684566960373786,1,74.2860084213582,6
-690633050615489310,1,78.70818705834253,8
-5779968765043600643,1,81.80563979793956,7
-8439851101754830985,1,67.05380115753431,5
3836012932834528477,1,82.69625945321032,9
4887032827221457403,1,81.6823341076159,6
530147473104089403,1,81.20504974690944,6
-4101299696008747016,1,71.39270535445279,5
3574750801379114581,1,74.4966001670459,5
4959864851317563283,1,82.49435767041315,5
-2116425410977435615,1,79.18230310989775,7
-5691574297725446018,1,82.44542282005044,5
-257548144941246472,1,77.30194683733212,6
2162131021754490631,1,72.63932253247042,5
3829478768816471144,1,79.67755099810154,5
2150758230781740590,1,80.01104899908896,5
2100606427612483814,1,81.99316441138859,13
2035158141151071539,1,79.89315240000973,8
-6091317403616431424,1,65.41536984923916,8
-1191886032185107586,1,57.994233445604785,8
4096054819414217149,1,80.73958257702884,7
8387669331103688998,1,75.82278228159323,8
1842087098703753785,1,78.41229527762442,7
-4017059945977385164,1,79.0964017783983,7
2204275982530127040,1,81.99316441138859,7
-6615422287569447999,1,79.29683706587569,7
8668218091582393522,1,82.68350531946193,7
2853309702326199144,1,81.64162535176187,7
-3608642946871209804,1,80.9982185159569,6
5316156690812857278,1,81.3671644327066,7
-8953003803794192583,1,78.59902061496983,8
5071220695781014418,1,68.0527712636949,8
-2812739618266133094,1,81.80563979793956,6
-3182200894775355325,1,79.32909816439282,4
2030153173131108835,1,82.38092279445229,7
-4012957330580473376,1,72.2663669059,6
-6796891827857341041,1,66.01677478968618,5
3176990470897363754,1,75.56689271025412,6
4112543474714307452,1,79.21081004176969,7
-2669303743703819493,1,64.76644349552096,6
1122967591704246284,1,82.66881014184577,11
-8642020247930479920,1,80.75967344232862,5
-4613149511964927506,1,73.88036317155215,7
4305131159689614591,1,82.38092279445229,7
-7801648853818289444,1,72.06873226387982,5
-8828368760724132815,1,81.34770111776365,6
-6036584763999756923,1,75.20525349741452,6
-2496509551046082014,1,80.55601367471007,6
-9010470875609032855,1,81.79278129340172,7
-9058638480028385766,1,79.60852440764626,6
-593212502745785530,1,70.98428669117253,6
3534426671390038795,1,81.80563979793956,9
4573821560941134363,1,72.3397582467063,7
-6893485745127069197,1,81.4570700244677,7
4213628684936305278,1,70.94366012406957,8
-158004980764304290,1,76.96076402287359,7
5648991562862896072,1,67.34097249376367,8
8480092557592561766,1,68.4287605228962,7
1884042533663375336,1,78.96329564474848,7
8133395390735062068,1,76.38594170719624,6
5344077632896146967,1,81.83542499722971,7
-6976467069735792928,1,78.41229527762442,6
-3827912340348181827,1,77.32015753263079,5
-8111479254857700502,1,57.930615298559076,5
-5349310838706401941,1,76.64907444116714,7
8034640094995078974,1,65.98586474032966,5
-121617739700620344,1,78.45135573526787,4
5692579678656489855,1,81.91607267881096,6
-855246647558575478,1,81.80563979793956,9
7981732001245823259,1,77.88815122268984,6
7945534779853044457,1,77.94688134495118,5
3287840990410716650,1,77.14923138271337,6
5704714529849457513,1,76.64907444116714,5
-1543543153024449511,1,83.08348961123569,7
-4618432255041603676,1,79.0980148692656,5
-827297802442286171,1,82.38092279445229,7
-4689146801806513551,1,71.01468192553595,5
-8349332055216257562,1,82.69625945321032,6
-2453021063704833671,1,79.18830875926548,7
1797908736144738679,1,79.25075095814726,7
-409622381076009772,1,77.55757923841121,6
3319993667507902552,1,82.38092279445229,8
-597023903069087846,1,58.73877376316093,5
-3804140741267495577,1,82.41253007932572,4
5976363595518070585,1,73.41200285334915,5
-4934169652923859773,1,81.98376381061276,7
-6225345490920055817,1,82.08824357239448,10
-1508372219195527242,1,79.49000532979288,6
31999804810322688,1,77.33377509569584,6
-7593223557470038556,1,75.74500329416298,6
-6556949408737698040,1,75.37442860184801,5
8031666158615807855,1,76.48181244472305,6
-1998540339793837556,1,81.59109441424404,6
3978528412752837293,1,82.74206923365836,12
4477562665965568909,1,80.82780040946962,5
-7501795688741775956,1,72.91529350493457,8
1316682491540309165,1,76.13721015035658,6
-4563645202160780413,1,80.77543781394236,7
-8089156527189769155,1,84.41400581353716,5
-5380434174959974582,1,81.80563979793956,10
-6642113086025408391,1,77.05343906611955,6
-7133583765454886955,1,81.2254759248022,5
47985848352892571,1,82.8944618445957,7
926313614583798005,1,68.8363463181582,6
3047197652638889884,1,70.94366012406957,9
-7392313893573307639,1,72.90416630774656,7
2054536745116975268,1,79.62714005976008,5
2184318228911405416,1,82.38092279445229,6
4899415748345658206,1,73.52847468820151,6
2493327379180616423,1,77.5966607508575,7
1966900236862315687,1,73.23648673623575,7
-1055199144889727696,1,72.83243219023569,7
8924827062297939118,1,81.75183573159445,5
1238857775202770690,1,76.08620457340974,6
7947867722594019830,1,82.054617393862,6
-6908049169001877742,1,80.61078269773564,9
-6777144068984978001,1,80.56454320483556,5
2806709551428604997,1,80.61613331189201,5
1988040346390784364,1,71.41834911048694,5
-7285402003556328246,1,81.82018841001917,8
3709269594158692309,1,81.99316441138859,9
-6640149063223756357,1,80.91369948466163,6
-6433059732826747520,1,71.4652681623798,5
3391717400790164686,1,64.91122665543683,6
-5927193048598043436,1,76.93133317014916,7
-8845908040715607923,1,82.17785683297006,5
2039085449890074801,1,81.82700626180123,6
-2295186136684060602,1,81.80563979793956,6
-9175610640145809652,1,72.17550735913743,6
-3621356026681528104,1,70.65452894442205,7
-2346400550038259025,1,77.2909628769068,8
-5367144430852578737,1,80.85812226787057,7
921406613722362362,1,80.61078269773564,10
-1410035740927947060,1,77.37166705700278,6
-3657470883198391807,1,59.06693598800108,7
2871568520202104133,1,78.74306220806541,6
-6574529909966634119,1,63.26218290603249,5
-3791728600441854233,1,81.80563979793956,7
-6997550033268891598,1,82.92522891555873,7
-2810197699490466207,1,79.58655304268808,5
-1110226626866595782,1,69.89252902445496,6
-1091680690740117116,1,66.0077961776694,4
2499525239333011689,1,77.69785413308313,5
-8098512896974495445,1,77.64005240067084,8
4520673915182672648,1,76.23303225370991,4
5675462926701845319,1,49.31038019218698,5
-2240106472651551365,1,82.2881545489022,5
9200475633865142808,1,81.05215379162455,5
-5147594993888552242,1,81.99316441138859,6
210352855274558940,1,60.727785109055404,6
-3590560239318018958,1,61.340846334971275,8
8935770429488240768,1,81.39441733234929,6
8856938006808273849,1,81.56062291072904,6
-3086525406949326143,1,77.59389191198217,6
-1581744565612394421,1,80.08462736206367,7
7131306561003470061,1,81.07368243263649,7
-1309251231578859471,1,80.35936063186357,4
-2575867972276361910,1,71.81689744204925,6
-2890293044247175459,1,72.2663669059,6
6550815126842179666,1,73.32196859656126,6
232032528810135207,1,83.19703869260748,6
-3547974374537568631,1,83.73009006100118,5
2585084195238513266,1,81.80563979793956,7
2219277956457313074,1,78.55535366718632,5
6435798668951632282,1,79.0980148692656,5
-6233396834701754723,1,81.14343188574045,10
6781118886044247073,1,81.80563979793956,9
-8544788932971932781,1,78.54741294036457,7
-3668592199155285909,1,80.41651308185966,5
-9043290125433948813,1,81.80563979793956,7
-3231215089922231991,1,80.31529019650014,6
-444105027159777484,1,81.99791129306622,4
-8908279559972811731,1,71.48326949204541,6
8485541146091821735,1,70.12225385433922,6
-8704740148620788705,1,83.54996151895654,7
5540214991941324708,1,83.05035978592035,7
-6951793312505737078,1,80.0332932009938,6
-4082982022678857505,1,79.75214915700501,5
2199399453638216749,1,79.5039320389816,4
8657970742096423116,1,81.80563979793956,7
-5369664895820162968,1,82.48839134504519,7
6176810312480994057,1,65.41760148196266,6
-1074219218189325429,1,75.4719355302202,6
2212979759370490649,1,76.6432741671876,6
-9132370722133722982,1,71.001935030541,7
399037549286020839,1,79.62714005976008,6
2975338297244093572,1,55.88009270979701,6
3064564948578552591,1,78.5420436724244,6
-8794364264282975026,1,80.42011642279563,7
-4676989355049863903,1,77.41760371228932,7
-8445603945502643358,1,77.90227970360644,7
4569578336348392009,1,79.5851263099924,7
-5930004119996848173,1,81.80563979793956,7
-5950226552779955869,1,74.56674163770619,6
-6430554841545846213,1,68.19147948928936,4
-536561900476217586,1,82.38003730978826,6
-4935862866457231002,1,76.38594170719624,5
7756106147386030783,1,82.9466916303322,6
8712436347651296996,1,80.44005389198215,6
-7258066427399424411,1,81.69886713120522,10
4712499287425562974,1,81.58942191839053,6
-3445552555225926439,1,73.48953003170709,7
149690305019483912,1,81.08200007857315,4
4824576433990865280,1,76.96692376126893,7
-8814627233351851135,1,80.92712771931848,6
799854862770938074,1,78.06385112139675,5
-4314387319524367904,1,72.90416630774656,6
6313383988446833860,1,83.35181967148903,5
1301527357775881222,1,66.76077607857457,6
128650371013966524,1,79.37231355272776,8
-7835524377938745963,1,80.63411967391441,9
-1927479218584502589,1,70.69866802470457,7
8364207816057678116,1,84.42043226629872,8
8861395602377530692,1,83.48949247484768,6
8940756564723164136,1,69.61253507854055,6
6148608372512319931,1,67.84995249700978,5
8634665221110468417,1,81.99316441138859,7
2073472885795515841,1,81.23392276969659,6
-8078672955782776625,1,72.23396480484105,6
7998862582029825783,1,79.80245271951536,5
-3258375540002827022,1,82.69625945321032,6
-7788489842099483659,1,79.36866909184215,6
6015269968650448643,1,78.74096574200499,4
-6775445704615858223,1,81.89214107502035,7
3614253510679613347,1,80.01104899908896,5
-2311416930445197041,1,77.25093405785454,7
7537403336672888493,1,68.22610359469654,7
784699176946574804,1,77.73377742921527,7
5718845679631449763,1,74.40201586189714,8
-6327071105076555597,1,83.48820241310779,7
-6683295695699499563,1,59.818650943374315,6
-1961100700748187013,1,81.20853521035235,7
8568841930632267840,1,77.45021708969843,7
-7457727224720799854,1,56.29257041491871,6
-5945505272584763312,1,65.07941934236601,5
-74909479815919532,1,75.44312523656812,7
-4635876576257121900,1,81.99316441138859,7
3433317331115045976,1,82.24269624450992,8
-4335499748178685134,1,71.90354267996427,6
-5383972641718424955,1,83.6591739449981,8
-3504095568378559953,1,75.56689271025412,7
6978571272443792442,1,79.44482011604417,5
6513172687665087046,1,81.80563979793956,5
1414556533051638067,1,74.28164429894758,7
-5592583789501690355,1,78.41229527762442,7
2717014184312358904,1,77.90552386160435,6
-3195921190312267084,1,81.80563979793956,7
-913594406484968768,1,82.36689856175767,6
408884123671598066,1,82.22753393476813,4
-3845210757258391415,1,70.94366012406957,6
4129781894806059316,1,77.29650236452083,10
5371414102895014327,1,81.80563979793956,6
8737990291854959399,1,77.69773174480697,7
-7954546912161694433,1,64.34535151700027,6
-1731536908589464221,1,80.56971211411299,6
-8791735237243353128,1,72.83243219023569,7
6759415593087174310,1,75.4719355302202,6
-6707358165174798879,1,79.0964017783983,7
-5282746660554511127,1,77.48701796063831,6
1449177972073922353,1,59.523775532820856,6
1772668927076396384,1,81.72530594796889,6
1908571899853751917,1,56.196948038179514,5
-4538203873005742366,1,73.98509871990511,5
-3018321400388704279,1,83.62340410621789,4
9214315744264188806,1,81.80563979793956,9
-5508830994795824011,1,82.38092279445229,8
-4861587548261577008,1,81.80563979793956,7
-8015391229717331999,1,69.34156806938454,5
769483838771789728,1,76.96308707505597,9
-5463614642176652387,1,82.53524147900156,9
-2465263904332766141,1,75.23004176032482,6
5019139099392057419,1,79.36866909184215,6
-4994328718057556903,1,70.10088212741357,6
3514927622331925305,1,77.53362129499989,6
4603018305605928896,1,79.85169185434444,5
5471230647102350285,1,78.44162950368306,8
-3793368983744839611,1,59.147473595824756,7
-1955420547827980488,1,73.23958162951018,7
-2101263205327943037,1,83.62183130770163,9
-3182880412249822350,1,71.63841059948462,7
-7132353169910072417,1,72.92945732023138,7
2398530290672660538,1,68.16327473164874,4
-5498835325048231687,1,81.81554633773277,5
-7258348307897801537,1,81.2973937809433,7
9146482385504512657,1,66.69026855954533,6
-194382118249109298,1,81.99316441138859,7
239605490566372245,1,75.26259321714255,6
3109120675720656710,1,71.96577656820261,6
-6939937242519306791,1,64.78834212392634,4
1318219060606230480,1,64.12478424153888,6
8182977714598189762,1,72.83243219023569,10
-2344629013060887009,1,79.18230310989775,7
-4185057013482678876,1,78.44162950368306,5
-2593047317812020187,1,82.76582126674525,6
-6856694108246767908,1,74.18947174520733,7
-6967346559789401404,1,77.70818982924484,7
-6537319420450276583,1,61.022734482223726,6
1335234904213073139,1,59.30000706722814,5
-8436279003176338486,1,82.02436628721712,10
-4567681103602253302,1,81.99316441138859,6
5977595583700048476,1,71.45568545032728,6
6206003509781841981,1,80.43636612705441,6
-7290718079131166504,1,78.41229527762442,5
4519975394845720080,1,70.65452894442205,7
7762303184665790053,1,72.86338412619273,5
1512261316532312663,1,78.3847056552327,5
-7505135738236076224,1,82.76153728609391,7
8083377873383820798,1,78.51518782677758,6
7954779766334224574,1,75.20476839437549,8
-1110132238118918750,1,78.73424636957107,7
6575213393204338995,1,81.51814319658406,11
4467124663752101822,1,77.35990993138137,7
5457566909272267235,1,80.61078269773564,5
-617146272078029398,1,65.16415593350744,5
5996176584372351211,1,80.91049970900283,7
-8029274241951242146,1,74.35711136805654,6
-3323554847080438749,1,81.85522751024098,7
-5973129722459920607,1,84.98423429108195,5
-7166068833991453247,1,66.70335418760192,6
-5684025664164181136,1,78.74000447614286,7
-9048779243079411399,1,83.48949247484768,6
4882269435031678993,1,82.49353164669381,7
4391445725251621207,1,81.9586142936399,7
8296081380248746663,1,79.62714005976008,7
1530647665625669220,1,42.06903174625835,5
-1495447748467487381,1,82.38092279445229,6
-1287478481512434807,1,81.99316441138859,9
-497346539862327223,1,77.69785413308313,6
-8354496138084256496,1,82.38092279445229,8
-220113098292720388,1,58.73877376316093,6
5654986456827256453,1,76.2317398349387,6
2958955114785467186,1,74.03088057571733,5
-1612103254334377947,1,77.30001006412876,7
4797266135339142922,1,79.75397505729586,7
-7889607673240285190,1,79.80435862103738,5
-2934419415053279431,1,70.33556708448154,8
-3270217936846897857,1,81.80563979793956,10
-665242051512404399,1,76.24063406817724,7
-6831605664241493180,1,82.03722893874941,6
2062194153854731443,1,74.08755193227837,6
-3496974152922226067,1,82.98939690573846,10
6827125896323620793,1,79.06172576110752,8
4891460992735418734,1,81.8228751634463,7
6198630121112059054,1,82.83726860062569,9
8684831918263824526,1,81.30488304908401,6
-3633462315344983156,1,70.7224563023203,6
-4777980730469838079,1,81.80563979793956,7
9009160894096908051,1,72.83243219023569,7
-5650401255714415401,1,81.80563979793956,10
-213597227615385170,1,81.280680349198,5
-3959359795500047496,1,67.15317625814355,8
-782747788370974844,1,81.50839698739841,5
2521891659707571571,1,81.80563979793956,6
4317368036286385948,1,82.56994267716722,4
-2101356419137114768,1,73.32196859656126,5
-6151331241532707400,1,75.0745592285557,7
-139975311289909801,1,80.31529019650014,6
6151468933209525889,1,79.9481788657401,7
6498093173001040575,1,76.33378201292699,6
7411950784605720590,1,80.81289306389131,6
-3806684492746395313,1,70.28048985484973,9
7961820734826449175,1,81.64867003904668,8
-8806304425670331118,1,81.99316441138859,6
5591626280741517959,1,61.92908190817073,7
-8799287187339474071,1,74.63670217862843,7
6222239487581508192,1,77.72716858535105,6
-4073933669311517629,1,75.75616005652847,8
-6908368417217437392,1,71.63841059948462,8
-5745718462107391224,1,79.75769708615238,6
-6926705067608220856,1,81.58941675829449,6
2556631031161412096,1,80.42034352206899,6
-3670449862561218426,1,81.63979545269433,7
-4158540590071541134,1,82.22908962030903,9
8408137949419599602,1,76.00911685869656,9
-154511823363659191,1,76.01936012170067,6
-2260205477130802685,1,82.14080768385827,7
-6347638154514327891,1,78.86982183268475,6
-7153672485647664375,1,66.82322784342905,8
-4834133806959737682,1,77.27986717310783,9
2272027691576461055,1,78.41229527762442,7
-8964011657154197763,1,80.48494561279489,6
4428121242230328429,1,82.24269624450992,7
2491418540875603811,1,81.80563979793956,7
4192353466802440875,1,81.88939120580838,8
4239719071441997924,1,82.81459665363494,5
4718924840254759798,1,82.93958069236534,7
-7243917158975056730,1,60.98775407924052,6
8365177082935466563,1,75.13354621899974,5
8699143574116535149,1,68.88416631011181,6
-2008440065966912533,1,78.23262276650281,6
8743246259919026025,1,81.94214139732425,5
6738295631326200775,1,71.81689744204925,6
5695911103355342757,1,76.08620457340974,7
-2163520346586498289,1,74.63670217862843,8
-7812770382655146575,1,81.80563979793956,7
-4008064114384973136,1,80.32247196843726,7
-5133189621681393562,1,78.69771600311132,8
1052987675626316487,1,79.9434059111095,4
-8176208361136098208,1,81.80563979793956,6
8216065004365011983,1,81.80563979793956,10
-5733752445365906910,1,81.85522751024098,5
5872945032257549184,1,70.94366012406957,5
5749050112144166938,1,58.049920840222164,6
4753267486498862578,1,74.35711136805654,6
-2015931474570027243,1,76.13721015035658,7
-8005314242327410902,1,81.80563979793956,7
4734023406526524338,1,71.54977540430183,6
-6028352653546169440,1,78.24483480206499,6
-1250582699647840432,1,78.48636565533181,6
3531651340010651584,1,77.64466712500897,6
-6794206758618071452,1,78.72951386371695,10
-8192646106111661698,1,78.66839770317529,8
1550536638193486264,1,82.70747767289076,7
-2403491907098443334,1,59.553460209021644,7
-5698780535658983262,1,70.94366012406957,6
2541205778825518538,1,76.5089963946569,7
7124306632635638355,1,67.34097249376367,7
-2676006878872234825,1,66.01677478968618,6
-7766066356250343284,1,79.5927607107838,6
-9120454368606291508,1,75.30720687562429,7
5941993805605944580,1,72.83243219023569,5
3650375094216209716,1,82.92004666446365,6
5258009898231552216,1,75.79774007333525,10
-7826614367515635988,1,78.1857096300136,6
541651876595933304,1,50.64054354419961,5
3532207961110934268,1,81.99316441138859,6
1876105521959909623,1,62.00483329600262,5
-3333930775401570923,1,76.7605480721024,8
-3141165455764401367,1,76.26162485625352,7
1517060875644077408,1,79.07460023310452,9
5022116677214895173,1,76.66952620298261,8
8020444682797008918,1,76.15139076080402,9
6422276835862236350,1,81.99316441138859,5
-5867507943020059950,1,70.27716766190912,6
-4311488014964685387,1,79.681369004286,8
-8969901079682791287,1,80.95170610098734,9
-4430595722659020506,1,70.17618110026133,6
-1929181384635623387,1,80.86617166777148,5
-8397979855943795667,1,71.59167322607259,4
-6993529527570569643,1,74.91755639431169,5
3357126752446835678,1,80.80461445208826,5
-1747346614645377389,1,78.64814079358935,6
-1154238807322186506,1,78.41229527762442,6
8849130723854267592,1,70.94366012406957,7
7145382743337780487,1,79.84104942741205,7
-9103998096640172955,1,79.75214915700501,5
284685280755182271,1,81.81111029348317,7
-7138079916714823371,1,54.87844912130903,5
397300675347427316,1,79.86568810810148,6
-8924081796088162690,1,81.99316441138859,6
-8127735904782118219,1,82.8390353532011,6
1788376579913394563,1,62.844317993067015,6
-1104608212948919154,1,78.74482092481374,7
7391126470541357472,1,81.24953329143223,7
-7242822996990581762,1,82.44979377687262,8
8033165278091535801,1,62.00483329600262,7
8745052373984710683,1,66.80845972359987,6
392849916781818535,1,77.24766989035702,8
3287651535783181303,1,84.59234399286318,7
-6931804958531305376,1,81.976059666818,6
-1251673011219942488,1,81.51675786571755,6
8817572651487912305,1,81.70267573003599,7
4187181597746259944,1,81.99316441138859,6
2747706619548410665,1,81.80563979793956,9
839812262251906585,1,80.61078269773564,6
3193054441385076875,1,83.50381693546292,9
8457740948472265475,1,82.38092279445229,6
2720265522889975528,1,68.43435436077755,7
-2613670202354250500,1,79.80136907752956,7
-6709045261261955380,1,80.24314641321713,4
7676455493043103124,1,81.75183573159445,6
4391065949393269381,1,72.96577995410023,7
-7928360605583181276,1,81.99316441138859,9
-6751507633059738963,1,82.08733582402232,5
-5680500187726731029,1,73.1198479052012,6
-4286155117006218583,1,72.83243219023569,6
-8959715344978014250,1,75.56689271025412,5
-5328526690871248003,1,69.37790375406331,7
-2498325617028772044,1,81.99316441138859,6
-6681997980074150658,1,70.94366012406957,5
-3502165696773025882,1,81.4957363521423,7
5617104651113865735,1,80.92250108891993,7
5717250008263977065,1,80.75973905831889,7
-3553913336321961142,1,81.80563979793956,8
-868168087212494815,1,82.90508227660568,10
5363981158624118032,1,82.22908962030903,7
7023418763636780283,1,83.05035978592035,5
-1395261967414246142,1,77.95067149777522,8
-466077067195278892,1,80.40152228280814,10
163584850516751107,1,80.45689638953328,6
3656799760196536265,1,81.46214806079797,8
983405290827081570,1,81.85076484839598,7
-2318200129963146333,1,72.91529350493457,8
2351329757515307772,1,81.12348803358162,7
1288274505724661780,1,66.44970324723836,9
4082525283250127454,1,81.87311946773114,8
5292016650690725759,1,81.02526156297145,5
-2270089407617242430,1,59.30000706722814,6
771453168413733394,1,77.50359235636782,6
2591239276337224807,1,53.4683272375889,5
8418122058358660019,1,70.94366012406957,7
6557909981127645471,1,79.70468618244209,6
1011798825219278761,1,81.00180913287576,10
-9218528451828631837,1,61.354004087792774,8
4253944111403544222,1,77.05343906611955,5
846127293537576119,1,63.06231093203484,4
-424596529912074646,1,81.79278129340172,5
-5835396747421019106,1,80.14309441549848,6
-2562176312716264342,1,79.72503787288132,8
-3857791602197870808,1,70.96147691721791,5
-5600810184605609967,1,82.22908962030903,6
-9011704465808704608,1,82.44943603117736,7
8997509467244748582,1,78.82663157280844,7
1180863749830234718,1,80.40085280876369,6
-2827559621701104707,1,81.80563979793956,8
-3652456346988708411,1,81.31346466591602,4
-8022381752331997207,1,78.44162950368306,9
-5667756417176317691,1,83.0247785251524,7
-5502105755025693382,1,81.99316441138859,6
3271515221040982454,1,82.37184496003503,5
3192576270251768374,1,79.5927607107838,7
5864594788830828872,1,66.77375830583335,10
8645733928295478060,1,68.88416631011181,7
4956074148445895971,1,68.8363463181582,6
2582573423526782272,1,81.80563979793956,7
-5408763339905752083,1,81.99316441138859,5
-8952715644889930918,1,83.2733602773648,5
7196799949516180031,1,81.24953329143223,7
7767215088655163951,1,76.42691110761119,6
4062634228247007659,1,63.191164945835666,7
-1541588542142051635,1,82.52991849976453,7
-7896913272304895128,1,81.80563979793956,8
-2251430512344743093,1,80.59039567132494,7
1826562459373680518,1,81.99316441138859,7
1026918764257116161,1,74.46486583587323,11
8978077711706930663,1,81.03160496276553,5
8178996019799388764,1,66.0211517081348,6
2968331035051382885,1,69.11661390769075,6
6306403860827153043,1,82.54582611942473,5
5441179096946408832,1,84.11001353396357,6
7805880222517646137,1,78.65826518566618,8
-8303855152765440962,1,70.29152597319107,8
7480666910950171206,1,79.65974080971405,7
-4766029169354683727,1,78.40910181420062,6
699932178068229951,1,60.73392255761414,7
-1781894688848682933,1,81.80563979793956,7
-5040170899479260671,1,81.8152359592437,4
1366133172155376778,1,61.421281374485666,6
-2455245016527244617,1,82.23555706864309,7
-2802058105781423785,1,76.15139076080402,5
679229921261120621,1,76.15139076080402,10
563892471394413263,1,81.99316441138859,6
4364062243507444692,1,74.35711136805654,7
-8073974649572645097,1,78.41229527762442,8
-497937220903384876,1,81.86172577650272,4
-1932023856287510342,1,72.2663669059,7
-1742168114112411346,1,81.58942191839053,6
-2774148252446485937,1,72.77114397967651,7
-856450875379500112,1,82.3897407790844,6
-7929572001802160839,1,60.440392845941346,8
7169778254425852201,1,81.07023615126307,4
-4912995055471259963,1,66.80845972359987,6
-7507772802706587657,1,81.44846794398063,8
2483283470007308442,1,70.94366012406957,6
5335902465049337301,1,78.55487576585787,6
-5482626819392280626,1,81.80563979793956,6
-5972690674370167341,1,82.43128199527214,7
-1122067885776919835,1,79.11937152171853,7
-1840400606808511264,1,80.06905864432134,6
8610026762639889706,1,76.40014315307008,7
-1754805187203381147,1,80.56971211411299,7
6069812132924824655,1,81.80563979793956,8
-3659311023802014447,1,66.64346647806993,5
4956986497565103252,1,81.20853521035235,7
5132581543323046532,1,72.84859120271831,5
7233449130299756296,1,69.68506039957225,7
604611189332072028,1,78.41229527762442,6
-2032828939994278972,1,68.54260613330837,5
-4282574261500815253,1,74.63670217862843,6
2043329178469775149,1,81.80563979793956,10
-8663046392008283849,1,57.37625031079495,5
6062745330786686673,1,81.99316441138859,5
6324242560026869387,1,79.23784249130807,7
-7457253372871435717,1,63.613964844508175,5
2462928916021167676,1,70.10088212741357,5
6394066547178335768,1,79.89369157008507,6
6451194468465202465,1,74.2532844696896,4
-6816601625168017950,1,77.20239831396849,6
-9123566085513831881,1,82.516132473596,4
-7797639291594597953,1,82.8944618445957,6
-1873909275379944918,1,84.73350662893937,6
-1929865661544538060,1,80.04252127946026,6
8235590801335775069,1,68.27183069030909,5
4128115173883497614,1,72.2651689323694,5
-5477640458182459884,1,82.69625945321032,6
-5270243853456143777,1,68.8363463181582,7
-8474377600796597037,1,66.01677478968618,8
-6063787453006288922,1,66.80942168581603,7
6479748377646781755,1,79.83551644352283,7
2231885850737344356,1,75.4719355302202,6
-3678853030507680092,1,80.61613331189201,5
3047509133131045770,1,82.49120304468589,7
-723435831691328190,1,67.44930140848878,7
-5298328847141432806,1,78.41229527762442,7
-6378366638816861778,1,73.12758782218924,9
-1896707838901777533,1,80.70071146601816,8
-6052977305671156444,1,78.44162950368306,4
-4340403798319108950,1,81.60037633614098,8
6225948022589531621,1,81.99316441138859,7
-1030203699838529601,1,74.13125768883944,5
-1263081171973764038,1,81.81111029348317,7
-821821918206186627,1,82.93709884037439,7
-179173485965070933,1,78.41229527762442,9
4242663091529506575,1,66.36328688325328,8
-2848890044952892841,1,81.99316441138859,5
-378845494871327278,1,83.07129483010665,7
-3162573540612448364,1,73.55069403890204,8
-1558858812651569563,1,83.72827740314108,9
-3488330163312790307,1,71.56324823675618,7
-2292727017125462263,1,81.99316441138859,7
631288304598371775,1,70.94366012406957,5
2934059820742618035,1,78.03000598609526,7
8254722708646938005,1,73.59975849200609,5
2870800094175192385,1,78.3847056552327,7
4694265684962057577,1,80.56971211411299,9
5139240208727811835,1,62.42309211156034,5
6356209333358462799,1,78.03000598609526,6
-2991112332236997729,1,82.7220758079886,6
41605841806132530,1,82.22908962030903,6
8304467467581689536,1,79.41101689093821,4
3077720505280925791,1,81.60822794133738,5
2892650271349131530,1,79.81923215406168,6
-9016698683657329639,1,82.22908962030903,4
-1285154093420067874,1,81.99316441138859,7
-5608956913007801053,1,81.80563979793956,7
-254393295480140992,1,74.53830771866575,6
1137956892536741590,1,81.99316441138859,7
-2930919399962808795,1,80.58638647410301,4
-1404425058251673066,1,78.5832259478625,9
585529813577875741,1,61.11014254595389,5
590302661057746891,1,78.44162950368306,8
4524757958867400244,1,78.53075720338235,6
-5492865607001242055,1,65.23881313254245,6
2676933026025436203,1,82.83726860062569,11
3498405318419175614,1,81.09185609530738,7
4502276156767153726,1,73.38798115622654,7
1183158145815339182,1,80.61078269773564,8
-3488781042930377415,1,78.53892973643597,5
9050614256790855435,1,68.81968929852576,4
3847819964929522537,1,81.4723738575958,6
4995399413086756732,1,78.6964333273987,7
-6394146703561695264,1,74.23496149318359,5
-2751899933787425872,1,79.33300117248788,5
7052246976483497154,1,72.83243219023569,6
3673743970141907080,1,78.41229527762442,6
7304359590063067942,1,81.80563979793956,6
-4967416600195818018,1,83.04179032948295,6
-556859623571443406,1,80.9982185159569,4
1359192087999943551,1,75.92999325032261,6
7782619313132802775,1,78.41229527762442,8
-3291352264106899007,1,81.41190595223009,6
-6983051012859049224,1,70.94366012406957,7
7301257267121269652,1,78.3847056552327,6
7723812883120916036,1,79.59544869922094,10
-6789538515213171263,1,82.15868629201009,7
2710810910439429951,1,81.59875442216253,7
-5518232583666147910,1,75.23004176032482,6
-4703782245960853258,1,58.049920840222164,6
273749561719772949,1,72.83243219023569,6
-862343620942968349,1,80.92411231531764,7
-2594433194557324132,1,73.81427125159074,7
7971531198066546169,1,74.4966001670459,5
-116520978448109853,1,79.26106142878729,6
-2965865717638203577,1,70.34982953613745,7
-2523048426240777936,1,82.11779678196372,7
-2239703552449386394,1,83.74383059089597,7
3038488362368423274,1,82.11486499548263,6
7901231295866069603,1,80.61078269773564,6
4728745745779987213,1,78.96980898971901,5
1743189826502415545,1,71.99014889107411,7
1366428485954427061,1,81.58942191839053,5
-3958603956139653885,1,81.74047069074645,5
2559466785480758118,1,81.80563979793956,6
-6823282172653559546,1,81.99316441138859,8
-4761713139484261685,1,65.82733586884243,6
-5041675912423680164,1,72.2663669059,8
-1692986825207609425,1,67.44930140848878,5
-3100030359031904444,1,81.77137228900588,7
4244890197561763044,1,73.12311328751059,8
5866233315994958306,1,78.44162950368306,5
3461637012438966015,1,82.8944618445957,5
-846321928275937158,1,55.80459968648169,5
-6583917335367788829,1,67.13752337577414,7
-3165787850653375658,1,75.49012583517212,6
4764693289913968006,1,79.76032246399727,7
8443066589371036269,1,79.47973694038089,6
-789808998822970700,1,77.83873306570008,5
4196557627369927541,1,72.82143516258805,6
-3139883468441368051,1,63.37351869477798,5
-721963817954444426,1,78.41229527762442,8
6881908606108859300,1,76.9314104785794,6
-5002407018930634101,1,80.92489334631401,7
1212202354660573074,1,62.68795378101435,6
-2580586614367053709,1,70.94366012406957,6
1435073214538131137,1,77.17878471803624,5
6870224624751266401,1,81.09140490873266,5
-3651575346589591807,1,79.09366982330927,5
-1328411681987356463,1,81.29984834615355,7
-5254922169995345621,1,65.57161832072428,6
6651556671754239910,1,81.80563979793956,6
-3034523934124194939,1,81.80563979793956,6
-4658232423431390553,1,75.13771067450055,8
7369597677140822340,1,81.09140490873266,9
-8507594317802501887,1,81.80563979793956,8
3310259831131017861,1,71.05392316180539,5
7513211077789090022,1,79.25029841810388,5
4113162180871500104,1,66.80845972359987,6
8329007430165668321,1,78.34369556814002,9
-7076565202867370417,1,82.83726860062569,7
-3466421919945142093,1,81.99316441138859,5
5073612955177181309,1,81.86158987905799,7
-5675229556183651878,1,81.80563979793956,6
5648908044182473401,1,77.17293660142427,5
-2395865168630331624,1,68.27183069030909,7
-7159364851137022193,1,81.80563979793956,8
-7538722915170603889,1,62.52718474055122,6
8164317202807136358,1,81.91258428210419,7
4094753781380372361,1,81.80563979793956,6
-4395780804424920262,1,72.2663669059,7
-8294593905846250904,1,82.50336626818181,6
6646785305069887702,1,79.2857456775529,9
-8450467725658266461,1,79.62714005976008,6
9165899449381391091,1,78.44162950368306,8
1743662813158701365,1,82.54239037572427,7
5593333371629050584,1,80.75967344232862,7
5824383426145082257,1,79.46764216879724,7
3008195572142210876,1,74.89454175613402,6
-7683330708194242481,1,74.56174511479121,6
-614155097564319765,1,83.48949247484768,6
3778504433118961620,1,79.8037110936775,8
9197612494751665156,1,73.15913451973107,5
-5582287615284264990,1,72.47496472020215,6
9034648979547775429,1,80.1818778984769,7
-4368128632644259508,1,66.80845972359987,6
-5216048784243694961,1,80.34523444000129,6
1697246317085361210,1,81.08279783217161,6
-5881367720860464997,1,78.19099783440205,5
-4542731420219710794,1,73.97351660632768,6
2866320602743774872,1,70.0530741020085,6
3352011571327009005,1,80.89658005478337,5
-1413725843955627404,1,63.8050245890898,5
-7648200374144536908,1,82.69625945321032,6
1806852723717576767,1,77.04404580647169,6
-713577765105693239,1,81.82018841001917,8
6819161187660977543,1,78.23262276650281,6
-5435669214568774448,1,78.42805495097525,9
-1667815867529631544,1,82.24269624450992,6
7022851562501754658,1,71.24712215501454,8
-8915348732544698298,1,82.17801837780638,10
6455931563852330492,1,81.67096741250856,6
1766407170342546202,1,71.63841059948462,7
2024940367009086843,1,80.29706148755595,6
6187642982740559203,1,78.41229527762442,8
2789989352771661360,1,81.58942191839053,5
3159713925575752924,1,73.06339776849552,6
-3698491174491998314,1,65.1009482201852,6
-1153615171205776818,1,81.80563979793956,6
7824172122266337926,1,76.15139076080402,6
3995924295280471054,1,81.80563979793956,6
-3829373532071649119,1,82.2599007966738,6
-2050260440713216157,1,82.67974762930092,7
-1667067557245689564,1,76.93133317014916,5
-2738699732942368162,1,79.9481788657401,6
-5366214851057276153,1,82.22908962030903,6
1913735541002776717,1,78.41229527762442,6
-1860159386795376796,1,65.02220405747138,8
5509836927319337934,1,81.99316441138859,7
-4980848367042297652,1,81.84489912103642,5
-3565007547240259543,1,78.41229527762442,8
-2540822501399275666,1,72.37913820267552,6
-6953233231888007275,1,67.72296133725266,7
578579142644842913,1,73.84343295345693,5
-3365247940379657408,1,72.2663669059,9
8664979161994844724,1,81.19094190488019,10
-4887200502856444564,1,84.56620518603867,6
-4670358332103076641,1,80.34993343193452,6
-489092157278681694,1,78.86982183268475,5
-2804093176701755630,1,79.00657614055642,6
-779369765088713610,1,79.54692127422372,8
-734351787779911925,1,68.10977381717015,7
-3315920874493158573,1,69.68506039957225,8
6898313232331489738,1,81.27268467091551,6
-5497941721373096468,1,79.7403214280522,8
5225123567159175609,1,76.18302665304292,5
-2428217092659826863,1,80.9982185159569,7
2872054955806177544,1,79.85843734943484,6
3592083183851378335,1,76.29688574039194,5
-6533106520309248330,1,82.38092279445229,7
-1743170915338625812,1,81.80563979793956,6
8019856802875012518,1,70.49566701776483,7
-7117946390866309452,1,81.86638045117577,6
7808771329016022727,1,79.54707364387659,5
4747062138829996260,1,81.99316441138859,9
8509343287673118292,1,77.17382676186249,5
-2528347804847749626,1,74.66095452816062,9
-7368860195357042153,1,81.80563979793956,6
1364815488008156867,1,76.66952620298261,5
-5759980429041998476,1,82.84141951191175,7
-7568821590778557999,1,81.80563979793956,9
1191609464091686039,1,69.07183851977992,6
7717860787073904567,1,80.19472609326563,5
-7453657122972309334,1,80.04252127946026,5
3107489906727935728,1,79.93253946135209,6
-5572430132708246683,1,68.26700139345903,6
-4281068146235841431,1,81.23596967746401,6
285555619353873738,1,55.80459968648169,5
-5002851195086774671,1,71.7393299883721,6
8431069704327897939,1,78.41229527762442,7
-730434141913483982,1,78.41229527762442,7
-2152753242731468670,1,74.60727301223022,7
7330886747848230058,1,81.58942191839053,7
-5834195122914927471,1,82.04011625815662,7
-1242637816883430141,1,79.9481788657401,5
-4205118723295953484,1,70.10088212741357,7
-3294062939291324671,1,81.99316441138859,11
-5868742368320163892,1,81.99316441138859,7
3379982049252536210,1,81.43538478604782,8
-7003965975186978781,1,80.45938760711321,7
1444697416357018693,1,81.59875442216253,9
-8960718244082610472,1,77.7033101370858,6
5526597853174678472,1,81.20853521035235,6
-4110584255830552569,1,78.41229527762442,7
1590194633735686902,1,57.994233445604785,5
-1073593497073020048,1,83.17051388752009,7
999298659147828123,1,51.45010836720935,6
-1805723724022117759,1,80.06137228367155,5
3223605858827437025,1,81.60822794133738,8
-8161132950728585685,1,82.22908962030903,4
-7826935993409019947,1,77.28212546537974,5
-6636343077015437732,1,81.80563979793956,7
4147710753685377315,1,78.41229527762442,10
-3717156884408871589,1,71.91590113915922,7
5907595453017515658,1,80.95508937036789,7
4462973262047130060,1,63.37351869477798,7
6007651025063758988,1,69.56505720031232,5
7683843760398734380,1,71.00670375711219,6
1021456703259204968,1,77.0394443207149,9
-2440880529397853239,1,70.10088212741357,7
-5187934608004567169,1,78.13667268703485,6
2678561518878223114,1,81.43406643461172,5
2317398226199563365,1,71.55951886455009,7
5708528262744826713,1,75.69497658676543,8
843390795681175559,1,81.05215379162455,7
-2562529640480130802,1,81.59324105668841,6
-7054439184149183873,1,57.34490949226526,7
4345449801623056735,1,79.25029841810388,6
-2692892644207498581,1,82.83726860062569,7
-6011302305504056977,1,80.00648889389889,6
4097607024188580887,1,80.05750156734014,6
4445027675533062218,1,76.93133317014916,7
-2320201487302125685,1,82.61880628589532,8
3942589005618937458,1,81.5067117214743,6
7219548267079288109,1,82.89627313303774,7
-5271918739472150011,1,68.22610359469654,7
235283426819514313,1,64.47284226824767,6
-3957033638617344488,1,81.5272715651735,7
-2951239564048090927,1,52.837833324312165,8
3786894427446067659,1,78.00913860293565,6
-3142608052235883042,1,57.41251217756568,8
-1953038377290516285,1,62.982841076264044,5
-6951784192846327845,1,74.47158446679971,6
-2841277206184503954,1,81.96973120299523,8
4228922453149969389,1,77.47737059685164,5
-6235564425149093132,1,84.74781513207991,7
7350787202675599337,1,71.99014889107411,8
1962407227833824500,1,76.40014315307008,5
-7082971092567701577,1,55.08440522920908,4
5292491096381215407,1,66.52778410880622,6
-1198167833728655105,1,65.62001403315107,5
2070301201845598902,1,75.20525349741452,5
-2628595655216872352,1,81.80563979793956,6
8826737883107834851,1,72.2663669059,7
8537518710786035680,1,82.8125042154199,6
7010750485758352505,1,62.00483329600262,8
5930372271266160059,1,79.6604531238375,8
4088776451609124695,1,82.38092279445229,7
5594088437547362902,1,74.14904685411987,6
4331287058910655312,1,78.41229527762442,6
-699835973391922418,1,61.421281374485666,5
8091368228771358334,1,76.5089963946569,6
-2753849164334768886,1,68.55703196966913,7
-6962525919175122073,1,70.94366012406957,7
-6322448055368660344,1,82.78633192760525,5
2357361054250948034,1,58.873500643603215,7
-919273671499093678,1,81.80563979793956,6
-6037160916238432042,1,81.25793039997644,6
5367234912284473211,1,79.34275110063764,6
-2878213498858985154,1,72.19687411271461,7
-6673630672536417550,1,71.3668718097014,6
9137671141568190005,1,80.24551773425287,7
7086150758781445627,1,82.83726860062569,8
-7659541793563859498,1,74.09968971703033,8
5095294290873398556,1,78.41229527762442,6
6247716390366998956,1,82.12894969894413,7
5330896459311745365,1,78.44162950368306,11
-5503085801401094112,1,81.99316441138859,7
4543030005091818249,1,81.99316441138859,5
8649190968921817161,1,79.5901350766877,5
-3271383684526303196,1,60.108651549208645,8
3898169661328247694,1,80.43352249339104,7
-891160053019773245,1,81.99316441138859,7
-8337467543315793089,1,78.1857096300136,9
-7045739806605498138,1,80.71375588117924,11
-709594254528282577,1,73.81934921711165,6
-815973486259654584,1,64.12478424153888,7
-856654977814579996,1,66.44025973543334,6
6521196501131848154,1,77.90681450249369,7
4512228232197696726,1,72.66717956993669,7
2123229000890320070,1,57.994233445604785,8
7314660245166724122,1,79.6604531238375,7
-552467220318493319,1,73.74279485269939,6
7795297517310878088,1,68.16327473164874,5
921056222718366930,1,80.56971211411299,6
-6967243454366534486,1,83.11296129404657,5
-5849682761052784161,1,65.98586474032966,5
-2531208165794657575,1,82.66628466946881,8
2027548876756782696,1,81.83058169522623,6
7151464228256231341,1,81.99316441138859,6
-8348970255308627272,1,72.83243219023569,7
-764865219338891523,1,82.21282996102282,7
-2498431943961521881,1,78.41229527762442,6
-2816736333133621568,1,80.57887723386696,6
-4259142869700725440,1,82.44143466427582,5
-3478913185664498582,1,79.21674413576712,7
-6121717581130525390,1,74.3917936836333,6
1506532557008636162,1,80.53006449117771,5
3437373190177800504,1,76.19271141622582,6
4787318214029353325,1,81.80563979793956,7
-6412371366930336495,1,81.80563979793956,7
5274128146858398555,1,82.14074197377774,6
-3074882867764621840,1,82.54030158894093,8
728164836213506959,1,81.20478816997297,7
-5255593851436639667,1,59.06693598800108,9
-5596115448183486304,1,63.88597556042407,7
6372034292713084966,1,82.83726860062569,8
334350341326221509,1,80.39764161692624,6
428182069593316118,1,64.2884231580571,5
-6224444410374918568,1,81.80563979793956,7
-7730797950676435146,1,81.99316441138859,7
-735205915299783071,1,78.41229527762442,6
3107966618285041891,1,82.36455153941367,5
2274059735212125814,1,76.64907444116714,6
-7413366492145825965,1,62.32839436600563,6
4590402614839296863,1,66.56047237135242,7
7168847024304906874,1,82.1756105318038,5
7923788552985896476,1,81.81068700170421,9
9131007611484664423,1,74.13125768883944,6
-7868308664705045749,1,82.08733582402232,6
-4460458426541934495,1,82.8944618445957,8
4120509786699224592,1,53.72190815114336,4
48201786616812074,1,71.08951051453747,7
-8125558423744512917,1,81.20853521035235,6
-5585539062729713596,1,81.81111029348317,6
-2543832639490898155,1,81.80563979793956,6
-4708495366835015762,1,83.89933297485025,5
839547190647856916,1,81.80563979793956,6
-6073060698944306604,1,81.24545527992375,5
-1101816830102559609,1,72.80022374944647,5
1697991866698030354,1,71.81689744204925,7
9172003210839078510,1,81.01019268455799,5
4173788315033141060,1,81.20853521035235,7
1143317182563864432,1,81.80563979793956,9
-5661814246170868732,1,81.99316441138859,9
-5687260239070204687,1,82.77506324550362,6
-7699155550385264029,1,78.41229527762442,5
-1791617746471776604,1,74.89368272504964,7
1132255060603629703,1,75.94089875532995,6
1628596107015018290,1,81.23598393213535,7
5002177674935557083,1,69.40214710480083,6
-4741765110177366338,1,67.23635160012066,7
-5117259395353409701,1,83.05617958872152,7
5303797083874796107,1,60.66675470566873,7
8099376039148520174,1,75.73721274830211,6
-4596089979614359383,1,82.98324668228649,8
-1206353367988894834,1,79.30830605155872,7
-7952271381588721862,1,78.41229527762442,6
-1840485140737537946,1,81.2854099946313,7
4284218842143163598,1,78.40910181420062,8
-8254162320629980052,1,83.92493650722535,5
-8429120076574204866,1,72.2651689323694,6
4984639696177617973,1,81.99316441138859,7
-3596864119554896100,1,83.02005985515596,7
6674713812958572957,1,82.04555974428352,5
2320167713860853017,1,64.50225948980041,5
467753548392550573,1,81.80563979793956,6
-984031559908419589,1,79.93174265237167,7
6840588590829233547,1,83.11404576459222,5
-7296640809726307172,1,76.93133317014916,8
-1379980274360163008,1,60.93298343192878,9
5112432004742593961,1,82.52018752027324,6
-6161812391159648027,1,78.21538217455347,7
7742748478012048950,1,57.37625031079495,7
1845108029810209780,1,75.20525349741452,6
8742357699829969144,1,82.98021076369272,7
-4757645048713308877,1,82.17801837780638,5
248627124323809894,1,63.34445302506445,6
7690680338973316466,1,79.52345687701573,10
6363908240105049107,1,76.15139076080402,6
-399904297417564257,1,73.07546128894569,7
-896339680327350728,1,72.96577995410023,5
6272317711834640943,1,80.04252127946026,5
-2473369505599143245,1,81.80563979793956,8
-8979331750231622161,1,80.27419151268356,9
6247276791090366238,1,81.20853521035235,7
-4190165118472617822,1,81.24545527992375,9
854575133086337386,1,63.8050245890898,4
5716270445893492703,1,72.96577995410023,6
-951555966450398753,1,80.50125122220634,7
1308059343076269690,1,79.85611576340318,8
333347821126603867,1,64.50225948980041,6
6255322062961303520,1,60.74944906989379,5
8725989674978215487,1,73.32196859656126,5
-5598368816383738699,1,82.5790620191284,6
81507750979058751,1,81.80563979793956,7
-3175379704786760890,1,71.53988677422011,7
-1453433699002081446,1,76.99332116447694,5
2993156061787709447,1,81.76556384739882,9
5293961046798191591,1,79.7690926151062,7
8202099087603815014,1,72.84859120271831,8
-2304570005584535812,1,79.9145070938019,7
4774670197825298168,1,84.52590220184474,5
2437989312777046205,1,65.11660613048954,5
-3098976541115711955,1,81.99316441138859,6
-1798939718483503364,1,70.94366012406957,5
-1561006643233470080,1,73.89508041981789,6
-239914617339746523,1,65.16218884174953,6
-8519116037607031043,1,79.62714005976008,7
-5060439860121431477,1,77.83219567598857,8
-3185193334828450771,1,65.57161832072428,6
7676157335611464046,1,82.84437604863982,6
5070278191949892542,1,81.80563979793956,7
-2392489250290641062,1,72.58607104768338,5
3241293540304774739,1,81.20853521035235,8
9042468273101614955,1,76.68589526030816,7
-6209563940453260667,1,78.44162950368306,6
1343156258408643166,1,67.52781549519548,7
21711224931808467,1,83.06562840923996,6
6894065445392635143,1,79.9314555624219,5
5319306442779638492,1,75.60968909050348,6
-6937501514338801955,1,57.916367386484765,5
2407553833083496085,1,70.34840867211051,6
4311434285303336123,1,83.53143724299136,7
-1202690655950173528,1,81.80563979793956,7
3386396471854597317,1,81.74507382035802,8
-6180591630269631626,1,81.99316441138859,7
7649283607790451795,1,79.49000532979288,6
-3866513169102281764,1,65.18305085970114,8
-1508452438241900034,1,71.81689744204925,4
-7384080954244831380,1,82.53208774788177,6
-1849311176379030041,1,65.59516830736192,7
-3162636642216724951,1,82.60198081259661,5
-4391788494478898345,1,81.18603985924709,6
-7715724854232633697,1,83.21427768980207,8
-2485598667173090693,1,78.41229527762442,10
7611982559926503422,1,72.68734058487524,7
-3880768033572145817,1,78.41229527762442,6
6882796321146783221,1,83.9101739530866,5
1843098861750945163,1,71.75636528887279,6
-7323065802521980897,1,84.3560147908269,7
7100787166912641370,1,81.65037123358275,7
-2906544481519644931,1,81.05215379162455,6
-6875922264564318881,1,81.71596867680726,8
-2027364872727037389,1,78.06931480200957,8
3739401685110727905,1,81.99316441138859,10
4126222847636335096,1,80.21421353848125,7
4286308669240489522,1,80.31638166531849,5
5758711110555281844,1,83.38337332114023,4
4181977697674012700,1,77.69785413308313,8
-6664859780770542635,1,80.42314610505764,5
-4823118674167326041,1,82.91730648137822,6
17917004926495302,1,55.60590279709831,6
-6345024689996077977,1,66.34815445390419,6
-8548577310744413246,1,81.99316441138859,8
2028304220498451413,1,74.63670217862843,7
7203946678638803074,1,79.71708445042377,5
3532947027989803607,1,82.38092279445229,7
-6348557226159805139,1,80.60511602850421,5
-5385496299137866759,1,82.8049298691932,8
-7949246868204300421,1,78.41229527762442,13
-3376417024453940222,1,81.92479053217511,7
8168354342932800437,1,82.61652956463182,5
8456093915121733838,1,65.41536984923916,6
4379343111873524693,1,81.39963713281938,5
907287579079542483,1,81.43827568665846,10
-7219906740788477928,1,81.80563979793956,6
-6567890915955533963,1,71.20759683926278,8
5445666400731516960,1,82.22908962030903,6
996089873313501927,1,77.59389191198217,7
372021481961822917,1,75.65885609273472,7
6094837981592248819,1,60.934365244086024,7
9305098256295858,1,81.99316441138859,7
-4795649820336631411,1,70.94366012406957,7
-2186746481333247740,1,81.99316441138859,5
-7944023303516773862,1,67.81559358250065,7
6031977400415327548,1,74.84794953477709,7
-8516165589394220397,1,79.3114494985378,7
232664088259764773,1,78.82341381918201,5
-5804250199614214468,1,80.27419151268356,7
48846074374210633,1,64.08356981767804,6
-8322241385044895415,1,70.3986942806849,7
-8952594815183624642,1,62.42309211156034,4
-7368632566626709730,1,82.26225934225509,5
8811588706140462516,1,83.70729065249628,6
2212529696607863059,1,68.27183069030909,6
9078613806020022049,1,79.54958310859588,8
-2390137217155304575,1,82.13173070568763,10
7852025594909115100,1,76.08620457340974,7
1475233524828090532,1,81.34137760456412,8
-6783056447845786711,1,76.88934949178572,6
-3411198887276146751,1,73.55069403890204,9
-7076947808419414318,1,81.80563979793956,8
4701094121253884727,1,79.25075095814726,8
-1476378614973384260,1,70.94366012406957,6
6987622395193413204,1,74.40201586189714,8
-7952610792160802203,1,72.25247572135407,4
2073855118607323381,1,81.80563979793956,6
-1380188113581709272,1,81.99316441138859,6
247952406946273644,1,81.80563979793956,6
1541940825334827589,1,73.98509871990511,5
-4007892858123994793,1,78.17704239471021,6
-2385243005005605164,1,82.22908962030903,6
7306318843028600035,1,78.59806021998935,6
-4978199217734470537,1,77.08766473164097,6
-349486878756927680,1,82.32224492730197,6
3713506896404468831,1,73.453409075082,7
-6577310853071469419,1,82.2599007966738,7
4438545148611283899,1,81.73797924235105,5
-43818388716095555,1,49.21650699456276,6
3657913243109150306,1,65.14533447137039,5
2576360884323654666,1,82.12547941334255,7
5949899496736926062,1,74.99716421476577,7
-3995834414787583724,1,59.06693598800108,6
8140188618801791444,1,57.994233445604785,6
7005793940609456224,1,80.54505286831981,7
-8528061011092062487,1,79.41448544865641,5
5290247190829252070,1,80.89658005478337,5
-5639784830929073364,1,77.59389191198217,6
3640130848431757388,1,81.80563979793956,7
-403791576847188204,1,78.2355384656871,6
-2217019760945074465,1,79.06378837956782,6
-6603560940861767509,1,73.77808060861325,8
-4584471942721330775,1,74.81449568854059,5
-5605094586322497262,1,80.69672047968635,6
2034649434096511377,1,82.98611462502986,6
-6843012136725315531,1,72.2663669059,8
8504183877526910857,1,68.26753359873845,7
-8394433977511663663,1,79.85169185434444,7
2453507254025677545,1,80.43352249339104,6
2637988720224148750,1,66.80845972359987,6
4818571790297253202,1,60.727785109055404,5
7690061488185475955,1,75.93994149996392,6
-4263223632138607662,1,78.05899838821897,7
2588554712273898837,1,57.994233445604785,5
9185700153769362166,1,64.84481031256524,5
6374585340674666961,1,75.0745592285557,5
-7381172007808126114,1,76.7605480721024,5
-7035191607963822076,1,81.80563979793956,7
7099980500777027535,1,70.94366012406957,6
-6039163408774633054,1,83.46414783914555,8
1872581436537162380,1,55.80459968648169,5
-1623836438638865668,1,82.69596081473951,9
4342737678901283870,1,74.75619359627011,6
-1855813955877414548,1,62.00483329600262,7
930768961838304913,1,79.47038174586442,6
-7888560722461179740,1,78.59902061496983,6
-5064042375502357342,1,71.99014889107411,7
-6128332590347145409,1,77.04404580647169,6
7950949425400937886,1,72.17550735913743,6
-4750171220900682681,1,66.72212682148613,8
-3527267444546286817,1,73.59342618579282,4
-8065353872855390085,1,76.15139076080402,6
4131677074838134463,1,82.37090210642322,9
1269149644376103291,1,83.27073501843128,8
-1304534837288021208,1,83.32753777999008,5
8192816078384267476,1,82.44979377687262,8
2998594516170945525,1,76.8749155561527,5
3674999994561903668,1,72.83243219023569,6
-4654803661240064322,1,69.63552087511034,6
-3826592556544290900,1,79.26006639019197,8
-1495789972036918224,1,74.58189173446002,10
6168574571147013221,1,78.5212559751323,4
-3686432972571177086,1,77.69785413308313,7
7551113798822030177,1,81.99316441138859,7
3451063197127828878,1,79.06172576110752,11
-113665081102819464,1,75.31241716541673,4
4964314130877584031,1,83.39819221586534,5
7723587357112890729,1,81.72316833255908,4
-755134703313103936,1,78.41229527762442,5
7106176937462050869,1,82.53524147900156,7
-5658794272112820669,1,68.01468109994691,6
-8296655389634789847,1,64.50225948980041,7
-6551017258604993048,1,63.34445302506445,6
9196142170571896502,1,81.99316441138859,7
9136597326430419517,1,81.91258428210419,6
8211391677131267910,1,81.976059666818,6
-1118767648181009470,1,77.09325467822678,6
8805336423896295485,1,79.44637845772903,4
-1481491921227595833,1,83.66971560363409,7
8350331886779413888,1,69.7523706293133,8
1928264166091827560,1,81.80563979793956,7
3185202019579234946,1,82.98020289875022,9
7874722061281066199,1,75.51533796945446,6
-2988402199974941720,1,80.3625914329849,6
-926317950273625752,1,81.80563979793956,10
-1211845149305026860,1,79.46055804998714,5
5062898872956960161,1,71.46639351464486,5
5665893223556067692,1,82.59990599269182,7
-7214972573560147397,1,81.70589420609605,6
3506772758530306034,1,77.71878591964015,5
-3898470216634323891,1,55.27667368462309,6
3693851478135714129,1,82.38092279445229,7
-6433936557969168964,1,81.80563979793956,6
7441433953116412520,1,78.44162950368306,6
-2262969025519836586,1,81.80563979793956,8
-4063649803821825733,1,75.58111077162863,7
-7255691468685227580,1,82.21869220498824,7
-3524754768024762020,1,81.78732820068345,8
2191558077023153856,1,71.79697760857962,6
-4933463932359625931,1,81.80563979793956,6
3363860247728509718,1,82.4088208577894,10
3987106899864752955,1,83.15458061272167,5
-693785275542981263,1,81.60954915906949,6
-2807674543711697544,1,64.60515331454079,5
-2352070246402942918,1,79.89199443625711,5
-3246680894463177836,1,72.37559913404519,6
-3269410672444798539,1,71.63841059948462,7
8717104455512587202,1,76.91099681453129,6
4313713758332464714,1,78.3847056552327,8
5110769170745727939,1,78.6964333273987,6
4713149479633689482,1,75.37920211624078,8
-5787892507451449692,1,80.74770524175366,6
7389599618091152516,1,75.08738254836533,7
1367845673806967031,1,68.27183069030909,6
-7045809083788656618,1,80.66261160031422,8
8857957023667677443,1,81.41442026474843,6
8821773735532765764,1,81.99316441138859,7
-593429979665084308,1,75.20525349741452,7
5338558861671735656,1,75.36678781123658,5
-6211944459713905202,1,79.61581585798149,8
3958671394041759188,1,66.80942168581603,6
5291638341062426817,1,77.55372510155135,7
2643653786012002642,1,72.67036186837298,6
9153000116625783087,1,81.58942191839053,7
-3378180331924887840,1,80.04225480141513,6
-6521688683007776121,1,67.20838005353336,11
-6998420514670971621,1,73.01568428687946,7
7382734264274952140,1,75.0745592285557,6
4602227960543636998,1,79.80136907752956,7
3449254563628939314,1,64.50358754935823,7
5381539969369911815,1,82.30731986427924,7
-1310061835555761626,1,73.93951459352986,8
7237459341163029172,1,82.38092279445229,6
4738566279903379334,1,81.86239755185912,6
-4154210318990712371,1,76.47465105839524,6
4506370783619252594,1,81.3979684976786,7
6950579461255963919,1,77.6382234004497,8
-2545866292909033216,1,65.70138259497209,5
3238912129423293608,1,81.80563979793956,7
-7278064710344603466,1,68.75555807545784,6
-6362288865299468274,1,74.56769961627535,5
8012073121127853771,1,66.34815445390419,5
-6842989813529257155,1,81.24545527992375,5
-963872017918043146,1,81.60037633614098,7
-7743507218649661757,1,81.20478816997297,5
-5420261532904111459,1,73.3228094126969,6
-5527347701597533393,1,81.80563979793956,7
-3317879531188676573,1,80.68516472350802,7
-5429200494790410400,1,77.69785413308313,6
-4317421942887513339,1,71.91590113915922,8
-3154420706360314079,1,74.32402944380294,5
3315539576033894546,1,81.79278129340172,12
698321316511605871,1,61.527222346563086,5
-4168132989038979379,1,81.80563979793956,8
6128585213196811248,1,78.2300532182817,6
5389355473233177930,1,74.56674163770619,6
706472480901161359,1,68.00054617244633,5
-6322480444393542175,1,81.99316441138859,8
-2312560171948772413,1,79.77353449314995,6
-6928058632529597738,1,76.3554096681048,6
-4197100346635131711,1,79.5137835542207,6
3867556593480725696,1,80.19135706265064,6
-6545653285391920340,1,81.11929155603963,5
-8519607163124001781,1,70.63995560027341,5
-5888892519760513244,1,82.79896807027193,5
1321155863844427047,1,52.56412761928591,4
5081785069639988138,1,81.81854218230873,6
4776485803340846876,1,57.185082537932274,5
-4050773869687775665,1,74.40201586189714,5
2236611299165810077,1,72.2663669059,7
-8458334211040183051,1,74.76083328014171,5
-6421076882425591887,1,78.20045998279586,9
7023125231340132393,1,82.66628466946881,8
-4887014745220882688,1,79.49407425550375,5
8873596184862463254,1,78.6964333273987,5
-4817156562472137489,1,79.46764216879724,10
8530570283282157626,1,68.26753359873845,7
-8650445905489612979,1,57.994233445604785,4
3854196735115526472,1,82.22560119354573,6
769223825795326523,1,73.32196859656126,4
1579280082339735252,1,81.80563979793956,7
-7371006478540057289,1,60.960238104550065,6
4395440384694967885,1,63.28807271424091,5
1285927484899081721,1,72.2663669059,6
-3069185867499991159,1,81.58942191839053,5
3655928244334529386,1,70.94366012406957,5
4151457444320734787,1,70.94366012406957,7
-8921767994247634359,1,73.12758782218924,8
2666416941026712277,1,78.3847056552327,7
-5042503463012924544,1,65.70138259497209,7
6320463931557286004,1,79.99801279559051,7
-4863280281337103599,1,69.80703162057411,8
-973768972293458408,1,82.87516227994965,6
7288806806555332421,1,81.94214139732425,7
-5347400977984670880,1,67.79984158344259,7
-8198024409254222606,1,79.21674413576712,7
-1880624250486497751,1,81.25119746379993,10
-7847710371817250873,1,81.80563979793956,8
-4107178556801982066,1,83.65775205714434,8
3901997649930400184,1,59.57686762995006,4
-2961903832770685721,1,81.41190595223009,7
-3772606997880818754,1,74.89368272504964,7
241540083240464273,1,80.06137228367155,6
2714015286907845703,1,78.06726235811871,5
-4426997276432627994,1,80.99010909110397,7
4711964679423882071,1,82.69625945321032,9
2378825265470042129,1,63.06231093203484,6
-3375470478225199655,1,82.28961555121015,7
-3565334264051618857,1,82.22908962030903,7
-8224968218351630757,1,65.12669641321578,9
-7850653210623658035,1,71.91658538437065,7
8847272133883821040,1,81.99316441138859,5
-6258942844846177499,1,74.18321527847093,6
5813818692312765241,1,75.67231260043073,6
7856244348835737859,1,79.9591161092469,5
-3777299648097192536,1,82.39863138895431,7
7450394370802737168,1,64.78834212392634,4
-6435184488647621900,1,82.50257336568409,7
357726708731665296,1,82.83726860062569,10
-3604338158223366436,1,81.20853521035235,6
3140262350474129938,1,82.78963926853278,5
-1455293200713438709,1,81.99316441138859,7
1242902672434324284,1,75.0352971773633,8
-2093895256462600547,1,62.00483329600262,7
3599846812511274113,1,83.28400670658054,4
8664023792994860500,1,81.76706590303432,6
250456880593984394,1,81.98376381061276,7
8962049208717948183,1,64.50358754935823,7
8258378547378802301,1,63.905734262236045,9
8911050563402729850,1,81.80563979793956,8
7740207236512815474,1,72.83243219023569,5
-7374422514970076718,1,80.23129057588392,7
1980275350870803148,1,76.08620457340974,6
-6273940965346165388,1,69.86209706969802,7
-296985079707004611,1,73.70512792441747,7
6119697984879060461,1,81.68310574525256,6
-3565845390478727595,1,67.44922863737435,6
9190907501129039633,1,62.8029338771895,6
-3796362524967674117,1,78.89387451470793,7
3809514327040677292,1,82.24839974375594,6
-4546806507424732896,1,73.32196859656126,5
3664042723688763263,1,82.90488590222856,8
-3670899184380836244,1,79.47877663984404,6
6140341131007172396,1,80.31810290979962,5
5190477093639869123,1,81.80563979793956,8
1729472939342041618,1,81.80563979793956,6
8410563694605818941,1,81.09140490873266,5
-386551482071506281,1,70.9867810353715,5
5050222917609920032,1,78.73799637103659,5
-7755369126793659720,1,80.66331213658066,5
682973214597984107,1,75.56914278192325,5
-5262266930523233451,1,78.27648717596126,8
7473141444326393053,1,78.71621792691792,5
4973024150467911072,1,78.6964333273987,7
5034120986821741302,1,70.35184232932298,6
4785482563925203528,1,81.58942191839053,6
6729242865509391554,1,81.01001315963289,5
1210583257638707581,1,76.286291983375,5
-3900861776452561914,1,55.285150276275616,6
4245916523954435715,1,59.13079359567226,7
5928454333133371093,1,81.34986586200485,4
-2140513526687384407,1,81.44753227064074,6
2843558744781827565,1,83.40549034444281,6
-8712562654769221635,1,74.32402944380294,7
5492453899314699641,1,78.74306220806541,7
1327225199176722517,1,74.34829019383437,6
7093137547980550664,1,71.08951051453747,6
-77924805361858553,1,79.85169185434444,7
1004006460920509263,1,81.80563979793956,6
6853824858817059358,1,79.45055236238125,6
971335395612780691,1,79.91320507180751,5
8006049774412973787,1,70.78390984631064,6
-8901698354024630837,1,81.99316441138859,7
5692451319555797569,1,78.27648717596126,6
4885497936410436865,1,81.14208370571717,8
8080319009856354087,1,81.80563979793956,6
1542746918529506683,1,82.60070358036134,5
-1510428808570483109,1,81.51675786571755,7
-6604032244446778670,1,64.0339828204975,6
7515109553747765746,1,82.93935991108353,5
-8416492612659573101,1,82.98020289875022,9
8958480620728079372,1,82.47311259181761,8
-4980098998937027896,1,72.75941351684699,6
462688064819321820,1,82.5585958630277,7
-8774525622025853474,1,80.5556634578905,6
-2575122770085570,1,72.69348479443867,6
-878991091569969359,1,76.89678360938596,7
-5298122863468395486,1,69.80542943358459,6
6876243425803337454,1,66.20052268306462,7
6652192529584986350,1,82.19828694290078,7
-6450242033282273641,1,80.6260075758618,6
1541518155925432107,1,79.92544702038583,6
3759958152169847056,1,80.82780040946962,8
-1824219842431481601,1,82.438771415108,7
-2700114493716972956,1,73.99850412481845,6
2456685168061071055,1,81.78529286177348,8
6230385006953472147,1,81.59195335481586,7
-2446826397581980315,1,81.18603985924709,7
588108637536179222,1,73.32196859656126,5
250933998030793781,1,71.46639351464486,4
3021348180071081336,1,73.97351660632768,5
-4037777884692577711,1,72.2663669059,7
-110722903692008432,1,81.80563979793956,9
-2222860202152464834,1,81.73950573752354,5
-4470381785901370047,1,70.03979674943761,6
1800718318107732448,1,78.34369556814002,7
602578092594198925,1,81.99316441138859,7
-4060612579778131890,1,82.53322370180636,6
-6509191780610125469,1,79.75975321561282,7
-8147209475743816379,1,76.3554096681048,5
-2136023484365544886,1,81.99316441138859,6
-1512401860971115872,1,65.33211819804028,6
-8615618122530573491,1,81.99316441138859,7
5491898328495714208,1,81.59378486231158,5
-1124833489788918408,1,82.54582611942473,6
8772597222478204113,1,81.26421431115047,6
2760296666042268566,1,74.88177033086747,6
4633084837104094099,1,81.20853521035235,7
-6861678887027436362,1,81.3364745765506,7
2312587790277175825,1,81.99316441138859,6
-4429472058957083548,1,78.5724737704908,8
6693314673223715568,1,79.0980148692656,6
-2302335225544175704,1,71.99014889107411,6
4972333917294422959,1,79.62533875134663,6
-2039450801269089898,1,70.94207585409866,9
-6768807302554632882,1,78.41229527762442,11
4154917572866777188,1,81.49690524973637,8
23680804604775649,1,75.19217654008901,6
139970978124641960,1,66.69026855954533,7
6631372028917370846,1,78.41229527762442,6
-1852293779807621393,1,82.49435767041315,6
-8891749477277853901,1,82.35985538148283,6
-1719909922327411417,1,63.604506012878836,6
-2595839606955204568,1,81.80563979793956,8
-921336021274993239,1,82.38092279445229,7
1972828565194902332,1,81.75183573159445,6
7349735963320737532,1,77.27763974752786,7
-8332675314510267957,1,75.82278228159323,7
1448965645614087301,1,73.55069403890204,11
4307546783267761148,1,75.0745592285557,5
8817671608181919833,1,81.86239755185912,6
-1273401981945701413,1,73.32196859656126,4
3405446755142568628,1,80.20377115701652,5
-3860546826150620994,1,82.38092279445229,8
-3737874650573307655,1,66.28881550078336,6
5766060011501306052,1,70.94366012406957,6
6577639057671420062,1,74.18431060019343,5
2504865654386285253,1,79.33300117248788,7
-358755208393920404,1,73.93307882157139,6
8993868762534752415,1,78.34369556814002,5
7925315648567379009,1,81.99316441138859,6
8566220992624883279,1,78.3847056552327,6
7811410290960968332,1,79.08008105798004,8
-6554440963498404785,1,76.15139076080402,7
2655187957254316594,1,76.33378201292699,6
7154767272587446107,1,62.44148288962668,6
-8734409590580710452,1,71.48326949204541,7
5900604616817900244,1,82.56914102723276,6
2564610926375275235,1,57.37625031079495,5
7068678329742340816,1,68.49419109988777,7
3334567348890686429,1,78.6964333273987,5
-8039778774066342260,1,79.18230310989775,9
-2384929737129496468,1,71.40478662265305,6
-7070703772322601463,1,81.8780261956399,6
-571534834445825912,1,72.07955524022057,6
-8324176559789817983,1,71.001935030541,6
-1661838253844682287,1,78.82663157280844,6
-1639610441831921944,1,79.75397505729586,6
5906869128788985489,1,81.23596967746401,7
6505894039846926311,1,83.38337332114023,6
-1720862159368729327,1,79.18230310989775,7
-6811924826520944477,1,81.80563979793956,7
-282218444576762954,1,82.44943603117736,8
-585710762807117745,1,82.31105859429103,7
3729283569772351281,1,81.80563979793956,8
7351742368767400341,1,70.94366012406957,6
7136818179841982223,1,71.98301429892254,5
5890810506121586095,1,81.24545527992375,7
6028086841925053347,1,68.26700139345903,8
-4403938998442996086,1,84.17301419630707,8
3872048648182590721,1,81.99316441138859,7
-8697814873007712882,1,80.08146647833524,5
-3138838087189333298,1,67.34097249376367,7
7855768671418643476,1,76.04557250886481,6
-5285034596636230066,1,64.60515331454079,7
1158437731533156206,1,82.91730648137822,6
5634464892410080253,1,82.83726860062569,7
6430628656663650693,1,82.50336626818181,5
-7909510602534807826,1,80.29903615388312,6
2199548899379299169,1,72.2663669059,6
-6632457923145848066,1,81.1086163180392,6
-919216641479568608,1,80.66138829298755,6
6793485917691782246,1,74.66095452816062,7
-7395463863083797897,1,71.40950942807017,9
2245515839890697397,1,82.00488825926907,6
-1039382751770503470,1,79.83889111373075,6
-8852251040893984869,1,78.44256067062051,7
225040531857678770,1,81.80563979793956,8
7556468825371567943,1,81.94742090359048,6
2105373924458178560,1,76.99332116447694,6
-2097461447119023692,1,80.14526797931498,6
2865670302340453378,1,79.85169185434444,6
-3288372769468718938,1,80.31441551751567,10
-8791189758516265195,1,77.09432105018614,5
-8681664094576551820,1,78.34369556814002,7
-8965312193856844492,1,68.19147948928936,5
-3320254591904988930,1,81.80563979793956,6
-5885340142721287836,1,81.4004189650038,7
-8170213862550956619,1,82.85453397231726,5
-2579623446306440548,1,78.73799637103659,6
-9023613379547511043,1,76.6432741671876,7
-7968527484942728424,1,72.83243219023569,6
-445887180847834474,1,75.44210691813956,6
-6685383166330936061,1,78.35751971904482,6
-7065468119610642639,1,77.30001006412876,5
-638123212120077391,1,70.94366012406957,6
-7181515004922374639,1,76.3046165133415,5
-6601274918141599205,1,71.53988677422011,6
-4726990504498781214,1,68.70058998682742,5
-2847724878961055818,1,83.57099431662343,10
2997608422827523290,1,83.38337332114023,6
-8483348517773985255,1,73.88750752939906,8
3584340777342290443,1,71.98976101673065,9
-5353911197631877293,1,82.9305010279794,6
3190922683222211432,1,78.41229527762442,8
-9075529844627814010,1,73.55069403890204,6
-6856473578805789283,1,82.45004484766238,7
7621055511441744592,1,82.8944618445957,6
-1908908485233038788,1,79.85169185434444,7
7515689879528202178,1,82.46489648634324,6
-1921333925726657351,1,59.06693598800108,7
2969293479624283866,1,70.70739061658601,7
6227270225685397237,1,81.80563979793956,8
6700167348400249761,1,64.47284226824767,4
8428396066837466932,1,74.47842866606355,7
-1819271319011234484,1,81.99316441138859,6
-8384487064368862877,1,80.98763417820378,6
-8085297306682957042,1,73.34623913930304,7
-2351070171731538296,1,81.58942191839053,6
-964941354990822170,1,61.421281374485666,5
-4345662886199301326,1,81.80563979793956,8
2573747801405167575,1,57.48182311984837,6
-6619633047929630072,1,70.94366012406957,5
3841769385942995681,1,62.140851454509324,7
2207434584077793445,1,81.44846794398063,6
-9060199458028301701,1,73.32010689695525,8
-5435590982348922394,1,80.64977307705314,6
1359479012528392432,1,81.99316441138859,10
-4393432744035945245,1,57.994233445604785,6
-4348312964146768961,1,82.42546021392755,6
6188463941905308336,1,61.74175177270594,8
-6858215091184061993,1,78.23262276650281,7
3811340710249019501,1,79.33318404563695,7
985137597541372809,1,78.959141986731,6
-408632554734885577,1,78.41229527762442,7
3541441020640345593,1,66.81569538735964,6
-5561831123195989221,1,81.80563979793956,9
6352567363791561132,1,81.80563979793956,6
6434663970099609992,1,82.22908962030903,10
-2640391903130954106,1,80.75218769261274,5
7500140943079466142,1,74.0163403844432,8
-5315930800978349408,1,81.80563979793956,6
-8722568480311758039,1,76.72586284795793,7
7461120529597114970,1,74.56769961627535,4
8999376748915617050,1,73.72833577905433,7
8031123219863096546,1,74.56674163770619,6
-7880280539929717263,1,78.41229527762442,7
-564016996094404989,1,81.80563979793956,6
4130744597372582829,1,79.69205295812289,6
5094901809468815822,1,79.29847105429708,9
-8141534345288912903,1,82.22908962030903,5
8549949121758488400,1,70.46666832645705,5
7541606125795867997,1,79.67310361099968,6
7791444656592419932,1,55.80459968648169,5
-4377718773044986307,1,72.58607104768338,5
-7510989235153398724,1,83.43033524839768,6
-2923960689857201021,1,65.07941934236601,6
-7615219262568236609,1,81.59310775298367,9
3003254813135991914,1,64.14656278814455,5
1353597352427114770,1,81.81741705085982,4
3161889950407597307,1,76.6648675536287,6
-4994698892140037202,1,82.0241818299415,5
4650707687457373772,1,80.85254534355086,6
-4040163946206580057,1,78.41229527762442,6
4748124838600510712,1,65.90864513222101,5
1748203414083246905,1,69.80703162057411,8
-6674743664122514377,1,73.93329698542236,5
-7323210314329638694,1,81.80563979793956,6
6882319259207912621,1,73.58085225605763,8
-830093483821331374,1,82.8944618445957,8
159133525352295787,1,71.81689744204925,6
-1373430681738496875,1,76.3554096681048,5
-640069611143314482,1,74.11267897100807,5
-8659034759336500033,1,79.99840913147786,8
5962843579115307181,1,71.98976101673065,6
727157728193680563,1,70.94366012406957,5
209252653791223355,1,82.09143543606434,6
-8258521154947838247,1,79.06172576110752,7
-3794623661481760369,1,60.18809570396771,7
3447516800817275396,1,78.41229527762442,7
4888749948333247305,1,82.73721106160934,6
7663164334148775370,1,79.94512900277797,5
-7347928643734434074,1,75.50194540875951,6
1667988530382048598,1,79.80245271951536,6
6392463202195871843,1,80.18069278785069,7
-7457516970869167646,1,77.38549536531443,10
4533889465538074191,1,78.09913963447988,5
8890847090585636408,1,71.53988677422011,6
166065867707307941,1,79.93302635765171,5
-4740716702207946310,1,69.99134815568509,4
-4387535012002808363,1,81.54141384730832,6
2998407537937070746,1,68.70485667040434,7
-7297400759942075220,1,62.11118523387286,5
-7864156007933963224,1,75.29786424330356,5
-8953553087975113351,1,78.41229527762442,7
-4802921270910515777,1,80.574880475516,6
999276167666040021,1,81.44846794398063,6
6787188766602335883,1,81.80563979793956,8
9018937233226924897,1,62.00483329600262,5
8790975080160223502,1,79.80536816031318,7
7719699873031145357,1,69.80703162057411,7
-8990626753701434399,1,77.28386188319243,10
3412045404234251247,1,81.80563979793956,9
-433770802142005701,1,60.72518945911805,7
8270171067689246739,1,81.58942191839053,7
8996522235206745824,1,74.17243440154782,7
-409227090833278325,1,78.70053017322573,8
-45861294143459013,1,75.97514686119544,7
-5052386567427796205,1,79.14009405541518,5
-4680253170854412960,1,82.56723124361487,6
-1459534830557660645,1,76.15139076080402,5
-2681751523682031955,1,60.934365244086024,8
-1284215415415808366,1,62.00483329600262,4
9213260782353026100,1,76.10834772597217,5
453469487779494329,1,71.20591169582772,6
64422705708185855,1,74.11267897100807,7
-943193578000459477,1,69.90562639923071,5
-1139969731160179487,1,80.59061355774135,6
7736574786919323784,1,81.80563979793956,5
2015011901628855046,1,79.07460023310452,6
1781554284263251477,1,76.66952620298261,6
4376923162826725219,1,75.51533796945446,6
-3057982289153581005,1,81.4957363521423,8
499087368359291170,1,79.38382191126254,7
2760221501409931952,1,80.98493882307298,7
-6499573506167657209,1,82.27901160468954,6
-4651491358855832616,1,80.24314641321713,5
7458809192828368983,1,78.41229527762442,6
-4697976630940350206,1,83.84764402705333,7
3632407971772838100,1,78.41229527762442,5
-6956041147344590351,1,79.36523053997294,6
-7564263029437331779,1,74.09968971703033,8
-3406454197250433084,1,82.22753393476813,6
5446132515703113969,1,82.22908962030903,7
7075549318247145232,1,77.6200476630511,5
5039809215548341493,1,57.63482982632395,7
5079899533727998797,1,82.38092279445229,8
3598689437503223861,1,78.28549563050112,6
7951030065148304924,1,81.80563979793956,8
-7499776386827781731,1,79.08906015272395,6
-7645243166805437280,1,81.13723610441888,4
2254274471055006577,1,81.32569315085478,7
-2210038114582616076,1,73.32196859656126,5
-717926424137536243,1,82.07369437895291,5
-8431636780146209484,1,77.4878212758904,6
3858921374152019442,1,81.77062705280265,5
-2501156395697016695,1,81.76706590303432,5
4620215818105761706,1,82.72942991934796,7
8090680121043135306,1,81.20853521035235,7
-3756135290270001150,1,81.62608043583278,6
-1231973918024875104,1,78.03000598609526,7
-7091655849021982894,1,81.9332683963518,4
1512991699023132725,1,70.62539742108788,5
6278619931382673637,1,80.84290608512939,6
-1956613815078129105,1,82.63826750036556,8
-8128176819739770837,1,63.8050245890898,5
-7470510765238224635,1,74.40201586189714,5
-7265841630594509965,1,84.59234399286318,6
-1817136919340598169,1,68.26700139345903,6
-3745430165055538314,1,85.2895292225189,5
-8568063258247749389,1,78.86982183268475,10
-9215684342561734526,1,81.75183573159445,6
3733912979650364028,1,78.23262276650281,5
216053137027868974,1,81.1086163180392,5
-6674277570945785465,1,82.38092279445229,7
-7430688674816652098,1,81.44846794398063,5
925030085127141175,1,76.71355850650679,7
-1136085838075496979,1,79.5370804935071,7
438106112998734883,1,84.30820069350665,6
3182711906060236681,1,81.60822794133738,5
-4071290797362304675,1,72.33466886292955,7
63928583314833545,1,82.6456357328786,6
-3502187754584615506,1,72.2663669059,5
6904486601467983621,1,77.23305200859237,4
3145862990008562644,1,77.30001006412876,8
-5608985156721883037,1,81.09140490873266,7
2494041660731968710,1,78.54720865170502,7
5087274252443740986,1,78.66324608685802,6
-5540303674239331767,1,80.19322149818392,4
4011505985691330702,1,82.7822356855535,11
4998874475272787958,1,64.60515331454079,4
1015946760167256754,1,58.873500643603215,6
-3123877619053589293,1,82.21869220498824,5
-1509368847871331171,1,80.04355331912511,6
7344113401182381737,1,69.20176091825014,7
-6496957264915844342,1,72.33466886292955,10
8189429205058280032,1,70.94366012406957,7
-2242697158590667671,1,82.72557670517728,9
-1501027150139637377,1,82.0437463758194,6
450762967513733315,1,72.83243219023569,7
854749321156281150,1,81.99316441138859,8
7085757521489568681,1,80.65806214086965,5
-3214010056386607101,1,74.55317966527224,5
-6975699768128687808,1,71.06251476851835,8
-3773066448843500461,1,80.8086157749456,6
-5206286406355014269,1,68.54260613330837,4
-5067633714088628656,1,60.18809570396771,7
-5168092432397841243,1,74.11267897100807,6
7077568188088214862,1,81.80563979793956,7
-7717406413103877202,1,78.47613034925308,6
6472062791424952839,1,76.3554096681048,8
-7610618950816354665,1,67.79984158344259,6
-951414541549542510,1,76.40014315307008,5
-6056026070624397682,1,80.42158627866037,7
4827654649664960922,1,77.9850990039174,6
-1594609223151958494,1,73.93246528652402,7
2501668997220328677,1,82.17801837780638,5
8100627038078914634,1,82.35118043416219,7
-4315064264855891568,1,80.23893670940485,6
8847982456420143521,1,81.82292934449465,6
8381714909235731189,1,69.53926198730316,6
-1894968472948759553,1,64.00863449062662,8
3415183212134448424,1,82.38092279445229,7
-3196068699689972491,1,81.91258428210419,7
6983238544325803280,1,72.2663669059,6
-3082047270779824701,1,72.80022374944647,5
-8648889008196969614,1,80.3625914329849,7
3266712053737560633,1,82.21586644050068,6
364415433235735953,1,79.35663181104574,10
6773448355965377006,1,83.07667468697642,7
5753959341779465059,1,77.05343906611955,5
1697573172243864822,1,82.86630707678317,5
757717641962995230,1,81.80563979793956,7
1547085671773219043,1,78.41229527762442,7
-5500665341984909492,1,79.00657614055642,5
-4485964469272704887,1,82.22908962030903,7
-2807178568940423210,1,80.61078269773564,8
-6694594733011439831,1,50.813341121426646,5
-233134674025593620,1,62.22195771140232,7
1895214062863531107,1,70.94366012406957,6
2676729016766421227,1,62.42309211156034,5
-3613623828522706952,1,52.56412761928591,4
-2753600329010693071,1,79.96838862582007,5
780432491618560259,1,78.41229527762442,7
-1543755920148733745,1,77.10668526521125,7
7549269245545940409,1,71.94226950215797,7
8611679121217005815,1,79.85843734943484,8
-4662254685070346364,1,74.0771786237485,7
-1946498084395964018,1,76.94578259207505,7
-5971376429128671495,1,70.70739061658601,5
879634546417470778,1,70.04133123087321,4
2888930121008714687,1,79.38187521531627,6
9102539053596964862,1,81.06677704479861,6
-5765231569844138432,1,71.60304757942345,6
-8148251418541422410,1,81.24545527992375,8
-4266111427583667918,1,64.06546688170353,5
2438679853230459609,1,80.2081078367734,6
-8118288111473506984,1,81.42725972715284,5
-2942229649813666876,1,69.31565820820165,7
4680154354761589859,1,76.29568696381732,5
-6860332045835197246,1,79.79781028236478,5
-3400326785918488850,1,81.99316441138859,5
4485551543097901594,1,69.49029811246272,6
7766459489993083853,1,81.24953329143223,7
-4000921425299433891,1,81.80563979793956,7
5693353548819446635,1,81.55389736272845,5
-6649256974008133650,1,75.01091808805108,9
5022100510761332359,1,80.89067757572109,7
-624824630252486692,1,77.0481970165446,7
-1215363265940946907,1,81.05673517711448,6
-9066661611800772496,1,80.48068248498497,6
6038446025191942103,1,80.97323392322947,7
-345065030336055452,1,68.08720515518172,7
-1893183219239303684,1,72.96577995410023,8
2328782048457843149,1,78.41229527762442,6
240646630358570206,1,72.83243219023569,6
2932242959921025972,1,68.55703196966913,7
-4228254270392856261,1,80.49037851789119,7
-5297911902543241219,1,63.49818656609122,6
13186274224029241,1,72.83243219023569,8
-860672014449853202,1,81.72316833255908,7
8336600067102060566,1,81.76706590303432,6
-9216194512146814931,1,64.50225948980041,6
9171123740938918999,1,81.99013591158368,5
-3361968476039366051,1,80.49778716039583,8
4263057384260410133,1,81.99316441138859,8
-7209987547366234511,1,83.72131824722467,6
-1834926212045174989,1,70.64965535129038,8
3370642715857056435,1,71.99721054199568,6
7523090551124871362,1,81.18174609871733,6
3327636513022378997,1,59.30000706722814,8
-193210597734194297,1,81.63381503122687,5
-6933275204306407969,1,81.80563979793956,6
-6497990441806661535,1,79.55187902771358,5
1762865778632012403,1,75.79774007333525,7
-3941363796168523962,1,74.89368272504964,5
1143904273432744901,1,81.99316441138859,7
6514413565928821239,1,81.11027091292392,10
1818370768133737428,1,72.2663669059,7
-1461478223691589474,1,77.40482348121306,6
-4053954653651369584,1,73.81427125159074,6
-2716146321161538028,1,71.20591169582772,7
8096645672143382964,1,62.7497484293673,6
-169285948375499669,1,83.43050095856387,7
5616360049508544777,1,81.99316441138859,6
1513279027735908601,1,67.31983251424928,5
4169443087817896124,1,72.2663669059,6
-4338100494146837657,1,82.1806917159296,9
8442305693996618944,1,76.90149300861509,5
-3089206113429346711,1,81.50804766511133,12
4071490047770102600,1,81.1856130108179,6
7980256911330142156,1,72.79523121178278,7
-7232526800533195026,1,82.17801837780638,6
4359345354051103240,1,82.66628466946881,8
-3198911483409944097,1,70.27716766190912,6
592730581618903752,1,76.43870280519943,6
-2231537829882369053,1,78.41229527762442,6
-995252550205277523,1,81.12862084469886,5
-5243256183843802669,1,82.73721106160934,8
6405870224554059105,1,71.09553591714865,6
2300646341933893484,1,73.20604780227845,8
-6249525508805311668,1,81.92516668895836,7
-6520541501089124104,1,72.36163775212879,6
-2222721038796504854,1,81.976059666818,6
-6909798989883244156,1,77.08189957638562,5
-4578989100374004597,1,80.273572496934,5
-1847003315610168606,1,80.7055050980924,5
2731281155474040965,1,81.83799649195682,5
-1189767714703332705,1,81.11524625847235,7
2833181330857934632,1,66.69026855954533,9
-5095413053226541939,1,78.6964333273987,5
-8318360695663491288,1,81.99316441138859,9
4291949605379790223,1,83.39819221586534,5
2253285446697740901,1,81.68874900647663,5
470556784057779418,1,65.41536984923916,5
-4088503036369288295,1,81.24545527992375,5
2891192728641685983,1,78.1857096300136,8
1547337797760689306,1,74.69749451786657,7
-2387198096798887823,1,81.0618859250855,6
546211866094608984,1,80.13677039983213,6
-9159544662151408633,1,80.67740309078299,7
5828811593574127857,1,70.12225385433922,7
-1618666055743581989,1,81.12348803358162,7
8107960231928675746,1,79.9481788657401,5
7246538191736952854,1,78.23262276650281,7
-2007527823148740673,1,81.58942191839053,5
3687287341063126829,1,73.52721754093956,6
-5010777498790233209,1,80.59216282846191,4
5975157832463388439,1,74.96053968816379,5
4503890803067191908,1,78.44162950368306,7
634574290430119781,1,70.96165997116852,6
4346287189836225719,1,81.20478816997297,7
7626114631838474980,1,66.52778410880622,6
-8961929610716099356,1,76.38639777327504,5
-3870279300380071206,1,72.17550735913743,5
-69932237999940586,1,70.21150827724361,5
6044173645026101218,1,81.99058611402768,6
-8125468449860519522,1,82.34046854598836,5
2383917034570918739,1,72.83243219023569,5
-5383641367320421876,1,62.00483329600262,7
3658443086691896360,1,79.36523053997294,6
-3111974878806297526,1,82.1756105318038,7
-4001267792440794084,1,80.70599496509071,6
-3986112329531314493,1,81.60037633614098,8
3982098791661452150,1,78.41229527762442,6
-4364138868015479936,1,77.22298367317359,4
3704536416202473344,1,74.48371600142976,5
6563119381248497310,1,63.77640191702113,5
-7501833780057394635,1,74.19444188913353,12
9153440130914209303,1,77.07113096868598,8
-7858473802928507723,1,81.55900814810886,4
976887073369325841,1,80.54091699805863,5
5734086403417118949,1,80.69999383340117,7
-1818680131587070538,1,75.0352971773633,7
2103741276988314190,1,78.8116538024925,7
-7260351858754563196,1,74.78411674193379,5
-4378673878338287418,1,72.88220753167735,7
6760911462351544185,1,81.80563979793956,7
340116530122131845,1,82.90488590222856,7
7112831333565860374,1,77.05343906611955,8
-4338875105267930532,1,82.14426591574951,11
5922597477168945278,1,81.99316441138859,10
5212701045922781671,1,79.59071898145389,7
-1647885901114526855,1,77.24140107545878,6
4868967845820211768,1,78.41229527762442,7
-6016513483313705510,1,75.50194540875951,7
4279992824914530811,1,81.8780261956399,7
-7461688423502873800,1,65.57161832072428,7
-1963096907650092531,1,70.27716766190912,4
-1765864304047946757,1,77.59389191198217,5
7661614492866936764,1,70.94366012406957,5
-5539931265072791856,1,79.99647953580457,6
-5679746213754496170,1,82.19845961219184,11
4662022027186574975,1,82.56994267716722,4
3328199825559451708,1,76.286291983375,7
-7914464038508120405,1,73.32196859656126,7
-2249084505717338907,1,77.65742854621891,5
-5673049404874255140,1,78.41229527762442,7
6340988106601642640,1,79.52040177843405,7
-4722118372842957531,1,78.11275686107702,5
-6471936904599096644,1,81.99316441138859,7
5520365642838329092,1,82.47311259181761,7
-5957485776470149302,1,83.65628246354565,8
-4358130451790352090,1,78.54741294036457,5
-7503500562267771991,1,81.80563979793956,6
-5724290430361919178,1,72.2663669059,5
-629735412357919761,1,74.53830771866575,6
-278471918625016532,1,80.67965274844475,5
5883088165133562653,1,70.10088212741357,6
8364615252060669518,1,60.05440542493567,7
6567206288307495995,1,74.01808237765323,7
-4004008649046378625,1,78.22093829051404,6
-1532291855428633868,1,82.73721106160934,8
-5162948384582203071,1,66.66311721072611,6
7249430466287877348,1,71.81689744204925,5
5116526723392830708,1,67.59152451539012,8
2844240200017557821,1,81.24545527992375,7
-5028277639620782445,1,81.80563979793956,7
-1110213645668313137,1,67.68735751666155,6
-6000113278901172994,1,76.17364422110994,6
-7098053702592734814,1,78.29331636828826,6
-3286114343215149406,1,69.7523706293133,4
-4834123046738632810,1,81.56890525323925,7
3327097155133422828,1,81.59875442216253,7
5053376447389138875,1,81.76556384739882,8
-2748262181135980866,1,71.48326949204541,8
-2892210906132123257,1,72.47496472020215,6
-3136474229688252024,1,82.02767554758121,8
-3117780760046021636,1,71.94226950215797,7
5727992403082373170,1,69.39700361281452,8
-6678440916942241057,1,77.35990993138137,7
5662068895067430075,1,72.37913820267552,5
3808513184813654732,1,61.318019642444774,6
-7090471237971566094,1,73.3228094126969,7
-3664399797099198718,1,61.85428513785706,6
-4166415283901738533,1,62.214634339662005,6
-5079497983236738994,1,78.41229527762442,6
5125000791181477597,1,79.64487308078023,5
-4308877101335259650,1,74.46912942547742,4
-1177619323020090813,1,66.28881550078336,5
-8385413698952068139,1,74.56674163770619,6
1765947720460278855,1,81.80563979793956,7
-3902411292867411449,1,82.90328953871031,6
2380089857425982483,1,80.92250108891993,7
-2055630506250023634,1,71.40950942807017,7
-2374957017179094088,1,81.34536503063917,7
-5698386174083166963,1,81.34202539510487,5
-688742176834994034,1,83.9101739530866,6
6837150704717370789,1,81.09865394362535,7
6630436288717065976,1,74.21993693178233,5
-3269593889299592304,1,58.950498340033654,5
-6398398509622329115,1,77.78871771143534,8
-6065612678021150601,1,72.2663669059,7
-1023448499630296842,1,82.66628466946881,5
6743152552782851843,1,81.99316441138859,7
614103533538969407,1,81.80563979793956,6
2804911444230559480,1,76.82790485778716,8
9144358800638916639,1,65.07941934236601,7
-7418599407462571913,1,81.99316441138859,6
8219991842263322055,1,81.60037633614098,8
-2321028626565294136,1,82.35118043416219,7
155176987647803905,1,80.06137228367155,6
6663631778655137567,1,78.41229527762442,8
-5026626404259017497,1,81.92448910994415,6
-1617003466935671944,1,67.04534609240514,7
1258227030074891274,1,79.85169185434444,7
4928140049141308348,1,81.99316441138859,7
-2274564394166086910,1,82.03722893874941,8
8665321246083238037,1,81.04747069629204,5
-2455074122172864033,1,80.5929156559565,7
4652827576605458247,1,82.98020289875022,7
-5453328644015698982,1,82.58110790433489,7
-7230426882849840147,1,76.53530562621778,6
-5594094575784372748,1,82.22908962030903,6
8639753093966748,1,79.76032246399727,6
6711634495607969794,1,81.80563979793956,6
-8727742869453277012,1,79.55742401825788,6
-7524374474165841202,1,71.98442333412443,6
-1429090234263396335,1,77.38449474895783,6
7956317959652753727,1,82.38092279445229,8
4319743981066489358,1,78.5736324411955,6
-5920923104442334797,1,71.58009039681224,5
-7979588543172832971,1,78.44162950368306,5
-1623646873649911434,1,81.80563979793956,7
5087351372652252645,1,76.6984321312469,11
-6117876687987404207,1,82.54780957788182,7
7922837405423542292,1,77.49706627674836,6
5464332172782532042,1,81.99316441138859,5
2293000135569232516,1,79.86304009551803,8
-4283383684697133681,1,82.22908962030903,8
9119914902093891485,1,61.47334039528817,7
-8747730043275616227,1,80.75973905831889,7
6942929803046637727,1,81.80563979793956,8
2042063172454830096,1,70.61137176284653,6
-8084568788293491421,1,71.56324823675618,8
-742200582632429906,1,78.47413385342595,9
-49027898234947599,1,82.8944618445957,6
6132191677398933391,1,73.81402556372095,7
7297468390527554035,1,82.38092279445229,7
2668220190652706161,1,79.254416242347,7
9169887846603633956,1,72.2663669059,6
8232681724518346667,1,82.38092279445229,6
1951275916913748585,1,66.56047237135242,5
-5257985356878286954,1,65.98586474032966,5
-8491316009795725774,1,82.00974417249294,7
3859191541746269130,1,79.67333362364204,6
1604599308389898871,1,81.5272715651735,6
2440176229297440784,1,79.72503787288132,5
5767411579190718767,1,81.80563979793956,7
-4833560377550859640,1,82.38278147699799,7
-4253987754849259314,1,82.38092279445229,5
-973187972557653297,1,82.22908962030903,6
-8866386114034676299,1,80.42910499276064,7
1454406601095556321,1,78.5832259478625,7
841220327507817912,1,50.963849676751394,6
376771663190616447,1,82.50626913435426,7
-2725858488753246417,1,70.5564155519504,5
-9038333759841308476,1,78.6964333273987,5
7080429280357533365,1,76.47431146657745,6
212218878621773665,1,81.53182174593427,6
-6275177928317868694,1,81.0919143077937,7
-8078632319814314080,1,81.44998599504628,7
-4160669734338092744,1,71.12333874596453,6
2659610227737176785,1,78.41229527762442,7
53965645386931708,1,78.79764865425167,6
-533810130914993519,1,78.03000598609526,7
4048384906795734481,1,70.21150827724361,6
3284068050017342590,1,66.09367021271422,6
7665099664495518065,1,78.16510063096409,6
-6409358431787500810,1,55.90282304930569,5
-1668863933440110188,1,81.23596967746401,6
-7366388301296788991,1,73.19150642721677,6
-1319858126081303345,1,82.83726860062569,7
-2210262026392333923,1,60.15040318254647,5
8976563765674739677,1,81.30673458885487,7
1693169318252564966,1,80.7055050980924,7
5922696467864742897,1,71.36221890521227,5
-4448533595900244540,1,71.67287815849132,6
-7064838843762190159,1,83.38337332114023,5
2723002983398799271,1,82.24269624450992,8
6309543785861769611,1,82.22908962030903,6
7733711354409072800,1,82.71650803118371,9
-784016355923707911,1,78.19099783440205,5
-3203907149815809385,1,79.3707029368831,6
-7503055037278345958,1,77.83503362301127,4
-5201385405157542712,1,61.68171519978024,11
-2708448542035511077,1,80.67965274844475,8
6962393286850529889,1,77.84037584667135,5
3944790860999579003,1,82.11582542185232,6
-4481611667886397076,1,78.86982183268475,5
-4475899445195306939,1,82.57950242396566,8
-5077785330607565646,1,66.69026855954533,5
-5172382915852306897,1,81.1274512974812,7
6448208296178829953,1,79.76103300440467,6
8720605608465051872,1,67.6489566185673,5
9149587181013910168,1,80.92411231531764,4
-4805464433220145774,1,82.22908962030903,6
-4969957155708249806,1,81.80563979793956,8
-7168421314852128831,1,81.80563979793956,4
9101603707593358987,1,72.37913820267552,5
3131120472606620983,1,66.23426070288129,7
1355998457873942212,1,81.81111029348317,7
8379253258245070070,1,81.19074525765512,7
-7800867545344915533,1,81.55095563382267,8
-4758007580439307031,1,81.99316441138859,7
3409874739702687713,1,81.18603985924709,6
-2095174813520080777,1,81.99327963805516,6
-9130863217444540918,1,81.84335401907983,5
5246554392265119454,1,74.13125768883944,8
5022930347661577563,1,77.06663058578927,5
4810685459504801454,1,72.50676308924334,5
2635150504105439209,1,76.91991661940632,5
6987850706925693161,1,82.83726860062569,8
4818665256877847792,1,83.5564062602301,6
-5947629040239951518,1,82.15868629201009,7
8971575284311583107,1,67.79984158344259,8
-4585339743843778237,1,79.73889205685467,4
7791567524064410589,1,83.72131824722467,7
-3728548867125248665,1,68.26753359873845,6
-1029080695589549974,1,71.53988677422011,5
-2060056805562807865,1,62.42309211156034,9
3595826330470773653,1,75.21100874336145,9
8870281782927813714,1,77.46555951688023,7
4874510547421749342,1,81.39911688830502,6
-6097882188591665283,1,65.64628174069793,5
3873339436491235552,1,79.13440677339689,8
-1451370178704880316,1,76.286291983375,6
5568079271152213568,1,81.81111029348317,7
-4513141605704956514,1,79.8066669311297,4
-1259399940409175981,1,84.0963696502751,6
2244513520102088370,1,76.5389797151818,5
7895132390247402929,1,81.23596967746401,6
-8739105880423725846,1,81.37998345807095,6
822228824108585731,1,75.4719355302202,7
6126639565797531558,1,79.52040177843405,6
4139943102088743059,1,74.2008817404986,7
-18380882486326025,1,77.89838250636747,5
-3244251056767944439,1,82.50238036589379,8
-3964839675128133366,1,74.81449568854059,8
8134198982106642115,1,75.60968909050348,5
4504214239697119124,1,79.75397505729586,4
-6593534685836250520,1,72.8373369412145,11
-2629296538300995652,1,76.54999686046742,6
-4303361923098678964,1,75.03361236441727,5
-7115594723028951982,1,81.99316441138859,6
947792899650879002,1,75.4719355302202,5
-3683170640233152844,1,57.46247678819436,8
3239554101687786353,1,75.03361236441727,5
2478373379197481772,1,62.68795378101435,8
5977927905116860677,1,79.85169185434444,8
3694064827203290672,1,72.8503852293819,6
-2859734255796988029,1,71.98301429892254,6
8520699794795191,1,81.24953329143223,8
3400415559819253796,1,77.69996869919133,11
-5252604904272542411,1,60.93674512404994,11
-5034042287582537905,1,83.35542155525815,6
-4425594265749229093,1,66.52946267287898,7
-4440480817482695699,1,74.89368272504964,11
4207810717344783202,1,75.86819410394861,6
6971665841936848118,1,60.40761458738616,6
-7007111749515821964,1,81.99316441138859,9
-8258621108537485905,1,79.75397505729586,8
7614560304832097204,1,71.04810604016959,6
2824765379594268440,1,70.10088212741357,6
-5061118771119178001,1,83.51255417289207,5
367502142570559486,1,82.22908962030903,7
328645442046063496,1,57.994233445604785,6
-6408855781261854449,1,76.2317398349387,7
-3523803257326222192,1,71.54977540430183,6
6020914893683334863,1,82.05488792886055,5
-7374643129490721203,1,65.12669641321578,5
-1671637204801562383,1,79.52360389971723,5
5622255573522995449,1,69.53926198730316,7
-5549992616031392362,1,76.3046165133415,7
3951702302038281951,1,81.976059666818,4
-2832222581444174111,1,81.58942191839053,5
973077767238760287,1,82.21586644050068,5
-1031802681153121790,1,82.54780957788182,8
7141358961354118161,1,82.38092279445229,9
-3582047784487750233,1,71.001935030541,7
2446842684537806988,1,81.89330130002955,5
-7436220223989752873,1,71.99014889107411,6
-9018762980484503898,1,73.20052526541177,6
-1679745497913709050,1,76.78378965769446,6
-4768845343020183471,1,68.14575475511265,7
-5432540529915581766,1,70.94366012406957,6
-9012375606210290438,1,82.22908962030903,8
4178261518017752814,1,81.62385844418559,6
-6666618198454842341,1,82.41804443360293,6
-5139188913709855493,1,64.08356981767804,7
-2076336102858163858,1,81.80563979793956,6
-5963699910527126576,1,82.67307449519872,6
-8779637572615497420,1,66.6969108885926,5
49837184024392133,1,79.85611576340318,7
5689378568114551962,1,73.38798115622654,4
606158756673464509,1,83.38337332114023,9
-8852000785889901453,1,83.14624044543014,5
-7210261945007306645,1,82.98071950008301,6
2425279638903782080,1,79.68354275469272,5
4614086967202265091,1,82.4088208577894,10
3133914060934160859,1,80.61078269773564,7
1969105873363605312,1,81.59875442216253,6
-1384448025730787645,1,58.73877376316093,5
-6655839254209239157,1,80.66264596306655,7
5883180606140774700,1,82.49079976596963,7
-8729808460268425659,1,75.01091808805108,14
-1872383702797460401,1,61.85428513785706,7
7742870180927314095,1,79.75397505729586,6
-1332336809247249653,1,62.327811923370334,5
6931872091400930758,1,82.22908962030903,7
-396595096423448436,1,78.35751971904482,5
7850210182029158521,1,74.56674163770619,7
8440012882825076337,1,59.800041496609175,5
-2052611119263412829,1,84.56620518603867,4
3197910429434597276,1,70.08676679189995,7
-313222825366062172,1,82.07163165366941,7
-1755407498186172301,1,80.07482235514766,6
-1668359889804015401,1,80.19472609326563,11
7624315121324044843,1,81.58942191839053,6
-6618865702711778226,1,81.75097194132677,7
6386856330895805199,1,78.5563178441422,5
6823139846656798944,1,74.35711136805654,5
-6738614402054887239,1,81.99316441138859,4
-3050406147740463169,1,83.29124725047988,6
-1339207083311611354,1,63.17910374565296,5
-1165493873558223130,1,70.94366012406957,5
-8791708915237683924,1,80.75973905831889,6
157875651560320580,1,77.53362129499989,7
-3728007013281631225,1,81.33175203085885,7
7683405250830008914,1,74.33344861539564,5
-4440467746046083657,1,81.471353763046,8
-105469895903853581,1,74.41134956022799,5
8500541782982107701,1,85.02394058360352,7
-182517622122827272,1,81.80563979793956,6
2903048975823217513,1,71.81689744204925,5
-5799050002694048217,1,79.52360389971723,5
8189416659843633028,1,78.41229527762442,7
-6638074032934501701,1,80.99489889540533,5
-2533230324153411392,1,81.07563328246906,8
6464109355168197062,1,79.12237403434878,5
-9167722785578026250,1,77.30001006412876,5
8961693030765084391,1,81.99333095968049,6
-3066201377245116335,1,82.99525889683828,5
-4386602860603653040,1,82.28390408449633,5
-1649931687516383621,1,76.38594170719624,6
5856677246131091239,1,81.81111029348317,7
-652728873846758489,1,73.55069403890204,12
-1288356677711467395,1,71.98431264670756,6
-1638849285414900504,1,70.9867810353715,9
-7267832776258345731,1,71.58009039681224,6
7605488244779846408,1,82.21586644050068,6
3482044244293000836,1,74.2532844696896,7
-2802407975101142074,1,80.17642255925495,6
5943298976611538913,1,81.80563979793956,7
8230260479371901294,1,82.44943603117736,6
-4146084555274610118,1,72.44332044606315,7
-9189482665289381562,1,79.21418677770069,5
-689473886581466040,1,82.17801837780638,6
-5002849972463401847,1,77.90227970360644,6
7724546702058702155,1,83.14022558023984,6
-3431887678560925369,1,74.99716421476577,4
848276085577595741,1,79.74323816364799,9
7881974977278624555,1,61.47334039528817,4
-876253858162782258,1,75.4719355302202,6
-3855427496892487565,1,81.99316441138859,6
-3562941926415682447,1,79.62533875134663,8
-4801373004932285941,1,79.85169185434444,6
-6646125908143963868,1,80.18572737488293,9
8905835393952723242,1,76.63805600577602,6
-2608690689234892204,1,75.0745592285557,6
7072752333039450257,1,69.55847816262107,6
-1195086686152379155,1,82.22908962030903,6
7534594835136404218,1,58.049920840222164,6
4212696504623300544,1,69.31565820820165,6
7305788722218089854,1,70.86461850286565,6
1175185403312535738,1,81.86158987905799,8
8920677267202726172,1,78.2051354587277,6
6978260612706517071,1,73.81975837048329,6
-6084748128400715042,1,81.80563979793956,7
2299288908895636633,1,82.07072095317935,5
-2962139285272676890,1,77.08189957638562,5
-2356620905348384701,1,82.38092279445229,8
-6519094061338049508,1,71.46625314734048,6
-6155527046408420313,1,81.68310574525256,6
7985997795488978104,1,81.29050379306526,8
1625148858178800274,1,70.90065915127882,6
2569497247687733637,1,82.56723124361487,10
-1052111156958529383,1,79.29683706587569,6
1029360700713957986,1,80.61078269773564,7
-4352569056847183352,1,76.40493145659362,6
6575687524310196106,1,56.29257041491871,5
-2306832988704226608,1,67.39999554305581,6
7514695670017544276,1,81.45817612412735,8
-5196536157242627894,1,76.74536937866763,9
3787515349731061344,1,71.001935030541,6
-1614784214544850683,1,83.71033845669197,9
3053312432550595691,1,52.7347965088967,5
-3329586765385970085,1,74.72500830565822,7
-3303981931372569197,1,75.73721274830211,7
2115696744659537318,1,78.34369556814002,8
-5270009221850976921,1,83.11404576459222,7
-7750385388138645215,1,83.97835313699233,6
-6501173358367114138,1,78.66839770317529,9
4263792488281887333,1,77.35990993138137,8
-3547436951713834124,1,81.63556838856506,7
-3956329726949357580,1,73.52847468820151,7
792567163727798050,1,77.90227970360644,5
8915450438092837292,1,83.9101739530866,7
7411272370124665808,1,77.89838250636747,7
5919122369445743613,1,81.83644470415535,8
4478350107670108609,1,82.28390408449633,6
-2469915467982366935,1,79.44482011604417,6
4233618210123934175,1,74.35711136805654,7
-2088098135498857202,1,81.80563979793956,7
-505308730793033782,1,75.23004176032482,6
-8520437802313581896,1,57.994233445604785,7
-5471096204349170309,1,82.43797186735762,5
-3272358719332115909,1,80.3625914329849,6
7396844164879539163,1,81.62306550429226,5
-1018632780377376532,1,64.10440925521256,5
835683722379685069,1,75.94089875532995,5
-2742187368614425184,1,72.79523121178278,6
5757913825074373160,1,79.86568810810148,5
-2044066155885527892,1,67.81559358250065,7
-3573853788726796575,1,76.16928585384197,6
738178422686402853,1,81.80563979793956,7
1584795536509457191,1,76.81102534542177,4
-3444849811240143787,1,77.33543211480031,6
-1645559828674698982,1,81.80563979793956,7
1802200447946690744,1,82.11892614739337,8
3077382423137707901,1,81.99316441138859,6
120356990471327546,1,82.22908962030903,6
-9155306246208841448,1,72.22362258223804,7
-2515591969689594308,1,78.44162950368306,7
-6811592185806788140,1,77.860179880203,7
7196596138998178764,1,64.06546688170353,5
7462451612678886028,1,82.8390353532011,5
1688084189046412514,1,66.0611008743128,6
-7697388084726839360,1,83.48949247484768,6
-5091676723116364044,1,80.71375588117924,7
628111143699808039,1,71.09553591714865,6
4559498818451811722,1,71.79981965478026,7
5383736542860672995,1,80.04705164088011,5
-5330141787223692568,1,77.84037584667135,7
-7989238854475149452,1,83.48949247484768,8
-5325727642079465869,1,67.22830457452888,7
4527385840399813640,1,81.99316441138859,6
-7612783805828099952,1,71.79981965478026,5
-2237911914399266353,1,67.18568623957805,7
-6393538851999255439,1,81.20804852840487,6
-5251228842391902787,1,81.19025414388507,5
-8036432954715870633,1,84.06483965155881,5
4467368866684316595,1,82.36384169286656,7
-4067390989699920987,1,70.29152597319107,7
1931686266862487413,1,81.95183091982632,4
7086966705316945640,1,77.89838250636747,6
-1478528975784638006,1,82.98021076369272,6
3111666999965902650,1,80.45286312260544,6
-7797609547124826666,1,73.0092878070572,6
-2737939234340968805,1,75.10364001776767,6
5955111582379537777,1,80.47090533201936,7
2722949323769984129,1,78.6964333273987,6
2378126733168349046,1,55.20339574700038,5
-6081011063552694173,1,79.06172576110752,5
-8737997421100660328,1,79.28662808999415,5
6798709664394398043,1,72.3149365515737,5
-6220559694582778691,1,82.22908962030903,9
9178693611177882310,1,81.99316441138859,6
2043372109262601585,1,79.55823919309988,6
-4800477855413752652,1,74.66095452816062,6
1027128539048044978,1,82.22908962030903,10
-1782212640118246392,1,70.94366012406957,7
-2279677355085061940,1,72.88220753167735,6
-6618056626220749933,1,63.8050245890898,7
-2268197813367676764,1,74.41134956022799,7
-7387050782385858201,1,71.20432677489768,7
-3314059014639367492,1,65.06945209234878,7
7007176913425291748,1,84.55841808704837,6
-6881957695033563410,1,82.38092279445229,7
-6167617986363243577,1,81.80563979793956,8
-5753975599668624931,1,70.94366012406957,8
3120546075915982920,1,66.70569389752097,5
2265340802352537960,1,75.4719355302202,6
-7605659977803539227,1,77.40482348121306,4
2158798004485737458,1,81.58281511500357,6
5920214871157634897,1,66.10186440528574,7
-5503151241068453263,1,71.46625314734048,7
3516714234674667337,1,81.0875195901415,6
-3479787390093716259,1,80.67965274844475,6
7841764186273069551,1,72.83243219023569,5
-8764921849844532153,1,60.05835211989068,4
-8183174848104393093,1,65.30860804394803,5
941604696277239782,1,79.85169185434444,6
-6565370859504190926,1,56.663028818176144,6
-433807507766891630,1,82.52991849976453,10
6310395489410277015,1,77.52804530746155,4
-2941954169282862230,1,81.99316441138859,5
3105476515354256397,1,78.41229527762442,7
3021580330706076212,1,78.44162950368306,6
-5442597567342390886,1,79.49407425550375,6
8101804773070116647,1,70.94366012406957,7
-7608873994477930709,1,74.85932519310548,8
1706631951265586542,1,68.16327473164874,5
-4913205060293339179,1,81.80563979793956,7
639483928962140935,1,72.31325449207891,8
-6337999606477332755,1,68.8363463181582,6
-7543287298836714225,1,79.17727735274133,6
1815385163056036830,1,68.88416631011181,6
5107315556340145189,1,79.49870922024395,5
-7607297286513997062,1,79.18230310989775,8
-7045404198774893359,1,71.9775133426159,11
-8018012368760822820,1,80.08997065647156,6
2260747624150401117,1,83.45226230465683,6
-299592629213405885,1,81.405942186448,6
-7867234209328311229,1,81.80563979793956,9
2035893380929146230,1,81.99316441138859,7
-7319331679608262897,1,71.05392316180539,4
7036727667744916735,1,66.0611008743128,6
-5912773352978826476,1,79.03410438260646,9
-5101186210363115738,1,78.04476195532907,6
8983909842702634175,1,63.14367198428342,7
6618801700094223906,1,66.70569389752097,6
-2916723603476055073,1,81.80563979793956,7
5424720810620334346,1,79.0964017783983,7
1881028654549500756,1,70.8088663137996,6
8752299200326380833,1,68.70485667040434,10
-7420336146182843178,1,65.62752465212391,4
3139280384134188814,1,82.91730648137822,6
5177533762700243397,1,64.0339828204975,6
-3888470843829858716,1,78.02389101666921,7
-7985890823379543060,1,82.38092279445229,8
-3296503126588999493,1,64.50225948980041,6
8492128361225170610,1,78.2300532182817,8
-918354977905091656,1,78.32732346508408,5
-9041032609082541001,1,76.08202739613219,5
2814263982938507077,1,81.80563979793956,6
-6102374678194889758,1,64.50358754935823,6
-5575146917418088264,1,82.38092279445229,6
-1882179937756165937,1,70.87807897209846,7
6646522243114671531,1,80.00094216324545,7
-219892532663451577,1,78.40990831031068,7
4308937949527305443,1,81.01527028732812,6
3229061984038868003,1,79.86906558159092,8
5452438544003457599,1,70.43076927182113,5
-1686676846474587345,1,81.86869520160514,7
5979002681501964258,1,77.69785413308313,7
-5127886034300887043,1,79.75895022912347,7
1523738148046868896,1,76.10847097348568,6
5999525256551886572,1,79.0964017783983,8
-2564183697070102332,1,79.75214915700501,6
5778303243036244044,1,78.41229527762442,7
7669031797090393257,1,81.99316441138859,8
-4915396119759676977,1,75.0745592285557,5
9143358019149769534,1,70.29152597319107,7
4563153366218197286,1,75.62838399654342,7
1909660961806874514,1,81.99316441138859,5
3962833799401464389,1,78.41229527762442,7
2086284021827700822,1,83.72303248577579,6
8768218580149867961,1,77.63113976887091,9
3357853570215070111,1,79.84191069914412,8
1473838075781762820,1,79.7985298673214,8
-1182748923798292935,1,84.98423429108195,5
6004377289011189612,1,79.62533875134663,6
-3935687127022061373,1,79.89315240000973,8
-3642501235579480533,1,75.69497658676543,6
8476630509684903621,1,81.80563979793956,7
-3143835059844940963,1,79.00657614055642,6
8940155773507798339,1,76.13721015035658,6
-5444919067274671718,1,74.84794953477709,5
-586406191171565506,1,81.2352578909165,5
5454620306191920561,1,81.80563979793956,8
-2654326787376105370,1,55.285150276275616,6
-5317518819316829198,1,81.60822794133738,6
1029046050932530701,1,77.2000469616052,7
8854605303774295525,1,76.52732622828115,6
6486149004213466204,1,83.28002350979776,4
6855935402351315093,1,82.22266700737377,6
4529644084591446516,1,79.9481788657401,6
-8900703367158535227,1,78.86982183268475,6
4467780314858326107,1,81.44846794398063,6
-3604016883938912856,1,79.83960560756391,6
-1241070083055405862,1,78.23179368759921,5
3106570002018994078,1,78.41229527762442,7
4488989115901249816,1,81.80563979793956,9
1671182695765148730,1,73.7224221132379,8
-6557563081622083878,1,76.65820778530292,5
-89562636421804468,1,81.99316441138859,7
5578681110816434813,1,83.38337332114023,7
-5157811412507876339,1,82.28452197574325,4
1659572941069021706,1,81.80563979793956,6
-4972660414340851341,1,71.81689744204925,6
4841421738827606313,1,78.6964333273987,5
-8301743017453688817,1,83.58011228837177,5
-8275435726908831557,1,57.37625031079495,7
-67960317417423341,1,83.26540658515067,7
6419995007912687093,1,71.53988677422011,7
3393769711809368863,1,75.62838399654342,7
8720931245992054917,1,80.61078269773564,10
-2279915079750701929,1,67.76715056416128,7
-485530090448727889,1,75.37442860184801,4
-888777818534946711,1,72.67036186837298,7
-4815452187302593086,1,79.0964017783983,6
-5842731481904704359,1,81.45807488905076,5
5951183179619147498,1,73.5531763151136,8
-3254409916071305863,1,81.80563979793956,6
-8385162213281280642,1,83.58011228837177,4
-4972428180968148567,1,69.53926198730316,6
-5711313354820013531,1,78.41229527762442,6
-5201775668584620477,1,81.02198793605824,6
6541453555632691767,1,67.22830457452888,6
1780616301773093306,1,81.80563979793956,9
6488643492615815097,1,82.38092279445229,7
4194031581059386574,1,81.99316441138859,8
4601920280113565215,1,81.80563979793956,8
-3530825383945569950,1,76.18302665304292,6
2942564737026317045,1,81.99316441138859,9
5509503244837846625,1,78.9810825670291,5
-3424799795145309564,1,76.73023344512939,7
3627291109835997921,1,71.20432677489768,6
1607977215558376833,1,80.26955252463658,5
-5874218491779256378,1,80.7028506264886,6
-6708668797689421636,1,74.56174511479121,6
-6346511427414812399,1,79.21674413576712,7
6005064217427271376,1,80.67965274844475,11
8261673155907434232,1,80.69672047968635,7
8190982389268233856,1,81.80563979793956,9
-1959465086841168110,1,65.06945209234878,7
-3697807666594774654,1,82.52379440493911,7
4441247720643341035,1,81.80563979793956,6
-4850420368851774465,1,80.77741516617023,8
7795131011361117797,1,82.1462825177132,5
4447181043043844747,1,72.83243219023569,6
-6400310711969623152,1,81.80563979793956,8
-6239787073245796544,1,75.91125012445295,6
3465452691165816347,1,70.94366012406957,6
4900162808675293750,1,80.51276187956024,5
-9935824139073462,1,55.65156369673011,4
7284260222602676548,1,68.88416631011181,6
-7439069119308564029,1,64.50358754935823,7
-4553074039279235029,1,73.750867426464,5
8842376681553707657,1,54.30880365435137,5
-3249795766231413404,1,82.54931537451819,7
-5244276603474482922,1,78.29331636828826,6
6395458898544722208,1,70.9815945159427,7
-2961147013604906021,1,81.01135401877575,6
-4417437050743584944,1,72.03609647248989,6
-8003570263957435437,1,81.80563979793956,8
-5863628725802982634,1,71.75636528887279,7
-7661281999038123522,1,76.1534164379987,5
-6158441934367575013,1,70.94366012406957,7
-1949023253083865428,1,77.8484044722613,4
3078254829229473830,1,78.40910181420062,6
7526975632432286846,1,72.2663669059,6
-8328964133201572725,1,70.29152597319107,7
-2307081186930621387,1,81.58942191839053,5
-2566388856052806096,1,81.11929155603963,6
-3691498337277550203,1,82.08733582402232,7
-7651512638882079046,1,73.81427125159074,6
-7789923768490378807,1,81.80563979793956,6
3346788008116446643,1,75.36678781123658,5
-3295899819533455014,1,81.80563979793956,7
8473301770747782052,1,77.69785413308313,8
-2718050802022725755,1,78.54720865170502,11
-4104733743673710313,1,65.84177357500684,6
4190804873471732620,1,57.994233445604785,6
1615135757095332557,1,77.69785413308313,9
1065858328748371807,1,82.38092279445229,7
-750419414415151767,1,82.52192416804154,6
4266291710686589019,1,77.47737059685164,6
-4328014309847487738,1,83.72131824722467,8
-3267301474875167301,1,81.99316441138859,8
5979038239177983772,1,65.0854962833174,7
2964448325904905103,1,81.80563979793956,7
4807070429875235844,1,77.64466712500897,6
3245764772011754821,1,72.67036186837298,6
8042112273004527931,1,69.03363287393256,6
-4274057879063558935,1,82.32636955094216,5
7184191782303161242,1,57.48182311984837,8
4115438063724163530,1,79.68293082504951,7
-7051758890276169060,1,80.92450169859963,8
3602348176316618378,1,81.76702474436347,5
-5633068095345204327,1,83.72827740314108,7
5352151975698703958,1,72.66103807355947,11
-1258485927996928151,1,79.12303834619098,6
-9090603050899369113,1,82.22908962030903,6
662221994118210183,1,80.273572496934,11
-7197701297688492673,1,79.44637845772903,7
3126657370039566520,1,64.62130602299594,6
2486883019029934566,1,81.59378486231158,4
4373755116203252946,1,82.69625945321032,7
-3328347394889166695,1,74.08755193227837,6
880267781147637660,1,79.644943630505,7
-3928841773756464023,1,80.32241351314349,6
6842581078425075576,1,81.99316441138859,8
5740996765215765093,1,51.65696465078598,8
6049264363650459251,1,68.15139852815483,7
-6270737684360381406,1,81.11929155603963,6
3374637756933261350,1,72.2663669059,7
1710216516687531857,1,81.94149026353234,4
1217920932997027709,1,82.43964478107365,8
-2142077799804039261,1,81.99316441138859,5
-702461120712879294,1,56.82292588211417,7
4520201763018144934,1,81.78073917852107,8
4805199598374711723,1,81.80563979793956,7
-2413363664355682662,1,74.4966001670459,7
8548338335812759223,1,82.42284178686415,6
3340399334741561375,1,75.15795820113846,6
-4450564193546862655,1,77.42088433820871,5
-3333969266260785760,1,78.41229527762442,11
-6095513987394022288,1,76.13721015035658,6
-387251111782040995,1,61.85428513785706,5
7144015355173008292,1,81.80563979793956,7
8097426772780088864,1,82.38092279445229,7
6682115107862199555,1,80.67740309078299,6
3263699745350568551,1,64.78834212392634,5
6936989050520795109,1,76.13721015035658,6
5309394468758123268,1,84.98423429108195,7
9083585000254726069,1,80.32626786964086,6
3954730619739684178,1,84.80897065192113,5
7707203931196394072,1,69.86209706969802,6
-632752483283460344,1,82.85252823428823,7
-912040097599887303,1,80.955855164529,5
2439072237939800581,1,75.21100874336145,4
-895975473316479620,1,71.63841059948462,8
3202312497162294399,1,75.44210691813956,6
-7376677227573306487,1,81.20853521035235,7
-6812944997095026577,1,82.56944492785746,7
4601908196973857051,1,69.39700361281452,5
-937869146614381910,1,75.50194540875951,6
-7901161507369183845,1,72.2663669059,7
6808726745715363044,1,81.87721142548621,9
-6872257935516056817,1,79.00577222783289,6
-7265537942578286659,1,65.98031956141051,8
-1685737664536440772,1,70.10088212741357,8
-3374462864299897172,1,81.22199852314193,6
-8421669757904105184,1,78.41229527762442,6
5303500900785284182,1,81.88280991226942,5
-3316824105323497855,1,83.98117540020766,5
82470309642763992,1,74.77946730816333,5
5310288267390119233,1,81.62081181949846,8
-3454080342383016106,1,75.92999325032261,6
9078121639993690584,1,64.90411543504995,7
-1342667689208436357,1,82.00815149136061,9
8035869143532317812,1,80.99804180391398,6
5805290977774653612,1,69.84642720463253,5
-3447229739119953037,1,56.22503787620936,6
-505321559753702453,1,79.54958310859588,6
2568956817471306470,1,82.47335584738823,6
-3342914400154290551,1,62.7497484293673,6
-4660590558384310283,1,68.27183069030909,5
-1947733667442535885,1,81.86510839672259,6
-8756397017904019504,1,74.53830771866575,7
2909276799796060701,1,64.81585842461823,7
3026202332659182869,1,61.229288024225156,6
-4946173699637286166,1,61.74175177270594,9
7860359279399741122,1,71.81689744204925,8
1677764459982797303,1,81.5529600839159,4
3497451244952677784,1,73.58085225605763,9
8710437038175697634,1,81.20853521035235,7
-2384021852646127558,1,68.62599600183077,5
1455248337921832657,1,75.44210691813956,7
-5979810458751587645,1,78.41229527762442,7
2577126115407529001,1,78.2300532182817,6
5007227883505318926,1,82.56723124361487,6
5701436395548349388,1,82.69625945321032,7
-7229137393976814639,1,82.04129453540654,6
6071977817542343550,1,78.38135433984316,7
-4711431754814748435,1,83.76977845017667,5
2186579888869858266,1,81.80563979793956,6
-3724466344379359135,1,81.99316441138859,7
-6494795246260182092,1,66.02619012807656,7
2597107567714213721,1,72.17550735913743,6
-2581375806606838979,1,78.29331636828826,6
-3016277698273488432,1,82.38092279445229,8
-5633840325794411757,1,74.91755639431169,7
-3313705477487951044,1,71.48326949204541,6
-4275019501586579005,1,81.72316833255908,8
5682584540513969864,1,81.29304014940035,6
4141354039642085759,1,80.24314641321713,5
46213799003012768,1,79.80136907752956,7
7192623434338007969,1,82.61231421406731,7
5269901539903923109,1,80.82780040946962,6
-3647871032126320218,1,79.72503787288132,7
-7140814527225325346,1,83.72827740314108,6
5060619782817498185,1,81.43502008661862,5
-1339945660484261473,1,78.22932656889553,8
9176128913227343611,1,82.22908962030903,7
1086799466410670713,1,74.43685669377344,5
-4439928820713733838,1,70.04576625883072,7
4520816013420938902,1,57.46247678819436,5
2835910794695162114,1,77.91435427342176,5
2524061403142985931,1,81.37355328554175,7
-6767980647483616918,1,81.80563979793956,9
8521706055202548007,1,74.35711136805654,6
-1987863694778988720,1,81.80563979793956,8
-8382406045960672926,1,68.16327473164874,6
862276757053401665,1,82.09806704576476,6
6088399424857834740,1,77.59835802053648,9
-8204371653796426681,1,73.75708613981253,6
-3560340862235833061,1,77.35990993138137,7
-7491800957554155445,1,55.90282304930569,8
1390828164083666327,1,71.41834911048694,5
2952439668376989143,1,78.39138062341137,7
-2352607116524695131,1,80.89474996356078,6
2586031493902296413,1,80.57992555493543,10
-3733754322006093902,1,81.75183573159445,7
2371602820419965427,1,76.40014315307008,5
904621553610408235,1,83.72827740314108,14
2401183039566182450,1,70.94366012406957,6
-5633149709764931063,1,83.2186123546899,6
7182611655878692035,1,65.88140119821954,5
3405250302014262396,1,81.87608824384535,8
-2107063091695385965,1,83.53437414934258,6
-7962290943566956829,1,65.12425755778307,6
-7273096809187200135,1,72.10295730886999,6
6921552938875873260,1,81.20853521035235,11
-9103138001979131495,1,79.96177649509072,6
-3093234436537983162,1,78.74000447614286,6
-2326421083463548694,1,74.59655445638491,6
-4940314648385103333,1,61.3801603181302,5
-4280347715401333602,1,81.11929155603963,6
-6218303566105360057,1,66.70335418760192,6
-6464388420022108488,1,80.71375588117924,7
-457558323131385153,1,72.2663669059,5
8458830023546965052,1,84.0524263295464,7
8148620877124808441,1,77.84037584667135,7
4757093584374604449,1,82.42464268532227,6
6089502380789272299,1,81.93117922950711,7
-2921010703464074028,1,82.49178162249453,3
2167485178605514328,1,72.83243219023569,7
2818076227523842032,1,82.45313800955216,7
720658579277943164,1,79.9481788657401,5
7514915050588830789,1,81.80563979793956,6
8912913896250345671,1,62.35271595539208,5
-4018422950322002911,1,82.22908962030903,5
-5591620997718277629,1,79.41448544865641,4
4475258968281328966,1,61.337670734932054,6
-7352587221298990053,1,80.97849941475366,5
4311225126751472326,1,81.11929155603963,6
1352702570011623475,1,79.06172576110752,8
-5398436847463533808,1,78.23262276650281,6
7536513875786114324,1,75.51533796945446,7
6488257315421776490,1,70.94366012406957,6
-8011241019106511450,1,81.99316441138859,5
4805212928450119213,1,70.9867810353715,6
8056595696562521764,1,79.23784249130807,7
-7050993488277848968,1,63.37351869477798,5
8287192895176400582,1,83.52950205732517,7
6587611190985224598,1,75.4719355302202,6
7324702680317333364,1,70.94366012406957,7
-4262615820803670545,1,69.11661390769075,8
1441196065624210583,1,79.41101689093821,6
-5846175845213478197,1,78.17015528577936,8
5135014108120998014,1,81.20853521035235,8
-1793398039706372105,1,75.21100874336145,5
-7966730267385876585,1,64.50662927698376,4
-2330995380446807643,1,79.51568723432257,4
-8197252609194355862,1,82.39324518063097,5
5895760643451958754,1,79.32331241693848,7
-8549656394847323396,1,68.54260613330837,6
-7086005210040573040,1,82.22908962030903,6
4784594558395315084,1,81.80563979793956,6
-7292578565515864081,1,60.67265591587482,6
-1442341873102427283,1,78.6964333273987,5
238521293454707284,1,75.84665935024847,7
3738715331073751631,1,83.42807895775229,5
1371058892557963082,1,81.12469537264285,6
-8725151705925517885,1,81.80563979793956,6
2607664419443134525,1,65.06945209234878,7
-2479819888786743292,1,73.32010689695525,9
3269647765772583132,1,70.43076927182113,5
3784617961999724583,1,81.43415390422938,7
-546289266448839629,1,76.7605480721024,6
6115432962584785187,1,81.80563979793956,7
816127626187636000,1,81.80563979793956,7
3447703725407875874,1,81.82700626180123,6
-6026093191664502779,1,78.41229527762442,7
-9043785105246051347,1,82.0052908655593,6
3249426083188127389,1,82.43173113894538,9
6951668116108173635,1,81.09140490873266,8
-4485993947838529666,1,83.72827740314108,6
2247147696318105126,1,67.34097249376367,9
-5387108894429696891,1,74.84794953477709,5
8441179733519539451,1,79.73260922808528,7
1492522304342329362,1,80.81769195521544,7
-8350108935662698906,1,67.22830457452888,6
-4991176369641378104,1,80.49778716039583,7
3579305903070298684,1,70.09330896438415,7
-7782584918237034331,1,77.33543211480031,7
8261445377903341540,1,72.2663669059,6
-6649476178122223706,1,76.96692376126893,6
-4983334286692782806,1,82.17801837780638,8
-264536820932724806,1,79.10637032617495,7
1829577038869480021,1,83.51406575635545,7
-561329125708009748,1,81.09140490873266,7
154872920826891050,1,81.58942191839053,5
-5948532387765550037,1,81.80563979793956,7
6303254356983954735,1,72.83243219023569,7
-5855295438209343419,1,72.17550735913743,6
3097307205983868841,1,81.99316441138859,8
3760356774494061977,1,81.40837365286019,6
7220746125575563471,1,81.80563979793956,8
2516677960748119441,1,76.9314104785794,7
3771579917941869628,1,81.23216781500471,5
1318432359041918876,1,79.86289357969359,7
-9015118951371392220,1,81.80563979793956,5
8385873481632543498,1,83.38337332114023,6
-94920821851496940,1,64.50358754935823,7
-1678402464171096243,1,81.99316441138859,6
-6446367065352039641,1,82.12579336727926,5
2366633757941060008,1,76.66952620298261,8
-5723237978707817575,1,76.15139076080402,6
-1104617406947876734,1,79.54753091675664,8
-7822071823973348839,1,82.44979377687262,6
1586052015127144576,1,81.80563979793956,5
9202215046151859929,1,82.12824874055165,8
8150705677593631298,1,72.2663669059,6
2543171174477896776,1,75.36082560989387,6
-3127101155501885269,1,81.80563979793956,8
-5180631275488301732,1,58.950498340033654,7
-2241491908539213506,1,57.185082537932274,6
-6041614506947645637,1,80.64415708611368,8
-3659019544606711530,1,82.62474342582414,8
3413901629458475609,1,81.58942191839053,7
-3552521595358645834,1,81.80563979793956,6
-5409444124551037323,1,79.72503787288132,7
-8852704399744445062,1,79.5927607107838,6
2470859451264912421,1,78.41229527762442,7
-616562729775555159,1,81.51730007161501,8
-5069303003235454634,1,68.62599600183077,7
3540619301278318928,1,72.83243219023569,6
1859996725002788635,1,82.23628143755326,5
7900383728283107170,1,82.1582217352316,6
2730501260198380417,1,74.13857968118171,5
-5103769597879965078,1,66.4291082079275,6
-3217378759749623704,1,81.99316441138859,6
6940655849500047886,1,78.41229527762442,7
-9074424127192362729,1,78.64814079358935,7
-550552276370681812,1,68.88416631011181,7
-4260008091319214858,1,81.41190595223009,7
1551527207544981200,1,76.04557250886481,7
-8396294159523789560,1,82.272448584072,8
-9105968624591575712,1,70.9867810353715,6
-539014565781960783,1,80.70540239717394,7
8563389182663403459,1,81.99316441138859,6
-253278488246473503,1,78.41229527762442,9
7194345561747105434,1,82.69625945321032,7
1388353278295013943,1,74.50535230257427,7
1967711881010662250,1,81.80563979793956,6
4706336055008623881,1,78.44162950368306,5
-7393530804828762642,1,71.48326949204541,6
7532365773195603842,1,80.86413115180916,6
-4823641347082193873,1,77.9850990039174,7
6572180342476598008,1,80.06137228367155,6
8578158398567446443,1,70.29152597319107,7
4897412418644133017,1,79.95990862138542,9
7218513202365347668,1,75.7157101350057,6
-8636878194767762902,1,76.38594170719624,11
-6876886349643258228,1,78.95364886494677,5
-3677719429477344150,1,81.80563979793956,7
-6040868441738663696,1,82.64510726562901,6
-788392865209055157,1,82.76582126674525,7
-7831886807803206368,1,81.20853521035235,5
374042704510867090,1,63.96471974469987,4
-3154638649988500678,1,70.94366012406957,6
-3192820892937884675,1,81.12348803358162,5
1002897047821118921,1,81.99316441138859,5
7051733615845788227,1,81.78073917852107,5
-4751006007694496878,1,79.94997986790784,9
-1178575016205324229,1,78.41229527762442,6
298530060062944443,1,81.80563979793956,9
5665542630560030177,1,82.47915865507453,8
-1944017283126070195,1,64.06546688170353,5
-8610857197835462616,1,63.905734262236045,7
1218446775754610890,1,77.50876815246392,7
-2468677181971310464,1,80.67965274844475,7
1470542471109875969,1,72.83243219023569,4
1384219628295123484,1,75.32555186675354,6
-41816644518880398,1,67.18190691211568,5
229270525467530302,1,83.74383059089597,9
-180285320340005065,1,77.46555951688023,6
-6046543374453827942,1,83.0633447081264,6
-637022870635506795,1,74.87505695092946,6
-7687949440947203996,1,81.99316441138859,8
-648132643865666598,1,58.049920840222164,6
-7882212923790022408,1,74.33344861539564,7
107981149998286095,1,82.286271819687,6
-6873757358822438641,1,67.59647257481785,7
871506722373027699,1,82.66628466946881,7
2979140326096890542,1,68.07161375331216,7
-2691792056595205561,1,86.13211905812031,6
4669877950637848171,1,82.36312930593363,9
-5280681621020519106,1,82.46801091881606,7
2237238819204079534,1,75.4719355302202,7
5107180306020226359,1,78.41229527762442,6
-2971457227742536513,1,80.92712771931848,5
5048426648278812350,1,70.70739061658601,8
992996830352259818,1,81.99316441138859,10
-1301662968728692270,1,82.71425612056368,7
-3414500662244159388,1,79.79797071968864,8
-5706942639950922629,1,66.97678643696595,6
6459671538353113891,1,72.18884961497405,6
4479023738287063274,1,65.84177357500684,6
-2248153635772453175,1,69.41556708446535,8
5578870684645171048,1,75.18258276038812,5
6865550764213210198,1,81.23596967746401,7
-7471340700866826003,1,81.99316441138859,8
-1909744881587902895,1,73.34623913930304,6
-8687566622923954985,1,81.09185609530738,6
-5451280536261708088,1,74.08755193227837,7
5464829391121400345,1,82.38092279445229,6
7894058635465180577,1,74.4966001670459,6
-1729930622641960912,1,81.80563979793956,6
-5657437730383457151,1,60.668954915017316,5
-6128250447027632674,1,75.82278228159323,6
296960259987084492,1,81.99316441138859,5
6214223468127790162,1,81.4570700244677,5
6525130825778863649,1,81.20853521035235,7
-1172669113874974754,1,81.60037633614098,8
5904926508423778096,1,81.80563979793956,11
7239358580662554813,1,81.80563979793956,6
3542376138806351681,1,72.22283433312691,6
7217146270789601941,1,81.99316441138859,7
-9176640606555476832,1,59.19868607057033,7
-5779284701634649300,1,80.93797894871673,7
-1554773172565651041,1,77.05343906611955,5
5483604170851537500,1,82.34787254308178,6
-8125260230924816700,1,68.55806395976593,4
1131926871232804447,1,82.52032497380746,5
-6207351324789163687,1,70.6853661373651,8
3083002944547867507,1,69.14449121835347,5
-2602775887248204467,1,80.98936691969196,8
-8897541818363898831,1,77.69785413308313,9
4714299852183030317,1,80.61078269773564,6
-741856744712163357,1,74.83587417668286,5
3511168325177393884,1,82.31191252146942,8
3153611742180391842,1,65.59516830736192,11
2855351793146419246,1,82.80915393857664,7
-4190802027761982360,1,65.57870212413609,9
-3096106815889299176,1,78.85717163605554,7
1738791277968798154,1,79.81094166271714,5
-493058037531728548,1,67.78144432324066,6
-8121699103411358826,1,78.41229527762442,6
6406530523137958012,1,66.80845972359987,5
-6192388024542625312,1,71.75583474469487,6
-7281274072455866202,1,82.00488825926907,5
-4014093628650969265,1,73.38550179469242,5
5205162040407501185,1,72.83243219023569,8
-7843585077892013550,1,81.99316441138859,7
-213068378018200484,1,81.20851566982252,6
-3837961083829639337,1,78.87951022664957,4
-1568041798344838942,1,81.99316441138859,8
-2656540985740284715,1,75.79774007333525,6
1876838625994677791,1,69.7067643381321,5
-6991207268306416786,1,79.08156341484191,5
4395560991146610344,1,81.3681119400417,6
-6793606269697139772,1,82.38092279445229,8
-3082356891071327220,1,73.84343295345693,5
6811387939466152515,1,76.64907444116714,5
-8625657196599924896,1,81.80563979793956,6
-6915022137556954261,1,78.41229527762442,6
7592336862236916187,1,80.20277045105277,10
-6455570042868254541,1,82.10205112093385,7
7111877431100829377,1,81.81111029348317,7
116272880441000011,1,81.99316441138859,10
2549913960638655353,1,79.00657614055642,6
3469242300289088976,1,82.15868629201009,7
6902202608388048866,1,53.65264432502478,5
6873587814797504351,1,81.59310775298367,9
-2882271439094497259,1,82.77093545154969,5
8929536379326470625,1,76.00911685869656,6
-3473251460777501699,1,68.88416631011181,5
-5578621258296861883,1,68.26753359873845,6
-2994014653906814409,1,81.58942191839053,8
-3479500785107072108,1,79.85169185434444,10
-1335082616075855685,1,71.46639351464486,5
-5451444784406120799,1,78.5832259478625,6
-6307241458474947992,1,69.07183851977992,6
-1578733691057565382,1,71.44746726460014,5
5035017070562611729,1,81.60954915906949,6
6314298888636536676,1,68.26753359873845,8
810097600188356598,1,81.280680349198,6
-8031880454044539477,1,81.80563979793956,8
-431828165416616477,1,79.18230310989775,7
-6168326897380958912,1,82.15846627784978,6
932124146178119964,1,81.80563979793956,7
-6650451239773522585,1,71.9801390439306,7
332005805230842702,1,82.15868629201009,6
-1325148824515450104,1,78.13683840288225,5
-4178081712743382258,1,77.05343906611955,6
-8809072115982924527,1,81.99316441138859,7
2175490294271053895,1,65.59516830736192,8
3468213950702405570,1,81.99316441138859,7
-2024150669554268993,1,81.80563979793956,6
-5301548750777334923,1,81.82251001205296,8
-4598717702532013892,1,59.06693598800108,7
443554557178845562,1,79.91320507180751,6
5584390537897079918,1,83.38337332114023,7
4981449654568247969,1,81.80563979793956,7
-5464701288025930918,1,81.80563979793956,9
-5076749905693386581,1,82.51085068028577,7
6923211314475638094,1,82.22908962030903,5
-6952080852593084626,1,79.40356976341987,5
-7059755885280464550,1,63.8050245890898,6
1114860916966147095,1,81.80563979793956,6
-4994726804978758023,1,77.17293660142427,7
-3457328427064035938,1,81.4570700244677,7
424141518763586649,1,81.99316441138859,10
-1507786510246262044,1,82.91730648137822,6
-7763894114563653553,1,82.07514293153228,9
-7231960233739516256,1,71.46639351464486,5
4076036575296969773,1,67.59152451539012,6
-5842328631461453225,1,71.09553591714865,5
7950694069501593324,1,63.37351869477798,8
5655360144811346477,1,81.82685894162344,4
-234119758224169083,1,71.1420841862663,8
-2298304685157739010,1,82.27255537363196,7
8588216614291738583,1,81.58942191839053,5
-5962951741010640963,1,81.52349600791953,7
7798261129627673636,1,81.39963713281938,6
-213786938730207981,1,78.25423833048421,7
1085693014331960424,1,83.9101739530866,6
-7567468761083501458,1,81.20853521035235,7
3263078511457163007,1,72.06873226387982,7
-5099814395275666296,1,82.00488825926907,6
-329178530112436837,1,59.7235968419763,4
-2840611200472199951,1,83.52854667871154,7
-4371984101573085117,1,68.88416631011181,6
-898537223772875288,1,74.6833581012178,4
9080257010773500851,1,81.80563979793956,9
7513394648633032404,1,82.12102936367071,5
-7686219731344089140,1,82.69625945321032,8
2409274747885968825,1,82.06293571352074,7
7728312546062633433,1,81.80563979793956,6
-8862568771968614004,1,81.80563979793956,6
-2954250786041664991,1,67.9635900253558,9
-7121491687208308570,1,55.40094852529707,4
7803111933337171613,1,81.05215379162455,6
-2814761776293579545,1,75.53902014659401,7
4283452081846816245,1,56.663028818176144,7
-2779844585658815415,1,78.68458659471857,5
5648954173075245711,1,80.04252127946026,7
2472591482558375391,1,82.43198866269886,8
7922199352388974292,1,66.72212682148613,5
389806705403115660,1,65.57870212413609,6
188650518600402194,1,67.31983251424928,9
7485568939181487713,1,74.13857968118171,6
4142930805980844277,1,81.50067662776591,7
-31336670671098038,1,72.67144281035327,7
2727439955144338677,1,81.80563979793956,7
-1127222494492021288,1,79.85169185434444,6
-7459312394096657825,1,72.25247572135407,6
-4654789589076176061,1,81.80563979793956,7
8122633219233567829,1,81.99316441138859,6
-242245360074862067,1,74.01808237765323,5
-1707630759949589310,1,81.58630297366172,7
6810510909257449249,1,82.83726860062569,8
1470215667675280926,1,81.58289302183051,6
-6852552870720183077,1,81.74483224702784,8
-6124921830423412859,1,80.69672047968635,6
-3650492563548385448,1,73.89508041981789,10
-540686603913895829,1,81.80563979793956,7
6925027639126707213,1,81.80563979793956,7
-703167327598996560,1,77.27763974752786,5
-26833623396339082,1,64.05065833084134,8
1147622587029324279,1,78.32352329488819,7
-2224119035654971038,1,82.38092279445229,9
2557408066370024925,1,74.81449568854059,6
-2669460897120448782,1,81.80563979793956,7
1292871029581410833,1,82.54239037572427,7
-6610496194771151091,1,75.0745592285557,6
4836571944891919423,1,68.14989878494899,7
7235016921206800420,1,79.33166253219676,7
-2789827806012400130,1,54.00297550310208,6
6546630492887303747,1,76.9982473765574,5
-3783083031238530343,1,70.94366012406957,6
-6723226666645469904,1,76.43634458329203,7
-33838564772717460,1,68.88416631011181,5
6765439613186460566,1,80.89854668139381,4
-2022579296794302123,1,57.14365668471832,4
4813232996877019557,1,81.65931497086763,5
-1674566273516898063,1,68.63118969549504,6
-6737316099840742489,1,60.90370978257548,7
3592392556664362488,1,80.42817003148058,6
5589759569929682437,1,69.82170269345028,7
7562138996430628376,1,80.06750768343299,5
5126206211383126930,1,81.05062414864985,7
5325215941495815617,1,79.52040177843405,7
-3974287196108631722,1,82.00488825926907,6
6512797857523085364,1,72.41795179590663,6
-2727304090076405608,1,82.69625945321032,10
7000767794343110386,1,75.4719355302202,6
2179547794802131896,1,82.8944618445957,7
2606982550210345160,1,81.05673517711448,7
-8640455828713566735,1,74.72500830565822,7
7726887737180408656,1,82.92522891555873,6
204336287131099359,1,72.83243219023569,7
-7757189852370426684,1,81.58942191839053,5
5651814711268346911,1,81.58630297366172,7
4598724194167870659,1,73.88750752939906,6
96106099665549681,1,64.50225948980041,5
9021491074587974199,1,81.86869520160514,6
-1219900481166107061,1,68.88416631011181,8
-2402416834382706439,1,74.39372093201528,4
-848563876278566623,1,80.4753604426722,4
-1301753991779630487,1,80.61078269773564,9
6900169398689912696,1,62.00483329600262,7
3538021289516160389,1,80.92905088414656,8
5413217429558179537,1,75.60968909050348,7
4041304428133273083,1,79.69660077396803,7
-1528163078924784184,1,60.934365244086024,7
-9180012272428031218,1,56.77220179907706,5
7067820836593738220,1,81.41196116577645,5
208176246273918273,1,81.80563979793956,7
4629922429965841294,1,68.88416631011181,6
6446417373182250216,1,70.94366012406957,7
3048010695993796898,1,70.96841028265355,10
-1213981811535141502,1,68.88416631011181,5
1242256237566968989,1,74.35711136805654,7
-3762545613032923855,1,81.20478816997297,6
4429819575043379435,1,81.75183573159445,6
770581279178120673,1,81.80563979793956,8
-3882162451563548245,1,81.12599233048901,6
7191079952293608252,1,82.52387590605737,6
9048495624538202440,1,66.44025973543334,7
3903678464988673712,1,79.9481788657401,5
4971759457675416100,1,65.23881313254245,6
4905652381435360351,1,74.9621411415933,8
-5295023499347964665,1,60.72518945911805,5
8438859254852827579,1,75.4719355302202,7
-7889856027078703557,1,76.90882656932828,7
-7369414213544299319,1,82.77138489614525,7
7272522886222911981,1,80.17560311126314,6
-6804332770180833813,1,81.58942191839053,6
6736627038987537998,1,82.69625945321032,8
-8967367905943054698,1,82.26099286169924,5
3539814717809271363,1,69.8736393073817,4
4336256054982573312,1,81.58942191839053,5
8670955206809610555,1,65.28099987393244,7
-4337447913853411821,1,82.55819611620717,7
7985444229996997998,1,81.99316441138859,7
-1154215063536877414,1,80.40152228280814,6
-4641261256336143941,1,82.83726860062569,6
4952716941401831969,1,76.73942350041357,7
3661630911722301505,1,73.98509871990511,5
9154802608400240742,1,83.31117838964649,7
-2209654710007589017,1,72.2663669059,7
-2096526531766597316,1,79.18230310989775,7
-5205826180222742798,1,81.80563979793956,7
-4580728653901715787,1,81.99316441138859,7
-29966031825626514,1,81.80563979793956,6
44235471724768786,1,69.99134815568509,4
-829666995717449360,1,78.41229527762442,7
-7619831388087664305,1,75.44312523656812,7
-7801538481753817992,1,81.80563979793956,7
-1082417301896703773,1,81.80563979793956,7
8431467613707268992,1,80.05129320899697,7
1334407532030190415,1,74.76083328014171,6
1481995349286540603,1,75.85078383076171,6
-711775488213477925,1,82.56136750048421,7
-7579459855811915025,1,80.86624153356478,9
3797421519462566422,1,81.5067117214743,6
2029153718162838389,1,68.54260613330837,5
-2644889162637041186,1,74.13125768883944,8
8052374835051158364,1,57.365597656652,6
7712727051353785397,1,72.83243219023569,7
-5726725037701686899,1,83.12949688906741,6
-6369997404796133013,1,67.13752337577414,6
-2237750535714979511,1,77.83591053605481,7
5519945220075383558,1,78.97409075472719,7
805503335806597379,1,79.86304009551803,5
3210561202407405143,1,73.01568428687946,7
7350302412114460387,1,81.80563979793956,6
8563448431164675588,1,65.0854962833174,7
-8944254388387081837,1,73.58882805590672,5
-4485762061555068300,1,81.43056053865253,5
-6858908867445843488,1,71.48326949204541,7
3221775396582001476,1,63.97796405446983,7
-2953727813492958034,1,72.83243219023569,8
5925765279046302244,1,81.99316441138859,10
4007677568638492352,1,81.41196116577645,6
-2585460002498883654,1,78.41229527762442,7
4257987218894691352,1,71.46639351464486,5
-1125784610618379922,1,81.80563979793956,6
5721463343679124032,1,82.22908962030903,6
7596042888931047885,1,79.67755099810154,7
-8546542143323034200,1,81.58942191839053,8
-8232650004061130925,1,62.00483329600262,8
6970970656316642179,1,81.80563979793956,7
8769210347441988284,1,74.07379677355065,5
-5497810673274775598,1,80.4115671741484,5
-2430493715193377033,1,62.68795378101435,6
5098781087177030195,1,72.91529350493457,8
-1429267766604319360,1,72.22362258223804,7
4489624957108334132,1,80.51893918831676,8
9111660460177478610,1,81.30673458885487,8
-3813047922665640365,1,71.001935030541,7
-2650201691252740205,1,70.96841028265355,7
-7926215239908424716,1,78.6964333273987,6
-2867254809234313129,1,77.50876815246392,5
3757232946690013000,1,80.43352249339104,7
2373014095818137802,1,71.53988677422011,7
2799709060385573518,1,82.81628356960059,7
4174294807029812925,1,64.06546688170353,5
-7692940681671979349,1,71.09553591714865,5
3399031248068119823,1,72.06873226387982,6
2429462590222711915,1,82.1673720576752,8
-7945301393656685858,1,81.99316441138859,9
-3536710063378414066,1,78.41229527762442,6
6440453208494042706,1,69.1392764453114,7
-4745061984190811573,1,74.34829019383437,5
2100484736385055226,1,82.38092279445229,7
3640178421252637312,1,71.39487197893703,4
-6440747677399513493,1,81.99316441138859,6
-6933474160533048555,1,79.67983737352601,5
3478332328598500883,1,81.96626663183072,6
2934457321278189037,1,71.99014889107411,8
-6829472713288386719,1,77.88815122268984,6
6988838472913212112,1,77.70397805987055,8
-6595933575843520860,1,82.97282761217552,6
1465689918294318359,1,82.38092279445229,7
4288308586664675914,1,82.58311642520275,6
5920942193653257174,1,76.38594170719624,7
4382915631235953065,1,71.96577656820261,5
-4085848155979595404,1,63.37682109278988,4
-3198259769112369537,1,76.88934949178572,5
-2869631526312915619,1,81.80563979793956,7
-3142301931716984090,1,82.22908962030903,9
-4649917416231838747,1,83.13071781392014,4
826531775136553178,1,74.19606655332625,10
6251882934272409364,1,80.30223136217192,6
1418527286911680427,1,83.74383059089597,6
-4464903096284069055,1,82.14185505738337,6
7947774296192121081,1,64.84481031256524,10
4673538029525383170,1,59.06693598800108,7
-7165621025997954539,1,82.69596081473951,8
-4154947867768282828,1,75.37442860184801,5
8600352565722428342,1,80.65983710791171,4
2295705567687032527,1,77.5463601207447,4
-2914256647363189787,1,81.86172577650272,6
-1709480468007229250,1,73.42352836857373,7
-442523483078469941,1,82.03159824393903,7
5339592508028018479,1,55.80459968648169,7
-5112865253125371988,1,59.06693598800108,6
5516307901504112210,1,58.46284657132207,7
-3591220953168500677,1,75.51533796945446,8
6747572638829460613,1,68.88416631011181,5
1610905470974667923,1,81.99316441138859,7
7729788736158497569,1,79.75397505729586,11
1687591118998931451,1,85.33821744405473,10
7466042734965383699,1,80.61078269773564,6
5812768852394636826,1,82.7510619943662,5
2258468163630697890,1,61.51386877030701,5
-1594692259864803847,1,71.54628940043052,6
-8549083519735215416,1,72.17550735913743,5
-7716094557036692681,1,74.77146036436962,7
-4288134115810521610,1,76.2687007982919,5
566807326036977706,1,78.41229527762442,7
-7896967238015078090,1,60.440392845941346,7
6269530612206731083,1,64.47284226824767,5
2040895705693151813,1,63.470206647200435,6
8328081351295940106,1,82.56176274129884,7
7683833604557295713,1,61.85428513785706,7
3272015411718315385,1,66.80845972359987,8
-1932517127558512823,1,56.454288592272356,6
-8020238720853940089,1,73.68145560915877,6
1763313194343593224,1,79.03890323314637,7
7051324875488354018,1,68.95101030024085,6
-8182107100996055917,1,67.05380115753431,6
1055175226668015118,1,74.1968783297912,6
-3225410672455756353,1,81.40465260263385,6
5020412065827011434,1,54.12638230094355,6
-399074712610095028,1,83.02005985515596,7
5355383108409690511,1,81.71618950779666,6
-572648120219462833,1,62.9344178058016,7
7459013874787910976,1,79.42190982473362,6
4220921882390337958,1,76.69249572708198,7
6802505627213478986,1,80.21799200268065,6
4374510737452136875,1,79.46501906561298,7
593133876757002751,1,81.80563979793956,7
4682158720091015720,1,55.523315351160484,7
3940877310370193187,1,75.56689271025412,6
5766559088377448975,1,76.40014315307008,7
-4817129622257618637,1,81.80563979793956,8
-2230090202691022275,1,71.56324823675618,11
-7834761598980905425,1,82.38631975767694,7
-8154708944795235954,1,77.38121566629941,5
1789270269563764461,1,78.8116538024925,6
1513584025259529200,1,75.79774007333525,7
-1367655479599303252,1,77.07460065101866,5
1583128216574530307,1,64.91122665543683,5
5663300912316590634,1,77.33543211480031,7
-8694136849536269108,1,82.90488590222856,6
7524226419852295248,1,81.99316441138859,8
228354495582754980,1,57.185082537932274,5
5910877860579547113,1,72.83243219023569,7
4184850907222089308,1,76.7814999602954,6
5950640376232571640,1,71.46639351464486,5
8434241301442786522,1,79.62714005976008,7
-2438649373752884979,1,81.4275571771635,6
-8082326174420547160,1,72.2663669059,6
9073501618947698542,1,77.46555951688023,8
-1684205064890790406,1,80.19243814209516,10
7608733157110307838,1,78.06615024339668,12
-9009045572442608516,1,81.80563979793956,8
-8186561322736253195,1,69.53845747385714,5
3141737389627476213,1,81.80563979793956,6
6400930069444012735,1,82.51081062955083,6
3620817922629422775,1,75.18211372149949,6
9058400588330842482,1,72.49439189202626,5
4410554101248707927,1,81.80563979793956,7
-1989871483839190937,1,81.52977933760585,4
-7619363226161774901,1,67.9635900253558,7
-1986678074565149434,1,54.96060696103928,5
3076916528613005680,1,81.99316441138859,7
2448309235187051078,1,81.99316441138859,6
-3734738148451196286,1,74.13857968118171,7
-6014612644221244434,1,82.50336626818181,7
207075177481856262,1,79.60826901654937,5
-3983662022184210084,1,74.4819999465338,7
3587443466050289178,1,77.23148719240888,6
6101417449157699470,1,82.2363288767104,6
-630501325497513210,1,81.4004189650038,6
3466304122009420479,1,66.34815445390419,7
-5894059279393969899,1,82.64797058176453,6
7478479125249630659,1,81.80563979793956,7
-2259569227580480448,1,77.30194683733212,7
5115724828917793909,1,81.41190595223009,7
-6337977111085925155,1,82.70301866162167,6
-5166247103652173213,1,85.41920128845712,6
619281427365282699,1,81.24545527992375,6
3895510272033333545,1,81.4912145722709,5
-1883232878797630956,1,83.2617069134291,6
-1906671009426132130,1,80.75973905831889,7
-2973898624748918940,1,75.29786424330356,7
7053050519173405863,1,74.33344861539564,6
5286794233177654844,1,82.73835309023794,6
-5626962121106474846,1,78.48636565533181,6
-147721811009628985,1,76.73109327500094,5
-3418404592479135995,1,82.38092279445229,9
1851336296913054581,1,65.57161832072428,7
-8538649295837281183,1,81.20853521035235,7
6020467283636950266,1,76.15139076080402,8
-7162680590147472966,1,82.97916084571911,7
-861786485971422218,1,70.17618110026133,6
-5520093004301533392,1,80.31000904588515,6
-7704482834351915699,1,75.20525349741452,7
8458142820100291062,1,81.13218616572053,5
-6301692349662081690,1,79.08906015272395,7
-282133277527244056,1,77.08449577542882,6
3896712117588560304,1,63.085161314952884,7
2257657292639615014,1,67.68735751666155,7
4031445326118600240,1,73.96637353792076,6
2859702650035052256,1,66.76077607857457,5
-2831823324448528350,1,74.87648415805897,8
-2892209275071381979,1,75.36082560989387,6
-4579016105108729730,1,71.001935030541,7
3165024042595592669,1,73.81427125159074,6
-1240180463965485219,1,82.33736118351777,6
-640213171244910482,1,81.80563979793956,7
-146075529526904148,1,81.11929155603963,5
2813954054047363494,1,80.42114430894428,5
-4633536501376752484,1,81.80563979793956,7
9085629115304934487,1,61.057700748739045,7
7868403393615116137,1,79.83351035038396,8
-1299618377983521451,1,75.62994820598867,5
4256786497747070645,1,57.02113789958375,5
2218399722375064697,1,82.23267835266162,5
8335007769519260055,1,68.88311092026936,5
8053777470081538191,1,81.99316441138859,6
-9132227305520088609,1,81.39749638483111,7
-2228861274641079614,1,83.48949247484768,6
-5417984054618426382,1,81.08279783217161,8
8906667991114142785,1,80.59762886560418,6
3419232115919856682,1,75.56914278192325,9
8887376036773243415,1,80.23893670940485,6
-3946767885665130934,1,58.73877376316093,7
8871784601328792155,1,73.09794968582761,5
5522247249720672108,1,73.13417800848238,4
597634978677140758,1,82.73721106160934,7
-6045516180091721562,1,78.41229527762442,8
5159981256810485101,1,81.6196652859653,5
-5670409626333920069,1,80.06137228367155,5
7681933568814178184,1,78.6964333273987,5
-8610983299510528559,1,81.55694803563344,5
-5690080439469539452,1,59.09944273810107,6
-1302403339347885644,1,82.9972954425334,6
-5273317575946332470,1,70.94366012406957,6
-7211772058722193204,1,76.82337878739462,6
-7391913867977892792,1,72.2663669059,6
6940375118561393703,1,81.80563979793956,6
7796993861028349885,1,82.00815149136061,6
8037544026406660683,1,74.56769961627535,5
-5516040391016316896,1,71.71545747897238,8
-8170063177736460330,1,81.99316441138859,5
4751160583685641016,1,82.28243756165983,5
-6768968499103861889,1,72.06873226387982,8
238901635003490544,1,73.1198479052012,5
865389890288237963,1,81.80563979793956,7
5739818953425536581,1,81.99316441138859,5
8477139639344945246,1,72.08463118306425,7
-5220645408944887053,1,57.63482982632395,5
-2562932221079158072,1,78.61269648091421,5
3457321252808280895,1,80.4693325847391,9
493389167701160837,1,72.91529350493457,9
7291545924016321110,1,76.3554096681048,6
-1836447180284163620,1,81.80563979793956,6
8827898169739572048,1,57.63482982632395,4
5656170230686640893,1,68.70058998682742,7
4067695575631710732,1,74.09968971703033,7
-1151559714336328368,1,71.9801390439306,5
7052746019197218354,1,70.94366012406957,4
-4367968457121283924,1,80.1454358504032,9
-3409637253716200339,1,81.99316441138859,6
-6321397314293659899,1,56.09164493110158,6
1526852337944140874,1,77.73410193349805,9
3020936773115575656,1,74.63670217862843,9
5944872214284012553,1,80.92489334631401,6
4803606400297129785,1,83.11129457777638,7
1701332783652837771,1,73.57711207785614,6
5630597883190529861,1,70.94366012406957,6
-632705370241468958,1,80.8010282164298,6
-4231839315664850905,1,81.28950926822942,7
1003106416118286606,1,82.22908962030903,6
-6103532565758655192,1,81.99316441138859,7
-8517406576625612308,1,78.57171764157917,4
4884814654570325161,1,69.77862312825869,7
2147544597412630361,1,78.23182771892033,7
474255169779023491,1,68.01468109994691,5
3719778835311701963,1,81.99316441138859,6
2789975721732264785,1,75.4719355302202,6
557975012127827247,1,74.84794953477709,8
5284810938900092246,1,78.22932656889553,6
7981840776270027652,1,83.11701758763952,6
6303919915671725111,1,68.27183069030909,7
6530845929910345353,1,81.89814547700902,7
-7177459353148183250,1,80.50354957893363,6
6855571716446285812,1,76.7418331441653,6
-8784279099304479879,1,82.36384169286656,5
4333450666507411000,1,67.01839192981814,5
4816602156725743367,1,80.71375588117924,7
-794663900788315847,1,81.80563979793956,6
6462686527158577230,1,66.01677478968618,7
-8817675850857402488,1,78.6964333273987,6
-6071556551920646974,1,82.20728037070151,5
4771739115427471558,1,70.9815945159427,6
1705342534015195782,1,79.40864178624497,5
6571206105792598230,1,73.97351660632768,5
8467676189307312181,1,77.73041678074854,6
5295680070294919086,1,75.48905555608027,6
-4317640688169201843,1,77.89838250636747,7
4978897531272441650,1,70.830174105069,4
-6938041128221814205,1,71.81689744204925,6
1148938773943096277,1,82.98079859332711,6
-2903180098125653712,1,72.17550735913743,8
299908337808640406,1,71.58009039681224,4
-5783732767464688643,1,72.09722169705168,8
4839983275746349160,1,83.4843982380377,8
8375955131723746048,1,78.13667268703485,6
4487460244198211978,1,81.80563979793956,8
-6235572561884901745,1,82.69625945321032,7
-2274793214003354209,1,78.11118951958822,6
3239047722184454888,1,77.69785413308313,7
-8752805848294230622,1,62.52718474055122,6
-6313601866918693256,1,64.0318021235958,6
8257391116902526400,1,78.41229527762442,7
-804994063091495147,1,78.41229527762442,9
-1848212805956994317,1,82.87471300526173,5
-5977650768271823530,1,81.99316441138859,9
8079248159205310819,1,82.29842479552084,5
8373417449268256431,1,81.24953329143223,7
7595408124927346937,1,60.96537570961857,7
-6883169516870702194,1,79.73724683741713,10
-5685332946354583217,1,78.90590105303744,5
-7441026942254646607,1,64.2884231580571,8
-6978571030750213762,1,80.31128479533987,6
-6614452246580899700,1,80.37968383737909,9
-8114241466300659241,1,82.8944618445957,6
6543691238040335564,1,80.09366540276994,6
-863303835677605612,1,80.87840276070276,7
1119248547380626113,1,82.28395713834155,7
-348483010913895141,1,81.99316441138859,7
4924936195381253041,1,76.99332116447694,6
7418702283851051508,1,66.88750472383803,7
-5266221137727800941,1,79.34047913455416,8
-4338223574250078923,1,82.74439250062596,6
-405722920005015898,1,84.73350662893937,5
8227417555445069948,1,81.79278129340172,7
-6764539536139760230,1,80.1152971093753,6
-1776420443106096756,1,83.73996863458302,7
1639986878015052985,1,77.70242130657881,6
3719673558225030416,1,83.91674801529568,6
4889776902618586063,1,75.4719355302202,8
9096177975283242450,1,79.24667667038878,7
7964306619268733600,1,66.97678643696595,7
216635232026071501,1,72.68734058487524,5
-9029910107728201817,1,81.05525068330424,6
3496119554628018608,1,72.2663669059,6
5960282213621291470,1,76.320270164431,6
-1436556039612201100,1,64.50225948980041,5
2313610436683596664,1,80.02934783539678,7
-5405136236176764778,1,72.3149365515737,7
157094593151998453,1,83.32358327362356,7
5837360355976686672,1,60.610793614051545,5
1318431784086951841,1,78.41229527762442,6
-3723934066220854842,1,81.43415390422938,6
7816872560492602216,1,77.05343906611955,5
-5762578931538695144,1,70.94366012406957,6
462209886587811178,1,77.14604208681222,5
-8320528831089625718,1,71.46639351464486,6
-6065883316743076082,1,78.64814079358935,7
-2408644446510663697,1,82.73721106160934,9
-5787836778883649013,1,64.70800402157144,4
8284448025223139006,1,76.82337878739462,6
-4290930682953750669,1,81.80563979793956,6
-3232570359120331144,1,64.91122665543683,7
-1716588900891186474,1,81.99316441138859,6
2034698762365763303,1,81.18603985924709,6
-5438562031856568431,1,70.10088212741357,6
8038139643355651048,1,82.47150895288968,8
-8364934191856372867,1,83.81492676821236,6
437729659487771922,1,79.60161790194958,7
7899257359292769957,1,81.80563979793956,7
5301808800440719897,1,58.58086037631368,5
-1651506551405032256,1,80.75973905831889,6
-8733547547541686759,1,79.29683706587569,8
-6930236693224860029,1,83.04684251242612,7
-3678516678084376926,1,73.32273672179153,6
-334814884855925717,1,79.07460023310452,7
-4639919814083252931,1,59.724743464741564,7
3698216117356637285,1,82.38092279445229,7
-1592223921407052974,1,81.99316441138859,5
-1661985560864112982,1,49.40760099260057,5
-7493685860358259467,1,72.02691573644816,6
-4443166305468660462,1,80.68138946739997,6
1171550435018510795,1,69.11661390769075,6
-222830718616096742,1,82.52516461896715,5
-5925501023563976945,1,64.94280832806925,7
-2236770661113314225,1,69.47446531916584,5
-2219750172841324900,1,81.99316441138859,5
-2815092329067118386,1,81.83306917752797,7
-6614276369594598243,1,82.51081062955083,6
7024523621020182510,1,77.27763974752786,6
-257332148698311015,1,77.24766989035702,6
3801157711002798977,1,77.61206881212772,6
5090140813028955442,1,57.994233445604785,6
-7817255488872929015,1,72.83243219023569,6
-2090401265174625847,1,81.99316441138859,4
-3571995849183886302,1,81.19094190488019,4
312483405178284609,1,57.994233445604785,9
6620813052422620393,1,56.196948038179514,5
3176084723484838766,1,74.50665359017397,8
4073422343565987327,1,81.9458806773338,6
6127112595150652510,1,74.2860084213582,4
1465340339948578562,1,74.81449568854059,8
6545919798706190314,1,81.28043298956393,7
-7018997586575420517,1,82.85995745661637,7
823538552422314899,1,81.80563979793956,8
3301281042421133487,1,60.93298343192878,8
-6656030159276034048,1,67.79984158344259,7
-988250465149391749,1,79.42190982473362,7
8542840415140468211,1,79.5927607107838,6
-4651173773416707606,1,81.80563979793956,7
-179214759836445851,1,78.71621792691792,6
2423252817765621139,1,81.80563979793956,8
9100418644679163287,1,82.27198649602369,7
4777136731903536086,1,67.34610449444224,7
-1580866016674871543,1,80.06137228367155,6
8991901394959145358,1,68.88416631011181,5
-5452362556035335585,1,79.80136907752956,6
3460907504860838244,1,82.22908962030903,8
8095256762500817494,1,82.22908962030903,5
8879810711077966311,1,80.04576658568709,9
-3258159989639692814,1,79.73724683741713,7
5027483709825222618,1,77.30001006412876,6
-7996983870686365617,1,62.00483329600262,9
3740235014708112756,1,80.6818838080902,7
-4952535286989502061,1,50.64054354419961,5
-4406209363839254519,1,78.18844029773369,8
7681922800561469089,1,71.07473789489627,7
8269741075628469629,1,72.2663669059,7
-3415604768877994293,1,83.05069286448182,6
8517801109611185495,1,81.59579202019593,6
8975455665072648446,1,74.09689061660535,6
-9159657366533521608,1,76.65288868418926,6
-8003989302718896768,1,72.17550735913743,7
-6951957417201471490,1,81.80563979793956,8
-733900253854689258,1,79.6322215820815,6
7548282264100580048,1,81.44875564994804,6
4399445494487263258,1,55.10274340145195,6
-3986354387871309285,1,78.62568441120183,11
-7124569774541905238,1,79.61162335450382,7
5071935246836044194,1,80.55931353100611,6
7418938757278216799,1,80.75967344232862,6
7848657070839963481,1,82.22908962030903,8
1700733897006170137,1,75.56914278192325,7
4400120062753863954,1,77.61906229080687,6
-3875511288793764634,1,78.41229527762442,8
1996153974659128649,1,78.41229527762442,7
-6500157612563796426,1,78.01381123714218,5
-1534428540013327255,1,66.4291082079275,6
8852706688435429917,1,81.61864367638871,5
-1983002162405416790,1,82.07916747819199,6
-3391852847319491997,1,72.24904621187811,8
3950794986021367393,1,87.12001529619515,4
3923408772150908038,1,72.19687411271461,5
4543966401434692499,1,82.97887901060872,7
-7635060173599130731,1,81.99316441138859,7
-5399084104041256284,1,81.80563979793956,6
7246481749710198739,1,81.80563979793956,6
2970068285408514710,1,81.61864367638871,7
-4393306344497846455,1,81.84558108424524,6
4459735088233834949,1,78.40489105559524,5
-1369190482517683036,1,82.38092279445229,6
-1260215204578468090,1,76.91659954555438,5
-1751071463229417955,1,79.76032246399727,5
-1088612070723730619,1,57.88936165182214,7
-8240210048986989929,1,81.80563979793956,8
-3591362839800233461,1,72.34915232231647,9
7459553997479863201,1,80.59212712539737,6
-2566537093281423298,1,74.04415507250333,6
-2667613466895394157,1,72.69348479443867,7
-3109283534781131115,1,81.15833761759541,8
1915275874556868921,1,83.14124076778573,7
-1024604604554017094,1,81.80563979793956,6
-1200184165759790363,1,81.05215379162455,6
-6744742856456825692,1,71.98976101673065,8
7242817267791117480,1,70.46001454941887,5
9082324437043768487,1,79.40864178624497,7
-1861873154957130343,1,65.12425755778307,5
-3944296378215863483,1,79.93174265237167,5
4148336633082327441,1,68.0527712636949,6
1582283260958361854,1,73.55069403890204,9
489077929117107488,1,78.65055412461938,4
7285018717000471895,1,81.80563979793956,6
-1333922059097420480,1,82.24269624450992,5
-1637262065777585886,1,74.73584026226587,6
1592692575518621150,1,67.65370556652243,6
-4813617141892564736,1,79.99647953580457,6
-8629760557512690269,1,72.00709460641362,7
-4549654465668455284,1,80.180518580236,7
2737832448437033647,1,78.3847056552327,5
8847297214091223695,1,75.82278228159323,8
8260054272912398934,1,73.06339776849552,7
2227238557006083571,1,80.9234569734617,7
-6314372608066758394,1,78.90590105303744,4
-285241074457721842,1,81.80563979793956,6
-4155597534223812760,1,62.00483329600262,6
2679932088912111991,1,82.32873804487907,5
6459065909710072114,1,82.84032014312913,6
-239711142182020733,1,74.14904685411987,7
-1412005383421993921,1,81.8185947613522,7
7662195651175220557,1,82.34046854598836,6
6680258526420493836,1,76.29619513989378,5
215262961511477515,1,82.68120121803416,7
-6199434188811523620,1,70.17474031995843,8
-4618355264934646746,1,73.77808060861325,5
3707332708108104676,1,82.83726860062569,8
-2827866461807602636,1,79.44637845772903,7
3264580284427354441,1,77.68234478065698,7
-4366750682593373384,1,83.06101089639483,5
3569950692504214710,1,81.80563979793956,7
-6525442593199347046,1,77.03234603701345,8
2385669093564241980,1,71.58009039681224,6
-7746412316094080282,1,76.16928585384197,5
7429037334557117861,1,62.56814031574627,7
-2471614913637508823,1,82.66628466946881,7
1444045245714277008,1,68.88416631011181,6
-4927317663201900142,1,79.6833590156047,7
-92286117030363763,1,66.56047237135242,6
-8572418612439458772,1,82.08813388040039,6
7680715581127901767,1,82.38092279445229,8
844043884725551343,1,71.001935030541,7
712512821521663504,1,72.66362756853603,4
1262041498282183882,1,82.38092279445229,9
-6359796787980068604,1,80.75839389567939,5
-3449338180134289469,1,77.47021993252393,6
-2153062600834817651,1,82.69625945321032,6
-8771227823484834182,1,80.04250068145214,6
8255553136203931984,1,77.64466712500897,8
-1696066045378969622,1,82.1806917159296,6
58188861572123721,1,80.51752976997693,7
389267376370423320,1,83.20321209416534,6
6825369290851273801,1,55.88009270979701,7
-1294163274054387365,1,81.83972111611482,7
6157303958976598699,1,81.40081408600547,5
6103673067650409076,1,79.26886731123997,7
991686451491389156,1,67.59647257481785,6
-7469598208688029614,1,82.16499677407147,6
2671675739195453605,1,81.99316441138859,8
5993996603915448146,1,62.52718474055122,9
8009786961376091781,1,77.76248416767248,11
-4508794349076601699,1,75.56689271025412,7
-4893051161315704317,1,75.0745592285557,6
8731131916313375837,1,81.81111029348317,5
-8647886070553453797,1,78.6964333273987,7
3100005372059416337,1,82.9466916303322,9
-255527787920537221,1,75.8671094641658,7
-182486669893202356,1,83.50381693546292,7
7344458883670737983,1,81.99316441138859,7
4380112669697797297,1,81.99316441138859,8
-5030641836349819798,1,72.03609647248989,6
8591400232581955800,1,80.89474996356078,7
1143071871860887894,1,83.11196010329766,5
6909076435952522571,1,81.99316441138859,7
-6603876647670755028,1,77.59389191198217,6
-720055639829483968,1,73.924625450223,7
-5377784909984605625,1,64.2884231580571,4
-1432067680093946255,1,80.94774298560677,6
2863858613623431865,1,82.38850863106998,6
2204464998281826191,1,79.5927607107838,8
7027926453147764255,1,80.61072862654862,9
7750914253718432578,1,77.05343906611955,6
-4415002013782583701,1,76.02291613946568,5
2327979047041705806,1,82.54931537451819,7
-8744478457299735044,1,72.83243219023569,7
957843314468456810,1,77.24358969175904,5
5157019573724342238,1,67.21484938399801,6
-2046796455326023084,1,82.24839974375594,6
-1523569031757994423,1,81.73835180375623,4
-3833962324026985397,1,67.42372292184339,5
-3375410693631797362,1,81.39963713281938,6
7997680025682277034,1,80.91088258549236,4
-5235423955634533955,1,72.83243219023569,8
5518262136042752042,1,71.91590113915922,7
-8740000122117874431,1,71.77422662714818,7
-2931020288728900982,1,79.81923215406168,7
-7214830345069080037,1,72.83243219023569,8
-5718159264009065914,1,61.57056998573591,5
-94207589871672894,1,79.81602780342023,8
-6767223515894218738,1,82.21586644050068,6
-1317019017488510112,1,68.88416631011181,6
-441539764023360045,1,62.140851454509324,7
-1668397747718398159,1,72.91529350493457,6
-1333838144179912511,1,82.38092279445229,6
-6871132772324034811,1,73.09794968582761,6
6851517990016018025,1,74.81449568854059,7
-4411228638344820041,1,71.08951051453747,6
6965627496596617203,1,72.69615355549101,6
4735550326345627014,1,76.99332116447694,5
-1121985057344511084,1,81.80563979793956,7
-6871391222946682395,1,82.38092279445229,7
-9151677412578049720,1,82.62205086560537,7
6001657631731486729,1,80.01472903325978,7
1012007245988884457,1,80.11509010884781,6
2540355632717774384,1,79.86289357969359,7
-1338705199156877801,1,73.97351660632768,6
-2578883946774328526,1,75.23046178211382,7
-2079825563848470916,1,74.65726140557719,4
-2187994150479436075,1,81.80563979793956,7
5214492005049085177,1,83.4847284066577,7
2640985081242875149,1,80.77543781394236,7
2783829821720859339,1,65.59516830736192,9
-3944463437279157003,1,81.41190595223009,6
3838716186616624523,1,81.80563979793956,5
2334509279776668082,1,75.36678781123658,5
8554966513010012319,1,68.63118969549504,7
-3668935155238380714,1,60.66974969928756,5
-1102099216645559451,1,80.7708353601863,6
-2927907770281011089,1,81.99316441138859,9
7302792426241383286,1,78.19071914434302,4
8117738985889345724,1,83.23045807768526,4
2469014801015608031,1,82.98384266520003,6
-8940474524958441442,1,82.86514647249848,7
-8314608371226617031,1,74.58764466979378,6
-6610235809220691552,1,73.51329655186474,5
-7521564246729161508,1,81.99316441138859,7
4282467432939079497,1,81.280680349198,5
-5504586417769028325,1,82.48328979019487,6
8682101073270620240,1,81.81111029348317,5
-5847761939797370643,1,79.54958310859588,7
-8030053388862309,1,74.84794953477709,6
5990214674809628175,1,62.7497484293673,6
-8481416888794373810,1,81.80563979793956,6
5344321296529218725,1,82.8944618445957,5
1785405861219971349,1,73.20604780227845,5
-2064348316709539482,1,77.83503362301127,7
732728512405663635,1,83.225968984731,7
-6206375978423198541,1,79.53750668801901,5
-4185385181663438975,1,79.9481788657401,6
1006093744222921980,1,75.58111077162863,5
-5481001096463885504,1,67.9635900253558,10
6562702218702128182,1,81.4723738575958,7
-572505477554571334,1,83.10881554085209,8
1127173325435530720,1,81.64129971830057,6
-5099671866162428890,1,81.80563979793956,10
7200720825758509480,1,80.9982185159569,4
-1311898636800318176,1,72.27487573566083,9
1880625779556691913,1,79.61010498945018,6
3676538435164651697,1,83.11404576459222,7
4519846305412594868,1,68.88416631011181,9
7971917177745729085,1,80.89067757572109,8
-984835463553451404,1,81.80563979793956,7
-2052213458064366184,1,83.13071781392014,6
2390094005774652372,1,81.685104966566,7
2833265271698901165,1,79.52040177843405,7
-4860321568385342436,1,70.94366012406957,7
-6455892151091313900,1,66.06825989797842,6
7267353798438269538,1,81.41190595223009,6
-1851374635399017403,1,48.07961950013805,4
721713285759503276,1,82.53508721705093,7
-979705147479278397,1,84.0963696502751,7
-4159079935597698813,1,82.26979897216346,9
5405632100109032368,1,72.22362258223804,7
-438138592143653135,1,72.406819433617,5
-6915026513195664461,1,79.6529679478104,6
7668878287943547238,1,81.12533000903235,5
4852363909761395968,1,79.06172576110752,5
-6229446234745708492,1,79.57132626539502,6
-6314887473201830345,1,83.42236273818196,8
2549208549577336533,1,81.20853521035235,8
-5576822060526137700,1,63.37351869477798,5
3851571051949715404,1,81.80563979793956,7
-7175419833985252654,1,67.34610449444224,5
7758154083752244892,1,79.22939944766016,7
3274753371322845410,1,68.7257052265347,6
740246647226467318,1,75.0745592285557,6
3903467921457519806,1,81.80563979793956,8
3039312494234023427,1,82.56851624052327,6
8520585042352769843,1,81.46740018717058,4
9144870138603265375,1,83.92493650722535,5
5899656630451464288,1,75.62838399654342,7
-8905655977113277180,1,79.18230310989775,7
-6823401791037981572,1,79.11251393256471,8
7292500488143704052,1,57.621100163317735,6
-1875071578402929091,1,81.99316441138859,7
-1164169039228979028,1,68.28054588553789,5
5487015735017221853,1,78.18844029773369,6
2263419688792077279,1,75.53303258682104,6
8239891964078599566,1,70.5214495355078,10
-8482325704072084366,1,78.41229527762442,6
6664382873206470289,1,79.54958310859588,7
137289856645331939,1,80.75967344232862,5
6622540978806844416,1,82.67974762930092,7
1157393377950144438,1,81.7834210645473,5
2132659297151950777,1,78.74331135205375,7
-2729776677292872441,1,80.55601367471007,7
-4282708372086617417,1,73.6393054104249,6
6045448306961693711,1,81.25793039997644,7
-4159043308971817559,1,82.22908962030903,7
-9124704729028295491,1,70.94366012406957,8
1901386977747324107,1,78.44162950368306,10
-4555140994124022586,1,76.71283311150576,5
28767508873800532,1,78.41229527762442,6
-849665450511178160,1,73.2830559891226,6
495212879734966266,1,79.0964017783983,10
5575458982126340776,1,55.65156369673011,4
6727771107310216322,1,77.30816100393346,5
7892930439979568415,1,81.57795387763254,5
-8022514428595534108,1,74.46957931530432,6
-6580570236686168480,1,71.42196616041386,10
7409212130427337310,1,81.58942191839053,8
2780776787491325246,1,79.9481788657401,5
5230460078952513474,1,71.48326949204541,9
-5141388445997805997,1,82.1235558007289,7
-4221867804737628829,1,72.84859120271831,6
4421860819862296255,1,79.50576158619039,6
-9167137887856140121,1,79.44637845772903,7
7384175879242050753,1,80.61078269773564,7
1022723240373614848,1,66.97678643696595,7
-8276915332945029338,1,81.39963713281938,6
284312899512296273,1,64.50662927698376,7
-2667626288220292102,1,82.38092279445229,6
-3793147274343404690,1,81.99316441138859,7
-207349716520144229,1,73.6113513504015,7
-4539944351990520761,1,74.56174511479121,6
-6427289426306408578,1,59.16820359410111,4
3919106101519566172,1,64.96345835734044,8
4157022234318648054,1,71.60404677884333,4
4887157859291163116,1,80.31453305813059,6
5274563453882934535,1,59.218184378101455,5
-5726519541508642607,1,80.84357979912794,7
-5385089657887859910,1,76.93133317014916,5
8176771632485400726,1,80.63451265640677,5
-6919646470349482575,1,76.69261203906386,7
724770597511919157,1,82.90428327472534,5
-739847628886348021,1,82.4012936608147,7
-6143395523186769427,1,61.85428513785706,7
-1534631011063743517,1,82.12824874055165,6
6335044908239725627,1,81.80563979793956,6
5584902490801605871,1,83.4473552069675,10
5509710222442457328,1,82.60198081259661,7
5022988378692213241,1,65.19557218746057,8
8140858667559066907,1,77.13911417200268,6
8957504309118107240,1,69.17211743986527,7
5992140151017872468,1,77.73041678074854,6
-5170837225456085009,1,81.80563979793956,8
-3948540256955022504,1,77.29650236452083,8
452495618455730690,1,78.41229527762442,5
-6722820020346742405,1,73.7224221132379,7
-2371611984672333347,1,60.15040318254647,4
-2931657383777871988,1,75.89389724797415,5
-4469089781893941989,1,81.99316441138859,5
-4406245786818305285,1,76.18213954869522,8
729806951109266094,1,79.25785531177505,9
-4258921051760542973,1,75.0745592285557,5
-6852961558292881748,1,78.80654327157995,6
3100008921217478811,1,81.80563979793956,8
6814515068550297054,1,81.29407072908546,6
-522757316412880347,1,83.48619293739351,9
1743888974043914037,1,65.19557218746057,5
4680071907656412723,1,81.95312806796609,5
-4516387583665169056,1,82.75963842100293,6
-8683297919344444734,1,65.59516830736192,4
-7288562121057681413,1,79.04006130476954,6
1877203067724960372,1,77.07113096868598,7
2000245231970511593,1,81.80563979793956,6
-1760777450411744615,1,83.48949247484768,6
7259088426439653077,1,81.12061331121204,7
-4139800850063964325,1,78.41229527762442,7
2628398693723684295,1,77.53507035896835,14
-1830751513343314831,1,80.0606775482994,7
7775983008254057747,1,82.24269624450992,6
6316787269121500350,1,77.47737059685164,6
-6286932770137781405,1,64.78834212392634,6
3340295677951358198,1,81.85256220952783,7
2085293019762448248,1,74.62426771854832,5
-1890243249237215257,1,82.05167929102677,5
78448417610867145,1,81.99316441138859,8
3607986470332824894,1,68.81668990670687,7
2449615471253129371,1,70.29152597319107,6
-5781133497885884343,1,79.99647953580457,7
-7266589189544274620,1,80.53994476172473,6
4827717693211948159,1,81.80563979793956,6
-3954669315360415010,1,81.80563979793956,7
7095107692672046599,1,73.19150642721677,5
2474150275695466891,1,73.59975849200609,5
-5770655110056288155,1,80.85976044568774,7
-2650901602755295162,1,75.31840144338526,7
2508668575706108245,1,65.7030557312389,5
7822889589623724515,1,82.38092279445229,9
-7434837330285962873,1,81.20853521035235,7
2604048321076410233,1,81.59999033591892,6
-8367845121316920082,1,82.38092279445229,5
-4457542161686091985,1,47.974062430072316,6
4493455296851883676,1,82.22908962030903,7
1296506107351859987,1,78.06462090011713,7
5607773040906261100,1,78.41229527762442,6
-5308698955467023575,1,64.78834212392634,5
-6745992366427512330,1,81.24545527992375,9
5498424181549611593,1,81.86158987905799,8
7838876620627598945,1,81.80563979793956,6
7056477263376893087,1,79.08906015272395,6
8106053685108746442,1,82.55146407241513,6
2850051673413983410,1,81.56828931599982,7
-4681852655130995107,1,81.20853521035235,6
3965120857969853309,1,80.46900858341947,6
-1753136185277271098,1,72.83243219023569,6
2615254639935060140,1,82.77138489614525,8
5599416069023741381,1,75.75803609310213,8
-400927846206074033,1,73.6136268247447,5
7090437638628437186,1,76.15139076080402,6
-819701232732117728,1,78.3847056552327,8
-3636159438414348523,1,82.21586644050068,8
383809325576122225,1,77.08189957638562,5
7612239934031852477,1,78.82605801885411,9
1599934976884602171,1,73.07546128894569,6
8846306718324708097,1,79.88763707700706,8
-6827219571815022350,1,81.80563979793956,6
-3252790064126094090,1,77.62532506567055,6
5474930890394701119,1,71.20021559728401,6
2726065511392143164,1,52.837833324312165,6
8331855041698112986,1,70.69866802470457,7
-6511358202311909422,1,73.06077924275473,8
-1517209544476686965,1,82.38092279445229,6
7543150028223871878,1,82.38092279445229,5
486381116569685108,1,81.80563979793956,7
7631360939705650347,1,54.01410158305261,7
929356810414228415,1,61.85428513785706,7
2831156204023654455,1,74.14904685411987,7
-133414564182458785,1,78.41229527762442,8
-2139114907322813283,1,76.40014315307008,6
-5324373445010819873,1,76.40014315307008,6
2763392627418845258,1,72.83243219023569,6
314901715679243904,1,81.99316441138859,8
-2603087752764288233,1,67.31983251424928,7
-6700877099364323465,1,70.97214806912832,6
-2658284076669440278,1,80.87974733619018,7
4018638282774437064,1,81.36630199458294,5
7464522646507577133,1,74.59655445638491,5
-762102583960152526,1,74.07130066813518,6
-3385299391982457741,1,82.38092279445229,5
-4721401115792771178,1,79.67983737352601,8
8590849919563582286,1,67.15317625814355,5
-117550883179129779,1,82.31340176211833,4
-8424506325759363980,1,89.53277072922477,6
-8303233387391039364,1,81.80563979793956,7
-6288098175373214288,1,81.98282847142053,7
2470155903384911075,1,81.80563979793956,9
603452334183628259,1,79.52040177843405,7
-4773195424413056748,1,71.1411868112482,5
975442577333382566,1,71.90354267996427,6
-7267293019239472918,1,75.57754410759215,9
-7306021806068648534,1,81.21051033565422,8
-4699056410447398713,1,72.2663669059,6
-4863685497331543900,1,82.69625945321032,7
8171543720735333501,1,81.0328848187731,8
4587395275839860320,1,71.001935030541,7
-7277733991104038631,1,81.80563979793956,8
8736643939444963597,1,64.14656278814455,8
-6319464038550758794,1,82.83726860062569,14
7641218965421577956,1,76.10828030119205,6
6106788398275181844,1,81.80563979793956,6
8329351876244043969,1,80.71221472737699,7
7533345845230640605,1,81.6290188100067,7
-8115586035894278686,1,78.96980898971901,6
-8190835924291609900,1,70.94366012406957,6
3681274031479736246,1,76.02291613946568,6
-6851206293092351581,1,81.80563979793956,7
2828779208387557910,1,81.99316441138859,6
-3321229494797869717,1,79.74323816364799,6
-4722541671885458206,1,70.94366012406957,4
-3645654930058536282,1,81.80563979793956,8
5788148909338012506,1,70.94366012406957,6
-4440472443118399621,1,82.93273902716217,4
-7188437435575682702,1,77.76614566503535,6
1955383997178271971,1,82.98020289875022,8
-230789676199832980,1,59.06693598800108,4
-2286869278975378071,1,81.46740018717058,5
5277030281611274912,1,79.67983737352601,6
-8450517183348118555,1,71.39487197893703,8
-6470852510656838548,1,64.60515331454079,5
-4738109364759247340,1,81.80563979793956,6
3408983728344347602,1,81.41442026474843,5
1818818453502998219,1,65.62752465212391,7
4699612167563752007,1,78.81770682196017,4
-597819922336100716,1,67.65239509877813,6
9103586375997662281,1,58.63279702108633,5
4267239631423117187,1,78.54705789031576,8
3565179261354509628,1,57.07700493138548,7
-1037297718712194422,1,81.54455394795369,7
2110367262238669241,1,82.54780957788182,6
-3584290350691724269,1,82.83726860062569,7
1054397577000762619,1,69.39700361281452,6
-6107433740724613873,1,78.29331636828826,8
4786746033383529727,1,77.17293660142427,8
7591339617975846263,1,71.46639351464486,5
-7330625778188034585,1,80.19472609326563,6
-8677713436758202149,1,81.80563979793956,7
3048213669048930733,1,80.30322970895597,5
3866675179238331022,1,83.0247785251524,6
-7300693100202385607,1,74.40201586189714,5
274439608113341292,1,74.07818431888568,9
-7678719629465919133,1,74.54662971388873,8
5728124550123896190,1,79.18230310989775,7
-5935201915465864479,1,81.45182995747905,5
7338534873961713171,1,60.394251998766066,8
7302068382751492271,1,83.74383059089597,8
3267103377301376828,1,82.15868629201009,5
1150495735630585704,1,70.48630639830569,8
-610062734023585319,1,73.81427125159074,7
-3034357225405480492,1,81.80563979793956,7
-7936988418823940024,1,81.20853521035235,6
-7058708553315182534,1,77.29591429297004,4
-1642049289822064824,1,80.45286312260544,6
6081986979137676089,1,59.06693598800108,7
-6748171200656065032,1,80.85599296359871,6
-8792256420543495575,1,81.99316441138859,7
-8074406546013059473,1,81.80563979793956,7
-4300088247328377134,1,72.83243219023569,8
6018194739899336096,1,81.80563979793956,7
3140346693801476469,1,62.00483329600262,6
6339553167471387882,1,66.4291082079275,6
5251744669997401179,1,71.6708937709257,5
-7176410688125413222,1,81.07738000997662,8
5565869013299389047,1,82.69625945321032,12
-7042031688008693013,1,79.6529679478104,6
-2060808543212792230,1,79.07460023310452,5
-7837443156016942170,1,76.286291983375,5
-4208354242839800459,1,79.644943630505,5
-3699529802740957792,1,81.80563979793956,7
3374009493962268010,1,81.80563979793956,8
5612367720969201417,1,67.52781549519548,7
4312452495770222096,1,77.05958238195836,5
-3492717974866942150,1,69.47533487437838,8
1579955807512514654,1,81.26925259304306,7
-5065407038685668444,1,81.20853521035235,8
1198562619026831912,1,67.08197468567315,9
1285895472199887510,1,70.61137176284653,5
-3694126405119485704,1,68.07161375331216,5
-7892279272113680177,1,78.41229527762442,7
8126203751327055986,1,72.88220753167735,7
-8633333825683352756,1,79.85169185434444,5
-4433676849678857659,1,85.97002877210682,5
3353212554667247820,1,71.5750002467189,5
-7394457734440874058,1,78.41229527762442,7
-5149006057220222315,1,81.11929155603963,5
1692656039493596260,1,81.12348803358162,7
-609641819466987612,1,76.5089963946569,8
2365281335668911849,1,78.5212559751323,5
-2490892849670488625,1,80.30020026441598,6
6149374854391008592,1,71.86536662305552,6
-742985879237613405,1,58.08847018441648,4
6897035570862077547,1,72.2663669059,7
-1214308440359722123,1,69.80703162057411,9
-1430433430313406899,1,77.40482348121306,6
-5178678188516219457,1,79.73363249589798,6
4407959756191113761,1,82.80434936267046,8
2825553650867074890,1,76.66289623335764,10
5854467235126628917,1,81.80563979793956,6
-1345806723959330650,1,81.1856130108179,6
7987706366759998884,1,81.80563979793956,6
353520344997449523,1,76.45230528628569,7
-5260945611712174436,1,57.185082537932274,7
7912522447294730596,1,78.8116538024925,6
-6811297819471951728,1,81.80563979793956,8
-564301407731112802,1,72.83243219023569,6
-8684061070995427117,1,80.99802755366598,4
-4680478594348180763,1,78.41229527762442,7
-8097916169196321656,1,81.58942191839053,6
1814424876341128906,1,78.41229527762442,6
-5179460632538275791,1,82.8944618445957,9
-2952059314081811553,1,81.80563979793956,6
-7682162148463933714,1,64.55997890448987,4
-2639660647813019469,1,81.72316833255908,6
6247055256332189302,1,75.31241716541673,4
-6260725648063859425,1,64.11151490336563,5
-535460629730563264,1,63.06231093203484,7
-4714915752786333164,1,79.61536168580646,9
7556712025268098227,1,71.40950942807017,7
6795771818128004656,1,61.85428513785706,5
-1069230647958373200,1,80.23104515244802,7
-2988107615837270467,1,77.47737059685164,6
8980719268771100701,1,75.02559699988122,4
3945796944463794991,1,81.99316441138859,8
6754629548182433135,1,71.56324823675618,5
-3934841102462059159,1,64.21709707502598,6
-198111371718490658,1,82.77138489614525,6
-2217786611064767217,1,62.68795378101435,6
6193208122666808056,1,70.28048985484973,7
-7200927715173304297,1,81.99316441138859,7
5297080431678687472,1,75.37442860184801,6
-3127761431940698097,1,78.41229527762442,7
-2835010484343739400,1,84.28558809748618,8
4048251183019460949,1,83.68965472892137,7
-5556583354457040412,1,80.70071146601816,6
6577562075038633138,1,75.44210691813956,5
7624041481352275421,1,78.58868070736095,6
-2446584879379995930,1,81.80563979793956,5
3638932621907117915,1,73.90127168607945,7
-7959543997821423413,1,81.65717678765915,5
-4072810181527037452,1,81.42725972715284,6
-137370622858382029,1,82.37939081765334,5
3388713917940780506,1,79.49000532979288,6
6686184745049261905,1,56.26760356125753,7
-6827649316377520526,1,82.69625945321032,11
7458170200679307041,1,79.83512147122366,8
1138148205788106057,1,70.71656062431163,5
-8499513408007198541,1,76.99332116447694,4
112745622066911588,1,72.96577995410023,5
-2660958388929189665,1,82.69596081473951,9
615012469027088971,1,57.48182311984837,7
3357131085062580987,1,77.30816100393346,7
-8224455698083814762,1,78.41229527762442,8
8019757524767420304,1,65.57161832072428,7
1073299479725145844,1,71.53988677422011,7
-2972382384119300835,1,82.6638516756891,7
2962896242960384607,1,81.32052420965869,6
-5951867992611456027,1,81.6480570808475,6
-1886919489341423192,1,82.32243627350996,9
-3619556449234664288,1,81.80563979793956,7
-6449492531953252603,1,80.39413728884217,5
2065785326665073764,1,79.92925797717109,5
4760917577650090616,1,72.83243219023569,5
3929582315589563879,1,65.84177357500684,7
-3044236584903586910,1,81.80563979793956,8
-7560476519033008354,1,60.934365244086024,5
-3447720404274308567,1,77.24766989035702,10
1740788084771121811,1,63.34445302506445,7
-4532358888474966552,1,82.17801837780638,8
-1971363789265115954,1,82.72949554910058,6
-4069001966132311406,1,81.80563979793956,7
3659135327970800908,1,81.80563979793956,7
-4143615891001635653,1,71.57257331037333,7
7794868127584730891,1,74.01808237765323,8
7999262288883998233,1,75.26241740710117,7
-8245260812055309075,1,62.844317993067015,8
6899895478333386366,1,80.28355538206576,5
-7215720145057111360,1,68.62599600183077,5
-2278981840767511180,1,78.6964333273987,10
-5395969775602821958,1,71.53988677422011,5
5795758817248758872,1,79.98847567325902,7
3010498571576304947,1,82.66440940979392,5
6815691103135871737,1,75.96694418147794,6
5393925530778183131,1,74.01808237765323,6
-82194781822038841,1,71.07473789489627,6
1910711472651349658,1,67.97407157644761,7
-4380204233678585394,1,72.80027521205683,7
-8385268512859952393,1,77.66043378223004,6
-7688985505677136710,1,82.71936350816728,5
5842239442236432529,1,81.69886713120522,7
4116650039154841208,1,65.29897997512471,10
11209806144799448,1,82.38092279445229,7
2926523586614933927,1,79.85169185434444,5
-3398325434558835206,1,61.85428513785706,7
-3044961065154430148,1,74.84794953477709,5
-4671776633168829761,1,81.80563979793956,9
-4742134753086483349,1,81.17046675201176,8
-8443686922738346608,1,81.80563979793956,8
-6038783773377001158,1,72.0464805531104,6
4492032859684285485,1,81.99316441138859,6
-5454626759062376207,1,82.44622159658918,8
5538054996348701353,1,78.41229527762442,6
-2211270112897054069,1,76.40014315307008,7
-6250522374874834608,1,75.37920211624078,4
-3696037775809290736,1,62.08743482781183,9
-1912355921625898893,1,73.98509871990511,6
-7048821222325653436,1,69.65217384083955,4
-3762196364292697486,1,60.440392845941346,8
1049856591537047924,1,67.22830457452888,7
-8083772678784794712,1,81.99316441138859,8
-4917906725366495102,1,81.80563979793956,6
3438724804839679095,1,81.1856130108179,6
-3762774080989146635,1,81.80563979793956,6
2712800221328639089,1,66.30195509998423,6
-7688313251799908037,1,66.77265966928171,6
-4228354603896268400,1,80.88102983843568,6
9111782383984643142,1,64.09396952875741,7
-8677434900121272856,1,79.91359220806338,7
-4530770161698878079,1,81.69035349100238,6
-9052559118465324953,1,81.58941675829449,10
-7354951311020279147,1,80.40085280876369,8
4784641874222624232,1,78.2300532182817,8
5398080650239370872,1,76.46524761482594,7
-5140164159970129769,1,82.35923627978786,5
-5564987528477636878,1,57.41025809246058,6
9002814664047836093,1,57.994233445604785,7
3309921522538140456,1,75.30473042711897,10
8556451046412323758,1,81.57449849286616,6
-8742071790649578458,1,77.89254768428529,6
3703265415676796270,1,73.27365757630501,7
-2655253383004086048,1,71.20021559728401,7
-594112131757456443,1,70.94366012406957,7
-6660042236081933103,1,67.34097249376367,8
-5625150528021014171,1,73.09794968582761,7
7139857791185680950,1,63.470206647200435,5
439259113246130747,1,70.9413622432965,8
7291412641754211631,1,80.30305582190111,7
-8480244937583092730,1,80.61078269773564,5
8331809145023791061,1,68.27183069030909,5
-6052251171363140490,1,79.72503787288132,4
1839904184450224239,1,81.58942191839053,5
4023225999762781321,1,69.99935075659366,6
-8542158411028891713,1,83.31778927322651,7
4556857004836596843,1,78.72680889214307,4
-6591306636608993418,1,68.95101030024085,8
441658759958091200,1,80.4368997904312,6
-4938391026491287735,1,72.83243219023569,7
4180818225570649183,1,73.59487321439912,6
7772347427148478218,1,81.31520528397614,5
8336313884596186209,1,81.80563979793956,7
2999611646457978830,1,82.27198649602369,7
3219470493874132834,1,70.27716766190912,6
-4452815370477170786,1,81.03854885720045,5
9151560623663666404,1,82.2256670486099,5
-6171531870860570903,1,71.90354267996427,5
824576888464737344,1,73.97351660632768,5
-8280983804777859578,1,79.9314555624219,5
-4461005490378778958,1,79.99647953580457,6
-9103537401637662525,1,79.18230310989775,5
8652945901194195157,1,82.38092279445229,7
-8327728190726606128,1,82.22908962030903,7
4881471435349689579,1,78.15179212977834,8
7022917237195267637,1,80.14975936977577,7
-7253311117955846355,1,78.44162950368306,6
1361884332151865866,1,82.26589843950414,7
-1036703440348586591,1,76.34763915450978,5
2538063488032863434,1,82.9305010279794,7
-3804692361724196926,1,79.98330452860274,5
-1656854140359449886,1,81.44846794398063,7
5923449058081633406,1,81.80563979793956,8
-3844623121520759635,1,81.98598121988495,6
-6976591072095129034,1,81.99316441138859,10
-5246123692743667357,1,74.56174511479121,5
5770466168649131461,1,74.25197187433442,6
-4883483198194397117,1,77.0647614175465,5
4020522433998325944,1,74.89368272504964,5
-5378794878203657884,1,81.41190595223009,5
-1291551258487712090,1,81.11929155603963,6
-7470413037188414375,1,82.32873804487907,6
730486789791790233,1,79.40864178624497,8
7036297237199272156,1,80.88102983843568,7
-1980336811520036082,1,66.69026855954533,7
-1751910802552928680,1,68.88416631011181,8
5458345108303729271,1,81.80563979793956,6
-2853063857316496048,1,79.21674413576712,5
-6159608798306774631,1,80.98732916740643,7
-82129360662769856,1,68.27183069030909,5
-8551835487613009590,1,78.35004596204358,6
9116725322223373776,1,82.26099286169924,5
2909720382512366227,1,64.50225948980041,6
-1993892986692614037,1,82.1788895227753,8
-1511911449443165785,1,72.17550735913743,6
592067084934576527,1,71.99721054199568,6
6068966734074551767,1,75.74729315059754,5
-4982172508762039142,1,71.53988677422011,5
4809393206950565492,1,77.19257347880699,9
-5514932107948245174,1,66.07721881634197,5
-5358343430358342013,1,81.99316441138859,8
-8247231185714171680,1,81.75097194132677,7
8347849542270010310,1,81.08910374076375,10
5397862240533341904,1,74.88348774538395,6
-1989242651008880897,1,81.80563979793956,6
3280864816779591107,1,75.73721274830211,7
4088072974591043078,1,74.56174511479121,8
-6881949996817046901,1,83.02005985515596,7
1631176097866976637,1,81.80563979793956,8
-2928725469964598909,1,70.94366012406957,6
8008062218842481131,1,81.71566212322125,6
-3957746871620938108,1,81.17893887665294,8
6156661742469647695,1,79.80061075341159,6
-868878206221610527,1,78.41229527762442,8
-7711927592435794378,1,81.80563979793956,7
2225097499555996276,1,71.48326949204541,5
5743665042777108928,1,59.30000706722814,6
-2053767335388036224,1,79.9939307822975,6
6282407188241124633,1,83.02948103909364,6
1065562933469080594,1,72.35274204628278,5
8468576192788418459,1,81.64322461284456,8
3744765379882892207,1,80.503995973454,8
-1325185463785164306,1,62.00483329600262,6
-2803367572899354273,1,80.94862543872235,5
-6030106446895911481,1,81.80563979793956,10
-4024377255926803158,1,62.16782795595291,4
476571787628856646,1,82.17801837780638,5
8103376922678711404,1,76.26069865597923,6
1593041558140360780,1,83.48820241310779,7
8431383297755974761,1,82.15331332561993,7
6366821632478992956,1,78.32545374139428,6
5850080051886587451,1,81.85522751024098,6
-3342616687637714389,1,62.00483329600262,8
5335566105274657387,1,82.49234538147509,8
1097712849330592715,1,82.06322301108798,7
6870861914006302915,1,81.80563979793956,9
-3399196681612375586,1,80.72888158253328,5
3969559568740500898,1,81.44846794398063,6
-2085442234969846550,1,78.01798853438481,7
3148494161295614437,1,81.51675786571755,6
6177703164535141043,1,71.20591169582772,5
-3799380225354332800,1,81.80563979793956,8
8747081093721167363,1,65.14533447137039,7
-2495745030735051533,1,83.72827740314108,7
-4962956851734749360,1,78.23182771892033,7
-760471978354097163,1,78.32365377065524,9
-4800203261160125982,1,75.55545139618698,8
9196412837929214516,1,68.81872936128168,6
-7818070640174835948,1,81.99316441138859,7
-9034536080042636560,1,61.421281374485666,5
8641749745976184392,1,82.43254303272923,6
-5665223923332961877,1,75.4719355302202,6
8060003712099645463,1,82.22908962030903,7
-3043318186577426003,1,57.72564858826778,5
3194350479645460796,1,57.24096222048249,4
-9209598115562964416,1,74.69749451786657,6
-2209936188197122970,1,64.87761815661884,5
-7521627010160759308,1,68.80777798012402,6
-1576180201028996689,1,81.99316441138859,5
5171014759110474502,1,82.07978092894355,6
-5314513792481669372,1,66.01677478968618,5
6939106340769221477,1,82.09596625004279,9
-5746040628732928353,1,82.36384169286656,7
-8274065382080402664,1,80.77187444058683,7
-2020923375782452402,1,79.75397505729586,7
8208876360947430271,1,80.87974733619018,7
5345224196174939784,1,75.4719355302202,4
-9005114087681438911,1,80.19135706265064,6
-6550342352426805592,1,78.06462090011713,4
6274402305210587997,1,82.0815851480555,4
-444498973687012074,1,80.82234942442884,6
-4883826730918402528,1,83.14124076778573,5
4791065212450744996,1,81.82765861225,6
3939063455545382797,1,83.72827740314108,6
3955020904330266088,1,67.78144432324066,8
6731646140730905745,1,81.80563979793956,5
-7369330480671465386,1,70.27716766190912,5
-3588514402707742460,1,71.48326949204541,7
5849448342508864572,1,65.07941934236601,6
5612411139673977205,1,62.00483329600262,5
3525253899297060973,1,66.95629915647933,6
-4614173643540483631,1,73.58882805590672,4
-6915307025233426567,1,82.45112721261803,6
1227688164450328622,1,73.89551174476706,6
4661148496001254991,1,79.63509876050469,7
-9159425807609968727,1,81.82700626180123,12
-6697380155579240940,1,74.53162372598139,7
1179838931145668472,1,82.52991849976453,10
-3721651792732623448,1,78.02389101666921,7
-615506698013447789,1,82.22908962030903,6
978095360737635589,1,81.82700626180123,8
-2830491839610052061,1,81.59310775298367,9
-3493962784333138310,1,70.5214495355078,6
-6975180097452097375,1,62.00483329600262,8
5256413587984404915,1,81.80563979793956,7
-1318237491388502646,1,81.80563979793956,9
-2353224937261796740,1,82.82160070301433,6
1845648692144114604,1,79.24187527799637,5
-4064121155776476560,1,74.6571231914269,8
4122422015078156779,1,70.73658359882629,6
2001525335609043606,1,75.30459030459605,6
-2421616108468028515,1,68.88416631011181,8
3443846155781557043,1,82.38092279445229,5
5947379465191014707,1,82.98870063847794,8
8832819993906779732,1,79.67983737352601,7
3503291891800085522,1,81.4912145722709,7
3887250054385386899,1,80.96580712918548,7
-9099427318006836905,1,81.80563979793956,10
-5782189231084107065,1,81.80563979793956,6
1134665113786990345,1,81.10068180468149,7
4994413212789698565,1,70.84735813673845,4
7190619444401125947,1,72.83243219023569,5
-1820986409345060443,1,66.72212682148613,5
3956732920162345578,1,77.17878471803624,7
-4355209018272439383,1,73.44804331294733,7
1470572608642113516,1,71.3668718097014,6
-1916589207381859814,1,81.80563979793956,5
-6642213998340380020,1,83.05617958872152,7
5866210348166253753,1,82.93958069236534,6
-6059946720784734634,1,81.01223456204656,7
-8357386504596235439,1,80.07482235514766,5
995869758119596837,1,81.80563979793956,7
-842731874933554628,1,81.67300895596277,6
1144499431001890875,1,77.89838250636747,6
3899419894917181346,1,66.81569538735964,8
-7276272479185004149,1,82.54931537451819,4
-3617975074518727427,1,52.837833324312165,6
1048864911177267342,1,73.15913451973107,6
2360977272624626880,1,78.58179130927522,7
7722582037610136906,1,71.81689744204925,6
-1791879226338480547,1,78.6964333273987,6
-7367295456381053406,1,70.21150827724361,6
-3535624260870068773,1,82.21692488319165,7
-3986281159660944778,1,73.89508041981789,5
7375835306393139131,1,81.1856130108179,6
-2933701535655740787,1,65.57870212413609,5
9053980256018426034,1,68.27183069030909,6
-116340961023082627,1,81.81068700170421,6
-7975559163758476655,1,76.60452474826715,7
3891782631435441332,1,80.86624153356478,8
-3464244621372892550,1,81.80563979793956,6
-3814106488935728619,1,63.8050245890898,5
5134070587501113633,1,82.47915865507453,7
4536576058266072468,1,83.9101739530866,6
-6833472258192742916,1,81.02804682899401,6
-8126934799147710622,1,74.07130066813518,9
-4710222766946087857,1,78.67862128634066,6
-6055589831053517364,1,83.8659628670378,5
7391778119194516328,1,80.67997440239112,6
8627579632653112441,1,62.436792551395456,7
1478612277866703876,1,79.85843734943484,7
-4706385667248667024,1,81.80563979793956,8
-5216588620267793679,1,71.81689744204925,6
1354262490981360572,1,72.25247572135407,5
8995476919599763591,1,81.92965382463275,7
4629267202644078085,1,79.25075095814726,6
6455052057626110341,1,77.49871448668146,5
94169181720489886,1,82.00815149136061,5
-2614529624005056685,1,72.83243219023569,8
-6266044139304426761,1,77.64466712500897,6
777466859317643333,1,72.2663669059,7
4735551364289615313,1,82.80284759869491,6
-3249644900507345269,1,75.51533796945446,7
-2598487450690129480,1,81.82700626180123,8
-7394287135451856332,1,81.69886713120522,7
-3070785021764144120,1,82.22908962030903,7
4708993485640470955,1,82.2121581919287,10
3106474806705237745,1,72.62943824226627,8
683357667531289924,1,67.10259836472771,8
5620156374147995235,1,80.05129320899697,6
1804057527525192434,1,80.73024803913883,5
5086218337996999435,1,79.06172576110752,5
-8692413691240940205,1,68.71281170327364,7
-8304499910514858476,1,81.99316441138859,7
-9058643840258984696,1,81.99316441138859,10
1305837213217137348,1,81.99316441138859,7
3467513904575188321,1,70.7224563023203,6
-8558973673910499616,1,77.69785413308313,5
-3362227551742481564,1,81.25350016680214,6
-5646954749611871039,1,80.67081632460186,5
7776131631905425440,1,81.81111029348317,6
-6416829309038644695,1,81.80563979793956,7
-5511849530252416277,1,67.5314904606235,5
-6816761452417218438,1,80.85254534355086,6
-8884779762236098554,1,82.38092279445229,6
401586684116616614,1,59.06693598800108,6
-6075349070767204342,1,76.08202739613219,6
3109038693192171852,1,79.67983737352601,5
-6376258321703816877,1,82.2128569266009,5
-1401255580927252287,1,71.39487197893703,4
-8924739843080492664,1,78.41229527762442,6
-549252769826078040,1,76.88934949178572,7
-9035238949995993240,1,81.9047335839088,6
-1450121273217518727,1,80.68256583961971,6
-7249252321180320967,1,75.9963549348957,5
-3317007270437602908,1,82.37184496003503,5
3739124536449768858,1,80.22636656358623,8
-6518480902368398168,1,81.58942191839053,6
-7201496808186369987,1,68.54260613330837,6
6369763983734730612,1,77.59389191198217,7
6759987750150672555,1,78.41229527762442,8
8207981024732455945,1,79.62533875134663,10
8372506389764670500,1,82.7534609493363,8
-2193771884270817614,1,81.83902921840912,7
2114726668350135296,1,82.69596081473951,10
2227575216379235003,1,81.92540691759514,7
-4564443885858759034,1,80.41829696782919,4
8846294805550002077,1,81.80563979793956,8
2157780501938755330,1,81.94556548916755,8
-2899417651607026836,1,83.45154969077777,6
5717639447461448355,1,81.80563979793956,7
7489142279943386445,1,82.83726860062569,7
-5776357118251167746,1,82.35670521886689,6
-1654929944020191122,1,75.20487949053796,7
8287562707215161047,1,65.59516830736192,9
-7252985658102667698,1,81.80563979793956,7
-8126512113692389112,1,62.00483329600262,7
7503023022311709082,1,76.58202126554418,5
-6940682715555849789,1,81.81111029348317,7
1954013888280915031,1,79.75397505729586,7
9093754341726512470,1,72.2663669059,6
2401808752678752339,1,81.80563979793956,7
-6748439365829028135,1,70.94366012406957,7
1881518945396619574,1,80.58322339612917,6
-5359791678320459904,1,80.57074015079644,7
1742356196946715254,1,77.38449474895783,5
-8866718526237430044,1,81.99316441138859,7
8139656634397028355,1,71.48326949204541,9
-57311783278661221,1,75.51435332433024,7
-6656488655384434173,1,65.07941934236601,8
5599771261374635126,1,82.22908962030903,7
-774160757043214170,1,71.91590113915922,5
2795295013445157888,1,74.96053968816379,7
-7704995195953759582,1,83.04986690179058,5
-5009041820533940654,1,82.71205796412126,6
-8198508506084894735,1,80.68473913593334,8
6271874560128969058,1,81.89214107502035,7
-7168486585597905897,1,77.09720954665995,8
7986240083793829630,1,79.89315240000973,7
3795936540285421727,1,63.77640191702113,6
-5967166270887797238,1,80.75556998061221,8
1674606524349687242,1,81.80563979793956,7
2381713182341749784,1,81.78732820068345,7
-7867070445100952160,1,72.4797330749103,7
-329460616484752893,1,69.72099275380545,6
4513742633180691187,1,82.01074215224614,6
-6012112813604654603,1,81.99316441138859,6
-5353190515649637404,1,80.27568106594538,7
-8118869988647387860,1,78.41229527762442,6
5024603315124463026,1,82.38092279445229,7
8907861634926254563,1,82.52032497380746,6
5157492372593166616,1,77.30194683733212,6
-4323367278216384883,1,83.3481688229914,6
-4085082455515007993,1,79.32331241693848,6
-4204894179257386510,1,81.90767108341575,10
-2862812784663975060,1,57.994233445604785,7
9161267100576746949,1,72.88220753167735,8
-1655716046699460566,1,65.67913568433448,5
9104839856298187089,1,72.83243219023569,6
6440051804185367176,1,76.71867255301683,7
-1344352181151357342,1,59.13079359567226,6
-2529646358102478532,1,85.2895292225189,7
-5116872207689637626,1,83.11129457777638,6
2832860497449980495,1,82.24269624450992,7
-1725278684873704443,1,71.07473789489627,8
343214069943469349,1,82.69625945321032,7
-8254578338731748300,1,81.9994623605397,5
-1988888172158289613,1,69.41377666771322,5
-979766930490280659,1,82.72229077063986,6
3001594409489453307,1,81.66462505459734,5
6308056065560121986,1,81.80563979793956,6
8634376295626243940,1,63.604506012878836,6
5991187886722293005,1,71.42196616041386,6
98653921992528415,1,81.44846794398063,8
1829643105238760594,1,71.41834911048694,5
689293438009201399,1,78.41229527762442,6
-8378652950208501295,1,80.75848478934783,8
-2553840223812516380,1,83.04684251242612,8
-6115098692992296735,1,77.83219567598857,8
3507862850932372029,1,82.22908962030903,7
-5245525361516628958,1,71.79981965478026,8
-4780821300461125494,1,82.48060427637726,5
6943307535685071336,1,79.35454265448075,6
-6540419712940343754,1,72.17550735913743,6
1644180208080172338,1,79.81602780342023,8
1453168526177617138,1,80.61078269773564,7
1300573092439746399,1,79.91211864797482,7
-7139162520757822685,1,76.81611984973564,4
8252107861743490105,1,81.7028518020527,5
-8553637205985228894,1,75.10931563970416,10
-8929987787138502150,1,70.94366012406957,7
-928594404304696003,1,71.09553591714865,6
7398408404996880023,1,80.40085280876369,7
1102492676590898368,1,84.04539628527108,7
2780331881644517526,1,80.40152228280814,11
6507583177774359598,1,59.06693598800108,6
4220805167547558391,1,64.87469359452285,5
1876286781856773059,1,67.65239509877813,7
8210054213515651895,1,80.63451265640677,5
3563285426170855530,1,71.98442333412443,6
-7493939264346118144,1,81.80563979793956,8
8402724128704020475,1,82.26426436526717,4
7393197225052692942,1,74.65649146217358,6
7926987555051759639,1,59.553460209021644,5
-952865350317764420,1,82.85453397231726,7
1238504646107246242,1,79.93174265237167,6
-3506850197987781404,1,81.84071042449845,5
-9202131223735659139,1,81.58942191839053,5
2079698020935427874,1,81.80563979793956,6
978605204507567171,1,81.80563979793956,6
231224763292206625,1,80.66138829298755,4
6096815560350881216,1,78.41229527762442,7
-9068059617440858420,1,81.83306917752797,7
-9202127672777066732,1,81.54898222590971,8
-8812422584485355639,1,82.8944618445957,5
7934439293245066280,1,82.76885638848758,11
5005709391485101808,1,75.4719355302202,7
-8822579168106380900,1,82.27198649602369,6
7311779918324800431,1,81.80563979793956,8
3498651635064990826,1,70.94366012406957,6
7024150478244273972,1,83.72827740314108,6
-8444067242386811954,1,76.3554096681048,9
6178145059829835216,1,82.85628582160179,7
-163526430161660380,1,81.27278908755542,7
6282885325971181105,1,82.0815851480555,10
6944419544420866058,1,82.04011625815662,5
454320892561167061,1,81.57548382157862,6
7923887829080672893,1,81.80563979793956,7
8331305008252105989,1,78.9298156714966,5
-748966948584192911,1,81.3105142503012,6
9118524010885858151,1,74.84794953477709,5
8680416676653258277,1,83.40465511595822,7
7910538578057286690,1,67.76715056416128,6
-5062551988318170096,1,82.22908962030903,8
-6333204779800335465,1,81.20853521035235,8
-396495289566467282,1,70.20000704219174,4
4302775411383930550,1,74.0771786237485,6
5772481544156291901,1,82.70728753138123,6
-7118589533840278002,1,83.35400813754114,5
-42361505900466516,1,79.24667667038878,5
3580721513297486058,1,83.01034176993173,5
2037517469560193002,1,82.38092279445229,6
2736610226230166514,1,81.80563979793956,5
-5398095365728525584,1,77.35990993138137,7
-7834913755039117613,1,81.80563979793956,7
-7891270338799210246,1,81.99316441138859,5
1753824919547118438,1,72.47496472020215,6
8950841967291702616,1,72.77233882930707,5
-6862418783834988693,1,72.88377375880738,6
5316357597373068157,1,71.53988677422011,7
6042535255372589483,1,82.76371631343677,6
-1974606828303312702,1,79.75214915700501,7
6174014507017494089,1,83.65775205714434,7
-8715795200533251482,1,80.87840276070276,6
1753888922585623461,1,81.64273916249832,6
3177499815818886586,1,72.2663669059,7
-385484500209519414,1,67.18568623957805,6
-7132571269676498595,1,75.84665935024847,5
7309805325774537969,1,68.0527712636949,6
-1283343564030787069,1,81.58942191839053,7
1372625567472276199,1,74.67597272575074,7
-1825904207687414105,1,78.19990481261114,6
5673796306225747030,1,82.50336626818181,7
1850817478192088474,1,76.15139076080402,5
-4915132952201680401,1,78.35004596204358,7
-4708614352276364203,1,78.41229527762442,6
2023978269146625771,1,74.01808237765323,5
8248431200493435135,1,81.99316441138859,6
-1788892519856946705,1,80.92787455660064,7
753481173627331283,1,59.06693598800108,7
7409847008164639375,1,81.80563979793956,6
-9040074785467659599,1,79.86289357969359,6
-3833989143736126831,1,76.38594170719624,6
-1624748268291288868,1,71.57257331037333,5
-4527846307608520783,1,81.99316441138859,5
-9061632800714912151,1,81.6324705933401,4
5131290741310774984,1,78.23262276650281,7
-5742327688291876861,1,81.80563979793956,6
5097585796616659193,1,72.89292090420386,5
-9158940941496109888,1,76.59037134475426,6
6238885094207380500,1,80.00925341081125,7
-1624193196853963348,1,77.68502996323724,6
5464397464340361352,1,77.05285195079115,5
-9142554977154027188,1,81.80563979793956,7
4935422610703370244,1,70.52210606167881,4
-361813152215848750,1,72.65879856641907,4
2092176500077254225,1,70.94366012406957,7
7177794314416921164,1,82.73721106160934,7
5220371475052460108,1,81.99316441138859,5
7072547719975273749,1,80.60958185353874,6
-1832163534327561957,1,77.07728732694196,7
-7285002256172689334,1,72.90416630774656,8
-321464721968304600,1,61.340846334971275,6
5838730600776021882,1,69.93758387540214,6
-644254962704025238,1,81.96973120299523,10
-8673761042893447608,1,76.10834772597217,7
-9159547197550283952,1,67.81559358250065,6
-8079559806636725761,1,65.07941934236601,5
-6404482748096304898,1,76.02291613946568,6
-4153833550108699427,1,70.94366012406957,8
8734291967334159232,1,65.1152392237056,5
1369762516572829478,1,79.5901350766877,5
8608875963445262300,1,82.27601638599769,7
2725835573786460953,1,78.41229527762442,6
5418729114938856534,1,82.6701012661707,7
7272102106734368396,1,76.9124832724317,6
421767937817056123,1,81.44846794398063,5
-3302811679071504482,1,82.07266244823202,6
-2491349842870304457,1,75.0745592285557,6
-3323522930383104315,1,82.22908962030903,7
8318760099233976882,1,70.69866802470457,8
4720958197330840000,1,82.38092279445229,6
3436823649386880124,1,70.94366012406957,7
-8037126909112922974,1,76.26162485625352,11
-6350086312955255384,1,76.93071883535674,6
-5601562048069729403,1,82.62543542745846,7
8728076075855252468,1,78.41229527762442,6
2231859274684773061,1,75.56689271025412,6
7943481530176896003,1,82.98310796444277,7
-1875757696019289126,1,79.35454265448075,6
6098462012012542159,1,79.80245271951536,7
4841087212422420983,1,77.29257549091648,5
-4259946118958645677,1,72.17550735913743,5
-7204724842817880573,1,81.09140490873266,6
4421635852105786627,1,78.40910181420062,8
-5611439849197192371,1,80.59216282846191,8
-5006161329477263905,1,81.57652766107527,5
-15050107225177034,1,81.58942191839053,6
-2121913285950788276,1,81.80563979793956,6
-4465186255037656026,1,75.67231260043073,5
-1510733964102697638,1,82.45251367988705,8
-5804257148252312349,1,72.2663669059,7
3974593124293992606,1,80.60748302496133,8
-1752689297979289270,1,81.80563979793956,7
-5321218910996664490,1,85.91937410213414,6
-7836247796131488328,1,67.96944448422396,7
-4103894660835969663,1,81.59553137685104,7
-524560531716852360,1,72.3993542467926,7
-1155682847873870433,1,81.80563979793956,7
-5661084614115795098,1,80.60958185353874,5
5011114592172336243,1,59.699972231559194,5
6927290966423327963,1,81.976059666818,7
-981393130358279367,1,78.41229527762442,5
-566454844364661886,1,70.61137176284653,6
-5777264011843208595,1,79.6604531238375,8
3516336293044287677,1,78.58431967889257,7
6038968928609570771,1,82.24269624450992,10
-1210936972032245990,1,74.53162372598139,5
-8095783560037552991,1,82.38092279445229,6
-2814913776041430222,1,73.32196859656126,4
-156748715548751505,1,62.00483329600262,7
366164017711760791,1,70.04276702469623,6
2988971287129541877,1,70.98428669117253,5
7600225355087799334,1,77.64466712500897,9
263074685984627276,1,50.64054354419961,4
1297290628900040830,1,81.80563979793956,6
3830465333140235650,1,78.52493246958076,4
-3693100631592555151,1,80.62351922191822,7
-3574293885053254104,1,70.94366012406957,7
-1313438867965889218,1,81.58942191839053,9
3475080409674051393,1,78.41229527762442,6
-4493480419374664761,1,75.841676356489,7
7731441833317883667,1,75.94089875532995,6
6650670645106879579,1,79.52040177843405,8
679675492540635278,1,73.13417800848238,7
1235766574637230471,1,74.69111378241907,7
8673597329379366540,1,83.28400670658054,5
2553200801763610589,1,82.38092279445229,7
-3068964556195854112,1,79.92925797717109,6
-6623711919389049364,1,73.15913451973107,5
1820568672329882441,1,81.23596967746401,7
-5464569500564727193,1,81.99316441138859,6
-990874493184949390,1,80.28326742722186,7
9084036820489132995,1,76.93133317014916,8
-4196522165560861395,1,73.81427125159074,6
-9091131158779765155,1,81.58942191839053,5
1660239532499962258,1,82.49435767041315,5
-5997263588639648937,1,81.09185609530738,7
-7266206254199969652,1,84.88984955092775,6
-5428517858137254570,1,68.70058998682742,6
8388876702373132421,1,80.01104899908896,5
8165783347919842631,1,60.17742142674003,5
3639811733794772980,1,79.69193045289845,5
1272180233249547778,1,81.80563979793956,6
-7254435502259833325,1,70.94366012406957,6
-48009583706115394,1,79.25785531177505,8
1295659285338066525,1,81.79985378958528,7
7610346913791631994,1,76.90882656932828,7
-492805729779315251,1,81.81111029348317,5
-1645421648281363818,1,82.28243756165983,6
-6258703286029316013,1,79.9314555624219,5
6113879938573233819,1,80.06137228367155,6
2249976103076167615,1,81.80563979793956,5
-2958257411514442573,1,74.10626558331235,7
-2125218903099578559,1,71.35737273812549,8
-8562321650922147544,1,82.43254303272923,7
-8063174143676341279,1,79.08008105798004,6
1838998822433301021,1,81.39963713281938,7
6239599976152067958,1,79.41101689093821,8
707951709479092338,1,79.96390387349766,6
-1355068025952894050,1,81.99405390131146,4
2430571303956554647,1,81.80563979793956,9
-2578020881292839975,1,67.0379111776072,5
-6145324631910717254,1,82.47663612164946,7
-2588416330788697959,1,82.8944618445957,5
-8845980588170293735,1,71.90354267996427,6
7307927301016455000,1,79.80245271951536,7
-5920460416956230657,1,74.0119535232457,8
1045587930363611824,1,74.56174511479121,5
-3908324558707430059,1,81.40393662729409,5
721701644440919410,1,81.81111029348317,6
-2493159639359593881,1,74.63670217862843,9
-6461190633092795393,1,79.33300117248788,4
4315487313414617911,1,67.44930140848878,4
-7189808925421298988,1,81.80563979793956,8
3762386401461912287,1,74.13125768883944,8
-6785712363305829381,1,79.44971824438984,7
-5399951818200311972,1,74.32969486932076,5
-3006022539152295861,1,79.69917294192325,8
-6206949471155505309,1,78.3847056552327,7
8305544832051449987,1,79.69631567341749,5
-3367974312458918428,1,80.89093462411506,7
-1940026957961560269,1,81.05215379162455,7
2589956170709381462,1,79.58389557055136,7
7266472873454190772,1,69.68506039957225,8
-2803813985699536285,1,67.20838005353336,9
-4661782647356616480,1,82.05494313902408,7
-7473079823746712232,1,78.46147355711045,5
-2843301750496557202,1,82.91221574207388,3
5808068606875657687,1,73.55069403890204,8
-1552929522325671426,1,73.94989823426222,6
-5515731733465595941,1,63.8050245890898,5
-4398982917624272932,1,81.976059666818,6
2882991593338548947,1,81.80563979793956,6
3633132437115080016,1,81.8317474814159,5
2021155107689517240,1,65.28099987393244,7
5477666985557256896,1,77.87665230773757,6
-5885700212951253792,1,81.80563979793956,7
-3221719825543705501,1,80.388412299314,5
-1035859206412272346,1,83.5772127781695,4
5221068358210605075,1,81.44846794398063,7
-4284983208988782362,1,79.33149261498302,7
-6977388392264251155,1,78.47613034925308,6
2820781212438170045,1,75.37442860184801,5
4110377218953394466,1,76.24141507662523,6
4054021782177926085,1,80.44854218278734,7
1432415840555979418,1,76.65820778530292,6
-7970208570896369740,1,83.22730420532972,4
2084692071131698052,1,82.07685154670646,5
5247244872294608867,1,62.00483329600262,6
-3673597106452186217,1,81.75183573159445,7
5663643397329515522,1,77.19542545528085,6
-8609941725824758775,1,81.34995556101958,7
-5897904783262942810,1,79.33300117248788,6
-2076313778777999079,1,84.55841808704837,7
3941159032520192855,1,81.99316441138859,5
-8126872169913866533,1,83.14124076778573,5
-8656095025711425647,1,66.39356237216961,8
-8330611414821605036,1,64.06546688170353,9
4254382476401246877,1,80.24037828715691,5
-5418724931840216317,1,81.99316441138859,8
-884384663469187004,1,75.6509385905408,7
393704108593303736,1,78.19990481261114,7
-3957467434839712384,1,75.79774007333525,6
1414907858870447882,1,79.26945870808568,6
6544909363432317292,1,81.99316441138859,6
3394962961777206676,1,79.8248909841856,8
8235915696920585232,1,82.06293571352074,7
-3871391678897398608,1,70.10088212741357,7
1177557344742401953,1,82.24269624450992,5
8425169308906108557,1,80.43352249339104,4
5383324958842370612,1,63.37351869477798,4
2300290364726194411,1,82.69625945321032,5
7998246711381278709,1,84.56620518603867,5
-8345502221861812332,1,82.86631550472192,6
-3136694856001889841,1,76.40014315307008,7
-6066353534515071269,1,70.94366012406957,7
9108121318583109699,1,76.15139076080402,4
4803144194574208895,1,76.08062714399283,7
9079807441381220530,1,56.26760356125753,6
-5346815002995256804,1,83.27257339811707,7
8245101260427711848,1,81.03414666998901,10
1231213979059064331,1,81.99316441138859,6
-4408792231413778149,1,80.68497706757616,6
-765122276900360506,1,67.22830457452888,8
-5351326942823585623,1,78.83922414407832,6
-5629470494465927414,1,79.76032246399727,7
7967011061476064647,1,82.37184496003503,4
-1481253790678808851,1,81.41442026474843,4
368023244043492784,1,83.38337332114023,6
7736324065827735299,1,82.99947842975541,7
401135311588492056,1,80.5389094192185,7
4621254900890805646,1,82.14143095875528,5
2107282500378299197,1,77.08189957638562,7
4140904161283792538,1,81.80563979793956,7
880912729690786626,1,79.71708445042377,4
-5241260077753889012,1,80.86624153356478,5
-1349904123912033337,1,80.79660300368073,7
-8590372793827111765,1,77.44382321972897,6
6708395698226734017,1,71.91317352738042,6
-5467022680404303503,1,77.28212546537974,8
-6924123465723318944,1,69.80703162057411,7
-9105033901561028855,1,80.06137228367155,6
-901645742448395577,1,82.52192416804154,7
3341682738047765749,1,81.99316441138859,7
1126092738424883382,1,79.9314555624219,5
5042393955570388615,1,80.91088258549236,7
727049655801512035,1,70.94366012406957,6
-5315403375208935243,1,80.47221610916618,6
-7270466231196388783,1,80.32241351314349,5
-6020972041591792759,1,82.41804443360293,6
-399600312926714168,1,79.33300117248788,5
6140938122671246509,1,75.7023036503458,7
8578798595623546881,1,63.8050245890898,6
39585234461507019,1,76.3554096681048,5
-4100561626433649738,1,81.99316441138859,5
5140812151893660646,1,82.38092279445229,8
734930079099768907,1,78.72680889214307,5
8627019408459060912,1,69.11661390769075,5
5048678450739646977,1,79.68649218832063,5
977258897050207208,1,81.99316441138859,7
3686953045891345130,1,82.22908962030903,6
-4985601330403557463,1,65.57161832072428,6
3489293868950041430,1,80.3177352747882,6
-4862397688601840034,1,82.53322370180636,7
-8770313100683169292,1,81.51226794969074,7
-6784932534385679512,1,71.09553591714865,7
4224601773732475392,1,75.37442860184801,7
-797655148504316163,1,80.68138946739997,6
-4061937427304091491,1,82.11072188626952,7
-4355958652069551197,1,81.79278129340172,8
4780668309847462157,1,79.26146619791383,10
-2740130627395520747,1,74.1089717493839,4
-7412215463544563815,1,79.07460023310452,7
-7420164429567262320,1,79.25199322923983,8
-439697360305450054,1,78.41229527762442,7
-5844763149996761451,1,81.37677810981272,6
6984114197149540274,1,64.824066405376,8
-2983047902734835380,1,78.84778762284368,5
-7127191395680525306,1,81.92711530370481,6
6966724658656631846,1,78.58733047065866,5
-63158432259950884,1,72.83243219023569,5
-7126332217470096567,1,82.15713210913923,7
-2418289399533309074,1,66.76579812254067,7
-4320601749510143390,1,77.0481970165446,6
-6692306584837169986,1,81.37998345807095,5
-7960899459758215964,1,77.45824681203388,10
-2572171792832377300,1,68.63118969549504,4
4099693888348403940,1,81.99316441138859,9
-2818641123845859402,1,82.50336626818181,7
8591121950961053247,1,68.5368547328787,7
1946032926247858555,1,77.84037584667135,6
6835140724294656040,1,81.80563979793956,8
2739777794684718461,1,82.06826545827782,7
7101435234168784343,1,75.5568562668767,6
-7400738836145116797,1,81.99316441138859,5
-5296612842451975582,1,72.63932253247042,6
-9021782448472490002,1,79.06021409510363,6
-8267355053228814878,1,73.51473952944062,7
-7379958992735098134,1,72.06873226387982,6
-8560448096715212152,1,77.64466712500897,7
3090945973291583705,1,76.90978910492262,6
1746623296513150549,1,83.25356538526832,7
3948800614387667817,1,76.13152667901257,5
-5347462577828124233,1,72.83243219023569,8
3916958238202074718,1,79.9028027136244,5
-615063770863490958,1,81.99316441138859,7
-2996239454366529598,1,75.83167475804865,7
8234800503030634221,1,60.73392255761414,8
5775847085575861217,1,81.99316441138859,5
4532734388992629087,1,79.22932796226503,4
-4214879879572322516,1,81.80563979793956,7
1912699037023512012,1,81.80563979793956,7
8872429967753387351,1,81.47586581188534,8
4849734768602711698,1,81.75183573159445,8
5845675216709998512,1,81.80563979793956,9
8471539080229799212,1,82.22908962030903,7
-1603366021753641418,1,61.85428513785706,6
3833296131353694795,1,76.00231616301168,6
-8257647006380472248,1,64.47284226824767,8
-3922312995339970676,1,81.99316441138859,5
-8138754574935543360,1,75.79774007333525,6
1995260952169187169,1,70.08676679189995,6
-1553714494570907034,1,65.28099987393244,7
8461933354431377765,1,81.58942191839053,6
1526851385451785584,1,66.01677478968618,5
-147824164339962527,1,77.05343906611955,7
5200634876381004844,1,81.24953329143223,7
7639908126785658364,1,79.6604531238375,7
3532138327913913061,1,82.29373968761422,6
-5569779348654685882,1,70.94366012406957,6
424470430202051794,1,82.07266244823202,6
-7833190917154837883,1,64.87065464058874,6
-5132068226904603039,1,78.41229527762442,6
2850182005422572459,1,79.21674413576712,6
-2477167038612241272,1,75.21100874336145,5
-1027154054934448204,1,81.20853521035235,9
-8667296158373579891,1,81.59926319671794,7
-4572164827162435567,1,77.25093405785454,5
-1446321586719067545,1,77.22339832129842,7
-6563578559385954477,1,81.08200007857315,5
-3377478460936037554,1,82.65482122686734,6
7156280346598047313,1,81.99316441138859,7
-7941230470451283358,1,79.62533875134663,6
-871144285163591514,1,66.69026855954533,7
-6780085364562521217,1,81.8761094306233,6
-2288161293511742339,1,77.59389191198217,6
6003782495825457388,1,81.80563979793956,7
2555622121352519403,1,80.5389094192185,7
8757910278890519293,1,85.2895292225189,7
5947334106839868987,1,81.52034959228132,8
-143910138373835487,1,81.48579110108808,5
125477931049398288,1,82.63177375176569,9
-323497298606386990,1,80.73188051212739,8
6105881907714742536,1,81.80563979793956,7
7260412658290703628,1,81.80563979793956,6
-5246130758763287138,1,81.80563979793956,6
5539661193656776629,1,81.76706590303432,8
3084892010835180644,1,68.8363463181582,5
8451928604492906682,1,71.90354267996427,5
399615701299614714,1,81.80563979793956,9
-1069060288781198500,1,81.7028518020527,7
6968683046071539282,1,81.80563979793956,7
9042479926098597876,1,81.80563979793956,5
3666378453395959871,1,71.53988677422011,7
-7753262771850692008,1,78.29155322410881,7
-4406069185795502472,1,82.15846627784978,6
-8841522860042928214,1,82.22908962030903,6
9184693610030084119,1,75.6217098353719,5
-3953103622886954452,1,77.03894552630331,6
7850311705769748982,1,80.46744265426089,6
-8897586586766550811,1,83.38337332114023,6
9135419436386831823,1,82.06293571352074,8
-182186642679056699,1,82.22753393476813,5
-2995896826171159010,1,80.96695982673529,7
-869357891387711290,1,72.83243219023569,7
-6521951182345307568,1,73.55069403890204,10
8608239048460101604,1,81.99316441138859,4
-8732099681181340922,1,79.72503787288132,6
3334756723339832444,1,82.00815149136061,9
-3960343846875161985,1,82.61748674901176,6
8781040814630497721,1,68.27183069030909,5
3930269280264459148,1,83.10771428348764,7
-3052646461143338464,1,81.99316441138859,5
-8307917963205240524,1,81.81111029348317,5
-1208668804527730613,1,77.20404417507564,6
-6579157870335139058,1,80.92250108891993,6
-3687227317070543856,1,54.40981485072341,6
-5088685478199351240,1,81.48399302772359,7
3689342648861016650,1,82.29671202497391,7
-5822434268127977093,1,75.0745592285557,7
-6138941776720662907,1,81.07368243263649,5
2398620722121614226,1,78.2300532182817,6
-7411801881411138320,1,81.99316441138859,6
2762057807250995453,1,72.83243219023569,9
-7595985597117567920,1,83.23045807768526,7
-7239638264716799870,1,79.40864178624497,6
-6844644065172055993,1,75.36678781123658,5
1375436454267855179,1,78.31490079160017,8
-6623796592636314375,1,59.06693598800108,6
-2238538846084549242,1,78.13683840288225,6
2969307642936589813,1,77.76451079122401,8
1253850645098546973,1,81.16812171995734,6
5231157158995140864,1,80.56971211411299,7
6275747421372480481,1,78.41229527762442,8
6427974335558846199,1,81.69886713120522,5
2372101780857246558,1,75.44210691813956,7
122680116599428543,1,83.16042786119651,5
1563058980825104994,1,82.272382568851,6
-8894568904602184825,1,82.83726860062569,11
6951686118540866488,1,82.17801837780638,6
-8677149272005975194,1,76.93133317014916,6
-2533299618458938546,1,62.47782192637621,5
-1765381134332051250,1,77.33377509569584,5
7170477606577372281,1,79.21674413576712,7
8699154667554046238,1,80.39237569191985,7
1386870410247751396,1,77.89838250636747,6
-2015413525467370244,1,79.9481788657401,7
-3614729606216025524,1,78.7877856471636,4
-4755839211985604556,1,82.71483660735056,6
-4223268165267258116,1,79.25029841810388,7
4221609105866409059,1,65.35709991610703,7
4528129054565819495,1,79.51693683821402,6
-3122279817334284547,1,78.44162950368306,5
-2688837303780646699,1,79.24256439686916,6
3558247428225480810,1,73.0092878070572,11
1517159530636313560,1,80.86624153356478,6
-3665303379536541358,1,76.18213954869522,6
7736944505911907596,1,81.80563979793956,7
4487165569666098235,1,68.96360048501278,7
-8803412346025206712,1,78.41229527762442,7
-7651504541245654469,1,81.7093578993629,5
411439863257063955,1,77.46523848231588,5
4680477067748136194,1,74.01808237765323,7
-681960337772681641,1,81.18603985924709,8
8309691067708780478,1,56.53370539876461,8
-4588274882758627121,1,65.18305085970114,6
-1618835960549072056,1,73.27825808261389,9
-54827568334191994,1,83.05638561247204,6
-5156352038076430960,1,67.12215369549588,6
-2705740286934322140,1,79.72503787288132,4
-2691673669434715899,1,75.12470802067287,5
4279621318848227185,1,75.4719355302202,6
-2416050412286516070,1,79.96177649509072,4
-5327689355932383342,1,74.2532844696896,4
4154217285320778330,1,84.70006176002524,8
-7710543198761766357,1,81.80563979793956,6
1554661834962795407,1,67.51697575172903,4
-797895912903430623,1,72.63932253247042,6
4812993244461325647,1,69.77862312825869,6
-4822789605010746268,1,77.40209513694336,6
-7174075151751540197,1,60.440392845941346,8
4015412699495755276,1,81.60822794133738,7
-3470416258826993558,1,75.83967315724692,6
-4397535387246049372,1,68.88416631011181,8
8436557222767743855,1,82.38092279445229,7
2510365221141512198,1,82.0241818299415,6
-8803970784247708599,1,71.53988677422011,6
3721977521704338106,1,76.483621911807,8
4925786943431569070,1,82.44979377687262,5
5801776011183642395,1,71.55951886455009,6
-4662097621067940534,1,78.72951386371695,5
7220479079100512397,1,80.61078269773564,7
5568154979647577862,1,52.837833324312165,6
-5783709578684964402,1,81.80563979793956,7
715203496023224561,1,75.40236356575183,8
-5299768921323223297,1,70.27716766190912,6
43160083079611008,1,81.86427190004072,6
6555731993021704378,1,59.06693598800108,7
-6649032632605521478,1,81.99316441138859,7
6764238460552413621,1,73.48180764999239,5
-3561851198953809001,1,75.4719355302202,7
8290965556862311314,1,82.35118043416219,7
-4935227318722271793,1,81.80563979793956,8
8779939797020991764,1,77.41760371228932,5
3351550121547137590,1,82.22908962030903,6
5410430796163210021,1,82.14029730846393,5
5891951545532693518,1,76.47465105839524,4
1113603463099876089,1,81.44846794398063,5
-6469829677076558128,1,82.17801837780638,6
-8490030928485290851,1,57.63482982632395,6
2427033971503973493,1,81.80563979793956,7
-2656593110856825088,1,65.59516830736192,7
4970149877727303721,1,67.4581584252014,8
-5493216850481915341,1,81.80563979793956,7
-4324658449501034663,1,67.6489566185673,6
7361601890325804635,1,81.39963713281938,4
1985972772054103449,1,81.24545527992375,5
-5099721202170828877,1,81.78529286177348,7
-7557360761999870489,1,78.41229527762442,7
-5046198786924436882,1,71.24489052727095,8
445629182620226320,1,69.17211743986527,8
9054614851585194300,1,70.10088212741357,6
206662831932779382,1,72.83243219023569,8
-3417842242085643088,1,77.40209513694336,7
4772708164879245285,1,81.58942191839053,7
6009914847781021092,1,83.2617069134291,6
-5706947999947789700,1,82.74279657684903,7
4455565431463502573,1,78.83748754011367,7
3666015088455236161,1,78.41229527762442,7
-1650039513825999871,1,82.22908962030903,5
3180268620186768343,1,72.83243219023569,8
3495000122414481200,1,79.9481788657401,8
-8444629518214485085,1,72.6875370184051,5
-9071519294601429265,1,82.70707141415063,7
-2585586644740675063,1,72.83243219023569,8
-2991068842574322860,1,78.41229527762442,7
312978361229951858,1,71.86536662305552,6
-1038608014894415164,1,78.23706504766564,8
-1839761359348840490,1,79.76032246399727,6
-1306144606027688035,1,61.057700748739045,5
3412995836408781633,1,81.99316441138859,8
3657794881426051628,1,80.92901966407054,6
-7834060278215448918,1,80.89658005478337,6
2816191689648146006,1,77.08189957638562,7
842930104512822408,1,80.28045921937066,5
-4995478168071041135,1,81.86843779230544,6
-2178335041559923081,1,63.470206647200435,5
9221471537121568124,1,70.94366012406957,5
3337030736311711732,1,61.85428513785706,7
3523369258403668028,1,74.08755193227837,6
-6313785055524250298,1,78.47413385342595,8
9160769170670284700,1,81.99316441138859,8
8946708267955940543,1,72.2663669059,8
-6290318353369318083,1,71.21343703973812,5
2588909480684195421,1,81.80563979793956,6
1849359896434551515,1,78.41229527762442,7
5300242420592117425,1,79.21674413576712,6
-4580406292364641039,1,78.15179212977834,8
-7407287633580533173,1,81.99316441138859,9
-3707717697063996675,1,60.440392845941346,8
7895967355692897338,1,78.2300532182817,4
6444438003550358990,1,78.79769055290721,5
-8437777092286894905,1,60.727785109055404,6
6892378006065047200,1,72.2663669059,6
-1850565398832307454,1,80.06137228367155,6
5586010897525678782,1,82.02436628721712,8
-4939531484190960867,1,73.02796881621043,6
3430328989607751143,1,66.80942168581603,6
-6561142121338395840,1,81.08200007857315,5
-1981316884718626551,1,82.53508721705093,8
3251785579051939642,1,78.47613034925308,8
-706472864105638560,1,81.99316441138859,5
-3097039704096306929,1,76.9758970969161,5
967535008285364627,1,73.06077924275473,7
-7220508234517476153,1,81.48020627136086,6
-4710659144944153428,1,70.94366012406957,7
-8647802462333931851,1,81.80563979793956,8
4408037170347760052,1,73.81427125159074,8
-7798536101573068976,1,69.63552087511034,6
8503458167621021690,1,70.94366012406957,6
-2767644120807043936,1,78.44162950368306,6
-8879707587083043737,1,72.17550735913743,5
-5068909489107969293,1,73.48180764999239,5
-7211534808705539000,1,80.87974733619018,5
-3517086477049970768,1,82.76360808278496,8
-4126895650984816331,1,83.18509601551176,8
-6799457964994954673,1,75.62838399654342,5
8647896189385926652,1,58.3364672113202,8
-8337364954547703305,1,82.38092279445229,7
-5596204188938390305,1,60.18809570396771,5
-4940393426762133109,1,68.88416631011181,7
-1152747432184260509,1,79.65573628010189,5
-1817925649759485503,1,81.37998345807095,5
-4999508381247873242,1,82.69625945321032,5
6107683449211755901,1,79.0964017783983,7
-7481192799441424952,1,78.41229527762442,8
-4557178678984219157,1,67.34097249376367,10
-1202133112462617734,1,68.25062642476189,7
5733542318101225635,1,81.9123211186628,8
-1396681019964907050,1,81.80563979793956,7
-1498297007612926495,1,82.99179758830017,11
-3195278192636381150,1,77.28386188319243,7
-57107155953165545,1,80.50125122220634,6
5471270306772590945,1,82.69596081473951,11
-5813720994065153242,1,74.21993693178233,6
2087480897245211845,1,56.22503787620936,7
1420280321169367691,1,82.02767554758121,7
3961418564369917393,1,81.75183573159445,4
-406004887511982867,1,81.80563979793956,8
-3631535870214024923,1,81.99316441138859,8
-5916692314397069198,1,72.33466886292955,7
-6639749536951256729,1,77.05343906611955,5
-4509827222488233125,1,82.17928659376197,7
-6166268832663122310,1,72.03609647248989,7
-6917203663250576190,1,72.67036186837298,7
-8935678131443220900,1,82.22908962030903,6
-2169053749670681926,1,77.05343906611955,6
6866667987995713429,1,72.03609647248989,7
-7958766554770240476,1,81.0618859250855,5
8186256952519372497,1,57.994233445604785,5
-5579758991792874991,1,81.80563979793956,8
1040809103599943115,1,82.22908962030903,8
7151006748987902917,1,58.81223635691137,4
-3646497657796858184,1,78.71621792691792,8
-1689427205707609024,1,82.8944618445957,7
-7526456919656813963,1,81.80563979793956,6
-7152043882592146175,1,77.90227970360644,9
-8646994963480310774,1,81.2865424378651,6
-6929040480644444753,1,78.23262276650281,6
-9112695674661729031,1,79.54631403528064,8
-1799650040325682552,1,72.67144281035327,5
1970050246851200187,1,81.99316441138859,8
7500415742905558037,1,64.11151490336563,8
-1126518888860236937,1,77.4888868167752,6
7085298416772572112,1,81.99316441138859,5
6382461562455946515,1,66.21857977420217,7
4334146231602845740,1,83.47621863234377,6
-8131669786162159508,1,89.53277072922477,6
2305310522305735988,1,81.33175203085885,6
5097994110961197285,1,83.04643148883125,7
-9113887151201050844,1,74.59655445638491,6
-4000519066255514495,1,82.07970173785802,4
7292756973410605168,1,81.80563979793956,7
9003279309824926808,1,81.25350016680214,8
2709408338934879681,1,80.06137228367155,6
7161774919123245008,1,83.38337332114023,10
-205557174120673510,1,79.80245271951536,6
-4450328094464900149,1,81.45817612412735,6
1469190792130161395,1,82.83726860062569,8
-589876355450589177,1,78.92192565125079,6
4120286049894762478,1,81.24545527992375,8
2866558948748183131,1,81.81380684664803,5
-3498304267651438803,1,79.40958440623123,6
-175389990003797192,1,78.58733047065866,5
3889711795622420631,1,66.96624835731947,4
1545502149392780344,1,66.44025973543334,6
-3333441654744127532,1,80.56971211411299,7
6260792132837226445,1,50.78942790725341,6
-162686959059189829,1,79.41101689093821,6
-8546165288847921785,1,67.13752337577414,7
6877420593608330736,1,78.44162950368306,6
-8127435623269904873,1,78.22282302632259,6
198639505822271008,1,81.4723738575958,8
3787260675980992288,1,81.80563979793956,8
-1870657887579279872,1,73.87446371228168,7
5885624434221689257,1,75.91689443263459,6
-1170854568854448296,1,81.58942191839053,5
3008230988219650182,1,70.98116073187967,8
-3841428638386376518,1,81.80563979793956,7
2185141434780393059,1,82.52032497380746,6
8003125522498595852,1,77.84037584667135,5
1658430556042744402,1,80.19243814209516,7
6859223548753032695,1,80.75967344232862,5
-7841621418888894746,1,81.26938824235135,7
5775779727421141152,1,64.78834212392634,5
-7652456255095806751,1,81.24545527992375,9
4802880117185357735,1,77.62258012979504,11
5309299090805303059,1,81.80563979793956,7
368270329361751897,1,70.94366012406957,6
3321509593974283554,1,80.89620336911865,6
8047650128662442605,1,82.8944618445957,6
-7618764223477729701,1,71.12333874596453,7
2866956562172418178,1,78.19990481261114,5
5886880708233760403,1,81.80563979793956,8
3409614310728243373,1,77.83219567598857,5
-3579883468557470745,1,65.04801214521768,6
-8513762403968181215,1,68.63118969549504,7
-3025738975465096920,1,83.11129457777638,6
8990508931050743063,1,60.15040318254647,5
52788567160752465,1,75.38101394702608,7
4603850508087119535,1,66.97678643696595,5
816640605884593199,1,75.40236356575183,5
8243238313991869281,1,79.05743071410296,7
-7859276416732559589,1,79.26106142878729,6
-5650283533493223510,1,78.30946897563291,10
-2708719772308157769,1,63.2379653529379,4
4974688063730314444,1,76.5199390109982,8
2612802367065212769,1,67.9635900253558,6
-4506826905380369645,1,82.17801837780638,7
2125501437545805210,1,75.9963549348957,6
138077025326896522,1,79.90175073501324,7
-3152004327095511921,1,81.80563979793956,8
-4619956617276112301,1,77.19306076480953,8
2707110029062391937,1,74.83587417668286,6
8406879802926686547,1,70.21150827724361,7
8177487470348417331,1,78.44162950368306,5
2607445319782135485,1,81.99316441138859,7
-1425958025240075580,1,80.75967344232862,5
3589141398234609998,1,64.1087809765784,7
-3841518502787232257,1,81.80563979793956,7
-4453964189159755596,1,80.82780040946962,8
761990416318862850,1,80.61078269773564,7
-6164724462695719308,1,82.70747767289076,6
-7932902618800910217,1,75.4719355302202,7
-3966512856246462772,1,67.30996834294118,7
4234402022667952586,1,62.30909269136694,6
-2941767736395900624,1,57.63482982632395,5
3301025827511027568,1,74.65649146217358,5
8245607961889977889,1,70.48630639830569,6
-5914888136720109243,1,80.3400766156895,6
672612415692803688,1,82.22908962030903,7
-7987840227091021943,1,81.14943321847683,6
-5110196043658506427,1,82.46942742083284,5
-9084214106247439362,1,82.83726860062569,9
-1991699202691151485,1,82.38092279445229,6
3741881763057304828,1,75.96904927231522,7
221839630882197971,1,83.37012608422526,6
-7149405112933802177,1,70.10088212741357,7
-9174794329174540234,1,72.17550735913743,8
-761813643827939396,1,76.09745563608313,6
342892876431187521,1,82.83726860062569,9
-3776327257560626657,1,77.09432105018614,5
-5110920186425612977,1,82.91730648137822,6
375030001683269400,1,82.38469822308092,7
-9061337068921220831,1,79.55932302699047,5
-4760714128577020691,1,77.7033101370858,7
-1786255521974365765,1,70.77502447915673,7
-2771200966102924947,1,81.25790120288914,10
4397557184825997693,1,80.62712370605091,7
6970277768043476919,1,78.41229527762442,10
4078293334845928549,1,81.80563979793956,7
3017224978639832302,1,78.40910181420062,5
7908620230025475648,1,78.17704239471021,5
-8699395665588658394,1,72.2663669059,5
408119455301454791,1,74.55317966527224,5
5689845196514002959,1,80.04250068145214,6
-8280050976723604288,1,82.44622159658918,5
-443487675951245162,1,81.80563979793956,6
-4083410487800156684,1,82.08733582402232,7
-9116200031522845721,1,85.41920128845712,5
-6748031527660033080,1,81.99316441138859,6
4615123209961949460,1,79.44637845772903,6
-7808264315382150159,1,81.80563979793956,7
-4575765711135126364,1,80.67740309078299,6
-4140198348398149452,1,82.22908962030903,7
-8494773684100646079,1,76.88934949178572,5
-5933482706139055665,1,77.47737059685164,7
-7741246442401188030,1,79.85169185434444,8
5992565303903085525,1,81.80563979793956,7
6507994360476796633,1,66.28881550078336,8
1526227322023924004,1,82.94838382829727,4
-4817942769306366,1,82.8944618445957,6
495119532284423434,1,75.20525349741452,7
6890568260701803101,1,79.93302635765171,6
1216035419151451796,1,82.38092279445229,8
-742524732043538596,1,80.27419151268356,7
-2604315029865534126,1,81.11929155603963,6
6643064346892104767,1,82.18570164330156,7
-1695994299451346560,1,80.35713153276112,6
-9173143921988040681,1,78.6964333273987,4
-3310825619508832905,1,81.99316441138859,7
-6103669093953061571,1,80.88765849383206,7
-5678172831895804255,1,81.31681621104498,6
-6741878929859179233,1,82.52379440493911,7
-5532705132329550514,1,71.0362139969617,5
5334103133798533576,1,81.91258428210419,5
-5439302589058751321,1,60.16262744241301,8
959994126998667599,1,82.20402638732446,7
-4386883572230794047,1,82.02977784854778,6
7889765947114576611,1,76.27140125908011,6
5087085863882706682,1,77.5966607508575,7
7067579274922376368,1,73.57031138511418,6
2203000262224549878,1,77.26000465789758,5
9174262872430218209,1,76.36873934303567,4
8691806777436468120,1,70.10088212741357,7
-3009794092135035874,1,78.41229527762442,8
5746962332607207146,1,81.58942191839053,9
-7708737981856410881,1,75.0745592285557,5
-4582192160196283626,1,83.74903847766028,7
-4974219768994406746,1,53.4683272375889,6
-7675832438360941417,1,78.59902061496983,5
-6968012546163723286,1,76.87588503480347,7
-8787172418860604319,1,81.99316441138859,5
-7798626664745014592,1,64.91122665543683,6
8934921051293623657,1,67.3264734232786,5
307204347909197740,1,78.25097522194142,6
-5560135748914851951,1,79.69631567341749,6
-5113798440195778228,1,77.72527004430538,6
-3857386299277171771,1,80.65575279503987,8
-4324827789994310825,1,80.06973251610106,9
-2715656660597336535,1,72.2663669059,7
-756320433386779848,1,63.37351869477798,7
1245550907883084948,1,82.1806917159296,6
383932028832388930,1,83.11404576459222,5
2417649759274997010,1,76.10847097348568,8
-4355203812220215721,1,64.36140287077059,5
8608494880790531606,1,76.24270986659548,7
-6595105775114924710,1,66.0443258915637,6
-6548404710627515826,1,82.58177728681068,7
3670164438986617751,1,70.84735813673845,6
-6613286841018442641,1,81.06981789333672,7
5289739587142699858,1,82.05494313902408,4
-5008854027301294620,1,72.86338412619273,11
-8730201156743095683,1,77.35990993138137,6
3407155431468414287,1,82.03722893874941,6
-8587207002552933804,1,63.45719575004041,7
6470285908863029568,1,70.94366012406957,5
-5045876598104505054,1,68.98186509005316,5
8154146480076774460,1,79.80990335188659,6
-1961652657738314279,1,71.39270535445279,6
8198071635810466722,1,77.64466712500897,6
38225765726045934,1,67.3445754216467,5
6100994987478424644,1,72.77233882930707,7
3383302525359750725,1,69.68506039957225,6
5350481914189388989,1,72.8908831841496,7
-1802676659503703071,1,81.99316441138859,8
8021172616684433856,1,81.80563979793956,8
-7834919697351633361,1,72.24904621187811,8
-6957798555687074283,1,73.98509871990511,7
-7156073675364108482,1,73.55069403890204,7
-4632750421607679149,1,83.0247785251524,7
-8285005484162479517,1,75.4719355302202,7
5120172525391510729,1,78.41229527762442,7
-484257363700658207,1,81.11929155603963,5
3490753669024343526,1,70.94366012406957,6
7481045550868605243,1,72.38897516242723,7
-8812778490478590505,1,81.80563979793956,7
1263389630743803961,1,80.77802214878733,8
2827421782024911739,1,68.70058998682742,7
-5388748526224800697,1,70.94366012406957,6
7651203280269560184,1,82.22908962030903,6
-3783527244651039711,1,81.54898222590971,6
3367058652368460203,1,76.53565036366535,6
8057366203415601013,1,77.80604872545535,5
732021851808830834,1,70.94366012406957,6
774735201568901341,1,74.39372093201528,4
-3762541613423151425,1,82.38092279445229,6
7386825770531278499,1,63.37351869477798,7
6000911296262491450,1,81.44846794398063,7
-4747897492335785152,1,81.99316441138859,8
-4780610811750359101,1,72.50541119489425,7
-7130774985408690253,1,79.76032246399727,7
155738414467677300,1,76.32746312556739,6
3265576826448545969,1,81.80563979793956,5
374588260740055930,1,67.02064162772656,6
8754676645953693494,1,70.77812878920115,7
2364081827403261314,1,77.51271255512269,5
-6409493268585659542,1,57.916367386484765,6
6966180498093881232,1,71.81689744204925,4
2069203741741768591,1,70.03979674943761,6
2457812710477094129,1,61.85428513785706,6
-5199777322387956321,1,83.05069286448182,6
-5336706154408322897,1,81.68312196097989,7
-7660453865374723850,1,75.62838399654342,6
383673612158153905,1,79.71829271892759,5
991426739405022772,1,81.09140490873266,8
4507340438181247480,1,76.57397076544024,5
6171354912254325767,1,82.37229330243218,5
-3564100537536913350,1,78.6034079628058,8
8024690833118864649,1,64.50225948980041,6
1269205631249308560,1,71.56324823675618,6
-4315337576053482251,1,79.67983737352601,5
-6345274230328783167,1,78.51953310544094,5
-53407835365300400,1,80.13066175827498,6
6155560793917430810,1,76.65820778530292,6
-9106352059962090621,1,74.24535273174249,8
3062489952282448886,1,81.24953329143223,6
8060354377497346929,1,72.88377375880738,5
7919435139824322376,1,81.80563979793956,7
5017466933372505180,1,73.20604780227845,8
-6847324909293248286,1,78.9554815533757,6
7652507160044995242,1,82.53524147900156,8
-7658018667914411678,1,82.65482122686734,5
-2967147012681420067,1,72.91529350493457,9
2325344380521873006,1,82.21586644050068,5
-69082125495738845,1,81.58942191839053,5
4016735717252895786,1,79.06172576110752,8
-1573037454259239459,1,81.44753227064074,8
-6645277989185145910,1,67.72296133725266,5
864933336937104933,1,82.24269624450992,6
3358975644387484941,1,81.80563979793956,9
82962824946062598,1,76.65820778530292,6
-4012737301753236219,1,70.94366012406957,6
5885483358536848428,1,82.98310796444277,7
-2619483654181496975,1,81.99316441138859,8
412587473447045913,1,80.75967344232862,7
2326399182617564061,1,69.65217384083955,4
3207148745645754275,1,80.54505286831981,6
-7785592577648277422,1,82.57481219407596,7
-8871133363631413845,1,83.52854667871154,6
1408626099204646959,1,80.6126214152242,7
5781667698677140572,1,71.79981965478026,6
5977557104954330791,1,81.99316441138859,8
-5510503624861666842,1,72.83243219023569,5
4863819055370896563,1,78.41229527762442,8
6682685195140867582,1,80.19472609326563,9
-3438450592166624904,1,81.4004189650038,8
2846433786227545111,1,75.0745592285557,6
326113684132323859,1,82.35118043416219,6
-2114090333732305933,1,80.1359862887399,7
3942917706148956778,1,72.43170613411964,5
1292686946061535605,1,82.22908962030903,7
-2145254819181941042,1,52.837833324312165,6
2186130823211158111,1,61.103363102914074,5
7250950515949733012,1,81.28980252188865,8
3438412115171309166,1,82.68364714564693,6
-4065453887946687683,1,54.94860863464874,6
-2845885818560224009,1,84.0963696502751,6
-1647090791708361428,1,75.31840144338526,8
-3329198403170464177,1,78.41229527762442,9
-8111256428109698206,1,84.56897457307984,6
6775520303477184949,1,57.994233445604785,6
-148617601450369948,1,81.99316441138859,10
-8071040109351293643,1,78.41229527762442,6
7965161300531640273,1,70.94366012406957,5
-7888688422609882552,1,81.73961996024377,7
-5605569397330843145,1,81.83740529299158,6
-2824920499020509981,1,67.64840715282205,7
-4963196883435353600,1,82.38092279445229,5
4426807211816319683,1,80.19135706265064,7
6883807461134642012,1,65.28099987393244,4
3129235235303130512,1,82.8944618445957,7
2851985740934087474,1,82.02436628721712,6
3540600415751443287,1,72.08691946730816,6
6720404321434937899,1,65.57161832072428,7
-7599663597240725617,1,79.05743071410296,7
-6357015709702983334,1,61.45869887767905,7
-1203900231472254302,1,82.38092279445229,7
2269457951575222809,1,64.95254611250301,6
-1298749970916926301,1,81.80563979793956,7
-700726966392515403,1,75.62838399654342,7
5427904847062165670,1,73.81975837048329,7
5607113578932933503,1,79.51727985859615,7
3228272089904198767,1,78.23262276650281,6
-7500107406632248079,1,82.38956850571324,7
6933855891752284994,1,72.18884961497405,6
-5373789588124532192,1,82.22908962030903,5
-46767435916962845,1,72.2663669059,6
-3532695488435465379,1,78.5736324411955,6
-5571107152069612154,1,69.53845747385714,8
2489736662676166368,1,80.2603173270885,5
8302893360977869864,1,67.65652930055744,7
-3568329232738007720,1,81.99316441138859,7
3021670305169097977,1,63.59520017854317,6
-977566290948055508,1,72.75941351684699,7
4231624572554767327,1,82.20740657609196,6
-1974900292590751006,1,79.18230310989775,7
1651201329498387516,1,75.20613214136185,5
8411283366478479787,1,52.7347965088967,4
-2251444100448858273,1,64.50225948980041,6
3393143616794722345,1,70.94366012406957,6
4158626589948523812,1,74.84794953477709,7
5808757890776454904,1,81.80563979793956,6
2091209941844336137,1,82.55121503509336,6
-7768707715798932743,1,81.59378486231158,6
-1142461554475441558,1,79.4378434558553,5
-615658854341221497,1,60.34694142602419,6
904286905653349648,1,77.36372044350742,8
-2236929286975505968,1,76.40014315307008,6
-6808234823996346761,1,65.19557218746057,5
-5822234519560619906,1,70.40930513866867,5
-1162755514837062921,1,75.0745592285557,5
5631771776984363249,1,72.91529350493457,9
-1962800525324943419,1,76.63082741209713,8
3879073308876760218,1,79.60095306655612,7
440666317880851494,1,82.38092279445229,6
-4591525241120066266,1,77.88630605645983,5
1625925727143955099,1,81.80563979793956,6
487318346092568367,1,68.19147948928936,8
-4217968561155632067,1,77.0647614175465,5
-8489723227411518336,1,82.31072607596704,8
6505668363474913003,1,77.05343906611955,6
8712113408584257254,1,81.80563979793956,8
-1306735482739199442,1,66.80845972359987,7
-669420852063363253,1,81.99316441138859,7
-640447943715933052,1,75.69497658676543,6
-8536821699934529885,1,73.93307882157139,7
7605791551927188907,1,75.4719355302202,7
8191315791965178010,1,83.12643986731487,6
-8478293574423340977,1,79.49407425550375,7
-1947160232279655847,1,70.15717584177906,6
7360961230712880690,1,72.83243219023569,5
-9084968973658812961,1,82.98021076369272,6
-3830954064117387262,1,81.80563979793956,6
5047777800308618185,1,70.3986942806849,5
944933287252858116,1,79.41101689093821,6
-8852557036013274538,1,65.28099987393244,8
-1968162408871542457,1,74.73584026226587,11
-360439982572138359,1,82.20916490823618,6
6753824613504854238,1,77.82455814137076,6
8275563754812893995,1,82.1806917159296,5
4398085585035183880,1,81.37480658788616,6
-3851622452922799135,1,65.28099987393244,6
7126679930370866127,1,80.54505286831981,8
3282846972677187617,1,81.99316441138859,6
7446530267654703482,1,81.99316441138859,8
7323199689457042710,1,80.0332932009938,5
-7749124785328257366,1,79.54924887090873,5
-6977413069944627011,1,67.34097249376367,10
8437025864825691213,1,77.29375910636595,5
796394092846537032,1,82.22908962030903,7
-697559441610811365,1,68.71281170327364,6
6274190245996489274,1,81.80563979793956,6
-3622973496407799442,1,83.3085495462292,6
7731839063252074715,1,72.8373369412145,9
7049986611922892520,1,80.79648897568462,6
-3828599272906676728,1,69.53926198730316,7
6799720632386663311,1,81.48399302772359,7
7662094105996254842,1,76.68589526030816,8
-8545373027003073264,1,81.60364837670765,7
-2162027628739835263,1,64.50225948980041,5
-6429274578892312004,1,80.18356745485636,8
4995915742862453716,1,81.99316441138859,14
6355650240993138460,1,67.79984158344259,5
4294426664193526321,1,83.74383059089597,6
-4288526392395351207,1,68.7257052265347,5
7820974258884345580,1,81.33440575004873,7
-8851004993639469397,1,75.51533796945446,8
-2646224730390665013,1,79.53867039310356,8
2401111519323504603,1,75.51533796945446,6
8819484426945956134,1,81.66945937239781,5
-7688684232647280023,1,81.0004562239411,5
2052372749048969503,1,82.51605469827268,6
1894378022842692705,1,80.34523444000129,7
2319296994210297156,1,57.994233445604785,7
-3623357273990645372,1,82.63826750036556,6
8048850625205399051,1,80.35179337450339,5
1560353294018998289,1,72.83243219023569,7
-5922157747344512016,1,70.32096850866007,4
-1174766358277189968,1,80.25215620883279,6
7670179397945661232,1,76.66725748535306,5
9044332903622088569,1,81.40393662729409,7
-3067597637537659614,1,81.79328372446462,4
-7286162320826223772,1,59.06693598800108,6
-6581602323529278364,1,82.38092279445229,7
6387715514911245636,1,84.56620518603867,5
6134810927991933545,1,82.09806704576476,5
-367502240332408050,1,82.44979377687262,5
-4811344085034464765,1,77.88815122268984,6
-8242745443962025956,1,57.63482982632395,5
5845807154439238035,1,78.41229527762442,6
3193230238566260403,1,77.69785413308313,6
-2233716516755158473,1,76.90109976323379,4
8604621028722255848,1,82.24269624450992,9
-4980698598066642503,1,83.79308430652381,7
-952153851564315942,1,81.32927384884457,7
-3871738533693861685,1,82.22753393476813,6
-185497462120044762,1,75.55682359164727,7
5314259544887666328,1,82.80434936267046,5
-8823580393386007440,1,74.2860084213582,6
3271670088178834297,1,74.56674163770619,6
8291754834356231651,1,67.22830457452888,5
5720518677520402896,1,76.5089963946569,5
4045097490512529967,1,65.59516830736192,6
-5505347800313030146,1,71.08951051453747,6
-1370124260136810840,1,81.80563979793956,7
2583091294435214055,1,80.60512816992565,5
5926451171962710091,1,72.19687411271461,5
635724680088526182,1,76.40014315307008,6
-4887988479525619894,1,58.58086037631368,7
-2220043645903365359,1,72.37913820267552,5
3404310205450933296,1,82.56723124361487,6
2664855463858456128,1,77.64466712500897,8
-6366875417969616024,1,83.12949688906741,6
931162642176384371,1,67.49744643302586,5
-2124412323407855375,1,79.0429273132342,5
-3389550037779564189,1,81.99316441138859,7
-669282137845772580,1,73.75708613981253,6
-6310472260793586548,1,86.25420624666604,7
7947915033191643482,1,82.87516227994965,6
4812746404622041153,1,71.53988677422011,7
2302695998170460585,1,81.65717678765915,5
-5320197760765053162,1,79.46009689009863,7
3949490944641073715,1,70.94366012406957,5
-9114841526695748133,1,82.52192416804154,5
761401003451322495,1,84.90615813497672,10
6482899604848412157,1,78.41229527762442,8
-4868797225316229872,1,72.83243219023569,8
3291300585380050371,1,81.24953329143223,6
-6924332891355655886,1,79.18230310989775,9
6611004415806360567,1,80.50125122220634,6
8213925251473849705,1,82.29334980901113,7
9150086599402447290,1,81.80563979793956,8
-642266110876282155,1,81.80563979793956,10
-8042459642667284727,1,81.99316441138859,8
5332125251286022299,1,60.356310466637595,5
5043776788010821119,1,80.86624153356478,6
7827925393192031605,1,81.99316441138859,6
7208993721798634442,1,58.485732794105026,5
2558692652048911744,1,81.81111029348317,6
-9171291655587993803,1,77.06663058578927,5
-3012774675836469091,1,79.9028027136244,5
-5905826010292332027,1,81.43648370701705,8
-7577105018561805159,1,82.04415832354108,7
8882186692898068062,1,74.93192692335045,8
-2837432231972339561,1,78.9478470421621,8
336291302861123268,1,79.93302635765171,6
-7386059312149145810,1,82.22908962030903,7
-7260536116740950734,1,81.08200007857315,5
-7186473871494873250,1,82.08824357239448,9
-6670293840808868876,1,78.06137622911086,6
3481617486252624372,1,59.06693598800108,6
-7521816944277648300,1,70.35122262113313,11
2423959619135824885,1,72.83243219023569,7
-8015489576257556466,1,75.37920211624078,6
-6605467904621246986,1,79.18230310989775,9
9024634732820885553,1,73.32196859656126,4
5284318139689912691,1,82.38092279445229,5
-2984295943477787630,1,79.287645844699,7
-8701555914164401108,1,76.24019551840146,11
7925778961305870115,1,78.9298156714966,7
261255046711108270,1,82.22753393476813,9
-238007189247244152,1,79.86289357969359,7
-1805187788207385774,1,84.56620518603867,6
606788272405730209,1,81.59195335481586,8
-3605586579678909970,1,83.5078359158666,6
8088755962832501528,1,81.40620544776704,7
6323249829540039961,1,83.71033845669197,11
-5885370207374976213,1,81.80563979793956,7
8558836487193841714,1,82.0938440619193,10
7228337124900207462,1,82.8944618445957,6
6993292967071252788,1,84.9988761778486,5
3705869510298215764,1,77.73410193349805,5
-1723838191101966019,1,82.1806917159296,6
2884451201051927482,1,82.92522891555873,6
6473115194547477200,1,81.80563979793956,6
-7488770171179079318,1,67.9661744589629,6
5859413258919157682,1,82.56685325756942,6
2235669100105878451,1,71.48326949204541,8
7239240734615620834,1,81.33235601903283,7
8253695488831493154,1,74.53162372598139,6
5968050516555922264,1,80.14413752883814,6
-6341432315511430866,1,81.99316441138859,8
5581809636423550415,1,81.3003463280836,5
931519102588848068,1,83.05035978592035,7
-3019306385826501853,1,69.62276494863106,4
1456467915355802324,1,83.00674573251793,13
7445776520089186156,1,65.07941934236601,4
-3637168774771750792,1,81.99316441138859,6
5759635759656080369,1,79.85964108844166,6
-4315598349976717359,1,65.0854962833174,8
4521385007545888002,1,57.994233445604785,5
-2861479968926131209,1,66.01677478968618,4
-7638547856601272381,1,78.23303237484372,7
8584124893805263325,1,79.40864178624497,10
-6504320449079112987,1,82.11051033199932,7
-3511538312322036850,1,72.37913820267552,5
-2488207579106123244,1,68.75101951127235,5
2400656419435043347,1,79.9314555624219,4
1584476968283352496,1,74.01808237765323,5
5489329007809486422,1,79.41162562162881,8
-7948175475051968533,1,81.00260869303996,5
-9029235377260226526,1,66.36328688325328,7
-2177547156893697659,1,79.81602780342023,6
3670630515927162191,1,78.41229527762442,7
-430681502821141927,1,75.49012583517212,12
-8038497492477893316,1,80.19135706265064,5
1571979908134933211,1,81.80563979793956,7
-3154502171866752503,1,79.18230310989775,7
-5964621665234750052,1,81.80563979793956,7
1874882077518548664,1,79.9481788657401,5
6738364668069611774,1,79.69660077396803,5
2991594859480592764,1,75.5568562668767,5
-5833600608068734414,1,82.05167929102677,9
-6921081224195121252,1,78.86982183268475,4
-1460267393847000184,1,77.55755777820838,6
7245400737270602312,1,82.98310796444277,5
-4334588515727274980,1,81.50704003602065,6
-3174453473256452321,1,82.37467616677058,6
-2352645543110896817,1,76.40014315307008,5
-3360386181676384710,1,69.11661390769075,7
4023582807293536107,1,72.83243219023569,6
7025171026050415507,1,81.99316441138859,7
-5669874274409824969,1,82.69625945321032,6
-6356361199335392559,1,73.33973240712373,7
-698013728982468148,1,83.65507837377803,5
8276531352488547585,1,71.001935030541,6
8140195094045846254,1,72.83243219023569,5
-6530583250611632603,1,71.86567588361338,6
7526882393430764325,1,71.001935030541,8
-1754662244330903280,1,80.85812226787057,4
8201675243471489715,1,74.01808237765323,8
-2690205148564828701,1,71.81689744204925,7
-6380999293974962803,1,80.51771599623123,6
3645002664289033934,1,78.41229527762442,7
7503085205116129029,1,64.50358754935823,7
5459315474480941910,1,82.8944618445957,8
5799351037802025107,1,68.88416631011181,6
-1739354868972292379,1,76.9314104785794,6
2893883059670181294,1,79.52360389971723,7
7649956348185896549,1,78.41229527762442,8
4553478437083123907,1,76.286291983375,6
3452174637681811719,1,85.00439814274993,6
-3711841379314141432,1,82.04061504695724,6
3931172626734106578,1,73.57863393854117,6
-3496151029155316469,1,78.41229527762442,8
-2476597336771777204,1,81.80563979793956,8
-5371101963717574109,1,81.99316441138859,8
1808509974163799982,1,78.6964333273987,8
-2343862423445211062,1,81.80563979793956,6
-7799540469311883081,1,75.49012583517212,7
-1751703926769485559,1,64.50225948980041,6
-883132327242171352,1,76.47518513388042,5
1137691753627896075,1,71.39270535445279,7
-2476047649713267137,1,62.00483329600262,5
-4358225890026249637,1,81.20853521035235,6
-8608305895903834015,1,80.61078269773564,6
9194323363561605127,1,74.53830771866575,8
-843171706802084499,1,72.52509734277314,6
5079480664142182018,1,82.34785652150845,6
-5072811006979753732,1,61.85428513785706,7
1418980885449092766,1,79.44637845772903,5
-1990486493370215386,1,60.15040318254647,5
349564332911685580,1,82.54239037572427,6
-5038214436143490980,1,84.28558809748618,6
865645319465568427,1,74.66095452816062,9
-6903794733230215680,1,77.08766473164097,6
-5433998283119941152,1,67.0750288081165,10
-4909152415906044199,1,74.70621002236894,5
6894471564888472556,1,57.24096222048249,7
6509276970207510855,1,79.52040177843405,6
7326776183645017870,1,70.29152597319107,7
-4890930836461023071,1,70.94366012406957,6
-1200500192885939986,1,81.80563979793956,8
1594936803951618131,1,76.25751133302275,7
-6566273776626108233,1,67.26728819334008,5
4158045191321106825,1,64.37498091405217,6
-360761310676249187,1,81.99316441138859,10
6239127056471198000,1,71.79697760857962,6
1138562110300004921,1,74.66696898132587,5
3566841459086577803,1,81.94214139732425,6
9001337721743635969,1,78.41229527762442,9
-9007700866621752486,1,74.21993693178233,6
-5599841854366206795,1,76.68589526030816,5
7797682917941177177,1,81.30387837697172,7
-121543294337245966,1,80.54505286831981,9
-5999099158076629154,1,71.9775133426159,7
-6073363780570192926,1,71.0692518674631,6
-7501794310019878147,1,70.9867810353715,6
1479606314513201116,1,67.6489566185673,7
1181577210082200785,1,78.93247064452866,7
-8110491057502407525,1,82.28239949379562,4
-7188019528939738389,1,82.73417358878275,7
8865621118691714081,1,77.14831443506137,6
-7573378944644094446,1,80.50125122220634,6
-3046661772970959585,1,64.31771129972428,5
-7406978838748117780,1,76.93133317014916,10
4745278472281858937,1,74.68449704271804,6
2559894931219858947,1,78.41229527762442,8
-4570642538774050309,1,77.42452819527064,7
4617631458298630030,1,57.994233445604785,7
2599010403973936603,1,80.18069278785069,8
-8942108193077001272,1,78.58733047065866,6
-1253698769052356654,1,71.09553591714865,7
-8459982881392352890,1,81.99316441138859,6
179186243111231895,1,82.83726860062569,9
-8616332536087642849,1,69.94543791647982,5
3245943872661586074,1,80.92450169859963,5
-2339037730758586783,1,77.78871771143534,5
9068910083751894052,1,78.41229527762442,10
6253235947663530208,1,79.86289357969359,6
3853048454658088186,1,76.01707914469304,5
-3108202159212729275,1,81.80563979793956,7
5383848905449529475,1,82.83726860062569,8
7245410484148588489,1,77.24387785799883,6
4196007967636880374,1,73.45297795794175,4
2189116521967489831,1,82.05167929102677,5
3856501239081640240,1,78.41229527762442,7
-7589752103900139595,1,70.10088212741357,6
6286348579986349044,1,57.37625031079495,8
5412383659838279956,1,83.51406575635545,5
56571733276018082,1,75.69497658676543,5
-2576326417606820265,1,79.37915114794428,6
5481845570485096720,1,73.81402556372095,11
-446813193459482347,1,82.38092279445229,8
-7112761391551973004,1,67.59647257481785,5
6211806776334195461,1,73.97351660632768,5
-3890946948398673447,1,69.57998966601923,6
2907247217585339527,1,80.92712771931848,9
678290876476263340,1,70.94366012406957,7
2946950079573925680,1,82.22753393476813,7
6049408568374602010,1,80.63261560915036,8
-4555024982272111331,1,79.98330452860274,6
-1709670072619860200,1,74.35711136805654,5
-6662319555387210814,1,74.24923704673414,5
-288635217092132096,1,81.99316441138859,10
-8422816898726928201,1,81.99316441138859,9
6295886493525876205,1,78.41229527762442,8
2080784180674505370,1,83.2617069134291,6
4361320477496341417,1,82.0938440619193,5
4934820326618154687,1,79.80245271951536,5
1761143608984220497,1,82.8251144484255,7
-990114323217115535,1,64.60515331454079,6
5899926066008847415,1,81.83747024244651,5
-8556631616283092905,1,69.02443727927769,6
-2149990287551487626,1,65.70138259497209,7
-3668770803031688852,1,72.98517424829929,7
5387196407915878219,1,81.80563979793956,6
2288498334840881195,1,77.00020536119091,6
6624623173637345663,1,81.80563979793956,5
-5047601973359583655,1,69.62276494863106,6
2935324202275133369,1,76.04557250886481,6
-8484715964205602850,1,72.83243219023569,5
-3379515158732888606,1,71.96577656820261,4
-6210591518727488034,1,78.41229527762442,6
-6508120514340575252,1,74.56674163770619,7
4819571340157350162,1,55.92226593139473,7
-4208163351706404025,1,72.83243219023569,6
3569173576859969671,1,72.2651689323694,5
6408651069872812160,1,72.15410581307547,5
-5380269362029012776,1,81.80563979793956,7
-5577984334495004321,1,82.54931537451819,7
1798186202597204816,1,82.76360808278496,5
-3064532954554248610,1,58.40817572314894,5
7919669341526121072,1,67.37046844078313,7
-3182539626890716082,1,80.80547433961964,5
2194450843625273882,1,77.88815122268984,6
6139648639041547287,1,80.71375588117924,7
-5392914733299800961,1,78.77922933306661,6
4545693644404505769,1,82.4432017761811,6
-4058347494892137759,1,81.99619933048508,7
-5806131317346577005,1,76.36873934303567,5
-9184816168926371714,1,81.80563979793956,10
-8326256327754580516,1,79.36916110510329,6
-4557763374561752540,1,70.3000439117276,6
6974261063986286954,1,73.81975837048329,11
4163277601737103041,1,82.24582947644589,5
859480179431647620,1,82.09806704576476,6
-5568985560326319227,1,68.70058998682742,7
-4494284863354962606,1,81.58715324968587,7
6673754894152524524,1,77.31193215571048,7
-3818411555568642797,1,55.285150276275616,5
528699967035424922,1,79.05743071410296,5
-5256119139541367357,1,75.56689271025412,5
-8819000866108814075,1,73.98509871990511,6
6311896026639308520,1,81.80563979793956,6
441237563640079561,1,76.99332116447694,6
2523812931958274518,1,81.44846794398063,6
1615841597487868809,1,83.38337332114023,7
1001077900635719135,1,74.93192692335045,6
4536708205995755137,1,82.15868629201009,6
3082984887343452502,1,80.49778716039583,6
-3483273899886994202,1,82.44943603117736,7
7232769454547516387,1,83.12377906028058,5
-2104990529982780607,1,81.89838625107052,6
-3140736025180669605,1,81.76706590303432,6
-2934770478441635359,1,81.13218616572053,5
-5409542011879791441,1,70.94366012406957,8
-6753950076705134588,1,71.46625314734048,7
5946826290905057496,1,78.43848820127535,6
-4153878831646153158,1,79.08662703261827,6
-1435012663160988656,1,70.27716766190912,7
6275286421599408118,1,83.1614756156743,6
-9007647084131683414,1,81.41442026474843,5
856074427204807174,1,66.32874080745962,7
5502529236111136617,1,74.14904685411987,7
3744563131136651799,1,78.90590105303744,6
-756037188760729887,1,82.73721106160934,7
-3390429517680897961,1,78.55535366718632,7
915959770155760611,1,78.41229527762442,6
-4213965956906592016,1,81.9824317048534,7
-7065789779493723211,1,81.80563979793956,8
2573967987370034408,1,66.50787066806258,7
13284020083406348,1,78.41229527762442,7
-3624909965543818579,1,74.35711136805654,7
-841043082873496835,1,70.08676679189995,6
-2170025731238914300,1,76.1534164379987,6
2824964387997360953,1,67.22830457452888,6
925477157631351907,1,82.22908962030903,9
3456515811667569969,1,71.9801390439306,8
-179213898053794449,1,81.99316441138859,5
8156836534177282857,1,75.05058621242569,6
-5682789668010224922,1,81.96626663183072,7
6745781842720674626,1,71.98301429892254,5
8705798318702071251,1,63.37351869477798,7
8240661132203400446,1,81.80563979793956,7
-803829637436872336,1,59.06693598800108,6
-3687274071065359955,1,83.72827740314108,6
-1543627704801036903,1,81.58942191839053,7
-4490685022676640653,1,82.68074725733622,5
-1319284842230670535,1,81.14943321847683,6
7251454935894005766,1,74.11267897100807,7
-7111071599274021474,1,55.10274340145195,5
6845872770213021284,1,81.13402698991226,7
3401988161416483294,1,79.04106633861532,6
-8442771270039281816,1,82.56723124361487,8
-3571678915887842184,1,73.0813926466853,5
-8357015894928823745,1,81.99316441138859,5
-1183185262657887006,1,73.19150642721677,6
8406304470331294558,1,81.99316441138859,5
1728429312103042571,1,80.73742658464876,7
4660814629349340979,1,76.13721015035658,7
-6065238610566101649,1,81.80563979793956,8
-3272212378046518384,1,73.75708613981253,7
5995263309509719627,1,78.09913963447988,4
-4189575497415347787,1,81.24545527992375,12
-557381569383777950,1,79.49870922024395,5
7189427191376660295,1,72.2663669059,5
-3759715711091585135,1,81.81111029348317,7
3436354660383840057,1,78.27411637073659,7
1304033644700610725,1,38.289980898565574,5
872608031517954735,1,79.0635397167044,6
8996432963126241859,1,78.99161519309403,5
-1377868230390322565,1,80.61078269773564,7
-3656488870637406723,1,75.0745592285557,7
-5498787017802318880,1,79.73904251584948,8
-1147666385243276508,1,80.5389094192185,6
-5625853696918922510,1,80.19472609326563,6
4600339055888310885,1,82.56176274129884,7
8821936092463844229,1,81.93117922950711,7
2798334886299358608,1,77.64466712500897,8
-8261025740778392137,1,79.74323816364799,7
2519104274787630357,1,80.55936499439063,5
8507613614759605450,1,62.97918994421188,11
7900569224489556537,1,82.27023341561764,4
-8180901246022473101,1,81.80563979793956,9
-2626070203629177044,1,81.80563979793956,6
-8114956116474003963,1,78.40489105559524,6
-1345539499540991741,1,66.52778410880622,6
-1021449407380886303,1,81.58985572064404,6
-6783689078013156189,1,81.80563979793956,6
-2731788031402991963,1,82.22908962030903,8
-5456717084810760438,1,81.02002174693546,6
-3482640267887287179,1,70.94366012406957,5
4434170099700926382,1,61.85428513785706,6
4162727096067720431,1,72.43170613411964,6
7944215836147706635,1,83.16490076532124,5
-8106231750225527185,1,83.11129457777638,6
2614662156831325801,1,79.91320507180751,6
-2956945616169243786,1,81.99316441138859,6
9110560374922569250,1,73.81427125159074,7
-6051165465962762790,1,73.91049943192291,7
3476954616578294828,1,79.46764216879724,8
-4571808575091451146,1,79.62533875134663,8
-910448024442068927,1,73.01568428687946,6
-8324362119000351167,1,81.63740773294154,7
-7091999076231853846,1,80.63544753810609,6
7557096153544508604,1,82.36692267277716,7
354384630443669866,1,78.41229527762442,5
-3828522906078098843,1,81.99316441138859,8
4342416546476682169,1,70.69866802470457,8
4347003920639954955,1,82.10224801311884,6
4636904826140907897,1,72.83243219023569,6
-6007347717208405010,1,71.46639351464486,4
8871621576322140311,1,81.09185609530738,6
4636751806530972360,1,74.56674163770619,7
-6315513254201568043,1,80.68138946739997,8
-7010823972580044526,1,81.47586581188534,8
8964723757722476053,1,83.85576722393262,7
94252182840171749,1,78.23262276650281,6
4829691411461345124,1,65.44612208198885,5
4391420290323331667,1,81.80563979793956,6
5334935418621625011,1,81.80563979793956,6
5261924370485745427,1,65.57161832072428,6
7888244330453297256,1,82.70747767289076,5
-1759738230742486316,1,81.99316441138859,7
2422433685347271452,1,79.46540195365132,6
-5528549006889617385,1,79.00657614055642,6
-8802670893259547052,1,78.895804076354,5
-7643689956488334537,1,79.35454265448075,6
4263465133313804929,1,81.80563979793956,8
1160019787812415129,1,80.60958185353874,7
-6171603303439929107,1,81.73725123349257,6
3120027972132192848,1,66.52778410880622,6
-3813617085943815709,1,82.83726860062569,8
-7857558207143437855,1,77.46555951688023,7
-3483923384843656774,1,79.46764216879724,8
2247119108106208589,1,82.68120121803416,4
7220236762763167412,1,80.63048473685494,5
-4282773008318514131,1,81.26348699290905,6
-190087285352605789,1,77.50359235636782,7
-5758670467844806039,1,70.94366012406957,5
6018384465892488463,1,81.9586142936399,7
-2903159633555393654,1,68.8363463181582,5
-1109975763181860838,1,81.93117922950711,8
-3056160293645756523,1,80.64979413133639,6
-166638350054349413,1,75.85758952783338,7
-8593350373043591071,1,73.98509871990511,5
3061118309240822442,1,71.99014889107411,6
-481075878222848375,1,82.22908962030903,8
2972037497414613725,1,63.37351869477798,7
3971254008994892326,1,78.13667268703485,5
-7933532990953726724,1,79.85169185434444,5
-2060955697040044947,1,81.80563979793956,8
8447407915117924590,1,60.40761458738616,6
8266535662369600977,1,78.2300532182817,4
3156228666789765850,1,74.56174511479121,6
8876987501924203805,1,82.75135658089805,6
1648782112508849492,1,78.2300532182817,6
5135732889377663205,1,75.79774007333525,5
-7137569206325780281,1,79.70909311438209,5
-3688060931787394485,1,76.53530562621778,6
-5283919567456439969,1,81.24545527992375,6
-5258550736569772610,1,73.06339776849552,8
4439090166036254891,1,79.02175395533465,5
-3455906604526881810,1,78.13989956773017,9
-4105575702264426730,1,76.1534164379987,10
-8370611067273607785,1,72.2663669059,8
4706371991788687455,1,81.65319054943082,6
-2144372317054531519,1,81.91258428210419,6
-2080758091182755885,1,81.58942191839053,6
-5973855757498899098,1,79.23440255988307,7
6561363304616030977,1,82.38092279445229,7
-6757215892586761613,1,72.27487573566083,7
724392619251917057,1,80.18575386961703,11
520626443804544640,1,77.73410193349805,5
-576817455929737943,1,81.80563979793956,6
-8487685453844478575,1,65.24771885114274,6
8859724967020264043,1,76.38594170719624,7
-8675505369105430864,1,80.03568067679359,5
-5698275898661328562,1,81.87776355253484,5
-2742008795878689291,1,81.42642403902296,7
4690507646309358,1,73.70847968256817,7
-808223996634276109,1,78.30424999605607,7
-294507897951263620,1,79.73219341060627,9
4124653034104785218,1,78.41229527762442,6
1217788761151094355,1,72.64253862833758,5
-8778173948810979409,1,81.80563979793956,7
-8783522469326134841,1,82.272448584072,5
3539959618710834636,1,64.47284226824767,6
5491105864571269593,1,76.99332116447694,7
-192186706165117365,1,79.5370804935071,7
-6821663518687506172,1,82.12579336727926,7
1182670902536047547,1,73.20604780227845,8
-6246447007183166992,1,78.41229527762442,6
935187984029044880,1,82.38092279445229,6
5840681590379410641,1,80.51097934145635,6
3611220285690789892,1,82.98021076369272,7
3206286969480245997,1,52.96881541368819,4
8594912800575226335,1,81.4482314070132,6
-4862112166807619471,1,81.38134586054933,6
7118685829005059835,1,69.65217384083955,5
5784978699074826129,1,82.57417308547522,7
-5117526355389369643,1,64.78834212392634,5
2597744391351340195,1,79.40864178624497,7
2100519550940537711,1,73.32196859656126,5
6714980332279571793,1,81.99316441138859,10
7398719057599892432,1,78.5420436724244,6
808110083877743756,1,81.12029984594643,6
642611711832357113,1,63.8050245890898,4
8805467655030719570,1,73.22114816234665,6
-4892099832556315123,1,75.49069785320219,5
-7427639380732429546,1,70.10088212741357,6
6481937028133680319,1,67.13752337577414,8
-6423786628618031590,1,76.13721015035658,5
-3243867296652057506,1,57.136980631272486,4
3629811400536682143,1,78.05899838821897,6
-2581207492104605780,1,82.86195715799226,5
290501655410619023,1,74.41382233911607,6
-190124716159344653,1,80.49033346976428,6
-2404023371580715665,1,82.07476751956219,8
-6675359843388301844,1,79.80136907752956,6
5897176953881699838,1,61.85428513785706,6
7144851481913079505,1,76.08062714399283,6
-8723650390763936267,1,72.86338412619273,4
597644313212908236,1,81.58942191839053,7
-2377230200088882546,1,75.53902014659401,7
2924001273855537393,1,77.64466712500897,6
-4879461242404680571,1,80.49037851789119,5
-2451075907402346071,1,75.19217654008901,5
1044801719351372838,1,72.68734058487524,5
-5780171098555981039,1,77.27986717310783,7
2642673411796639158,1,77.25303663282418,5
-7001412712537175222,1,79.6633703816647,6
2034216892292016463,1,81.82292934449465,7
1513901662465389550,1,65.79722107528562,6
627705188907378524,1,79.10345652250672,7
5561488253346813912,1,67.12576216839226,8
4422397627510876236,1,68.19147948928936,4
-1661860514952228298,1,69.80703162057411,6
8496031343965826434,1,71.34188406083612,6
-741963898207919854,1,82.83726860062569,7
297701731912146574,1,82.76153728609391,5
-4129187789692383471,1,77.09432105018614,6
4500427599248578420,1,72.96577995410023,5
3473178854312013921,1,79.80136907752956,6
-8613969035310364657,1,66.20052268306462,6
7534512291321015367,1,82.38331495450426,6
-8058076776215781381,1,78.47688485850603,8
-8735101703461854871,1,65.88140119821954,7
3718669838913935519,1,81.80563979793956,6
2078231053651672028,1,57.994233445604785,7
5303473428283659539,1,81.60954915906949,6
7425735957220793913,1,75.53902014659401,7
-2890457345158505121,1,78.41229527762442,8
-5220904500718696060,1,60.610793614051545,6
5216439026281226508,1,81.3650868576602,4
-6740292952182226606,1,82.12824874055165,7
-5449506302169527086,1,78.44162950368306,5
4806883746692973837,1,81.80563979793956,6
8172213600215203638,1,82.73643105309102,5
-2021114858322459628,1,63.8050245890898,4
-3606577844394263587,1,79.9481788657401,5
-7977817163213920649,1,75.37442860184801,6
2474754962528450708,1,77.33543211480031,6
-6031447697346058052,1,81.80563979793956,7
-4374821084460764102,1,80.69082801789652,6
2457830565338261999,1,79.12155657365996,4
-940297121073974378,1,82.74276649423597,8
4925855334925559689,1,83.72827740314108,8
-5995586345013547724,1,82.74439250062596,8
6744417834211183281,1,78.9930602983095,6
-2279466021312477251,1,63.95366859247019,6
-3675412979271667900,1,81.80563979793956,8
-1766621284729225876,1,81.02898338624446,6
3032857485336462006,1,81.45352773454665,7
-5525987740463097828,1,56.22503787620936,6
-2806456805224983577,1,81.76706590303432,9
-7952073786407766224,1,79.32269049189539,7
-7313285757441457214,1,82.21586644050068,6
-546699776466506676,1,77.69785413308313,5
1806803385644105810,1,80.41829696782919,8
7141244409479894265,1,78.70864834776305,5
-5303968491379657883,1,81.99963180119295,8
-5530350560330386814,1,80.62150414882764,5
-3846202764564492626,1,81.80563979793956,8
-1683555754361224271,1,83.90785166079505,7
-1517629071499455945,1,83.02005985515596,7
7725028157332755024,1,72.49943824618593,5
-4840976141866614246,1,81.99316441138859,5
-61344166440872027,1,81.80563979793956,7
-874112667308992301,1,78.3847056552327,4
1797600234010386283,1,81.20853521035235,8
2725109744985341457,1,81.80563979793956,8
1035731054656369701,1,78.9554815533757,6
-1640174119515040024,1,82.5351134035837,7
-6921602845241401172,1,72.68734058487524,4
-3893348953696306944,1,81.80563979793956,8
-4486346113071290681,1,78.72680889214307,4
-500217294391981580,1,80.5061311655406,4
-5750359108731767788,1,78.47613034925308,8
3388108729641557169,1,78.41229527762442,9
-1150843845400741665,1,82.03722893874941,7
-4292646965691622618,1,80.829621768215,6
-4614331387676132689,1,81.80563979793956,7
-1462294026599658682,1,82.16499677407147,7
3249459102077691325,1,81.72366533503995,7
-7246543989444790721,1,64.8640212344754,7
6940012775146301301,1,65.40535156173368,6
7085837923041534011,1,71.48326949204541,7
-2399876586200108780,1,84.73314153312941,7
3687666420668951314,1,61.85428513785706,5
8127742235395621028,1,66.70335418760192,8
-6813088678785297651,1,79.64166772057756,8
-9055397676480255392,1,81.99316441138859,9
7292212209382835642,1,71.001935030541,8
-4715164962383494531,1,78.41229527762442,6
6497919001460648624,1,81.98952897916685,6
1378811449348597767,1,78.3847056552327,5
-4657262659143356228,1,78.23262276650281,6
-8960665394724108943,1,72.80022374944647,5
5313696878108324135,1,78.7474884830647,6
5149365160001660931,1,81.06781347512515,8
8248739409611025713,1,79.6604531238375,6
-2414430002131933153,1,76.3554096681048,7
-4186028464937625373,1,81.80563979793956,7
-3913009549441219375,1,79.98847567325902,5
-1928944663812887509,1,73.70246109298277,5
-7418074182739891338,1,83.26540658515067,7
2569835778241321901,1,83.63993348239615,6
1417501388376141846,1,79.89399020472548,6
-5792696101395039009,1,82.1123063449952,6
780783468905798937,1,82.69504034427094,6
-6768216818032273022,1,76.38594170719624,7
2853329791692742500,1,81.85605185606657,6
-540099653710497476,1,81.68727005212011,6
-2660133539446503860,1,76.55792612029293,8
4966962956719468675,1,67.72296133725266,6
-1306252468876183862,1,81.99316441138859,8
2413598024265936396,1,74.53330462698166,7
2975062829471917139,1,76.08202739613219,7
-410839729942974549,1,81.64129971830057,6
8074260234894770027,1,66.69026855954533,5
8656361540160180772,1,81.86885401136058,6
7064444501204305939,1,81.99316441138859,7
7521184524904521337,1,81.80563979793956,7
1967062257672317519,1,69.34783520725583,5
6386457030522066722,1,80.62351922191822,8
2703740937449006004,1,80.31051563340822,8
4846756351029637947,1,82.24269624450992,7
-8015406791162235217,1,72.83243219023569,8
2582277903839586571,1,78.03271513592273,8
-623264104864626687,1,77.81149546937705,5
-8151770358019076147,1,71.07473789489627,6
-7024996034072466121,1,80.78467062458837,6
-7810104053884325893,1,75.08444836299574,8
1403722359988146414,1,82.34179995114708,7
-3961977244164953797,1,71.48326949204541,7
-4188279367616052128,1,82.38092279445229,7
-4404633072378727149,1,68.08720515518172,9
-6524820325265439943,1,82.44979377687262,7
-4600797247871126806,1,76.13721015035658,6
6811938153834854976,1,78.22767388561212,7
1240648877070964604,1,81.56828931599982,8
-8264302674261927775,1,80.57964484728656,7
-6994810367477840401,1,82.6696837727664,5
5790387436496242011,1,71.57257331037333,5
-1960798380924242840,1,81.80563979793956,9
4399033824507201862,1,72.1861683120519,7
-7261007929947434226,1,81.59733531483035,5
-3270371413280430670,1,79.8340428435783,5
-8651120381457272918,1,68.26753359873845,5
1936406843837831503,1,82.38092279445229,5
118314051481132129,1,72.83243219023569,7
2272224923601818339,1,73.87446371228168,5
-710042703838664106,1,81.80563979793956,8
1620482883034848811,1,81.06990688989556,5
-7071931288590370994,1,74.66699282367537,5
6178378948574379531,1,81.80563979793956,8
-3062630765642710071,1,79.03410438260646,7
334155288320726781,1,80.45729599828626,6
2617288598166520625,1,81.80563979793956,7
-7948461678669967065,1,82.21692488319165,8
1968888225999652352,1,72.83243219023569,7
-7109834982590794536,1,67.13752337577414,6
1581103709270230761,1,80.86539679387626,6
8057227130837067256,1,72.83243219023569,6
1289587586833805381,1,81.80563979793956,5
4612967019274966593,1,74.21993693178233,7
50629096838677708,1,81.88709674299233,7
600454963900117605,1,81.60954915906949,5
-7112125486308168977,1,56.37499219393361,5
8648972235978427843,1,82.80284759869491,6
-8300170972886988256,1,82.28977797667393,5
529451961210638940,1,68.42183503221406,5
-537783784851069588,1,62.982841076264044,5
-983490336838536989,1,65.00484978873527,4
1711015496051400828,1,80.2030390276411,10
1058096462449787239,1,71.35266774342246,6
846559100871689657,1,78.29660616788495,7
5498961715583740449,1,70.48630639830569,6
-5284187433372411876,1,70.69866802470457,5
-5305503537128334139,1,79.40356976341987,4
-2173967855796890305,1,77.94820833711087,13
-7100694549850379381,1,83.48949247484768,6
-7411221515567926077,1,81.80563979793956,6
-6636267463020063717,1,80.96369188902818,4
6288315334279365140,1,81.80563979793956,7
-3390022258811951766,1,81.80563979793956,6
-8507241685622898159,1,66.01677478968618,5
7144377451216943464,1,79.5927607107838,6
-7217152280421710120,1,81.80563979793956,7
2763489882405507719,1,82.5984584778671,6
-605400456571106559,1,78.41229527762442,7
1257025869364745938,1,81.58942191839053,7
-8796184566835197124,1,76.18925929981374,8
-9026025399127295269,1,83.59511812987425,6
4650576762802444434,1,82.78288035161916,6
-444064033827382038,1,81.98007146850755,6
-2916130398829013896,1,78.32732346508408,6
2279378012257588965,1,77.27763974752786,8
6567653358561470602,1,79.29360013552059,7
-155059923304301599,1,81.74795663847132,10
-4084080832179911469,1,81.78529286177348,5
3516337004074803383,1,70.9413622432965,8
-6232383430292436186,1,65.12669641321578,7
4943148846276714353,1,67.22830457452888,5
-8762700806371259433,1,81.75183573159445,7
5707336855313639384,1,81.99316441138859,6
-433420178084321713,1,67.23635160012066,8
7268743329939369574,1,77.97528009863078,7
1369269614963833289,1,81.85673660819396,6
-2387401775886344841,1,81.67663975494058,6
1441682718751489437,1,82.51697400992417,5
-809014623498339824,1,62.00483329600262,8
2834148403222301376,1,79.74529678257157,7
4368292381727702372,1,71.5750002467189,6
5222049511537828105,1,82.8944618445957,7
8044430683287640999,1,82.83726860062569,8
-6734457224815605866,1,65.41536984923916,7
-6933976689616363296,1,67.72296133725266,7
-3980675531365632197,1,81.99316441138859,7
-4236810533552893935,1,78.41229527762442,7
-6813745963210586648,1,79.71708445042377,6
-7881319014566609732,1,77.64466712500897,6
7180448972698746866,1,81.80563979793956,6
-4273355057911638849,1,81.80563979793956,8
-8662977209224076028,1,81.11929155603963,5
1903933421559771537,1,69.49029811246272,6
-9027923277933135227,1,81.74507382035802,7
8570004310317596224,1,82.06528136846698,6
-3523295608690674518,1,79.35454265448075,5
-9013145782720923498,1,82.60259716580859,6
-6362591109919444886,1,81.83740529299158,6
-670484742420786064,1,81.80563979793956,7
-2718662672337183175,1,66.80845972359987,7
-338551269348428101,1,73.81427125159074,6
947848680371832085,1,69.30476755061234,7
-4470337805257249049,1,80.77611382104064,6
8596954166634302139,1,66.95629915647933,7
-2106067522070291515,1,63.273240398804745,7
-978564344199500735,1,73.02995629702728,7
5387836198074623698,1,83.23301459072782,5
-1970505664005495754,1,81.12533000903235,5
-8530712842192058004,1,81.80563979793956,6
4685335534970876225,1,81.46214806079797,9
7976759862020569368,1,80.61078269773564,6
7141776782438186886,1,81.80563979793956,11
2665722792316164764,1,81.80563979793956,6
-5934025046166012308,1,81.01969250296494,9
1920809901360392439,1,82.44979377687262,8
7148899236080079627,1,82.21141318723076,7
2486256954907333677,1,70.94366012406957,6
-3617401031371000266,1,64.47284226824767,5
-3159168804915677632,1,71.40950942807017,7
-810039436316719608,1,80.69082801789652,7
4152870181684109972,1,82.7363415669526,5
-7547246972402356234,1,82.24075004486811,5
2288958821394032310,1,82.22908962030903,7
-660752919370870385,1,79.46764216879724,7
696323983676971285,1,80.90182516838532,8
1752823451229246346,1,82.34408180543252,7
-6757303483832015040,1,79.96623787730151,6
258815478590314285,1,75.29970327735236,6
2315190671547089776,1,82.22908962030903,7
-3376943682605053971,1,78.76917817240451,6
1386211170777578388,1,77.83503362301127,6
6040524863810634218,1,78.51855306414056,5
-1395022712098393152,1,81.58942191839053,8
-5059481908479479020,1,59.06693598800108,7
7713134180743753360,1,80.50354957893363,5
2443790763872940185,1,67.02064162772656,7
5737100988225307635,1,82.49120304468589,6
4817000175519458088,1,82.52379440493911,8
5800319560583578555,1,78.9798196179081,6
3009055951839929031,1,56.29257041491871,6
-6648430884416100076,1,81.80563979793956,7
-2045034299395040096,1,66.80845972359987,8
7240740761619918107,1,81.81111029348317,6
-6762319294735732431,1,61.85428513785706,6
4987105805278487511,1,81.20853521035235,5
-7087795931038499244,1,72.2663669059,7
-7780747865508634865,1,77.64466712500897,8
2495778161613654826,1,71.80808010233923,5
-3380619669893995960,1,79.54435097249156,5
5694395508556331288,1,59.06693598800108,6
8201308341539444437,1,82.17801837780638,6
5670843179168735516,1,77.59389191198217,6
2132653272854486202,1,82.22908962030903,5
2159708893429499101,1,78.19099783440205,5
5317704196143264997,1,81.20853521035235,6
3921127773262449242,1,81.94214139732425,5
-5714316124464953587,1,62.00483329600262,6
2760865417584086994,1,79.0429273132342,6
-2436759127488351815,1,76.320270164431,6
-120603257000281706,1,65.53611920718852,5
-7125765339227485363,1,80.21271184547129,4
-6310785525305466794,1,68.88416631011181,7
-2323254416620274187,1,79.91678388049553,6
-8694484954438976588,1,75.21100874336145,5
2186848997901572968,1,75.0745592285557,6
-7704334616429478492,1,79.85169185434444,5
-6556758309916148158,1,72.2663669059,5
-5912222733412610521,1,77.36372044350742,8
8008628659075225185,1,81.5498823304288,13
2587222824709879949,1,76.47465105839524,7
-2739148160929379080,1,72.03932825711533,11
-5993215809815067112,1,81.80563979793956,8
4809604144385026964,1,81.68915435134127,7
7459040128205777832,1,62.52718474055122,7
3940516971600481092,1,77.47737059685164,7
-509760957489171583,1,59.7235968419763,4
1527172332343207244,1,82.8944618445957,8
-633331029414807997,1,80.68138946739997,5
-3161293090351749948,1,71.99014889107411,6
-7361157315787197953,1,81.80563979793956,8
-5909700639561199972,1,82.20844614634157,5
7787924008384793948,1,82.30107257997052,6
-8583195959972444973,1,62.22195771140232,5
-3387413516873492047,1,54.85081156484821,5
1126781963055247575,1,76.18744163774893,8
-5747462504802275157,1,82.98167922351796,9
-7935317042605499147,1,71.40950942807017,6
-6826964542041014428,1,71.20591169582772,6
-7548266221324907187,1,78.6062549439107,8
-8620658749418398550,1,82.90488590222856,7
-7973366008778311705,1,81.88280991226942,7
6690486896651180433,1,82.38092279445229,6
-3017009251850848099,1,78.81770682196017,7
5349649592988849637,1,80.07085434932279,7
-1704866165577324298,1,80.19047060706077,7
-2439830460330032710,1,81.99316441138859,5
8933957838584226539,1,81.41190595223009,5
4829290919806717186,1,81.98952897916685,6
7979894458528973979,1,80.06499099147375,6
999232156683206243,1,81.99316441138859,8
-6985190110856484886,1,77.62866387921417,7
1669639797654860786,1,58.049920840222164,7
4218803091880218040,1,81.99316441138859,6
2660041178468341920,1,72.8398589840861,10
-8321209347152883639,1,72.69348479443867,7
2158332206815243051,1,77.47737059685164,7
8623303780536908744,1,81.99316441138859,6
3360599680887507427,1,67.94810521040621,5
-1175663468303603443,1,82.07163165366941,5
1848338641690434346,1,66.6969108885926,5
2410486337128209791,1,82.98020289875022,8
2325365655243412661,1,79.61581585798149,7
6026803913173287725,1,79.63198157747253,6
-2000732806386579353,1,72.82634065569773,7
-5686897399399824616,1,81.99316441138859,10
8656201649638620056,1,61.97474247640951,5
-8708306313198620712,1,76.15139076080402,7
-1143179819710405000,1,82.1756105318038,5
5593539598837565488,1,69.43953979450549,9
-7236744932499191583,1,82.53508721705093,6
3870149834336375200,1,80.49037851789119,5
4960429497962907269,1,82.0401873696903,6
-6237057809198655510,1,79.49407425550375,5
6499362420651487884,1,72.83243219023569,10
8362372873209847586,1,72.83243219023569,6
1591241936853027537,1,80.15500053164044,6
-2348664484093653457,1,75.44210691813956,6
-8097791269930113460,1,81.65931497086763,5
-3683226279673723410,1,66.56047237135242,7
8501214307178562243,1,82.60211851446911,5
-2581041993471123082,1,82.73835309023794,5
1897001302383216897,1,76.15139076080402,7
-102951903581019414,1,77.10668526521125,6
-585296737313877896,1,79.64784005608229,7
741155200099012504,1,79.6633703816647,6
7798413250018014869,1,67.59647257481785,7
2170911383854180174,1,81.74840323122008,5
-5562749858832838419,1,79.8345927414091,5
4584544205899498432,1,81.99316441138859,9
-205249004859916196,1,77.69785413308313,6
-4923245374472202418,1,81.80563979793956,5
5244306568976035785,1,80.37181110006846,3
-5370564439923715398,1,82.22908962030903,8
-4142777293578935639,1,81.80563979793956,8
6036394278892868009,1,77.19306076480953,4
8375475968216509228,1,74.95804641368608,8
242696097585979862,1,69.53845747385714,7
-246688421312857578,1,76.02291613946568,6
-8389564789156984996,1,81.58942191839053,8
4002447563682449514,1,78.59902061496983,6
-7541177406537197588,1,77.17472444432968,7
-3180128562872465359,1,81.81111029348317,5
-7458001694318626477,1,82.91628823537934,9
-6607270522907148588,1,83.21427768980207,7
2401393503239600163,1,67.39999554305581,5
2665284405582513133,1,76.74536937866763,8
-4296697186436468601,1,78.41229527762442,6
9035995406613062450,1,83.32358327362356,7
-818634493725476884,1,56.034492076492306,6
-2655965635570413089,1,83.55656842936597,6
4799707490896439919,1,59.06693598800108,7
1122552377134681340,1,83.5564062602301,5
-5308719801906793456,1,77.22339832129842,7
5491596526783187107,1,74.35711136805654,6
1221370323871670971,1,78.90157701635022,8
-4667115783888681303,1,79.1262494126774,7
-1614482740371693064,1,82.36384169286656,6
-7922553386334138219,1,68.14989878494899,5
6369733897911711471,1,81.55880529187895,6
8373672688195650620,1,80.98317791405769,7
-6681607784172599002,1,72.27487573566083,4
4761691645594040653,1,78.41229527762442,8
7322963168837066879,1,72.2663669059,5
6427204242479957154,1,80.48750426461989,6
-62453431347748888,1,81.86843779230544,8
-8750477404437153494,1,80.59216282846191,9
-2735858160795120633,1,74.7363729405792,4
4879306988669369312,1,77.78804780651933,10
8466241318656846642,1,82.22908962030903,6
-5590188699529205461,1,72.67036186837298,6
574941888966759014,1,81.80563979793956,7
-1521271288817701127,1,82.84437604863982,7
-1039113752601505401,1,77.9214276448632,5
8274200679836457707,1,59.19868607057033,8
-7239379086875708800,1,73.07546128894569,7
5801282532935116965,1,82.22908962030903,6
-794169316362386713,1,65.60418378240847,8
8381361532523104222,1,81.80563979793956,7
-5191624248156527820,1,79.85169185434444,7
2940421552108738585,1,66.4291082079275,7
94056898116713667,1,81.58942191839053,9
8503079873001884562,1,70.94366012406957,6
30832753299209511,1,81.41190595223009,7
-8896412159915486534,1,70.6315382177969,7
8614613176929347811,1,75.37442860184801,6
-8640819188729318879,1,81.80563979793956,6
-1376743926738532781,1,82.59868851362533,6
-2344812024444984978,1,72.83243219023569,6
-5454105752719088195,1,77.40482348121306,6
6770327947612034110,1,80.19472609326563,5
8954608607400550507,1,61.337670734932054,5
-3959382188730933524,1,82.054617393862,5
8999358064089801344,1,81.75097194132677,7
1321288238189971062,1,82.09688406204006,6
-2682066381368523283,1,79.0964017783983,7
-7080067704160201816,1,78.41229527762442,6
5448455179307205800,1,69.43600772186842,10
-3505420243987957174,1,75.4719355302202,6
-4020881077824348479,1,81.99316441138859,7
4037111734078964176,1,59.06693598800108,5
-3248405779727438619,1,78.23262276650281,7
-1078468414508223352,1,69.53845747385714,9
-5921910111327934007,1,82.10962250766326,7
-6525373399334681447,1,82.60782600509673,6
-5317794544664152038,1,81.5718555510837,8
-2371734575593491066,1,79.65055386012891,6
8961389106135079118,1,74.40201586189714,7
-6305182304102816415,1,81.58942191839053,9
-7097526880432006451,1,79.04717613420513,5
-5197760605269733044,1,81.80563979793956,8
7665272343213005574,1,77.69785413308313,7
4025397892996494133,1,77.31140138358435,8
-6114537875792757808,1,81.72366533503995,6
2616414938385024442,1,64.9261788325283,4
160462365288125381,1,63.37351869477798,5
6000036608288522760,1,76.39688244785837,5
2671224536023294435,1,72.17550735913743,5
-2178572270958647875,1,81.39409538702431,6
-6585266924658658641,1,78.41229527762442,8
8994451039998350514,1,75.48905555608027,8
-2699105041618129293,1,73.70246109298277,6
5394700092255899654,1,81.80563979793956,7
6723598984918766083,1,82.56627317038796,6
-4895283309082201871,1,79.54958310859588,5
4963386029186948759,1,82.37830836260763,6
-7517257067402116180,1,77.47737059685164,12
-1086887255958179153,1,72.06873226387982,6
-4168996357545061306,1,79.9314555624219,6
3513199617607326350,1,69.1392764453114,6
4483072853384451290,1,63.80467357250602,6
-6078080611976259372,1,79.21674413576712,6
-3550334946833988967,1,72.49800504291964,7
-2670068388950448848,1,74.25197187433442,9
7869891430463006813,1,81.99316441138859,6
-5133167812452623081,1,72.09832450206169,8
8453584875549289184,1,72.83243219023569,6
8900121582493444902,1,72.67144281035327,6
3586116062503618986,1,80.09254331984769,6
-7545502143930418636,1,81.80563979793956,7
-1343566469969075045,1,79.45919227072105,7
783556861472151506,1,71.19440065136985,6
-6335002763239558761,1,81.37622759667684,5
-3302931344729208661,1,81.30148201212889,5
-6557643122581861592,1,78.06480018217526,8
8709795619124569529,1,78.41229527762442,7
-4531784352114860609,1,78.41229527762442,6
1772723147071903143,1,80.63433185253791,7
-7844682502983650570,1,81.93117922950711,7
-2595540833672638429,1,81.99316441138859,5
-4532511650076260586,1,70.48630639830569,7
2183624567089156828,1,72.90416630774656,6
5352737830693782219,1,77.4218086466876,6
7841433283925812216,1,82.12456550719867,6
-4026707493021021386,1,81.18603985924709,5
3538967566394825954,1,72.87232948428552,9
-2747511819805793438,1,64.50225948980041,4
1363297784260397473,1,82.6305709435275,7
4851693927383601541,1,82.29087395249559,6
8206894256987926051,1,78.04806745217438,6
-5503899316114775315,1,81.16541157472294,6
3639609258876038704,1,68.81872936128168,8
2359658229173951404,1,81.80563979793956,9
2587786607883184601,1,75.21100874336145,4
247653536723454776,1,81.80563979793956,6
-985256026739777797,1,62.22195771140232,6
2099666824872412342,1,64.91122665543683,5
3762492049149131690,1,81.13402698991226,7
7362421500766179608,1,78.96606604784989,5
-6964471500183169485,1,74.2818550785913,7
6826315949905463183,1,71.24955433481034,9
-6274396176385651014,1,78.39138062341137,10
-7016452160644213944,1,74.38313938303195,8
-4075548878573732202,1,61.224446627222136,5
4858820827974124321,1,80.44005389198215,9
-3544503363195287207,1,81.99316441138859,6
-2465507311290977473,1,79.99004820547677,8
-6704047762899795587,1,70.36832615547455,7
-7326258434600160970,1,79.62883919646052,6
-3528295619346295605,1,81.58281511500357,8
3270328834842492840,1,74.4966001670459,5
755688055592691244,1,81.41136175102763,5
5950194603715343647,1,81.99316441138859,9
1821828903938232082,1,76.36873934303567,6
-2331795070600548409,1,80.62520625734413,11
247271900115958795,1,78.72424568458834,5
-8259249387571076187,1,78.41229527762442,7
2600922539240252155,1,81.80563979793956,7
4529324838394677030,1,81.44846794398063,6
-6538718353517315670,1,81.80563979793956,7
-2354077055159892721,1,68.61889965176351,7
-5007717299576369365,1,81.4723738575958,7
2512538467785431188,1,82.054617393862,7
3459279754901352109,1,81.95053921267039,6
-7872935818476565896,1,72.77114397967651,7
3721985041881741539,1,77.80604872545535,5
-3668383906557134183,1,61.906853782299926,5
5488568415660310672,1,79.25029841810388,9
-8875298975150450475,1,79.681369004286,6
-5828652269707130682,1,81.80563979793956,6
7542276050230226120,1,70.52327317621067,5
5258379592827446861,1,67.34097249376367,9
-4848215333786211328,1,81.80563979793956,6
-4339135055264961047,1,59.06693598800108,6
6751572429026732591,1,77.17878471803624,6
6269166788042292989,1,78.45543581291153,7
-208304674804885940,1,72.52845316434697,8
3939223501262321689,1,82.54030158894093,12
-3223363211136701041,1,63.273240398804745,6
-5432265529402411338,1,72.91529350493457,6
-6495669585670087917,1,78.41229527762442,7
2039819273124519847,1,73.0504831772297,6
4776248909167365587,1,81.99316441138859,8
2521604106622763190,1,77.17293660142427,5
1406381034161317473,1,75.53303258682104,9
-8942352564162001999,1,71.20591169582772,6
5154355080358500548,1,81.80563979793956,8
3544228735423605350,1,82.23507414157248,7
4157045771687111913,1,53.72190815114336,4
7520255501553661132,1,83.91772425118336,6
-8525644865487690680,1,81.62081181949846,8
7915875389943684187,1,59.06693598800108,7
-3717635930026271815,1,78.44162950368306,7
-3766700115639007438,1,77.79382371325622,6
1935987542528024589,1,74.65017948467602,6
6757643541326593409,1,79.75214915700501,9
-5974603066256812381,1,60.394251998766066,7
-5757680681069249611,1,68.54238505050864,6
3415109101198677479,1,76.31562579225557,5
-5586737224663887799,1,75.372482284481,5
-5909863172894326381,1,81.08200007857315,5
4622002610284785356,1,77.6478330471906,6
4265679604527061995,1,76.40014315307008,6
-4206466522516452259,1,79.70909311438209,6
4518039637911995700,1,66.39356237216961,7
-3567115157858987177,1,81.80563979793956,7
3367615867893434959,1,81.80563979793956,7
3625964350602687728,1,81.80563979793956,7
7831252342366317155,1,71.81689744204925,6
-9160538222830319507,1,65.0854962833174,7
463088151775471035,1,63.37351869477798,5
3783809759796619583,1,65.57161832072428,7
-5391094546954047064,1,80.86539679387626,7
2984664437473690360,1,81.80563979793956,7
6737188759386858521,1,82.38227595859333,5
-2005018562817640270,1,54.85081156484821,6
8920897508558685710,1,83.07129483010665,8
-8391076900883957367,1,81.80563979793956,8
-672565807053312456,1,82.054617393862,5
1476724832048145426,1,81.80563979793956,7
-209840839050634882,1,80.49935625300682,7
3332043163436198114,1,81.45956201785164,6
8794347129431141241,1,81.80563979793956,6
3433644627381513494,1,81.41190595223009,9
385396631027554806,1,72.83243219023569,7
-5357027503592759628,1,81.99316441138859,6
5957290356765089492,1,74.13125768883944,7
-8601162877240793614,1,80.2457486089011,7
-2754699403432135938,1,81.80563979793956,7
148125246706236850,1,69.80542943358459,5
4463868541189641729,1,80.15548127716059,7
-5797358476391548545,1,79.85169185434444,7
-5747192338428587830,1,83.26540658515067,6
-1402493466405577008,1,76.56234298294211,7
6197521304555337962,1,82.46489648634324,6
-118339987108071827,1,81.80563979793956,7
-6685394139786866950,1,83.29870419772594,6
2228135746120730374,1,81.56543369812606,6
8739783944295820015,1,82.53524147900156,5
-1079566302740046945,1,81.44883401188874,5
4046188464181566923,1,74.08755193227837,7
8269610119191017461,1,59.06693598800108,6
-2870625947225166587,1,81.20853521035235,8
6406757403458910007,1,76.39615206898212,7
8089124828320202891,1,79.7690926151062,6
7199176170473471056,1,82.29842479552084,9
2628266223737047544,1,82.38579928646233,6
-3271742901735284186,1,82.22908962030903,7
6422621848582816974,1,76.99153110551838,5
-3933937561305252086,1,80.61078269773564,8
682919889364680784,1,81.80563979793956,8
-5433447827204360721,1,83.38337332114023,6
8445476073715597159,1,81.89838625107052,7
-6449874682390453552,1,79.9314555624219,5
1239108860902040074,1,77.91435427342176,9
4330923083289385708,1,83.63901812495902,6
-857835504590727521,1,72.79523121178278,6
4932627075881746000,1,80.63433185253791,7
-1115529914633169760,1,72.3025454160382,4
5721934470095296805,1,81.2469298237439,7
1304616938686021036,1,71.81689744204925,5
-2746415073676247821,1,80.94250863021465,9
-1216737595947309468,1,73.99647772980975,7
-7540011525486431577,1,62.44148288962668,7
6060799788246719820,1,63.37351869477798,5
3816522702247720738,1,80.5389094192185,9
-2596855522992972383,1,72.2663669059,8
1699734088588348657,1,70.10088212741357,5
4958117847732027226,1,79.85843734943484,6
-3261964206564347017,1,81.07929370593652,6
-4781434911431225969,1,53.55666087789257,4
-3864410113391698092,1,82.80620121266189,4
-842632627374116064,1,68.64702691971915,10
-2302507575172622492,1,81.80563979793956,9
-4215409051130078438,1,82.24887845836392,6
-5112886648168358886,1,77.91191945207362,4
2230813397550091681,1,73.48180764999239,4
-9069420418322435600,1,82.38092279445229,10
4362465373844923287,1,79.12422505940899,6
-7570809227882942855,1,63.8050245890898,6
9213556169304128470,1,81.20853521035235,6
-8999574577662585246,1,74.49888363904991,6
-9206918883583141387,1,81.00180913287576,6
-5179973422274129485,1,71.40950942807017,7
-6511207903578958117,1,72.83243219023569,4
-214067278711688375,1,81.80563979793956,7
-238459935860614485,1,77.86224225332232,6
-6642144296187590298,1,81.99316441138859,7
7727336515230305472,1,71.96223133943498,6
5112577775280857760,1,79.93174265237167,7
4370113190341229231,1,81.58942191839053,6
-7864908887069138646,1,77.53362129499989,6
-1220102027845540032,1,81.80563979793956,6
4139137227037987450,1,81.80563979793956,8
1415169162843038128,1,73.97152300598819,7
4699172701776513306,1,72.68734058487524,6
2050154805518294231,1,62.12551229668092,6
5447835281184808502,1,66.57683925201341,6
-4676769022494521277,1,82.79683644771197,6
-4455390911552247771,1,81.06781347512515,5
4786480729521508253,1,72.17550735913743,6
4623952391003144676,1,75.84078906334528,6
-7929704259902855642,1,81.57271319680825,6
-1956937082961125894,1,81.80563979793956,7
-364611191113383776,1,81.62330504542167,6
4755841662000021889,1,81.22199852314193,5
4997414854357445106,1,82.3126070139092,6
4065081363066767701,1,80.49033346976428,6
-7519415659084772402,1,80.16902596089815,4
6932591159818335743,1,80.70537605198507,8
-4090546459121168273,1,81.58281511500357,9
2397229138281087747,1,79.9314555624219,7
8444957091124890090,1,80.06713216738267,5
-4959535445500270711,1,80.27419151268356,7
-6498581634896459255,1,82.80434936267046,7
-5328642298001482162,1,77.89838250636747,6
-3141189561116383715,1,74.14904685411987,7
-5327098669371634148,1,73.55069403890204,6
-655369828366584363,1,67.90525240201183,7
-2238789099902651768,1,81.98727017960493,6
3733377308406090793,1,67.22830457452888,6
745054988518147111,1,81.53307015710914,5
-7740508246322383978,1,52.801941783529024,5
3310046312229223821,1,82.29334980901113,8
-7725870224735001558,1,81.37998345807095,5
-3750910879200288082,1,82.74406150777055,5
-73662124529443996,1,79.9481788657401,5
7112867537634508151,1,59.523775532820856,5
-692670788935754589,1,75.82278228159323,6
-7517165057353832320,1,75.91125012445295,7
4395690012665025846,1,69.20176091825014,8
-7272006709085495000,1,72.40031745984254,5
-5480302523895902683,1,79.50873066776516,6
-4843780094930145968,1,82.66628466946881,7
-792414427110574933,1,65.16218884174953,5
-7188045936734886439,1,71.75636528887279,8
7711768943945808536,1,76.63805600577602,5
3337906566482902344,1,80.10461716638906,6
-3467407291705937176,1,81.99316441138859,8
4968007414835557713,1,61.85428513785706,7
4989486900121221203,1,78.64042525336797,7
-8701690416640742384,1,75.56914278192325,7
-5509150934734232923,1,77.90552386160435,7
8247258087161077824,1,76.6648675536287,5
-7324756877860518145,1,70.94366012406957,5
-7106148347954810113,1,81.88770772648938,4
-5286459812429533841,1,80.46900858341947,6
3638855475095954481,1,83.55656842936597,6
-6147599185753994628,1,77.31403507536454,7
1257733386523271434,1,81.80563979793956,9
-7642193354619325748,1,68.27183069030909,11
6807728866604840578,1,81.99316441138859,7
4027252066284192082,1,78.13667268703485,7
-238816829582767310,1,79.08906015272395,8
3315747073103838967,1,83.37728473388061,9
-9180046745624418795,1,82.73626470474673,5
2704379965143304673,1,79.75214915700501,7
4410239745972720800,1,83.45044800156023,6
-1963709915438037640,1,71.99014889107411,6
-3230083976741914775,1,83.02005985515596,7
279431359883897475,1,83.78953953940052,7
-4173762245650168251,1,81.58281511500357,6
-8887362907516777854,1,82.90119061454247,5
-3411146310857020827,1,82.56627317038796,9
-8312830544600884691,1,81.80563979793956,7
3925882416211767460,1,79.99647953580457,7
6274684192655416165,1,79.6520691026051,5
6227087368773423565,1,65.11660613048954,5
-1468916712517979244,1,81.9115410424605,6
-4407542796851471390,1,81.99554976352947,5
6608663076176200932,1,76.5001205150154,7
9190398452898862686,1,63.470206647200435,5
6553550703403376043,1,83.84764402705333,5
8237256932247211406,1,73.55069403890204,11
3503887691661251259,1,72.83243219023569,6
3858850481050703198,1,83.11540769764537,8
4748428398741698197,1,71.53988677422011,7
2001497589449900391,1,81.80563979793956,7
3605119549089919853,1,59.523775532820856,7
2144895851798232321,1,83.48949247484768,13
4787790656673651071,1,81.13550788431574,6
-54627206705585431,1,78.57994604292398,7
3414206537136020945,1,74.56674163770619,9
2598517009732869547,1,71.09553591714865,6
-5150532541135217854,1,69.86036266900415,5
-662212570716090456,1,80.73228987774252,5
-853858385149275803,1,69.7523706293133,8
-258742810134157933,1,77.55755777820838,7
-1160220136301061687,1,82.38092279445229,8
7543835609085494827,1,72.18884961497405,6
4390313641571102751,1,77.74010777080936,7
-5533525708521658446,1,77.64466712500897,10
3786186278285228627,1,72.2663669059,6
5953269400115400632,1,53.65264432502478,6
-130483627361524112,1,81.99316441138859,8
431801797999932519,1,71.36373719472844,7
3772047446710562178,1,72.27487573566083,7
4998176514573474377,1,75.09768973473595,8
2619943629840823953,1,69.55847816262107,4
5426752793034837431,1,64.60515331454079,6
-4228099803406879978,1,79.80245271951536,7
-304133364379154756,1,77.81734456788193,9
6068780420678571789,1,78.41229527762442,7
-3159940867146838068,1,72.52845316434697,7
-4943355423291052943,1,81.80563979793956,6
1620255561707873896,1,67.42372292184339,7
-415230248773077517,1,75.5568562668767,5
9127995218309094529,1,81.32938385321764,5
-269215781555322582,1,81.11929155603963,6
-8186909906465251042,1,74.40201586189714,5
-4738359696211716845,1,79.08008105798004,6
-5379482141625177058,1,81.41190595223009,4
-2489531128532899517,1,78.55535366718632,6
-2821646416986236325,1,80.8612158714478,5
8296915731605249101,1,74.58655386224694,7
7391567824394174311,1,80.49714645319443,6
8537627728983591009,1,77.05343906611955,6
5587827548635136488,1,77.45487562204642,6
-8295568718526844996,1,81.80563979793956,7
8559430395682833487,1,78.41229527762442,7
5685992792664168863,1,72.2663669059,6
6642456565280311603,1,63.613964844508175,5
7400705299036828618,1,79.62714005976008,5
162787491311331424,1,60.108651549208645,6
-4301354007950201062,1,51.85649172355854,7
513882543724953718,1,82.8944618445957,7
3409443282188508274,1,81.99316441138859,5
8484977226325635875,1,71.90354267996427,4
4446181832911115243,1,81.73725123349257,7
-6439772598337249606,1,70.94366012406957,6
-6268413882823114872,1,62.00483329600262,7
7190816624184861931,1,82.99653478858586,8
-9210201935003036054,1,82.2599007966738,6
-4563043771405639111,1,77.61007989577998,6
-6127337494995991236,1,63.34445302506445,7
-8368947694846534347,1,72.2663669059,6
6502751678104530803,1,81.4957363521423,7
2959160849143688108,1,81.80563979793956,7
9154271639242690791,1,76.9124832724317,7
5537883514530651719,1,66.80845972359987,6
2003702276774280169,1,64.09396952875741,6
7231939264625648444,1,68.8363463181582,6
-6586782848371215108,1,72.06873226387982,6
-350410445203121177,1,82.5882342063908,6
5042908548838760511,1,81.58715324968587,6
-4280032514854961256,1,82.17801837780638,9
-9215089649150954539,1,72.03609647248989,4
-8766305893176525299,1,79.99647953580457,6
2607564160784977798,1,80.50125122220634,8
-4363089846845359197,1,81.97691071972419,9
181907136529869676,1,81.84852235502525,6
-429084175072262504,1,79.44637845772903,5
-6062914836450809611,1,81.58942191839053,6
2045821780783291097,1,76.18213954869522,6
-7077755070880327663,1,81.57646111795722,6
1404004614225714154,1,78.41229527762442,8
-1159444641283958233,1,64.50662927698376,6
-8376221526312156743,1,70.94366012406957,5
-6457418489963570311,1,83.22922834235526,5
2127833165695053199,1,79.9028027136244,5
-1282705940314579182,1,84.05476294626318,7
3129918521775575393,1,82.83726860062569,6
8815644747440292961,1,81.80563979793956,8
830007424523726178,1,78.6964333273987,7
5063898393705140943,1,73.88036317155215,8
7425992917613900922,1,78.9554815533757,6
-2528860434116603067,1,71.90354267996427,5
-7289532534071734191,1,81.99316441138859,5
2208527718009071773,1,75.0745592285557,8
328472203961231282,1,58.049920840222164,7
8778026152935334715,1,77.51008862274038,7
-52773941091572330,1,80.41102576948796,8
752375842086563381,1,79.76103300440467,5
-2487379630705254954,1,74.30643878694273,5
-8143967475611663023,1,81.99316441138859,6
-5097620121136074569,1,80.68256583961971,7
-8559853280901878157,1,81.80563979793956,7
558749887041625113,1,82.88635487813302,6
7254854077369523551,1,71.53988677422011,5
-233521845387016208,1,70.94366012406957,7
2006352548707019363,1,81.20853521035235,5
2060615784891988749,1,78.11905782373432,6
-1540038414049014289,1,72.83243219023569,6
-2858622687525782780,1,82.01934173638473,6
8678199619683584430,1,80.4368067836527,5
-6223364939980539602,1,80.91369948466163,5
-4793734098995798409,1,75.24130281222152,5
2653788963914280518,1,78.46384171153682,7
4434391065812068448,1,82.4088208577894,7
5098852667006428558,1,81.74040849852126,8
-6352657938700207654,1,81.35917020528098,6
7137222132487631116,1,81.20504974690944,6
-6678526114871037906,1,82.0981117802391,9
6803107735334307748,1,81.72366533503995,6
5566833154665413059,1,79.46764216879724,7
5246532867691624166,1,75.50194540875951,6
254708509269681632,1,76.1534164379987,5
6093685191751371655,1,82.69625945321032,6
-6518621499578430,1,82.10414277042666,8
-5140143524113366452,1,65.98586474032966,6
-6287349992771361991,1,70.03979674943761,6
-3594986556311127163,1,82.22908962030903,8
-3537976843589075640,1,70.10088212741357,6
4942097740796028165,1,80.33274286586649,6
-3953770284200032866,1,64.21331020431604,9
-62182166382367215,1,80.18629178507071,5
290230418974286204,1,82.58791489573724,8
-5438275526207282175,1,68.10977381717015,7
7171357286103335716,1,73.06077924275473,7
7885400263101331663,1,81.80563979793956,8
-5531273897177685274,1,53.4683272375889,5
9122843542459324665,1,68.5875420500538,4
6532431941775011623,1,77.19542545528085,6
-3039770691052884657,1,78.19990481261114,6
-650860523584737137,1,77.24358969175904,8
-7131606088645665042,1,81.80563979793956,8
3927791153055745900,1,79.93174265237167,5
-401342839125326849,1,78.93247064452866,5
-4974374116224069035,1,78.1857096300136,6
-896252695322165622,1,79.40356976341987,5
-7633499264916182965,1,82.98324668228649,6
-2781621905864942961,1,68.10048124890318,6
905218973914685932,1,66.76827840378769,6
2374955728533730512,1,81.80563979793956,7
-1051645042051550437,1,81.76556384739882,6
-8764391356528927722,1,81.80563979793956,7
316306358491394801,1,82.88326199569545,5
-3668826723083488071,1,81.99316441138859,5
-1155963201271699155,1,79.81379379714343,5
-4511976375429146985,1,78.41229527762442,6
2682446288539432825,1,76.54999686046742,5
8828798649155876489,1,77.5966607508575,9
2002369796873604439,1,82.95282122654514,4
-87542298248277676,1,64.0339828204975,5
8243977560772412166,1,81.91258428210419,5
-8410973083190269201,1,76.38594170719624,6
6151552415519464928,1,81.80563979793956,7
-3441986457857310559,1,82.51847616899059,6
3162470461538183775,1,70.94366012406957,6
-4852427694562422442,1,80.30632079945819,7
-5609315510421662357,1,82.56627317038796,5
6674855739664807966,1,65.70138259497209,5
1638356652310050252,1,80.75070826285513,14
-5922507477400231116,1,76.91991661940632,6
-3630752226466143872,1,81.99316441138859,5
-1070983144757027940,1,77.6387637754017,7
-5398205783788743141,1,79.1262494126774,5
-7440940560052927411,1,81.51205530265501,5
7563739591912589366,1,66.0077961776694,6
6791239118677028081,1,50.64054354419961,4
-2139198256430053010,1,77.30816100393346,7
-7691633053065258242,1,79.58655304268808,5
2495269929850112379,1,78.41229527762442,7
5962564049048788161,1,80.07394603628052,6
-4910372080249478516,1,81.80563979793956,7
-8842282128789080467,1,67.28660694121095,7
-5672128806121357667,1,82.79553054125685,6
2724500209406456322,1,70.94366012406957,6
-4547127923817070812,1,69.65136825296433,6
5595693232563592396,1,79.76032246399727,5
-5806223758821447327,1,81.80563979793956,7
5945042922784369602,1,72.83243219023569,7
5599628608996678604,1,75.75305199277442,5
5771008770822557250,1,72.83243219023569,8
-8453410839256870377,1,80.82708028754278,6
2103259720749830494,1,68.49419109988777,7
4792037586113605312,1,75.53295961259172,8
4788488129726056851,1,81.58942191839053,10
-6887168439468953098,1,72.83243219023569,6
915760671069450253,1,66.70569389752097,6
7145278621770786719,1,81.80563979793956,7
-5513859560730205252,1,70.94366012406957,6
3002895297098112387,1,79.15451528212154,7
-650067327226916973,1,67.68470201363752,4
-2557146273859880979,1,76.88934949178572,6
-5135382391124779703,1,82.2599007966738,7
-7754207114389239124,1,53.72190815114336,5
1745927932171268910,1,79.69443894819958,6
8711130586983187363,1,53.4683272375889,6
-7899578924345663688,1,72.2663669059,6
3078122651047606120,1,66.4291082079275,8
-5312375820836705402,1,80.77543781394236,5
127335908943434719,1,73.32196859656126,4
6016777687189722833,1,82.49120304468589,7
-6106094366950845312,1,79.0964017783983,6
224481519797310063,1,79.9529309168272,5
1168611404834933720,1,73.72136487462119,6
5865749619390322143,1,78.6964333273987,5
2108497728693370180,1,78.51447886025008,7
-4299405251263153500,1,81.25305725064824,8
-8701859223441989708,1,65.0854962833174,9
-8761147021159370781,1,61.11014254595389,6
-3764960660689210857,1,76.93188111252486,6
-2005293968477426585,1,82.66881014184577,7
-4344289449772796415,1,83.05083051546059,6
-2781030322960077428,1,81.58942191839053,6
6230474637541580661,1,74.40201586189714,5
-609626293868508634,1,72.19017355914556,5
2994235202054387937,1,74.01808237765323,5
-2396453956760763463,1,63.470206647200435,5
4402349211619821774,1,81.99316441138859,5
-5776083829041368777,1,78.51170641815665,8
-2805205851648602009,1,81.80563979793956,8
-831281928208870199,1,81.759176978235,7
-5930663427773699914,1,82.78443966330363,8
7508410452228591285,1,82.38631975767694,8
-7328312033551523066,1,82.91730648137822,5
-7719858634210704879,1,66.32874080745962,5
5252163075024024285,1,69.69499080255997,6
-502212435200278163,1,71.4652681623798,5
2731347336210276866,1,78.57994604292398,8
2089283196769847164,1,73.77808060861325,8
-8483657726604884505,1,79.62017726248686,6
5541331101083773298,1,81.99316441138859,5
-1957357274111137463,1,77.89838250636747,5
7466936453013142897,1,69.17211743986527,7
8170407552989548681,1,67.22830457452888,8
7717721542947136563,1,73.59487321439912,7
-2887305921827099995,1,82.62927822357261,7
5947404711755869084,1,82.38092279445229,8
4772715640841435563,1,72.31325449207891,6
-4184569725653603290,1,81.80563979793956,6
-607682892363845674,1,82.69625945321032,5
8902584352921128052,1,70.9815945159427,7
7445964494921730935,1,79.85548175696125,7
1670413326104963398,1,82.22908962030903,7
-3260969151303083787,1,80.57074015079644,5
-210743135049546065,1,74.34829019383437,6
-7670218816774864565,1,65.29897997512471,5
-2262963160839748892,1,64.47284226824767,5
4894845942826133984,1,75.82278228159323,6
-9110277226315518141,1,76.90882656932828,9
5246701713381710934,1,74.91755639431169,7
-8983000358571328855,1,71.46639351464486,8
-1422865462659901895,1,74.11267897100807,7
-8854316210174798554,1,81.80563979793956,8
-7877705911452306604,1,62.844317993067015,5
-3166925328804587027,1,82.1806917159296,7
-3555802762282294033,1,75.03361236441727,5
3308502966192156971,1,63.604506012878836,6
-4592074962742868319,1,71.98301429892254,6
7520665245453340363,1,59.699972231559194,6
-3324463081170075760,1,81.02898338624446,6
-2708185687405470163,1,76.39887302314732,7
6632582590560309922,1,81.56890525323925,7
8828808134313792805,1,76.58909302449788,6
-4551324548980167305,1,83.56971440827922,7
1373042882620791699,1,78.41229527762442,7
-7512432260003991248,1,79.18830875926548,5
-8835467509330677214,1,75.4719355302202,6
4633836452694031700,1,76.26069865597923,7
2642311386031280644,1,79.73760135585526,9
4393532674001821363,1,71.53988677422011,6
7793569975484592663,1,81.99316441138859,7
212062497773076386,1,71.39270535445279,5
-3906127952699306397,1,80.39001631182803,5
-3514738412844356425,1,82.77138489614525,9
6856736503190948505,1,68.81872936128168,5
8094156554758065610,1,78.41792355317929,11
-1881151453019704272,1,79.85169185434444,5
262152729087389306,1,79.92925797717109,6
2651228173442336905,1,78.41229527762442,7
2116567548156038668,1,58.73877376316093,6
850862139752421002,1,82.7363415669526,7
655680398671543375,1,82.02977784854778,7
-3800389665119215738,1,72.82383932604517,7
791658849820278329,1,81.25710981055843,7
276650059080349378,1,81.75183573159445,6
6999425735966102184,1,81.28950926822942,6
-4045754249699559936,1,83.48949247484768,6
-7147212879637582716,1,78.18997104757521,5
-8174005580696755005,1,82.24667443454894,5
4978136849089400743,1,80.54686440443642,7
2348406676378910440,1,79.34694199299908,8
-1760198351231059391,1,75.89389724797415,7
-7190189551227717571,1,68.62599600183077,6
-1420529749851954146,1,79.0744356268125,5
8122500623623439612,1,81.24545527992375,7
792525720003133998,1,83.26540658515067,6
-9007193441461448929,1,83.26540658515067,6
4214037280562779249,1,81.68074967510327,7
-5915711339518088681,1,78.2602667469193,6
1358998521849298292,1,67.22830457452888,5
-3891283240439874779,1,75.56689271025412,6
2406793433987040085,1,75.50194540875951,7
-4717538779493522205,1,82.8944618445957,5
-3955688872570786450,1,73.81427125159074,6
-8200524346678035786,1,82.45442409231966,8
-4998204550403341548,1,80.02193792800368,6
5394374399953478492,1,75.43660241478537,7
5946226246535363009,1,76.91659954555438,5
8729660659783157774,1,77.63524578438006,7
-1245460734275148635,1,72.03932825711533,4
6329236042782310562,1,82.52387590605737,7
2462933733852613450,1,81.00890970148754,6
5198219223685349505,1,79.18230310989775,6
8246751587584816940,1,74.07130066813518,7
2063630837763155157,1,82.62971895345089,6
-8590159301829297488,1,59.27729142039181,6
3958561317935073446,1,82.2599007966738,7
-4912094549946577891,1,81.80563979793956,7
7225246507845889689,1,76.55792612029293,6
7686731775706637405,1,81.976059666818,7
577086268295892711,1,82.38092279445229,6
-4836564614342722555,1,80.09397134945108,7
3327154470425561734,1,82.8944618445957,7
5431106884078180668,1,81.99316441138859,6
5937095086392469544,1,79.06172576110752,7
-5469319068431200457,1,70.65486043349969,6
-5872728484035020224,1,82.8251144484255,6
-305293808758784241,1,82.22753393476813,7
-7918824368941295278,1,81.99316441138859,9
-470530229261271567,1,81.34255981945611,7
8400103620385982906,1,81.99316441138859,5
5879498265114468941,1,65.06945209234878,6
-3719504051567690629,1,80.68149000047032,6
-8991697877743091215,1,70.88134179303658,5
401376594985142922,1,70.48630639830569,5
-989602339473743330,1,77.47737059685164,6
220920897208850267,1,70.94366012406957,5
7301903026209075930,1,80.4368997904312,6
-666657317141080813,1,81.28605178437076,7
-411215153585483702,1,76.3554096681048,6
2621765653377613053,1,80.56971211411299,7
-7724155321692870296,1,84.18389509517752,4
4627822721813414124,1,82.65482122686734,6
-7785459707171178169,1,81.89393440822434,7
3996867789481250645,1,74.26640668571028,5
-3408555489276863533,1,81.80563979793956,6
-8421380529906453957,1,76.40014315307008,6
7746587568860068043,1,81.39314175432335,6
-6365389491125707193,1,81.86843779230544,7
9013608341219585037,1,81.99316441138859,10
-9013124029687153612,1,81.60037633614098,8
3992638852618321489,1,70.94366012406957,6
8328979351633007967,1,81.80563979793956,9
4457628212673375600,1,82.44542282005044,7
2222271438685432371,1,82.90211740856702,7
2527058148876654338,1,79.89163155904218,6
30060302133795711,1,69.62822877681432,7
-1023815510652786806,1,71.57257331037333,8
3586777849199312604,1,70.94366012406957,6
4453919790338848075,1,81.80563979793956,6
-1080511145494840161,1,59.23789757648358,6
-9149999098129224852,1,83.72827740314108,9
7989168535737352501,1,79.5927607107838,7
2021275188378253384,1,71.81689744204925,5
-8012043108926909003,1,81.24953329143223,6
2134935346931810467,1,78.41229527762442,6
7495913317504035048,1,78.30066447088745,7
1931006045195414458,1,80.93930800618384,6
9175387817365652217,1,65.2888994954051,8
4683711786377246675,1,81.80563979793956,7
-7716384782891686197,1,73.38798115622654,6
4101779223835406906,1,74.43685669377344,7
-6716063774607050486,1,71.53988677422011,5
-3648204134294388316,1,81.69035349100238,6
-3500417136000424599,1,83.93935539282214,7
-4386744511149253328,1,79.86289357969359,7
-7247859767447226975,1,70.90080864060177,5
4035466328204759497,1,57.216812779153955,7
6023091472277219688,1,81.80563979793956,8
8573317687833244668,1,79.9481788657401,6
3000814311952159323,1,66.95629915647933,6
3368242235036034756,1,76.99027538688546,7
8182577161213711576,1,77.61906229080687,7
-7079596048178259998,1,81.99316441138859,6
-1849339712877308544,1,81.81111029348317,7
-180408906397217772,1,81.759176978235,6
4007628111532937669,1,78.74000447614286,5
2171490380516856284,1,81.80563979793956,8
-537142190351762074,1,81.58942191839053,5
1346514208145302311,1,78.96676110042888,5
-597157194827193239,1,81.2973937809433,6
3999439599908078031,1,79.86289357969359,6
-5806085015371086410,1,79.10170270090096,8
3810524430141178378,1,78.05899838821897,7
4372466370100389800,1,75.21403127223383,8
5981580759251368887,1,77.10668526521125,5
-6682779637940757422,1,71.53988677422011,6
7319511398668914637,1,82.22908962030903,8
-3501307958544771969,1,81.99316441138859,7
4981645149989165276,1,83.50963845678471,5
-473298815511751233,1,79.9073582403041,6
-4847378126974715981,1,78.23262276650281,6
226144939386055094,1,80.0353240142704,8
-5920883115391683620,1,75.5322535410265,7
-135732139178588796,1,81.81111029348317,8
-8926160736150682089,1,77.2533819864283,4
5149071639182381211,1,83.24648750366819,7
-967370733910602508,1,67.0379111776072,4
8678041286576950096,1,75.49587162964195,5
840915130257690270,1,81.41190595223009,6
1007346118881690183,1,68.61889965176351,7
-196184044505676249,1,80.68138946739997,5
-8739769755016867598,1,81.95824587558634,7
5613614617344712290,1,81.8317474814159,6
3712954114226810171,1,82.59964795405828,5
2602860738067542013,1,81.64341290365205,5
-4070230278871020129,1,82.26277310762426,5
7559558584911442009,1,81.58942191839053,5
-2073554646069014687,1,80.45374712164474,6
4444109792222284797,1,75.0745592285557,6
-6873774609804680332,1,71.0045611441857,5
3504154370876797121,1,63.470206647200435,5
-8472133976200426186,1,72.67036186837298,6
-5231025287650803989,1,80.13066175827498,6
5326044460614824108,1,65.19557218746057,6
2186467898413587652,1,75.0745592285557,6
-7682883655701584513,1,81.93432288211997,4
7180507028349679553,1,81.60037633614098,8
-7204733601936772689,1,71.4092513407171,8
3752577279185437554,1,77.73410193349805,7
3594387380400782326,1,78.8116538024925,6
5537501178739502647,1,82.26099286169924,5
6491976292304349375,1,84.52590220184474,8
-1262183951566653064,1,81.99316441138859,5
8478328189158711404,1,81.80563979793956,8
1103459134818429292,1,81.83972111611482,9
-3167405465748609435,1,82.94231450555895,6
-5987148104519601828,1,81.80563979793956,5
8337633388161329291,1,79.32065996941266,5
-8073450122841052492,1,78.40910181420062,7
-5554050511983168610,1,65.04801214521768,7
-3675578875838224176,1,71.81689744204925,8
-121762472632890878,1,72.1291786983951,4
-381899260580082497,1,79.81923215406168,5
-8150138514913460417,1,80.92102322409154,7
-6392193068101126413,1,81.80563979793956,7
-2523329639331357138,1,78.3243012418147,5
6213776374996335421,1,64.50225948980041,4
4703538105621949128,1,69.16493878847892,5
5969361192648174710,1,78.25097522194142,5
49074211994252723,1,82.6696837727664,6
-7211019319509816376,1,81.99316441138859,7
-7596820118423504164,1,78.8116538024925,9
8783086750882508716,1,77.05343906611955,8
293265271089548148,1,81.80563979793956,8
4565369476718707654,1,81.80563979793956,5
6599922036642809886,1,82.22753393476813,6
-5344117971521793043,1,83.2186123546899,7
-5899326550400808300,1,81.80563979793956,6
-7300581576505492116,1,71.46639351464486,5
8164039669287981543,1,70.27716766190912,4
-3877133029714923608,1,82.76957566404793,6
1207214261651722831,1,74.32402944380294,5
-957279769121838526,1,71.48326949204541,9
1536609588322289292,1,80.34523444000129,6
-4314452980316988296,1,70.94366012406957,6
-2145068565263920211,1,79.66686430329698,7
783521650646872971,1,49.40760099260057,6
-3516917231575068281,1,80.45286312260544,5
2140918549329560844,1,80.86624153356478,4
2086349402018177348,1,76.99332116447694,6
4015013995342768522,1,68.88416631011181,7
2804522339558582840,1,82.03159824393903,6
6094304179459436493,1,78.5461639496552,6
2357166747428240605,1,82.22908962030903,8
-7457784635066215086,1,74.6833581012178,7
-625904610032987930,1,81.80563979793956,7
-8958754433250787836,1,81.80563979793956,7
-5688621625853850954,1,81.24953329143223,6
8926734078882818130,1,78.41229527762442,6
-887321498113526732,1,75.52774601373383,8
1591957827404197012,1,67.47228430404513,5
4911250092676660575,1,81.80563979793956,8
7363842839388492566,1,70.21150827724361,6
4221620778302329707,1,81.81068700170421,6
163812951030211182,1,81.24545527992375,7
7920718418002827464,1,78.41229527762442,5
2121259092705466941,1,79.91529444984508,6
-950208456725712687,1,81.80563979793956,7
-2595528603820801676,1,80.56971211411299,5
-2780058936079627043,1,80.04593340830498,5
-1131433347726120293,1,83.50650910156118,8
8436925453019236967,1,81.80563979793956,8
-8525225031162133311,1,79.86304009551803,6
397449176796216647,1,83.14124076778573,7
485136161994804620,1,78.41229527762442,7
3484811543814230737,1,78.32365377065524,5
1909856162376935932,1,72.73168381558459,7
3328699605599039876,1,74.88348774538395,7
-4800422931691649309,1,70.52210606167881,7
-65592535030514367,1,82.00765255165007,7
1326444533965480798,1,77.89838250636747,7
4394179002166137256,1,79.89399020472548,6
3295179862792491831,1,81.92420543630725,8
9000787083586859121,1,62.22195771140232,10
2239998949300071297,1,81.90767108341575,7
5287307031252764063,1,81.3681119400417,7
-7490593472298881761,1,81.99316441138859,5
-4604487488070072645,1,81.99316441138859,5
-554960551236863452,1,62.00483329600262,6
9137688291399976540,1,81.49497685514092,5
965576895333077864,1,76.82790485778716,6
487008727500590945,1,78.41229527762442,9
-3248419305586561643,1,81.99316441138859,6
-8586146646617183692,1,81.99316441138859,5
-8971984320393004645,1,72.88220753167735,8
-2862836535536529031,1,80.75967344232862,5
1738689315650258128,1,73.51631097947862,5
-3681457357452826929,1,74.17243440154782,9
-6853772166146366548,1,82.38092279445229,8
234031674142875462,1,82.28239949379562,7
507629617248478608,1,62.00483329600262,7
8070938625005340407,1,82.24269624450992,6
-7971904342391954622,1,54.30880365435137,5
-3207884824372475669,1,65.1009482201852,7
-3579749747326606936,1,81.99316441138859,7
3671713059510817448,1,71.5171088606017,8
3879893366610892216,1,82.8944618445957,5
612101885390099706,1,74.17525684018618,7
-4557617869928757559,1,81.80563979793956,10
-8633454031635852635,1,81.68562045452947,5
-6735974575142510437,1,81.99316441138859,7
5153412854745122443,1,82.30577548289982,7
1929845448734371465,1,81.80563979793956,7
7904461242156377970,1,81.80563979793956,8
7535163478939500916,1,82.38092279445229,6
622815458524660493,1,78.41229527762442,8
6928560941950865925,1,79.52345687701573,5
-4536664682805638296,1,71.98976101673065,7
-1216947466300026388,1,81.99316441138859,9
9082916566110104193,1,66.76077607857457,7
-209679455774804345,1,76.17604004634724,7
-2627255930426273429,1,80.67965274844475,5
2478513139835853661,1,78.22767388561212,6
2853361815711557929,1,74.7819843922751,6
-3438259129923724201,1,75.56914278192325,6
-5380665966547463574,1,83.32358327362356,6
3133359932680890190,1,83.1088198605922,6
-6495065283955583788,1,79.34712157009864,7
-7269153655495514095,1,80.31859101070303,6
6130669813848170240,1,77.0278080574597,5
3676408514095749903,1,65.76663666820299,6
-8449853331277382978,1,82.87516227994965,7
-2886880623254107349,1,81.75183573159445,6
-2314178162307645387,1,79.72503787288132,5
-2610804151027265016,1,59.71756098637254,6
-475658896302324177,1,85.2532607568967,6
-1964042920152537993,1,75.98546989395828,4
6681391145125211283,1,76.15139076080402,3
5924409322517329509,1,77.64466712500897,6
-8553693310037121209,1,81.99316441138859,7
1422142654424615694,1,75.20525349741452,7
224265665252699398,1,78.41229527762442,8
-1792372697270761928,1,82.44423428926733,5
5124224387575605668,1,59.16820359410111,6
-786101934245206512,1,78.41229527762442,6
3489468194518707635,1,79.80245271951536,7
8931416196346701703,1,81.4661890208835,6
4179542839763804852,1,82.22753393476813,7
6418191971951171202,1,71.40950942807017,5
-5070492083828101308,1,72.2663669059,6
192988216286354989,1,66.44025973543334,7
-8447750194723152954,1,78.57171764157917,5
-5633871911927463281,1,74.5692264100213,11
-7786661706827367176,1,81.80563979793956,8
-4991609438805368588,1,79.25075095814726,6
8071957984101194185,1,83.35181967148903,5
8099451776835363097,1,82.56516188424575,6
-6726269601434213805,1,81.81111029348317,8
7289891818842439933,1,81.41196116577645,6
1266845414956490286,1,65.23881313254245,7
5180907331378248267,1,76.71995472604739,8
-716820847901797485,1,79.83889111373075,8
-7662982843987342734,1,68.88311092026936,6
5317272579482100400,1,72.83243219023569,9
-7309908774381727473,1,70.65486043349969,7
-3192439419107401366,1,71.15345289350823,7
4755967633085485251,1,81.59435361917897,7
5834580090848416255,1,80.59038587616593,6
1226703133414666303,1,80.17642255925495,9
3353719125120887317,1,84.20850256708657,9
-5505526601814001510,1,81.99316441138859,8
-5754017470190324530,1,79.86289357969359,5
6922062280700445065,1,81.80563979793956,6
-6204074719106940551,1,81.24953329143223,7
6074154459961332652,1,71.53988677422011,6
-39770023236574383,1,81.99316441138859,6
-2862870315380907174,1,81.80563979793956,7
-5987012970810649688,1,70.94366012406957,8
6852421874653422379,1,77.05343906611955,6
-1808109540564446637,1,73.32196859656126,5
6167977299946660363,1,81.99316441138859,6
-1365490014946172719,1,67.01839192981814,5
4211727769148733625,1,82.8115113793163,5
-4322775683193696877,1,82.22908962030903,8
-1760246343920980302,1,79.5901350766877,8
-3481264047146484325,1,81.80563979793956,7
5995366384308385761,1,66.76077607857457,6
3478885032230619126,1,80.86617166777148,5
9213750946374648615,1,81.85522751024098,5
5463121302494290567,1,81.99316441138859,9
-4131715329920082142,1,72.2663669059,6
6598527926553121211,1,59.71756098637254,4
2049285453792271740,1,65.53611920718852,5
4960940645487006943,1,79.0964017783983,7
-7947999078634343991,1,80.7055408165111,6
-2546973827971050809,1,68.10977381717015,7
-1571127771993384414,1,81.34349497546677,7
-4113519508871998176,1,81.80563979793956,8
-3599790914416110013,1,72.01825595928351,6
1560870673941393058,1,57.185082537932274,7
973030756096044645,1,64.11151490336563,9
-8187966458371270447,1,79.71708445042377,4
-8906820469635327000,1,72.2663669059,6
1902187289307860339,1,76.68589526030816,6
6271736351201789923,1,70.94366012406957,7
8014785857500794333,1,85.97002877210682,9
8998592255416737674,1,81.69886713120522,4
6568482674046567216,1,71.39270535445279,5
5636763360153412652,1,78.3847056552327,7
7409420422727005531,1,59.724743464741564,5
-1661377416561641,1,82.54931537451819,6
-2217498512577759142,1,81.80563979793956,7
9165911896977093118,1,64.50225948980041,5
-4949067180314115176,1,64.84481031256524,6
4883994053061744542,1,66.69026855954533,7
6105900352029061514,1,83.26540658515067,7
2701389948222279461,1,77.06272042706686,7
-3800599398414076308,1,83.4473552069675,7
4440863336369184746,1,78.62536119243332,10
-2226177198374409130,1,65.57161832072428,7
-7224685730225939359,1,83.33873087503474,5
-7036082884504588775,1,82.66753041882988,8
-5077669686985410335,1,66.52946267287898,8
2448193027406299683,1,81.57646111795722,7
-2542584630840698502,1,82.97887901060872,6
-2465593609116005437,1,77.84037584667135,6
3490108694360576436,1,72.31325449207891,7
2882676186848375949,1,83.18730206198245,7
7807910310578799346,1,74.61328412939369,7
4878459371808324598,1,81.99316441138859,5
8996024792914181521,1,81.99316441138859,6
8880584810117946827,1,70.29152597319107,7
2086299268305905580,1,78.87796956696178,7
6914146325128869245,1,76.04557250886481,6
6790293813653816321,1,80.49033346976428,6
1806236654942286909,1,64.77487946133589,4
874229149946763980,1,81.80563979793956,7
-5505435431090988506,1,83.40884577181063,6
-3054053032049520335,1,77.05343906611955,6
1715665183727762386,1,72.2663669059,7
1859463099684131777,1,80.73298402370484,7
1640568674664728982,1,81.55694803563344,6
-1603097501726154816,1,81.99316441138859,4
-6118508180338451872,1,66.77375830583335,9
626490903467167557,1,81.80563979793956,6
4337112905614324482,1,78.74000447614286,7
232951934943237497,1,72.83243219023569,7
-1493012327742010140,1,73.55069403890204,8
4045165536748713167,1,71.01468192553595,4
9021147005098238752,1,77.19411984299977,6
3656588928554690768,1,63.17910374565296,6
-6888259864192677951,1,81.70589420609605,5
8709541861986676172,1,78.71621792691792,6
-6879428134571341185,1,81.80563979793956,8
5878644082687929653,1,81.80563979793956,7
-955061125990102170,1,81.88989861487651,8
-6904730245667046745,1,82.8944618445957,5
-8462483325467237721,1,81.09140490873266,7
-1846801835339533844,1,78.3847056552327,7
-7288463435652821508,1,77.85923151969295,5
3485918043925379072,1,74.6571231914269,5
-4567669466013321234,1,80.48059545441605,6
-4012722203376740214,1,66.52778410880622,5
-2392765731272022771,1,74.30643878694273,7
-8491718471667155912,1,79.81148220376365,5
-110212191849231958,1,71.60404677884333,5
1663459261453389197,1,79.46764216879724,7
2292298516180745088,1,81.35881114324805,6
-7347271582582615586,1,78.5211162673919,11
3961675470301104495,1,75.4719355302202,7
-6982650788229736528,1,83.04986690179058,5
829203627268449957,1,81.60037633614098,5
7531019029980272482,1,81.99316441138859,7
-1291131846569359880,1,80.86624153356478,8
-314328813781870598,1,81.80563979793956,6
-8213389927854249288,1,81.80563979793956,7
2804165709523013948,1,81.80563979793956,7
-7419892957284528636,1,79.8336677496374,7
1508108513917118249,1,81.99316441138859,7
-7445988054918195242,1,78.41229527762442,6
-3061814766630657819,1,59.06693598800108,7
7215144063467710058,1,72.45651106859529,6
-150430669186341127,1,79.52945516679387,6
-545110393831089275,1,81.80563979793956,8
-6122045853501578470,1,75.4719355302202,7
-6887637884133645815,1,82.75768014841671,6
-1548843283440971356,1,78.45601158895285,6
6893902382786010486,1,81.80563979793956,6
-7149228835868086902,1,78.11275686107702,5
-8886358107927092476,1,81.99316441138859,7
-6897125142172470802,1,79.99647953580457,7
-2254948795897366221,1,74.08755193227837,6
7497835616804822162,1,76.36108181557452,8
-3044484109258746343,1,69.62822877681432,6
-1891555139625059174,1,79.21674413576712,5
8615507781987195502,1,70.10088212741357,6
-5987368326243971750,1,81.80563979793956,6
5421373664839595456,1,74.93192692335045,7
-5936128988192114634,1,68.10977381717015,8
-6260385862434727177,1,56.454288592272356,7
-2679276909620887983,1,83.29739625402355,6
-6043912590688854854,1,66.88750472383803,9
-1749561716443925397,1,68.88416631011181,7
1637466654052277256,1,74.91961114823876,5
-2289778540225773934,1,75.31840144338526,9
7752247882294987981,1,72.2663669059,6
4215851775478903224,1,65.06945209234878,7
-2105166672791395902,1,72.45646315393273,8
-3305347726820861984,1,81.33409865516148,8
-5998071985977695780,1,82.4012936608147,9
-8549272344435720633,1,83.52599729537445,6
-5476828546252817553,1,83.50650910156118,6
-7381351226759672949,1,82.12256127402891,7
6188320105404938268,1,80.65806214086965,5
-29131571727052473,1,70.94366012406957,6
981159256080272274,1,71.20591169582772,6
4155947363378300476,1,78.41229527762442,5
-4093141150024932073,1,83.04684251242612,7
-5304258274340484401,1,65.86173995255696,7
-583539944390774970,1,79.33077027278475,8
8822853518747458834,1,79.55061005338776,8
-7401079998425206681,1,81.80563979793956,7
-4452107899340402990,1,82.32873804487907,7
-4989821726385625117,1,79.75397505729586,7
-9159545440783312998,1,67.28886901065349,12
-4605999971424952571,1,79.53338220411543,9
5286603374327496790,1,75.31840144338526,8
-4158613049670590742,1,78.64042525336797,6
8097984556676042823,1,82.17801837780638,9
8309957381355393787,1,81.84451976994403,5
6420817048991959463,1,71.53988677422011,8
-1791791886993731894,1,82.40057475647453,14
-7497384354153692932,1,71.53988677422011,6
633934874030893229,1,74.48379122157773,7
1469002612195289011,1,75.08738254836533,5
-8509307336047563350,1,81.81111029348317,5
-297186101250045033,1,60.93674512404994,6
-2168523086395025684,1,76.72586284795793,8
8443917868894507731,1,68.70058998682742,6
-2610890604786289906,1,82.32636955094216,8
-7965755732893070949,1,81.97869542645321,6
-5641177252534716432,1,75.03361236441727,4
6742944450847978764,1,78.18255698940517,7
-836369098383931127,1,81.80563979793956,5
-5104257656799639605,1,74.75619359627011,6
-3570340040806387085,1,78.96606604784989,8
7727886809978555590,1,83.16042786119651,7
7545824345967327590,1,68.70058998682742,7
7369766582198591289,1,81.80563979793956,7
-5577747054980410231,1,75.38136124075422,6
-119485654079621904,1,81.80563979793956,9
262262048725049866,1,76.70839507218847,8
-9097257584827096898,1,81.13171804339034,5
2538238001006160441,1,70.94366012406957,6
-8064504868417271036,1,81.81111029348317,5
6448554282399987833,1,81.80563979793956,7
-1819524204953903114,1,77.74168352573601,6
-996109856805533605,1,64.96345835734044,6
-5345561005601965363,1,80.75967344232862,6
2043124198932986557,1,82.15868629201009,6
7574588767713724767,1,62.68795378101435,6
1175849614263069793,1,73.81427125159074,5
-4731698318514637994,1,83.4943068991041,5
271893039809445957,1,71.08868305425914,6
1122064012838417525,1,82.92522891555873,5
-5894891296682098796,1,63.96471974469987,7
3530673572028065618,1,81.80563979793956,7
-6028491970072830412,1,75.841676356489,5
-9040713890745201020,1,74.01075475224894,6
-4900709700910146568,1,82.38092279445229,7
-7416372850786489585,1,70.98428669117253,6
-2152854276343324860,1,79.62714005976008,6
8096312441847908820,1,79.56588583896418,6
611182795427710738,1,77.71878591964015,6
-3243493129088573405,1,81.78988041899365,9
7508519961751182212,1,80.20056961647363,7
8905159142292415847,1,82.1123063449952,7
3404260062825523116,1,81.80563979793956,7
-3357684877086262680,1,81.99316441138859,6
-4335649680159445154,1,84.70006176002524,4
3312508149367167238,1,73.32196859656126,4
-6575849975826897888,1,81.80563979793956,7
8573185297698594954,1,81.99316441138859,11
-933003053292968328,1,82.56516188424575,6
-6663039973184444389,1,70.94366012406957,5
574563613247723855,1,72.23396480484105,6
1321163373376327304,1,81.41250665676135,5
-3889559588364820362,1,68.70485667040434,6
-4887104703941291395,1,71.69787773001687,5
785231965701906376,1,74.4642934288149,5
8630553478472896289,1,75.19217654008901,5
1438722279560276917,1,79.23058696556444,6
-1772145484795219684,1,70.94366012406957,7
4505568698554957347,1,81.60037633614098,8
-1007388282722118509,1,81.80563979793956,7
8778961575955481107,1,81.80563979793956,8
4525459824400507090,1,79.90175073501324,6
1977733068139177948,1,81.8228751634463,5
4830017218464180368,1,72.83243219023569,5
-8613047377705831246,1,72.80022374944647,4
5122063092913502616,1,81.4004189650038,7
2167838419931791436,1,75.37442860184801,5
1374215247607455554,1,82.69625945321032,6
-4119450903184873138,1,82.23342590917756,7
2016955300239452463,1,78.41229527762442,7
1486693440280960399,1,62.48589426398253,5
-4770108611701889602,1,81.84596655032709,6
-5034867241648723857,1,71.39270535445279,7
7644006829197196438,1,81.80563979793956,8
8876674113087467249,1,80.29532294168732,6
3647862145696987307,1,81.99316441138859,8
-8685778984095288020,1,81.80563979793956,6
857743025447215200,1,75.30473042711897,6
-4621742027247512104,1,72.2663669059,7
1483141048652302268,1,81.23738476678098,6
7649235002594425144,1,79.50873066776516,6
2981994957695109288,1,80.85599296359871,7
-718831195972164438,1,72.80022374944647,5
-1820824318187864648,1,81.20853521035235,5
-4529781747422920206,1,60.40761458738616,6
8427829159462458517,1,80.59157611408455,5
7218349169257709185,1,81.98007146850755,11
4185249619687307162,1,63.88597556042407,5
-2462157475610528016,1,82.04415832354108,6
-2240815675670342594,1,62.42309211156034,5
-5745328403890600756,1,81.80563979793956,7
-4000357335593381686,1,64.87761815661884,8
-6253228112074176668,1,78.59902061496983,6
1262753130708116492,1,70.61137176284653,7
5541003150492151688,1,77.78871771143534,6
8915527588159181813,1,81.99316441138859,8
8225437341705058448,1,82.38092279445229,8
-257140398671649573,1,61.85428513785706,6
4605153791779286341,1,74.50535230257427,7
-2510016184739842730,1,81.32121540863295,5
5962620607934830883,1,79.24559398655093,5
8739248487785816883,1,78.94459741712878,7
3715973781115580712,1,79.06172576110752,5
-5518700618917854479,1,67.34097249376367,9
-2304209691953501971,1,82.32005944876732,7
-4940728134762297045,1,79.75397505729586,7
-6370942824098828676,1,81.81111029348317,6
-6344997496167479730,1,82.62241997614603,5
-5926524226389274652,1,81.80563979793956,7
6524376515175091641,1,81.60037633614098,7
8747925458925205302,1,81.80563979793956,7
-4401353766639374762,1,70.94366012406957,6
4228516843952007078,1,78.59902061496983,5
5823338568394040738,1,81.05215379162455,5
-5657008280291378865,1,81.80563979793956,9
3919136679750435628,1,81.9586142936399,5
-1405706666195794114,1,72.2663669059,8
3439514276082016434,1,71.42152013301482,6
-4459527988363981258,1,80.51752976997693,6
-9099587918329365121,1,81.94742090359048,7
-6380032907220368330,1,70.84735813673845,4
5667307929462765911,1,65.88140119821954,5
-4122306166606005151,1,82.06293571352074,7
-1156576555638524094,1,74.87648415805897,7
6050566043819282450,1,75.48905555608027,7
6532468941704099725,1,78.47413385342595,6
6875312518435352615,1,83.72131824722467,8
-4905722927246323493,1,79.0429273132342,5
-3924740841159573888,1,65.33211819804028,5
2262249278521814304,1,81.31520528397614,5
-6513465328331177702,1,75.56914278192325,6
1716701923332638416,1,68.16327473164874,5
-152495352161244298,1,76.57397076544024,4
-842461184964913955,1,75.51533796945446,8
2728023145629199353,1,75.49012583517212,6
3363443345764139061,1,80.1053582299657,8
4433425932576904875,1,65.62752465212391,5
-1614616609421080171,1,79.77195578713027,8
-3852761648287008363,1,82.56723124361487,6
2552994876090829425,1,81.11929155603963,6
4135923720747601060,1,64.78834212392634,6
3619682122750267973,1,82.55146407241513,5
8374523129726648400,1,78.82960704019932,6
5630405808974832752,1,63.88597556042407,7
-8044515995376796593,1,71.46625314734048,6
-7748499449428844107,1,76.31562579225557,8
-8064781154067294894,1,72.88220753167735,7
9027949031903925020,1,79.96020915659405,5
-7349511678261606478,1,81.99316441138859,8
6297529708719535645,1,67.78144432324066,6
2168244405796820389,1,69.94525589883574,7
7655212792218160814,1,79.06172576110752,7
-439246273981840720,1,79.49870922024395,8
474752531086283905,1,80.68138946739997,5
4848253033566014102,1,74.85067051980639,5
-8312196709164108474,1,79.1405106477994,5
2434421086128728828,1,81.99316441138859,5
979017841265121724,1,82.17801837780638,8
-3376460054567901297,1,79.69443894819958,5
7990978570943986727,1,82.05644673300436,7
4027129380881798004,1,82.28989037203446,7
6577074611046731975,1,75.09951984030434,8
3866472123646407950,1,81.07368243263649,5
8173147612903404372,1,80.51145622898355,5
3197346469082625996,1,74.03556813929028,7
-7774104594468132178,1,75.10931563970416,8
-7656312023843247664,1,74.0119535232457,4
5873886907880633611,1,67.15317625814355,9
-7807364303551152845,1,70.08676679189995,7
-7888615248235116027,1,82.42464268532227,5
-8405809596097828654,1,78.63331305655296,5
-1376363199690610351,1,71.53988677422011,6
7716838643731069478,1,72.62213785753481,7
7840336994753261548,1,65.00484978873527,5
2060954965551160620,1,80.19626802649525,5
2242140472798653029,1,77.42615511116301,5
-915174657703741274,1,67.6489566185673,5
-6538431328241772659,1,77.6387637754017,6
-3984944630289160951,1,71.09553591714865,5
-5550628366155000278,1,70.08676679189995,5
7047171381980348998,1,66.01677478968618,5
4707650161638664127,1,57.37625031079495,7
-3309769861589542806,1,82.03082954393363,4
-3213801163831738783,1,81.1963917113378,5
218459979141227855,1,76.36108181557452,6
-2117456332411837914,1,82.54931537451819,6
2549781487592370517,1,70.71656062431163,7
8262763985798905602,1,81.80563979793956,7
-1317159412450050351,1,79.54958310859588,6
-1515062910381536704,1,63.96471974469987,6
-4085484446469664255,1,77.82455814137076,8
4948163830777773603,1,81.64867003904668,8
3018940836728242465,1,75.21403127223383,8
2935319781967341870,1,79.6529679478104,8
7612269542840566287,1,73.22114816234665,5
8024325292167398812,1,81.43388350426407,4
-300418879339668137,1,67.47920500648006,6
-6406922117095269900,1,82.56723124361487,7
-1907154992723778027,1,83.0247785251524,8
-8535366667716815409,1,71.57257331037333,6
-5956093600274356762,1,55.08440522920908,7
3498931945376157885,1,79.07344056851824,5
3357512011775788766,1,81.81111029348317,8
2116141921441981236,1,80.04355331912511,8
-8116416387449865278,1,81.59360528960576,6
8935708519037298174,1,78.21538217455347,7
-8407149358383992973,1,50.64054354419961,5
-8997218697282168906,1,79.66858781619274,7
-5920170617068078715,1,81.80563979793956,5
1786134946107728080,1,74.53162372598139,4
650653481908796309,1,75.38136124075422,6
7906044855466862807,1,71.20021559728401,5
-5713047283752989880,1,81.80563979793956,7
4742737905897396855,1,78.23928791256834,8
1950476408603913620,1,64.50225948980041,6
8720830052686096605,1,71.9801390439306,7
-5155924704857757626,1,81.80563979793956,6
-6161599016038622814,1,78.94114788598627,7
-7906677760877364251,1,80.4859084913353,5
4503945526749005199,1,82.56914102723276,8
4529006362091352323,1,82.27263945704973,7
-8302436839907560596,1,81.88989861487651,7
-2630634263996425534,1,81.80563979793956,7
-6550017725915279762,1,73.81975837048329,5
-4653356824690315222,1,83.12949688906741,7
4140022684948858824,1,79.61581585798149,8
-7247674666959179314,1,81.84162547380683,5
-8956584047754807260,1,66.69026855954533,8
-6287716639221971493,1,83.72131824722467,6
-1231756587095429725,1,82.46942742083284,6
1058870616212787870,1,82.56043786413525,9
1635960264719528344,1,80.49037851789119,7
3810182817325995131,1,73.94989823426222,11
4372485797668590613,1,76.15139076080402,4
8502245515611017838,1,77.69785413308313,6
2814455308269804984,1,78.41229527762442,7
-1816697655893439852,1,80.91369948466163,7
-7485924542676261125,1,81.80563979793956,8
4755249766546999779,1,78.41229527762442,8
568960062944380214,1,77.50359235636782,5
-4027277962856739829,1,57.994233445604785,5
7241773603097596094,1,81.30673458885487,7
4462436999507894119,1,71.94805671448829,6
5483951536031058832,1,81.80563979793956,6
-3503570802334721528,1,79.95445106481635,5
6896445829394726455,1,70.73658359882629,8
-6183656569086587940,1,79.54271373638002,8
2353002789142280634,1,79.00657614055642,7
88151291959238719,1,72.2663669059,6
-8272786402625240989,1,77.27986717310783,9
6263429495730577801,1,81.5067117214743,5
9207945076687381878,1,83.26540658515067,7
-5994662623630406407,1,74.81449568854059,7
7311427168242065538,1,82.49120304468589,6
-3095089351077634994,1,75.22777533719228,4
-7498252132496925350,1,81.58942191839053,7
-8920882197991857720,1,64.96345835734044,6
-4609734981388290529,1,80.61078269773564,7
-4179034798475494558,1,77.86024354067672,7
7642750593325501610,1,82.76153728609391,5
-681131668300188502,1,67.69977510295328,5
-520716417787843787,1,81.81111029348317,7
4277723605836806053,1,82.69504034427094,5
1804805191899014473,1,82.272382568851,9
-2646180533538106007,1,56.61121613087277,5
-4706522276130240104,1,71.09553591714865,6
-6645466870024991536,1,78.41229527762442,7
-8735716130537381137,1,68.88416631011181,5
-5594638226961585208,1,81.13218616572053,7
7598850331930825778,1,76.17604004634724,7
-6992942632997814161,1,78.23262276650281,8
5004379952582843572,1,77.40482348121306,5
2765103089158868691,1,72.91529350493457,9
2230215233867847523,1,72.37913820267552,5
6967337893340565499,1,72.2663669059,6
-4101861573104344776,1,81.99316441138859,8
3037759936775887442,1,78.41229527762442,7
-5961938308008610407,1,81.80563979793956,8
8374905485813932507,1,67.30996834294118,7
7780521222993866551,1,81.47486526903317,7
4043773118384029601,1,77.84037584667135,5
-5136638282671154295,1,67.96806640497529,6
2176865475755394887,1,81.0760949150496,8
-4045593510381214839,1,81.80563979793956,7
-4867406118701628228,1,71.06251476851835,6
-2731574907977254850,1,71.0362139969617,5
-3414469659872227696,1,80.07888262626572,7
2909718521546091074,1,81.09140490873266,7
5382504598045412852,1,77.69785413308313,8
-7351943134028343101,1,80.61307644383376,5
6306983580664816261,1,81.99316441138859,5
437873365564208505,1,75.62994820598867,6
-6497998034447212269,1,77.00020536119091,7
-7126877452951153761,1,82.69625945321032,6
1683176729450562938,1,73.55069403890204,11
5576189469752881407,1,77.7963442603006,6
-4099069883368489743,1,75.92027997441868,7
-6231451882166414124,1,81.8634560818844,6
-2303737956341798072,1,76.40014315307008,6
697242153219925083,1,82.0241818299415,5
4799891971881447876,1,73.98509871990511,7
9102989464711848269,1,81.20851566982252,6
1144002146671859813,1,72.2663669059,6
4710504982223519237,1,72.22362258223804,7
2005001570332188484,1,56.22503787620936,5
-7745514860201612020,1,60.440392845941346,7
-5277115500235604313,1,59.7235968419763,6
-4446263371945400526,1,76.6648675536287,5
-4747636381812899990,1,76.23830824068041,7
-6755688042837129655,1,74.04415507250333,5
-8583924588079482045,1,81.99316441138859,4
4200551526554004881,1,80.72495937082309,7
-7920270611924905378,1,72.83243219023569,8
-7420102423245601244,1,57.185082537932274,5
1006771070032588305,1,74.9621411415933,5
-7703139920232587056,1,81.44846794398063,6
8004203303826747554,1,78.3243012418147,6
2875238077966112272,1,73.2830559891226,8
8344337447496019475,1,71.71639087003584,9
4070560720442137308,1,72.83243219023569,6
2801530028822867090,1,72.06968785881374,7
-8727803378336509688,1,67.0379111776072,7
1831272301692468184,1,82.92112961897342,6
-4582033789514611244,1,78.1857096300136,6
173239676957514677,1,79.0964017783983,6
-5676056553656867109,1,81.80563979793956,7
-2620470964003432710,1,80.31837233779015,6
1234828657897729041,1,82.22908962030903,7
-3175143897072776993,1,82.02436628721712,6
7947394468470381462,1,82.38092279445229,8
-3371237739446534800,1,83.99460721008774,6
1026164512758803071,1,81.5718555510837,6
-4416525809873383968,1,79.66197610258196,5
7613785541263384862,1,72.83243219023569,6
-8913409882130887807,1,82.82008625937705,7
227878627167846824,1,75.26241740710117,6
-2115221849889045048,1,83.11129457777638,6
-2861795212072688014,1,70.63952196005437,5
2412753499000534238,1,81.75190765242581,5
3416886978084754046,1,82.28243756165983,6
-2826799963134723425,1,81.58942191839053,5
6575157509027268078,1,81.99316441138859,5
-867126986063089693,1,68.17344618315259,5
4349994352630805367,1,81.99316441138859,8
1625215298723027463,1,79.9481788657401,5
-2520450020268723528,1,79.46764216879724,8
5917538688218505304,1,81.80563979793956,5
-3353695272638881438,1,83.67273587779249,9
4843624013582847232,1,78.02199935797509,5
-5841699026388864295,1,76.23830824068041,7
-2573515732086036496,1,78.41229527762442,6
-5119208294188191712,1,78.04134640729069,5
-8837331735300640125,1,79.33300117248788,5
4969587221470174899,1,81.99316441138859,6
4766659474950899734,1,82.43198866269886,4
8698170260291859686,1,82.32873804487907,6
3892855810194680002,1,83.59873054309303,6
5377447814832788109,1,79.5927607107838,6
6560113705390530250,1,78.41229527762442,6
1969005752030050943,1,78.16227402346156,7
7651063123716449392,1,80.04593340830498,6
-1073999318470029190,1,70.88134179303658,5
1149869292501297867,1,80.75967344232862,8
6789600486917720018,1,82.22908962030903,6
3568339728962480520,1,75.4719355302202,7
6415394421167274156,1,80.72147317376299,5
462889505942009615,1,81.80563979793956,6
-5611009568522294798,1,71.58009039681224,6
6920312499280332266,1,81.72373516602326,4
-5715283447319847783,1,70.94366012406957,7
-3085601502588501742,1,82.22908962030903,7
398275028684265816,1,78.6964333273987,6
4932493826204797977,1,77.05343906611955,8
-7986672356133785447,1,82.7363415669526,5
-1942759016224330552,1,72.17550735913743,8
-3193543761388929755,1,70.94366012406957,5
8673636532973439648,1,72.49368214796053,5
6100353181901324130,1,82.38092279445229,4
-4413846517642165595,1,76.40014315307008,6
7313088452108061108,1,81.07368243263649,6
-3828292899881958336,1,52.63120278610878,5
1842853471479184637,1,82.22908962030903,7
8672926824222295163,1,65.23881313254245,6
2131545666140523184,1,82.22908962030903,6
698663644961638519,1,81.99316441138859,5
2974968448788660466,1,74.01075475224894,7
-3439314506856778247,1,68.71281170327364,7
-4649222424850738044,1,81.99316441138859,7
8769350245123311487,1,82.33704137353745,7
-3363197822832281011,1,80.13028517261966,9
379876221070745913,1,82.65482122686734,6
6558912563427948450,1,80.41463525383115,5
-1542438978973251944,1,82.44979377687262,8
49980386055659490,1,82.06322301108798,6
4335875204582139169,1,71.60404677884333,5
713995684659861440,1,75.24130281222152,10
-7074768864593251603,1,80.42348649594095,5
4499439581461449496,1,78.8116538024925,5
509869149598566376,1,78.74000447614286,7
-4294234853905187233,1,73.55069403890204,7
6293869631405974392,1,78.23262276650281,6
-1347997828376989862,1,79.78210999099625,6
-8379997639689853414,1,70.46001454941887,8
7024722536580699797,1,66.97678643696595,5
-2022188332717125367,1,67.39999554305581,5
6249576328196087357,1,82.47334260036519,5
-5641076493485541201,1,79.74152358921403,7
-8717155852775711477,1,80.02207862957698,6
-2040451709268773072,1,77.78871771143534,7
6387755642047151606,1,81.68310574525256,7
4373248138317976837,1,81.82723967491899,9
5742632280840026916,1,72.80022374944647,5
1739489606785270250,1,66.80845972359987,7
6472250630159823168,1,77.17878471803624,6
-4133208205687597496,1,82.1849378601721,7
-6829267781433210628,1,79.79132097432985,8
-3329546612280551275,1,74.99716421476577,5
-8832089128412761966,1,80.67081632460186,5
13063234223531181,1,62.00483329600262,3
2326511428644030961,1,82.22908962030903,6
-3305479041695728617,1,81.82685894162344,4
773544712724626881,1,82.22908962030903,5
8405452747372355331,1,70.29152597319107,8
-9210399369423145526,1,80.86539679387626,6
-3100558465225155405,1,77.64466712500897,12
-1014810535517666778,1,68.10048124890318,6
2198497079547906531,1,80.75967344232862,5
-575607009518681563,1,82.23725704557255,6
687278491555694736,1,78.41229527762442,5
7882368422779938682,1,75.31840144338526,8
-672240560073006202,1,65.57161832072428,7
6460577503260443185,1,81.32927384884457,6
-4737148245416183382,1,72.24904621187811,6
-5263729776827231880,1,77.89838250636747,8
-1332416569727105448,1,82.22753393476813,8
6055143568805214787,1,81.19333366938437,4
-4054411895868821486,1,69.20176091825014,6
-319351907558296353,1,72.02576581463845,5
-5502045343868512413,1,78.23182771892033,8
-6059152351404324226,1,64.47284226824767,7
7463353060193315010,1,79.80136907752956,7
5768413567691352150,1,81.84928444128919,7
-7649164149053042082,1,80.61078269773564,7
3095947819735369281,1,76.18302665304292,6
-8268200455519934750,1,75.44210691813956,7
8535692499888026163,1,81.80563979793956,7
-4829972042995259834,1,82.43797186735762,5
8423232783444896189,1,82.45986245565173,7
-1418745885499443367,1,81.24953329143223,8
-705354135525803998,1,79.644943630505,6
-8401226111995893976,1,82.05908053470829,7
-5325827848883062343,1,72.83243219023569,6
-1629181548149997027,1,68.51542537718205,7
-4963751401038726123,1,82.60070358036134,5
-7031721107998789611,1,81.85522751024098,6
6329308132671698183,1,75.0352971773633,7
1656944812130008632,1,57.349826105134866,5
-2936842869773541021,1,82.50750294776401,7
-3958919916665789876,1,71.01468192553595,5
3590739011570700516,1,82.25790319756685,7
5330941236576658337,1,82.31756822090858,6
-4150950878909925875,1,81.80563979793956,7
5042420266348695326,1,78.06462090011713,7
8842351414908532383,1,82.69625945321032,7
-5314224536933549146,1,67.13919116898799,5
4759231716806015819,1,59.30000706722814,7
4622739769079448525,1,81.80563979793956,6
-4770735948676860412,1,76.99332116447694,6
-500934271618513566,1,70.08676679189995,8
309326971063268558,1,67.34610449444224,7
5686090775152017340,1,80.86617166777148,6
8631846294127398098,1,82.07953126437494,5
-4761123274128240441,1,83.38337332114023,7
5466504470632401685,1,82.272448584072,5
4369041552836140702,1,81.08200007857315,5
195490929664455676,1,79.07028985754745,6
-4445309380336250096,1,81.75183573159445,7
-3034279688153852934,1,59.06693598800108,7
9102249431003787564,1,81.80563979793956,5
2175923015182925220,1,81.80563979793956,5
-6020931753751770134,1,82.22908962030903,6
-1546574293518408374,1,81.40837365286019,6
-1709785335817970381,1,77.05343906611955,6
-7412359102930216966,1,65.89040801464462,7
7794268664348856802,1,77.36372044350742,8
-7594554052838312344,1,80.71375588117924,8
2791218611688215276,1,75.69497658676543,7
2106702601056589160,1,82.272448584072,5
-3470271322559202975,1,71.06251476851835,5
8105229466199454741,1,80.71221472737699,7
-5944723802179969928,1,81.0618859250855,8
-8626616948577264740,1,81.80563979793956,10
-5639954997261318738,1,82.49407011894637,5
7401704085333593674,1,82.73276821829646,7
-6507388288238236946,1,84.94214241514914,6
-154559795595405963,1,79.21418677770069,6
8162237308879605082,1,81.58942191839053,13
-8747820874274533325,1,81.99316441138859,6
-6644654293592280264,1,81.99316441138859,6
7780761530378903845,1,52.42430653611626,5
2946049031450343765,1,71.99014889107411,7
-1411212211687665442,1,74.83587417668286,8
6364540597666625714,1,82.22908962030903,7
1770991828175209436,1,65.00730375086006,6
8494241985125039955,1,75.4719355302202,6
8926123775493842605,1,81.01969250296494,6
3800091241223246741,1,82.83726860062569,7
-213962633033101044,1,75.36678781123658,6
-114276270542337893,1,81.98376381061276,6
3243303723531552658,1,79.06172576110752,7
1617256031499766024,1,70.94366012406957,6
6005272925539253832,1,78.41229527762442,7
9026235282750874915,1,81.99316441138859,6
-4896625588359569841,1,80.06750768343299,5
-8299677311763995761,1,81.99316441138859,6
-1540406704634823268,1,79.0964017783983,7
-6448136642049535265,1,77.64466712500897,4
-5327576418958528583,1,78.18844029773369,8
3233660278707547741,1,78.15179212977834,6
-267778391443042865,1,79.9028027136244,6
6995595588326825184,1,70.15000494882266,7
1853089893632674717,1,71.17784926094102,6
-7771087487277998243,1,74.13125768883944,8
4114846783355851134,1,78.41229527762442,6
-8144350040607084167,1,78.41229527762442,10
1558385496666206104,1,81.99316441138859,6
-1997911174467247333,1,82.60070358036134,8
-4695934013609552120,1,57.41025809246058,4
675487474465877656,1,73.32196859656126,5
2161540125599264802,1,82.2599007966738,7
7245373412806135743,1,80.18180682241561,5
1926852878923265818,1,75.92999325032261,5
7244754914559399607,1,80.47600467589277,4
-314557607074267360,1,82.38092279445229,8
-8357504091804676944,1,69.14013912765782,4
-7032625578891912925,1,82.40894187241103,4
-629468292026807592,1,82.07514293153228,7
-2032163577413472624,1,80.66819488539679,6
-4302870550911789115,1,73.98509871990511,6
1765824237608321697,1,67.9635900253558,8
-3702952402917341410,1,74.84794953477709,6
7916938687432686825,1,72.91529350493457,9
-4391778766130575647,1,80.61078269773564,7
-570410907507296691,1,77.6200476630511,5
6409207559602374319,1,76.9758970969161,7
-3267808081082184354,1,79.07367547367595,7
-1828766663230427956,1,83.02612697122463,8
7778344647152444091,1,82.57567759038766,7
-1455293917315912060,1,81.13550788431574,5
4096998143061999225,1,80.68138946739997,7
-6999142513501450213,1,78.41229527762442,6
5033460011079589961,1,79.9028027136244,6
-4738241640343325203,1,82.83726860062569,7
-1222913056317238535,1,59.06693598800108,9
405306501188588332,1,82.94690101051883,7
7122475437314346990,1,73.64091760137771,7
-302659213470950411,1,82.69625945321032,5
-3793264343785361305,1,81.80563979793956,7
-731721018997235652,1,71.09553591714865,7
-4573206392763532734,1,70.94366012406957,5
711516285237606965,1,81.4128376052859,7
-7099544573544352116,1,65.28099987393244,8
-3895243560591751094,1,64.0318021235958,6
-1913011992962925542,1,81.80563979793956,6
1797196083988800208,1,79.02821769615464,5
8801063505582892332,1,72.2663669059,7
1921393375386929492,1,81.83644470415535,6
6224204222359232909,1,73.01718552612863,6
4376322071884091490,1,79.39461615711126,6
-5512443761941910389,1,81.80563979793956,6
-8707817672606798543,1,81.14943321847683,5
7582181285080123030,1,72.83243219023569,7
3260694770883064248,1,72.8908831841496,7
-839949286417644658,1,79.02543621653732,7
9216473573467363458,1,78.92192565125079,6
-1657821675850960679,1,81.44839458639402,5
8441736923761076256,1,81.80563979793956,8
-2067912000702442501,1,79.19874264964758,8
2544732396833362397,1,82.09688406204006,4
1857183105596919749,1,82.12013770066845,6
9164093123538415117,1,71.54977540430183,7
8350817339252450396,1,81.71615371384031,7
4576029033081123722,1,81.86158987905799,7
5181405046349041195,1,79.52345687701573,6
-1462193421368494993,1,73.48180764999239,5
5956341440863920275,1,82.21738102493941,6
5086888352793022663,1,82.48389160946392,7
-2201365513574677052,1,81.99316441138859,7
8673976639908340373,1,75.7105315288213,4
5344329750778430382,1,82.83726860062569,8
-5528141383047151382,1,75.69471102185773,10
-4275334955281863621,1,82.2464302129791,5
-490799542353254204,1,82.2165230726633,7
-6873948815061621131,1,72.66862832849002,5
1198919394209328975,1,82.12547941334255,5
1694720110018665520,1,77.76860139829755,8
-6781641950264923340,1,81.2456906066761,7
-340214265983121820,1,71.20591169582772,6
-8178817358558643290,1,79.3189221096914,7
-3047614307520855675,1,83.4943068991041,8
-1806964831019508716,1,83.6666576363671,6
8657426320843786735,1,77.76860139829755,7
1614831731089808112,1,73.89508041981789,6
-1313417665177324015,1,85.53254542936304,10
4099689812851645908,1,81.0427557273245,7
-4861369907584367396,1,74.25922574761687,7
-812198783780116130,1,81.58942191839053,5
-4292822771764772074,1,81.20478816997297,5
2604701760690995717,1,67.05380115753431,6
-674711362229269117,1,81.80563979793956,6
5890287813209879887,1,80.88102983843568,7
-1488737199731276976,1,81.80563979793956,7
-923766602881761866,1,72.02550999948201,7
9162835064542144334,1,78.41229527762442,7
8669349226887498197,1,84.25213382956548,5
2695476343607323163,1,81.39409538702431,6
-7748539760483478916,1,80.0156224754794,6
-8501176465699853090,1,73.23958162951018,6
5071198236499943720,1,78.6928946797985,6
3472467800623517596,1,78.41229527762442,9
3730185513658757689,1,64.06546688170353,7
-5685527302664822015,1,81.52934873984613,7
-3661229465343358219,1,77.73410193349805,4
-8831033545239415234,1,82.45309134973283,7
6195301474623246200,1,78.23262276650281,5
-4529278237583258345,1,72.406819433617,8
-3795945600324721385,1,82.22908962030903,7
1983812728460162588,1,67.90388867014312,7
-8543188814492048862,1,84.0963696502751,6
4041116188558116374,1,81.32927384884457,5
4283137884849169842,1,81.76545012254385,5
6004569555070547501,1,72.80027521205683,6
-6986039016501382694,1,67.4581584252014,7
5916647275583863817,1,82.90211740856702,6
-4360618032625248256,1,81.44846794398063,8
1048644244082571903,1,76.63805600577602,9
-1165548486378713324,1,70.94366012406957,7
3336417966309929858,1,63.45719575004041,5
8351796688780244627,1,82.44979377687262,7
-2887210191352058065,1,68.64702691971915,6
6603427148580603987,1,82.8944618445957,7
5582056624465377910,1,61.74175177270594,8
-6042173917885874456,1,81.99316441138859,6
-1811015353645786625,1,80.65444285708895,7
-938579502513689084,1,61.421281374485666,5
4899273982923188024,1,80.06137228367155,6
-3385826425618729333,1,69.54267213319076,6
-5299265419199071107,1,82.69625945321032,7
3842025134593931179,1,81.80563979793956,7
-6164290053778905339,1,73.20604780227845,9
-6614828700437995128,1,66.28881550078336,7
-197952149546083169,1,79.07460023310452,7
8568799489587943106,1,77.00536423623976,5
-3984873889786766143,1,81.28424614838555,7
2395624415583521343,1,83.48949247484768,5
1135104210639387334,1,81.59318329123178,6
-4037718094928835681,1,82.22908962030903,5
8661958888800151358,1,77.89838250636747,7
5266512537031509859,1,82.22908962030903,7
-6169582485043457806,1,78.11275686107702,6
254636784173293645,1,69.07183851977992,6
3090035674092990048,1,67.31590583725226,5
6355383105951327521,1,71.57257331037333,5
1281418930900415678,1,79.75397505729586,6
-7355794569438563015,1,65.90864513222101,6
5800916615454484312,1,82.19828694290078,6
4265093178578688521,1,64.41311204316185,5
-4847684627369882866,1,81.99316441138859,7
-5811972889663837110,1,79.46764216879724,7
-4850551424394359011,1,82.38092279445229,5
4876639228548160552,1,56.454288592272356,5
-9111658689485024638,1,81.80563979793956,7
-1444462986643324532,1,82.52439721834784,7
4737702628983697607,1,81.58942191839053,6
-1623642540121366108,1,81.44846794398063,5
-960416319149498552,1,78.41229527762442,9
-2307705967297462423,1,75.4719355302202,6
-8855134068594829495,1,80.71930193122135,8
-4907091518570783051,1,81.80563979793956,7
-988214205461272014,1,73.88750752939906,7
4886593405090424218,1,80.88102983843568,5
-7453607188796204550,1,73.03636770354045,5
2053987756619676896,1,77.38449474895783,6
2991594206698703500,1,83.48820241310779,7
8408040575802921236,1,79.42933641115327,8
-4805481590203435286,1,81.4723738575958,7
-4647413681028263637,1,75.0745592285557,7
-1452879536450036456,1,77.0811540066159,6
7232363528344228164,1,80.75973905831889,7
808513585307058045,1,64.9261788325283,5
-8770678861271889883,1,70.08676679189995,5
832516895341299907,1,69.5194461680949,3
-6906833376299356140,1,79.58614885249526,8
-7832943475730888941,1,80.87126170487872,7
-101553373325476564,1,79.6604531238375,6
6249183805474654131,1,81.1963917113378,5
-181266866927058685,1,72.2663669059,8
-5534254713752818189,1,82.83726860062569,8
639233769228655997,1,81.80563979793956,7
-3844569696470952559,1,81.80563979793956,7
-6514081164296147266,1,75.37442860184801,7
-1534897927286362423,1,78.41229527762442,9
7130798280299111593,1,61.057700748739045,6
5701940288539773578,1,77.64466712500897,8
-3844927423167282666,1,81.58942191839053,7
-6206316074279573581,1,82.52512586001919,6
7935834643953299678,1,72.23561504006818,6
-6219356231820156570,1,74.11267897100807,10
-5792397366421508901,1,77.59389191198217,8
-5937374659155907701,1,61.74175177270594,8
-33893820184801901,1,81.99316441138859,6
5300589339875074969,1,65.35709991610703,6
8011906631863979462,1,81.58942191839053,11
8061975321376788325,1,70.94366012406957,6
-251378875410376451,1,73.93951459352986,7
-7761526577199460724,1,66.53900467187958,5
-9020813688088702981,1,80.49952337823838,6
-1455554555213124246,1,82.09806704576476,6
-7894460577567264855,1,82.65227589082127,10
-495002941802280534,1,81.20553038308546,5
-3706686377623858720,1,78.1991238771535,8
7034136828902662702,1,72.77233882930707,6
3843561892347404574,1,78.34034157642269,6
2414926870809718003,1,81.99316441138859,7
8994445468474613492,1,80.75967344232862,7
657309757053059239,1,85.41920128845712,7
-9015193196211560701,1,81.80563979793956,6
-242329572621714007,1,65.25351797899523,4
-4870922038126296408,1,69.65217384083955,7
-623156938356407945,1,79.75397505729586,7
1763650092175484729,1,70.08676679189995,6
-88437718346179973,1,82.87471300526173,6
7832510268451174356,1,81.80563979793956,8
-589390336446386467,1,83.13089207098933,6
2710308338113287179,1,81.20853521035235,6
-7648252518145828938,1,82.38092279445229,7
3908827865268118900,1,79.9073582403041,5
-1421207742856227052,1,82.31147555776111,6
-4017549471362073279,1,81.80563979793956,7
7423204695517647089,1,79.69660077396803,7
-1136437765679252826,1,81.80563979793956,7
-3763591979484544658,1,81.80563979793956,7
9101135230293506355,1,81.16410015230646,5
-6316646297854428280,1,79.40864178624497,9
-2575341669873834442,1,80.69501109923857,6
-966471428111303663,1,71.41834911048694,5
2162155846997726979,1,81.4723738575958,7
-1666567199951009327,1,77.77629219203213,8
-7016461561312774329,1,81.80563979793956,7
5172590012844024730,1,77.58578586003992,6
-1843659719946720628,1,66.20052268306462,7
-5150093223057810909,1,79.91659168979544,6
-2860994312599008931,1,79.53809356249658,7
-2578130628212469607,1,82.43964478107365,8
4056110773661320482,1,71.92711518033403,6
3963505479189304296,1,82.16294188599309,4
-5843704570039861125,1,82.43254303272923,6
6957376941121874185,1,73.74279485269939,8
-7563763230366532370,1,71.6708937709257,6
-9154246193968918268,1,78.87553566976203,5
6675500855323269030,1,80.5067211672539,5
3467736470356437808,1,81.80563979793956,7
372320807804863426,1,81.71618950779666,9
564398026658695704,1,59.30000706722814,6
7227038839786223073,1,59.06693598800108,7
-6356823143980586984,1,65.12288330804898,6
7760224911122318207,1,72.84859120271831,8
-2038806234474492986,1,81.95183091982632,6
-7171742742728500326,1,80.90709415715882,5
7105210423856605723,1,81.80563979793956,8
-5096744920905742852,1,62.52718474055122,5
-5975305975540345558,1,81.86070930242033,7
3036516634675152081,1,81.99316441138859,6
937294713266368421,1,77.86585080660026,6
126799516462750547,1,76.13721015035658,6
551945979957423155,1,72.82383932604517,8
2965830991981552118,1,74.2532844696896,4
1681931166694925579,1,80.49037851789119,7
-3861624794055848318,1,82.22908962030903,7
-8960310661363458331,1,75.0745592285557,5
438477340432825259,1,76.74536937866763,5
-7653503407029464480,1,81.21706150407155,5
-2822354588209979805,1,82.38092279445229,6
-4120780068976019993,1,82.22908962030903,7
-3547290700348560268,1,76.59533100282954,5
-4644191776784892207,1,78.41229527762442,7
4412299782090974073,1,74.53830771866575,6
-3689543941790280384,1,67.13752337577414,5
-1910486925542464238,1,72.2663669059,5
6102390292091722844,1,65.57161832072428,7
-1322703284901014483,1,80.09397134945108,6
8058721648023483854,1,80.50354957893363,8
-2124956881497920682,1,81.38791377631587,7
6576710062950930232,1,72.83243219023569,8
-6610046242698220989,1,81.81111029348317,5
-8600729953929063127,1,79.77098522708513,8
4824305083732002635,1,66.52778410880622,6
757014104871354895,1,77.24101593469486,6
367345958259379734,1,78.40489105559524,5
8919915435692569593,1,81.80563979793956,7
-5550489214924297810,1,70.9815945159427,6
755240175807432425,1,81.80563979793956,8
-1040819915830091087,1,80.84132423422547,6
-5343657753371079351,1,72.66717956993669,9
3067625060905168685,1,80.74107271094397,5
1746307086223407636,1,81.80563979793956,10
7282662781942851493,1,81.43028203100906,5
-4687619131844372750,1,74.89368272504964,5
1901231489201812251,1,65.07941934236601,6
7615159562451624463,1,73.5502064121334,5
6991912623824494070,1,68.18040353334993,6
-476557759911131164,1,78.959141986731,6
-3546210491484128828,1,75.56399364710911,5
6593405658800328485,1,78.90742690210156,7
7840097556378305400,1,81.99316441138859,8
5960006594901220073,1,77.22339832129842,6
-8991826524859894284,1,79.89409221576169,5
-1458378046717083119,1,63.604506012878836,7
4742300168930843554,1,81.16287639880441,7
8231050881946082043,1,82.45251367988705,8
-6898781019949067297,1,81.80563979793956,7
-4992337115394137897,1,79.5927607107838,6
-7923668927509884710,1,81.99316441138859,8
-1743575193153260210,1,63.470206647200435,9
2718977858882418406,1,73.93951459352986,7
5998909057210181252,1,80.05306301899329,7
4576705134862122188,1,81.80563979793956,8
8048985684643900736,1,81.99316441138859,8
-3522861715582315972,1,79.6604531238375,7
-3044253303143861945,1,85.41920128845712,6
-2368793565002959766,1,78.41229527762442,6
804600793856177571,1,78.959141986731,6
-4483306756470613271,1,68.28054588553789,7
-8477107717826021586,1,81.80563979793956,7
7562362388361947487,1,74.56769961627535,9
-6281647839700004603,1,82.38092279445229,7
446906951399425007,1,70.5564155519504,7
31162199496959700,1,80.06137228367155,5
1497662360430022802,1,79.5927607107838,7
6782435362464595843,1,82.38631975767694,7
1802152949945015935,1,80.89093462411506,7
8916586607977434929,1,82.5190106029211,7
1610806156452413983,1,81.09185609530738,6
-4677313968069835041,1,74.2818550785913,6
-5482738250175539379,1,82.22753393476813,5
674015829083223918,1,63.77640191702113,4
4470784356875294379,1,81.99316441138859,8
-3617799052861909225,1,74.6833581012178,11
4621851948688320661,1,82.38092279445229,7
-7920845757341586422,1,65.98031956141051,8
3465312905497416777,1,77.50876815246392,7
691675610954543665,1,81.99619933048508,6
5022812316527059913,1,80.53010042595817,6
-6625072452848189971,1,81.12469537264285,8
3947733653823142316,1,77.73041678074854,6
1246390219974509792,1,81.99316441138859,6
8608894612229934549,1,82.72307752248946,8
-362624903252296285,1,75.5891552567542,6
7825836919574454752,1,83.10881554085209,7
-5510497742573585649,1,79.5927607107838,6
-7111119941818636678,1,75.44210691813956,8
955630942336284352,1,81.24545527992375,6
4511024626932155626,1,82.15868629201009,5
-8072062056367396685,1,69.17211743986527,5
-6455807413085849211,1,72.64754233123409,5
4788862251647323451,1,77.29257549091648,5
6007054438735952873,1,72.10295730886999,4
-4669689410596767467,1,70.73658359882629,7
2008236161022623288,1,81.80563979793956,7
6948426368526765751,1,78.41229527762442,7
6510904125066830744,1,78.81045047084324,6
4462976874534268376,1,82.70747767289076,8
2768329996961363403,1,79.93302635765171,5
-5811906552495869353,1,81.80563979793956,6
-4212884479837818807,1,81.78073917852107,6
5756668607926552495,1,76.03817198079746,8
-2388393767150906252,1,82.08733582402232,6
4376902178587305421,1,83.92493650722535,6
7882377647132382238,1,63.604506012878836,7
2989992502601936350,1,82.69625945321032,8
127469851153985336,1,82.072128184236,5
-3514987708682950394,1,81.15283215451231,6
5457626066017413026,1,81.99316441138859,6
983467381457489782,1,81.80563979793956,7
-833710545180024896,1,63.37351869477798,5
2030228730753816282,1,77.84037584667135,7
-1359372926763277919,1,78.41229527762442,5
1745704074923592046,1,79.26106142878729,7
5553058384064930582,1,81.75183573159445,6
8888637092785717315,1,80.67965274844475,6
2555767792685925857,1,75.29786424330356,5
-7167510445409563954,1,82.75049619606312,7
-8063213531609357315,1,65.89040801464462,7
-8354963633596191594,1,81.80563979793956,5
-4289879227537219223,1,74.83587417668286,5
-8632724300237885128,1,83.65507837377803,7
-8264967780463472394,1,72.86338412619273,5
1208784703146236818,1,74.08755193227837,6
7175897516059555615,1,79.21316618179254,6
7858257573578889255,1,75.4719355302202,5
1708836364879926969,1,81.80563979793956,7
-2407452149059862405,1,80.56971211411299,9
3808058542574693217,1,81.99316441138859,5
8506646607432824174,1,81.80563979793956,7
-2661228540574999099,1,82.8944618445957,6
-2681081243915410641,1,82.2599007966738,5
-3193080151734219765,1,82.85252823428823,8
-7160219918276606868,1,82.28395713834155,7
-7174680275142224611,1,79.88641702153755,5
-5376906545605230190,1,59.30000706722814,6
-2107064157420468858,1,81.33175203085885,5
-6693893977926520813,1,83.05035978592035,8
-2619209714595586836,1,68.45442936520216,5
7991847981441457498,1,72.2663669059,7
-5330431023027447887,1,77.73041678074854,5
-8452434161373620616,1,81.80563979793956,6
-8324549675622785923,1,61.85428513785706,6
515804472855478698,1,83.28400670658054,10
4568050613124501718,1,79.32269049189539,7
2971894688271465224,1,63.905734262236045,5
-4176221965601389095,1,76.15139076080402,7
9146479592359725190,1,81.92506679338192,6
-6434850086407993372,1,70.48630639830569,6
4628309626101649929,1,82.21586644050068,7
2345800332673853302,1,75.4719355302202,6
-5144428485386913113,1,76.35445436770834,6
-6527754941962265701,1,81.64867003904668,8
-5254859790607289220,1,67.34097249376367,8
8451599963653886596,1,82.69625945321032,7
3061053729926942460,1,74.30882910488127,5
-2996867216960780274,1,72.83243219023569,7
-9196100914636609410,1,81.80563979793956,10
2338656778938626946,1,79.95104067225348,6
8207604034499695120,1,81.81111029348317,7
-2907088221204716131,1,79.21977021826879,8
-3207917703224559863,1,70.94366012406957,6
4733109860838793661,1,79.53338220411543,7
-1338664365620406700,1,79.15451528212154,6
8760294935076503241,1,82.59771327537602,6
4834943604067296472,1,72.2663669059,8
3973495587364798228,1,80.9234569734617,6
2635194266457482769,1,81.80563979793956,7
-3171869709935416874,1,79.50873066776516,6
8069164868906082613,1,82.29842479552084,7
1038224632206085565,1,82.22908962030903,6
-3026050661798193575,1,81.99316441138859,5
-4519479733076108228,1,75.4719355302202,6
-5504928415870955027,1,76.31562579225557,7
-1406128258507682217,1,81.80563979793956,9
5126123653833282530,1,76.35445436770834,4
-8938594146478403717,1,81.80563979793956,6
4812029542279219499,1,81.99316441138859,6
-1184688901203475101,1,78.41229527762442,5
8825958806964754695,1,82.19476337994233,7
-3173705361451747595,1,81.80563979793956,6
-4072993307879410789,1,74.37134599453407,7
-5397222601205605108,1,79.41101689093821,7
5879087429411358946,1,82.07514293153228,7
8877950699651209319,1,82.96876577284677,7
-8851007633234789095,1,56.5502398272555,7
1189570584757520356,1,81.80563979793956,7
4026785781432121367,1,67.51697575172903,5
2033011186167788180,1,66.95629915647933,7
-1031748261586998295,1,78.41229527762442,7
-1126943501696505401,1,62.7497484293673,7
6630749310720873346,1,79.81765891570646,4
-2674430041118411854,1,74.23496149318359,6
3607880123635523045,1,65.06945209234878,7
358012470243966954,1,82.69625945321032,6
-9070648587949937859,1,74.4966001670459,7
926904177793693575,1,81.59195335481586,7
-1561069485661136989,1,70.08676679189995,6
2107779835879185424,1,81.46172603378757,6
4229125274834428745,1,81.69872882230771,6
-1794465649369510023,1,84.70006176002524,6
-8555961931960096750,1,81.80563979793956,10
-5841956167811034342,1,82.60852618295641,6
1016690755925119753,1,81.0707806511552,7
-1120609973967665210,1,74.69111378241907,6
105773063003839783,1,80.05129320899697,7
8959281573139073314,1,78.54741294036457,6
-348251813834021145,1,78.23262276650281,6
-2600462407267804464,1,80.07482235514766,7
-767784623447311783,1,74.4966001670459,8
3765521270432225678,1,76.82807997577359,9
-7171782883517187109,1,78.41229527762442,8
9050898851634210652,1,82.8944618445957,7
2740724303840407007,1,70.98116073187967,6
-5820582100358566970,1,62.00483329600262,7
5664911014543280789,1,76.3966176617751,6
946337238017071778,1,79.9481788657401,6
-6871775262240888805,1,73.38798115622654,6
5019406146320891781,1,83.32358327362356,7
4614267160439640705,1,79.41101689093821,6
-666779231463699792,1,80.66264596306655,9
2444795018989863901,1,71.81689744204925,7
-709114605815909952,1,81.80563979793956,6
-6301754243430551518,1,79.31090539687868,6
4868959142519745786,1,72.16311672690397,6
4092354525223712257,1,70.94366012406957,5
9039449573956811068,1,81.78045999075569,9
8866204266845091302,1,72.83243219023569,8
-7279154407284451409,1,68.5368547328787,7
8514834104960699540,1,82.04415832354108,7
266231910339583254,1,75.19949170248819,5
-673993099352666527,1,47.350163074881806,5
-7257320244253342606,1,82.38092279445229,5
-1536531970390636208,1,77.64341284250622,7
-2498657794472866731,1,77.67990346929155,5
-4518510921859807231,1,66.57683925201341,7
-2433319115945844016,1,73.53732218809343,6
7891513171270960342,1,81.64129971830057,6
3155920995455341424,1,81.24953329143223,6
3850977722258470,1,73.61231195768043,5
3972304583605498183,1,75.5568562668767,4
-7697004197846802980,1,78.29331636828826,5
5114751132689797910,1,81.99316441138859,7
-632409216080879327,1,71.07473789489627,5
-7460025753292438482,1,83.38337332114023,6
-4042447193785395120,1,81.81111029348317,6
455909755679371693,1,83.69653715158223,5
4297501441800543219,1,74.23496149318359,8
-3931045390056996077,1,81.68310574525256,7
-7893455075588450968,1,81.99316441138859,7
-1366519332133377011,1,79.94997986790784,12
-3790234816717916559,1,77.30194683733212,5
-7274544304000764776,1,82.10652156376474,7
2398450808002823131,1,79.42374073574125,8
-2122757694051335190,1,81.60822794133738,7
5236495668091184136,1,75.88192851017749,6
2523869490115302337,1,81.55997967328683,6
1786657947117675880,1,81.99316441138859,7
-8748141674408162466,1,70.94366012406957,6
8834798198194640306,1,79.9073582403041,6
-9082110477046347727,1,63.14367198428342,7
-5837978089871232329,1,79.86289357969359,8
-3560994334125262982,1,75.20525349741452,6
3459281059818962312,1,71.98442333412443,5
-2718180180566964476,1,81.80563979793956,5
-5046526903528292846,1,76.99332116447694,8
-5614656681957657398,1,81.47586581188534,6
-662186009704398728,1,77.47737059685164,6
2192582604806037623,1,76.5089963946569,11
-3912964809477172567,1,70.94366012406957,5
-7028123615267817969,1,82.21334395112365,6
1039250854031270649,1,71.40950942807017,7
4217178571027290112,1,82.36689856175767,6
2563930927477672227,1,81.80563979793956,8
-2045564871873508975,1,75.73721274830211,6
1908932305696524195,1,78.41229527762442,6
-8999254088196741931,1,75.05058621242569,6
-4429817905152197098,1,81.80563979793956,7
-447994457853307215,1,72.18884961497405,6
-3065961667871400146,1,82.76426864753162,8
3018621636477024791,1,65.2888994954051,6
367235145326490745,1,81.80563979793956,7
8928307982662030872,1,79.68649218832063,6
209481761619835420,1,79.06172576110752,6
-8008772422075282768,1,73.7224221132379,6
-1282151437106163731,1,72.2663669059,7
-5430618475796731772,1,73.42352836857373,6
-2555190533259314643,1,78.39138062341137,7
-2661096898452698092,1,81.99316441138859,7
5340038652771242056,1,72.17550735913743,7
-1684042744036981127,1,79.6633703816647,7
6517617392679495691,1,77.70189986507124,8
-6772580308430225729,1,78.8716634839118,6
-5098964690345568480,1,79.76222171217573,4
2256043325410417813,1,71.60404677884333,6
-8021222365081560779,1,68.85953364262893,6
-8145904746169311258,1,81.80563979793956,5
-8957123533771473159,1,82.52516461896715,6
7566277108390218149,1,82.03378656125753,7
3702973236593177449,1,82.89522681367387,5
-2889393180731646434,1,79.18230310989775,9
-4670728146480304239,1,72.75941351684699,6
-1190382034053241916,1,81.99316441138859,8
-5169027661663180248,1,78.72680889214307,4
7875489848485701900,1,77.81654155888728,5
7937734805385070299,1,81.80563979793956,7
-3837245672614567290,1,81.58942191839053,7
1987443181418443132,1,64.78834212392634,7
-1447803149524808808,1,71.86971880707493,9
4857274587546758250,1,82.90488590222856,7
-3449857809889025650,1,76.08620457340974,6
826843640763071950,1,83.72827740314108,8
-3866651728612228501,1,70.94366012406957,6
1862182018790502479,1,82.38092279445229,8
5938229915519603903,1,81.80563979793956,6
-3808283647886816767,1,78.6964333273987,8
-3190324507613640235,1,81.58630297366172,6
-1478701186814463508,1,73.453409075082,8
-636615658323075478,1,81.20853521035235,7
-1756565385824061122,1,75.4719355302202,6
-8370166563287276507,1,78.8116538024925,8
-6011810463879354261,1,81.280680349198,7
5940843290081069608,1,74.81449568854059,5
-6346851997934695839,1,66.57683925201341,4
5554363385560853391,1,78.119004875702,5
-3472906469307351307,1,81.58942191839053,6
9181158827444377842,1,79.85169185434444,5
-8556656629020338282,1,82.8944618445957,6
-2263468933647181556,1,79.68354275469272,5
-1116109295115985078,1,80.67965274844475,7
-2970031471013927334,1,82.41166840277968,7
-8633699759745041919,1,80.24806896260586,5
-6305189045484725630,1,80.94774298560677,5
-4923330596336189216,1,82.00488825926907,7
3226616630453124071,1,78.06385112139675,6
7396255498706292837,1,76.15139076080402,5
-463617987894986538,1,77.00536423623976,5
2238283832720436794,1,70.2911700144303,9
-8903330209308602781,1,82.7652350703552,7
-7831106329201129435,1,82.38092279445229,6
-2048037338929585937,1,78.15179212977834,8
4055303320936778654,1,80.4729920152759,6
6123168088055261033,1,70.94366012406957,7
7114129310170738168,1,82.63467625398648,6
-7510084199410835593,1,80.99489889540533,5
-7997561833363286852,1,63.8050245890898,5
-4226128520010915684,1,83.1021916228445,7
-42876782125978875,1,61.85428513785706,5
-1575869024858268490,1,77.08757299245868,6
-2907892558610458266,1,80.49778716039583,5
7684521460927328993,1,64.60126909047115,6
-6259843484000738433,1,81.72366533503995,6
623583260201083288,1,72.62943824226627,7
5406112773077947268,1,78.41229527762442,5
2266923881282382756,1,69.68506039957225,5
2863858989658441117,1,82.7363415669526,5
-4628375191323975117,1,78.55535366718632,7
-2902319218459993132,1,81.80425581303375,5
1874360824124704842,1,66.70335418760192,6
1002643629322566289,1,68.55703196966913,7
-8069001223651189840,1,81.80563979793956,7
-7201122711465461180,1,82.56723124361487,5
-9057855236636061808,1,80.41829696782919,9
-2224331220539015083,1,67.47228430404513,7
-8676060886208158138,1,75.36686535988626,6
-7110825051302544119,1,77.69785413308313,11
3511230166766884079,1,72.2663669059,7
-5060931520397914646,1,68.88416631011181,6
4266475089853099840,1,79.40864178624497,6
-6080658653263261407,1,78.41229527762442,7
8573113418873937558,1,64.06546688170353,5
-6167773982954098772,1,83.4620182727672,8
-7542216974505079564,1,78.01381123714218,10
1269367442035684474,1,81.81111029348317,6
6929170362546217922,1,81.80563979793956,6
4567675673070140745,1,81.23392276969659,6
-8507742607132461983,1,81.80563979793956,6
-6274132756979226939,1,79.76103300440467,5
4949239371309220597,1,81.80563979793956,9
-8423604557298253630,1,78.06460990218405,6
5523553688083918967,1,72.6875370184051,7
8686927723443383954,1,79.54958310859588,9
2475718877414203794,1,79.20879855148118,5
-1706628134061197357,1,78.35751971904482,6
-5675145846241573460,1,66.70569389752097,6
-8619499435706305766,1,71.41834911048694,5
577555847419375055,1,79.6604531238375,7
1766687881190564681,1,68.54260613330837,4
2189521459674906701,1,81.75183573159445,6
-956927241762810191,1,80.31000904588515,5
-5982178932963526364,1,78.54055608124033,7
4376597364569110737,1,79.08906015272395,6
-6272740019637879777,1,83.26540658515067,7
-2871747846513794977,1,64.0339828204975,7
-902922848517847554,1,82.73172420630603,6
-2969890317215256099,1,73.97351660632768,5
4183446175481173557,1,81.99316441138859,5
-5888713884741290002,1,79.05743071410296,7
-361262897886587935,1,81.80563979793956,7
-6721205214228324812,1,82.22908962030903,7
3638286487700091628,1,81.80563979793956,8
-8474122467452641332,1,77.81149546937705,4
-4922395489380047990,1,64.5358228549755,6
-261620323803487359,1,80.5283641126892,7
-4745889320327601956,1,76.93133317014916,7
-4205259258538628262,1,76.83261571091062,6
-5872319142526647565,1,63.34445302506445,5
1884281280526617515,1,80.61078269773564,11
-418870090892219430,1,77.24358969175904,6
1194730420240383971,1,79.06172576110752,6
-6984387284586469101,1,65.62752465212391,6
1217025323267628705,1,76.38594170719624,6
9156456835813708926,1,82.01920417971318,5
7806151802609308303,1,72.07984443777099,4
1299930416936987155,1,81.57603799971011,6
6450571784679396815,1,62.48589426398253,7
704901296418728044,1,82.13723857130228,8
4167858256052400726,1,82.22908962030903,7
-3144745210853468264,1,71.39270535445279,6
6908114247483675649,1,64.60515331454079,5
-2857624383559601777,1,65.57161832072428,4
-9017389599234426258,1,79.99647953580457,7
-4189168788202701258,1,81.80563979793956,6
8521304750641776024,1,81.80563979793956,8
-1931140672789454667,1,74.0163403844432,6
8442426489521113354,1,83.46414783914555,6
7613026453583629418,1,83.0247785251524,6
-5265308473600333164,1,82.56136750048421,5
-3982296187180859047,1,83.72131824722467,8
-449110862731972068,1,78.02634984935592,4
1282485785501394545,1,58.40817572314894,5
3615115037406916095,1,78.41229527762442,6
4404765836893587819,1,61.421281374485666,7
2262569691179968424,1,75.55682359164727,6
3599293546913412358,1,67.47228430404513,8
-8755860746467343921,1,65.57161832072428,7
4482920277039245803,1,81.87410092420059,6
6023324052929614087,1,78.41229527762442,7
-4413418996190022532,1,78.41229527762442,7
3946814622015562472,1,82.71205796412126,6
-8065886750706453746,1,81.52084374865024,5
2994012689843446458,1,75.10931563970416,6
1047058879798045868,1,79.57132626539502,6
4671409566720056180,1,82.48328979019487,7
4697345192734127425,1,85.64217494025391,5
-8831904840976375287,1,59.06693598800108,7
-6760147191530899112,1,74.84794953477709,6
6917512306414848241,1,78.09913963447988,6
-5188090766524923493,1,80.05129320899697,7
2512535024546275893,1,69.86209706969802,8
-3605009132575047204,1,83.25110768907545,5
6724909131431200840,1,81.41190595223009,6
2147634045828172757,1,70.48630639830569,7
-5672357081999439612,1,78.41229527762442,8
-6498599530069237686,1,63.604506012878836,7
8051320352248106060,1,77.88754099417767,5
-754797637839569819,1,81.99316441138859,6
7408116274531768844,1,82.22908962030903,6
6492401426228259090,1,76.48109905397335,6
7472062541838909600,1,72.83243219023569,6
-7157413129268942457,1,74.84794953477709,6
6856989788352854244,1,71.99014889107411,10
1731673587561148530,1,82.22753393476813,5
6152844633904673240,1,82.22908962030903,5
7996661288663042113,1,79.39908315549789,4
-7632958810868202833,1,81.80563979793956,7
4458585251259755440,1,67.69977510295328,6
-6678260322120620231,1,74.5398959625102,7
6177852962205165220,1,81.80563979793956,6
4418119777772068111,1,81.00890970148754,7
6614286662665952126,1,71.53988677422011,7
-2644254389537265537,1,63.470206647200435,5
5544494437202994937,1,59.06693598800108,6
79084932985223992,1,81.58942191839053,8
-3483102088850252196,1,76.92063983540945,6
-1450784416476042916,1,78.57078436996925,5
-2505228608918972650,1,62.68421595294227,6
-6988713700507655418,1,78.41229527762442,9
7639533311892390541,1,71.8717858110329,7
-2848657554878783805,1,64.12478424153888,8
2296477983840806657,1,82.4088208577894,7
-8525578407443996690,1,62.44148288962668,5
-3503109730183935220,1,72.2663669059,8
5237712508389817282,1,72.39966018786366,7
2695330265888976110,1,75.44210691813956,5
8518537615171955105,1,55.80459968648169,5
-7836803968361414686,1,79.85169185434444,6
-865726135355139883,1,75.5398596288922,6
3287862107037455870,1,75.22777533719228,4
-8459515960524563742,1,65.02220405747138,8
-841102479198677719,1,79.18230310989775,10
-5642130242243602912,1,62.00483329600262,6
-3513448584847294604,1,81.39963713281938,6
4501800018429591570,1,81.9123211186628,7
-7952919147522421450,1,81.12469537264285,6
-4328263034330757811,1,81.99316441138859,5
-9001692823671863906,1,78.06385112139675,6
315734042647986295,1,82.22908962030903,8
3734510437710445689,1,73.41200285334915,6
-2068079870336007969,1,81.58942191839053,5
-8651619018883977220,1,82.02031846286147,6
5050070321499765048,1,63.470206647200435,5
-5332153311143460852,1,77.69785413308313,5
-4714594047725945480,1,82.07514293153228,7
1782018464373947411,1,80.55733052660574,4
-7264346987546706595,1,79.9028027136244,5
4494680649482950157,1,81.61407185469044,10
-1436241401302066969,1,74.87505695092946,5
6228791924219992415,1,81.69886713120522,7
-2630336398013162262,1,72.75941351684699,5
8897204552609560516,1,72.06873226387982,6
-1789079678829462844,1,81.99316441138859,8
6826185056352053676,1,82.49120304468589,6
-3398303043653807327,1,78.41229527762442,8
-2668871684485085509,1,77.31403507536454,7
2238955366807560237,1,75.57754410759215,6
-1108776994375632090,1,79.81923215406168,6
-8651483802368733551,1,80.9518734606219,7
2074116551547919110,1,76.7814999602954,5
-344885311150894910,1,73.272275379193,5
3148389884176798020,1,79.70750603069284,9
-7946991905711592568,1,72.17550735913743,5
-644097087872466465,1,79.24958849750037,5
-1340631929118233974,1,82.66444241481666,5
8433633039360565583,1,75.56914278192325,10
4481480743561806624,1,81.99316441138859,5
2176796349740137653,1,62.00483329600262,5
-7655680963716333644,1,75.18258276038812,7
2700523381071425184,1,80.56454320483556,6
8872376546958184911,1,82.57417308547522,6
2737330875376822961,1,80.32241351314349,6
-2845900276062205983,1,82.66508455747726,8
-8405504373130442929,1,73.70288106257652,6
7609551679519963496,1,81.99316441138859,8
723421665869437931,1,80.41760290678175,6
4928735701054950246,1,62.327811923370334,6
-2161655815432951917,1,61.354004087792774,6
1685640199905314370,1,69.86209706969802,8
-4391492462467037788,1,82.38092279445229,13
7980271861306500501,1,71.81689744204925,6
9171105063852842490,1,72.03609647248989,5
-6066760953590636207,1,82.16009317267037,4
3895533338240032178,1,82.90328953871031,5
-5763770346377586696,1,82.1806917159296,9
-5061089240456087951,1,64.65878065082624,6
-2525558207172860821,1,81.23216781500471,7
5722316955019818165,1,81.80563979793956,8
5601807647238605335,1,77.860179880203,8
8203370460961460727,1,82.30731986427924,7
-2304206959078395497,1,81.80563979793956,6
-8038398408363450366,1,82.2091545846039,9
-3724522368850299671,1,77.01903959302382,5
2843345247298529470,1,82.38092279445229,5
4640367534862995827,1,65.1009482201852,6
6559044325771065469,1,84.25213382956548,5
-6689717885343199417,1,79.61041265660857,7
7068273097237213304,1,81.80563979793956,7
-1833133054195213702,1,66.95629915647933,6
-558109006894790077,1,81.99316441138859,7
-718816927377041289,1,78.38877998286625,7
3474316657196538358,1,75.4719355302202,6
-6752148559980308024,1,78.41229527762442,6
-3876251554153986756,1,75.49587162964195,5
2830534538555450542,1,76.83854041036423,5
-2358252433866574475,1,82.83726860062569,10
-263709483455536432,1,68.78064521021726,7
-6877578122217007003,1,77.80604872545535,5
-3441197949668021963,1,82.83726860062569,7
-615422300799219694,1,83.74383059089597,7
-1944358640900975480,1,58.40817572314894,6
4970535037135862840,1,49.02979751352025,6
3939332026330461569,1,77.05343906611955,7
5118127755287768134,1,79.37487574370793,8
2934973094670023275,1,81.71792029211379,6
9152094876596148400,1,79.38637766132838,7
-9200522033083323332,1,82.8944618445957,6
598835388150978976,1,81.80563979793956,7
177288279208466513,1,81.20478816997297,5
7428871263688785106,1,70.94366012406957,5
2241054366226932060,1,78.82341381918201,6
7394471416468301764,1,80.59762886560418,11
-4147894833278697096,1,81.59310775298367,6
8821128706252060554,1,83.38337332114023,7
7254167410764477272,1,80.78066928371368,7
-781275813220526177,1,81.80563979793956,8
-3314537619708454993,1,79.76032246399727,5
-9181630027674451815,1,76.96361202300855,5
-1932857041848251890,1,52.837833324312165,7
2692939487645527768,1,77.70242130657881,6
5854491138558510510,1,82.08367262989583,4
-6962880985924381880,1,81.7151920721537,4
924513481068797640,1,79.84652640567315,5
-2552044433244809285,1,69.25689004849934,5
-7052566028522225105,1,77.74168352573601,7
-2252439223125633241,1,60.40761458738616,6
7548939891414241740,1,79.14425180967854,6
-8809849523987012032,1,81.67287149722308,6
-431125113689085323,1,80.75967344232862,6
-5955420051818502819,1,78.54720865170502,4
719483440095824853,1,79.01924908555358,7
6638044610052558029,1,81.15111223317359,6
-6214524199324392559,1,81.80563979793956,7
-3363659863510282769,1,62.008401499051296,5
3852310969864809557,1,75.12470802067287,7
8610749469458175937,1,78.41229527762442,8
-2566938449549632090,1,82.50034600811804,6
-961766672299385877,1,76.59533100282954,5
8974877558777445753,1,82.83726860062569,5
-4067958282911724943,1,80.49037851789119,8
-2694436758084997638,1,83.38337332114023,6
-2807279757017409471,1,82.1368713349003,7
-4342287375018580662,1,72.83243219023569,6
3708307747368066018,1,78.04806745217438,6
-4159323109070427494,1,80.75967344232862,6
1640879554595032699,1,75.40236356575183,7
3263474060265956802,1,78.41229527762442,7
-5870241426784732090,1,75.12470802067287,7
-4117799344739644269,1,74.2008817404986,7
-4259535176887268819,1,58.4230388434913,6
3586845115628618573,1,70.94366012406957,6
-6119285862094628624,1,76.02291613946568,7
-9157636860683241221,1,81.80563979793956,6
7750399554895115542,1,66.95629915647933,5
7671139676423685682,1,81.99316441138859,8
-3310692675308732828,1,65.33211819804028,7
7671930292767750966,1,82.22908962030903,6
-2115931695463315010,1,74.37134599453407,13
5175149420100359951,1,82.30200250102999,8
3162653103036736940,1,78.44162950368306,7
7427062921175698983,1,79.3612175896351,7
1584599356123064907,1,81.81111029348317,7
1835225508353952155,1,81.80563979793956,10
3402342479976380168,1,78.41229527762442,6
2358551096109066499,1,65.20074894807681,6
7698249105840814319,1,80.67965274844475,8
8611373796115664897,1,67.37046844078313,4
-2486082769706316535,1,81.80563979793956,5
-6765760182525295474,1,78.34369556814002,4
-4709563691809333429,1,71.09553591714865,6
184706174454689037,1,82.22908962030903,6
-2005186219437347056,1,70.84735813673845,5
-8889148455071232506,1,75.50194540875951,8
6241355842340698767,1,80.8533714487213,5
-9021226579228778231,1,80.61078269773564,7
5270824143006268697,1,82.73210945479688,8
5779451933987464016,1,68.9260899648746,9
8434117651325837675,1,80.89133956828529,4
8305595999327632082,1,75.38136124075422,7
-4646966723482062404,1,73.2830559891226,9
2260004367850979167,1,74.99716421476577,8
8418018314071439928,1,76.29789962639045,6
5162147585376721685,1,78.39138062341137,6
2416963654044701242,1,69.8983002656803,8
2904063053401661327,1,78.41229527762442,12
-9023951041279840976,1,82.38092279445229,6
3058616165927965516,1,81.80563979793956,7
-6326928310061989954,1,80.6818838080902,6
-475915096338948185,1,80.42034352206899,6
-8116596322123209168,1,77.47737059685164,9
-3657388644535907724,1,79.9073582403041,6
-3189032853025116866,1,73.59975849200609,5
-1636917603849319606,1,82.44979377687262,8
-8336649903837889740,1,74.31505428395522,8
-5474678456372247699,1,81.99316441138859,12
-661060215228107344,1,77.47021993252393,6
7761167648176098780,1,79.58655304268808,8
-6166774126285713855,1,58.4230388434913,4
-3785663679516475986,1,79.26106142878729,6
6847782354113348497,1,74.78411674193379,5
6528496556029111582,1,80.57713954830687,6
1037833383386197110,1,70.94366012406957,6
8305508283176599674,1,80.06137228367155,5
2738411748190673539,1,76.40014315307008,5
-8434118833062861944,1,70.94366012406957,6
-9034002109517873338,1,81.80563979793956,7
-7324418422160992448,1,81.2854099946313,6
125737029380494816,1,73.2941112839789,8
1674154212828145939,1,82.6579167217242,5
-7553937248690795440,1,81.8299698006549,7
-2158751344753280147,1,82.19106327491,7
-5779516655981972767,1,83.38337332114023,5
-5198942378775558108,1,78.41229527762442,8
2436457447087029022,1,79.47972601023268,6
2462775740907139634,1,63.604506012878836,6
2209087584187696583,1,79.40864178624497,7
-5028329011114666038,1,66.02619012807656,5
7889100084015904699,1,72.2663669059,8
-2897919795206734878,1,65.57161832072428,7
-9162147112206517189,1,81.80563979793956,7
7346662528905900711,1,80.67081632460186,5
-5499402289562963870,1,82.15235044767478,6
-5340390820201114146,1,78.41229527762442,5
-928634973642716289,1,79.13551635600031,5
4536667904337038881,1,79.74702064126858,5
-722416866852220718,1,82.5036987676038,5
-2137616199165559739,1,81.94234838016769,6
-1074904791966119403,1,83.38337332114023,5
6653515518086476280,1,81.24953329143223,5
-381619700363918374,1,81.80563979793956,9
5896222281867824434,1,72.84859120271831,8
-8829984544160063797,1,75.82466348806821,7
-3539113363812064528,1,81.976059666818,6
510680148504116567,1,81.80093061963892,7
3947455578469218731,1,82.44979377687262,5
-3280673470630534889,1,81.0618859250855,7
1786980248700797446,1,82.22908962030903,10
-5503184545443850293,1,81.99316441138859,5
-1896881521575484936,1,79.29683706587569,6
-5214777974767481571,1,83.20321209416534,6
-7286083010929414913,1,81.99316441138859,7
1657651823521818979,1,82.38092279445229,7
-6334045790374190434,1,75.01091808805108,5
9064870551793370412,1,78.41229527762442,7
-5399160023187567736,1,79.40864178624497,7
1732899639419747956,1,66.9052562447839,5
-393800408291701032,1,75.56689271025412,8
-4783350046193749552,1,77.52004539353578,4
-7185244211357962468,1,80.53435181951504,6
2011838362527102329,1,70.10088212741357,7
-3044946217629236656,1,63.34445302506445,8
457926517908101047,1,79.85548175696125,7
-5241316052667611685,1,81.99316441138859,5
-2678608586756251914,1,82.22753393476813,6
-4303249539607490483,1,81.41196116577645,6
8889375886500557706,1,80.40085280876369,7
-568536561312095585,1,81.95312806796609,5
312279917087990232,1,67.81559358250065,8
4105356411064752650,1,69.54267213319076,7
1394110700386616818,1,75.08444836299574,6
-6220878877685836521,1,72.16311672690397,5
8465824520868442497,1,70.14966307637756,5
2362997693113403042,1,76.82063928515925,5
4173627345127792034,1,79.47973694038089,7
508197283006910716,1,80.27568106594538,6
8420708670772090331,1,82.22908962030903,7
-2381273131496423533,1,78.7392627096245,5
-4966529944940262517,1,82.38092279445229,8
-1790440541261013729,1,60.18809570396771,7
-6071739179287226624,1,81.99316441138859,6
8205616315788082486,1,67.37046844078313,6
-2062692315760210216,1,78.17015528577936,5
560654857312979864,1,79.9481788657401,8
-3620308253862872969,1,79.845056960998,5
-5577838188293023916,1,67.79984158344259,7
1448734299857601227,1,80.69082801789652,6
3363498392310133636,1,82.25304825361488,8
-1534436996731657478,1,77.06272042706686,7
-5072583267208186553,1,63.905734262236045,6
4754351624247347699,1,80.77187444058683,7
5062214360834355168,1,82.38092279445229,8
-4919278098757436752,1,77.50876815246392,5
-6832824364106093096,1,59.724743464741564,5
-3619354156939480733,1,72.17550735913743,5
-3695684022916943222,1,81.80563979793956,7
-5660001654561523202,1,70.94366012406957,7
8882929365381247304,1,78.51953310544094,5
3265621063026106040,1,79.52040177843405,4
110356409497690728,1,77.35990993138137,7
-7747900785635429009,1,82.49234538147509,6
-5943738662498753231,1,66.70335418760192,6
-8537705386475861273,1,79.86289357969359,4
-3212148117212684906,1,82.44979377687262,7
1241794994658134466,1,81.80563979793956,7
2654837450514323853,1,80.56971211411299,7
1120049545261464437,1,81.80563979793956,7
-1988657307358981823,1,77.05343906611955,6
-6176431555356277819,1,75.20613214136185,7
7967771088275596033,1,81.80563979793956,7
-9125061943116308613,1,81.80563979793956,7
8886906021259380147,1,78.41229527762442,6
-1779237512779168355,1,78.18844029773369,5
-4789949656464226836,1,78.19990481261114,6
6718355048893603593,1,77.23148719240888,6
6571369635360889345,1,75.84267508459479,4
4811178491255016414,1,56.00893159347387,5
2369531287052708889,1,80.92893128029696,6
1210532985211888766,1,76.15139076080402,8
-1969409105213223216,1,79.74702064126858,7
-366436046498317164,1,69.53845747385714,7
-6125715051819870999,1,69.53845747385714,6
-6553155641239157280,1,78.17015528577936,5
-586726042901282149,1,86.25420624666604,7
4904390899454535208,1,77.99401240751129,9
6578437098329783078,1,81.80563979793956,6
5696976816704345586,1,75.72170833267896,7
3721688084160781113,1,67.66288438724779,7
6274930405312026171,1,75.03361236441727,6
1754699819269427278,1,75.15488871340189,6
-1370314620034674484,1,81.83534903581389,8
4966470581153121095,1,67.59647257481785,5
5368843415075268478,1,67.97407157644761,6
-8912281820058218702,1,81.80563979793956,6
-8788255239329197005,1,83.20321209416534,7
-7585500088068488237,1,73.76990581391894,9
4480790867627923921,1,79.18230310989775,10
8054306965559657438,1,79.66522220102462,10
5651054930346867247,1,77.22339832129842,6
-5312053267015368396,1,83.57099431662343,10
-7392179891693070488,1,81.13550788431574,4
3645525020952132980,1,79.55742401825788,6
-2768183249594786778,1,81.80563979793956,8
1803561297010960223,1,77.6200476630511,6
4876549184539171473,1,79.99647953580457,6
-5742918026224728041,1,80.82780040946962,5
6812008137798026826,1,82.38631975767694,7
5173765929774437006,1,80.70537605198507,10
-3289675749776681594,1,75.21100874336145,7
2761391929425498775,1,75.62838399654342,6
-6145428857255206580,1,60.440392845941346,7
-6455678742384626238,1,78.41229527762442,10
9117498589136058099,1,54.94860863464874,5
6668943654982462596,1,77.56743838309818,7
3029542773846488235,1,82.07514293153228,6
8298254781890177555,1,68.71281170327364,7
-8648163946121802894,1,66.09367021271422,6
-7777113122145346577,1,72.09722169705168,8
-8882063483072170008,1,75.18443676436178,6
142117929623619257,1,77.62712418128828,6
5424873424657543243,1,75.03361236441727,7
-8700894287306829908,1,81.20853521035235,6
-281381734881400819,1,82.07606020357653,8
-6911342483369330223,1,82.83726860062569,6
-3286967054934246028,1,78.41229527762442,7
-6505792516528871849,1,73.52864226002805,6
1241986980009592187,1,81.99619933048508,8
-2466622171926926788,1,72.06873226387982,5
-5532191684717020555,1,65.0584951657583,6
-5054828458385714697,1,68.51542537718205,4
8022517160618473256,1,82.48046127244163,7
-2259230742024991286,1,74.81449568854059,9
3577459726839786231,1,82.07476751956219,10
6359814906905447254,1,80.66264596306655,7
-1314614611401760122,1,71.90354267996427,7
904748327672745284,1,76.17073511243056,8
-4488542482769319092,1,79.16203425034729,7
1119777299798505543,1,83.13370943023115,6
-7863339919438149882,1,81.06491705892769,6
-5892305514257743213,1,77.0481970165446,5
-3743572920541186985,1,65.19557218746057,5
-8558214539689710741,1,64.47284226824767,7
-6796664418745995945,1,77.6425239081844,6
8644656674614112768,1,67.47228430404513,7
-4062597779565690658,1,81.80563979793956,7
-598448163043056041,1,77.69785413308313,7
5208822761556725453,1,76.83854041036423,6
7454412706683537337,1,81.34633107183664,6
448618730475717613,1,64.84481031256524,9
-4148345581991211327,1,82.22908962030903,6
8083384897328514760,1,55.88009270979701,8
6548656889458911398,1,75.50809568579191,9
-6260397944006228942,1,81.27599088410051,7
3702658903927292685,1,81.99316441138859,7
-2198383014268294950,1,81.01019268455799,7
-1317233506046608734,1,60.440392845941346,5
5330048033924107448,1,77.22298367317359,5
-4543668493122592140,1,79.42026758277277,4
2214424791152164734,1,76.03817198079746,5
8063539836940148474,1,81.75097194132677,6
-323043370272964674,1,81.99316441138859,7
-2563332749507681820,1,75.54321722553223,8
-1904032385883088172,1,81.52539764178381,8
4199627967097030194,1,60.440392845941346,8
-7483372360597526342,1,79.0964017783983,6
-6763413466395666037,1,73.3228094126969,5
2453291549837142650,1,72.21049175967026,6
7598552953809491288,1,70.94366012406957,5
8810656861577580505,1,72.2663669059,9
-8852587084603499712,1,81.99316441138859,9
-3317378551278753248,1,57.916367386484765,6
1974130747841481808,1,68.9260899648746,4
5017133212764808647,1,75.62838399654342,6
-8757198729377052448,1,72.95740532842139,10
-3806122171488675246,1,82.8944618445957,8
2884582765775609642,1,65.0854962833174,9
-7209979237642677922,1,70.10088212741357,7
9053386184619759226,1,72.2663669059,5
-3056008656135242363,1,62.76792815912816,6
-4338927384762344241,1,81.43415390422938,6
2133877198688008569,1,80.44854218278734,5
-9131107027737076554,1,83.47977988056773,6
-5311735978473778700,1,62.30909269136694,5
890942231727865099,1,77.56743838309818,8
-2319393439841555732,1,80.3618770127644,7
7433416310770270480,1,77.73410193349805,6
2100921275958559278,1,66.20052268306462,5
44960782935534390,1,79.6766616860644,6
262932119355039020,1,67.6489566185673,5
6684044978302300497,1,73.62093665532568,6
510150272765899986,1,83.48619293739351,6
-385269506894934949,1,83.11129457777638,5
8153019803217122614,1,80.04252127946026,7
-6600049732451909158,1,73.57031138511418,6
-5177818124757627492,1,73.13417800848238,6
-1418684237792519264,1,82.38631975767694,7
-3710407798744282517,1,75.89634186394532,6
3019238617440580904,1,77.59389191198217,6
-5700747103519898724,1,70.35184232932298,6
-7571586666605997282,1,82.86187258476232,5
-4784528967001630423,1,74.77146036436962,7
-381747673672932770,1,80.06499099147375,7
-4749096275428462645,1,74.69918209894716,5
-5514927031084251120,1,82.69625945321032,6
5981562297511679237,1,82.57495175173273,6
-6131241895485847658,1,83.07129483010665,7
-4534954347148989022,1,82.03722893874941,5
-1806024036571021021,1,63.991583604961,9
-7920989633451659073,1,77.23148719240888,8
1753130972664775986,1,74.81449568854059,5
1829447224335269967,1,80.43352249339104,10
-3688726970171786137,1,77.69785413308313,8
-6892241601320940308,1,81.99316441138859,8
3115530913045556877,1,78.6835798789462,5
8265871513412303621,1,77.81149546937705,5
8783035199725454052,1,81.80563979793956,13
3663899504290155468,1,72.06968785881374,6
6918854766886328144,1,72.2663669059,7
162058579786338105,1,77.47737059685164,8
-5825237935169649526,1,72.83243219023569,5
2462440478208585144,1,68.70058998682742,5
6059303861510544133,1,80.74648267752995,7
-1818260134952821489,1,60.57737517184262,7
-1541632205631850796,1,74.72500830565822,7
-3865819058487665115,1,79.99647953580457,6
-1195488704015289556,1,82.97887901060872,7
-1205979524136246865,1,83.72827740314108,5
-1361539813975645158,1,80.9234569734617,8
-1467634739058081523,1,79.33300117248788,6
-15669807420350741,1,78.23262276650281,6
-1749839124357060579,1,81.99316441138859,7
-1788887603001763055,1,81.23711501654837,6
-1817868232213983802,1,82.38092279445229,6
-2012690049478234521,1,78.22767388561212,7
-2028814158008205327,1,78.2300532182817,6
-2352124646929455131,1,75.033765778954,7
-249007664708710327,1,80.87107217111271,6
-2504661731626452195,1,76.23303225370991,6
-254682218877417920,1,59.19868607057033,8
-2582088821484279564,1,82.45004484766238,7
-2700406029277835379,1,84.48379334412719,6
-2838536628037117856,1,82.54030158894093,9
-28868481936098600,1,63.905734262236045,7
-3122955133136343129,1,80.94250863021465,11
-3288128578243344281,1,77.89838250636747,8
-3290369237520651808,1,73.3228094126969,7
-3332082747882987961,1,82.38092279445229,5
-3488330482702037833,1,65.57161832072428,6
-3493901520193388259,1,81.11929155603963,6
-3685965352692881382,1,84.04759780649411,8
-3734737628820571208,1,80.66700312581987,7
-3824887763589599655,1,82.69625945321032,5
-3951462272105116818,1,80.59762886560418,9
-400080702404029856,1,82.78443966330363,6
-4089726813071894659,1,80.82780040946962,7
-4263088020701992909,1,78.88678811929147,8
-4296865354235691288,1,81.59875442216253,8
-4342530329444979742,1,82.966444192048,8
-4444819315900349729,1,79.80245271951536,6
-4577365472387727730,1,79.00657614055642,6
-4710128927524856180,1,82.75049619606312,7
-4784876471357970894,1,82.23754261312935,7
-4817686990841027324,1,79.1405106477994,4
-4860942011920857960,1,78.44078476158606,4
-5028604483066384120,1,81.31922649427636,7
-5033924269900837799,1,80.65168304063805,6
-5254489674550362380,1,68.54260613330837,5
-5366856145210424378,1,81.52543779508402,5
-5459495896971233613,1,59.06693598800108,6
-5630620663743252240,1,78.83922414407832,7
-5718411117502889085,1,83.14124076778573,4
-574019824150752106,1,80.53355985591357,7
-5891789864589397900,1,82.87962685883552,6
-597569732389702727,1,82.66440940979392,9
-5997719903849349091,1,79.9028027136244,4
-6020244937052389762,1,82.69625945321032,8
-6129232009395681058,1,81.3681119400417,7
-6204192188019061097,1,80.62520625734413,5
-6354136896546798244,1,79.3256665859191,6
-6422815315583024240,1,82.53524147900156,8
-6438956369328770266,1,83.59511812987425,7
-6530260961284873177,1,72.17550735913743,8
-6585778506458017115,1,79.64166772057756,7
-6602190215313763098,1,79.08008105798004,6
-6699176851007908215,1,80.48364508643408,6
-6711640095756466884,1,68.39710421666796,5
-6766795895103717259,1,81.80563979793956,8
-6824997073638208038,1,80.91369948466163,6
-6928034254594521056,1,74.14273284560144,5
-6992494290758883434,1,71.55951886455009,7
-7050776872515855067,1,82.83720892248016,5
-7102450533839492373,1,79.958605725057,5
-7236143654015361160,1,82.054617393862,10
-7405350620037253862,1,82.2599007966738,6
-7500917816917864558,1,82.22908962030903,6
-7514637525470469750,1,81.24953329143223,7
-752276786321322618,1,78.1724482599331,7
-7660887435460559051,1,72.27487573566083,6
-7747885648554746432,1,71.39270535445279,7
-7770092002819342037,1,76.25751133302275,7
-8027179493469952343,1,72.2663669059,6
-8039550106613553938,1,80.1625356004857,7
-8131772497238464015,1,75.50194540875951,6
-8164518276082598852,1,81.80563979793956,6
-831569704110003430,1,76.28654703641948,7
-8358571357622246031,1,78.47413385342595,8
-8387660898113729642,1,78.41229527762442,7
-8536620705879151534,1,82.13173070568763,9
-8623029077491343810,1,78.23262276650281,8
-8730499572346220695,1,81.72366533503995,7
-9019607673090730365,1,81.99316441138859,7
-9026371666460092747,1,77.05343906611955,7
-9092240960759111408,1,73.09794968582761,6
-9145390188095000103,1,65.41536984923916,6
-9199864081130194048,1,70.94366012406957,5
-975317891266166270,1,79.0429273132342,5
1023406923834152020,1,81.99316441138859,7
1074537277846098196,1,81.80563979793956,8
1090884415192643246,1,78.13667268703485,5
1098489750846450632,1,74.61741875302612,6
114619529190721675,1,81.3979684976786,6
1178430402817838646,1,81.8634560818844,8
1189727689799658772,1,82.92574674189659,5
1198889405316862604,1,77.46555951688023,7
1240511853027804043,1,80.98843003994355,11
1299750956305222952,1,82.7111868448849,8
1301475379434489575,1,57.41025809246058,5
1378691862862438156,1,77.04404580647169,6
1537996802837104777,1,81.58942191839053,6
1599927652035867405,1,80.30020026441598,6
1629180192157073012,1,78.37342256028528,6
1644900758695891236,1,82.28755005460309,6
1838850109792416753,1,76.99027538688546,6
1910421991652829553,1,82.24269624450992,11
2040438202386560792,1,74.38313938303195,8
2102443278112831079,1,81.60037633614098,8
2129809947914022787,1,81.99316441138859,6
2137257773166857346,1,77.27763974752786,7
2239823040277735319,1,75.56689271025412,6
2280781456163619966,1,79.52040177843405,9
2309071219544700964,1,73.55398491479531,7
2446574874368172934,1,81.02140822622545,5
2719707717212053157,1,62.48589426398253,6
2741556720205303224,1,81.99316441138859,9
2796903602825979536,1,71.53988677422011,7
2885699876589331866,1,77.07113096868598,7
2962666737867345904,1,81.17893887665294,6
3213640378832153504,1,70.73658359882629,7
3259899852719743461,1,82.22908962030903,6
3386403082295694701,1,71.94805671448829,7
3471060247311635100,1,77.08189957638562,5
3544360577550196138,1,77.16734856864659,5
3546788436039368064,1,87.12001529619515,6
3574298191131764819,1,80.24179194403071,6
3586825847464836856,1,81.99316441138859,8
3591945728034809755,1,79.81148220376365,8
3620729236072354841,1,78.41229527762442,7
3782052460762716195,1,81.08737942293718,7
4084686625038871720,1,78.02199935797509,7
4093152238838295194,1,77.38121566629941,6
4176834457140748394,1,81.99316441138859,7
4325557686291634823,1,74.63670217862843,7
447222059999641248,1,65.07941934236601,5
4561005230500856740,1,81.99316441138859,8
4842208398263245083,1,79.67983737352601,5
4852295807765480098,1,60.934365244086024,7
4896647133961863520,1,81.80563979793956,7
4898145214704881578,1,59.06693598800108,7
4939386520866996247,1,76.93133317014916,6
495178552666872440,1,78.30946897563291,8
511018684120604067,1,81.99316441138859,5
5121576441536118259,1,70.50588304210913,6
5172759042470834479,1,81.4723738575958,8
5232456738391662196,1,80.11413086124674,6
530345822967894061,1,83.12883754668941,6
5309803019446138191,1,76.04557250886481,7
5312446970699656970,1,75.20525349741452,6
5320736644552673608,1,81.80563979793956,7
5379511475147342820,1,81.21444676807187,7
5380231888246580592,1,81.72587860577353,6
5475877427741676908,1,79.08008105798004,5
5513173394062671660,1,81.53808975847733,5
5609293372375247595,1,79.99647953580457,7
5618126363054710156,1,83.55656842936597,6
5685330279591766980,1,81.99316441138859,5
577110701834728758,1,80.3625914329849,6
5835973668018039557,1,68.08155802949783,6
5892289090025265749,1,78.41229527762442,8
5938885058581334730,1,81.20478816997297,6
5979182763520941310,1,83.14124076778573,8
6004121164448370961,1,82.22908962030903,6
6079041859978219180,1,81.80563979793956,6
6132880966042845727,1,79.13440677339689,6
6207890877132628045,1,82.5171049906203,8
6302408864264805884,1,71.96252149026667,9
6494638087515605397,1,80.9941829184335,6
6689696171830582465,1,81.99316441138859,5
7006581699201954250,1,81.80563979793956,6
7063731227367330583,1,82.2599007966738,7
7129216142000252611,1,72.65879856641907,7
7275737276129978196,1,71.96695941994956,7
7368502948550093171,1,74.23496149318359,7
7396263459578960448,1,79.18230310989775,9
7427509262410620899,1,81.36630199458294,7
7480707022951695552,1,79.85169185434444,8
7488937357257893375,1,62.35271595539208,5
7538060153574508823,1,73.55069403890204,9
7584571493757068995,1,77.47737059685164,6
7690425622546849075,1,61.527222346563086,5
7695262856059542915,1,81.976059666818,6
7746279457956801420,1,72.84317557149238,6
7784430562521478699,1,82.272448584072,7
7879122305732499490,1,82.24887845836392,7
8035414829142100267,1,78.41229527762442,7
8112562675843440149,1,71.58009039681224,6
8257407179708148752,1,66.70569389752097,8
8269812135696097349,1,62.52337401553337,5
8291654314503371645,1,73.04079202644589,7
8311052109282466718,1,80.06064295781403,7
8401788301588774579,1,69.17211743986527,8
8434277527016702047,1,80.1454358504032,5
8554721282818506215,1,69.49029811246272,7
860154424532315603,1,81.81741705085982,6
8643122201694054820,1,58.73877376316093,6
9033094464364994905,1,77.24358969175904,9
9101518012234561119,1,60.727785109055404,5
926954766593964346,1,81.80563979793956,7
98262964342640738,1,73.34623913930304,6
