y_true,y_pred_proba
1,0.6674139054370563
1,0.59241092216996
0,0.565506447410745
1,0.4417649572745972
0,0.29083275602306097
1,0.3840387231102959
1,0.7930462710799492
0,0.3823336457816111
0,0.7624360474649589
0,0.24632658035511384
0,0.2530035805767316
1,0.5949479598519678
0,0.602880265536367
0,0.21704830924800717
0,0.18451237318744837
0,0.6111707747589284
0,0.30610601310575536
0,0.5952802776625417
0,0.2551444263221501
1,0.5841634690104957
1,0.38683062655602884
1,0.3363126398655565
0,0.2809781332865352
0,0.3039618514888428
1,0.30569826241258047
1,0.23979621548778954
0,0.2969245776069638
1,0.708064033825122
0,0.30579644417582796
0,0.7183089217410223
0,0.2893402307285738
1,0.380941028596376
1,0.6011481388785649
1,0.3596804022139169
1,0.6718573331280303
1,0.5018998027296877
0,0.21177310153064557
1,0.6558538987561432
1,0.49283663229696495
1,0.5915273291649863
0,0.3157272709853216
1,0.4122510988999401
0,0.49260093521744075
0,0.3857704296235715
0,0.2538413305944282
0,0.23684276897430565
0,0.5485218475440028
0,0.47222749388032276
1,0.5784503195962586
1,0.3260985283244943
0,0.29481518449235916
0,0.3473459203947111
0,0.298453951725529
0,0.5128463740662471
1,0.42592787079418387
0,0.525459437657665
0,0.4843850689943921
0,0.6351376353387931
0,0.32775594215822146
1,0.5690342292067979
0,0.4769779498515712
1,0.5485453177190781
0,0.5189813460171835
0,0.43091947378429263
1,0.7741264713774533
1,0.5800445231603507
0,0.7995938171722572
1,0.6873567273614773
0,0.5224381395187346
0,0.5051446707599732
1,0.532535044164418
0,0.5376970914343921
0,0.4126773058901923
1,0.5419298284115113
1,0.3580650508260928
0,0.5205746970547012
1,0.49765097226149346
0,0.5315845985568938
0,0.4660021782525876
0,0.24255809634053815
1,0.6798260671890696
1,0.5843669796267573
1,0.44000929043717457
0,0.5651319359007093
1,0.5043782220075139
1,0.33617959230955224
0,0.2426734310376812
0,0.28537359510988797
1,0.24124363019476266
0,0.6460904684812181
1,0.5308165930851395
0,0.6724283917892271
0,0.33022012736759215
1,0.5202259060440214
1,0.5991347589383338
1,0.27241625614876624
0,0.45465587438822175
0,0.7505268003590364
0,0.2594016713077981
0,0.5167329194694715
1,0.31499389007922896
0,0.37690829312037627
0,0.49825331513160726
1,0.7197975641471465
0,0.31916476713035047
1,0.599357168336822
1,0.7708375708074079
1,0.5109552163546578
1,0.252165172062057
0,0.2284224596290201
0,0.2007449046659647
0,0.5729428445255401
1,0.6558430268370281
0,0.2729646701014541
0,0.42777711556095127
1,0.6784824435129643
1,0.5463551850155072
0,0.2474502282376842
0,0.2501564437723463
0,0.5390992630475825
1,0.6665622239222643
0,0.2682727937354567
0,0.32985454399949377
0,0.5070133842621222
0,0.2723095932640758
0,0.5005209622970103
1,0.7016636721032117
0,0.37904875216768524
0,0.3996388344282921
0,0.24555050620767815
0,0.4481501606659056
1,0.5056920721401895
1,0.33305605486365353
1,0.47240868840286265
0,0.6402689886819214
0,0.37049718927404773
0,0.48584768137755796
1,0.6778131669281537
1,0.6746222075023258
0,0.3151636859894258
1,0.7060640540013127
0,0.6296238713911045
0,0.28188490572009517
0,0.2823352883048938
0,0.551263392829537
1,0.5548537912127979
0,0.5448224224167801
1,0.6394100652190764
1,0.6434536980171058
0,0.228242692812726
0,0.23529852590794206
1,0.3418213286132911
0,0.45099927869988193
0,0.4948990795064965
1,0.38273174180709457
0,0.5286586299497023
1,0.5463755997515394
0,0.43001804925564435
1,0.7168704993774466
0,0.28527051594573155
1,0.4558317083795998
0,0.36441480493783396
1,0.5238244093452719
1,0.5019901049104286
0,0.5419379670098098
0,0.7274246122579446
0,0.738235685255543
1,0.8256598544605352
0,0.5522300751763924
0,0.7324250049415283
1,0.40413183678779263
1,0.47857593759856626
0,0.6798808510461052
0,0.24142858950652826
0,0.47630916984995236
1,0.5551870127408159
0,0.6556958256950087
1,0.40804779693991483
0,0.6965985079042083
1,0.711084549815639
1,0.6245801982009568
0,0.4930986503607533
1,0.3633552994326239
0,0.6810703370838544
0,0.43685861677368015
0,0.2957218585655872
1,0.45052296375143613
1,0.29269465672225814
1,0.5324710078763045
0,0.48116123307105146
1,0.5490258019472143
0,0.252516704003507
0,0.28307166297623704
1,0.6886804471478867
1,0.34238623533851714
0,0.5777662883565801
0,0.22125985992142697
0,0.677547547764511
0,0.7016549717465721
0,0.2585967867441646
0,0.28383483922945035
1,0.5429540937468438
1,0.537439528807638
0,0.23851772730717924
0,0.46910927588358947
1,0.7804156759011047
1,0.780141823275536
1,0.7993772438524884
1,0.5785576027138921
1,0.31880676742332975
0,0.290877882375846
1,0.6482283436471834
1,0.45581668857020463
1,0.35734021406736993
1,0.6118188966565778
0,0.6832374954134416
1,0.4350105573875558
0,0.318166416923594
0,0.6474849442691906
1,0.5205396635822068
1,0.4074672620045832
0,0.5034207369334932
1,0.44312965098272095
0,0.5925272182530094
0,0.2772697869877119
1,0.6127759889341358
1,0.5529843320935972
0,0.5770775454869383
1,0.6798363897435412
0,0.4792520292280979
0,0.5249838158035914
0,0.5498955519167911
1,0.6018137416746614
1,0.5065146938981787
1,0.7529906609271129
1,0.34366499570991726
0,0.49401752811616984
1,0.48232592891136833
0,0.5858074845717741
0,0.3730358419125885
1,0.8035049603824809
0,0.3293777519863743
1,0.27379296716356016
0,0.7435634005587841
1,0.6230312202969068
0,0.6058925523639257
1,0.6715285017158491
1,0.5482324084210749
0,0.5348079146785232
1,0.45839033605387397
0,0.41250985710565247
1,0.7297380415666203
1,0.7600100527700612
1,0.28286905967360154
1,0.7645592919978249
1,0.7607787922501739
1,0.36009989624580524
0,0.6682876557259333
0,0.21129881874292764
1,0.7491718226776736
1,0.2689222761461054
0,0.32968074927105906
0,0.569322285404477
1,0.6356887710260464
0,0.36417886553716117
0,0.4240635860404632
0,0.4470771264029954
1,0.41207562735754577
1,0.651337158834826
1,0.37425566855614006
1,0.39002783526069656
0,0.4405732806029749
0,0.5215497214734591
1,0.49580665995777384
0,0.5409345177475469
0,0.7760594831523219
1,0.5163116299922706
0,0.2972682902865374
0,0.6724874852820012
0,0.3486281687216388
1,0.5058919001318797
1,0.259988334534315
1,0.6123282304219511
1,0.7800775246822012
1,0.7251902250720553
0,0.6106482693511665
0,0.3574358334495933
0,0.5775302350123891
0,0.7466857967812055
0,0.28215828027897827
0,0.6298151116978569
1,0.7743099131571763
0,0.4159979484005766
1,0.8527028164656368
0,0.35163445812771843
0,0.23211627747596406
0,0.5578656159150236
0,0.2641308270255757
1,0.6309624476248898
0,0.5019303563803645
1,0.5490562786636795
1,0.6706573006976709
0,0.7072326201741049
1,0.5986346408273732
1,0.5365034163915977
0,0.2996120726022296
1,0.5322867919657008
1,0.4088384924548194
0,0.2706682435596234
0,0.3125040989133965
0,0.44127526353419005
0,0.5317284637171757
0,0.5975699528457753
0,0.2937993841404984
0,0.3705518006020749
1,0.5448658264229984
1,0.34333241236793965
0,0.7228693924398575
1,0.6280413683771423
1,0.33779614051743995
1,0.3725323237889954
0,0.5401082207836272
0,0.49846442072267383
1,0.6715021173034011
0,0.6017708207906324
1,0.45538406311045343
0,0.3542447612347843
0,0.3227891860791284
0,0.3330963023399067
1,0.3030640264788251
1,0.6581432869714784
1,0.6689083060435637
0,0.47179485991157316
1,0.6086567306002042
1,0.4665045240835544
1,0.5949357196845266
1,0.48872491268325086
1,0.605236467077613
1,0.7442841605652041
0,0.23509529069895693
1,0.41874061543072527
0,0.25371875762230206
1,0.5895493351930373
0,0.228239443929958
0,0.7400906968010971
0,0.26681232757682155
0,0.3451869866037161
1,0.5298425723451896
1,0.7040824485067104
0,0.5904557800461169
1,0.41210015808484657
0,0.2714676437978662
1,0.6502141982558399
1,0.477608480010763
0,0.2649940470367345
0,0.23260143759269955
0,0.31455132735956365
1,0.6763415258486323
0,0.35408853687997877
0,0.7509071463899805
1,0.4770788677014455
0,0.2616717927142625
1,0.7133400456451219
0,0.5236045270641911
0,0.23614552528651786
1,0.38001650859529845
0,0.5665115497461493
0,0.22907219647064164
0,0.6493140311353887
1,0.30453775719386655
0,0.5459719472064877
0,0.6096360841916004
0,0.6940611203397754
1,0.698081662905226
0,0.6051636892525997
0,0.3248835998787634
1,0.7055050726691284
1,0.7541314466449552
1,0.6683476342903311
1,0.6602460080668344
0,0.37463422624026743
0,0.6831702959073203
1,0.6164168654565937
0,0.3564454268830784
1,0.6583283456513062
0,0.41238790907241246
0,0.5682291970333462
0,0.4144440353864941
0,0.2684932104761272
1,0.6883170254110449
0,0.44236524229434915
1,0.7160711897517231
1,0.6087463038442534
0,0.4491882818477905
0,0.6719651413111364
1,0.36502963157659574
0,0.23702429769890337
1,0.6671069160364608
1,0.7842364890436186
1,0.5555811829538845
1,0.5851327406370155
1,0.3672658552134493
1,0.4363754573169595
1,0.5539920260650951
0,0.49941131059331684
1,0.7254873167723793
1,0.6712179932015946
0,0.3648244068023581
0,0.5165499634530293
0,0.3139413951168623
0,0.6557254637881557
0,0.6171819096260104
0,0.1949286180606491
1,0.47764830767383876
0,0.20530646417446638
0,0.7219406009705466
1,0.6939539401392166
0,0.655812814542243
0,0.3517742222460614
1,0.6627970106752072
1,0.7897401025097729
0,0.23780694925928186
0,0.2851507612859699
0,0.579456323860248
0,0.27923783272878283
1,0.7209022804868147
0,0.47260040059516983
0,0.25745172343580974
0,0.6288941548371368
1,0.5441292596876629
1,0.2846364941962102
1,0.7195801473347666
0,0.31286380331654584
0,0.30895363245393775
0,0.3936521435009572
0,0.27018061082714384
1,0.7151483992586511
0,0.34521357634071204
0,0.6430390573511896
0,0.30306911929411895
0,0.3425788869191958
1,0.5784281317680179
1,0.4203294610863453
0,0.4135558400921662
0,0.27499881146574295
1,0.853000504238903
1,0.4387881038460939
0,0.42487650034296787
0,0.26612321325846755
0,0.5566246994238541
1,0.48159131239308217
1,0.7671055942393306
0,0.2408961582479384
1,0.7822541832211499
1,0.7361726154064615
1,0.7000989395560931
1,0.2799558743718155
0,0.31492353883534824
1,0.4857884773680036
1,0.8303678480315985
0,0.18118821998188353
0,0.5160397688068095
0,0.48931813701733695
1,0.5598964521265477
0,0.3254268293058078
0,0.33154580210432555
0,0.3962926584559142
0,0.4916243967809836
0,0.2841589656011321
0,0.5700583105908636
0,0.4065678648558242
0,0.643801315782799
0,0.5986947472333114
0,0.7044415454847296
1,0.6074172795252423
1,0.43104764142396745
1,0.511985648088213
0,0.5632494527443196
1,0.6717493998425198
0,0.34784116445322544
1,0.5991728246840139
0,0.33365602363425617
1,0.20917405975125786
1,0.6425569941363557
0,0.337075140129074
0,0.4802766289907777
0,0.5538406834480786
0,0.5171036877449132
0,0.3581920971000772
1,0.5821979643465515
1,0.6676720576416463
1,0.7199015755659294
0,0.20960496309244547
0,0.42133958250967213
0,0.6116708197656558
1,0.5049554492951802
1,0.6388215615372468
0,0.5887411881364498
0,0.31840721048062803
0,0.22167483906288082
0,0.20518643833059316
1,0.6041776544654474
1,0.5605950448377209
0,0.7105777847240888
1,0.6986701891910422
0,0.30534286266883975
0,0.22169244059929985
1,0.5478435361121279
0,0.506595416182287
0,0.4140336808612117
0,0.2693321668254136
0,0.7060205906262818
1,0.7787485558975293
0,0.3305934531264796
1,0.7531455485700925
0,0.6334709787155748
0,0.40075456173906315
0,0.61840712831212
1,0.6017970125940197
0,0.41086726126297685
0,0.49470838772216014
1,0.7350570451649107
1,0.8133620809634694
1,0.5424257491352968
0,0.38338209882811847
0,0.22681104577648614
0,0.6567775857886412
1,0.2755489537345953
0,0.27382572765688606
1,0.7393281235988629
0,0.5651744798820061
1,0.7801430542492902
0,0.19096166480135587
0,0.38115757568362585
1,0.6777475917292344
0,0.2819050103141722
0,0.34779245521154994
0,0.5605682455189945
0,0.6305621239574001
1,0.5254053128338131
1,0.5375270700469499
1,0.7500915269800482
0,0.7615982251753697
1,0.7409949473817874
0,0.306731686954984
1,0.5718467691840566
0,0.4878849858725944
0,0.26862332497093555
1,0.6742160238338311
0,0.5965345213300386
0,0.7793136519822654
1,0.34501163575060273
1,0.20729064093593164
0,0.35527039028978946
1,0.3474407325438846
0,0.25083792490061957
1,0.6331876313278423
0,0.6677695548809559
1,0.653346379679665
0,0.41406881829594167
1,0.6254960990966418
1,0.6258155151820689
0,0.42844879112669
0,0.6245269025422824
0,0.285807451458219
1,0.42339684751964757
0,0.2599189014219932
0,0.690052951445012
1,0.6096351080527571
0,0.2882059458039
0,0.28196031195076987
0,0.2439633961345763
0,0.6160164329112072
0,0.31142117311966094
1,0.4665653620144007
0,0.6480334481561432
0,0.23662136800455033
1,0.7107825782119948
0,0.7979384833345781
0,0.7224953209967242
0,0.6820334504250356
1,0.5309917737256887
1,0.6607924078815858
1,0.42285960400111977
0,0.5810433787787054
1,0.3972331978461214
0,0.583285371056195
0,0.43230159601562596
0,0.6698366297566105
1,0.2741898971444023
1,0.509247583632879
0,0.5019595489518984
1,0.6365101682970074
0,0.4807065488777965
1,0.6569573405541904
1,0.4640513726756512
1,0.8034074818481777
0,0.612903634817094
1,0.7529149988267168
1,0.59785860394792
1,0.45075282867348504
1,0.6305144288960249
0,0.2330000876273583
1,0.7343930527805753
1,0.5915074350817241
1,0.45514133854521627
1,0.6230843623400663
1,0.6642372319321185
0,0.2757661103527292
1,0.40118830314687304
0,0.5731322089606753
0,0.28152488048018404
1,0.39078375479575084
1,0.8147366882691313
1,0.49517530196595705
0,0.37067150434799045
0,0.4003655013168233
0,0.4271587891606713
0,0.2631666675505924
0,0.4946654945034459
0,0.2600472948148665
1,0.7435969529980297
1,0.4679806581919265
1,0.8665914885762683
0,0.431741228459353
0,0.6159614609244268
1,0.5596467611359417
1,0.42857522281851707
0,0.18090168616962207
0,0.28502239920019257
0,0.42298371438718857
0,0.6249897972802992
1,0.35535668651074087
1,0.3114982975594237
0,0.4385754332260646
0,0.37920226674936364
1,0.7257370077531278
0,0.37085724691312755
1,0.5496196848771872
0,0.5615425868324525
1,0.5487239791322989
0,0.5824828144083456
1,0.5953388736019523
0,0.4292252805003807
0,0.3057365912193421
1,0.6631322853753147
1,0.7039148103284614
1,0.5007804030590307
0,0.3227612620182423
0,0.5685411103360067
0,0.44893550920953273
0,0.39147678383787327
1,0.5429221656355451
0,0.2907003239951854
1,0.5456930328302296
0,0.28585821174022313
0,0.5571962783205773
1,0.7578189837522051
0,0.3423172312936601
0,0.2043667442312671
0,0.3160609010838693
0,0.446394817279522
0,0.30339299365587546
1,0.33158325966125207
1,0.6995582620880925
1,0.678799054842941
0,0.7906492401844333
1,0.28154297950251683
0,0.32499627995226643
0,0.390740341617921
0,0.45536658532857005
0,0.32861645732633027
1,0.5531895865832296
0,0.4180067113237975
0,0.5838551875308204
1,0.5297101451147108
1,0.2920280645534151
0,0.5539159673142465
1,0.5949048274714379
0,0.5798778410303457
0,0.5039525595286981
0,0.34456793274990327
1,0.5026875818777659
0,0.6510496097422241
1,0.5821153418041264
1,0.2550721988484545
0,0.5384472633654792
1,0.7386371077025247
0,0.37046299180217956
0,0.5079451995113593
1,0.6260519706416442
0,0.31199383407608555
1,0.3177949752006885
1,0.661389247423074
1,0.45928205765437113
0,0.6653296405339333
1,0.6602138763370948
0,0.5993282945006312
0,0.37041933631003215
1,0.7265022186832076
1,0.5933737288077898
1,0.6888102062463071
1,0.2779023499839113
0,0.4552847076857901
1,0.48373235371588513
0,0.43482969125790105
0,0.522673986726098
1,0.42981653749772103
1,0.7336732061577085
0,0.359558562520616
1,0.3436883690558334
1,0.7564078858812373
0,0.3843751243827983
0,0.33238635785627396
1,0.6830279011569983
0,0.695535145238369
0,0.7719344899371968
0,0.24772436585929433
1,0.6897964745975371
1,0.6703123554382661
0,0.42172814983993007
0,0.2740703708533824
0,0.6621597958988553
1,0.6424097225985694
0,0.29459105829968474
1,0.5948068677706176
1,0.7097809141219665
0,0.6102590326131759
0,0.27810499264485905
1,0.7113672172430016
1,0.4119175395053732
1,0.5264867738002232
0,0.3049764310975358
1,0.5368062965956278
0,0.26221051331857287
0,0.6753742697705759
1,0.5749527942445751
0,0.511153319844184
1,0.6393887807895681
0,0.2967051562094843
0,0.5148352312965092
0,0.33235610151714173
1,0.5511986012891269
1,0.4767884739961194
1,0.5500410810799612
0,0.24995481412400944
0,0.2167406495342792
0,0.5106065451635615
1,0.263977392049032
0,0.5196869592695567
0,0.2987330572622484
1,0.755755827832192
0,0.5430900484161206
0,0.20391240685547452
0,0.294867824245483
1,0.6180656389525226
0,0.35970063423543097
1,0.6399916478247367
1,0.38818128461409457
0,0.30907887082775914
1,0.6787450970117165
1,0.7606898073809762
0,0.28679623936155696
1,0.404702808385344
1,0.6702817463324184
0,0.7627056816108972
0,0.5426204578419922
0,0.30437199427840156
1,0.684663618759148
0,0.33101559163515865
0,0.5640826077966867
0,0.32831443282296635
1,0.6765993639043287
0,0.7079375729198417
0,0.5928352805333286
1,0.707948022669506
0,0.49367373326825603
1,0.6235771929302109
0,0.29105938217217037
0,0.2889632240200935
0,0.4992346515267198
0,0.38572678749562234
0,0.4245945471780567
0,0.6161874610126268
1,0.5002385109738283
1,0.6123881461453565
0,0.35310393984921434
1,0.5777664431722045
0,0.6347552965647791
1,0.7158406738227721
1,0.6799805875228577
0,0.622096556728243
0,0.7042319764821087
1,0.7648983885988172
1,0.8114196740700179
1,0.6533080349659357
1,0.6017064995114209
0,0.6496282500664726
1,0.4221768237581585
0,0.24602748526160406
0,0.26691233694545957
1,0.8237228607543415
0,0.2841748417502502
1,0.7126565094556417
1,0.41580171895731377
0,0.24801994302859937
0,0.328803177278053
0,0.4488161195316835
0,0.286729579993926
1,0.33046391735923114
0,0.3510606021664407
0,0.545455986349409
0,0.553382020253831
1,0.6473480315158358
1,0.33067390941164815
0,0.5075074756821977
1,0.6733376075346608
0,0.20917088146692323
0,0.2329562933780887
1,0.5969167246970872
0,0.49050969515319687
1,0.4180383216239349
0,0.3117638533072908
0,0.6062420152126681
1,0.5173555374111947
0,0.6292599013391986
1,0.5248557105374644
0,0.4650598087770286
0,0.6799043510808986
1,0.7539517848115246
0,0.7720512326960449
1,0.5913461042358874
0,0.3506053622616134
0,0.48896679518476216
1,0.36787872665402427
0,0.5049026493750798
1,0.710107700788779
0,0.5300496163837476
0,0.5240825244859428
1,0.3006621465060109
1,0.5534829825270408
0,0.6412130822495142
0,0.5727827706277655
1,0.3738935475167865
0,0.3106354588118649
0,0.5616117026721773
0,0.610968850528781
0,0.3669781412883402
0,0.5426684691376151
1,0.6135533290249894
1,0.5009434242524161
0,0.7622959080237077
1,0.46833914592455855
0,0.5280582341988119
1,0.2505363141747719
0,0.668920273403767
1,0.3754395269551987
1,0.5843599328055168
1,0.48040255134040427
0,0.4023281616397707
1,0.48294826339305097
1,0.6205936304627395
1,0.5644341817031291
1,0.3622870048991299
0,0.39118386271245476
1,0.5011439936864537
0,0.3658664919338918
0,0.2968161618054733
0,0.24512757808829713
1,0.3496420546623996
1,0.8183524663774484
0,0.5460276726878243
1,0.2389447877337946
1,0.4232082872892675
0,0.5626235750827666
0,0.32059049845240256
1,0.5456464194436795
0,0.5563724802236891
0,0.6528331596186222
1,0.43829704456722385
1,0.5544220967264268
0,0.23719102795339572
1,0.39043367769631454
1,0.5774998206050639
0,0.28689060257285987
0,0.8005877919114214
0,0.6149602029403068
0,0.5438278286330361
0,0.6786059062492038
1,0.6277746156549803
1,0.36273508396733545
0,0.26611431904190325
1,0.6587419489519122
1,0.6654070316128518
0,0.3658648149417474
1,0.6222854510133968
0,0.29021899646136723
1,0.6035279764839643
0,0.5680123156714412
0,0.48723965525253515
0,0.4017685391591616
1,0.5934188264904618
0,0.31567995725698084
1,0.38098961663766373
0,0.3582480643132085
1,0.28581603405303174
1,0.6852247827290023
0,0.1809895718448178
0,0.3976490659462577
0,0.4304461674226901
1,0.29833255583767937
0,0.7506066004743882
1,0.595952737217645
1,0.7272143681616287
0,0.5203195727318023
1,0.4995701156876079
1,0.32009317320820646
0,0.40484714236759034
0,0.7086622637884363
0,0.3329455072343097
1,0.6495339148916448
0,0.5137101554312548
1,0.5887831018288967
0,0.4842678283344089
1,0.6108287098439084
0,0.38490897403531427
1,0.5061954063646905
0,0.5079369782077399
0,0.7767612618024159
1,0.706329598299689
1,0.7587855303729069
1,0.41787906554130844
0,0.49940728702091863
0,0.5754679591891243
1,0.6807054515444211
1,0.5618128599082055
0,0.6585567582607346
1,0.2771042501863177
1,0.24453425183956773
1,0.48487934413933975
1,0.3970186502473866
0,0.20844816912957992
0,0.21872029928049092
0,0.2578332171549785
0,0.6897606265262711
0,0.46287830530635826
1,0.7696556854948152
0,0.45816535280752824
1,0.6199220347063001
1,0.6736152157953291
1,0.5542462626471317
1,0.6979691039835625
0,0.32220515200887995
0,0.5664943316391402
0,0.23118432539807993
0,0.37079578763296694
0,0.26951596566128316
1,0.4120251155355837
1,0.7424319492958092
0,0.2396205799212185
1,0.3696457748161872
1,0.4525536992904202
0,0.2901667150805352
0,0.4075666554270995
0,0.2587445294146795
0,0.3402516365167657
1,0.7112172058108676
0,0.37799868963399375
0,0.2876351951242361
1,0.31576036103302824
0,0.4460883617588044
0,0.45988894844756634
1,0.7434821752138125
1,0.4081947207702186
0,0.6801668872390498
0,0.26327366092044535
0,0.3350214911952526
1,0.6640053719128346
0,0.5129114236035794
0,0.3082799896957138
0,0.5393371903526306
0,0.28032881171335067
0,0.42600263420836826
1,0.6925969642806246
0,0.3618642797432043
1,0.6250028845377169
1,0.48027917882978904
1,0.4182941082562041
1,0.6956818174194056
0,0.43766069799243795
0,0.4907855954132044
1,0.4158560268927038
1,0.6949773355650246
1,0.6763848703044458
0,0.6448058992789195
1,0.6613716674946672
0,0.21708811652535104
1,0.6001642850818228
0,0.511233537524975
1,0.39046935742535016
0,0.6957769235376502
0,0.6967194203683816
0,0.4997139843339202
0,0.6617489340839618
0,0.4799720604915802
1,0.7088341618901447
0,0.16651209248009852
1,0.6840489211237075
0,0.39633894538529685
0,0.3157666658512746
0,0.34411965648487686
1,0.6602216726574848
0,0.4690594616921481
1,0.348494681774496
0,0.5425098665692076
0,0.6244034778346742
0,0.6830964776375142
1,0.4215954738939502
1,0.4144236783352542
1,0.6840988639079942
0,0.27095607574569625
1,0.650409518779445
0,0.30761589957095803
1,0.6510012115470616
0,0.3858416811509398
0,0.399668820292765
1,0.6666556970456717
0,0.4266475294343601
0,0.5089442318412027
0,0.40633566627648976
1,0.7929644064221717
1,0.6009642909497794
0,0.23412654645170583
0,0.5879029180421551
1,0.4947059086741792
1,0.36469782834739534
0,0.47041145855259475
0,0.7025489803563799
1,0.6431744795067555
1,0.33480218905103565
1,0.703834443868442
0,0.2567298097296146
0,0.6616375454030866
1,0.5711407925353289
0,0.41692044212859514
1,0.6221838184437664
0,0.5846038869930411
1,0.7575909103635878
0,0.7380045887411038
1,0.7123422987995734
1,0.7430912610993813
0,0.23356122189500442
1,0.705659281364242
1,0.2042178431893331
1,0.6322933333910213
1,0.46140773727295353
1,0.29425706914294564
0,0.7541920639894568
1,0.6721111322455753
0,0.4007889788746607
0,0.27852810115278487
0,0.22935146084325173
0,0.36332843671404635
1,0.26642175158083004
1,0.3568459384543161
0,0.3341441877068118
1,0.7426906257104136
0,0.23926940701495356
1,0.3509275989629118
0,0.6521673866166744
0,0.5843084010468697
0,0.33694356003225384
1,0.5022469449244159
1,0.3496946893283982
0,0.42158360603000117
0,0.6716709635748559
1,0.49166838491064746
0,0.5574237354729731
0,0.6718632289935681
0,0.5267346502936366
0,0.4016100215568816
0,0.401049853743915
1,0.5739049607879652
1,0.3341566808235642
1,0.38260735819845887
1,0.5702194927220927
0,0.3964909906906759
0,0.45327138675490464
0,0.46833629418028355
0,0.4794117305679143
1,0.5698360918734126
1,0.4380921271490001
1,0.41231950271754286
1,0.6666225685185351
1,0.4454195742743698
0,0.2977806328102422
1,0.7403647041917369
1,0.7350774743367543
0,0.6273609617740539
0,0.6516400627483506
1,0.4720598261330611
0,0.20391814136648234
1,0.4302016637188614
1,0.7297977702830979
1,0.5547314510451797
1,0.31499058372887634
1,0.604788489449728
1,0.32767444567916215
0,0.6469468304477891
1,0.7149567934987033
0,0.3952932254343662
1,0.7114393006198154
0,0.3655806456525536
1,0.7329287223932315
0,0.5568129358728245
1,0.6817893492335989
0,0.3755416377682298
0,0.4259865239800767
0,0.8293144305788263
0,0.4293111791347666
1,0.5823303244267833
0,0.6410075658159718
0,0.24447440759778372
1,0.7958471444226831
0,0.6000326368778104
0,0.6609735352791869
0,0.28688975093536817
1,0.6545800037723617
0,0.5287014068727485
0,0.5242444753188624
1,0.35496010647799736
1,0.46615683996417445
0,0.6035122113645663
0,0.5660215672350516
1,0.5136209759032194
0,0.2186722018702463
0,0.3113476927888501
0,0.7203666442858867
0,0.3140520382323618
1,0.6466114102494512
1,0.769788621270279
1,0.41334956199788164
1,0.8130267251488389
1,0.6472259234264365
1,0.5483771377808987
0,0.3195019140631671
0,0.19313770392276222
0,0.29894551868517144
1,0.5901865566685448
0,0.2955911934371585
1,0.4624136993091339
1,0.49018491964338073
0,0.37815376546810353
1,0.7709477563376654
1,0.5194446452218748
1,0.6836560177926966
0,0.29046123875517893
0,0.7477403939412726
1,0.300791673677338
1,0.3418503666102629
0,0.37286531443109483
0,0.5827824630537404
0,0.7489045738635356
0,0.44253014653124617
1,0.29596551946150557
0,0.48118757595976813
0,0.6269068195939015
1,0.4474393436865477
0,0.4913361453132441
1,0.6597443705699877
1,0.7882608506853882
0,0.5736645745722074
0,0.32138134342953645
0,0.3826846145958975
1,0.7208411196887777
1,0.22779043410615477
0,0.4408341624449235
1,0.6758470051274043
0,0.3859693312379162
0,0.561833984091607
0,0.7316185972724569
1,0.6183015303997854
0,0.4228215914828124
0,0.4779551588801407
0,0.3145916964565981
1,0.444359196004665
1,0.5509994425976193
1,0.37346739147688435
1,0.6165583220342351
0,0.1970409186359628
0,0.23400665700059103
1,0.467234517787268
0,0.4406972380422189
1,0.42864747603052056
0,0.5137002319721282
0,0.6992854253583696
1,0.4973139599348598
1,0.5432025066832081
0,0.39392913187998685
1,0.5760261885843988
0,0.613580644782617
0,0.5181005411387691
0,0.2656075530835239
1,0.6724245618725551
1,0.5108575221984905
1,0.7991068141300685
1,0.29934935054816175
1,0.7359782935225133
0,0.45859806165307676
0,0.5608154058385667
0,0.5101369863277037
0,0.2867497181850107
0,0.23415798484848682
0,0.5460800725210554
1,0.5772352567091692
0,0.8133021693606366
0,0.21024838199233567
0,0.23049534233879126
1,0.4918753272968838
0,0.5272454762952723
1,0.8545561061358996
0,0.6100077106318215
1,0.4855191405474325
0,0.33037788305033944
1,0.6620189909308244
1,0.4436596596296724
0,0.28704474127781726
0,0.38944198361319854
1,0.6189442665641374
1,0.6705288847007139
1,0.7007064923582628
1,0.6949170918587625
1,0.8482813480866721
0,0.462689879942582
0,0.38322047913806445
1,0.46963253981573005
1,0.37559021807425863
1,0.3401334198260141
0,0.5897009243418719
0,0.39811925119493036
0,0.6302397760458663
1,0.778795541488903
0,0.42524884224887916
1,0.7198425551776216
0,0.747261262901677
1,0.5486311518466876
1,0.5118074834700429
1,0.7455240631072906
1,0.6941421012174995
0,0.49575749459027846
0,0.29831849133251587
1,0.3556951582906684
0,0.33799053682707714
1,0.7516741125022873
0,0.5114353928168154
0,0.48885072656057443
1,0.6432439045828762
1,0.47271296187374245
0,0.5840025154159366
0,0.44882785827188065
1,0.5125125328519455
1,0.4018193485935296
1,0.7026882227762488
0,0.6372864181489544
0,0.34698794088395474
1,0.3609642627462458
0,0.48935578739868707
0,0.298835718532197
1,0.31193164140939683
1,0.6424083108448412
1,0.44136315494076644
0,0.30024199801742724
1,0.7342979611227317
1,0.43546624140946755
0,0.6010903440550913
0,0.3030025346475144
0,0.2155958100008173
0,0.3010643052295673
0,0.32133635016774487
1,0.2812612421454994
1,0.6623436017781599
0,0.3787815743422477
1,0.5512329818868017
0,0.2569448170949219
0,0.4717988267462331
1,0.7385752781156866
1,0.695857854315021
0,0.35484988015220376
0,0.5964384617412242
0,0.5391571941520266
1,0.670872592082146
0,0.36153552827055335
0,0.7468608019684361
0,0.6668073467120276
0,0.6516276870372134
1,0.5806251885985011
1,0.6054691608571479
1,0.4459863275141864
0,0.7170313145417703
1,0.5808539538379356
0,0.5766558133962351
0,0.6378001876604947
0,0.24559344885263332
0,0.31799993114891956
1,0.7569059164686199
0,0.6423264072696089
0,0.25056730229958707
0,0.3108776428393195
1,0.5360090817181251
1,0.43837584504443794
0,0.6703626020751623
0,0.6021817834071034
1,0.2772650898481447
0,0.27788713727054726
1,0.5283705586207813
0,0.2952742815270443
0,0.5645878603149024
0,0.7077487955760001
0,0.6080359125135203
0,0.42435381114339354
0,0.6869289853538806
1,0.32383321466661996
1,0.4606786959132334
0,0.6646875448475941
0,0.40968597407928486
0,0.5278735293810823
1,0.5279666939362022
1,0.6622492958400843
0,0.21788371083257047
0,0.5918814677708495
1,0.5263219733074429
0,0.23200199558557236
0,0.3165412382046921
0,0.36901659529208275
1,0.5826666821057443
1,0.6361110474923565
1,0.35287545468747616
0,0.44108098955061326
1,0.2646348676891974
0,0.6669880449059407
0,0.5712062030317095
1,0.4809238178833293
0,0.4400286725471865
0,0.5180964168997998
0,0.28687926799451496
1,0.5728694820020684
0,0.6888815030343607
1,0.5812884470677061
1,0.7683104422406367
0,0.5706927276341246
1,0.3329950717159892
1,0.33876981989342153
0,0.45902716792056614
0,0.3851690236962645
1,0.44797540417372306
0,0.5659964466806235
0,0.25577295474620965
0,0.49560499117050544
0,0.7038143360188419
0,0.2195273082743519
1,0.5268399834391524
1,0.5969957891237966
1,0.6651473228738063
0,0.2427516648074612
1,0.7241768908493835
0,0.6998072122690016
1,0.7069016580731924
0,0.5776768805662543
0,0.3583303855294471
1,0.30783008302261894
0,0.2481542599245818
1,0.6405883347036696
0,0.5570610444980013
1,0.27205627941463123
0,0.43118349487106133
0,0.5241215182059824
0,0.698076774563482
1,0.5096975218593023
1,0.6779391083759223
1,0.27398512326107416
0,0.3429808411669701
1,0.6161093675654299
1,0.6840817816541437
0,0.3530897056265433
0,0.6082665557920112
1,0.45195007138374793
1,0.43980382922709954
1,0.4921971252373261
1,0.538243593407729
0,0.3750184040275715
1,0.5105116726113492
0,0.792451926527366
1,0.52973979880304
0,0.3092723374612934
0,0.2883479669721946
0,0.23630616166337903
0,0.5266534170244037
1,0.6497202075055851
1,0.4275832485921087
1,0.5512619597354455
0,0.7088617887956314
0,0.4680317888436542
0,0.40219537683826717
1,0.7940489371882713
0,0.423740195914304
0,0.5721885644826261
0,0.6644220706840052
1,0.3704507093357066
1,0.3888861091205793
0,0.5653310046028195
1,0.5858654306343644
0,0.5121766228529748
1,0.2680810282319952
0,0.7734422763425641
1,0.7560147468589076
1,0.6297464890911106
1,0.4186983665082482
1,0.6729784115289007
0,0.35592241216218945
0,0.5039194332522784
1,0.540046881081916
1,0.6582213834054577
1,0.6700576792264005
0,0.40926177106659317
1,0.539466337267443
0,0.6848941028761781
0,0.37943172481546567
0,0.27630575120162026
1,0.5853052144735753
1,0.45879862165834157
0,0.6876517677712793
1,0.6751225493693406
1,0.4287631433174261
0,0.8164740677860493
1,0.7290772629471162
0,0.24580875697920854
1,0.6906505194007267
0,0.3292977599635207
1,0.44119322046983206
1,0.44672015248960006
0,0.28897304345275165
0,0.6269481392612969
1,0.3444157489131839
1,0.49199109580356504
1,0.30271496617778565
0,0.3615969577207878
0,0.5319603894551915
1,0.3834525580271892
1,0.7260323134467621
1,0.7142246789960497
1,0.30394967387780136
1,0.7107267872983927
1,0.6504287211870128
0,0.6211007751327214
1,0.4781259953173431
0,0.24644802831174867
0,0.5183885033459424
1,0.6674701517419415
1,0.6483476060966864
0,0.6222463873412525
0,0.40146125071924743
1,0.827086835061223
0,0.5502793022967631
0,0.37532549690803485
0,0.6551043725710294
1,0.6312226250525941
1,0.24275764425944568
0,0.3027188990259816
0,0.6149003747753261
0,0.48636529235603393
1,0.8618876739929974
0,0.29716953988780864
0,0.48899147433346696
0,0.5921380176120418
0,0.34319597797116175
1,0.8132441959273566
1,0.5390186596605622
0,0.546144852345814
0,0.46555624067931717
1,0.4349960821986584
0,0.3928986684664134
1,0.3400618983681284
1,0.5522386936602739
1,0.5655503185035559
1,0.43458185717224856
0,0.4669748883921254
1,0.34166997195453314
0,0.6527964076597398
0,0.6127630746675117
0,0.6222032678131602
0,0.4981771899241355
0,0.275003582489344
1,0.32122363542913707
0,0.496537858127794
0,0.24422885012739373
1,0.6991285613481133
1,0.4038905688596386
1,0.3084227575554104
0,0.43356922971268474
0,0.5337510502775826
0,0.46189211190045376
1,0.3690265042379783
1,0.7168022411601442
1,0.6081487913324841
1,0.3311887766368098
0,0.6210249864133596
0,0.572481939331219
0,0.3423809690772115
1,0.6517164001031827
0,0.4506023474631381
0,0.33565952423308687
0,0.4130736521347294
1,0.6934784136396762
0,0.33394641380564727
0,0.3685439373012653
0,0.41220988002072345
0,0.6298401462060361
0,0.4244106679007632
1,0.6550553452138164
0,0.6926172821633451
1,0.35652260518593254
1,0.4137353845230515
1,0.6670225606212478
0,0.583057280809059
1,0.28378509347056036
1,0.4524872035970184
0,0.612007305597977
1,0.609903834224272
1,0.2951549449398121
0,0.25361032926492144
1,0.2839665621832499
0,0.3805001096404195
1,0.786379640312606
0,0.5337986917432446
1,0.5383051931135706
1,0.6735935952948054
1,0.48171038110295217
0,0.6083350003184727
0,0.529915286487749
0,0.4635948643929752
1,0.644343312957666
0,0.41246082727179645
1,0.5102720655121716
1,0.6396796168016718
0,0.5955013497683803
1,0.32137833608603605
0,0.4266284539905013
1,0.5481505652110621
1,0.7427701011517384
0,0.2730113393888517
0,0.7047789766548059
1,0.5775283324302293
0,0.5636382754232324
1,0.6237851570153369
0,0.41198967372224904
1,0.6268348031197679
0,0.6357462191785676
1,0.48564616535839955
1,0.6599342501332408
0,0.25079341629205726
1,0.2944771036930071
1,0.34546639152956693
0,0.29534051642239845
1,0.7853099084360395
1,0.45532434445451114
1,0.7956958692401481
1,0.40415394568187873
1,0.5577518391783272
0,0.6992572509781586
1,0.1467436266931149
1,0.35523745761539666
0,0.48041813542364636
0,0.567545345824401
0,0.39576414151533845
1,0.4983350275834748
0,0.7787351220384937
1,0.8080400749121048
1,0.2731796196457856
1,0.3623876763126569
1,0.6076484503359196
0,0.3194518782280207
0,0.6462625068040416
0,0.23828695195670105
1,0.4767322535583476
0,0.4895005257721582
0,0.6450631034252197
1,0.7475346459449695
1,0.5884178069826226
1,0.5911010728967437
0,0.5225000504033057
1,0.7918326237013372
1,0.6925288057537232
0,0.5286271729373196
0,0.28716895710903756
1,0.6953003327367185
1,0.6200519374158627
1,0.4167740119168604
1,0.4395809762575557
1,0.3064586727834256
0,0.4486526053476191
1,0.4815923863783571
0,0.26711771796962563
1,0.3769247269351302
0,0.47527953962359665
0,0.428766405901129
0,0.6244505913650645
0,0.366837637710376
1,0.39498192196542625
0,0.5466701019967705
1,0.7795838427148453
0,0.7158646437889951
0,0.2828768441945738
1,0.7231952791441584
1,0.4146529696916281
0,0.5432431258446299
0,0.28096814850161406
0,0.662488414369755
1,0.4770960355147499
0,0.4708170065355864
1,0.6969605933779651
0,0.48151457668563674
1,0.5696068746719342
1,0.5639218766682808
0,0.23601290564357041
0,0.3355745946712558
1,0.5950790275846072
0,0.47330115968380626
1,0.3847496596625873
1,0.34207135325626925
0,0.4171020827758818
1,0.7475406257214411
0,0.30477068473885816
1,0.7313408017215811
0,0.37348824304441475
0,0.4599038355468359
1,0.8031639783312089
0,0.6444237577909878
0,0.2029682864525414
0,0.6576042303624958
0,0.5205144182558292
0,0.27242038559869425
0,0.796992313844902
0,0.45531016936155855
0,0.7310736809022064
0,0.3992074400648404
0,0.22841440925288456
0,0.6162249114846358
1,0.7239508008081341
0,0.49458398969832734
1,0.5556791523760061
1,0.31250461486039705
1,0.5928828112033778
1,0.6044506032221326
1,0.6517937970060507
1,0.683384857353088
1,0.6072056011769806
0,0.2910223297125375
1,0.48138881122764093
1,0.6857565383993799
0,0.3305665618190662
0,0.409156389393395
0,0.4222803813872906
0,0.44780080414073875
0,0.312840380739509
1,0.6526998928475057
0,0.6370524401777113
0,0.716331391874349
1,0.3951569208626637
0,0.28842676377358367
1,0.5235554482370535
1,0.4803926243323446
1,0.612099419885912
1,0.7197309476539221
0,0.27007935586152104
1,0.373992707835544
0,0.37495240988586365
1,0.5271652040508444
0,0.32641478180123046
0,0.7291205977623764
0,0.2643150475815045
1,0.3680538968094459
0,0.4053169910547262
0,0.38372744023425703
0,0.37695932347998784
1,0.5975998836584164
0,0.7484549567780681
1,0.3384192281687022
1,0.7865216242609322
0,0.6337842129778769
1,0.6796090735385927
1,0.6683657116610497
0,0.6423094890616241
1,0.48143124202603316
0,0.2453050686228946
1,0.6822172468475114
1,0.41997422515243116
0,0.38952925806118277
0,0.44412549521040906
0,0.4805136222084953
0,0.6026527298181108
1,0.5662661002615883
0,0.3908140929550561
0,0.5039101752142221
0,0.75908149763236
1,0.2089465873352112
0,0.6376276391106603
0,0.3013741122332528
1,0.3784399700994291
0,0.6278729905691511
0,0.3479892414535993
1,0.447742208689151
0,0.27990908871899506
0,0.1816389833108137
0,0.4561160441286654
0,0.19605284440728146
0,0.5461638572659352
0,0.37447074235191846
1,0.5661541776516499
1,0.5283919340511832
1,0.42703620220943905
0,0.6378992059216553
1,0.4668831295746614
1,0.7332223937784044
0,0.5360450862881084
0,0.5211278633919257
1,0.7148293850033367
1,0.6204896139407853
1,0.7131459688465261
0,0.4490514418250562
1,0.499067563701431
1,0.6938340533952662
0,0.3616264761650632
0,0.6506325962167557
0,0.7535599729607995
0,0.7773921320485602
0,0.409760496838378
1,0.5205349161539099
1,0.794794856463662
0,0.4001402233761564
0,0.4466963746543846
1,0.5976325763138621
1,0.6745545891653172
0,0.36924459839996093
1,0.3323162983434165
0,0.16217697343909068
0,0.37403958166286577
0,0.41909049416872074
0,0.23865770128757535
1,0.48676205139603684
1,0.5725704384234692
1,0.5074981323502695
1,0.4211769835808802
0,0.5360109797550082
0,0.49270207020428675
1,0.6447050874895254
0,0.25798747028320973
0,0.6900087504148407
0,0.2595975797640707
0,0.47743510621630775
0,0.21944788932562775
0,0.24580580077894035
1,0.31757580830252385
0,0.6553870268479458
0,0.5907605072329349
1,0.6620811921019015
1,0.5861550452546991
0,0.28334306410208776
0,0.5610527712181149
1,0.7795641903209328
0,0.4752587515174142
0,0.2858145639157546
1,0.6680274220926259
1,0.5960581693047299
0,0.4337855445014118
1,0.38179681903140855
1,0.7404791555443274
1,0.39929796860314365
1,0.6894766691333932
1,0.6288102791730326
1,0.2758932066889199
1,0.7584675747716011
0,0.6731041480448015
0,0.19405222427061944
0,0.28044080445219216
0,0.26017241363303556
1,0.5769758032782709
1,0.2574690968265078
0,0.20670734416735026
0,0.302341552374912
1,0.7018164233409186
1,0.5712843322050393
0,0.4304381051957069
0,0.26674171198523045
0,0.2535406126668439
0,0.3122799255824689
0,0.4024941629575201
0,0.496774288304855
1,0.7591234855753222
1,0.6870326201427494
0,0.4399567835796502
0,0.7662643802747545
1,0.7986239529653704
0,0.2373611726354352
0,0.28162606756462183
0,0.6071419431730731
1,0.5230541757612954
1,0.7314610959220973
0,0.8305560161958044
0,0.5132273662399979
0,0.3237825577289745
0,0.43885987098456863
1,0.6116589791235059
1,0.709963163437834
0,0.6609144319386352
1,0.7217127054795799
1,0.38717309288673424
1,0.3889195450130842
1,0.5677955161016318
1,0.6290313067308305
0,0.4227152113799532
1,0.5222720288172951
1,0.7281036675238353
0,0.42535110326493236
0,0.5931756926355409
1,0.5860274351950121
0,0.3172040728776188
1,0.5329963814480764
0,0.23724985360663423
0,0.23398752031795617
0,0.6534032904750176
1,0.4154840963827446
0,0.5564471808100159
1,0.798346285178218
0,0.3928903001963697
1,0.26196921124589273
1,0.6067093932431578
1,0.44951523257872433
1,0.6252459597753206
0,0.16588070495691004
1,0.6668707521194067
0,0.6292595014625223
0,0.6363416454986216
0,0.5795957551566097
0,0.4812499246101943
1,0.3921691068365615
0,0.6293328008586216
1,0.7002716874508307
0,0.3904137939584499
1,0.7115187219563508
0,0.614221716808667
1,0.42261699670111286
1,0.37133774385876683
0,0.28006769992418507
0,0.18953821909566926
1,0.8187779206196817
1,0.6121642663058074
0,0.623557789217921
1,0.5199389704920332
1,0.5660772321035276
0,0.6364182976902438
1,0.5289421904813939
0,0.4887937484046278
0,0.48957045207941363
0,0.46551032060558406
0,0.6692104090700308
0,0.7034659476919058
0,0.2609383242830043
1,0.5820043158784198
0,0.5140267426170054
0,0.5078904764955481
0,0.6010041511449477
1,0.35660666524009205
1,0.47883874898637097
1,0.38771096815474243
0,0.6387680805060799
0,0.5989566392905309
1,0.3199765414429953
1,0.635403782654009
0,0.737871702313552
0,0.6295441788272008
1,0.22741682921290196
0,0.39320835479097904
0,0.3448766243813736
1,0.4280969941053259
1,0.6007751403590746
1,0.4063215718396141
1,0.5845657095234096
1,0.7008533317034197
0,0.36717394598887154
1,0.5010053471827304
0,0.6301122173653732
1,0.6156914050454388
1,0.4810160920168026
1,0.2916904212452678
1,0.7866395448569744
0,0.3372974165366274
1,0.6436009927063941
0,0.44060364118614814
0,0.5920927139024393
0,0.261171323468134
1,0.5633514543050384
0,0.569141933951112
0,0.2859785480526039
0,0.2347890961203125
1,0.355171547628526
0,0.5995777148610089
1,0.433650133507894
1,0.3893159740143745
0,0.6755164215504522
1,0.6846754934268126
0,0.7423540045286661
1,0.8488786897969544
1,0.41323809861031807
1,0.2787442229817348
0,0.23815173583137098
0,0.27291878349633747
0,0.2780465664326366
0,0.5961322626781826
0,0.2147596052945177
0,0.6722521070566883
1,0.21550317498774085
1,0.6926075733752777
1,0.40668715290091884
1,0.41080147383367005
1,0.5971942741595414
1,0.4527577218342045
0,0.332459034281063
1,0.7024602851487987
0,0.5786636545081095
1,0.42943290874466067
0,0.6504217987841597
1,0.6760057973312178
1,0.4693751810959229
1,0.5645845439794583
1,0.4192820134870915
1,0.27970550060273514
0,0.31590569881785996
1,0.391411802946588
0,0.20694555415197938
0,0.36484209628403336
0,0.6469518216141862
0,0.25905617710427903
0,0.37818692067576476
0,0.5234106611920372
0,0.22112927488282383
0,0.7274595635579697
1,0.5130136155041485
0,0.2508097672467256
1,0.2989140848922686
1,0.27923337288319466
1,0.687480251991848
1,0.7247651191883455
1,0.33769018952373187
1,0.7562757391761099
1,0.68509422623879
0,0.3623115487294335
1,0.5323693268119328
0,0.6932929980275107
0,0.3062470325193634
0,0.41918754029764776
0,0.35400581987832613
0,0.2841392280951208
1,0.758605934529502
1,0.7277235758986739
1,0.6701651265029199
1,0.7423732078706661
0,0.634207637833515
1,0.6788188630403028
1,0.5449212956638715
1,0.7999218070886319
0,0.22714007417852547
0,0.7171971980753921
0,0.726439526370889
1,0.771491758832704
1,0.27380990811246053
0,0.5370044842291457
0,0.39497172650953644
0,0.39045536634041406
1,0.737768029516579
0,0.5808973768226412
0,0.6254867323066794
1,0.26544218084852444
1,0.3303199135792653
1,0.7718476361102293
1,0.7511208477608503
1,0.5819891065949612
0,0.6824440901021243
0,0.22618034221789315
0,0.4894893295907944
1,0.29619911141818006
1,0.22905753821719232
0,0.6692297007402385
0,0.6950797200082802
0,0.20828820138497006
0,0.3236765522560939
0,0.19126827416190056
0,0.3864222203283804
1,0.4907296327912616
0,0.248738932026161
0,0.6579970121064657
0,0.32588339606904215
1,0.24219454158494086
0,0.418196478934931
1,0.6389328588380168
1,0.5301235216317297
1,0.5715654523908877
1,0.6271050670993087
1,0.3523535752327965
1,0.5965191814857254
1,0.2905393164490065
1,0.7755737430133661
1,0.7443712844776109
0,0.5476475317862439
0,0.5581192050742829
0,0.5818387379258778
1,0.457382286641776
0,0.2791212145623177
1,0.5833303906656336
1,0.5522008681038051
0,0.3879992293896872
0,0.2688387216558889
1,0.6953472510308208
1,0.5875531619533287
0,0.5867496049003885
0,0.39160584028104295
0,0.43647288424064923
0,0.4028580669276426
1,0.7640042387276041
1,0.7623573699183617
1,0.6919294575777406
1,0.6265288558768423
1,0.7519686633017796
1,0.45862582254653705
1,0.6968593368272159
1,0.3629892295472163
0,0.4032053144086404
1,0.7909982952425361
1,0.3992553755006773
1,0.5197233036511448
0,0.23431138860137832
1,0.5031677105875416
0,0.4426544374445083
1,0.4003725435823709
0,0.6546054726142926
1,0.320664083900604
0,0.28359422332436734
0,0.5641276586197187
1,0.39860577423410576
1,0.5236393314848355
1,0.773984275562534
0,0.41532325371745193
1,0.5016286314525887
1,0.357604430286607
1,0.2378960025975222
1,0.5640985420723675
1,0.2595248484196823
1,0.4638955221186953
1,0.6021546863761742
0,0.7245013714511547
0,0.39499784693487555
0,0.23285887802849353
1,0.6354632714572926
0,0.32503409365024366
1,0.7426312666008975
0,0.636476655582695
0,0.5149857289766187
1,0.43196195490477224
0,0.2366214356937309
1,0.5032777383888085
1,0.6473609844369802
1,0.6219540988945368
1,0.656651671901928
0,0.5712871754768664
1,0.6779506368555139
1,0.49194803643079943
0,0.5716685097296826
1,0.6109030828686786
1,0.639480165663228
0,0.2504474054463273
1,0.6558412609101665
1,0.6153765546274038
1,0.2755289062179362
1,0.7954184243804799
0,0.452098636118903
0,0.5308346553149969
0,0.6886214845372794
1,0.6576062099937275
0,0.5065523406246211
1,0.8131498079079583
1,0.2894774306978128
1,0.5723682311326551
0,0.39463588165813696
1,0.728508962620593
0,0.2753730294912086
1,0.549340787127879
1,0.46072181732920514
0,0.6452529582400419
1,0.26952304673543864
1,0.33535088702911287
0,0.31528754827352307
1,0.5825291124946538
1,0.29079699475936616
0,0.35722021434253026
1,0.553679698132563
1,0.41918845931751264
1,0.5126843346105455
0,0.4113407033341259
1,0.6210467968202846
0,0.2132668138966488
0,0.655506424168375
0,0.21467613287131676
0,0.6050192243034761
1,0.5554231513455709
1,0.5004100872862994
1,0.7718374061575394
1,0.463903023380743
0,0.33439521190528804
0,0.46065604329076504
1,0.4228712047238157
0,0.27805002114889077
0,0.25716497221926604
1,0.6031589177728236
0,0.3299757299796354
0,0.4849337093586846
1,0.22749655924561166
0,0.42206876584898245
1,0.7044930007332226
0,0.2755123513390749
1,0.43773490699344697
1,0.5128895312225606
1,0.7365587967856055
1,0.48009993574828813
1,0.7334049143476493
0,0.52341768593681
0,0.48674046513966135
0,0.3697855514448533
1,0.27235864934993764
1,0.38654475287499473
1,0.5526272355492067
1,0.6776811807387367
1,0.2889569981884842
1,0.6673905726609477
0,0.3548826463940222
1,0.33328512211252004
1,0.27425468780868445
1,0.5545172470946538
0,0.4363816552770932
1,0.32965093714308485
1,0.4343445931779847
0,0.5442209994288966
0,0.38023288482691725
1,0.3953980668984956
1,0.2616530416209906
1,0.5494988031667882
1,0.34425635061094007
0,0.3771776594987796
1,0.6770316959960596
0,0.46917783767336996
1,0.6627941035394087
1,0.48208825155488455
1,0.6681989980371934
1,0.7467402126888874
1,0.5279128928324776
0,0.49190968275814584
1,0.3922179230408744
1,0.7748456319456454
1,0.42462401199358035
1,0.5664262309226084
0,0.4741507015484306
1,0.5973601415925996
0,0.6766905216202617
0,0.464307283483603
0,0.38805297188084126
1,0.34239268891010133
1,0.45230121010403646
0,0.24530956613436153
1,0.44308984374010807
0,0.43162190240271836
0,0.3160156384077958
1,0.7789184497298866
1,0.28936552627043577
1,0.522140783837171
0,0.33890069408027956
1,0.6485735777840569
0,0.39449450497728117
1,0.3649720427183393
1,0.45015695590046434
1,0.5317828716024908
1,0.7162513762580611
0,0.5953177700036424
0,0.4749986865407239
1,0.4554853652387534
0,0.6422509993326602
1,0.6428010012238728
0,0.32052021816463233
1,0.7912204950685447
1,0.6221152804781798
1,0.5972683243085124
1,0.7132179940926486
1,0.27792729551733303
1,0.43120753561134306
0,0.2924748236176542
1,0.6624895040245168
0,0.35525041147347236
1,0.7593835763866036
1,0.7253852864560089
0,0.3635427365050658
0,0.44270838159849096
1,0.729466835565979
0,0.39294581303743736
0,0.29922582591121255
1,0.6262579711609997
0,0.25892548722148834
0,0.5944221915618788
1,0.5084513745526112
0,0.7101273658944123
0,0.3353237255642738
0,0.383130450741034
1,0.4712303099797899
1,0.6418592250004015
1,0.43417654843874004
0,0.4544959685432943
0,0.4467361019296578
1,0.6805418197877685
0,0.3969704569816086
1,0.560281875917619
1,0.6392232805487084
0,0.3104888405055974
1,0.212740173254312
0,0.30404220499154994
1,0.5530587598187537
0,0.34543027153287986
1,0.73061035947697
1,0.4556114519055572
0,0.48952871142314863
0,0.5063963166476437
1,0.3071846033413103
0,0.539160596517911
0,0.21230189550091053
1,0.5498800904925787
0,0.5825760945458374
1,0.5720542287413471
0,0.26106656763370195
1,0.6531275642648854
1,0.31982755555218084
1,0.7686429750121375
1,0.7116068840890895
0,0.5132545816748261
0,0.2424462276575172
0,0.47341356538168433
1,0.43040254314350157
0,0.3560735248486292
0,0.36311987592834355
0,0.5564881510079172
0,0.28474491063362084
0,0.34516313313567615
0,0.659984547150576
0,0.4105871925562576
0,0.7764064974308815
0,0.25097133585046943
1,0.36410981128673847
0,0.5664249110570972
1,0.7922880371649014
1,0.8029183100476714
1,0.30485817216579064
1,0.6764505156616892
1,0.3908407673453951
0,0.5871508173928439
1,0.5571837344703203
0,0.28666883936319476
0,0.6200056758073462
1,0.6931943666421472
1,0.5876834573114512
0,0.4342053516367426
1,0.5180841517841326
1,0.41399133584148756
1,0.7789390184660704
1,0.41763730273730415
1,0.5600038453959103
0,0.2325636534998335
1,0.5721706396999394
0,0.5459120047885255
1,0.69632006810214
1,0.6746245105722327
0,0.6708022982084437
1,0.650640790063316
1,0.5858218157759763
1,0.5323964368453385
0,0.3325516002065002
1,0.43321794690474813
0,0.5824944876922723
1,0.7415141363701174
0,0.5216504150677685
1,0.6624181233684574
0,0.3124777396263314
1,0.6295662565849528
1,0.38555312558009197
0,0.6177565534211121
0,0.43506421002844914
1,0.705721162827109
0,0.2683643331447724
0,0.35595849766341925
1,0.7144971239827148
1,0.34998367936428665
0,0.3373184219671792
1,0.41219942693218503
1,0.3783164705467236
1,0.7445247201243034
1,0.6364479667862496
0,0.3190205258412405
0,0.3836267142467491
1,0.702720842163839
1,0.3887739061278222
1,0.41454065531849643
1,0.7510721652904966
0,0.348007150192194
0,0.3443079750812657
0,0.3250803395486202
1,0.6090543965801478
0,0.43133418786865063
0,0.31066064822255707
1,0.33486350535720666
1,0.362812970571977
1,0.4533270763352531
1,0.5627863532854765
1,0.5864172061340395
1,0.7629931874721855
0,0.33958212173916885
1,0.681128737389089
1,0.7441408469579712
1,0.5031304339319639
0,0.525505255926923
1,0.34813397962063125
1,0.2801400791734962
1,0.3038454837181026
1,0.5882052306701918
1,0.46004149738132016
1,0.35711550119512286
1,0.37918408027426803
1,0.62383982927195
0,0.462638668221839
0,0.5459677329193715
0,0.4778673583651272
1,0.642496583577216
1,0.7339226636565956
1,0.4769846531395259
0,0.3846656478467828
1,0.5438550212084593
0,0.6566912349296872
0,0.4648934722645072
0,0.33353849319519674
1,0.5676725893394753
1,0.6718352763722569
1,0.532738102544456
0,0.25638006230851307
1,0.44947487512875056
0,0.5692678711202885
1,0.6826035143212035
1,0.6262908274387293
0,0.20813085358968328
1,0.4660542661634528
0,0.2541511601410243
0,0.44262564376580465
0,0.3316742058697663
1,0.7756637354838588
0,0.2416675628960973
0,0.43255129615070265
0,0.3213643832528583
0,0.4564564581207495
1,0.3902293064227463
0,0.47083845746419317
1,0.5141797969534277
1,0.31465062178228514
0,0.259834720830652
1,0.4949846882344753
0,0.5165284511206989
0,0.3864882757157767
0,0.684249038360619
1,0.5372457643468678
0,0.37091464980890887
1,0.5514765502607616
0,0.24206875874967768
0,0.5155808264713777
1,0.6079538371160732
1,0.7198730260760808
1,0.6867184777625028
0,0.557572375285655
1,0.8047189217618703
1,0.562979035167746
0,0.4024685415161432
0,0.6114997508323615
0,0.40404323359200756
1,0.6080187317700556
1,0.6086768153987551
1,0.3461452314015488
1,0.7428580875076017
0,0.45067086645648124
1,0.3436761072791026
0,0.3500535541114847
1,0.39038692608009384
0,0.549896489814156
1,0.716274733999712
1,0.43958314492927597
0,0.715639223029531
1,0.5701116983321708
1,0.4170472531112369
1,0.6560332987204568
0,0.6847812218985898
0,0.5624967757987308
0,0.33057927187768577
0,0.16729108958456465
0,0.3543092253966987
0,0.2456417324534761
0,0.31282236414690895
0,0.44706740583435306
1,0.4580895388477959
0,0.6384456680202293
0,0.6999491032271216
0,0.3255576917161788
0,0.6914873670391309
1,0.7397394668767577
1,0.5187341561140187
0,0.3147844336343186
0,0.498204783248744
0,0.5204382829955743
1,0.5837991653340301
0,0.7309619780648665
1,0.6643467799466324
1,0.4024642798195042
1,0.5524380369672683
0,0.38643954425144383
1,0.6137637376345133
1,0.6082147410689231
1,0.3885092503561552
1,0.3897418178907646
0,0.519792812479569
0,0.5845136141813493
1,0.6363802747151712
1,0.37221898765863504
1,0.5071662885181201
1,0.38973473449557666
0,0.2818301496199337
0,0.2101455470872001
0,0.43314471735713045
0,0.7353142397917274
0,0.4816416514975063
0,0.23989819940379573
1,0.2907648518552314
0,0.6096949486081449
0,0.7714795980188105
0,0.4928800472794832
0,0.23382038223141496
1,0.6080941225392621
1,0.5539316021117983
0,0.632310557169074
1,0.632984031528916
1,0.7868367990189395
1,0.7297474052504985
0,0.18499522283695388
0,0.26683334230298533
1,0.4611115034403081
1,0.7470443690800438
1,0.5339799376470438
1,0.5679346410547954
1,0.6067002358029141
0,0.2055069961286362
0,0.5834381808756594
1,0.652841872867287
0,0.3681761713420323
0,0.4994874532115504
1,0.6367323474055151
0,0.568856560775486
1,0.2980667618444021
0,0.5753887541108786
0,0.2175590315582061
1,0.24772136959218857
0,0.5801570028072647
0,0.3844316324575541
0,0.2540224175772953
1,0.5226088719316885
1,0.7215708425869328
0,0.7520266380403805
1,0.4694743704319613
1,0.6530247180503684
1,0.38038725396417933
0,0.26942225830310157
0,0.47169491632348626
1,0.6366886198132603
1,0.3881842234622714
0,0.3362792512764159
1,0.7275290766736701
1,0.7043885704917837
0,0.17540587408549158
1,0.5921254208460571
1,0.8309522026853569
1,0.612266333770011
0,0.6362852873320772
0,0.49846892521678027
0,0.27883359547841613
1,0.6316187626944956
1,0.35667447586030193
1,0.5090414925871677
0,0.68111503781607
1,0.24229915512480898
1,0.6060269301009024
0,0.3220763192388919
1,0.5373392192130962
1,0.6375090409356927
0,0.4091672430800894
1,0.6733665605289626
1,0.42874892953054905
0,0.3854788010957113
1,0.40210807567287277
1,0.786043790866822
1,0.4682130851364664
0,0.673236815633503
1,0.36344486772077966
0,0.431557704336154
1,0.27633482323105524
0,0.5191325855751475
0,0.3030358049734048
0,0.2291605181290247
0,0.39810416644588603
0,0.2469449808008509
0,0.45724106971927125
0,0.7106273998448668
1,0.7422236775428641
1,0.462608573656237
0,0.48949641994690885
0,0.2403646917868206
1,0.6874323445021404
1,0.6430182555850803
1,0.7657256298889524
0,0.6348884301090564
1,0.5855500693797915
0,0.3947733976431989
1,0.26513209129523657
1,0.4655060675327756
0,0.25909447941329145
0,0.4167633036174835
1,0.5053740053976606
0,0.5758918060446286
1,0.6319973285398219
0,0.4288305629026162
0,0.3401148363655364
0,0.4147994891554114
1,0.48942841336045256
0,0.3129675430652115
1,0.567782299771161
0,0.2895338570224096
1,0.5578936766790861
1,0.5681818760015586
0,0.3071075314085367
1,0.7930151580512181
1,0.5019434999472728
1,0.7682738160779232
0,0.6239834771386602
1,0.4422750798291508
1,0.6688726352633954
0,0.578708293483165
1,0.24240444967904273
1,0.26010032476647765
0,0.34584190669859244
1,0.7903509914146228
0,0.5192216721969382
0,0.3022674430820521
1,0.6933154194103389
1,0.5635158823548929
0,0.6046694700625963
1,0.3365036317632174
1,0.6018275709534103
1,0.34421395280342165
0,0.37089645602973914
0,0.6890985170668124
1,0.5799393499510891
1,0.5687559480459518
1,0.6083783476235056
0,0.6700640840999745
0,0.3388922223108632
0,0.6678702768411405
1,0.6666875052023629
0,0.20416879425219123
0,0.23852320640836233
0,0.6809563514216476
0,0.25790957356533983
1,0.42837748227830696
0,0.5511307996676057
1,0.6606160388647991
0,0.6910834398789072
1,0.6878025280889063
0,0.2880964843448527
0,0.24043309588206202
1,0.23995594575110915
0,0.3989777230927897
1,0.6754968647537347
0,0.23916294174948918
0,0.8012264496653716
1,0.748101926379631
0,0.5316960491738293
0,0.5015345957024175
1,0.4971628497402903
1,0.33653387301895604
1,0.5541926033290182
0,0.285826612985562
1,0.6400085852174061
0,0.5562661335780875
1,0.3406912658276401
1,0.6550295663813297
0,0.23549511498966197
1,0.5275759844416396
0,0.6300470213115067
0,0.625688408109378
1,0.6601509867064418
0,0.4143721217974422
0,0.37233007207235
0,0.6688239117534382
1,0.43089332646800754
1,0.41342254496649977
1,0.6323067348083896
1,0.5510372792215423
1,0.4386493805937837
0,0.5131789462296225
1,0.6222180844560573
1,0.7134551853537819
1,0.4115761771466752
1,0.6772658852692335
0,0.3069357153420427
0,0.39237827743397946
0,0.6520239422183101
1,0.6938159188369811
1,0.7991131272862756
0,0.33615235365729146
1,0.39738638440615315
0,0.38247040759454315
1,0.5851421506649914
1,0.7882338832839242
1,0.4478726014232089
0,0.2515666537557241
1,0.6614670966900561
0,0.38107910426089664
0,0.2943198756438304
1,0.5640307445977666
0,0.513034978849418
1,0.5669512221413323
1,0.2857479826059798
1,0.5377839086016233
0,0.28856495280523964
0,0.5134145734983484
1,0.38855443595683314
1,0.28580077571413653
1,0.560395803886449
0,0.7180308237796262
0,0.38178117157309305
1,0.3984021513483957
1,0.2197356031429656
0,0.44010335553833996
1,0.6530212759853897
0,0.3500879350111676
1,0.7071544204427642
0,0.33199495686270813
1,0.31714258553435964
0,0.6424427790290393
0,0.6058320475616656
0,0.5435819835453117
0,0.3653884316189394
1,0.36886161847464616
0,0.6952384296853967
1,0.3647545298687812
1,0.7440738628258978
0,0.40882471163582046
1,0.6347617867967534
1,0.4718653634301778
0,0.351028257254716
0,0.3947274373991488
0,0.5269690890775641
1,0.5506823492694815
0,0.5970772570297798
1,0.5840662377497544
0,0.34070984086712536
0,0.46123989491459266
1,0.6942868039044666
1,0.4568399136440938
0,0.3269670137106149
1,0.5121219694986211
1,0.5959965563815074
1,0.670452847077813
1,0.25912270895443107
0,0.7491685623095877
0,0.33402187062562283
0,0.3313375449689125
1,0.6969299195594556
0,0.5579175613196683
0,0.5230206284866329
1,0.8345851782895917
0,0.49914997572486314
1,0.5333048502357909
0,0.2995212906980462
0,0.33231859759639154
0,0.5797308180412825
1,0.37133651608422436
0,0.526047481909822
0,0.2730794723105036
1,0.6330381736934726
0,0.6360230585446026
1,0.5591909786876184
1,0.3347966946612102
0,0.51020719064731
0,0.4729056490643896
1,0.6716320468392808
0,0.3452374533442313
0,0.3246988681194038
1,0.5539664388384224
1,0.4938097352345623
1,0.6058375620861105
0,0.44922718649812743
1,0.718032973821991
0,0.4317984109199535
1,0.5248422249416251
1,0.36896488092181684
0,0.2545311811851527
1,0.45999338352322877
0,0.2148597908972358
0,0.2983917254302525
0,0.4565173480422158
1,0.6267930471508603
1,0.5074870198028407
0,0.6013287740111893
0,0.7654126102362768
1,0.5694662865510834
1,0.341713607156656
1,0.4999152914246014
0,0.6549447978175571
0,0.4981755039318912
0,0.49998961984764756
0,0.4302814543604132
0,0.4463822916595946
0,0.5687467327293662
1,0.6771776849576477
1,0.5028374189393289
0,0.3369782406281144
1,0.24162550807434136
0,0.630193542556301
1,0.6652910417847474
1,0.7288373153617567
0,0.3468539038364695
1,0.7916648103161998
0,0.7702793186457143
0,0.23556479006130646
1,0.745203805612262
1,0.35310591832539
1,0.6404159830641294
0,0.4325476511342489
1,0.5009978154616045
0,0.272168965713214
1,0.33072726415325143
0,0.2987570453259582
0,0.3631196202213271
1,0.2615598590365137
0,0.41099876746922354
0,0.42484520971477546
1,0.40503120528751835
1,0.32311039695961263
0,0.1923852530938202
0,0.2582544052111378
1,0.45007457600482387
0,0.34569284086574414
0,0.3425680869539902
1,0.6665109749155281
0,0.34038526318480933
1,0.3064305053247847
0,0.5720604951984539
0,0.1392874489762669
1,0.3139142034012227
0,0.5535674302164181
1,0.5660096062898021
0,0.6342601089742838
1,0.8409777887490125
0,0.3813367990517993
1,0.5952826194906244
0,0.5653646629448913
0,0.2597057339820855
0,0.20282366461955803
0,0.508825929752817
1,0.3008230766017738
1,0.7449095528642767
0,0.3538720564247956
0,0.2596855508162006
0,0.3793897272705272
1,0.8202871146543534
1,0.6801761404530821
0,0.3096692837279708
0,0.32869247503443694
1,0.4050961197462512
1,0.7377954130741248
1,0.5655510329197627
0,0.7540927615863736
0,0.6214328180983252
1,0.6334779530857522
0,0.28835073417931245
1,0.5979022646329518
0,0.6068774771729413
1,0.7306834626501426
1,0.4847583747977626
0,0.30171350151266674
1,0.6163719647894954
1,0.49049539970405526
1,0.6796985872167821
1,0.6389852577379329
1,0.7464695996473746
1,0.373914741745919
0,0.3096834230747091
1,0.505236845752322
1,0.38433181516191295
1,0.7107960885204082
0,0.33789970925299695
1,0.34337775584370606
0,0.46992928054953076
1,0.5554519714617585
1,0.5157530636443172
1,0.25765380388668707
1,0.48017835131570863
0,0.7896490163158126
0,0.25759056818910125
0,0.2637955202935077
1,0.606086650043855
1,0.5176710436620788
0,0.4177818928813334
1,0.733899192747305
1,0.6755831687666006
1,0.6268062069182642
1,0.7044105004084296
1,0.4547955524343915
1,0.5703287541490515
1,0.7532496629201257
0,0.3519216161512414
1,0.26142384209476466
0,0.40517515782854907
1,0.8599660409154348
1,0.5796219648292821
0,0.48985485736959816
1,0.40245762150042164
1,0.6466885271367306
0,0.6150805390419424
1,0.3409271644404188
1,0.5978584074708528
0,0.3274013023349456
1,0.23816752791400966
0,0.5594872872578429
1,0.4195912235974348
1,0.6688100286707146
0,0.6978630906127405
1,0.49154324832729107
0,0.6572097493542137
1,0.5861375509639557
1,0.6498817505763282
1,0.6012744257944727
0,0.48144554938265804
0,0.5681709465362491
0,0.2527967483540827
0,0.5616165168755091
1,0.5293943586261443
0,0.6508052538812122
0,0.7013498865751597
0,0.5883420684680913
0,0.6131188066525941
1,0.7253211002509014
0,0.48377367809132116
0,0.2839471806472918
1,0.3771924785181312
1,0.3843428554327486
0,0.2779350737534181
0,0.5095867090744106
0,0.3426805909523118
1,0.2777789507654727
1,0.5044905097673832
1,0.343919170722466
1,0.586507434241728
0,0.49537562455773093
0,0.42432808798394767
0,0.23512447697312153
0,0.5140891739503314
1,0.5312455011378214
1,0.6989017436570651
0,0.3711558035001511
0,0.5207387478373293
1,0.7426222869200668
1,0.5146782667238237
1,0.7872781055533689
0,0.21768932349216813
0,0.4828929792128518
1,0.6042695502686446
1,0.8633442997235065
1,0.5406922590909432
1,0.24743405064470636
0,0.33824564306768745
0,0.42803186197284165
0,0.4327987866935536
0,0.5604959588307346
0,0.35699620490199224
0,0.8146823565851498
1,0.5247867482437475
1,0.6606039841651171
0,0.3333223099082192
1,0.4196239171578366
0,0.6696497544547031
1,0.5915559997566131
0,0.627074194738217
0,0.3584998735729495
0,0.24612657721137188
1,0.7327769501189457
1,0.7704228548192131
0,0.5040824898205096
0,0.4828583084558446
0,0.6265155079432384
0,0.6370033205489775
0,0.6976136633799148
1,0.7222806467150851
1,0.44252623287141724
0,0.3318743002676466
1,0.5625299808290869
0,0.5161910870340058
0,0.7785359352740673
0,0.38665631181926086
1,0.7116407295194436
1,0.739992652834935
1,0.336553118852663
1,0.5223636992291086
1,0.4162797236011419
0,0.6179028895288456
1,0.33093621804319945
1,0.702905056916381
1,0.208089881944627
1,0.4158145370519541
0,0.6357759484578565
1,0.4094849066592598
0,0.4517388985010033
1,0.332739191068038
1,0.6352601892900716
0,0.41641676271932454
1,0.476556009629197
1,0.42517060459184686
1,0.6800830175157198
0,0.4138947335853478
1,0.7294867008108119
1,0.7509268563192734
0,0.6487268689956069
1,0.7874386332083972
0,0.3012428870640397
0,0.2867477849673812
0,0.3159859369629783
0,0.3548234353311193
0,0.4062131033067667
1,0.7600412135927161
1,0.4042423212838408
0,0.552773634278757
0,0.5048496301095083
0,0.38134248759934225
1,0.782055854406181
0,0.2075978262399091
1,0.3782663163393959
0,0.4212048270123179
0,0.5051497633869922
1,0.47627914859009524
1,0.7713344410699565
0,0.7068886656419866
0,0.6293893583516805
0,0.5497240863936618
1,0.7499463357715127
0,0.7269309523526192
0,0.3987053596732969
1,0.6771417074326197
0,0.6199512691136738
1,0.6190213858507795
1,0.5770469811690073
0,0.5262851471815214
1,0.6545238493485697
0,0.7406174190592113
0,0.2741678532081774
0,0.23962891254273813
0,0.6581995669951234
0,0.6386350908071545
1,0.5972891134945644
0,0.5088488651735513
0,0.7051088339066355
0,0.40299842833254756
1,0.7820099426137257
0,0.4236930044696712
1,0.5514457490813712
1,0.6075026616317689
1,0.5343333475163672
0,0.5281457753902469
1,0.6523892456409148
1,0.6117062693184728
0,0.5250258370821385
1,0.5225792520873399
1,0.7417355011850681
0,0.45975472293274305
1,0.8166463298751343
0,0.6429169449848815
1,0.6597681074497752
1,0.39382131045285895
0,0.37207836963725693
1,0.544579594268807
1,0.6981433143742866
0,0.4840742951258024
1,0.6198254509172646
0,0.6950771576036208
1,0.7138831703985147
1,0.5329467718484752
0,0.23280071603722802
0,0.6119268937974733
1,0.3684468202026451
1,0.32824598292055807
1,0.801452154105658
1,0.4685514045297405
1,0.5534015435115088
0,0.22322927417573551
0,0.6313996873468076
1,0.5949153051322238
1,0.7512479321312262
0,0.2363138596601729
0,0.6683389487296253
1,0.7238674790868753
1,0.3606463413664752
0,0.2810725712263328
1,0.7717852691508194
1,0.6592052612577124
1,0.28355068815111645
0,0.47971603550155756
1,0.26904813459631793
0,0.527757221766403
0,0.618676397699521
1,0.6053112293842663
0,0.494590122634966
0,0.6818095412103444
0,0.3441584919811735
0,0.6362902801445679
0,0.575659984593192
0,0.39383436603245275
1,0.5486637232468511
1,0.2645979385453957
0,0.5947710938188144
0,0.31620094702932183
0,0.6945842201000356
1,0.6555218919924242
0,0.5658117852290734
0,0.43422586462908347
0,0.5907418827590829
0,0.5138405180015252
1,0.45705497203227613
0,0.5897951153159732
0,0.5783465686869473
1,0.5756779946967207
0,0.39775796840899585
0,0.4312411405168962
0,0.36721688714810247
0,0.28888248725878346
0,0.30931009102360796
1,0.5150278641067892
0,0.34169150086304884
0,0.45345701263000743
1,0.3512831904350903
0,0.6552336052966957
0,0.32071272953360574
1,0.43374143282468663
0,0.6488133743633941
1,0.6778977002188479
0,0.44297762941588453
0,0.3009691543638686
0,0.24069125957285548
0,0.46071253054891
0,0.23171885113714807
0,0.47525412585802695
1,0.8158780061311192
1,0.22037019069921082
1,0.47241647423033856
1,0.1930146226766604
1,0.22407185719983344
0,0.5040811122916947
0,0.6493635298846537
1,0.7901884481140645
0,0.2096257006286289
1,0.727214414573113
1,0.39993352644257274
0,0.7880873920027264
0,0.7244472689173814
1,0.5796051749079958
1,0.508860255476453
1,0.557066229237763
1,0.5307478053655551
0,0.6804986568301281
1,0.6792004148339312
1,0.6277376281035754
1,0.2958921145568399
1,0.6888595193690685
0,0.5643972824182014
0,0.2829629823288646
1,0.695142888624633
0,0.6150628707673225
1,0.42613974935801463
1,0.5957794097022511
0,0.3351173658516916
1,0.3980699532180769
0,0.2730613803106722
0,0.5808910048933836
1,0.6611367402531526
0,0.5423707381544896
1,0.7532111933747987
1,0.597557219932424
1,0.2878114161753977
0,0.4389749462791533
1,0.42913699751995593
0,0.2378401039808388
0,0.6953671484237588
0,0.6569307032667414
0,0.5806367970749793
1,0.6050808487382444
0,0.6605886955027226
1,0.5440039571644778
0,0.30039903420939185
1,0.7577117445999076
1,0.7034371579706752
0,0.5962079064850053
1,0.8222269864893397
0,0.4118695061252133
0,0.2885406786331978
1,0.4274847840163753
1,0.46902974252172325
0,0.6059639930742028
0,0.4695567402604152
1,0.5898029491540226
0,0.5682435231298875
0,0.198566767313491
0,0.594725935780164
0,0.40671089653961384
1,0.23427046610155167
0,0.5659611730173918
1,0.49561147765634456
0,0.2797697003668511
0,0.3031204264668809
1,0.4501780855212547
1,0.5217459578632111
0,0.5307631065926174
0,0.4449842796645481
0,0.6236914034416668
0,0.49101886526817357
0,0.444612547922973
1,0.6753970168244394
1,0.6134013296350536
1,0.4314011933325257
0,0.3442090131530382
0,0.42869924033250983
1,0.8202539398311924
0,0.6553341970578856
0,0.37480814760469494
0,0.3546390911528313
1,0.8082401977461692
0,0.24855202783797725
0,0.42170579268502006
0,0.6571173461720731
1,0.7232891170063408
1,0.7098271641913403
1,0.7494403299927135
0,0.5045927890883533
0,0.37412370697237707
0,0.6472676075739615
0,0.4495945399304717
1,0.5133227385249004
0,0.37825100844133586
1,0.6468489973904857
0,0.3231556409201274
1,0.48463187098712185
1,0.7602879802359432
0,0.24681913501912484
1,0.4855421118919047
1,0.8013963466111877
0,0.5681407361996735
1,0.714606241460018
1,0.5328927966027198
0,0.6534960169908351
0,0.3683042209551828
0,0.6150569731010948
1,0.5664355867675867
0,0.5305416882411155
1,0.4636922362525862
0,0.6109371675424949
1,0.7003170636046729
0,0.29455144341410716
1,0.5966117594395491
0,0.8010298167533164
1,0.584179802827783
1,0.29687367364485556
1,0.6235980998640428
1,0.4395885847902323
0,0.5103543723847213
0,0.696576634285248
1,0.41926994475745727
1,0.7641096561580226
1,0.7211399526783965
0,0.5006329966687485
1,0.39928255298091486
1,0.6153331479179944
0,0.46454244189756744
0,0.5846549016045542
0,0.4868973552443854
0,0.3858630090788391
0,0.5532468905668727
1,0.27688300328166227
0,0.29646807675266695
0,0.2820921850892325
1,0.7231705515078869
0,0.6250151354903378
0,0.49113502634887884
0,0.3098241607283374
0,0.6391655021582018
0,0.4131875927438296
1,0.6347667629808618
1,0.7776743409140996
0,0.709806736328197
1,0.5816221372981849
0,0.537146607459571
0,0.6082904670845052
0,0.6134018180632755
1,0.6117204535022313
0,0.5946877970007065
1,0.6628413426859739
0,0.5513858624709973
1,0.6243688177851765
1,0.7056780601426121
1,0.5806810762176499
0,0.3626191326554902
0,0.40022822470397096
1,0.5455305910193735
1,0.39933418643392776
1,0.6262995534119401
0,0.33459673310110294
1,0.7687353414180792
1,0.45362835231145465
0,0.26580811556536404
1,0.7710855508995406
0,0.3205613408789823
1,0.47168459784620187
1,0.6672582385777442
1,0.6210981128936874
0,0.5204774116604448
1,0.4268546706600032
1,0.27582724462105396
1,0.6723726682482356
1,0.6172513084186492
0,0.2961780927745207
1,0.24120579519153473
1,0.7119761224301171
1,0.4089747245628473
1,0.6538204693613734
1,0.6242986044569757
1,0.31565539837176326
1,0.4796121911955624
1,0.33307805751345737
0,0.32786090589373285
0,0.3052547624002949
0,0.6513067065518134
0,0.570269406492975
1,0.5303666281848582
1,0.6881154487275285
1,0.3800198592321695
1,0.7245448066333402
1,0.7133557839760633
0,0.3773492209070089
1,0.5866006741383291
0,0.254312795315745
1,0.4018335091038263
0,0.7677324353245367
0,0.6456786690359356
1,0.5159070100183798
0,0.5025147051972887
1,0.6408674356090364
1,0.845361565525698
0,0.352480542825981
1,0.5345226899571822
0,0.4847310139542016
0,0.4276583833252109
0,0.2621507791508481
1,0.8118983726253562
0,0.7074855626679228
1,0.5035184543264853
0,0.2631465323366162
1,0.7318530916188729
0,0.5960616370564472
0,0.2842878398840467
1,0.7766448260992773
0,0.5895099710860118
1,0.30240897302445807
1,0.49270535162157353
0,0.27754776255776237
1,0.7510231290050521
1,0.6217221678107848
0,0.3983517983962413
1,0.5959030289288668
1,0.82948777787395
1,0.5509219180756052
1,0.52588562259837
1,0.6986127974365606
0,0.6571462554264771
1,0.5042664471041765
1,0.567666160262386
1,0.5264470037766812
1,0.7227953515887948
1,0.5127773256563241
1,0.45210486519358484
1,0.6243463954146861
0,0.3721972713028189
1,0.3952377194589189
1,0.37680434149509673
0,0.25786433280074733
1,0.6692908331178107
0,0.26234164696614337
0,0.5535411632019582
1,0.36242918263420476
1,0.7237298152732717
1,0.35478966394444805
1,0.7508033641267126
1,0.605126539209365
1,0.4248280549449207
1,0.6040427296035393
0,0.34627602142670216
1,0.6363806929966059
0,0.5975416575690756
0,0.7105848009167873
0,0.3454726718501663
0,0.35984874786370197
1,0.32387224262672687
0,0.24570595432355738
1,0.6695620812163827
0,0.4415136176750634
0,0.5107882529962912
0,0.4703368411784223
1,0.4236385595427704
0,0.19553588115445958
0,0.6462981174596295
1,0.6774382680125045
0,0.27299635343507583
0,0.4351755376034657
0,0.2811565870342094
1,0.6420029438024187
1,0.5238938608706822
1,0.6554738806274432
1,0.7489580729911196
1,0.23375446415459852
1,0.5212604008726522
0,0.7195136827988815
0,0.3086473089319002
1,0.7436398071222767
0,0.5764975204855027
0,0.5588295803280819
1,0.4981700831749178
0,0.19376733122076853
0,0.2931975262415253
0,0.2856513139621378
1,0.5126547687715008
0,0.456536601496481
1,0.7989511388089914
1,0.3955544509733446
1,0.5231138705837624
1,0.5431918403669032
1,0.6343006121990721
0,0.3165772855792059
1,0.7080397647731637
0,0.29153780705324234
1,0.6719770694665418
1,0.3932501805401682
0,0.6915891946652376
1,0.6609240895533675
1,0.46420745798554125
1,0.7156119901745671
1,0.3649054678421668
0,0.17609270529681748
0,0.27883659766946073
0,0.5265875987531093
0,0.3987628486399293
0,0.7996298260708228
0,0.470661434484873
0,0.5344146546110757
0,0.6806850376862406
0,0.3179291159896336
0,0.1908706635366458
1,0.3942083484512592
0,0.481479384737511
0,0.5111050843826361
0,0.3321117270130755
0,0.18087590266400078
0,0.3713743787451653
0,0.5843730304587053
1,0.6348094535500273
1,0.80457417196012
1,0.4958066424152838
0,0.7564547365800093
0,0.49431821302599593
0,0.33577710434465535
0,0.6141212818409817
1,0.6481900887464181
0,0.6138548177346631
0,0.6841640619782076
0,0.6064457738861031
0,0.4499526728050082
0,0.3314611586457091
1,0.5586078519936658
1,0.5972969753437299
0,0.5056421102886283
1,0.7807376708990784
0,0.32002240874826565
0,0.6960799875611827
0,0.3008197500542032
1,0.4012822485695004
0,0.6510284930543172
1,0.3530679010015739
1,0.7678088829575889
1,0.387669898819963
0,0.29049816348211543
1,0.7374375047931498
0,0.22732283973877995
1,0.7298861159192499
1,0.5939379341211313
0,0.47679665358627743
0,0.42207346579097943
0,0.30689638906727107
0,0.49809462895479983
1,0.31771533376934624
0,0.40024299673512487
1,0.5143700579948405
1,0.612578372420938
0,0.5803082965894024
0,0.3659036580403217
1,0.4116914033466283
1,0.414423073693847
0,0.5614210734330114
0,0.37625693542866373
0,0.45783219719851653
0,0.20548041263711306
0,0.4686687680659139
0,0.3370237367257128
0,0.6713918243623862
0,0.6047277646312201
0,0.4599634990976899
1,0.7727100858718758
0,0.566933460386713
1,0.7312990728982639
0,0.38789401142610125
1,0.721494959397725
0,0.6108096096319526
1,0.614668311604592
1,0.7022760733123542
0,0.30590686658927396
0,0.6230731041293528
0,0.2478498231074376
0,0.4175275859398101
1,0.35227216933111377
1,0.3609808295591768
1,0.7166396292353286
1,0.7344894638209781
0,0.6117991577641574
0,0.6533262218086708
1,0.7378679681031017
1,0.5002373278862416
1,0.2896009488421976
1,0.5148078982926929
1,0.26533047588918757
0,0.31248597912430937
0,0.30291604615071915
1,0.6901080399357389
0,0.37957178308579237
0,0.5877396550969164
1,0.6826831974217029
1,0.4629666290104303
0,0.7850238266108586
1,0.5017600607091535
1,0.5741865195683559
1,0.7348363465129283
0,0.3707087870869402
1,0.678528492216928
1,0.4843021752457512
0,0.307978538825128
0,0.40426196961740873
1,0.46855936531802733
1,0.48100106256836783
1,0.5718735422678201
0,0.43906318768408287
1,0.5008759924273849
0,0.606821143983377
1,0.29499516210036747
0,0.2636086949297848
1,0.5981230740751343
0,0.6991857359436593
0,0.41106863645615865
1,0.429766670668012
1,0.6415194702271442
0,0.47230892369220523
1,0.4712087148087945
0,0.4451985417868472
0,0.22271806036340683
1,0.6272962899808918
1,0.5727500185462217
1,0.22383475497426247
1,0.562122170980466
0,0.29756650626248543
1,0.3885193975147005
1,0.5056687753345347
0,0.32569342357287623
1,0.5221424646228477
0,0.4498498319770803
1,0.680775877331376
0,0.4442640301171409
0,0.5986005087884075
0,0.49140716960837
1,0.5949845095139568
0,0.31595598930280944
0,0.4160309271111641
1,0.6720205727318227
1,0.4331575064828629
0,0.5373894440331385
0,0.37404299414181624
1,0.5944545950805342
0,0.47229947784379417
1,0.5648734223740096
0,0.3648710931821223
1,0.45309208820229596
1,0.4559725933731112
0,0.3051753388163277
1,0.6109899997577097
1,0.6102172821686503
0,0.7465983792324524
0,0.2882722681266484
0,0.25258453514940693
0,0.2307678563636899
0,0.21543098781461856
1,0.45956891118589105
1,0.5477688545845043
0,0.497971993582287
1,0.3814535321447163
0,0.6760078222337125
1,0.7189933798935038
0,0.656659015413007
0,0.46366057967892943
0,0.30611322667754093
0,0.5290792493730917
0,0.49786300541904327
1,0.7415417349094853
0,0.3963315066411409
0,0.37274100479448413
0,0.7252579188456009
0,0.39042754845737343
1,0.7481135876314847
1,0.7492062509452255
0,0.48215551796932055
0,0.24381232268513492
0,0.6846872491964427
0,0.6109464277450986
0,0.5679494769610747
1,0.6382309814297116
1,0.7009799016301183
0,0.3871663161170463
0,0.45005481126808367
0,0.42451573007327476
0,0.18716770535476443
1,0.32209548908390057
0,0.2826786250297464
0,0.6521926490336908
0,0.5569902451567101
0,0.6290603289871878
1,0.5924314028548863
1,0.6024515336863684
1,0.7752743766075288
1,0.5197556246089371
1,0.7375565539290747
1,0.5098011842823827
0,0.41011909061590357
0,0.3465287318605466
0,0.30466380270590704
1,0.35578117511797847
1,0.3436673395897545
1,0.36855287440319473
1,0.4521326566507865
1,0.33450066076581403
0,0.49781622681373655
0,0.6481509890243361
1,0.4440151565454359
1,0.5643859648450505
0,0.6931735851143674
1,0.37710773473648734
0,0.5073893352931095
1,0.7132501987464696
0,0.7747954986082378
0,0.5765287399434786
0,0.4638247150677398
0,0.4565470971528743
0,0.42287412978368927
1,0.3788839273483805
0,0.39213313204400907
1,0.511642912919138
1,0.24623266887366738
0,0.5956462108272211
1,0.37897130187206024
1,0.5274392254781688
1,0.6773387764804722
1,0.7300221001931425
0,0.559683858566221
1,0.8187436984608454
0,0.5635553699131709
1,0.32371098134011994
0,0.48497363524679543
0,0.6378683900633833
0,0.2580948550149081
1,0.5902471386034416
1,0.6613434348098645
0,0.5746427669986695
0,0.3663172013653603
1,0.46232072859150075
1,0.49041650339473336
0,0.4887165246304251
1,0.40547983605304855
0,0.6411525760276391
0,0.28409821355521764
0,0.4780895518180753
1,0.668175046318996
0,0.41799298840812293
0,0.6283026875606171
1,0.5948082208417338
1,0.49184836569865353
0,0.27300747006020004
0,0.625763030116068
0,0.6699325257080394
0,0.16618190669561023
0,0.7105856403409997
1,0.6138187551785811
1,0.6173620011620757
1,0.5933785934485389
1,0.5253005445695051
0,0.4873742952759113
0,0.23082038692864307
0,0.22585731657026986
1,0.35571715571293566
0,0.330424144218716
0,0.5518863115779161
0,0.6130732441211679
0,0.562775778430512
1,0.5502845547466813
0,0.22344181771844654
1,0.35248510218622536
1,0.20010714147960953
0,0.25264690602079554
1,0.5591235314319497
0,0.5435500191879233
0,0.5400830925579926
1,0.2485505177525392
0,0.3639727431089279
0,0.5040745021501105
0,0.3073595105438854
1,0.6468945812720297
0,0.4245863334947902
1,0.7991308051734667
1,0.7077320494596756
1,0.7133331231333073
1,0.769053606533032
0,0.671161697391217
0,0.5412925790004095
0,0.2664507325480812
1,0.72946102695347
1,0.5668340158443012
0,0.7350598803237431
1,0.5470158108523101
0,0.4912507234200375
0,0.4807156984422961
1,0.3769211168991396
1,0.33704584352539835
0,0.5614623318059917
0,0.3091060385167342
0,0.5997713513467956
0,0.44183234517483017
1,0.7150561950000694
1,0.6403687703259128
1,0.7345197637821517
1,0.4089219589262815
1,0.5276765657728578
0,0.24779959809696614
1,0.3272651135216431
1,0.4570491527113628
0,0.3928074016990058
0,0.4662363133869667
1,0.7095678938547467
0,0.2680004286206006
0,0.625772054742036
1,0.7038610046364417
0,0.39949434390761346
0,0.43312158751411595
0,0.5433550787503895
0,0.3183102754887165
0,0.42759748007020243
1,0.8276554720347188
0,0.5691509161979872
0,0.4596255080529353
0,0.39486406994822315
1,0.5661412362010888
0,0.3247411173000179
0,0.23070137466348323
0,0.5783218424612137
0,0.6885791764340385
1,0.4909771313932831
0,0.528039924841061
0,0.732033161203158
0,0.6534911102455558
0,0.38067208045954826
0,0.5742937807527013
0,0.4631916790047623
1,0.7128458544322541
0,0.30494741698626227
1,0.4121748744952484
1,0.3617578366484581
0,0.3135085049931207
0,0.3960332987657377
0,0.39835356977592123
0,0.24459178808615137
1,0.6752492596787424
0,0.625007983951601
0,0.26678889313489806
1,0.3423381580797867
1,0.5776267127930819
0,0.33227818429318234
0,0.44968759465107694
0,0.4566856983308417
0,0.5879856714655144
0,0.34245360791832963
0,0.2574873731134665
0,0.21622659452125897
0,0.4305639966555862
0,0.49249553114325534
1,0.6224727376067112
1,0.5071204347374416
1,0.546185635169279
0,0.2448150475001331
0,0.39510283768872384
0,0.262713970789031
0,0.6314460230214122
1,0.7469518132869635
0,0.44557755216370226
0,0.6133681612384249
1,0.4379274394059858
1,0.6419992781864124
0,0.3392624488900128
1,0.47971750538421654
0,0.3503173872687712
1,0.7857039668412402
1,0.4443312542333083
1,0.6219226613394705
1,0.598016106603304
1,0.5057445232336273
1,0.4130236659419186
1,0.23397241619457362
0,0.31631874935585347
1,0.44683952077317446
1,0.4219044656597676
0,0.5700946997568783
0,0.7188056148471724
0,0.3496690045077598
0,0.4662266581680921
1,0.704949850665132
0,0.20283257303858637
0,0.22574874420247293
1,0.3789183070378909
0,0.42959439517074316
0,0.6355024248660553
0,0.3559670063370315
0,0.6104117652054794
1,0.8464297248913105
0,0.3506722220599342
1,0.5015226258257244
0,0.5432787493708829
1,0.5432832834442232
0,0.3214638693004005
0,0.334630475989344
0,0.23045271909914425
0,0.42690768984285643
0,0.45775506297923624
1,0.324653144777036
0,0.22950457749866543
0,0.2407446715729176
0,0.32255267642450286
0,0.6129453685907355
1,0.3744198532404601
1,0.25023818350135135
1,0.6900950182963634
1,0.23316228037709616
0,0.22945875264472207
1,0.3840596383392218
0,0.3058396895969605
0,0.56645613318724
1,0.5027359450390421
1,0.3489752091929099
1,0.37391134538422216
1,0.6785937229762616
1,0.675779434769472
1,0.7943227537265015
0,0.46535495302206975
0,0.7035893800211576
0,0.34624331817927845
0,0.7019361479180649
1,0.7815287066133908
0,0.35679997787648204
1,0.8135471342143932
1,0.27476635328029014
0,0.4019467044064975
0,0.6515693746513325
0,0.6221177414249678
1,0.3220406879358146
0,0.6991359106887789
1,0.4084645209857409
0,0.682117466638001
0,0.2561908998012182
1,0.6451800863940439
1,0.421898158202219
0,0.6864187261375218
0,0.3083502701541832
1,0.6355522677639002
0,0.1843506619566355
0,0.21709856962112123
1,0.48418562943936494
0,0.49017733560025323
0,0.6262392211055231
1,0.625539758736773
1,0.38501892646129265
0,0.5352287506630581
1,0.7960889994984683
0,0.7103458018139034
0,0.3296840028126366
1,0.6378275447965831
1,0.33739332181817394
1,0.7023006361675431
1,0.8247775509210404
0,0.22163026529159327
1,0.4161507204403287
0,0.2408853162924688
1,0.7381252505088933
0,0.7465980018945526
0,0.35675187231174016
0,0.23134362967584401
0,0.29551023542932053
1,0.8295442107639678
0,0.6122177196732339
1,0.632676850039324
0,0.47588245530656054
1,0.5585806391073562
1,0.34627245817737273
1,0.5959681368442671
1,0.3165344278620652
1,0.6815678043454959
0,0.32900338842502375
0,0.34851192264533365
0,0.6616502158085854
0,0.4629514634350568
1,0.6635035245585392
1,0.362237862045433
1,0.4513841749312346
1,0.8223841392941593
0,0.794566445549905
0,0.34649861175931335
0,0.43303900966293224
0,0.37626636820947207
1,0.5736280071066117
1,0.7914757232695829
0,0.47496253014114037
1,0.7789879952461081
0,0.48385148792715393
0,0.25382765159003173
0,0.2221648576026604
0,0.23601207354901804
1,0.730797052431671
0,0.566928771975784
0,0.21593324168653838
0,0.34586549898408653
0,0.2778256183798395
1,0.34932022725596884
1,0.35149453601743574
0,0.4203638308192094
0,0.5382997113993131
0,0.5564789377604099
0,0.5246322154165014
0,0.7206963964834981
1,0.6653763229503699
0,0.30315819491742046
1,0.6920018186724695
0,0.16433122661407007
0,0.5977300491940652
1,0.3054496069816328
0,0.5200897187968292
1,0.49080616136946265
1,0.37296448700267154
1,0.5244139139794428
0,0.801628408158453
1,0.744983344476395
1,0.43396995166777863
1,0.46113198428501867
0,0.41119611001876555
1,0.3487824576209488
1,0.7969822654617628
0,0.4553401831681427
1,0.4624542080549863
0,0.3415826783577351
0,0.3356128938773722
0,0.2261958130404569
0,0.4143426397244184
0,0.2942080899305662
1,0.7857103495661908
0,0.3009422405899582
0,0.42547039297996453
0,0.40679721555912307
1,0.5801429990300782
1,0.5343335157615976
1,0.46096575188798994
0,0.7579513891217188
0,0.7433300977875336
0,0.6716612444632957
0,0.43683563379248025
0,0.46971345818460536
1,0.3979679040873469
0,0.6257702248281091
0,0.3136709394218424
0,0.32944520275483086
0,0.23402094887382807
0,0.2977304199428969
1,0.43960917608876504
0,0.44997198174266784
0,0.4499990428034991
1,0.4105685206840558
1,0.6773618367987488
1,0.5294685567717823
0,0.38920066116413404
0,0.42143616178174365
1,0.826703687949091
0,0.2476863049769502
0,0.39347322057125145
0,0.8158101565642051
1,0.7200568995990967
0,0.4462266011166047
0,0.6319430955410121
0,0.4758260195158344
0,0.6071131085206795
0,0.6455300275460175
0,0.265327884767136
1,0.7342824935951667
0,0.2546963860504703
1,0.3425084890693629
1,0.4201548526289648
0,0.3170480618781659
0,0.6098697997858148
1,0.4648228116975458
1,0.4137887033968402
0,0.596372204603954
1,0.5098338306490122
0,0.5833672589026666
0,0.29606308136380494
1,0.2625623556854204
0,0.27832559538411217
1,0.39850902300766294
0,0.6878550425500929
1,0.7538291638649955
1,0.6668636937900785
1,0.5116918560353225
0,0.6486174367013142
1,0.6977803836492897
0,0.26151630035289913
1,0.5459707999967176
0,0.3834185627351566
1,0.5083077041585271
0,0.618629432002016
1,0.4123214373147618
1,0.5975301698574516
0,0.46103601696525864
1,0.7614142380851009
1,0.7669553822423049
1,0.43453345305923363
1,0.5232664939813875
1,0.2427324040481375
0,0.5841057858866695
1,0.3621954275417598
1,0.3867656525875167
1,0.7149249828749271
1,0.7819864628817536
1,0.4073692848546763
1,0.3175436062460078
0,0.6134373601091795
0,0.20190763534207987
1,0.36131301231611873
0,0.3010189230611894
1,0.6988329834835464
1,0.4952286722985945
1,0.3676302257184349
1,0.4365001068266158
0,0.3193058138267302
1,0.6206555890812285
1,0.7224093075876076
0,0.6367722865084278
0,0.40318104017815304
0,0.3816855812478728
0,0.7169096993952151
1,0.2411832798779847
0,0.3249348155589867
1,0.49791635140632184
1,0.5965834792686969
1,0.38337493605621065
1,0.6056431241868887
1,0.7878881977865707
1,0.43907204173669734
0,0.5675160086930088
1,0.7346822882815974
1,0.23851539417792067
1,0.528102918627327
0,0.5035238141967269
1,0.6337277453735879
1,0.822350777347559
0,0.2537219981603266
0,0.23484596560289245
0,0.35594678850777484
0,0.429647002770899
1,0.7398175038189715
1,0.7518930077820439
1,0.3982708000254635
1,0.6799338047542384
1,0.40803464468094086
1,0.34614264303326586
0,0.5806870038938844
0,0.35385967671101454
1,0.8299327598545093
0,0.3953352408838594
0,0.2728454535184815
1,0.6357656654140149
1,0.7542520051765659
0,0.23141458921223926
0,0.4324584317209767
1,0.4910499311281499
0,0.3411919117433387
1,0.7266569292092557
1,0.4733702098005063
0,0.4635590340743877
1,0.7445805379141267
0,0.31247854256694785
0,0.49188545429650204
0,0.4843871479396607
0,0.6389062075970828
0,0.5753961309332335
1,0.6871422460115418
0,0.8502502464627931
0,0.27307664200201603
1,0.6691261068394045
1,0.39440777586075854
0,0.2729649883954871
1,0.5174828872327212
0,0.36407389349592034
0,0.4797588524784565
1,0.6983227701320721
0,0.4328794308142248
1,0.4793149537347945
1,0.7671519809976138
1,0.40382234951789264
1,0.7771730725081379
1,0.8087853528392648
1,0.46973076981723627
0,0.7300171432734401
1,0.326999751844436
1,0.6401701986716528
1,0.6354240536071816
1,0.30470112474589184
0,0.6497861766047426
1,0.5031568847846717
1,0.700084086723382
0,0.6847631605362039
0,0.27027744889781424
0,0.8060248262533457
0,0.20168315488817626
0,0.4457755120307006
1,0.47066909684496694
1,0.4142925939669957
0,0.6134541505911306
0,0.4112230429898452
0,0.6968326456896233
0,0.4664617074850291
0,0.36159636539473955
1,0.8299146506580689
0,0.5018026592035784
1,0.4264083664556841
1,0.6171092848376996
0,0.3368969038604466
1,0.2927849532053359
1,0.7440807692542137
0,0.5740099715720786
1,0.6275142013649103
0,0.31384559578566734
1,0.6019549035337389
0,0.30994198108716253
0,0.705486425544738
0,0.37967520079550865
0,0.4214281417747526
1,0.8072883882342979
1,0.5226330630361739
1,0.2907580573805564
0,0.6070098937457591
0,0.29990739169997127
0,0.2552191051537555
0,0.4261430172216596
1,0.634057472092601
0,0.4670470303410809
1,0.256442093472498
0,0.6133279411359467
0,0.5151528024452985
1,0.3923272974691012
0,0.63418566652644
1,0.3623970736546243
1,0.4728993905632916
0,0.6065671372082309
0,0.4697020097867612
0,0.34992571211194307
1,0.6092976297430021
1,0.7667851745159506
1,0.4961905399986399
0,0.3425384876560207
0,0.5410104579355378
0,0.2662572890922648
0,0.4539500530398657
0,0.5137863200159121
0,0.20321552203792356
1,0.3642963064428535
0,0.301925848945231
0,0.655713323989215
0,0.696228988533902
0,0.34223703150178814
0,0.4131875734870658
1,0.53038129230188
0,0.45721942704771185
1,0.2900034628509456
0,0.42219223578088605
0,0.30513063396387347
0,0.7524418448004149
0,0.3948832305873729
1,0.8271520832021881
1,0.4647107220446883
0,0.3523082968308829
0,0.6652588439689798
1,0.7001998177202096
1,0.5917158903212595
0,0.34773422246054797
0,0.2830650389692297
1,0.5937581222121541
0,0.49256921978333107
0,0.35807990308551774
0,0.5888972087336379
0,0.20580991150178984
1,0.6260314341933454
1,0.701988033224857
0,0.4648769218268302
0,0.664998994842182
1,0.3127502897575378
0,0.6555648406421084
1,0.6671132772737906
0,0.4489298836378249
0,0.6052416895601227
0,0.30470027244694436
0,0.5504860093095721
0,0.4183441218145206
0,0.7266295105545909
1,0.45955295089420123
1,0.39394728079637537
1,0.2811192618689875
1,0.8154008575417108
0,0.6521677813863421
0,0.5122643434466988
0,0.47372307511369816
1,0.5875114563939349
0,0.3813942813812976
0,0.313286372334173
1,0.5659924869696863
0,0.4254181448886471
0,0.5299379525822265
1,0.3853113181870984
1,0.47237063951817915
1,0.764128051472794
1,0.47723394220671533
1,0.6726437010478581
1,0.2953881539739228
1,0.6140659163698252
1,0.714463943811758
0,0.2332734779412918
1,0.5207147928691195
1,0.7115329705367772
1,0.6893385730227735
1,0.6697034834587117
0,0.3457438838480102
0,0.6569021195152007
1,0.49201137951026674
1,0.6608838414447895
0,0.22587935588894612
1,0.4331299880370718
0,0.16700721892353476
0,0.700531688904134
0,0.26656592658099454
0,0.6703898610024438
0,0.4103833650780485
1,0.6707626373170397
1,0.28311053141663095
0,0.3030277719202712
0,0.7007252828785927
0,0.4750602487513986
0,0.4838207577965138
1,0.24186840854186378
0,0.4706075760913304
0,0.5725024397508534
0,0.32168985575948145
1,0.6012350716888811
0,0.6601586459559885
1,0.5294468290195022
1,0.3311875841160273
0,0.3353350316636622
1,0.6422326545342559
1,0.8210208384177637
0,0.73570023457193
0,0.5713183067643874
0,0.3050218933443475
1,0.6403731858460954
1,0.7918089258984711
0,0.6144910579475382
0,0.4229834050039845
0,0.6330413749556411
1,0.4161017285242162
0,0.7384808719420285
1,0.3983049023104853
0,0.2681225192213551
1,0.744454271926309
1,0.6457967494878792
0,0.6801190585771364
0,0.34634340360733346
1,0.6975460621705126
1,0.6731337184556064
1,0.2880412933443771
0,0.3022891210693655
1,0.6360045921619214
0,0.285434724994777
0,0.6668076162129098
1,0.4817274151698203
0,0.39377570228764364
0,0.5655786423801336
1,0.5887025786834859
0,0.29104402597822054
0,0.4229751577885467
0,0.7219635097597152
0,0.3858264039187303
0,0.26621094524112393
0,0.5093723861482764
1,0.34340405472808394
0,0.5454804178619569
1,0.7551994826455861
1,0.7887556500817495
1,0.7796272226046648
0,0.5185740528913907
1,0.6728990463196638
1,0.37625184550235924
0,0.21629522492478
1,0.6255252782282767
0,0.5461314784916123
1,0.6249012631070369
0,0.3006158337400048
0,0.8207857964192413
1,0.6772991565814914
0,0.8003089971395774
1,0.29697522413492394
1,0.4107037198464593
0,0.679065652986275
1,0.42016576750440277
1,0.5110578234366533
0,0.6335668432442851
1,0.748538826214242
0,0.6018151495081321
1,0.7614529228741388
0,0.415748330516059
0,0.46076028644572653
1,0.2629665759257984
1,0.6191747082590465
1,0.7326210995373961
1,0.6748272425736832
0,0.414450790530782
1,0.3550823195202179
0,0.5541002606593315
1,0.6202474246674274
1,0.5867139918074509
1,0.7261719452468873
0,0.665218093783081
0,0.46548820258501794
1,0.4859891118234441
0,0.2919480729903155
1,0.4705438429575343
1,0.7147760172060554
1,0.7187213880648229
1,0.5073270619230988
1,0.43124612747162905
1,0.4877900671476034
0,0.20023951856946878
1,0.7050575704219693
0,0.7723636593463472
1,0.8107934256057505
1,0.3296573144412977
1,0.3872878225220997
1,0.6615630756657827
1,0.7294647777551162
1,0.2283586564044083
1,0.6490548530508142
1,0.45483889999481325
0,0.4948337220804725
1,0.751832418689084
0,0.5142738687047903
1,0.4470238092298026
0,0.548411948374049
1,0.609992197885998
1,0.6533999715985522
1,0.4345390282968115
1,0.6272280356639736
1,0.36146585184078106
0,0.6399104538493291
1,0.5965737782908297
1,0.8426147575580659
0,0.3226188991757402
1,0.6335929127257348
1,0.5324283191224283
0,0.31416100731298197
0,0.4832238648210795
1,0.7780101125027149
0,0.22704471359446687
1,0.772646644587614
0,0.7171671642967499
0,0.675397479653528
1,0.7002841568119289
0,0.3913571001100492
0,0.2611416518655242
0,0.36024033983182635
0,0.6246836663412334
0,0.5001983460770049
0,0.5759402893852904
1,0.6412428037444307
0,0.7334865455903179
1,0.33766757568973016
0,0.4885775058464816
1,0.543327413532289
0,0.49875462688675365
0,0.6416318555579218
0,0.2973370877675937
1,0.8183704410767539
1,0.5146578580602528
0,0.4349036076129236
1,0.8004951106058856
0,0.4692615647671008
1,0.4069851103979632
1,0.41177297434134374
1,0.5809908658212831
0,0.32079811348221793
1,0.6110507352915002
0,0.19876925154150593
0,0.6368601360249982
0,0.7077803399890459
1,0.8070065280696959
0,0.4573026438544531
1,0.20553502053901915
0,0.28572803898739585
0,0.2051409143324694
1,0.24560448058942522
1,0.48505989388740445
0,0.7469727633425483
0,0.28708073773501375
1,0.4697743353068083
0,0.7971986258582601
0,0.7127003060014552
0,0.4199362580511902
1,0.5438312278509548
0,0.7092473579839338
1,0.4880483755304365
1,0.6719872534271275
0,0.7272975342437834
1,0.761627761656992
1,0.7497130423219898
1,0.5025227698471624
1,0.5146328664549492
0,0.5952100923265534
1,0.7757637033081882
1,0.4858651972043897
0,0.23848617972866767
1,0.6546160890322942
1,0.6082675054554443
0,0.24971153163195303
0,0.5855198137643857
1,0.6673752139014225
1,0.4315848009575707
0,0.6297272506766894
1,0.6917192072444321
0,0.7196635539438455
0,0.3393951919546875
0,0.2626344771362085
0,0.47555087049443545
0,0.31836093025040685
1,0.4391562769157954
1,0.6584696340571649
1,0.6834675484624312
0,0.5881044753255812
1,0.7335506023555693
0,0.4589367711227096
0,0.5965743279055752
1,0.5355933204809524
0,0.2894344751209919
0,0.5757286877906445
0,0.3933124176122519
0,0.5151199152140657
0,0.45425468062974494
0,0.45904776069906755
0,0.24217885350193377
0,0.31201427233137763
0,0.3858999049015752
0,0.37466316801083077
0,0.3745605129428404
1,0.6655333650906133
1,0.7973256838520263
0,0.41470803785879
1,0.7814465734169092
0,0.20875873087315994
0,0.45175261253934484
0,0.7742498051213417
1,0.7576300390725833
0,0.3680630846501063
0,0.5598371962480921
1,0.46379388383538167
0,0.2432220843586747
1,0.4219748398530319
0,0.40266763198998445
0,0.6008245178494835
1,0.7042701259255189
0,0.6198015053656956
0,0.5806528584070514
0,0.5443422781870239
0,0.2937218167550525
0,0.6539171578871859
0,0.3620566021649528
0,0.33150785690609264
1,0.628442452834121
0,0.7211549948771527
0,0.5405006310513728
0,0.30202116416907027
0,0.19188547258564131
1,0.677022704866626
1,0.6773514922846903
1,0.43940383940761335
1,0.5218131186127845
0,0.23761379288914491
1,0.8110984566744238
1,0.5706133468872648
1,0.5257991507955662
0,0.3619991576413871
1,0.820471550447461
1,0.690071769171336
1,0.6860473014547748
1,0.5065233078984527
0,0.4753458680662164
0,0.2728547864629205
0,0.33759290278743437
0,0.60401623105425
0,0.36566541813134884
1,0.5182703224263495
1,0.5407276467389337
1,0.5337522052877358
0,0.48625055106572246
1,0.3848377530816605
1,0.573113582169247
0,0.23560949843807397
1,0.47555874733555714
0,0.6693268814586382
1,0.2958948019674127
0,0.48642855865504764
1,0.5138343792170126
1,0.6237538282925634
1,0.5509483613201523
0,0.35626709146463326
0,0.40101582091236343
0,0.5214734879235305
0,0.4910015317640404
0,0.31823440309541184
0,0.35871692120230514
1,0.7041202008959672
1,0.2817334037784254
0,0.48759639850839603
0,0.24455960866939858
1,0.3846971915478848
0,0.6148702607750008
0,0.5977297427204528
0,0.7381005660277472
0,0.2833118857055573
0,0.5459689221363113
1,0.6494859342638459
0,0.3249907874150871
1,0.3004296293742224
1,0.5349908533174061
0,0.2862607496931689
0,0.4894068851216195
1,0.5972609657380965
0,0.6954056970780048
1,0.4895319889796707
1,0.686104458148633
1,0.30563092724403007
1,0.650736861259796
0,0.5284949995403468
0,0.4749610087358615
0,0.7694700133441689
1,0.48599109656406064
1,0.7774903872820437
0,0.6415198610719128
0,0.3867971836301013
0,0.6579665416142345
1,0.6096173936038009
0,0.4235676236648271
0,0.2912010800743662
0,0.3261068055747232
0,0.5562581025848031
0,0.288215722963324
1,0.5749777277978415
1,0.6062813851681693
0,0.3515262578250434
0,0.3595667936214751
0,0.24858634665135854
0,0.4407266353164576
0,0.38718237139398826
0,0.45768407131905753
0,0.4259539332848221
0,0.7979612099184732
0,0.39304823123492927
1,0.61727040871785
1,0.35751882299349985
0,0.3601747771208268
1,0.5752176752861974
0,0.6657811113956837
0,0.24528660578038758
1,0.4368253403370922
0,0.7644836483339708
1,0.6580551251085235
1,0.349991850035425
0,0.5781203443324987
0,0.28705651339382604
0,0.36420245109188226
1,0.5798682425505035
1,0.6356066627241971
1,0.5720117218088037
1,0.3027275105275731
1,0.7030057404049486
0,0.39280836378452527
0,0.5551525973710448
0,0.3840591821817759
0,0.3065472720212925
1,0.40459172604483934
0,0.607539190157049
1,0.341845967956705
0,0.38538553793826985
1,0.7272557717747498
0,0.33033776416775096
1,0.6065984649751643
0,0.6165471590107037
1,0.5373620743567092
0,0.47348498657464433
0,0.4457769003929842
1,0.4178186406609406
0,0.6255717055903897
0,0.5655886194649439
0,0.5360812862565626
1,0.704923303059712
0,0.2445436054121801
1,0.27496403570829453
0,0.3293423712990283
1,0.42778159522182935
0,0.33583375919809644
0,0.5144325861738501
0,0.3314792362631967
1,0.7989907405742387
0,0.26362257260083155
0,0.5581118315336293
1,0.6739460205793629
1,0.29931754111010445
1,0.3828450335774581
0,0.47918683193080375
1,0.6764152252475796
1,0.5169139194425485
1,0.7036202858933612
1,0.6952539708682571
0,0.4440015883955202
1,0.5192113461540694
1,0.7462446073485031
1,0.44528470904926043
1,0.4901383086740531
1,0.37380368488531196
0,0.28164802108860204
1,0.3088196197577207
0,0.6422863254944262
1,0.37346980608301555
1,0.7763867954641247
1,0.28969200262767114
0,0.3012503764887845
0,0.4871461009550145
0,0.6420011543104359
1,0.3575564122001805
0,0.5484675753770751
1,0.7891174527832142
1,0.26830662171966124
1,0.5307523017419502
0,0.7426368879495809
0,0.6650938156443742
1,0.4613359871555417
1,0.45696093775233404
1,0.6255585896555976
0,0.5672164279128865
0,0.48250259027094694
0,0.719650840015685
1,0.7052754287090469
1,0.6070083262099326
0,0.4010335823729144
1,0.5572911652171231
0,0.3131262838350962
1,0.8147686128251272
1,0.5767169472506017
0,0.3276547128560916
1,0.47997186431729133
1,0.5493109634045005
0,0.4084753085662965
1,0.4090930719995572
0,0.24981033260820748
1,0.7480889028190228
0,0.2616307240944032
1,0.7605863304043559
0,0.23871593156000176
0,0.23791114340400912
0,0.42947590027626165
0,0.28533299897605086
1,0.37273692243940953
0,0.37260996787952483
0,0.6282717739345434
1,0.7286055367123037
1,0.390622653679642
1,0.4438951375295583
1,0.7406801305621987
1,0.36501576968515576
0,0.5372504133756738
1,0.48956462467534184
0,0.6354296703256522
1,0.2981111831559719
1,0.4193795069697051
1,0.3595415545923112
1,0.6867262774530579
1,0.2817495774965212
0,0.36288305189945813
0,0.5716194233097097
0,0.4985750124869613
1,0.8184963498925973
1,0.42445099002082154
0,0.3540386515459199
1,0.3078258464854139
1,0.6351312217913594
0,0.39285228998028127
1,0.7170093171865684
0,0.5246631844039514
0,0.3202664825624106
0,0.2983651072299794
1,0.44048918895319816
1,0.22413482588170594
0,0.47360444931455314
1,0.6838592771760557
1,0.7205737942086667
1,0.5271425635524276
1,0.7691213855626996
0,0.25936368951257843
1,0.7323430966049617
1,0.3229372780384322
0,0.44603874392858356
0,0.2399234832837154
1,0.3954872141910605
1,0.6586568963372906
0,0.3603771335786869
0,0.2754946357009453
1,0.44462540431194614
0,0.36778697242983704
1,0.31397012912680344
1,0.6584850357433537
1,0.4946523055210009
1,0.5171082979998148
0,0.4090500562472698
1,0.39413182294093163
0,0.3076768272277861
0,0.5447062807619231
1,0.3849123788480211
0,0.2842180096733708
0,0.36658000206987207
0,0.5521555832218527
1,0.5518029625380612
1,0.6400356161887051
0,0.34508366645280897
1,0.5115195763432858
0,0.46325995560421246
0,0.27387501384575624
1,0.6298111153499881
0,0.5142750703897583
0,0.23283894434961788
0,0.36791948173151795
1,0.6430618414388168
1,0.5305158829566418
0,0.3285087546284468
0,0.6582615779420022
0,0.4965355941273306
1,0.659896756080754
1,0.7524567106537399
0,0.26628906650955164
0,0.47312514185259846
0,0.5126185924464405
0,0.5974312475167328
0,0.24030983357944763
1,0.5400665362600109
1,0.7934315238787178
1,0.35483278157211356
1,0.5820911567284304
1,0.6411061506916688
0,0.23058665921198915
1,0.5774374176152255
0,0.3755225886137358
0,0.2785661976523548
1,0.4311074977914164
1,0.6047158436641501
1,0.44746692027652024
1,0.6703152967945611
1,0.39760612119818994
1,0.802452341257312
1,0.618275740232447
0,0.5239472421113359
0,0.7215954349905916
1,0.37786710998850953
0,0.2624005314894378
0,0.6966537394717399
1,0.7975159402015304
0,0.23649464045396665
0,0.33953694979004007
0,0.5287664802016132
1,0.6630682547416886
1,0.6816770464929499
1,0.698272072550609
1,0.5806690635163003
1,0.4150452188917241
0,0.4494901042192295
0,0.3699506558003818
0,0.46026322544403203
0,0.3182032290251859
1,0.4506047744865689
1,0.5900507536141976
0,0.31487445626006005
1,0.3747735832774769
1,0.41505670297007474
1,0.6675955829599542
0,0.5214466630244338
1,0.5355484367911487
1,0.5679764295129037
0,0.5197201519361337
0,0.47371304680686155
1,0.6564201237223862
0,0.24241398598468808
1,0.7160640145138517
0,0.2643429137782525
1,0.39636494132146377
1,0.4519369422485821
0,0.3638665488157395
1,0.5513511884315101
1,0.7516445854969517
1,0.4817645911077162
0,0.2853640051766501
1,0.5968391982307937
1,0.588202836884225
0,0.4238977888359164
1,0.5467071078647271
1,0.8153993714395852
1,0.4930699348921383
1,0.25046948458554436
1,0.6669729013782874
0,0.6133460308515957
0,0.6898241442098634
0,0.20936525747963397
1,0.5159129679632963
1,0.6670392225148446
0,0.41927355729645976
0,0.44768072223700967
1,0.57491216059156
1,0.4505789200427743
0,0.5964676871422276
1,0.4010952747263036
0,0.33770526268240786
1,0.5807795953318977
0,0.2765669903213546
0,0.4381188036384425
1,0.39301720817592817
0,0.37356107513667003
0,0.3839390110892605
0,0.4904352741297856
0,0.6913908109376303
1,0.5211798800246822
1,0.5625379467324243
0,0.2647851403604354
1,0.7668336460394218
1,0.6060990879470615
1,0.32602399647635616
1,0.6590505109615662
0,0.3200299166852841
1,0.5076854166457414
0,0.3782449702744227
1,0.38427502218322196
0,0.2732158653881296
1,0.3959202741528088
1,0.44963298730121687
0,0.4949791448031858
1,0.5894128484758069
0,0.27526428999963964
0,0.3159674876995835
0,0.2578381925791741
0,0.5620054111860906
1,0.2942453960136243
0,0.2890102288061362
0,0.28217350610046316
0,0.2719292708315599
1,0.6151938172558019
1,0.7412634377964873
0,0.3703170618874654
1,0.47552580692885354
0,0.4112875010295103
0,0.4418088064752597
0,0.4965240890223081
1,0.7281354408466372
1,0.7700780419282881
0,0.2534463271363459
0,0.45526316523424976
1,0.7743266186415395
1,0.6498781001168815
1,0.2805510164929739
0,0.4280992605660376
0,0.6576188917681994
0,0.3861318819922476
0,0.7203266988623859
0,0.24707398841985828
0,0.3904348600979417
0,0.5829180621818261
1,0.2614515231544342
0,0.6766284530242938
1,0.716300077835037
0,0.5017176663676401
0,0.2410066635675347
0,0.43428426323212943
0,0.20900715894853114
1,0.7668991945262339
1,0.5612562954573171
0,0.6243810109698175
0,0.4567185142844681
1,0.7954107237052364
0,0.37283301388439105
1,0.36874463017563586
0,0.375219647721827
1,0.5270535410253931
1,0.6912396507696159
0,0.6160004196864796
1,0.29997207959480715
0,0.4999454615478615
0,0.4221500573603071
1,0.7494251103838896
1,0.7104652339505163
1,0.5932025423074275
0,0.5096460348450486
0,0.3385924026435515
1,0.7146738331386695
0,0.6901760894825976
0,0.28201322463935097
1,0.7572205958002354
1,0.37997192706845856
0,0.25438503248944383
1,0.2812577901586896
1,0.669900167517187
1,0.7092049997312908
1,0.7020337594558415
1,0.2594623637121667
0,0.5134175599616383
0,0.5662600245548445
1,0.6895253122600834
0,0.37137646512092876
0,0.644775654624516
1,0.6444258199433436
1,0.601697786155673
1,0.6131774045710454
1,0.5873618061058823
0,0.3468980955449099
0,0.5862203853760143
0,0.65591707599244
0,0.6302369866571904
1,0.5318318764632716
1,0.6621975926389742
0,0.37231085328629054
0,0.2726501897170337
0,0.45422826243139414
0,0.2959921451900399
0,0.5787758894659886
1,0.5539687854074383
1,0.5053693751577982
0,0.32675271480989454
1,0.41899825129190443
0,0.425154583729909
1,0.36757599133114055
1,0.5184659406229979
1,0.7293187350308766
0,0.28160788416749816
1,0.5787327898743384
1,0.6358845798580023
0,0.6266513173831304
0,0.2895830373439128
1,0.600158765563523
1,0.3370214915756076
1,0.48470274244888795
0,0.25538076550986377
0,0.3405164277087327
0,0.5754312481959767
0,0.3645009006480067
0,0.18988324872974235
1,0.6695968706902857
0,0.39283746187724855
0,0.5671162072675737
0,0.5114292857195172
1,0.5980803027076679
0,0.5305611290097784
1,0.556673759871322
1,0.2688349101573505
1,0.5529407533113279
1,0.6134945017444964
1,0.6745711449672815
0,0.2872143499288618
1,0.7696780880248923
0,0.5882353952424736
0,0.6795155143142916
0,0.2627767898027823
1,0.4815270241021219
1,0.7996545333392033
1,0.6398555750868672
1,0.41928056454735735
0,0.4260686578010339
0,0.363212793162311
0,0.6679751007009491
1,0.7060230472002629
1,0.6080962426308456
0,0.36963719332565365
0,0.43345316366071146
1,0.3064723087445665
0,0.6151693316395128
0,0.6469645215873807
1,0.6097232643508238
0,0.36416146436171964
0,0.37871751112291485
1,0.454606443170072
1,0.40486865241622016
0,0.37985601473763775
1,0.6520362293164385
1,0.3464036026728701
1,0.41509716890874343
0,0.2136633728110804
1,0.3738745535802907
0,0.25747684828601647
0,0.37438384463144575
0,0.299213707958801
1,0.46982082403395004
1,0.5699789020804891
1,0.40475188616642693
1,0.7972328745645827
0,0.24512041394507317
1,0.24117049188222564
0,0.5516132684094437
0,0.2937001715913462
0,0.5429032307478907
1,0.6080071991741913
0,0.40524255874039183
0,0.7721600970719885
1,0.35224957664300177
1,0.570293007897187
0,0.2662681434410427
1,0.7257511254835074
1,0.7465226365700494
1,0.6243638279081916
1,0.5924723322368489
1,0.5490384026997754
0,0.2982171325968366
1,0.7781303545731286
1,0.4974392620392519
1,0.7712439574306527
0,0.5368411683095665
0,0.6493006132788316
1,0.5254607743712761
0,0.3174729711902112
0,0.4307553570519119
0,0.2049711815647761
0,0.4521499069554353
0,0.2767199563237712
0,0.5063014965316653
0,0.6246992966739785
0,0.36537290645858966
0,0.3977883889992989
0,0.5521112007681818
0,0.6594092955491476
1,0.33780492750717356
1,0.7977775613517037
1,0.5994751054992202
0,0.33018520236507864
1,0.22098901428800055
1,0.5845374322574323
1,0.5871235888942498
1,0.5493475625071299
0,0.5945239979216286
1,0.7550563033610608
1,0.810306377510286
1,0.349799392170484
0,0.3324743982803107
0,0.2942775803417889
1,0.7076111712335451
1,0.6994180541355965
0,0.36429580084824087
1,0.24153940382784223
1,0.792696012223779
0,0.5478972024534913
0,0.3538017867829642
1,0.7359460608963446
0,0.6393505000882038
0,0.2474355931332632
1,0.6937335508887642
1,0.3986905176399757
1,0.34425674298725256
1,0.2440942661933012
0,0.6831077718244823
0,0.4883441085609401
0,0.2960721283737551
0,0.4774667493378004
1,0.483826562285119
0,0.510661195847125
0,0.3290521837759286
1,0.5890488070261064
0,0.23634041438949505
0,0.5852265228083899
0,0.7495235245673252
0,0.3979847542580899
0,0.5038861597794437
0,0.21355446642613155
1,0.7836491954305541
1,0.5678565685688851
1,0.7833158589864775
1,0.643399299679576
0,0.531539901112501
0,0.32790897146746584
1,0.4833127016667404
1,0.3645312992004271
0,0.4992758613229602
1,0.4321286689453857
1,0.6142407996190479
0,0.23699563289438955
0,0.43053686543029596
0,0.789788179926574
1,0.6637307765881396
1,0.6393782354291581
1,0.4222393979063898
1,0.7290835635982292
0,0.6082065280681621
1,0.45998119532296255
1,0.43436479784695925
0,0.44913551076629993
1,0.3090121058946263
0,0.3438898871095954
0,0.2955951613818383
1,0.6028117876433935
0,0.5758127494261699
1,0.6040375688541574
1,0.8039834280416982
0,0.5954765767096584
0,0.5467627139412163
1,0.7500513565767459
1,0.5441089279536845
1,0.7437389965525089
0,0.3439160612989792
0,0.5450667148252769
0,0.32348089001954045
1,0.6043522420319436
0,0.5848028397282602
0,0.2878761964828818
1,0.46258337547274353
1,0.3440854631069715
0,0.4189930715421858
0,0.7496477473973805
1,0.5208689652422543
1,0.6818460286850689
0,0.39596042761563294
0,0.7869892691889312
1,0.6206924628427303
0,0.29909316115773066
1,0.7653450577731706
1,0.763736062735023
0,0.4179473979962164
1,0.30438444054237335
1,0.6149983782839628
1,0.6361838641620128
1,0.7207081235376325
0,0.2930705479642775
0,0.26966737181966466
1,0.29954922020572955
1,0.7104746649828361
0,0.2654710355439238
1,0.4250282109513372
0,0.5108736893332866
0,0.6895185136699441
1,0.34265061109491607
0,0.2743843954739003
0,0.6191864201580333
1,0.5317545342143599
0,0.35251661784299165
0,0.30854214926967016
1,0.46975288538011384
0,0.3392020933808593
1,0.5035864906850219
0,0.2662867886185978
1,0.7130895646625522
0,0.5079229083225227
1,0.6967227533999389
1,0.552750530539458
0,0.34719492290610493
1,0.43240487904193065
1,0.7971158957460909
1,0.8133964131631025
1,0.2921247786124665
1,0.456162447287269
1,0.7267610098126529
0,0.6775098832789841
0,0.26944876784424887
1,0.4133905332778769
0,0.6326512716548759
0,0.4092620956946211
0,0.4821982953163865
1,0.49383616105528205
0,0.5134250509429055
0,0.5556416320976775
1,0.4741537342596429
1,0.6435447702659466
0,0.5881182633170361
0,0.25971902190742296
0,0.5989796416591627
1,0.6347926280340026
0,0.364806779256939
0,0.31928158078606816
1,0.6153703280289914
1,0.7010834265279322
0,0.5607274419555647
1,0.4303070515225825
1,0.4150150315924715
0,0.4908875339037637
1,0.7383686163285148
1,0.6423956717263535
0,0.589355725799933
1,0.8229583066272267
1,0.7483628072547778
0,0.3550600275430633
0,0.39930541604293945
1,0.6672343656675397
0,0.48695672967871634
1,0.5988893864783293
0,0.4866596570869063
0,0.3362056524883688
0,0.6770483026494643
0,0.31230229926535397
1,0.652088028241671
0,0.3699457583756254
1,0.2258476465685868
1,0.6090046600504856
0,0.6378542071854157
0,0.2646952378614349
0,0.39140877442815464
0,0.24120593871228335
0,0.41733845657644847
1,0.6240622036356468
1,0.5598267460885298
0,0.30153362237753994
1,0.26279353527016247
1,0.6813304185462643
0,0.4552459390223071
1,0.5493804155671345
0,0.630017698550914
1,0.3434945672708591
0,0.27278079322275384
1,0.34341468721212925
1,0.5641117679169533
0,0.22178953668677737
1,0.5447217484580713
0,0.4464276427138801
1,0.5204255069500568
1,0.3991284603568733
0,0.5814837841247437
0,0.5745065643454955
0,0.7516915746255327
0,0.5601945989146482
1,0.6096263122283953
1,0.44925851527096317
1,0.32450833726223444
1,0.6444201783886934
1,0.7133991900873885
1,0.5666349111492212
1,0.5572160495949671
0,0.25693594899611066
1,0.5328367754724765
1,0.6467987161157948
1,0.5546954916771232
0,0.629143925101897
0,0.682872748935237
1,0.6725228496294102
0,0.6535869930884334
1,0.4215951221072544
1,0.7241717357798945
0,0.6107324734264555
0,0.5906437169828465
0,0.3514076511534066
1,0.5156812807138511
0,0.602152971397375
1,0.2909454747577135
0,0.43640322107410906
0,0.3117956923765817
0,0.21764103602708976
1,0.5203255697945753
1,0.44878569952493497
0,0.3526197569439895
0,0.26617579894100624
0,0.46637821505901333
0,0.34425984371507007
0,0.7467797357016036
1,0.5428591494337489
0,0.6479182863475488
0,0.5942805928498425
0,0.49807062274880887
1,0.5659523735130465
0,0.30789447051477276
0,0.2777628869078152
1,0.5623992037025648
0,0.21678128427145438
0,0.24122670774089547
0,0.5783252057117095
0,0.21505993467669038
1,0.743098044584532
1,0.4032908702262453
0,0.4511558568703545
1,0.7382742891359613
1,0.41629751541596255
0,0.49527107587272906
1,0.5037805527936032
0,0.30637968937921006
1,0.24736236503924564
1,0.7402581798492993
1,0.6430375781995223
1,0.4602199516185287
0,0.5127952585095903
0,0.4648042784381629
1,0.46158291492304376
0,0.5054370341369693
1,0.6362355704325358
0,0.5162566647266015
0,0.33646766846045617
0,0.24874397328219086
1,0.44160624177843155
0,0.4771638188614063
1,0.4755977771712649
1,0.7036602702151656
1,0.7529362149515432
0,0.3989383701684695
1,0.44711114679236247
0,0.28895590015858147
0,0.21270247124839955
0,0.2885581493481246
0,0.3931506294539982
1,0.674605472211262
0,0.34939007247705983
0,0.27049676948043905
1,0.5808368451001483
0,0.5249921538040001
1,0.43084320587054975
1,0.42361719991957614
1,0.6855436946489396
0,0.5232170896565255
0,0.8094892145236776
0,0.5449994796888848
0,0.44604571372647195
1,0.6580680473930519
1,0.7703701987848209
0,0.40120032489739943
0,0.5088612199276008
1,0.7378927815732926
1,0.6721340938883843
1,0.6421349755125295
1,0.48037800343113446
0,0.5026620802503786
1,0.5517395992100723
1,0.6454914954867269
1,0.3224531095529876
1,0.343318496975256
0,0.3083227815525409
1,0.7040755209774964
1,0.7346713140496249
1,0.6028772569384548
1,0.5093692292888865
0,0.6304293012981371
0,0.31721273922093846
1,0.7828884544809369
0,0.2685140597535075
1,0.8256438070737128
0,0.4388936738051685
1,0.5466930768232143
1,0.443621750885721
1,0.6485305172621874
0,0.5931799834644679
0,0.37552707131034596
0,0.3239881441361085
0,0.2813779657991883
0,0.7933158222738828
1,0.7015349421020023
0,0.5587250645741041
0,0.2788167652862165
0,0.33592266626831063
1,0.3613754980534147
1,0.5259473559162063
0,0.4549210950725478
0,0.7157093270451216
0,0.5981655977419765
0,0.5840899320176427
0,0.309578794932824
0,0.26109394218645776
1,0.6647492110863802
0,0.2006210257228836
1,0.5818964649307484
1,0.7299149687792591
0,0.5603426724234839
1,0.5911339750109847
0,0.334300945519644
1,0.7178243792254939
0,0.6638062711669585
0,0.5308158001183314
1,0.5579692561684128
1,0.24379147081720395
1,0.7740806543628317
0,0.49468355490618754
1,0.6549120361124227
0,0.40252230851519777
0,0.4711857775439185
1,0.7234750015658772
0,0.4219567827749971
0,0.2691703080184677
0,0.5969993394849158
1,0.41389612757816907
1,0.3651450802056327
0,0.5068765435070074
1,0.7972045216938796
0,0.6137887916915047
0,0.5759423112343005
1,0.6385982332456928
1,0.7196047519610939
1,0.6810880585383733
0,0.3125679039330853
1,0.33667551975935633
0,0.3301931102884913
1,0.7372735565036623
0,0.462996316957634
1,0.59867469156803
1,0.6801139004547949
1,0.3555616329451037
1,0.31822832142661656
1,0.4104026588202195
1,0.28671174781113956
1,0.6787003690353334
0,0.264394342680671
0,0.28768067853989915
0,0.5467807798455157
1,0.48952173701208707
1,0.7351597794086686
1,0.6459504749352817
0,0.3385310872355321
1,0.5875644598810568
1,0.7621139919468375
0,0.23287798399040516
0,0.21188907937670057
0,0.5058939280296614
0,0.33954103636957944
1,0.5590550298085496
0,0.42138449766828107
1,0.4088053711640822
0,0.38422124867162694
0,0.5990070150486454
0,0.4114952964699388
1,0.6432353020190142
0,0.3326475110437175
0,0.5499677013533762
1,0.5703387461499437
1,0.6347867028137347
1,0.22881428363208428
1,0.7245485022678002
0,0.46396269828640374
0,0.6547899752443543
1,0.6307388853234533
0,0.6926105169495027
0,0.30401107071019706
1,0.39367140142934154
1,0.19540926222668886
0,0.6401535255656009
1,0.3288710456088404
0,0.3227936123762514
0,0.4173192262630718
0,0.2621642150993662
1,0.3903462425147893
0,0.4676431637963318
0,0.2649459728087759
1,0.6935106138657898
1,0.8039842026541963
0,0.49949107500284023
1,0.554441337561412
1,0.5720071591445811
0,0.23012957082032587
1,0.5227598283205592
1,0.7656401722554462
0,0.6867607328861284
0,0.29932559574013673
0,0.3691279889372876
1,0.3056928192783553
1,0.6351897858504779
0,0.24170817197247577
0,0.5726575403465692
0,0.3291623927898108
1,0.5106948338919103
0,0.4409599476261184
0,0.5541985579608578
1,0.37949721739688985
1,0.6263050906082399
0,0.7446380323525649
1,0.47798524081056903
0,0.6002262397771825
1,0.44637830360931474
0,0.41267909402794895
0,0.6410879789032651
0,0.5232459614991836
0,0.4145277099298806
1,0.6528049277143092
1,0.7344794040383475
0,0.7444997730991797
1,0.4802534815882506
0,0.2884687930455585
1,0.4604639949010661
1,0.6454499224511033
0,0.4918750210210295
1,0.5978038661301924
1,0.729300163355784
1,0.5079275933413723
1,0.4076350979349587
0,0.340923800144441
1,0.2579884432195206
1,0.2511268836589574
0,0.5232080028707037
0,0.6113839398566888
1,0.5438567140254235
1,0.4907888029059578
0,0.5244039977834797
1,0.724935567425415
0,0.5049888096717764
0,0.3700339534784512
1,0.5352881483933316
0,0.3516617607582309
1,0.782432043065563
1,0.37597376297458956
1,0.34603151541650234
1,0.6932004650630007
0,0.3569325244507127
1,0.6829871388087705
1,0.6782445631911269
0,0.6183675175774042
1,0.7139361888442913
0,0.36805493982189225
0,0.37756485041367727
1,0.5045655068574567
1,0.6760902977960351
0,0.2421897427552109
1,0.5098938304902424
0,0.623464755130657
0,0.38907869860202554
0,0.6741752472785384
1,0.6184325220669349
0,0.5812442822086974
1,0.6563456179330434
1,0.2690362701925323
1,0.40915282468897834
0,0.28835918732635163
0,0.5876139713631536
0,0.6463998526469773
0,0.6599667319366215
1,0.5503226307600088
1,0.6282571914209968
1,0.5688518258106914
0,0.6850905696524826
1,0.5548609789059532
0,0.3806664975404891
1,0.7781114694309381
0,0.6084123252209915
0,0.634434324499201
0,0.6772819859072818
0,0.6082072440896417
0,0.36044109549618863
1,0.5215783470696969
0,0.2791413537024334
0,0.39383671800252645
1,0.7983681375880357
1,0.4025966940460356
0,0.27937875695876724
1,0.6853175089137018
1,0.39892712902485933
0,0.641114313281429
1,0.7719175955301893
0,0.7030696268435961
1,0.5197061767235822
0,0.3003410804977853
0,0.7006089387091086
0,0.4365636078777746
1,0.525892570516902
0,0.404153290863615
1,0.3702827675566703
0,0.2553481547653138
1,0.651661541631677
0,0.33900474588499335
1,0.5418835768016473
0,0.36562933523513
1,0.618368911420977
1,0.435857039944403
1,0.39299317504149267
0,0.7129313690321416
1,0.30687285247377977
1,0.6568871918234832
1,0.34770336074272395
0,0.22505712757452756
0,0.49021390456598796
0,0.7694663274085198
0,0.3614296310374793
0,0.43319720100548115
1,0.5859314392230436
0,0.3742935954849541
0,0.370479425379659
1,0.4894172872539117
1,0.7352394907558012
1,0.4911859834931301
0,0.5241821375784491
0,0.5898272596647101
1,0.6865955537315723
1,0.7463983595537654
1,0.7354798241968296
0,0.2270909731114835
0,0.3299868141023526
1,0.43951345109891926
0,0.39776440735183527
1,0.4824141057290306
1,0.6330943656570991
0,0.32316343549809456
1,0.5820496290971703
0,0.47578212102977685
0,0.2698806861271747
1,0.29789747964033986
1,0.5151794193158008
1,0.32543454084951723
1,0.5060608591786251
0,0.29803825326858085
1,0.4897594779266062
1,0.6302119393856286
1,0.5611155164102751
0,0.40910898977939963
0,0.6619315838692933
0,0.3276204194182932
0,0.5184103200138045
0,0.6304898271297125
0,0.46736675766984187
1,0.5608754550759254
1,0.3193392039460014
0,0.4903521206164017
1,0.559707091507455
0,0.5929583598377483
1,0.493195117567
0,0.2886945298863216
1,0.41227833368087047
1,0.8213710251641959
1,0.7103716500332069
0,0.4377674283280087
0,0.27658476579814323
0,0.5272406654171743
0,0.5298390444558037
1,0.7735144686561264
0,0.5318552528645228
1,0.7735610346643191
1,0.7168795238172476
1,0.463709029900423
1,0.6510128729709399
0,0.2853155081016493
0,0.542741811175754
1,0.4211004738485977
0,0.6260055872519181
1,0.7155013627147047
1,0.38088529808478605
0,0.3260163040882443
0,0.3502783445802138
0,0.24734488829195944
0,0.45054918966117863
1,0.4812255270880766
1,0.8057053329110299
0,0.35291724748857123
1,0.23699724545209655
0,0.6671696243565576
1,0.7146513981390594
1,0.6288538030186864
1,0.626387022261858
1,0.6272403663631261
1,0.5758303827240535
0,0.26169215986756356
0,0.31115562446877854
0,0.36416716589167236
1,0.4388755563322984
1,0.6753497858107421
1,0.6795173883782752
0,0.2570874981594775
0,0.29533685661578035
0,0.22632295920703235
0,0.3321272133237485
0,0.3934612208943779
0,0.34719063088596996
0,0.3878190410130765
0,0.34084771697278077
0,0.5113499366041261
1,0.49588988828297537
0,0.2703575081934903
0,0.3488066815099899
0,0.30094550183913144
1,0.61392431772533
0,0.27802624589424807
1,0.6207149005147389
0,0.5475526826852454
0,0.3501071051254763
0,0.4628569272604151
1,0.31995028633488903
0,0.43538133323161826
0,0.642049811343096
0,0.5896501621943978
1,0.5524145657521619
0,0.31997235994988077
1,0.7035219447862768
1,0.6251921882009568
1,0.6269283739703075
1,0.6462916334549779
1,0.6861425879055877
1,0.3467941985434198
1,0.3897873809366727
1,0.7223671893496284
0,0.5765158412893348
0,0.44708004980214366
0,0.31790044932690537
0,0.5460740012416602
0,0.6454795793505753
1,0.5694216061214267
0,0.6422905770501312
0,0.47094719340150715
0,0.32032433753972983
1,0.6915018770088267
0,0.37461982407086475
0,0.47731354909733104
1,0.5398185266312331
0,0.26330278698311055
0,0.6301004706358454
1,0.5951637400256582
0,0.7847167017916793
1,0.548737432017461
0,0.5552267487382562
1,0.3789963285536042
0,0.3546686936697864
1,0.33894793129349815
1,0.4478740355049926
0,0.19786188283469908
1,0.38525550062035513
1,0.40984920627667215
0,0.3223782284941824
1,0.6348667385042583
1,0.4302449631547845
0,0.5162856921717676
1,0.7394428310330442
0,0.5325137882169659
1,0.6425165074741434
0,0.3450499318389764
0,0.38125818579320253
0,0.40063879432161603
1,0.7316782264350862
0,0.3371739258648842
1,0.6735803519050579
1,0.7226752102502425
0,0.21004336380932884
1,0.7370843592391312
0,0.3895937952380552
1,0.4579877093442663
0,0.3203655789349364
1,0.5677586184237643
0,0.3156004671359211
1,0.497134828089638
1,0.4724612018401532
0,0.6936711498985089
0,0.3102960592105847
0,0.40203550754120293
0,0.5824330421195508
0,0.3605372303895531
0,0.18337645090839488
0,0.34957488252799607
0,0.39049414747754585
1,0.70479374558315
0,0.530097782899636
1,0.38311499972586655
0,0.6140337204383618
0,0.39504602385474236
0,0.2995620244712675
1,0.4720090978913112
1,0.38446645690508774
0,0.4840837719861084
0,0.5453940328061264
0,0.44707820913168766
0,0.2633029203363998
0,0.2416687371012235
0,0.5370773979811756
0,0.3596309243411732
0,0.36192960757617815
0,0.40971794420054036
1,0.3499137033363028
0,0.540755687672678
1,0.7368501290353549
1,0.6234996927681301
0,0.5081081635414443
0,0.522935088991744
0,0.29143262610936543
1,0.3805322834316932
1,0.4306394307602535
1,0.3204869234871688
1,0.2488493223704892
1,0.6884436394259814
1,0.617688544716257
1,0.5433173019966663
0,0.34243901830368323
0,0.48433820929050486
0,0.41897424889660095
0,0.468667397726631
0,0.5880056741279006
0,0.5639347203610557
0,0.3326823226096285
0,0.5167116135540077
1,0.3933654046045718
0,0.48014705682857894
0,0.4199258366478921
0,0.33961977466853355
0,0.3836659185241278
0,0.4439244163324811
0,0.40720606382074437
1,0.7344836874110668
1,0.31195657396165105
1,0.4970867949337515
0,0.5911996687707001
1,0.7273617317978666
1,0.47730003404922394
0,0.4791660462845642
0,0.5788880109281418
1,0.6520823522026592
0,0.33092286208024235
1,0.5202700579973849
0,0.6499592921407612
1,0.7552261999406851
1,0.5674339494129585
0,0.7678352832101292
1,0.5202544133249379
1,0.7410768443975467
0,0.5723863901436557
1,0.4430654345918294
0,0.7623443219594949
1,0.6263864332348489
0,0.6434741508717872
0,0.2460985832953874
0,0.39759709486519906
0,0.3656354244745882
0,0.5035697980338553
0,0.5037983095523852
1,0.4978485737048079
1,0.4199653704588736
1,0.3767993559579611
0,0.3737118263160904
1,0.4835811170295444
0,0.3086248316411877
1,0.49078509864172565
0,0.3681019552756089
0,0.4740066914368118
1,0.48928138354473044
0,0.25319474860532815
1,0.4876540457161998
1,0.5581500168013475
0,0.5975251225663615
0,0.7679189098519474
0,0.5078088638433369
0,0.7442962746674693
1,0.6232231240030187
1,0.3324055980618322
1,0.3072994641697828
1,0.6671246593883908
0,0.624058609089956
0,0.4856147441817486
1,0.6076748606610982
0,0.49423040396493684
1,0.22181340487779927
0,0.5305544971222809
0,0.39570700632869793
0,0.601897523166403
0,0.3007493061711499
0,0.4321448821841634
1,0.6222503718603102
0,0.5553568635776414
1,0.5492406760611349
0,0.6228618995679898
0,0.37889490432041856
0,0.2513791102984141
1,0.8073243286971339
1,0.39687043955117646
1,0.7220933317381406
1,0.5462839939388808
0,0.1756681816540889
1,0.5538887186219821
0,0.6118326243636879
0,0.6673122762982564
1,0.7077544537907888
0,0.5868645389985241
1,0.7470157165240683
1,0.49965190087325945
0,0.5517672653040082
0,0.5812475314104987
0,0.47269484569223513
0,0.5309698727521669
1,0.7314270610079874
0,0.2863036468627751
1,0.37646744162784695
1,0.6723364629879869
0,0.3602896838968712
0,0.5716897811226452
1,0.49370843949986065
1,0.4225035900043969
1,0.3500684015748381
1,0.26865269469151826
1,0.4639060235437504
0,0.47834108857054275
1,0.795191682073035
1,0.4833180121915496
0,0.25189350682355494
1,0.6118155599189065
0,0.5401953859711466
1,0.48217453615453465
1,0.7125704232358351
0,0.328533033439087
0,0.4406744493228905
0,0.21046918887593655
1,0.5460636849258487
0,0.2964831848148831
1,0.3343356616982594
0,0.6422376303021763
0,0.33019726500081964
0,0.6243045559180984
0,0.6699034801399381
1,0.4426497081450496
0,0.33542332426434845
1,0.5980677083763573
0,0.699328795074378
0,0.42461082395273336
0,0.6277522556840555
0,0.21831551780346772
0,0.5480188744549838
1,0.8016408900156176
0,0.5997577063136554
1,0.45510665460050653
0,0.2813255573718132
0,0.6637289715638068
1,0.7939779052867885
0,0.44489837474581856
0,0.6766498345219605
0,0.5509663458126955
1,0.5669599714227196
1,0.7157518984416588
0,0.3998950447768365
0,0.6342766467290729
1,0.6146211400676737
0,0.5459849543109067
0,0.3792335707792153
0,0.3178095055461836
1,0.39871129038068376
1,0.39061430319457024
0,0.3638321728409341
1,0.8067034538411603
0,0.40911665184773116
1,0.8034097138512304
1,0.3530445519428608
0,0.37036742344188817
1,0.5983020161147231
0,0.2711484985550678
0,0.37601398447604784
0,0.5940035360083665
0,0.6270648005727784
0,0.26069997018682844
1,0.6172263560877368
1,0.6809025865931395
0,0.6992580033237071
0,0.46947346711357013
1,0.6514122919984316
1,0.35606820807031586
0,0.390887120156078
1,0.7795078404859106
0,0.25712811580505196
1,0.4617326627003116
0,0.3024154379396327
1,0.6359763032217322
0,0.3417465264809392
0,0.33806936920824265
1,0.5686046269365389
1,0.42261435470352887
1,0.38090833482312464
1,0.3682796415007995
1,0.5249393777918411
1,0.7684678072840183
1,0.5733072534930669
0,0.3180914492214054
1,0.24302426650783565
1,0.673127368356596
0,0.3488113006745699
1,0.7701111505685706
1,0.4674520252571946
0,0.49841388239445955
0,0.4839131937389389
1,0.7072278251683096
0,0.4664744072194877
0,0.2844085359838282
1,0.49862556209149594
0,0.5797073743016737
1,0.346111815747336
0,0.35959414799649464
0,0.4215111475012392
1,0.5950202879457335
0,0.4007451544234522
1,0.7245317325198691
0,0.45017710533650007
1,0.32119502958802476
1,0.4723843501010242
0,0.3415402343106183
1,0.6491245246528162
0,0.4183405999172866
0,0.4659264410968119
1,0.7635714141602307
1,0.8041267639356741
1,0.7050405927310323
1,0.552983871790709
0,0.6581614595279258
0,0.37413096138419916
1,0.48616586331092126
1,0.4544346901568701
1,0.5936331305090072
1,0.23789288132478525
0,0.33552436845372186
1,0.5615431758773259
0,0.4325603472201825
0,0.3359323057286316
1,0.3826743664020758
1,0.7304263597473862
1,0.6877573974563257
0,0.30107413124364135
1,0.5231299453922716
0,0.7350569017401476
1,0.6682033523062926
1,0.7902578325027038
1,0.5995276079595313
0,0.5568509766938753
1,0.7421694032812846
1,0.6910688855283956
0,0.6090641296701735
0,0.6767781628708159
1,0.814537748067111
0,0.47278705933136367
1,0.44140334589235525
1,0.4466075106817522
1,0.43738870325910373
1,0.38483888344342726
1,0.3444701097492146
1,0.4299191579565633
0,0.7627868364312331
0,0.3777119621252406
0,0.37045571315978904
0,0.4495488839275421
1,0.7980557897419535
0,0.32200415567523577
1,0.6124286759928125
1,0.6023288898523494
1,0.3708981123089495
0,0.37683373424678945
1,0.6547174116937594
0,0.5408360397872013
0,0.6112855132286794
0,0.6757291112401608
1,0.5429704846491799
1,0.6208330533002362
1,0.5713499337621629
0,0.6815143978322457
0,0.6382026123289254
1,0.5375370826193129
0,0.2312978965500355
0,0.5998910253849815
0,0.3190013508973269
1,0.5293416037227892
1,0.7427557535426228
0,0.6020026169690207
1,0.22301977451404223
1,0.3290875296987703
0,0.7180817529089821
0,0.4717292892841118
0,0.5740096647659719
1,0.6658109423876916
1,0.39324886288679456
1,0.671639497671634
1,0.6007554692180155
0,0.33868663068044563
0,0.356288773447995
1,0.568854584136506
1,0.5457010871280965
1,0.2728754271310394
1,0.5980469931831665
1,0.2712271378852616
1,0.7535212082471228
0,0.22470590979165117
1,0.43998860043644195
1,0.648618080703682
0,0.217053197636893
0,0.3353905813294723
0,0.4160317556439738
0,0.22974355828564436
0,0.29945874718491383
1,0.6717638476433062
1,0.6148458099484437
0,0.3474014904025233
1,0.41805922394444545
1,0.6314542029748581
0,0.3758803356859094
0,0.26906676850895506
0,0.3796051806526119
0,0.5396526412907946
1,0.7260146766533964
1,0.5490469841796385
1,0.5589591498930846
1,0.39989043321268014
0,0.47040572433712824
1,0.4853395168944865
1,0.6332026622576666
1,0.31779725714285045
0,0.21710360328752484
0,0.20039892190505562
0,0.4420487514861301
0,0.41533479645728405
1,0.6313033694996761
0,0.574021312970422
0,0.2717977618978057
0,0.35574278519378566
0,0.20503409085441968
1,0.7834798191604198
0,0.6513027124347024
0,0.3419211655367536
1,0.48824366581824824
1,0.7975591749743275
0,0.6573916286863428
1,0.7705349819389175
1,0.4148477105261524
0,0.5070676432745503
0,0.6280055635475768
0,0.26839568304941214
0,0.6768771217616083
1,0.18371040872246255
0,0.6429065819996768
0,0.4601631330391826
1,0.7412582983740419
0,0.36716845180589397
1,0.23434699466847705
1,0.7646817648575808
1,0.5668459705425181
0,0.2528097847012754
0,0.5821991515857792
0,0.752635717833483
0,0.6892139892990276
0,0.5073876051715654
1,0.5370108657825673
1,0.2465683308228637
0,0.5234881447609417
0,0.42080716411261965
0,0.6384230460847151
0,0.7535749963806373
1,0.6805870896190003
1,0.43080134414379734
1,0.7361212118516933
1,0.7688659708284673
0,0.5965499384063173
0,0.5391932771260983
0,0.46795141253187433
0,0.5903803674160966
1,0.6200732277736016
0,0.18008790157596824
0,0.21798129045050385
1,0.3612079072409737
1,0.4535447086150073
1,0.429519223698499
1,0.41870116198137725
0,0.5483586047105952
1,0.4435639418361048
0,0.36150191431406536
0,0.4853688782207226
1,0.7059673050151978
0,0.36599837556265785
0,0.3395046856136491
1,0.39635641076222095
1,0.7261641844283554
1,0.7159561644954048
1,0.28524896357491747
1,0.6183339596608307
1,0.6468861369672728
0,0.49521863889468315
0,0.678641261636935
1,0.8407127132644439
1,0.6601752938491029
0,0.6612182443195638
1,0.6503908255845673
1,0.6915068051493057
1,0.28067376431796
0,0.6318222453857015
0,0.31206158198127676
1,0.3477652310777745
0,0.4546534395195248
0,0.6228741096621038
0,0.726754945648408
0,0.38908986858363914
1,0.33986019237612075
0,0.3060934603065406
1,0.6583070978868127
0,0.46114930707794255
0,0.3834526932991985
0,0.512200588361226
1,0.2251946068522578
1,0.6273372539302005
1,0.5221203037515748
0,0.37925807611911644
1,0.4509613743358808
1,0.6870544630281726
1,0.4997184796889037
1,0.3477864285396001
0,0.4700987010295817
0,0.4111496604174921
0,0.32702191476120807
0,0.6831925169896687
1,0.40779556813301504
1,0.7383018765671217
0,0.6970993803834463
1,0.7352543153908349
0,0.45280317510589924
0,0.6112585739905342
0,0.515833200752281
0,0.37925285332881603
1,0.6095073137347986
0,0.30226837467108164
1,0.5358875959558848
1,0.638371602546378
1,0.28529278386931256
0,0.40141727234824476
0,0.4323391435524836
1,0.575430840058782
0,0.3174437848080862
1,0.5999072253560952
0,0.28355744974501695
0,0.2868828165779014
0,0.6997430616224624
1,0.42997339715242916
0,0.34398986818063315
1,0.3774257446173355
1,0.46050601599272656
0,0.3524507520665845
0,0.6552848649805768
1,0.8073136962517692
0,0.4095983899143773
0,0.6135490297065902
1,0.6819897358048471
0,0.29869775396912673
1,0.2592212905421396
1,0.5008149289907792
0,0.25035322414374406
1,0.49457767124554675
0,0.3184938062506039
0,0.41055672517619896
0,0.4251138696879036
1,0.40668682011001156
0,0.406434455553316
1,0.780578811300034
1,0.7257737621658769
1,0.785776596643914
1,0.48664894252177365
0,0.31193173550624276
1,0.42615281981679526
1,0.5074891105849499
0,0.3393721936993107
0,0.66390440164864
1,0.6701903853813159
0,0.5956203699729705
0,0.4413342701050399
1,0.5055263509401516
1,0.6681661446245102
1,0.4157857980464577
0,0.2517453651610273
1,0.26444023552421314
0,0.7962713951823523
0,0.28506472913815795
1,0.2587078732086331
0,0.33043879498171175
0,0.2737543788105924
0,0.3652952692100312
0,0.32858521317376727
0,0.403983833277078
0,0.24915808123487518
1,0.5770056140539701
1,0.7964760703732174
1,0.7523941345071279
1,0.5406221571446465
0,0.36794950915018354
0,0.27480685385164183
1,0.7874467062667693
1,0.7986254082127425
0,0.35296242461189375
0,0.7659547573348154
1,0.5703536402417362
0,0.6340743056120319
1,0.6973423940276934
1,0.795356976856385
1,0.4533868381033415
0,0.3610497042740374
1,0.6250995493895879
1,0.3638850240962879
0,0.35089125259804355
1,0.5645091372375141
0,0.21864625491063022
0,0.5320243265865616
0,0.4438235392314739
0,0.32392942190634927
0,0.7862215449892329
0,0.32499709307756736
0,0.7147495105264096
0,0.3148896126065731
0,0.6494686652276231
0,0.7556184939081975
0,0.40349615938722594
1,0.6738302117420149
0,0.3101861911203025
0,0.3019615505544441
1,0.5368512772339764
1,0.7746388497301414
1,0.4290350203776669
1,0.2979266478141092
0,0.4220155174572377
1,0.6366595775288278
0,0.7450293752783326
0,0.23356758695972887
0,0.3855201439426236
0,0.30835250352137045
0,0.49822353972930855
0,0.4918403635840118
1,0.27244921253803367
1,0.6207542235905962
1,0.5094984478407102
1,0.4856659506199813
1,0.4840721594754207
0,0.6124724466136428
0,0.6439434987159977
0,0.6555675017497994
0,0.31986796059402406
1,0.440305612954787
0,0.3205195532091413
1,0.7919043289443232
1,0.5574371304377002
0,0.5046316648589959
1,0.46403292576775695
0,0.6375823196124681
1,0.4416015379853608
0,0.37920774951572445
0,0.5520738326524942
0,0.43164728748779607
0,0.503225444061783
1,0.655164440010384
1,0.5830609906219899
1,0.49920225367625
0,0.3466225733711896
0,0.4941801532713906
0,0.5203964303159668
1,0.6892259365513591
0,0.24169633782744332
0,0.5099046247481426
0,0.7091879978541428
0,0.5759845125194104
1,0.7006657984413119
1,0.7005651316339233
1,0.44668517647991496
1,0.574666398874822
1,0.4122728949185062
0,0.5776886215791625
0,0.5958012848662995
0,0.3890220216323615
0,0.5376241608950446
0,0.26557885651544666
0,0.4650434095899742
1,0.23389678134359337
0,0.3171870073004989
1,0.7477228225638589
0,0.6002294673672537
0,0.6104352687087731
0,0.7578761402827002
0,0.3104943124577235
0,0.5678514397496589
1,0.6732455453986166
0,0.3434296484031009
1,0.7443625827096079
1,0.43586219655047664
1,0.25517043811128054
1,0.6955530960307033
1,0.8213501955413566
1,0.28817993567095074
1,0.6035848612803526
0,0.5115126796467152
1,0.3776057692768264
0,0.539403266133192
0,0.31344553102243394
1,0.4616277956558149
1,0.7049061450278329
0,0.2423206885207659
1,0.3239513978628635
1,0.736272219120402
0,0.6825723440974737
0,0.717472056198203
1,0.5597985999080026
1,0.801104390346286
1,0.36563804666968425
0,0.40951958446581765
1,0.5918844024632876
0,0.6477994541666452
0,0.5603576766940359
1,0.668035751487902
1,0.5524965732334359
1,0.2620861667174379
1,0.6354977927740698
1,0.7643694456486662
0,0.5339851246641373
1,0.8122279202571026
0,0.30798350794836227
0,0.5623282343457673
0,0.47099032713976097
0,0.2647865988566621
1,0.687149412689888
1,0.28393854142079256
1,0.48657376184420587
0,0.34145998670495337
0,0.6726202238025716
1,0.7103865908618217
1,0.5249784243597196
0,0.2675151755145687
0,0.44499851026311205
0,0.42536787593740033
0,0.29945536537559564
0,0.39338066302490415
0,0.5574594206147789
0,0.6984429527677556
1,0.618843422250079
0,0.5445811214886067
1,0.600548771622612
0,0.547124930282157
0,0.17392332327813065
1,0.6415941841163787
0,0.35113313755702114
0,0.6857420741236441
1,0.7333282269632795
1,0.2682504417531373
0,0.38434279997150417
0,0.31489964559164246
0,0.663272345329137
1,0.7833086883669644
0,0.24252384465376256
1,0.6290284976247206
0,0.2717119960816762
0,0.626768483046453
0,0.2254115388733644
1,0.36792487026518417
0,0.5134885467727517
1,0.7994268914791556
0,0.5138313285922125
1,0.5925205130841944
0,0.7072907853954062
0,0.5674592174322075
1,0.5437392815941569
1,0.7332040850639024
0,0.6196697937117024
0,0.6758730475622762
0,0.5548066734904353
0,0.5578367753449875
1,0.5168949158184974
1,0.5534355998929277
0,0.2049393622231157
0,0.3587381172717694
1,0.5257273091315381
0,0.7361762516817146
0,0.2825887015344791
0,0.30940206916349483
0,0.2010230035178103
1,0.5666353186164386
0,0.3334699428701891
1,0.774009662716432
0,0.5234806519031637
1,0.44687964982123995
1,0.4001380616478802
1,0.41891218765963756
1,0.7425334422694271
0,0.5518096025240714
0,0.30573227256314
1,0.6059384448542772
0,0.3228134333292449
0,0.4213117944060053
0,0.300086689354976
0,0.4630760056672336
1,0.36260013595928425
0,0.29647963624774737
0,0.6812568390249706
0,0.6242639558908823
1,0.3528322083912798
0,0.39352341550634545
0,0.2368993772576511
1,0.5802265238176767
1,0.5413193602114652
0,0.37701558574310673
1,0.4853266468714144
0,0.3982487245354312
0,0.6126568663176825
0,0.24269419087682217
1,0.5819594564127063
0,0.27388671657567865
0,0.6125977301274956
1,0.573296690134132
1,0.7594236402164343
1,0.7414741187526795
0,0.5638787208258201
1,0.6609931645185062
1,0.25393867544948995
1,0.514683551730728
0,0.39645664246581674
1,0.2529650254014654
1,0.7227943377930199
0,0.22544683432130994
1,0.3755799606723723
0,0.7337995075184458
0,0.4949666848185863
0,0.7276969020271572
1,0.25056601078080426
1,0.5901985894761439
0,0.14816004545617484
1,0.5844533261306969
1,0.47135433148429146
0,0.20214968231507685
1,0.4304219651101084
1,0.6720452359742901
0,0.2547972205373304
0,0.5048103498689728
1,0.6571389151243751
1,0.7902583260113518
0,0.23639595662945354
0,0.1752809179988773
0,0.40072504227557665
1,0.6570768745416751
1,0.3876786826661553
1,0.6845682231278888
1,0.7674481033052172
1,0.6368927630169774
1,0.5465880142474968
0,0.49969423140857605
1,0.5722624060145565
1,0.6872029674898359
0,0.5631778192728806
0,0.29977646019262943
1,0.7772621730627896
0,0.6197626373814273
0,0.2849174189636817
0,0.6061340214712311
0,0.5397350788636058
0,0.3430641234622607
1,0.26909668132428516
1,0.6713400899934209
1,0.7226358279858095
1,0.4561020714190127
1,0.7940563894828313
0,0.7143845929305239
0,0.37872660161872657
0,0.5588378772852719
1,0.4809014197508062
0,0.22825887990624008
0,0.4381421897054847
0,0.5951001243136761
0,0.29122373894164516
0,0.5691793159735153
1,0.5865382455174047
0,0.38513998813237627
1,0.2728041716243546
1,0.5939596074624007
1,0.7356761188276414
1,0.6439420276374852
0,0.24118643049922805
1,0.5787787364297049
0,0.5457017510350248
1,0.7555864143083169
0,0.2900494157154755
0,0.7180166047295875
1,0.563537385805309
0,0.2579515695105541
0,0.35673290486077375
0,0.2949756527476687
0,0.5636171242535815
1,0.5000102354737815
0,0.6489299138470876
0,0.6790382171779871
0,0.3905596609827205
1,0.426329821877307
1,0.608150286360939
1,0.5028626089070746
0,0.3307395880339517
0,0.6686544815037291
1,0.5608385287981845
1,0.5934986984692353
1,0.4474725990607769
1,0.7951998312983427
0,0.6708177644502022
1,0.3443028712673831
0,0.5860837765549846
0,0.26395534612359217
0,0.7470292495056293
1,0.6724572066969334
0,0.6709746294842128
1,0.5286884476645752
1,0.464586901508859
1,0.5141017054521261
1,0.24035887013558385
0,0.4132319388960846
1,0.7218554482557449
0,0.6819109814435997
0,0.4793584084166992
1,0.289571233502943
1,0.6265324658672907
1,0.6618052502928948
1,0.5627270591312675
0,0.3829753650862602
0,0.3430886951739614
1,0.32501806820037016
0,0.36382649937581263
1,0.31657089735902866
0,0.517930240502926
0,0.6237714097943099
1,0.4308118507063986
0,0.41347818207868503
0,0.6215153988376949
0,0.4069672405094002
0,0.511934760939603
0,0.6041916402963051
1,0.4378836411863995
0,0.2567593966522753
0,0.526615497556822
1,0.3648279043220276
1,0.30243783098783056
0,0.3460039815111937
1,0.5805093241717927
0,0.7370026083278548
1,0.330599379071608
0,0.655973966511973
1,0.5118829470527828
0,0.3151025783846269
1,0.5877852177267746
0,0.5049585085960115
0,0.34679044573674633
0,0.5786950920022169
1,0.5054184604850633
1,0.46349978301691935
1,0.5998858230929749
0,0.4046961180724695
0,0.5968070390260725
1,0.6751449343247198
0,0.3691787898691387
1,0.5570602449510975
0,0.25180613569027877
1,0.5323128519190279
0,0.33203709174551704
1,0.5459314844767131
1,0.7250816870091485
0,0.5555975321926775
0,0.3880561989155579
1,0.4589064661718058
1,0.30087761360810805
1,0.32257266107025545
1,0.6012898758343074
0,0.6800079195358057
1,0.5834511133624705
1,0.7160324085274389
0,0.4807310246980304
0,0.5448227681427156
0,0.6636959808478438
0,0.7072602336562546
1,0.519970054073374
0,0.2625761384276351
1,0.8205860142073268
1,0.3605646927025676
1,0.7241724276424332
0,0.5803980387629115
1,0.770804768744041
0,0.6283281441927457
0,0.4533945162898879
0,0.34526469324191594
1,0.5315310887995042
0,0.4047198998256552
0,0.6137718547928674
0,0.47107546699533287
0,0.33639090011040845
1,0.37664442895389777
1,0.48569822741171825
0,0.5713148233452503
0,0.20230481252924512
1,0.6166829847064987
1,0.4934557044311267
1,0.3582648193152556
0,0.6733700231458397
0,0.2826282593513108
1,0.7547052708145672
0,0.5647578827423224
0,0.4601852903048716
0,0.4551926286520571
0,0.2432086867765229
0,0.2336081975146637
0,0.6324281946447778
0,0.320737611249832
1,0.3446734655512137
0,0.3613492098487262
1,0.5123044587955623
1,0.6597542953238382
1,0.5689610207525643
0,0.4619575919512901
1,0.22359853100394503
0,0.36599095693024536
0,0.42132828758406343
0,0.2481596470925123
0,0.5444455118856383
0,0.3055934357555353
0,0.6400139988045961
0,0.4459593953463872
0,0.5802041501635159
0,0.2865695357652662
0,0.6641108011069607
1,0.5288829953440656
1,0.6007186081961726
1,0.7245351982621926
0,0.7039435359656693
0,0.7184062900202511
1,0.5110279659670823
0,0.5577890672537403
0,0.6505411907385514
1,0.6749976436936447
1,0.47383027518595977
0,0.6403232673947914
0,0.37970828731873363
1,0.5169087821546351
0,0.2535686851139857
1,0.6666281261959004
1,0.796956240751793
1,0.5049475045721666
1,0.6015552468442894
0,0.5685693060720288
0,0.260719589671763
0,0.26063894283624545
1,0.2988351987780377
1,0.5314307510077559
0,0.6929526164828667
1,0.2937293442200337
0,0.2692188253516556
1,0.6800721253703871
1,0.6644427012315438
1,0.33855299282168744
1,0.49740093483468006
0,0.47364128153066515
1,0.6778848026246534
1,0.40874950770684515
1,0.5290768710749341
0,0.3113791848554482
0,0.3288188434009447
0,0.7260621523358719
0,0.23309026374489755
1,0.5421794512442899
1,0.3187258754059534
1,0.8066802391692284
1,0.34438497209885177
0,0.3402583550057416
0,0.32524584377577953
0,0.7216125803053978
0,0.7898917757626953
0,0.4898789167873102
0,0.24906778294105608
0,0.2594668978478555
0,0.48831947088664657
1,0.30487791601815173
0,0.27774186143150204
0,0.5589628540516726
0,0.38312990155980986
1,0.7889421392712248
1,0.7394647034408247
0,0.5549468460397631
1,0.5969631064095201
1,0.4317199605644458
0,0.7203775325489873
0,0.4490462942654114
0,0.48956585994725405
1,0.5400650892278004
1,0.5503112761555623
0,0.684753482639423
0,0.2668322684692359
0,0.31685093138268855
0,0.2667391066080949
1,0.695244876921874
0,0.5490547131943476
0,0.3820881075861968
0,0.3701220440875543
1,0.7038641444792727
0,0.3412985920485101
1,0.4590018043216329
0,0.24231170765786736
0,0.48030653890776726
1,0.28952591946728545
0,0.21753724002397362
0,0.2805703981300985
1,0.7996660143348824
0,0.6610515243436309
1,0.7077131286851263
0,0.4606052407397486
0,0.6652457797636772
1,0.6018918827475295
0,0.7014295592133432
0,0.4198702412041722
0,0.6722235572939362
1,0.7420294840497071
0,0.6664420546003054
0,0.3317550989081873
1,0.272809843900455
1,0.35119212691538454
1,0.7804029080099579
0,0.2931833595086573
0,0.2510651644494563
0,0.34797290374608336
1,0.6875046143677752
1,0.660498676103583
0,0.280912207730989
1,0.4419633045926448
1,0.7821207497350675
0,0.43808807235063235
0,0.40810074516665856
0,0.4386408099805022
1,0.45586572460775465
1,0.5404184861562168
1,0.6756827601010162
0,0.37582681965594356
1,0.7079395113086553
1,0.7474658542959072
0,0.43919290204215317
1,0.7331878836447439
0,0.2919003329256776
1,0.3884545757948033
0,0.7706519725257855
1,0.8061580649146802
0,0.6842987816065604
1,0.2219160566621865
0,0.7828615682550765
1,0.5703453397321321
1,0.4644556247143017
0,0.6166861996792123
0,0.2505243890876952
1,0.7124895259038702
1,0.21495434997882715
1,0.6279710617594209
0,0.39030791817927746
1,0.7687121091544471
0,0.3268309834460753
1,0.579710608198184
1,0.31082399656053145
0,0.5024595278039279
0,0.26111670444001817
1,0.7000071769460215
1,0.6870800824672877
1,0.4730765992122301
0,0.41883138825097604
1,0.6600789504266578
0,0.31397832278757964
0,0.2858514377081896
0,0.3037967454652775
1,0.4680182098250019
0,0.28136692852218853
1,0.7598548189576697
1,0.6159578223816429
1,0.7574273852189422
0,0.3910264570630476
1,0.7160335442339861
0,0.5864508472305789
1,0.5638656384357345
0,0.3808604051082024
1,0.33196659587690575
1,0.6536537344765068
0,0.36335107463916944
1,0.3920712628809845
0,0.29181459198667664
0,0.46221993267788586
1,0.6489623578287503
1,0.6871321657454861
1,0.5131786675785958
1,0.6405878485469906
0,0.5860921104546388
0,0.4648804156089103
1,0.5067447709562851
0,0.30109252020694527
0,0.27892516556566177
0,0.3912764111117482
0,0.6296362232038591
1,0.39526357449782445
1,0.5810372291692563
1,0.37989975656845404
1,0.24675766378593572
0,0.4769179121680047
0,0.629734160302756
0,0.24321952501335825
0,0.6793383305101798
1,0.49477285322594483
0,0.6571771530329343
1,0.6435171161302491
0,0.4452604032621255
1,0.515078540677304
1,0.4661632914083609
1,0.6175174563351205
1,0.6678132476921027
0,0.3188632837764632
1,0.6251757920897748
1,0.5794814072160682
1,0.7006379150027588
1,0.5768955122235709
0,0.24524687173505455
1,0.6626398403630123
0,0.5191192804200931
1,0.5498638621650882
0,0.4669630733786366
0,0.3666251029439734
1,0.49388890410367986
1,0.6475081677882462
0,0.42938208239348746
0,0.5125332711125213
1,0.678415153256828
1,0.7236170745742855
1,0.6072275320512218
0,0.2522016845067145
0,0.32782690581599333
0,0.3256486759127091
1,0.4053990628794263
1,0.5013138168794031
1,0.42740618543144465
1,0.5294618158202696
0,0.4847989866900252
0,0.4346843122234184
0,0.41190697075866695
0,0.6588711273857452
0,0.5715783606673367
0,0.4498314345422693
0,0.6237525631320826
0,0.6367089849574417
1,0.5985759135249447
1,0.7466316703336227
1,0.42061710746784187
1,0.49195001435970176
1,0.5859277573291626
0,0.5488418887485838
1,0.497363297991298
1,0.5360668446461647
1,0.7402116761475905
1,0.5748347032095731
1,0.5035087891733472
1,0.6108472630867664
1,0.570613785850932
1,0.6146971713647303
1,0.30501205561641437
0,0.5567360311255927
1,0.5846573069101677
1,0.550519368374563
1,0.6001496797078821
0,0.25451360902720166
1,0.34807117339620236
0,0.22071751699848577
1,0.6729601498661855
0,0.5191697896668062
0,0.5702829065463895
0,0.6313906277370447
1,0.7120232669999675
1,0.6239798098223182
0,0.6708745937670293
1,0.4056180337458856
0,0.24870864715552346
0,0.4883118554303492
0,0.7820025405849875
1,0.6245057334463092
1,0.6430408909954821
1,0.38715595818814325
1,0.5313924814452405
0,0.5034249288373079
0,0.44048312833248515
0,0.45441600573199054
1,0.5211570590036894
0,0.38936168810696264
0,0.6233147284640399
1,0.6869355156759241
1,0.3641016054308024
0,0.33600759376245753
0,0.5991806187343256
0,0.2783778101039514
0,0.28897047045295665
1,0.675076719629938
0,0.5040448267001008
0,0.34206922976197784
0,0.35290788734844464
0,0.4437803594618465
1,0.4646193775728269
1,0.4838441786413804
1,0.7325634975783148
0,0.4867291311235011
1,0.46070399450323773
1,0.5528433295522783
0,0.21268880438299173
1,0.27502037142768054
1,0.6686502417657071
1,0.6688374993029914
0,0.5924642379966929
0,0.2692133279213807
0,0.272299045705888
1,0.6621205026977357
0,0.30103407858865305
1,0.7509605079015997
0,0.4037738809585767
1,0.6842224083149993
0,0.32784307060060824
0,0.6700620817677951
1,0.5729581152323123
0,0.6598579445342154
1,0.6233137708218642
1,0.35904798238227237
0,0.5859294697390615
1,0.6228905681667516
1,0.5225134636544176
0,0.310383026962119
1,0.5458451776761464
1,0.6527072130930697
0,0.6327970785430715
0,0.495233837180752
1,0.6328767593769975
1,0.6976389540159947
0,0.5425123160509282
1,0.5525931977466494
0,0.4604081941144491
1,0.5875458341583267
1,0.6199111351546023
1,0.6846090324165087
0,0.2686678188336326
0,0.45112792670075924
0,0.46829390321337167
1,0.6808214892270523
1,0.6458929054949484
0,0.2501046061644221
0,0.4668962392771804
0,0.3706523040101251
0,0.33646650607263046
1,0.6605461860644342
1,0.6165233918150758
1,0.7576180218138541
1,0.49607276329595407
0,0.5101181037348099
0,0.2459315907833066
1,0.6488711838608169
1,0.5044003551766528
1,0.7310619695875947
0,0.42165683578885416
0,0.4484118574103417
0,0.3710916431889202
0,0.6396779750314197
1,0.5849864941925519
1,0.4975197777095323
1,0.46775767991698364
0,0.2904437431214815
1,0.39022712468858567
1,0.35750076789933016
1,0.36561645507901885
0,0.3092648088330385
0,0.3048744190319605
1,0.5008885630901783
0,0.25524821890607075
1,0.2618023514041557
1,0.664106429196531
0,0.37584216857090297
1,0.7883033641536138
0,0.4140793996830426
1,0.7941573945459542
1,0.5950776227035215
1,0.7281526175985996
1,0.6350870073571953
0,0.5989128039096401
0,0.27570888059475185
1,0.32694210195161694
0,0.3589024855589801
0,0.4096190239325089
0,0.358572851363575
1,0.5392654708566936
0,0.2867282762932024
1,0.5899918988069666
1,0.5407995335084684
1,0.5626907749086375
0,0.37495704413032144
0,0.2943367207059935
1,0.7062133773664957
1,0.6031176377266559
0,0.7001163508681484
1,0.343894219583006
0,0.3745216901702521
1,0.3155912763027773
0,0.3904431863029811
0,0.27627422507694277
1,0.7101606426662096
0,0.3862305393296261
0,0.7033175210646376
1,0.6173386509940528
1,0.5761081677045596
1,0.42597102989407354
1,0.4097410619493394
1,0.48358271049367996
0,0.6409134383774601
0,0.5662294155117401
0,0.6956516476052371
1,0.6082820586928833
1,0.5706980211656016
1,0.5401927615066096
1,0.5165949505683343
0,0.47800534215812307
1,0.702768923580417
0,0.3110010945973878
1,0.4532360451204107
0,0.36299851497070695
0,0.32076987451837435
1,0.7086666409064765
1,0.4389225789640884
0,0.7656927938379673
1,0.334456676914238
1,0.41868808467483054
0,0.5116005436663738
1,0.7672479641981864
0,0.7626401301764147
1,0.3926523423855315
1,0.7564060830860451
1,0.45311831291836996
0,0.5437757868682879
1,0.5350804385831339
0,0.5993887488029369
1,0.6445036276685417
1,0.322682883672694
1,0.37553031623709826
1,0.5006198538965533
0,0.20045041545439996
0,0.5080360851435338
0,0.6153093040401758
1,0.6017691015697574
1,0.5870124802259908
0,0.4221938907823956
0,0.5707726778641736
1,0.31668604281245544
1,0.3975086452003841
0,0.3406023443911079
1,0.5038038188489032
1,0.4463094769988102
0,0.3398820652366189
1,0.5145609998293235
0,0.5516791608471159
1,0.6156481273135909
0,0.38149527761358704
0,0.2706551594580159
0,0.5839280611388771
1,0.6615593247236009
1,0.4534176536031966
1,0.7160509035842475
1,0.3726555909852721
1,0.6773811537628356
0,0.6192940306914051
0,0.4962307655729571
0,0.6125207970906247
1,0.5703240673868244
1,0.26925046761046495
1,0.6043061728900165
0,0.5911920583424727
0,0.486887808535417
0,0.24174673631553584
1,0.40953439657025315
1,0.5133843712083827
0,0.25527482476678165
0,0.2487522466936032
1,0.3288018319674449
0,0.6100969453191374
1,0.44515889609038106
0,0.406793570241056
0,0.23321618473523148
1,0.4584665189994096
0,0.5023471108911882
0,0.25363965443787084
1,0.5135388304253642
1,0.37130523743393135
0,0.5836700692319148
0,0.4667378273110948
1,0.2802736556271814
0,0.5205052234286965
1,0.317886343794986
0,0.24104273646773242
1,0.556069733340573
1,0.7170534159852489
0,0.4875044616647821
1,0.5907759018589324
1,0.48941343024385503
0,0.5698410120745017
1,0.41473681106251464
1,0.6867312464080114
1,0.6409559933244641
1,0.592472551391107
1,0.3626392838166462
1,0.481818812544069
1,0.7019108086599829
0,0.6006691897594734
1,0.7603189914173666
0,0.5528845820699368
1,0.25858080601564887
1,0.6682460474919829
0,0.2290840606970069
0,0.37388962195463676
0,0.27441199624901597
0,0.585343804996552
0,0.5387238528959132
0,0.39666365006841314
1,0.5344924655889822
0,0.34245799617545375
0,0.4911665795673181
1,0.7357866047715739
0,0.26099226346709625
1,0.5265891538119163
0,0.34048859483550414
0,0.3048330541046746
1,0.6359748939454376
0,0.3246852654993477
1,0.751604444820207
0,0.27573771193858226
0,0.5275930612043839
0,0.3277288964806391
1,0.7026676722295755
0,0.29438154453151116
1,0.7555099718889031
1,0.37808670278862316
0,0.4182346050719852
1,0.5497160570432933
0,0.30704536224987844
1,0.5608465592505629
1,0.7791047737811296
1,0.7462934134320737
0,0.7562367017712788
1,0.6196938714335277
1,0.5120359104491438
0,0.49189609731231687
0,0.3574928699166281
0,0.4655168748621644
1,0.5295234013908457
0,0.6119677184918039
1,0.33718837096624527
1,0.5717996597131965
1,0.3359376281074626
0,0.32016220157344405
1,0.3520244978919714
0,0.347991208494838
0,0.2839606381501342
1,0.5717852945270738
1,0.6997029932471582
1,0.6543060589242647
0,0.35004911815964107
0,0.3851158863731525
0,0.531384876876409
1,0.6787102060535282
1,0.6846061331170717
1,0.4281623235910581
1,0.7338951083609093
0,0.4988841107059094
0,0.42186394096665225
1,0.7668430826540843
0,0.3520828732644643
0,0.499307499235937
0,0.5608612837520879
0,0.5850558738351584
1,0.660773212710027
1,0.38378755034261874
1,0.6969003663469907
0,0.4791095390803263
0,0.49382044598951846
0,0.4795076086218978
1,0.7868448443695358
1,0.7017096025657372
0,0.5497720800275155
1,0.5585817581202899
1,0.668701194706965
0,0.457873083234845
1,0.44663315750975763
1,0.4190671335417656
1,0.683033665535748
0,0.3307579268670275
1,0.6720188696808826
1,0.8201934869426963
1,0.3138802031317006
1,0.7362534385055919
1,0.4220453590246302
1,0.7334631595204252
0,0.41932930266277324
1,0.2663122923797837
0,0.34543439962441
0,0.40384716828022854
1,0.5620883553420291
1,0.6978951168327162
0,0.5527485309390751
1,0.5795337949709634
0,0.5061516320689328
0,0.6294842930212374
0,0.5502438505421618
0,0.46119126892778656
1,0.565226487171653
1,0.8031774249138824
0,0.4435000103065889
1,0.7237019594049003
0,0.31837946898360703
1,0.45234486086885295
1,0.7283665163709822
1,0.7628848762710638
1,0.7644140518942277
0,0.7278841447154376
1,0.27052042680769206
1,0.43225752750743923
0,0.6989092700732605
0,0.4190673043198442
0,0.41467505929361115
1,0.7493432595258213
1,0.42613906484416697
0,0.47027754159639484
0,0.6081144707472689
1,0.3236224476258082
0,0.7834130554301023
1,0.6620939429548095
1,0.2937709512115286
1,0.6530971277215761
0,0.23282442990365665
0,0.549580833484353
0,0.4035073785770439
1,0.6639663477005345
0,0.47573630635018815
0,0.30411061385748045
1,0.6320614279637918
0,0.3190422753118727
0,0.579804871010331
0,0.7921199310271198
1,0.8284508218798396
1,0.4124705279197291
1,0.40504133235186723
0,0.3566108076708253
1,0.7080128508632961
0,0.32641444576508927
0,0.778872214346896
0,0.6242885869586348
0,0.6088064303295694
0,0.5841982593570841
1,0.7453611363236305
1,0.3838663178051268
0,0.25524696540000663
1,0.7389312912410348
1,0.7979172223035336
0,0.22850755074027945
1,0.3051186661373052
1,0.42784842504851595
0,0.4013893895813228
1,0.5758475401004285
0,0.22140105267098784
1,0.7699978698885098
1,0.45931460573961025
1,0.3171449944457418
0,0.38422005107363477
0,0.27884960711073564
0,0.5106988893320852
0,0.35779929439222957
0,0.5403067872390297
0,0.6935270366021244
0,0.3409494145796395
1,0.7375742498206682
1,0.5144379471484714
1,0.4628633775866445
0,0.2789335137034992
0,0.5955380101590404
0,0.31107520211583495
0,0.3871533594842998
0,0.44024183183075916
0,0.31503211930995834
1,0.35147127531742256
1,0.7054048580087675
1,0.6418705453949133
0,0.6348351838825705
1,0.3202183651156374
1,0.5565952952735165
1,0.6560582122407612
1,0.8016586563068528
0,0.4840341690793076
0,0.3137586242518317
1,0.40295385029249237
1,0.44221048808909347
1,0.22923376014938568
1,0.3409722963973288
1,0.2304815714430301
1,0.21556465357449
0,0.4878538103604272
1,0.24885558731052307
0,0.47465130064815886
1,0.7215025284185307
1,0.4974769980784082
0,0.4488553139214326
0,0.3558329004897064
0,0.5463909078062102
0,0.6805198060531075
0,0.681998724385135
0,0.5174885744113867
0,0.6490713787761552
0,0.5268554386558982
1,0.30336220729900293
0,0.4738322405046602
0,0.3681754659414923
0,0.6980178631443377
0,0.3511971091169364
1,0.5899410354466962
1,0.5107703346570308
0,0.37407688206205525
0,0.5602737857150474
0,0.37882283889477664
1,0.7974721713929397
1,0.38110909233086404
1,0.5240974543819247
1,0.34682399374858675
1,0.5926013113833123
1,0.5815431724715289
0,0.71732824287236
0,0.45305338257006694
0,0.7608785572320186
1,0.2675535658262239
0,0.5213061467133194
0,0.34891381947888483
1,0.49921588421305135
1,0.4797024639137316
0,0.26323040472567294
1,0.6594034719386909
1,0.33981364376060924
0,0.33681781150701573
1,0.5381595556894542
0,0.36793837541068447
0,0.7534865686310631
1,0.42175680910105595
0,0.49059669500880954
0,0.31566767450198474
1,0.6857951449750613
1,0.6231974636043506
1,0.706638545697639
0,0.5531752788437848
1,0.5732931808111605
0,0.466444665302718
0,0.45988409068072594
0,0.6608116505169708
0,0.27218936966581453
1,0.6348696382028672
0,0.5033975505586079
0,0.42832368567838325
0,0.298672576203912
0,0.26630642133762555
1,0.4068380740228077
1,0.3653701096367219
0,0.28578720729674717
0,0.23722215916322112
0,0.41192747017106546
1,0.5329891877679509
1,0.6439134333121735
1,0.4948289434217855
0,0.25038504347936313
1,0.5050766329457848
1,0.35102827464563197
0,0.48195371836890477
0,0.6511905341836929
1,0.5628437664813989
1,0.5027275058390354
0,0.5623825102643548
1,0.7992304486176363
0,0.35687548517865814
1,0.66232187687689
1,0.29815634759129633
1,0.6903809501684695
0,0.3838906667390069
0,0.22067776193525176
0,0.3042829158381902
1,0.7888123848471249
1,0.4472131537239813
0,0.353148997247114
1,0.391294486522403
0,0.40206988702551955
1,0.7032038588523505
0,0.24249741962743943
1,0.6755756432926905
1,0.5858499034856967
1,0.6898612085443847
0,0.36209161901427606
0,0.4348762189598329
1,0.629232849532572
0,0.2922653685418838
0,0.6576996934209892
1,0.26002938777690787
0,0.38802632708273316
0,0.6654681316274481
0,0.20526681232735283
0,0.6078881080838368
1,0.5216165834912574
0,0.2553769539182964
1,0.6413447339677198
1,0.3089798637545693
1,0.35650713699585435
0,0.43109035265292006
1,0.6905215803143953
0,0.6366917003870258
0,0.2688078950800933
0,0.4309119088258237
1,0.7787673837484544
0,0.700038899911175
1,0.317622236792646
0,0.26440740369707944
1,0.36512072515263466
0,0.7413121702679978
0,0.2678763137706144
0,0.4797599928989499
1,0.27227669136476
0,0.2875303349313992
0,0.2954736180031493
0,0.17149213002654742
1,0.5352817951105354
1,0.5333832270552434
1,0.7006250575358749
0,0.7461529686889736
1,0.6847800134732516
1,0.29419528420794994
1,0.39594519453939075
0,0.5285029102528873
1,0.5876126055560198
0,0.464900802818212
0,0.302878767277979
1,0.5652869698518354
0,0.5917478080330741
0,0.2615530991052799
0,0.4293141301482884
1,0.624016943385961
1,0.3303842633814469
0,0.37378400780740767
1,0.3699031004834553
0,0.3120773877759975
1,0.3588317521062571
0,0.6832355020817618
0,0.3922899017894825
0,0.45880950016672667
1,0.39206916447099815
1,0.47275339735440824
1,0.5688185410771588
0,0.6830575177178178
0,0.439970170825233
1,0.6193272962841634
0,0.7173777552640567
1,0.669184261173835
1,0.5535934205577209
0,0.42729148397340966
1,0.6797081640553274
0,0.27291549425567013
0,0.49835275446307087
0,0.5094489216817355
0,0.49499727614749234
0,0.31963185098674674
0,0.3585247475071167
1,0.5267101773919676
0,0.23691442980980562
0,0.2585929785179159
0,0.335976973470356
1,0.6539878397198621
0,0.3001414716025471
1,0.21394730072479987
1,0.5059922640024725
1,0.25279828520062975
1,0.8226317455718212
0,0.6020872305044763
0,0.618193394214691
0,0.38962342691553525
0,0.27086948699053104
1,0.4897264773113625
1,0.5908564317497301
1,0.5021243924370892
1,0.8031636213994864
1,0.5393565600261592
0,0.4881418453236731
0,0.5987936051081028
0,0.4463997883787358
1,0.5627852913141597
1,0.7605473652122035
1,0.575739787130596
1,0.6379469315830332
0,0.22506004111882677
1,0.34662474731885407
1,0.39157615047574645
0,0.5573082124631231
0,0.7052880084653121
1,0.6779440275366049
1,0.45811850367024526
0,0.5063472297968348
0,0.6005597629481658
1,0.6943805843384139
0,0.5541229163782794
1,0.608139955451865
1,0.47841937015550495
0,0.23637873811371693
1,0.5244498239199282
0,0.3250200016593451
1,0.36294418729116984
1,0.6581493995956302
0,0.2672587671988921
1,0.4168386459863705
0,0.550389021920901
1,0.43414045736070284
1,0.4192012333655191
0,0.3773926746945579
0,0.3458569029364174
0,0.30836289867258204
0,0.46288309872465344
0,0.26780763803174296
0,0.314351796199739
1,0.5358141144751609
0,0.6416406871234961
1,0.5706954771470446
1,0.7762949221807036
1,0.647426841123081
1,0.6051044752692836
0,0.6241455296446218
0,0.4076863579532862
1,0.6894706649640535
0,0.6637175031327266
1,0.5946192216784162
0,0.56848028955847
0,0.3011657711123624
0,0.35719590665135437
1,0.6330258091622871
1,0.537903515763459
0,0.291111385580724
0,0.40531285064965855
1,0.35889822355015616
0,0.3728571283007731
1,0.40649933398931115
0,0.49287041914320934
0,0.265238487230401
0,0.17283341026430016
0,0.6383146502170574
1,0.44048003078821124
1,0.4999242979534455
1,0.692030570960397
0,0.44007009099971905
1,0.5625486993625617
1,0.4671643037793507
0,0.5091502331138851
0,0.39915894658026774
1,0.733720018038768
1,0.652313039295776
0,0.5964532175174547
0,0.4079871188531492
1,0.7659886311849942
0,0.5481139441306252
1,0.6517624419342276
1,0.48055907927509994
1,0.6397488559102681
0,0.5945039420740489
1,0.48324393943704225
0,0.26315561405441146
0,0.7631990977710537
1,0.634676716161958
1,0.7407558772977232
0,0.2699485256563976
0,0.663096126012832
1,0.21773262687536857
0,0.5142729293226548
1,0.3520617457110841
0,0.24527425897688357
1,0.7014496466977679
0,0.21798440048005038
0,0.32480954666835876
0,0.3900635092657591
0,0.4681496279391193
1,0.3208392116032266
1,0.6753411668051864
0,0.44962220227092725
1,0.5211830851389591
0,0.5498878785934648
0,0.46989024169126714
0,0.3381929862573382
1,0.7860819898198721
0,0.5494278002588956
1,0.5557316874425994
1,0.7009384928572595
1,0.5257808871878151
1,0.5066059947712848
1,0.4258765144312579
1,0.25993894879944174
0,0.3145405261919731
1,0.398962829293946
1,0.7288314102790421
0,0.41636715907786354
1,0.4445182831701526
1,0.5085099627372133
1,0.26229428117331405
0,0.5958184804262834
0,0.2823287615055484
0,0.48759113581748864
1,0.563771233072699
0,0.5110207828652669
1,0.6858928866050703
1,0.6727013945463929
0,0.5047910550657787
0,0.7686981800014268
0,0.32010207257610485
0,0.4613950361761735
1,0.4257731449375005
1,0.6348215075777266
0,0.7583278849942384
1,0.47303295328361233
1,0.42069375503759604
1,0.4403972152738602
0,0.5985254008154651
1,0.5229891247826551
0,0.5478868543395992
0,0.5096953159812994
0,0.38450954506285584
0,0.4915766823560467
0,0.7406099245362956
0,0.2718985116505166
1,0.8107019890012204
1,0.7067504388136128
0,0.25697770242866946
0,0.5060171925537207
1,0.4340137788617768
0,0.3930778514816459
1,0.6823538463754902
0,0.40703122586857676
0,0.4593937563987659
0,0.46621499074745293
0,0.20889744324964984
0,0.3333614400629435
0,0.28766316980809986
1,0.7896201449473751
1,0.5176983654630839
0,0.33614110978488
1,0.620538108129186
1,0.22501359023869622
1,0.6203864310591902
1,0.6016547852819016
0,0.2690807614118844
1,0.43606220498173914
0,0.7400037064495356
0,0.3285613654854699
1,0.7397807324211959
0,0.29454707409032765
1,0.7793210386822461
0,0.2464872210849624
0,0.43340819864894664
1,0.6969228385681011
1,0.6664803455683351
0,0.5281645607595521
1,0.4025670284505013
0,0.4711435958949146
0,0.24550754868036662
1,0.43646631108357603
1,0.5401101631977415
1,0.33779765869279943
0,0.3995222230572807
1,0.5989070879209749
1,0.3726887984433228
0,0.5643313269471971
0,0.2759822562702643
1,0.25367769314388233
0,0.37443037517369615
1,0.6304433144740461
1,0.5546473720743157
1,0.802351430943594
0,0.5569567507255553
0,0.3440320440148069
0,0.3021859227055274
1,0.5806613094757497
0,0.7012513229680173
1,0.7435867914924162
1,0.41540168767008706
0,0.2234498930973662
1,0.6658202931041052
1,0.21589934188477403
1,0.4379790223466539
0,0.4137922841055449
1,0.4461614798917554
1,0.46158328977993685
0,0.5876008308888115
1,0.4708464104188315
1,0.45331704645766274
1,0.7818390400596554
1,0.7030021160051522
0,0.3725833626925657
1,0.41179252716108794
0,0.8370953681848267
0,0.7447541607767755
0,0.25755665958748475
0,0.413304774110727
0,0.4874010974042594
0,0.4828309102071934
0,0.4984954447817891
0,0.686701776280785
1,0.7995737643727532
1,0.6608547528670011
1,0.38296313483438027
1,0.3338250989548414
0,0.5550576071685721
0,0.6175846987714545
0,0.6649007528560583
0,0.32408925800227634
1,0.8009730049774112
1,0.37004573022207154
0,0.3903319064050608
0,0.36441657104561864
1,0.7107338653878081
0,0.31426025290362053
0,0.2979610182740889
0,0.6275781372913544
1,0.20371112192214474
1,0.5274500807008978
0,0.7422766751733657
0,0.5029917399154394
1,0.46506052179054175
1,0.8034694060151123
1,0.45286674543884137
0,0.31797216536182277
1,0.30863006545713745
1,0.4926335580829804
0,0.6059027955483444
1,0.8234186794334882
1,0.6055244970144786
0,0.6357607162298212
1,0.8348655697323619
1,0.2342000371146008
0,0.4884125819884644
1,0.5710038588751796
0,0.35866485028432843
1,0.7330683982275968
0,0.2306104936294019
1,0.16735709946643204
0,0.6309680433728247
0,0.45808725886396384
1,0.5296681816647949
1,0.3442411576727101
1,0.5661200388917974
0,0.2863600724895829
0,0.6139818936850335
0,0.40980698173648844
1,0.5905336896276452
0,0.6734101603028316
0,0.4481888765181444
1,0.5821409242729875
1,0.24172038661081602
0,0.7220309456804097
1,0.4470962389774172
0,0.6013486771111077
0,0.3842075427013487
1,0.31710180313042396
0,0.5308735424389232
0,0.539253303092299
1,0.483266938243176
1,0.6275950223575886
1,0.5378291735372831
0,0.33598929086819934
1,0.7377974460950427
1,0.6327084752525038
0,0.5129354133692702
0,0.5664148156802866
0,0.3461797097485251
0,0.648667568824147
0,0.5079615442811332
1,0.44198832797444865
1,0.3252911264003389
0,0.5477633435336102
0,0.3113069804288831
1,0.47194253100502476
0,0.6304568031378032
0,0.2499843671930623
1,0.6887266855075209
0,0.5319900500429794
1,0.5483130530983927
0,0.45137032753327444
0,0.39992400818185014
1,0.3558874099977428
0,0.6310774891652977
0,0.43037450952341394
0,0.7039535720601777
1,0.5721382594231023
0,0.5130810465413439
0,0.42231835316853966
0,0.29858805544333783
0,0.42060354719490634
1,0.7313328458554281
0,0.3993342626696071
1,0.6731110748589169
1,0.1679194851744873
0,0.4218992385880615
1,0.6194661287872794
0,0.3667806926545072
1,0.21231218698629256
0,0.3238590268274917
0,0.5008020237607909
0,0.7489317138605524
0,0.26591909121394336
0,0.31675948144445387
1,0.22342352528684073
0,0.3362321226261282
1,0.8156044827162555
1,0.6616935400283576
0,0.6998441970900212
1,0.7391860506081609
0,0.44166120915831464
1,0.4616689117887849
1,0.522116777192362
1,0.45378799399403896
1,0.7059437290796604
0,0.41571776623774126
0,0.29989792008067845
0,0.3918994995729141
1,0.7487330095170577
1,0.28146730248809626
0,0.47480013812542304
1,0.27148051517443905
0,0.5241242139533325
1,0.49063264814971264
0,0.2140449628934494
1,0.8093868864309536
1,0.6620490820829249
1,0.651347776589358
1,0.4984050710776113
0,0.3752710228322794
0,0.6192295318628678
0,0.6157704307800073
0,0.4290790941885061
1,0.6031243124848666
0,0.3032067913470651
0,0.23291341315962028
1,0.5355558960977784
1,0.52741195832105
1,0.583436041212557
1,0.7741250872050812
0,0.42940275212496076
0,0.3911766067806866
0,0.32043520095374134
0,0.7858799223166784
1,0.3540698712267759
0,0.35599223123844076
1,0.5781302571724627
1,0.492121563664392
1,0.3759954048688896
1,0.5978659524967312
1,0.5250621453866916
1,0.2846702024613436
1,0.27156397360902335
1,0.6640169014775298
0,0.1794800530833597
0,0.5220816340495033
0,0.40034451778021146
1,0.8004758631602407
0,0.7782429051296995
0,0.5353188980299591
1,0.48985012398117483
0,0.251653939723215
1,0.3342218166331393
0,0.28959158243337757
1,0.7041904545581569
0,0.48966789250039505
0,0.4927130384621059
0,0.6278970836815946
0,0.49105162501704647
0,0.25493095483981537
0,0.45451548344609893
1,0.3844787931332793
1,0.4240320787572786
1,0.7744593139643592
0,0.31514848516161753
1,0.46466740696684394
1,0.5947615301661141
1,0.2622479876697085
1,0.7152624893229644
1,0.24041091795171451
0,0.4621319289533151
1,0.6491075421927237
0,0.3808596109430777
0,0.612392016693173
1,0.5950098900079079
0,0.626224180528736
0,0.6536936139803915
0,0.25695150787078413
0,0.3999072576148785
0,0.34264152214804083
0,0.2869037421686409
1,0.27448904310679745
0,0.5156159554288631
0,0.2379986157836398
1,0.3964928402710318
0,0.3418156481562155
1,0.5595815062331904
1,0.4163173987224289
0,0.23446190917368612
1,0.6299568852798951
0,0.30036380824165937
1,0.8125252835825444
0,0.5416047186331732
1,0.33984207701292996
1,0.3697672203789993
0,0.2969314932402722
0,0.43169225965633773
1,0.3093218300873018
0,0.2162924154651186
0,0.23045671550376523
0,0.5032654549459825
0,0.6296669634577754
1,0.8154754209300048
0,0.5927084055451453
0,0.6714754495731524
1,0.361760970544647
0,0.21454192802584388
1,0.6055669185239794
1,0.5100946846497254
0,0.2622823339281287
0,0.6030997355193329
1,0.6628952844129113
0,0.3514505182187963
0,0.551233934709691
0,0.29069940711312436
0,0.5994242534607347
0,0.3204253770845152
1,0.520228004573965
0,0.5796086356996384
1,0.7603865403684781
1,0.4997453772926807
0,0.7251474707320108
0,0.3370802658387653
1,0.3061753967024479
0,0.6974812848964963
1,0.20249775550303573
0,0.23567675531392937
1,0.595297694688496
0,0.7694558506002643
1,0.2981202311281252
0,0.25350420879604385
0,0.546180480295255
0,0.5437777968469255
1,0.7344061834500598
0,0.37445866078452666
1,0.6276423626667328
1,0.40762995154530995
0,0.2012028639582566
0,0.273351748915703
1,0.6087345864613155
0,0.38942860955397907
0,0.6316000807965144
1,0.23976159018881033
0,0.30443368743662924
0,0.2546978122553842
1,0.5689632565540768
1,0.5318827634803946
0,0.5696808259218232
1,0.7144622878683748
0,0.4839144578535365
0,0.3845915624623841
0,0.5741190889847874
1,0.6075265483789544
0,0.3378658187479669
1,0.32715976793093865
0,0.401796731428259
0,0.7281067115490842
0,0.3470320131472281
0,0.6503077816877952
0,0.2845333481835533
0,0.2921157885764495
0,0.5542901007470697
1,0.5530857687492158
1,0.7529184169308075
0,0.31575509569567517
0,0.4835973662793128
0,0.4233832576072536
0,0.48264466620788954
1,0.364435962741968
0,0.3140145947016765
0,0.6079100743926517
0,0.3093677162564906
1,0.27417279189128213
0,0.20764923924759096
0,0.3126765346858553
0,0.30532088215791553
1,0.44427622342407513
1,0.687733006572762
0,0.6183059667909161
1,0.7671152196534182
1,0.6814279846980388
1,0.5213763832328133
1,0.791565163045333
0,0.3684026041699068
1,0.5876904249189189
0,0.41710723459660604
1,0.5792968795366714
1,0.8113793288389985
1,0.7217278768347741
0,0.33578538522861473
0,0.5153646837664005
0,0.23157235349970282
0,0.2858529844667677
1,0.6209921761439887
0,0.29908819676313025
0,0.1865374354379554
0,0.32926568379605553
0,0.20979147785404062
0,0.46051532419453733
0,0.7268423901223218
1,0.6973753111066389
0,0.6503777258811207
0,0.21558820946294757
1,0.696205323588148
1,0.30872213422587125
0,0.3419898210441995
1,0.7132385146810143
1,0.29340387949347024
0,0.3080019679443246
1,0.7550784505164391
1,0.6991022564360714
0,0.37958983133195
0,0.2481091603981395
0,0.27410966938387715
0,0.35783063313126656
0,0.36222089497361465
1,0.40548103963440524
0,0.7177373113640461
0,0.47406051358661616
1,0.6025571785092434
0,0.26434725732595665
0,0.2244730984681324
1,0.503741059905104
1,0.3711633295987908
0,0.2710419007702217
0,0.5426552158001214
1,0.4266854433724277
0,0.2512072687863003
0,0.2639186378782229
1,0.6906992557058902
1,0.44987287021819045
1,0.3456842078115989
0,0.24915608172996848
1,0.5657923429661703
1,0.4943911924151376
0,0.43450033204750604
0,0.5367065723199346
1,0.5129501345170552
1,0.2995859019046003
1,0.4412426597700493
1,0.5203128456285521
1,0.7801549006465851
0,0.36073287700314477
0,0.48412478170353196
0,0.747876769876375
0,0.4911528062817172
0,0.2681690398561233
0,0.41164917599369893
1,0.8100689935229984
1,0.3992593746519662
1,0.7513146101943969
0,0.4571483481678159
1,0.2649897454142587
1,0.5966694740872861
1,0.2882703440416624
1,0.6186869896479799
1,0.45447113230091
1,0.6065143248258833
0,0.3102635268987397
0,0.4262394869826974
1,0.7889074367398589
1,0.49441986133714616
1,0.7500187565402295
1,0.7050011514924258
0,0.25322123303433186
0,0.5452032603297976
1,0.5028442764244385
1,0.6234278159694356
0,0.26421284825317354
0,0.7433821477064192
0,0.2429638828708925
1,0.7765429359837394
1,0.4295837624260146
1,0.7512165540423514
0,0.4406130499656135
1,0.4664607603596824
0,0.4674247697081958
0,0.4991403511601098
0,0.24398264751211748
0,0.276446740094626
0,0.6812780998403732
1,0.26780598077890316
1,0.6137282757726871
1,0.26360020613023943
0,0.3870166884801917
1,0.6088635246854581
1,0.3474154458510057
0,0.2626460458678
0,0.35330310203216353
0,0.32694330358972773
1,0.30456558754170204
0,0.7969977932259291
1,0.5224408866227528
0,0.5547000029221149
0,0.3320830002246489
1,0.4393667414692823
1,0.6811083638661757
1,0.6508550601538631
0,0.5232405486356619
1,0.478642241086893
1,0.6594587689770463
0,0.31774010668019076
0,0.2845077498366746
1,0.6582809823369836
0,0.4250303513540531
1,0.39476136999342804
0,0.39736564254371554
1,0.4237378452759059
1,0.6276490776291064
1,0.37456201862286015
1,0.7385531244244712
0,0.5413343207562411
1,0.6974643044155684
0,0.5867668003044203
1,0.3226139449320967
0,0.6979541001748435
1,0.5887072780154287
0,0.2697574124668215
1,0.7606865347571615
0,0.5690756739349097
1,0.34195964675466495
1,0.2530150545625351
1,0.4940526356096914
1,0.477254433229483
0,0.3881780515850101
1,0.574369066467759
1,0.5199152294906076
1,0.30808256564855213
1,0.604551865934934
0,0.5844593772792986
0,0.35717376353061253
0,0.601706296091439
0,0.26272139422503943
0,0.2577530893014982
1,0.3451294228166842
0,0.24438829048612387
1,0.6194161738071069
1,0.7611137196904476
0,0.6522183156516042
1,0.3549197671163456
0,0.2780498431412997
0,0.65902382285756
0,0.6877053913698471
1,0.8117121078743798
1,0.5327980579121822
1,0.3432251526270685
1,0.377172929508881
0,0.27474660791671107
0,0.25993801332960625
0,0.48407067510125934
0,0.3853897522956712
1,0.6462525670312832
1,0.3253772140571725
1,0.5941555421161883
0,0.699931211327854
1,0.48333044695973104
1,0.6175396711492133
0,0.38878782542111867
1,0.5370040472604729
1,0.6780328806990481
1,0.6126327954289288
1,0.25029481690191896
1,0.34423981244833607
1,0.46425762825548683
0,0.7464061215006241
0,0.533721408763814
0,0.3119527097115243
1,0.5413972971395414
1,0.5552334864855916
0,0.6141359899142053
0,0.5315391671637557
1,0.7258307129371347
0,0.5748940597570706
1,0.5374650351535223
0,0.6023124734417723
1,0.4772390551191274
0,0.561233623881346
0,0.5698905672783727
1,0.6327556630872645
1,0.3537916986288052
1,0.595084332266441
0,0.49173217675450065
0,0.33954263376098215
1,0.4120454804695479
1,0.7107731168342015
0,0.46275690318709445
0,0.3707815092438891
0,0.32314157980161506
0,0.3138056974815393
0,0.2527599251111043
1,0.6404662499646621
1,0.6062248080575088
1,0.6858823300234661
1,0.6681457533079326
0,0.6780287584325402
1,0.29470664915519185
1,0.7899450603527199
1,0.695472675139752
1,0.5548738153893114
0,0.5962809772824245
0,0.4342411455517489
0,0.664205142654433
0,0.32904479579732177
0,0.7384595767757541
0,0.41897314730447016
0,0.6030675730386977
0,0.6510167323920615
1,0.5081701770954148
0,0.3547635249662989
0,0.2608512312590787
1,0.5336041763732535
1,0.6456678242246556
0,0.22770918027938514
0,0.3006056932645098
0,0.8397617400677319
0,0.18175153186837764
1,0.5136879488272618
1,0.19821854712128248
1,0.6723687139956717
1,0.651007144385128
0,0.48380858557263884
0,0.7682810298048571
1,0.6588967405185957
0,0.4541295583311033
0,0.44035490845236147
0,0.2802500790479791
0,0.19171715335267384
1,0.4424522978737782
1,0.6756776001253787
1,0.6594592177295447
1,0.8237441476033676
1,0.5539377199777289
0,0.5912153853814193
1,0.5654758961458113
0,0.4868031401380685
1,0.5135710782750285
1,0.7571395094229528
1,0.7678816956714165
1,0.5611942306659833
0,0.5323859530444419
0,0.730170985826457
0,0.5210595615600976
0,0.5486714362656241
1,0.7163243293574273
0,0.504703889382498
0,0.4847434788996144
0,0.4736384884670326
1,0.5939576229136246
1,0.5424724615812748
0,0.281589559323614
1,0.3403064564242188
1,0.3580266364039408
0,0.4829875409444642
0,0.7040077156826455
0,0.49667919732365595
0,0.19902406377915166
0,0.22668166137361614
0,0.4497184527342029
1,0.5381752285139839
0,0.47738104241667034
1,0.3571753562356282
0,0.16881558459731288
1,0.7865390299143282
0,0.3023452501204508
0,0.5000382127688776
0,0.6343001932526693
1,0.6423060784744992
0,0.317963714255666
1,0.7570540667696946
0,0.4038291359229355
0,0.6882500103184106
1,0.7815005310818322
0,0.44291316264915176
1,0.7049601082376131
1,0.5021328490086048
0,0.5875536439027347
1,0.42334784252926877
1,0.4564116932352019
0,0.431848087571909
1,0.37789081927819684
1,0.45581811751840456
0,0.4829974272300626
1,0.8056894748960435
0,0.7194671111564124
1,0.5637541504762972
0,0.5589500376526536
1,0.8004995736161875
1,0.28540148200084625
1,0.4490241120164045
1,0.3896224626446559
0,0.26262487876796886
1,0.6706057492258328
0,0.2737575409135775
0,0.3968833109964405
0,0.5737744955574215
0,0.7050958665251561
0,0.40481413750312256
0,0.34359035846154057
0,0.5561880993887992
1,0.6547017289732558
0,0.28414721372530366
0,0.35213858341350485
0,0.6540137988539557
0,0.35620225482591683
1,0.32316881257395375
1,0.6285674851268608
0,0.48683530205282166
1,0.7033747379860417
1,0.3938705604909506
0,0.240853976202997
0,0.3471018435873592
0,0.41936081524903257
0,0.2704241558693104
1,0.3504414993350234
0,0.5615761602299939
1,0.6621743400358464
0,0.4189701305990648
1,0.6842497192825642
0,0.17135179080712626
1,0.25399561683673516
1,0.5767253172671694
0,0.5146039215542224
0,0.30230910167303104
1,0.6600242418421632
1,0.5644560139257929
0,0.4271225677669967
1,0.479641024135134
0,0.29298602428967285
1,0.2786923793686095
1,0.2996367486828509
0,0.26538697495290975
0,0.3808185136226435
1,0.5683927481099914
1,0.6384931388001718
1,0.8194535002343215
1,0.4317744677383476
0,0.267003837831658
1,0.734390693256369
1,0.522045761953277
1,0.6952409669348127
1,0.4686440728704594
0,0.7403043988954761
0,0.7364070089333437
1,0.5106734155144376
0,0.3412713647956175
1,0.6099123421952765
1,0.5405382717856373
0,0.7363760610705291
0,0.37439914336571145
1,0.3208785408900554
0,0.6159116772161828
0,0.6380080349952356
0,0.31236640385003306
1,0.5796224015483782
1,0.627978055868306
0,0.524720280293942
0,0.4685450859304363
1,0.6295156395050787
0,0.24728111803058675
0,0.5064560594808726
0,0.32455192343500805
1,0.506732059132482
0,0.43049682226557345
0,0.24926119623096904
0,0.5024504702573038
1,0.5382779878474507
1,0.6443796660457242
0,0.3375718716736694
1,0.5678678929598373
0,0.5367329890636449
1,0.5908795410623333
0,0.24437041736583767
0,0.40594265658161843
0,0.35100036339723006
0,0.30826604596371293
1,0.7292436834982419
0,0.3522502760840501
0,0.6929463968454795
1,0.6899061978692649
0,0.5254562399967355
0,0.5325268949542428
1,0.5624631770977385
0,0.2422899855929939
0,0.3438398144223925
1,0.631183644921663
1,0.6426941079883971
1,0.47313820345180896
0,0.4361506956011539
0,0.29704279715161663
0,0.44690444056587053
1,0.7226107433851111
1,0.6987030158005614
0,0.35690122494496856
0,0.3283291065327747
0,0.37217901485893723
1,0.17227873186791823
1,0.6015658185540651
0,0.28106722695970404
0,0.2462625991889559
0,0.3793767268152073
0,0.34739740076426673
0,0.21258240543875037
1,0.36034183046210155
0,0.6403581687624782
0,0.665767182286571
1,0.5906265101455989
0,0.6579708924662321
0,0.3366267576775989
1,0.4427003745366713
0,0.5073893930753606
0,0.6437926836646114
0,0.2950927041109128
0,0.460311979552492
0,0.7656175565363046
0,0.291827371159852
1,0.7197590848440774
0,0.684762714460273
1,0.7601996116548494
1,0.5571516662948528
0,0.39025291406620083
1,0.6803627078277523
1,0.5785053045653742
1,0.32335591195605257
0,0.29823682708748717
1,0.8002305251475367
1,0.5521673436757454
1,0.6487825583035924
0,0.34485214506641426
0,0.30595567258865203
1,0.25961752641670555
0,0.2803609395049438
1,0.6864047487372703
1,0.6759961319902449
1,0.5469504182751905
1,0.3198358868989519
1,0.7514061511396892
1,0.5234320900481018
1,0.38198609114494847
1,0.3858268985471042
0,0.31568285830788095
0,0.3647656583810106
0,0.6024395362473561
1,0.4905999898946179
1,0.5419469666396469
1,0.6469894525210235
0,0.39413553925686196
1,0.6093266444130908
1,0.7894018106441606
1,0.5226373441533901
1,0.4205571835990227
1,0.5831402147102811
0,0.24640506510783564
0,0.42334508559333783
1,0.4275704734890483
0,0.24566515862139574
1,0.5668065871682127
0,0.6967201620988337
1,0.3758056262974888
0,0.6875787834747111
0,0.4163472306770395
1,0.6853103990265257
0,0.7997043472165842
0,0.4880023610583438
1,0.7857119874209041
0,0.1940908107951137
1,0.7320712300864967
1,0.6244813125456462
0,0.24204949246788227
0,0.2917823595386078
0,0.2568886938742788
0,0.6625797601915434
0,0.44922806142817134
1,0.7777705642073682
0,0.3605090652071545
0,0.6460901080465503
0,0.23116323622320004
0,0.39089852217328397
1,0.610611632943907
1,0.4862379229124656
1,0.5652924888669772
0,0.2416150090252811
1,0.7892871497860413
1,0.5750025609671084
0,0.3961954100054492
0,0.30543709005828246
1,0.45244398206896497
0,0.6190902707275326
0,0.2982058374428717
1,0.6755993027773267
0,0.7560914278487698
1,0.729673088952465
0,0.5145272587043058
0,0.4401598558150358
0,0.6387674925885594
1,0.6899885311830405
1,0.6606839046698775
1,0.6323170226523704
0,0.6893083449647988
1,0.7582937977950409
0,0.2679904861065074
1,0.7630630450053209
1,0.38076316508091734
0,0.6062408526393688
1,0.40469908008491023
0,0.2938735941339396
0,0.5077424356845565
0,0.322704483959515
1,0.531671135076381
1,0.571434032134724
1,0.709364476991634
0,0.22498483741220585
1,0.6656787122963994
1,0.6268567417355575
0,0.6703728365075552
0,0.5663976610625796
1,0.5455615492034669
0,0.2776301967208682
0,0.5108903664971568
1,0.7912864140171086
1,0.6640406331242226
1,0.6283862458666454
1,0.7320279531380179
0,0.6570969572151547
0,0.5196380468327725
0,0.42918232816951035
1,0.6730620500935712
0,0.3305091194926095
0,0.46157464892114863
1,0.520389489934579
1,0.28617515335921595
1,0.5688041171996655
0,0.33998635965975116
1,0.67736453025722
0,0.5681926454513866
1,0.7401388979829797
1,0.7917350546149119
0,0.28443365549290944
0,0.2827618122955873
0,0.35831010975375405
0,0.4902892538717927
0,0.41339024074740116
0,0.4001772053671578
0,0.3847229396237212
1,0.6532242526235252
1,0.4890745889044373
0,0.31626234471964226
1,0.6001433198974379
0,0.34163390642963215
1,0.6450405455130568
1,0.4245411667479319
1,0.42108645141362244
1,0.4201265778457349
0,0.24106680276911074
1,0.4415072661806888
1,0.4324117234251451
1,0.29968458213583593
0,0.3773499524875003
0,0.5070612864694961
0,0.6958284477910639
1,0.7457174715087582
1,0.7610825157172337
1,0.3432267389890201
0,0.41523445101010437
0,0.548228183984106
0,0.6096545706986216
1,0.5153682166736653
1,0.5619969534456914
1,0.40373644375584156
1,0.5265130950856766
1,0.3641791892982169
0,0.6532379054694175
0,0.5568598237037959
0,0.40603467445563984
1,0.36792656091810916
1,0.43320420409758487
1,0.5393936162569353
0,0.6464558489717585
1,0.5825383117090562
0,0.23567426468613645
0,0.7570104974112368
1,0.5638842454206814
1,0.6009768747100377
0,0.5495167454252663
0,0.5411991136837657
1,0.37458694476294335
1,0.48535715305626026
0,0.3288318696419036
0,0.5368228826598312
0,0.45785111464698813
0,0.2134187484234033
1,0.29493874507221524
1,0.529231019066781
1,0.7694375169628476
0,0.3275058687779153
1,0.29354284019592214
0,0.6131737826369951
0,0.336103943630663
0,0.288973062493396
0,0.4133254042260414
0,0.3626957223738907
0,0.6957207269008931
0,0.22440567755809435
0,0.3757975545251638
1,0.6493745830945464
0,0.42394173414522024
0,0.6948608179906198
0,0.3898643628928837
0,0.6908304126663704
0,0.5602673806542332
1,0.691087471910753
0,0.6656258065102676
0,0.19342244552429055
1,0.6493530977398404
0,0.42819896426002146
1,0.5350129733142647
1,0.4263933459383795
0,0.3199156188257524
1,0.6388021039260117
0,0.5007496216306693
0,0.4891148587682732
0,0.5333985615615978
1,0.6390315958220755
1,0.8242782980045341
1,0.5170427725997733
1,0.37796782105830873
0,0.44943416975427103
0,0.8052557928874593
1,0.46156002960270837
0,0.47314136796998185
1,0.5583775150338809
1,0.6198952255950649
0,0.21257600240911614
1,0.6121132139874832
1,0.43729605216820117
0,0.40800276396013985
0,0.35528189289458756
1,0.7635611584574629
1,0.6114858868128675
0,0.5052913657407934
0,0.30181063519744294
1,0.6704539101294472
1,0.5072177330729972
0,0.5982132881352867
0,0.2822064472686655
1,0.5139868584247391
1,0.3816559523672398
0,0.6364555145566638
0,0.2513084145036272
0,0.7606867396955862
0,0.5326566839205128
0,0.5133970059488683
0,0.31572398173618865
1,0.6344451799365435
1,0.7799311045697594
1,0.5829697656478336
0,0.3868170577855229
0,0.32081018911852976
1,0.6316285969005491
0,0.6179279996388183
1,0.6428470828113864
1,0.6188375634160008
0,0.43600292337471036
0,0.5814532292170045
1,0.5761011117687533
0,0.5525522990636241
1,0.6398789368793233
0,0.645021030952327
0,0.20234242877395925
0,0.5469437301403731
0,0.4087431849074636
0,0.6197483409151886
1,0.3097243579556665
0,0.19611551990774795
1,0.4345955455379622
0,0.7491263784060022
0,0.4252915246662812
1,0.8330309066564996
0,0.308263055298236
1,0.6866923309274754
0,0.4905984636529592
1,0.6457777900506001
1,0.6764520672241575
1,0.5526220570344899
0,0.6569585806855572
0,0.4142203362136224
0,0.2993896816415313
1,0.2806734942592996
0,0.6563270300130752
1,0.6593007761080257
0,0.257943496860676
0,0.29565411698412214
0,0.43915459857730366
0,0.6219388120469334
0,0.3344779002040124
0,0.41600966528999
1,0.3255785401476784
1,0.5314486617446419
1,0.3578736504902696
1,0.6354446522618603
0,0.43570833362838557
0,0.2702146404669844
1,0.5486849455812481
0,0.5920977680408736
0,0.2694967657551362
1,0.4544833086016083
0,0.23359053383406275
0,0.6462872685976159
1,0.760892788312972
1,0.7829012476120428
1,0.7128393253350875
1,0.4810241732633449
1,0.4313593372138056
0,0.2977519372895917
1,0.5788840061830738
1,0.6997199687788428
0,0.5950866632945948
0,0.33624299377704364
0,0.3767543790387885
0,0.2732845461681575
1,0.656532418607913
1,0.5340503568830133
0,0.2588384516249
1,0.386728160626977
1,0.3606562593135379
1,0.5304275247731187
0,0.41594416728519007
1,0.17740973524660691
0,0.37723661266471215
1,0.30784633562710695
1,0.39325723317913724
0,0.26223679733800653
1,0.6280240430881184
0,0.4253492849281337
0,0.2688884796280714
1,0.639310223743404
0,0.33548795626462175
0,0.2204469547574341
1,0.5267136283102765
1,0.549662674060237
0,0.2554675436648249
0,0.43896109965668956
0,0.42902817496352835
0,0.8090916298084859
0,0.6427892428624911
1,0.42695167960507363
0,0.6480483024052969
1,0.6010876422317791
0,0.41419200064520684
0,0.40769445215363237
1,0.628909433571735
0,0.4716078415193365
0,0.36596702490370775
1,0.3493857088632489
0,0.3689772336255227
1,0.5965065980308843
0,0.2692290703394109
1,0.5897340197418321
1,0.4430896663282394
1,0.7685316150909678
0,0.2752321855033962
1,0.6088195029264064
0,0.6512534654941662
1,0.24972065307611496
0,0.2528008041274004
1,0.5503269137997087
0,0.4007798630033656
1,0.24887779591172773
1,0.6761379274047761
0,0.32282929710898267
0,0.32198794028580857
1,0.23159976402229907
0,0.6774031615773229
1,0.81265160489983
1,0.4991899685474272
0,0.34477039909558266
0,0.5309358071965297
1,0.3771018763185764
0,0.30288390944682814
0,0.26606786119569004
0,0.7269664502562402
0,0.5856634140204354
1,0.5930839259468038
0,0.29132825327300027
1,0.35150514225726937
0,0.3983703525149862
0,0.41870740006536866
0,0.26561580463959444
1,0.34608514195107126
0,0.4366303928791782
1,0.5489321039066528
1,0.4519923987837764
1,0.784263648286428
1,0.3700485213065727
0,0.7041459659558493
0,0.7464682582352377
0,0.5651356658617277
0,0.6699059012248249
1,0.6583144130878519
0,0.5926019677908076
1,0.5982557180345969
0,0.5000902551683549
1,0.6051605175925255
1,0.6556115863138964
1,0.7829338907233604
0,0.4594250532107365
0,0.30779212251080484
0,0.5843586092393235
0,0.24445057297680653
0,0.48731629173161245
0,0.48762742322618774
0,0.218358474109193
1,0.8462476279148828
0,0.3250273379493839
1,0.29797463548454733
0,0.2755753147147138
0,0.5386809898385286
0,0.4282700598850078
0,0.6521794733732688
1,0.7365347864808003
1,0.6365101705288229
0,0.47032751546482277
0,0.20727841205583325
1,0.4162321092194285
0,0.3572908010085571
0,0.408616483935904
1,0.4171455950664015
1,0.398836343968646
1,0.47026118749402285
1,0.4041016996726035
0,0.6799988135540727
0,0.6164618720005303
1,0.45394734718467816
0,0.383090325790932
1,0.625688119736085
1,0.7335049346694776
1,0.5524916558204225
1,0.5738264402396936
1,0.6271407619599304
0,0.5850503374092766
1,0.7189074924937862
0,0.4306667576434829
0,0.23516187405747035
0,0.485428602736926
0,0.504537121076132
1,0.6562415207987066
0,0.463320630569851
0,0.2492383584613922
0,0.5676942413035304
1,0.7108565459704015
0,0.4827000390308828
1,0.4278123256185106
1,0.7165604401098016
0,0.37091762676996354
1,0.30428250539162716
1,0.674118717438817
1,0.7079744310377061
1,0.7593155055711682
1,0.6356803644363359
0,0.4981257964813817
0,0.16033233374437048
0,0.3370106280020173
0,0.4141455168540861
0,0.27615513524107804
1,0.6856611083010793
0,0.25720936723255783
0,0.31914223162457567
0,0.32215183024979244
1,0.6033079129611006
1,0.523685538972256
0,0.2543238931788188
1,0.34336922648679197
1,0.6688017804163345
0,0.24952061522467944
0,0.481824436899191
1,0.6375931030919417
0,0.42491905062886376
1,0.8183053242567768
0,0.2461951623554808
1,0.5688960525088018
1,0.734631143079402
0,0.269844110267519
1,0.262318822910209
1,0.7056909032400985
0,0.20531974314392926
1,0.6142734300373914
1,0.5817347029367996
0,0.33636788864392697
0,0.633918668661901
0,0.3134881654223209
1,0.7089041362343763
1,0.6674422323688357
1,0.8412059760335613
0,0.34878148201594955
0,0.6145752775777419
1,0.5894910705090899
0,0.4447752762551013
0,0.2978028716348883
1,0.4025893158946584
0,0.6461504530623038
0,0.4987087683019736
0,0.32855111531625436
1,0.6788569023323999
1,0.4977770713623874
0,0.2214344110809317
1,0.4753050757959959
0,0.41522709477227077
0,0.35907445200387583
0,0.24648754397552347
0,0.3993546791414802
1,0.5338538040084357
0,0.5503042309980813
0,0.30748213026991933
1,0.7036636543504386
1,0.321835134756752
0,0.35058055899615626
1,0.48292919706755705
1,0.5580125880390575
1,0.2535313231272245
1,0.5568722474201784
1,0.7348797812714252
0,0.3629690573225108
0,0.7546588302077295
1,0.3207108807697662
0,0.3619332815728863
1,0.47999964923464467
0,0.6535728208243404
0,0.3704892663742233
0,0.2720112949583285
1,0.535173695730572
0,0.27475417147115677
0,0.6739614719985144
0,0.3831233871100063
1,0.42814681207182415
0,0.6697715051319529
0,0.5609766340767229
1,0.6564516126502499
1,0.4370717081557893
0,0.3532234861519116
1,0.5525704022585967
1,0.38066960482149664
0,0.301918111311402
0,0.3947838643347678
1,0.5369141587588757
0,0.23013698373154937
0,0.6785419006365386
1,0.5201567498695101
0,0.7099706892485854
1,0.7341161333049885
1,0.3371397149031475
1,0.6769793310581751
0,0.6770674873895167
0,0.8034614394313792
1,0.6622558961782914
1,0.5932290994371379
0,0.38209551811223313
1,0.4225496303018839
0,0.5627100001115538
0,0.4409774619974784
1,0.6042790010581559
1,0.5630570220682727
1,0.30769111493613627
1,0.4786848902917868
0,0.34434012589338003
0,0.21750107713018263
0,0.3419141010820032
1,0.27768087778690653
0,0.3191219929503788
1,0.7036348670079489
0,0.5125405824144621
1,0.44274302017712364
0,0.2779135613867483
1,0.8398176995941883
0,0.38315907021628626
0,0.2589028065565666
1,0.6282355117349198
1,0.3669024475691441
0,0.4292118116580942
0,0.25027027066067636
0,0.6609457093868784
1,0.5263206664538457
0,0.6568410934730677
0,0.7304596370437887
0,0.8217953543468675
1,0.6825619980212179
0,0.6555005355946375
1,0.4585250315976552
1,0.7591452273471966
1,0.6781698722660524
0,0.4821059140553406
0,0.5794602718911301
1,0.7668704724463821
0,0.37020031632574285
0,0.6385003865105403
1,0.6568984981361827
0,0.39972736453445384
0,0.5338133468220408
1,0.720381935751818
0,0.6173882210924867
0,0.43785896383743683
1,0.4999453247258111
1,0.7472865812392835
1,0.4890835213375338
1,0.6096407204505091
0,0.3621812073800487
0,0.30597266615721325
1,0.6571447047653809
0,0.651997639599856
0,0.7785698686758935
0,0.38426228562970416
0,0.7191675371495349
1,0.7546435131223987
0,0.625662816049907
0,0.5430711078672115
1,0.524156678550527
0,0.1877472592866007
1,0.7120896321308543
1,0.7208917539095528
1,0.7340461488105319
0,0.45526179919055926
1,0.5211793449489595
1,0.3863041705660786
0,0.5775984519527527
0,0.4255557487651415
0,0.3135891030014608
1,0.7905793029405689
1,0.23680507399816017
1,0.6237339397029223
1,0.6614406965917946
1,0.2825019852571111
1,0.6655461796962998
0,0.5227346570385393
0,0.37299241322862464
1,0.2367549126660161
1,0.7697048126419446
0,0.5343111296423537
0,0.49388326193311155
0,0.7001587950822699
0,0.3404015649715801
0,0.36728631237255754
0,0.32281142781329814
1,0.7167814165099603
0,0.23492855649930355
0,0.5329889199135807
0,0.29318297219337625
0,0.381109458093197
0,0.4116703596700949
1,0.6134834760657992
0,0.5424266029566244
0,0.6452728624482191
0,0.19223242326969037
1,0.7365139926825712
1,0.5720959060448076
1,0.5467224754367407
1,0.44160528157655193
1,0.2523098963484931
0,0.7582551573763026
1,0.5527567502471583
0,0.44863559254599283
0,0.44032728684355654
0,0.20503511511597244
0,0.7543104302507758
1,0.2786071021732263
1,0.4085135546949193
1,0.7667981555704949
0,0.33699125008961095
1,0.7046774763588209
0,0.3006942364021701
0,0.3881443002800199
1,0.6090028423594035
1,0.5736783010032607
0,0.2685966944511552
0,0.29389543513118993
0,0.4045751599324356
0,0.3305257088893182
0,0.3690818809887144
0,0.44937768134841205
1,0.5761066566251325
1,0.4773065178306295
1,0.4398310341075003
0,0.21963381779336827
0,0.49219357093465926
0,0.39923513814704237
0,0.41668357577068027
1,0.33224984434122107
0,0.6329322387966233
0,0.4475216208263712
1,0.4948449900189334
1,0.8140403904719679
0,0.1768933582254636
1,0.46253369194368604
1,0.6249182099931506
1,0.7569018280267955
1,0.3281039789056077
1,0.8306146170665659
0,0.5168345623337746
0,0.4652141128167161
0,0.5499581787854236
1,0.34670210690014197
1,0.696553783860961
1,0.7119207562823943
0,0.7614503669028062
0,0.47957277000080517
0,0.40762267780455663
0,0.2932556105999435
1,0.6978537293082384
0,0.2624087113428777
1,0.6382526395344773
1,0.41700337148994876
0,0.5344743501571707
1,0.7487019163149081
1,0.6687528434782247
0,0.39238699069706434
0,0.3482053761163364
1,0.7110169386898814
1,0.5714224272890606
1,0.5209076040571065
1,0.4181239485484074
0,0.48441236963308315
1,0.34358980039624115
1,0.6515427901843949
0,0.6844216165241165
0,0.6639273410076624
1,0.7922276735456487
1,0.2824914039631275
0,0.42986787156304995
0,0.3293816462097876
1,0.7692405233465394
1,0.36534289091774885
0,0.6186785195207195
0,0.4930621006131663
1,0.5568721948921311
1,0.7905562581320763
0,0.3675946555020038
1,0.33894945169950674
1,0.673475510086408
1,0.6924148109056355
1,0.37531324858207626
0,0.7554653879179088
0,0.366299914448565
1,0.7337712505068671
1,0.7656365624059587
0,0.3680953948528601
0,0.4053468026116348
0,0.2847914442738137
0,0.3827218474789393
0,0.3991371545510861
0,0.3600868643876825
1,0.257305404167356
0,0.5723824384395151
1,0.795712537589468
1,0.6647388254199794
0,0.4929451619141384
1,0.5706363347035988
0,0.3731961427608273
1,0.631223825185927
1,0.7807971478985235
1,0.8015274344265202
0,0.43521509022041505
0,0.21956446619166708
1,0.3542255126873712
0,0.469098129247719
1,0.8343304477527335
0,0.46588622987078526
1,0.23194304657422155
1,0.5864130658361547
0,0.32787980227220187
1,0.8355657440770567
0,0.4578646770927775
0,0.2434300940006259
0,0.3086691479171067
1,0.5997273273443794
1,0.3539853535465761
0,0.2189547963685699
0,0.2810391337437646
0,0.6181995902377007
1,0.565306092796855
1,0.4839417096579901
0,0.7111354654257704
1,0.6791505890396935
0,0.4223859020358068
0,0.4077646210688236
0,0.2984201345183267
1,0.680473170440536
1,0.5109979088394523
0,0.5839588558773482
1,0.6484751631474308
0,0.5613702935424858
0,0.36415623739731173
1,0.46824378673561295
0,0.4851286841097575
0,0.4699078388559604
0,0.5674616971786226
0,0.5072106063762
1,0.6358174814229666
0,0.3232896934990638
1,0.3405765145083598
1,0.647982283578305
0,0.2742452341097428
0,0.690028308240667
1,0.7406915711405477
1,0.6243203216447791
0,0.3809016725809095
1,0.5841814226754182
1,0.7326922096771704
1,0.4362890936409108
0,0.24757023484432789
1,0.5230382051712846
1,0.3772111209534922
1,0.7124970587134729
0,0.565490737263838
0,0.5009510586665321
1,0.6342117066285873
1,0.5267926961587442
0,0.755212031474951
1,0.7515949892506656
1,0.5234398929722626
1,0.36529704716243244
1,0.7824791472760141
0,0.5014840955349752
1,0.53039705004245
1,0.6600334799658512
1,0.6146665086144067
1,0.5447037907480282
1,0.5097302839899371
0,0.259146692968535
0,0.4852537724897762
0,0.49726977563167946
1,0.7429845045827312
0,0.6519504743069603
1,0.6575584586315969
0,0.42380667923474397
1,0.7374853772778196
0,0.6842895717809258
1,0.5599022498270857
1,0.4208680400323929
1,0.3138817230389414
0,0.3862025068340568
1,0.641949695414229
0,0.4933664971548325
0,0.523256998552225
0,0.6146186060368029
1,0.6391075757953175
0,0.2608556246182345
1,0.5863501762433075
0,0.245224686417484
1,0.2589099371712393
0,0.6347509948858642
1,0.6952763004647367
0,0.47305470542327627
0,0.4929728295876929
1,0.586248943498199
0,0.508461301481286
1,0.7637959957959257
0,0.26779373549985663
0,0.47066730198472817
0,0.6352251560421729
0,0.4084902324642572
1,0.6960818838610144
1,0.6780569901278224
0,0.540116273233174
1,0.5693391546402204
1,0.46432260272493353
0,0.2964053351121258
0,0.4539492024830887
1,0.5035771656204957
0,0.7530843401923477
0,0.33385212563573613
1,0.5790460508859213
0,0.6419806924461496
0,0.37399404808827735
1,0.6485671386646753
0,0.4484373247285253
0,0.21560636969089114
0,0.36906083467381046
1,0.4233805947435328
1,0.605446104880071
0,0.24314912588916995
1,0.6096013648989922
0,0.5882973254226677
1,0.5511376731811317
0,0.6942807043909354
1,0.5634749064569555
1,0.6349263220472425
1,0.42340743392839236
1,0.7042002027952899
1,0.6813231269890461
0,0.29204306654645523
0,0.2713533556798117
1,0.6105310067668958
0,0.47398340831179103
0,0.3156618772013919
0,0.28756165730616023
1,0.5031280448929776
1,0.5328169701544019
1,0.38166631076372964
1,0.7344400898740603
1,0.3833776107885292
0,0.2878787018939585
0,0.5302931008460283
0,0.4020188298240649
1,0.2487092641952117
1,0.6453942084499862
1,0.4991971344365263
1,0.4154769113860665
1,0.506398309113734
0,0.3087461694320489
1,0.2938956965269715
0,0.4995476140204157
0,0.32937340792879716
1,0.48883522759236386
0,0.4010382481179907
0,0.44541984045171074
0,0.44935817052374744
0,0.4622585879619157
1,0.47441578928145706
0,0.32743587097309584
1,0.3424081152684071
0,0.4399060560178522
0,0.37617834016195817
1,0.6149017528354608
1,0.2558481220631784
1,0.5889060807387191
1,0.6025728603298326
1,0.6581178750605803
1,0.5001534471897111
1,0.6024543568297828
1,0.4569381038347072
0,0.28476991429421994
0,0.540183050777145
1,0.48550973323368185
0,0.4162668106385284
0,0.2850680288111085
1,0.7810394252446413
1,0.4983351028681222
1,0.5818324820305488
1,0.6059221524534393
0,0.32639111059162207
1,0.6680266524111043
0,0.7628900238641649
0,0.5140262020026846
1,0.6304484319986967
0,0.5172640524183508
0,0.47185504868087486
0,0.36023131406087316
1,0.4833637591126326
0,0.48945571393248105
1,0.6485090245698792
1,0.5084448009947641
0,0.341798797844748
1,0.47447405160507117
1,0.47249276224966635
1,0.5407330149841422
0,0.23630496725146216
1,0.4194486405655064
1,0.6695168621108283
1,0.5740036971220766
0,0.7125987218557532
0,0.4533131401009242
0,0.48672439727076844
0,0.4068443063351995
1,0.5255117314593576
1,0.4960192422104385
1,0.6483553308784532
0,0.57237115530683
1,0.5597788918393198
1,0.6315735935116584
0,0.3783908514813344
0,0.5636740858034198
1,0.30274262183069023
0,0.5461095601490045
1,0.7327694530883226
0,0.31768048639987273
0,0.4101826058642077
1,0.650052145845498
1,0.6273854700871228
1,0.5190290137598825
1,0.5160761279239996
1,0.7497221592467966
0,0.24265110910063695
1,0.37220668182682837
0,0.3793692229270325
1,0.4826458348341904
1,0.6073540661168567
0,0.3526081538513437
0,0.23488124151799067
0,0.3553208959763063
1,0.6739774415791238
1,0.799950024141271
1,0.38389536519957973
0,0.4528423109685185
1,0.6164000595042474
1,0.6725219460151707
0,0.6460323635027697
1,0.6432564368402915
0,0.41585907672306865
1,0.32407467612544044
0,0.32832621900737075
0,0.3239470461299855
0,0.442648644016247
1,0.5102848334704574
0,0.33356344371511965
0,0.581633739397712
0,0.39491624815570686
1,0.4554096150848033
0,0.49132348994792074
0,0.4687898593257582
0,0.3195354299017255
0,0.6218369510789851
1,0.6308376421297034
1,0.23965839882742224
1,0.45257801096569406
0,0.4223052735342281
1,0.6867810455193456
1,0.6554276665293172
0,0.3601609873703951
0,0.318454947547719
0,0.5826619976946229
0,0.22645826592325774
1,0.45070518129315457
1,0.7446234279654319
1,0.6464175235831453
0,0.3233414697284624
1,0.6014424395457567
0,0.31297471814239863
1,0.5765279328354351
1,0.41472358702108003
1,0.2569728179160437
1,0.6539455687797077
0,0.5032164294730269
1,0.2870412378053711
0,0.49604224135201397
1,0.4609876414847503
1,0.456770249377993
1,0.729343435093779
1,0.37571511274534714
0,0.6287864386060028
1,0.47284071028848007
1,0.656108736406195
0,0.5431604681380778
0,0.37358911615236645
1,0.7682075009664742
1,0.491307778674048
1,0.6271580612786515
0,0.2381906249825769
0,0.3329731892312043
0,0.605733591123493
1,0.7396114007051873
0,0.556290297324717
1,0.6185099680435859
1,0.44946286191542406
1,0.4923673374488626
1,0.5955606045824415
0,0.4076312437787465
0,0.37276689513102784
0,0.5341651721570202
0,0.36310509076408665
0,0.7016459416212333
1,0.6524613552216125
1,0.3088371565079096
0,0.5425751665194064
1,0.7435421664371574
0,0.6989725650696095
1,0.617538795637396
0,0.5365953745767861
0,0.652035519652221
1,0.40562707005138976
0,0.2840263453433628
0,0.3755175083076478
0,0.27472598972118994
1,0.694059419896819
1,0.7668495143064489
0,0.5261335047210038
1,0.2388064438265163
0,0.3957780759877267
1,0.40789074035177103
1,0.5595441480054875
0,0.6835191537514329
1,0.5987383800862651
0,0.47044125014288035
1,0.6973161008573157
1,0.7215932069587419
1,0.5851154337514192
1,0.6558740144165677
1,0.6803314198505271
0,0.3955826126971761
1,0.7528347947347924
0,0.3286483432382099
0,0.2358177828273461
0,0.4452671441183545
1,0.49652825139321516
1,0.674031593702631
0,0.5703515931117922
0,0.3932643023027258
0,0.24914099609954182
1,0.5609030779881196
1,0.7290056410257051
1,0.4493886945759479
0,0.46556393205682634
0,0.322003066796543
1,0.5351371746184842
0,0.4074557739832087
1,0.4905304159608126
1,0.5614386939681059
0,0.5883234058631829
0,0.5951121036937489
1,0.7067870861386057
0,0.3684024833386026
0,0.6697444597316408
1,0.32259398169628245
1,0.7123547020294473
1,0.5652190272002927
1,0.4483427152825127
0,0.29897405922269366
1,0.3933671916522487
1,0.6788983511625997
1,0.5838937317130286
0,0.4267913457451516
1,0.7306284063934606
1,0.7088169168597183
0,0.3200653848884276
1,0.4512213589292065
0,0.5504325211114791
1,0.4002077310674122
0,0.3968420119710451
1,0.4648410754237767
0,0.6912906950120037
1,0.2761138249085217
0,0.45368027017153195
1,0.5749645528500668
1,0.7652190453605617
0,0.6243834290449922
0,0.4755339903702889
1,0.6730659473762038
1,0.5105894711024089
0,0.270059713952376
0,0.38795346897159483
1,0.559486249663108
1,0.6678532051614343
0,0.7580462051650023
0,0.6238312368217314
0,0.35967234710101054
0,0.5380145122841236
1,0.3694826724899595
0,0.7061164930878924
0,0.37689393288991446
0,0.5750307677184514
1,0.5269592422432228
1,0.38501859866112464
1,0.6975843902381178
1,0.6333247060128505
0,0.3739621148355043
1,0.801357893198971
1,0.7203916685420282
0,0.4479482478788726
0,0.3344608871689961
0,0.3248928179759889
0,0.2649197950366749
1,0.6500133341585286
1,0.6301354978644367
1,0.44211127442242015
1,0.71054911988509
0,0.5758084431933013
1,0.6853431610487966
0,0.30149108050478307
1,0.7189458581861132
1,0.5192541258714175
1,0.609283113720112
0,0.44202903975211777
0,0.36726523741070854
0,0.4409431602052735
1,0.7231009774784534
1,0.52834825747844
1,0.6791246891602306
1,0.6648467679816696
1,0.31924955279455486
0,0.4762726360933124
1,0.37851010106238697
1,0.6453235932303002
0,0.24867857279924138
1,0.7108968699380739
1,0.5611659055076079
0,0.6190125656680487
0,0.3167813272465842
1,0.6433903794250455
1,0.35224946118500067
1,0.5548489628442842
0,0.23721651171887076
1,0.6841618221771669
1,0.6263985716255754
1,0.350830563090975
1,0.7593362239942428
1,0.32941048368562537
1,0.7485960990184103
0,0.551012423057997
1,0.5010833696170418
0,0.6258490570653401
0,0.27611620469162923
1,0.4322054597360942
0,0.6918213070622469
1,0.5520649623971711
0,0.5554438877755922
1,0.24862558776243976
0,0.5357783896220389
1,0.592040653171455
0,0.47721952266019757
1,0.7883514749367416
1,0.6769417697746923
1,0.42309747208592186
1,0.31889947221578446
1,0.5875117613514981
1,0.45872381166795323
0,0.7548580742297458
0,0.6225416647819432
0,0.455304583915338
1,0.5950551756289414
0,0.5507574334848802
0,0.5919854449464379
1,0.5340005538237861
1,0.3396745753185434
0,0.5338095861363273
0,0.23777264020714814
0,0.6368943511359592
0,0.5391797076054974
1,0.6942249318593596
1,0.3456637376363228
0,0.27070196828524745
1,0.35134810729847493
0,0.27604913058496966
0,0.4443402485787872
1,0.23557523318456194
0,0.2606655520461244
1,0.7876250988013914
0,0.21360726357353707
1,0.4948320143530386
0,0.30221623751539506
1,0.43605603435666723
1,0.5283363820621054
0,0.2344214915530089
1,0.2759476289956165
1,0.6088711878933076
0,0.250831209520534
1,0.4954920131763675
1,0.7057516789569988
0,0.4652402530654255
0,0.4499190274326319
0,0.6601942067824998
0,0.27216089558646145
1,0.3144478918960454
0,0.6688641603436858
0,0.38427251247862376
1,0.6391072879275705
0,0.2905230952570495
0,0.6152752588571452
0,0.6489347950766368
1,0.3472364572207742
1,0.7125893138696782
1,0.605611060143831
1,0.7019403988407149
0,0.6127327456706617
0,0.24458971519924283
1,0.586921043016623
1,0.6758189378952593
1,0.4271549239148906
1,0.8122993515701641
0,0.5830964360461078
1,0.32532076645812874
0,0.367667003806634
1,0.4078309469242178
1,0.5287944834073476
0,0.3918414646502616
0,0.2363312663716458
1,0.7496511688288712
1,0.4768925667301429
0,0.5898537672604174
1,0.593665058389376
0,0.35806701930319296
1,0.3672386744915224
1,0.7082377281218127
0,0.5620139554448744
0,0.5466527959845823
1,0.4431102864326095
0,0.5387128058389875
1,0.8364522388676221
0,0.45737373624279454
1,0.8300409332285094
1,0.5380286333455853
0,0.6338956981660081
1,0.7349605534059404
0,0.481117911646838
0,0.5188276842476048
1,0.7194541633418837
0,0.31684022957096913
0,0.21779196796788092
1,0.38961010534574875
1,0.6060064438245766
0,0.6270428779293925
1,0.5484955957598819
0,0.26175493301340735
0,0.27900780944931325
0,0.6908373602292442
1,0.6248425338271835
0,0.5842703378610841
1,0.3328553887213992
0,0.26424956184261034
1,0.7197045138284658
1,0.6320081230579455
1,0.5053941806816087
0,0.2771402340390774
0,0.23408658296211374
1,0.6315925954562185
0,0.25533029959017955
0,0.22231097027194696
1,0.37635776526869097
1,0.4917699450389825
0,0.44449687881369915
0,0.6232059005478323
0,0.25809446848537215
1,0.4868934912482111
0,0.7057106119659329
1,0.6050878155418137
1,0.46948672072243175
1,0.6531133245240307
1,0.39514931953517934
1,0.36429349092120783
1,0.6483298175478011
0,0.6135408441938719
1,0.6189158883475379
0,0.46837502284478744
0,0.5118785290906817
0,0.6491896582291252
0,0.5402134495693626
1,0.6223349173580466
0,0.3746275633073093
1,0.5219774556494933
1,0.39278570027477866
0,0.29445027787029937
1,0.6995318603346078
0,0.5949451149141295
0,0.6520818561451982
1,0.4139673452536911
1,0.7004675587862902
1,0.3634703049121253
1,0.2986956371995551
0,0.5674137556280319
1,0.6058536811835527
1,0.5772666996192406
1,0.25250040711373445
0,0.3165990078587387
0,0.4271195939338802
0,0.22888415841128104
0,0.21895445896236382
1,0.2996394849339396
1,0.7414492483884401
1,0.6815605838566345
0,0.48879414722234404
1,0.3085156658596715
1,0.5726843703925018
0,0.3714478807681837
0,0.41903975913052854
1,0.7445340052793437
0,0.5568769100934353
0,0.3242580978211665
0,0.26851511501581854
0,0.42389748553920725
0,0.49439156268717
0,0.39138767956996806
0,0.6301713265142047
0,0.5022031379511801
1,0.29663668150484646
0,0.25192385731958983
1,0.27688711937639277
1,0.3348981571119865
1,0.46690548142619215
1,0.2685056349879967
1,0.6579592066887875
1,0.657994620875637
1,0.685488597612179
1,0.6542846422783112
1,0.5923766683396042
1,0.35233261515934583
0,0.562525460658188
1,0.7050731268968605
1,0.5460561268098262
1,0.2604149301762743
1,0.41398400346657815
1,0.6869050897497888
0,0.5860176698975941
0,0.6101826382141727
1,0.8254208961164526
1,0.725573316871242
1,0.6093211199201851
0,0.2189399585518308
1,0.3151322721758161
1,0.43628709266519117
0,0.4241501205656419
1,0.7297441910187239
0,0.35567365031441966
0,0.44230056291968517
0,0.20479457598346365
0,0.2704813512491508
0,0.663050542486656
1,0.5896773808888998
1,0.562948407288958
0,0.3592855300262174
0,0.4866122295065501
0,0.6148875676857755
1,0.6164071878696521
1,0.6933371326938611
1,0.7523950923532675
0,0.6574651025833917
0,0.36280029145472337
1,0.3604540295553255
1,0.6267207457411949
0,0.3521933354013808
0,0.34931163333632426
0,0.3853748827212122
1,0.7915106451930103
1,0.6238664346331021
1,0.8354789023784491
0,0.26179235491385905
1,0.676649880580304
0,0.4633780217661741
1,0.5041148092309136
0,0.28043697351517244
1,0.5137175469145582
1,0.5060143163648964
1,0.5896234922866976
0,0.28137232439221527
1,0.5160625964830841
0,0.38581354846726684
0,0.4395187671347283
0,0.6151985361537402
1,0.3044155892121232
1,0.34022359944528763
0,0.4399512513568936
0,0.6915751670941345
1,0.629574628684077
0,0.703005640273766
0,0.5602319155627159
0,0.3313030573571261
1,0.5332981148256384
1,0.4948569378195251
1,0.4530869605539947
1,0.730962054552801
0,0.2532462676651871
1,0.6932769398344372
1,0.5665864030528784
0,0.4665599728907692
1,0.7441720133446628
0,0.640580197626891
1,0.7073936245344777
0,0.5305023311215596
1,0.6278673780320672
0,0.4749295492863632
1,0.705474436970813
1,0.6340049407809268
0,0.3557105198235734
1,0.744268447861627
1,0.35969854815918234
1,0.5518424429589649
0,0.3790052333144294
0,0.4281914979808969
1,0.36698520149094327
1,0.44123691263276377
1,0.572624731710107
1,0.590304875330762
0,0.22827003507756347
0,0.27080587985119453
1,0.746441412302302
0,0.5289193971357072
0,0.4222450489636113
0,0.7015043799032843
0,0.35307348533756117
0,0.4236773190005222
1,0.746558400492807
1,0.6341610669960436
0,0.7258564747993959
0,0.25033549546602024
1,0.6685368868548122
0,0.6022821461020079
0,0.3910231283684425
1,0.46184938399745556
1,0.3353089961967399
0,0.4724030806961252
1,0.7093991083559446
0,0.44375138810515596
0,0.587813394958503
1,0.34159977754479043
1,0.6767865715998246
0,0.15704347862455717
0,0.6902722003355485
1,0.633593205169073
0,0.28804685391634954
1,0.6549161999535847
1,0.5638183992801296
1,0.5726693927641812
0,0.5247647300871042
1,0.32122757056483814
1,0.8119353005695614
1,0.40179035041984007
0,0.293768324140313
0,0.31495891775220525
1,0.7797698514206487
1,0.7747798383692887
1,0.4584862634587686
1,0.5743057337340766
0,0.32423409670414294
0,0.1840797478274725
1,0.26368658966588915
1,0.717700873613217
0,0.21429915453299417
0,0.6838032280537024
0,0.5274316423236511
0,0.7305019974589387
1,0.48775757443940526
0,0.2352490586858493
1,0.6162093436654872
0,0.42743316376376067
1,0.3405252376010532
0,0.6837148508095434
1,0.3082378735115665
1,0.4965416569725862
0,0.31462149011497176
1,0.6750920275858853
0,0.5147476210945605
0,0.6954367279430536
1,0.5394005557021638
1,0.809125827934439
1,0.628087861894918
1,0.5915181643437442
0,0.5276147820323642
1,0.6956396501954333
0,0.71552675961875
0,0.3831189615947537
0,0.4761732672454365
0,0.27526858145033645
0,0.4255217015788008
0,0.5999520261205976
1,0.5380613259850201
0,0.3460716304396258
0,0.37656515383264666
1,0.5537773268589127
0,0.6891684511781568
0,0.2478487153783848
0,0.4922406584566173
0,0.3041217925209317
0,0.5016325816936917
1,0.7177985012779444
1,0.2647404464501444
0,0.46848314930467744
0,0.3448947922087375
1,0.8122367900968238
1,0.550120523618795
0,0.22777216209052306
1,0.43345935401717095
0,0.4706839834132798
0,0.5822412425016639
0,0.3756979328342465
1,0.4818256257413133
1,0.7639366542669918
1,0.8136792124815696
1,0.6962047758997982
1,0.5549350928733549
1,0.42298707280000963
1,0.6479426823075122
0,0.618465469817367
1,0.5197378184490431
1,0.4041630943529048
0,0.5113750192278068
1,0.6316089369309204
0,0.3234578783036073
0,0.32004186317934613
1,0.5992175981021995
1,0.6618115720859069
0,0.6971705736145891
0,0.6672871794267763
1,0.646639257697916
0,0.7664562287497557
0,0.3052052774906285
1,0.5608386041149375
0,0.4272929764488134
0,0.4195267677947928
0,0.3663004972026865
1,0.3225601782716142
0,0.6315062213046372
1,0.6201761976121662
1,0.7007384532796528
1,0.6793664866389915
1,0.5452271653584306
1,0.7946056608343681
0,0.49169468674343
1,0.6041757647527589
1,0.5383925932545435
0,0.5121890680948139
1,0.6758871355988953
1,0.764102751591546
1,0.7022171170621975
1,0.5013216254648528
1,0.71595914962179
0,0.6153354612798261
1,0.22617810820869783
0,0.4464624396724773
0,0.4379857857005433
1,0.5148416326220777
1,0.3391411384827498
0,0.5281633367703553
1,0.4519356574614798
0,0.23165109312933763
0,0.7247076907827064
0,0.3999055477381808
1,0.3986630449828998
1,0.7103032286800744
1,0.3515188607477052
0,0.3420651744602241
0,0.25795283503960287
1,0.5475787676153117
0,0.4178098615558621
0,0.5032211553868253
1,0.567779161074979
1,0.35852435222469864
0,0.39298143239333966
0,0.4204706933764373
0,0.5063503919981595
0,0.46220694171591764
0,0.3500279619779864
0,0.6463173964421031
1,0.7802718711999985
0,0.20056598291471328
0,0.2413254784296279
1,0.6643852137523499
0,0.5736146376010914
0,0.5295198728392808
1,0.6552333792336315
0,0.4962518810028237
0,0.45786034323835567
1,0.43532990510922626
0,0.24106153437791386
1,0.536265174032998
1,0.6079162543852707
0,0.33594573101117725
0,0.6859613621265761
1,0.5400286762998467
0,0.5422798463429621
0,0.3389903022974741
0,0.6253658318599693
1,0.4472180514619644
1,0.5533529211492979
0,0.5096601367997975
0,0.690371325965737
1,0.5063227247853497
1,0.5590451140114387
0,0.7261408893850819
1,0.4128919485946521
1,0.6508315659603098
0,0.2549618717019951
1,0.29479709261186554
1,0.6253155460609562
1,0.7822428929668848
0,0.5127124375528361
0,0.32912161309897736
0,0.29600128342949855
0,0.23627411818022365
1,0.6763912430936156
0,0.6970258938641891
1,0.28981865802233375
0,0.24944034125873357
0,0.27013445131214314
1,0.43626281724697863
1,0.5557798402214118
1,0.6450823728417514
1,0.39208977509882925
1,0.5268733030990541
0,0.24195539236460775
0,0.44334788965641664
0,0.2387969565452002
0,0.3189435267017767
1,0.703837758887517
1,0.4052787903903364
1,0.7712911952288198
0,0.2254878039550786
1,0.6350621651614355
1,0.7066635572589506
0,0.2718756630054435
0,0.1997427456446637
0,0.2732501603689557
0,0.42813431544108244
0,0.7794895102295688
1,0.5828496848189075
0,0.2626900475443774
1,0.6936780721247959
0,0.7175406345575199
0,0.4202605520533456
0,0.495190932225318
1,0.6194865456416002
0,0.7388700372708529
1,0.5468347742726025
0,0.3679521863813463
0,0.629686300088038
1,0.329477372295474
1,0.8534986018920476
0,0.6863751624829202
0,0.3213935159966051
0,0.46039592993116557
0,0.2379460277319483
1,0.5431442963304571
1,0.550380318533868
0,0.3266506047568083
0,0.5578196502473302
0,0.5107817725305172
1,0.6362542158967618
0,0.3164831683006136
0,0.6264331855889024
0,0.7234009171080559
1,0.5508277408349701
0,0.521945916205086
1,0.5250096705888273
0,0.6113517732407474
0,0.39996566204104267
0,0.6053049467984453
1,0.7118630605706127
0,0.261076266019379
0,0.2681949950134923
1,0.28425489359899186
1,0.7173189853621211
1,0.37897589705710855
0,0.5613851136960615
0,0.18766855083173067
0,0.15135441376469258
0,0.5097970424306627
1,0.6996045414844113
0,0.26162253360953625
0,0.4524050657278646
0,0.3465275932038013
0,0.277166066984273
0,0.2914052598055183
1,0.31357707434659315
0,0.4339440090711459
1,0.8187855860502644
0,0.28914834794630334
1,0.7597858799133649
1,0.7495511230441616
1,0.7377023632439104
0,0.3223545445260177
0,0.5558813116293115
0,0.25704357646918713
0,0.4009767646512475
0,0.5341906512868718
0,0.3365627927147937
1,0.6799601633540882
0,0.32077754667471514
0,0.26069798341695555
1,0.46103764366943906
0,0.5385348046089963
1,0.6435804747218726
0,0.6313355328628196
1,0.6623792753724559
1,0.5774237738570174
0,0.6283538184035884
1,0.5442409627092004
1,0.423157746109678
0,0.4985171866439274
1,0.8029832335294198
0,0.5934227139092048
1,0.5776401655333435
0,0.4195523475456476
0,0.5029279279514661
0,0.4087060129110247
0,0.21381279895603883
1,0.4571930234502145
1,0.6845639057329228
0,0.6151656725762711
1,0.557769914095892
1,0.6554189630056233
0,0.3157249327497856
1,0.45261301898968836
1,0.523075075973023
0,0.5913142018689871
1,0.5313989074015275
1,0.6588050389278953
0,0.3269439778599305
1,0.6174205508319986
1,0.7158687062757841
0,0.5792935804243946
1,0.6769028703804456
1,0.4559157887475598
0,0.2991305355163097
0,0.6942945575473423
0,0.31240791281076435
0,0.3101326691420333
1,0.26034817936040633
0,0.2707797008012853
0,0.5932293891216712
1,0.3531523448924724
1,0.35802436339980775
0,0.3571296590472531
0,0.47748967920451185
0,0.6089201686807115
0,0.35789629951806995
1,0.7064821108740392
0,0.28244207977701496
0,0.7621608524215561
0,0.5122561701828311
1,0.7146909770375368
0,0.48407291887352594
0,0.6113173200880844
0,0.5922279076412105
1,0.5954065216435156
0,0.42019518144808254
1,0.7930714526483091
0,0.4579882029099797
1,0.3312356671349164
0,0.36159412066735497
0,0.3095524700604022
0,0.45014680558658243
1,0.3433409383335467
1,0.3874218206501902
1,0.7739015724795819
1,0.5259087082618086
0,0.5319753479961171
0,0.551306881177466
0,0.6893187158290828
1,0.4232063305089563
1,0.6456029973879566
1,0.6370220377650775
0,0.21684364739569645
1,0.5925646056323318
0,0.46622868924636085
1,0.2812674466863312
0,0.4425906005057026
1,0.27007522711937243
1,0.7371514379495213
0,0.6526407379209431
1,0.569214357877353
0,0.5765283893488751
1,0.6167621920299073
1,0.7185320645817252
0,0.43690072883826325
1,0.2844712114164397
0,0.2599609041911681
1,0.8003421850294477
0,0.5173967730875261
0,0.460467874328701
1,0.6596539908780481
0,0.720407402959624
1,0.6707618906732903
1,0.336053532847668
0,0.41234132614248137
0,0.31455951331786597
0,0.27682535452846124
1,0.39989829637485536
1,0.6978216903981855
1,0.42293418573512753
0,0.7071866915364189
0,0.5630664801362886
1,0.39492136984391807
1,0.5039173024934986
0,0.37319251179441865
0,0.4863778678365023
1,0.43178853843168624
0,0.23642550512239255
1,0.6041983016391805
1,0.28782077907878917
1,0.25445609826427423
1,0.3396543940268953
0,0.23449394534109483
1,0.7414965734786246
0,0.312248989312358
1,0.6869193870543809
0,0.7357228739845421
0,0.638593100728884
1,0.45250245960973473
0,0.4913942750955026
1,0.5067754328132478
1,0.30358575098738655
1,0.6557687648697591
0,0.39432017480250997
1,0.3737287876987141
1,0.6858735976660529
1,0.5262643905782569
1,0.35251313862898326
0,0.5914919679506998
0,0.7417990144217945
1,0.8009461935311982
1,0.6186081007796939
1,0.6047943175647903
0,0.3258064373777857
1,0.7375222657879122
0,0.4514101042607387
0,0.5344077589668135
1,0.6648831841604901
0,0.24946749188060963
1,0.7327108584789314
0,0.4139540628672617
1,0.27051798294212237
0,0.2624706609635998
0,0.7983047863830074
0,0.6030208638383195
0,0.4860940097543688
0,0.31635478001944756
0,0.5174378756852533
0,0.22851621828002458
0,0.3264926740217708
0,0.38168150869924644
1,0.3145657184247623
1,0.2803196013069004
0,0.4000590710437918
0,0.220471072720197
1,0.4988431654227429
1,0.6582094158879499
0,0.5375341205910573
1,0.7890150341423111
0,0.4969476907078606
0,0.23553284038326333
0,0.3156447770913541
0,0.4253020790514657
1,0.749010992760212
0,0.5176651734751685
0,0.3879367988674574
1,0.604629205570415
0,0.627041053247846
0,0.5750660934036197
1,0.6029897466950788
0,0.5469498809754952
1,0.3477134758097283
1,0.39396650542826184
0,0.44964153757746217
0,0.22627672457093395
0,0.49555937461025346
0,0.768481751197072
1,0.6971843905961876
1,0.6607077805343116
0,0.25485305038973644
1,0.5692393994613102
1,0.5939022262613868
0,0.41797670922331537
1,0.6895549108024379
0,0.48730744163539286
0,0.3670352466410485
1,0.39010990012617286
0,0.305078094506045
1,0.626003759856667
1,0.6488491107140633
0,0.546565855633288
0,0.6377245603658902
0,0.2622159719413714
1,0.6138839740396005
1,0.3198809698710502
0,0.2867233903763376
0,0.3837813117169445
0,0.5071332835895082
0,0.40310822743021274
1,0.5510505501489497
1,0.6616917253322374
0,0.6220856286643641
0,0.6194864440105758
1,0.5392231239797666
1,0.5909489440746606
1,0.4675400734522484
0,0.3047754714409253
1,0.5902669287570791
0,0.6800027056731937
0,0.2845199755761313
0,0.3578290543222541
1,0.5871336909357493
0,0.5073966273003979
1,0.5133461473648152
0,0.200810994682731
1,0.22805306075006243
1,0.755268542925406
0,0.6320523085585417
0,0.5999405511983882
0,0.2164527813788483
0,0.4982358328779622
1,0.4087208863657134
1,0.297575824257227
0,0.5195247083211194
1,0.7170401495700899
1,0.36564502017004413
1,0.7736344270501856
0,0.708492936794409
0,0.6361112354559164
1,0.33940082914640785
1,0.5280006175934691
1,0.3232501243659243
1,0.5154121315800987
0,0.5023376811201171
0,0.5954178964476319
1,0.5191012592959005
0,0.2938803248555965
0,0.38190923853844716
1,0.5325072905668143
1,0.6818117805316265
1,0.3586760654487662
0,0.5336163614571069
0,0.35551995421127375
0,0.6242397856862396
0,0.64768684271253
1,0.7950440239678531
1,0.6682420715321548
1,0.3296475512282774
0,0.7229391465160733
1,0.7594431009064548
0,0.3035040801860282
0,0.4555333664037072
1,0.3928637219934679
1,0.6335689145328179
0,0.3356362010823336
1,0.4208439178112886
1,0.5168193841255253
0,0.22634577140026163
0,0.3492855906181314
0,0.5751667307504351
1,0.42913983700643
1,0.4806456336367932
0,0.4166760501419097
1,0.5367026182682785
0,0.6754813156470655
1,0.7395458203765866
0,0.3093311897917934
0,0.5207847678107063
1,0.4670338372702753
0,0.7744525434063424
0,0.23510311248224133
0,0.4112121263898464
0,0.42981518488550496
1,0.6529759404809586
1,0.31346318364937775
1,0.6907576628670102
0,0.26939780137822383
0,0.4584988738439407
1,0.29028412945853166
1,0.5787606059712032
0,0.5817411048148292
0,0.6128177341939176
1,0.37404881872941054
0,0.21248588861216838
1,0.4602348557069053
1,0.4326083721189009
1,0.6730322717603355
1,0.528054476779234
1,0.6835744513118847
0,0.3216352867498414
0,0.1960982612766904
0,0.2781204443350537
0,0.25650837883114064
1,0.3489356693993823
1,0.36124391886982643
1,0.44796023442336497
0,0.17550694965601102
1,0.5485847729894623
0,0.36520626857489863
1,0.6216000585569906
0,0.2479499979911928
1,0.4534448214567259
1,0.7408907029940612
1,0.5629242236419207
0,0.21901502711044685
0,0.4491484894501067
0,0.5553580299781617
0,0.41260871986522135
0,0.26836260939644746
1,0.7223496611289596
0,0.27495936666948856
1,0.548458786051923
0,0.4521385134591978
0,0.4177621265631893
1,0.3076661516494292
1,0.7197889419672163
0,0.5516734102376342
1,0.3539047850116413
0,0.5622964043338319
0,0.6066841059237458
0,0.4386278698552532
0,0.2675909183915074
0,0.619961458738365
1,0.5508938687568755
0,0.4330969185382673
0,0.4816118868890795
1,0.6916101544168605
0,0.6431439643360742
0,0.2354917267423907
1,0.4796679752570576
1,0.7066396571745974
0,0.6713701581950351
1,0.7990955147938048
1,0.5870227420301072
0,0.6034407601209123
1,0.5508169504255884
0,0.41328151375480154
1,0.5440899585624813
0,0.6922038368184988
0,0.3098277909822352
0,0.6416088323418306
1,0.5700617913568772
0,0.4318115676252596
1,0.7182363372581205
0,0.6781112306639449
0,0.6833775131484848
0,0.4407799975846275
0,0.7751340959543238
1,0.4701023959430301
1,0.6807181591238297
0,0.4520068424932639
1,0.6751536472736066
0,0.4056227145919552
0,0.5235929902881481
1,0.5200538673383486
0,0.6920566405183428
0,0.24059907717532325
0,0.6208377865253805
0,0.3061472431520139
1,0.8226305438409961
0,0.3684097621357964
1,0.35618520178955043
0,0.4942565462090243
1,0.7192396000800716
1,0.678781569339998
1,0.7927959267799309
0,0.3500651270141106
0,0.3127663452248145
1,0.6333757906772627
1,0.7640857588656798
1,0.6023850277448278
0,0.6084838410184508
1,0.7551419592288714
1,0.7829297081729121
0,0.22584310830365156
0,0.5286906297158828
0,0.623999072951213
0,0.41290964968965704
1,0.5238581382177773
0,0.19969676672403774
1,0.5640565210014784
0,0.37995249768925615
1,0.61093893798499
0,0.26229145130446263
0,0.5012723024244928
0,0.4540306629344192
1,0.7044922939010139
0,0.37794265501304125
1,0.47785290649116247
1,0.7157376509185103
0,0.5715106945407378
1,0.610007440610984
0,0.39651439972541724
1,0.665262296223388
0,0.31419719368817006
1,0.3856726928392687
1,0.30989660583975587
0,0.584765425533304
1,0.6858733727491596
1,0.5560681779389736
1,0.5750475292522101
0,0.20124813893417737
1,0.275723091090079
1,0.5490048981487876
0,0.5151083726892847
0,0.5874793253183385
1,0.7861831567322954
1,0.5193672378836016
1,0.7066252430787335
1,0.7117763190225388
0,0.19487394286296789
0,0.5904118651583973
1,0.7328582657246024
0,0.2574802847942135
0,0.56915960053583
1,0.7425904877888845
0,0.532943490412799
0,0.2703676161624131
0,0.5006227133092105
0,0.3305551526565597
0,0.20415816525064975
0,0.564112740252459
1,0.751110014956935
0,0.31365212235920537
1,0.7086984912950793
1,0.6475656447143596
1,0.35241861343881836
1,0.5305496760759401
0,0.6539955122738316
1,0.4625109998234594
0,0.6639724065566242
0,0.47600426154360975
0,0.3024318417676074
0,0.7271416058017475
0,0.2579291116030299
0,0.22033509303893994
1,0.592044537201812
1,0.6075741691762863
1,0.21793996601371035
1,0.6039006377721939
1,0.6553293824420187
0,0.43219948276179976
0,0.24920027862607957
0,0.5636678600972804
0,0.48591929016176655
0,0.5150005265080051
1,0.7056115574775054
1,0.2764859110259481
0,0.31875331358774456
0,0.22295161857132778
0,0.3039950473010189
1,0.6603064855732936
1,0.6699097315080996
1,0.48225394255758536
0,0.6128493901332563
1,0.7342063765004393
1,0.5653330110657385
0,0.4606522217427271
0,0.3382891215949092
1,0.601962615348932
1,0.739106709435998
0,0.5073575852686348
1,0.6469136601516635
0,0.513478031660626
1,0.6514516543813249
0,0.4823974795715813
1,0.660199335560597
0,0.3526602849688962
1,0.2280161059949396
0,0.6585813265447374
1,0.466906679751644
1,0.2782612006538944
0,0.24891740754119598
0,0.6807215389418001
0,0.6247263550396441
0,0.40978747992032266
0,0.4995510024126756
0,0.23101610145006446
0,0.6535385799101419
0,0.30339939978745933
1,0.6478311908246943
0,0.3964367355913872
1,0.655682022684006
1,0.5701260366074201
1,0.6649684854888285
0,0.4500747381521189
1,0.33735181775879686
1,0.2672974246781969
0,0.5943863016271379
1,0.4716464503848652
0,0.6060971311459434
1,0.5675054979756889
0,0.5344239407348164
1,0.6117897192267125
0,0.4200639916354029
0,0.56175716859752
0,0.7344919333043661
0,0.25447033191420215
1,0.7266519777505838
0,0.4977671089310091
1,0.3395109561476652
0,0.35746195895426497
1,0.35309571573227533
0,0.4096872774869932
0,0.22927643961376915
1,0.5972823687236982
0,0.39358159575725693
1,0.5955274408878413
0,0.2897128680590596
1,0.6568581196534095
0,0.22315294666159766
0,0.5350693741709028
0,0.5674845189977342
0,0.5027693966034876
0,0.4249564397680704
0,0.3501974927220175
1,0.48316466899574106
1,0.7232124706176807
0,0.34549790490339843
1,0.5844188211819618
1,0.5500780823215214
0,0.4625838338146822
0,0.27401969505917945
1,0.4699900094135335
1,0.7407019266292225
1,0.7211018231155736
1,0.7627542484380336
1,0.7150951999148287
1,0.6870262922078996
0,0.48168012055765536
1,0.6133124880426589
0,0.5133547989496963
1,0.7099569138596479
0,0.5373177167220222
1,0.4139468479441948
0,0.24955959320054544
1,0.5782022755064938
1,0.6643806852484173
0,0.5851619823429093
1,0.616904330210521
0,0.3515818405231384
0,0.7845354316560939
1,0.34671263801165225
0,0.350161967302326
1,0.7939967086479197
0,0.27837825491862195
0,0.5211907480591144
0,0.588321184520945
1,0.591862370781112
1,0.43085595761032414
0,0.23665705394422745
1,0.24233511723532355
0,0.35639998824476854
1,0.7875006552785215
0,0.7148666683521026
0,0.23604968033535514
1,0.5707697532268106
0,0.5623128910356917
0,0.33235933613686186
1,0.6654174636053658
1,0.22807081458508913
0,0.24861167809890375
0,0.4905412912379025
0,0.4293786320376618
0,0.3211807043864237
0,0.4366305628128437
1,0.6634742983785537
1,0.6027247223668514
1,0.203124294154252
0,0.5112131363410919
1,0.7578064055608161
1,0.3558633665032515
1,0.305441329723017
1,0.4604571302702091
1,0.41254257437764685
0,0.2644873287633748
1,0.48578157895120044
1,0.2554686630166335
0,0.4906361946727303
0,0.35317256861918644
1,0.3713043393086244
0,0.6846217074721281
1,0.520569497775293
0,0.6770412912933327
1,0.7384633447872836
0,0.7985515312488465
0,0.4965513019628213
1,0.5437135239992475
1,0.4271856251312773
1,0.5402582221940615
0,0.5723804481642522
0,0.47324666988615866
1,0.33446399958221823
1,0.6210957506499156
0,0.6716686241639821
1,0.588798245169711
0,0.5938378745990018
1,0.2594585348521972
1,0.30839811820904256
0,0.6212508014265872
1,0.7502590571184157
1,0.485928733173347
0,0.31480969354786703
1,0.30019720419017365
0,0.2994507395768451
0,0.34554887172551757
1,0.5391614214116948
0,0.24900080818906875
0,0.6020575820540485
0,0.34389309861807094
0,0.5699319975143426
1,0.4331062576136508
0,0.3640628029144615
1,0.38073798194717207
1,0.5380708793157275
1,0.6678228433394277
0,0.7122727173543095
1,0.664612391665016
0,0.33415322021412003
0,0.43462638494446937
0,0.7233618969223102
0,0.5416477422334727
1,0.6625611652190692
0,0.43692401978229783
1,0.6686312557696313
0,0.6649573287275572
1,0.2077369858803243
1,0.4787868136254318
0,0.23343187802833995
1,0.49502563412769984
0,0.7336841555867528
0,0.4502934941432917
1,0.45591520942950453
0,0.3311467803360168
1,0.6740422994550477
1,0.5881225101494114
1,0.7858640737762437
1,0.3156187655778767
0,0.2891014128385522
0,0.33485877868359737
1,0.2867260174085709
1,0.3580193628573501
0,0.3484306490053985
1,0.4446522968674541
1,0.6643463873825195
0,0.39136894547569306
0,0.5128928129262448
0,0.3647219114357999
1,0.7346708272821032
1,0.38721919606207744
0,0.23752752148904308
0,0.26509433158386775
0,0.3744994249955368
0,0.5039115903349938
1,0.3117083863179862
0,0.6820635281862442
1,0.4709491797002886
0,0.5728351075557577
1,0.2652852203721762
1,0.25036533369499425
1,0.5285392150860292
0,0.3514045231330411
1,0.581897993235759
1,0.5595136285077494
1,0.19345584394277074
1,0.4712689601852295
1,0.7141591305349777
0,0.4259510344153088
0,0.23585309518389388
1,0.6271006204890102
0,0.3835863557624703
0,0.6863194432466473
0,0.22449376948448455
1,0.7739766582451659
0,0.49914308257921597
0,0.3028079828843673
0,0.6860677222403391
0,0.6975380926321224
1,0.6803631008422943
1,0.7775038838868578
1,0.646413860088157
0,0.3668573879810462
0,0.6827997550584177
1,0.7391352277801532
0,0.4722233591430165
0,0.3577261501382096
0,0.5036938105616353
0,0.23735046376678218
0,0.493417943036379
0,0.3096953512934672
0,0.360968925661336
0,0.5981812642696491
1,0.6571411119524193
0,0.38066270537438496
0,0.31213741643482557
1,0.8562797401952253
0,0.4674231267661139
1,0.6451105609495384
0,0.2716373936505243
1,0.61512746074645
1,0.7134662257002756
0,0.25261842792011135
0,0.6501919630512852
1,0.7721644108295873
1,0.5715255885254088
1,0.7454752859355992
0,0.5979778616656201
0,0.6982168259979602
0,0.20180778146786477
0,0.4958424205418837
0,0.297325633167562
1,0.7867239806874478
1,0.7436944097243287
0,0.4055920451240224
1,0.5116463689596158
0,0.4058981700476177
1,0.5802236993205439
0,0.31290571313743243
1,0.7130117601296194
1,0.5354173561739355
1,0.5836976721934046
0,0.2926746161585212
1,0.3631363210951979
1,0.4814956573789631
1,0.6557959300406778
0,0.4638921950010017
1,0.49073134168239196
1,0.42866785874085683
0,0.7278575788044361
1,0.5106145080821243
0,0.49759997944838896
1,0.379291021607048
0,0.5834201427330474
0,0.6838411741629714
1,0.6853737689331865
1,0.6040378713430338
0,0.23059897035031485
0,0.3816404930935478
1,0.6495385322046179
1,0.6424049199068103
1,0.4668188143497329
0,0.28184095830560796
1,0.7191014248434641
0,0.47369461497398796
0,0.29783679946010677
0,0.7255589796535923
0,0.2658716257476115
0,0.44890553541778183
0,0.33708072887960006
1,0.2739611129712605
1,0.6359849355189963
0,0.7603592965356203
0,0.34986167585881817
1,0.252707849153933
0,0.2840120432797853
0,0.21944604900768314
0,0.3051856051380988
0,0.47533017508377434
1,0.3642328913734446
0,0.630367083476159
0,0.32519205847090926
1,0.6018426532642178
0,0.2825375667147952
0,0.6369586162420127
0,0.6160144170153633
1,0.4591774990629179
0,0.6162880368049937
0,0.35131418746606796
1,0.3364918227554982
1,0.7075316778873162
0,0.5792518305671325
0,0.6729860510914359
1,0.36873710278469
0,0.28160652389416657
1,0.5588761683622421
1,0.7789966792484434
0,0.3990835593586793
1,0.7480240268256143
1,0.3292598146549105
0,0.3838227291027999
0,0.4576318303162422
0,0.6114326177635284
0,0.3759845974557332
1,0.6324951000498796
1,0.5146576469999503
0,0.3160081008676615
0,0.6494740393454275
0,0.6714880934413335
1,0.5476714524607497
0,0.2903912670860337
0,0.5598647755996741
0,0.1936849507973088
0,0.46929102017457164
0,0.2577081914102309
1,0.38647420059519705
0,0.36927020586599063
1,0.3215657161476339
0,0.5361984995087199
0,0.19074672603731196
0,0.6643084478288231
1,0.7820957459519756
0,0.4792785284094611
1,0.5801730175131212
0,0.6147230555813477
0,0.4416612296920734
1,0.4158654795294666
1,0.7493732874907808
0,0.7242483602277558
1,0.677137851734624
0,0.2566544698960182
0,0.6478937162852199
1,0.5497076814385506
0,0.2545979997046217
1,0.6639183861572623
1,0.5131680430588487
0,0.6684074182199977
0,0.23354027695698737
1,0.4342721487966931
1,0.22422082765958654
0,0.26403667734173153
1,0.3407582076909499
1,0.5293844443864264
0,0.4182788647295815
0,0.5308930240626908
0,0.5478577353654105
1,0.6853085723781921
0,0.7370611005897408
1,0.6464685256190521
0,0.5714890881278883
0,0.4312413204390914
1,0.7438772219270043
1,0.8020141952656554
1,0.5438417294526514
0,0.2360529232076311
0,0.6886075910350322
0,0.29609140075142387
0,0.7387841706640548
1,0.5462172962218041
0,0.2558170519031345
0,0.44810898151244927
1,0.6002180156204672
1,0.606469306760583
0,0.5998091204822047
1,0.5628150281217056
0,0.5012077343270086
0,0.5167069004273176
0,0.3986793499715954
0,0.6587423859557637
1,0.4273522065253637
0,0.37021015206938795
0,0.2645269596015458
1,0.6456341855385739
0,0.48302170276121537
1,0.7767145385671833
0,0.5910611491813468
0,0.2745778658085264
1,0.3678299271487125
1,0.660041880499912
1,0.5949893961964651
1,0.6832083629205952
0,0.36765360117113094
1,0.4316692136344239
1,0.5742825909420477
1,0.6974490191512435
1,0.42136938712510374
0,0.4274554553418088
1,0.7119579575522877
0,0.32760054776644554
1,0.23399281976368985
0,0.4293315807946868
1,0.6312329956491649
1,0.7885240008148644
1,0.6966947738763193
1,0.4287024268897936
0,0.27059788854093286
1,0.635861410259738
1,0.8110553454849376
1,0.8074347508326343
1,0.6334353786915917
1,0.7458819734719875
1,0.4597778378175531
0,0.6606228231193755
0,0.7101995028661316
0,0.604703522187789
0,0.3664174596617625
0,0.4548952634327539
1,0.7329672855837841
0,0.3719613570194645
1,0.6729521615229191
0,0.21620173890641647
0,0.42817480142015735
0,0.541533316863817
0,0.3241710622832666
0,0.6054426972207109
0,0.675972589983211
1,0.4495900260875199
1,0.3548242229743426
0,0.2814882486406115
1,0.4808303146736583
1,0.6578914527947264
1,0.5767662469167628
0,0.4032366739716585
0,0.8169632867180071
0,0.43305247123313473
0,0.3373079859978736
1,0.36441130248183395
1,0.5047914164595718
0,0.6751495874014981
0,0.23999545626434546
1,0.743082201201056
0,0.563700293170871
0,0.28201334039110715
1,0.5522332929331755
0,0.3740563115491849
1,0.5739226047836702
0,0.6130779337269358
1,0.2697511751331058
0,0.6502542261085799
0,0.23894162622771814
0,0.29231719049966304
1,0.6428956912869305
1,0.7419067739048558
1,0.40260544032100587
0,0.7090782063579668
0,0.3530179816397134
1,0.5230104064502595
0,0.7170921721859814
0,0.6682778433091151
0,0.5649211355675627
1,0.7455842852661251
1,0.5852761110678978
1,0.7395528170845364
0,0.2784951300483723
0,0.42977588361985386
0,0.3784231294675125
1,0.6669793237822228
0,0.28455196339507594
1,0.5546057676915238
0,0.3986133812057317
0,0.7025347973409569
1,0.43646764978175123
0,0.4848989780486878
0,0.38443426297770783
0,0.5474200624408685
0,0.40979503701085573
0,0.6999959284514713
0,0.4375929516373796
1,0.44681766819551033
0,0.2154393781807138
1,0.6125403959660586
1,0.5345193935593323
0,0.23111058160915976
1,0.41101692679683804
0,0.3591674173858655
1,0.7337398113841505
1,0.775341354931382
0,0.20526893024540416
0,0.28344443768292404
0,0.4099082070506072
0,0.46270324126599865
1,0.37793025976064104
0,0.47285884940368383
0,0.585915381239647
0,0.2513945647880339
1,0.5786613797113769
1,0.6634569975915401
0,0.646913819071768
1,0.28981806790947373
1,0.8327861068249612
0,0.39681117918171943
0,0.17315113256224207
0,0.43360981053419606
0,0.47170368744963503
1,0.756096693137955
0,0.6215707445185127
1,0.7140771122452171
1,0.6006787339191041
1,0.6457188797811909
0,0.3923693452122142
0,0.38034726167863825
1,0.4111746117281642
1,0.5609907511532884
1,0.7971571314409153
1,0.46126693909750016
0,0.2481957594396533
0,0.5896674013126245
1,0.6323858466848142
1,0.6440768284962344
0,0.6211191146896882
0,0.44561594548852906
1,0.5714504824454489
1,0.5424751722630359
1,0.31497020386038416
0,0.3319741959983071
0,0.4623320040599559
1,0.4335788770613546
0,0.33247940454320296
0,0.1962621643731335
0,0.250190119640335
1,0.47829172654053287
1,0.49123196766447447
1,0.38240745803358017
1,0.5846174757334781
1,0.4038506675649775
1,0.359059900053722
0,0.4296597660456274
1,0.5456777416413172
0,0.39606428567262847
1,0.6153976628235076
0,0.4306125968494062
1,0.20829705470500046
0,0.46052592030120826
1,0.663735709266319
1,0.41930331816470423
0,0.24175033266301957
1,0.6149180686449444
0,0.4782532163090722
0,0.27564636861402475
1,0.5499366408536464
1,0.6231315320428186
0,0.6238859079714353
0,0.6245741234116167
0,0.28003696778584114
0,0.30446719499625974
0,0.3161802798320252
0,0.5045484960133554
1,0.6545023421678149
1,0.4614700750956588
1,0.6542720474193641
0,0.36830663444688366
0,0.5833617832776069
1,0.6427622988559607
1,0.34352644113020137
1,0.37306464503700465
0,0.32463191855522483
0,0.5865736341659856
0,0.7323392560730796
0,0.7176127169017099
0,0.43473163071630927
0,0.6543404161509321
1,0.5225923781650728
1,0.6241830285939755
0,0.5792258313355416
0,0.3538123380635387
1,0.5886420370678548
1,0.660370322930039
0,0.2269013375686989
0,0.6303222585930833
1,0.2979118550133303
0,0.4132451080593709
1,0.27854140313929104
1,0.5457060652261556
0,0.31391778868740433
0,0.283368226971017
1,0.47390807399178514
0,0.3238014391276685
0,0.253713662908198
0,0.3580491420242117
0,0.2950956659285873
1,0.4291540241699127
1,0.6613809430685643
1,0.5932751487132514
0,0.3766826798530875
1,0.5521033076039916
1,0.5530733140339404
0,0.36328866883729594
1,0.3168689787934253
1,0.5432412939816831
0,0.4444216634600247
0,0.43165928578123514
0,0.48546371664633897
0,0.566578972751065
1,0.41727510999010314
1,0.6617598091529713
1,0.637061347352236
1,0.38116727603197753
1,0.806910771784308
1,0.3821092889809473
0,0.6162097430778523
1,0.6663228171573895
1,0.23558120697998577
1,0.7532913740683935
0,0.46847516127703404
1,0.447959389875837
1,0.7568894195187142
0,0.5724353762035156
1,0.8319530634936835
1,0.18300312696912385
0,0.21693406733518822
1,0.39272557597382146
1,0.5259754948160535
0,0.3206101879985902
0,0.643120174255691
0,0.4592816715042837
0,0.3412177286468252
0,0.6703570115582406
0,0.18703656977806535
1,0.23119639215447954
0,0.33316792936758766
0,0.4498681682126989
0,0.24046606140924404
1,0.7294789098289798
1,0.8060461503879756
1,0.5754204962423923
0,0.37796857345846924
0,0.38859399120650984
1,0.4578394658826782
0,0.23580084958929548
1,0.7022543077235931
1,0.6820260951170867
0,0.26320495680093053
1,0.7582084593707809
1,0.5347218945606514
1,0.26528503862710523
1,0.6463278125209863
1,0.5547501423042582
0,0.370575753296774
1,0.6131101491715303
1,0.40124074642860047
0,0.6199557289101455
1,0.5336064354052724
0,0.3498182163691316
1,0.5609236243098715
0,0.3590023380010994
0,0.24610490252504683
1,0.5290990261185201
0,0.6405374243394666
0,0.5498767179714322
1,0.5914234670911106
1,0.5567035876176847
1,0.40753319736136384
1,0.7520593707091783
0,0.2952420118316444
1,0.31405767046641114
0,0.3469017996037045
0,0.7347223321268498
0,0.48408068077626887
1,0.7122397358646194
1,0.33493080195679026
1,0.5018562128547035
1,0.4963940021251355
0,0.6147652757519529
0,0.36559870848162207
0,0.33972509395445893
1,0.7655443957830624
0,0.5484901835152325
0,0.3299964373892186
1,0.5607247796719632
1,0.78847923344809
0,0.36843461721353515
0,0.5301895448144164
0,0.3812398032168628
0,0.6688542122913465
0,0.7621986521961506
1,0.345935474211985
0,0.3196089497646347
1,0.6221222804834827
0,0.42895900183967034
0,0.16841749435122558
0,0.21725654761613092
0,0.49744916013963314
1,0.795231324328759
0,0.27504955705211026
0,0.24411238620928774
0,0.5869973498134966
0,0.6564496664914933
0,0.4786012673529082
1,0.6398991932134184
1,0.718336042305115
0,0.32152855378688716
0,0.5942404908469844
0,0.3558461289124376
0,0.691336251490527
1,0.61686616209202
0,0.291146784894717
1,0.6487628634843258
1,0.6686284207329195
1,0.5056410182444975
0,0.5698962373485074
1,0.582690653386163
1,0.5777534252995847
0,0.5480321648602418
1,0.46475641283753216
1,0.5909732204675652
0,0.30224881369878714
1,0.48348479361401475
0,0.6784368603756065
1,0.5508793434301774
1,0.43414520513492905
0,0.3704149016989831
1,0.5142006207203421
0,0.7169031214894
1,0.5455100999199336
0,0.5594054629744222
1,0.6056305261294864
0,0.38512862842399137
1,0.6348308094315833
0,0.5902839108179618
0,0.3405623405964333
1,0.7165781063149986
0,0.44910980497397485
1,0.3092858969020606
1,0.24853734807909034
0,0.5269962190522582
1,0.6695452967637124
0,0.3107905550320196
0,0.5968610792100338
0,0.2604336099605537
1,0.6967806717122094
1,0.7217650729989901
1,0.691025014456802
0,0.396365293033253
1,0.623932386483314
0,0.5889669609112672
1,0.5567874585648674
1,0.6641155431552912
0,0.6669386641485028
0,0.32791215398488777
0,0.3398903768672277
1,0.4037222357950184
0,0.5268889337582272
1,0.7808192546479479
1,0.7523422183794518
0,0.531773597295846
0,0.17822810784833695
0,0.3981076248802266
0,0.28881859829981044
0,0.21018083625634082
1,0.7311140064449501
1,0.4125664966744982
0,0.45213705142197375
0,0.5768371133320578
1,0.6075950576565676
1,0.3272807258766426
0,0.38653343029626214
1,0.44796062978117684
0,0.2788237502514736
1,0.4837006973367228
0,0.6084238521953979
1,0.6455435993945655
1,0.2485156967471641
1,0.49598740599840485
0,0.384323461846075
0,0.5010909143634145
1,0.5049046123597011
0,0.597459799141012
1,0.6936859211199441
1,0.35785259448391843
1,0.7466236683940876
1,0.4944454498023232
1,0.5401427156736203
0,0.5459081165132554
0,0.30967725430349197
0,0.35639842221917906
1,0.5597783204316339
1,0.566037959374115
1,0.70080082436631
0,0.30276252706691764
1,0.3947743921341762
1,0.7259239317842536
1,0.6459529157107722
1,0.6561276015101772
0,0.39144132812500715
0,0.565168956696237
1,0.7149979483972454
0,0.30479544150678417
0,0.52912214200319
1,0.565604757814824
1,0.32880503911378933
1,0.3044626729711699
0,0.26548364527899143
0,0.5818899413547411
0,0.3522347690726126
1,0.3151478652588752
1,0.5716636044256778
0,0.2684206118825671
0,0.3920367691570083
0,0.4930569807813857
1,0.7706505319354188
1,0.5563387857029249
0,0.23994550046583596
0,0.44613574200567324
0,0.32782148667647243
1,0.7408926100582507
0,0.6586454972314248
0,0.30892539559986815
0,0.25914830156704044
0,0.5601215662024538
1,0.5156223085734718
1,0.6829331127013161
1,0.4236316312937488
1,0.7825752123107812
1,0.6302196446599212
1,0.32485468195735695
1,0.36987904123793913
0,0.5662611873065728
0,0.32087154957466646
0,0.7211741695787433
1,0.6450901119575371
1,0.6361310768012255
1,0.4887622335872627
0,0.4399086085692461
0,0.41874917752153556
1,0.6826270745646034
0,0.2347298568513466
0,0.30420717446768963
1,0.6289194680201922
1,0.3510092261156028
1,0.5893628834062254
0,0.6722101627909497
0,0.2859333013163161
1,0.3849560611790718
0,0.3308673118977061
1,0.6781276124782062
0,0.5793098162680174
1,0.7891369273643196
1,0.7612330240844625
0,0.22943835740260457
1,0.6701141144059815
1,0.5558125920897747
1,0.4765143329146364
1,0.6589740229546847
1,0.5673885389478881
0,0.282714921629025
0,0.5116655296295236
0,0.27516727565737326
0,0.4075536682686281
0,0.4967309562853951
1,0.6508035880418893
1,0.40522478180718924
1,0.7634923704413936
0,0.389422101358026
0,0.3629995822073977
0,0.664746471023996
0,0.19205586027034505
0,0.325377979696357
0,0.31506851464910784
1,0.7219035824283749
0,0.274917590557785
0,0.3303425645878025
1,0.31098625666361
1,0.504996040525265
0,0.2731959278631732
0,0.38798549656929077
1,0.3739949129070149
1,0.4589890480436119
0,0.5607214910603394
1,0.6381099745127351
1,0.6374810456539257
0,0.6318002047401251
1,0.4760540742347478
0,0.5879015510512207
0,0.5348443248641319
0,0.25392688999646584
1,0.6367721025283992
0,0.29949790575039453
0,0.6569459196116486
0,0.6989889695649247
0,0.4086962225909321
0,0.5120151279482061
0,0.3009079304149796
0,0.36861197050329225
0,0.44114906049123276
0,0.5524988972208317
0,0.25904726082794255
0,0.5568552580534971
1,0.6757322025039054
1,0.5770225444543841
0,0.33201716365983575
0,0.2660085742605825
1,0.5983882880984107
0,0.5278576536703096
1,0.5855459708836181
0,0.3028853718539093
0,0.5385785059647147
1,0.34220708640650566
0,0.23392447329573798
0,0.43041853350197984
1,0.2284946286633082
0,0.6564064811688994
0,0.29576558952737264
1,0.28685471665391277
1,0.2553004843015689
0,0.784957391995162
1,0.6929197179828911
1,0.8047223637527583
0,0.49333734753348324
0,0.4897946553773148
1,0.2807465771074663
0,0.2985089276046926
1,0.726038541364496
0,0.6021855046131104
1,0.5515017596915615
1,0.4932807165976337
0,0.26658875421650513
1,0.33513542759483367
1,0.5875161558567896
0,0.2899559645951903
0,0.5672013223980658
1,0.6522931024626539
0,0.5661719206747704
1,0.47548475587411426
0,0.4615034599158698
1,0.7568886668280548
1,0.3349136688070882
1,0.6790877834527743
0,0.45229704809878607
1,0.5591100803989583
1,0.2458332035770355
0,0.7059348925763032
0,0.33845890984889954
1,0.25059918485407323
0,0.3107556229773056
0,0.6427026619129287
1,0.2473440366012104
0,0.2710614111249843
0,0.4339735296561312
1,0.482472133731964
0,0.690194816178345
1,0.6102966064528738
1,0.2891649688114639
1,0.7586034220025156
1,0.32714499211697984
0,0.6450932913731496
1,0.21207942136313473
1,0.45681868737228426
1,0.6296453001002069
0,0.27851198236892555
1,0.8194475189128163
0,0.44996466369087074
1,0.3304194471777779
0,0.4174782458657333
1,0.768242828553671
1,0.49327338973026585
0,0.2943437710543207
1,0.7814708049420916
0,0.40826031154669523
1,0.6319159058495915
0,0.2683402969353814
1,0.5560168455591451
1,0.4631585486989468
0,0.6634632346813464
1,0.2244458545670358
0,0.41502425083825756
1,0.7183406639196339
0,0.30052899395010685
1,0.4194721533355418
0,0.45169614939832686
0,0.4978201212858913
0,0.5512991569456696
1,0.621198514878433
0,0.38508176305618047
0,0.2793712563994914
0,0.6444506498614423
1,0.6564485622787406
0,0.36592102156972073
0,0.42208294846898664
1,0.5339060561602635
0,0.5253769776769688
0,0.747883002310812
0,0.4474067367504303
1,0.29764063595181905
1,0.2205114218823134
1,0.725521512914318
0,0.5213883207417027
0,0.3190837572160271
1,0.6008337947247135
0,0.4289656734856335
0,0.5119959028095782
1,0.5928734750288693
1,0.5900969168104269
1,0.4399944877973803
1,0.39883119092974956
1,0.30312646106999735
0,0.33696968492378365
0,0.3006644270312558
0,0.4424710393691688
0,0.8145685319058407
1,0.663260395989177
0,0.5870103836861896
1,0.4933044563475177
0,0.6962825884267735
0,0.39299363639356294
0,0.4708086870449582
0,0.40546911026998633
1,0.61342563417615
0,0.257856048083721
1,0.7080455002912247
0,0.3636970855440106
1,0.534807193150158
0,0.6278170096696141
1,0.4605860698293484
1,0.5387273386090071
1,0.5752863545845901
1,0.3467152292342511
1,0.5758624525017275
0,0.6242048217377563
1,0.4929251355628831
1,0.5265512599257163
1,0.44242542549263764
0,0.4350265937821847
0,0.40865766067228476
1,0.5911369982739528
1,0.728287007196038
1,0.6550776536948602
1,0.6278438907193302
1,0.6549050745404138
0,0.5584589037138474
0,0.3712669229032196
0,0.5358328787369603
0,0.517608310921677
1,0.7628749902200637
1,0.5514560945536825
1,0.35041981947704187
0,0.47622133206146866
0,0.2976708730656778
0,0.6917742470931058
0,0.7985028002358527
1,0.6471050022562091
0,0.2755259738023133
1,0.35883852572274216
0,0.6318464167726185
1,0.7237959976321858
0,0.3791857065721733
0,0.3281179471700714
1,0.6321982786293165
0,0.2752747179552993
0,0.2522455332393868
1,0.5261416812473287
1,0.6450537833308544
1,0.6219171871325898
0,0.6088194630003323
1,0.5670743654071608
1,0.7556111419610194
0,0.38901170946733105
0,0.4228420178132826
1,0.5845072806776381
1,0.4275782395611033
0,0.5441534051506025
0,0.3587729622624409
0,0.2777304602767715
1,0.5932817146285116
1,0.43411234353296024
1,0.6344430131848207
0,0.4096280376692476
0,0.6903782832445191
0,0.5019829703474613
1,0.25973149464016404
1,0.6446183247129291
1,0.45555668116065545
1,0.6020319960265694
0,0.6804118115919234
0,0.36585438789718466
1,0.2929202679767924
1,0.656403331285197
1,0.6343780026752894
0,0.46527271790819963
0,0.41339425002344465
1,0.47704342702282454
0,0.6516225761602857
0,0.5464396791762018
1,0.7196488927193865
1,0.7028012932925514
0,0.5057969921611408
0,0.46295499715670413
1,0.7525252848697739
1,0.5215446105830969
0,0.44396546534553977
1,0.5492016051581583
0,0.4894129679654605
0,0.4731873499447525
0,0.5339379038344125
0,0.5357416283819981
0,0.4747929160935647
1,0.243023508666665
0,0.6850868589138455
1,0.6247448334794564
0,0.41451284148703244
0,0.7111949254630989
0,0.416434089245045
1,0.43116634450438174
1,0.5976581134635225
1,0.5277673710632333
1,0.38685067758875813
1,0.6730692040334246
1,0.571278338111036
1,0.6833044027088084
0,0.4215854012421815
1,0.3420655140894605
1,0.44666741430854634
0,0.5848805164728401
1,0.5271729882123434
1,0.5315218642386832
1,0.6498664460463521
1,0.7779138207595054
0,0.5687315838762841
0,0.4819974175365889
0,0.36463957686686577
1,0.5887568039618789
1,0.6361456382943084
1,0.7196692474512205
0,0.4974481611038153
0,0.5785623306793699
1,0.6183787617877118
1,0.4716504977488409
1,0.5295965897940573
0,0.2892596977385446
1,0.6176416873836238
0,0.5390898843459977
1,0.490391738708184
0,0.2793273560196386
1,0.5998897518760442
1,0.5099320244008078
1,0.45845890273451906
0,0.5593229849333128
0,0.38303551631959276
0,0.3976018906685724
0,0.6004351816585929
1,0.6608469972819726
0,0.5776056745159948
0,0.3318605826972604
0,0.39367985295984637
1,0.5444182548552285
1,0.790330623197556
0,0.6437306841748773
0,0.3477939422252452
1,0.41132416139698474
0,0.2756740119199174
0,0.40927158546302417
1,0.6893784750357574
1,0.46651547642356317
0,0.3273936277801787
0,0.3445168321932267
0,0.6624868596538327
0,0.38759517506859875
0,0.2914208620046982
1,0.6915286775127005
1,0.3570774900984903
1,0.4720212831102883
1,0.38962062233973876
0,0.507688048997354
0,0.3713115457502112
0,0.32025518566703076
0,0.40708723830088733
1,0.3901627061196958
1,0.48615897740724506
1,0.5413677085244564
0,0.5256374571806273
1,0.4675213905383252
1,0.3658747928510842
1,0.3364748786419415
1,0.4474474151480051
1,0.28922063931105935
0,0.2835743122964069
0,0.28440691587569633
0,0.6182221628753277
0,0.2602081631587358
1,0.4493926195911228
1,0.45954428242831896
1,0.288795695498211
1,0.2733513659887615
0,0.5063265312607322
1,0.29830952687428797
1,0.6466669276420237
1,0.6849373163331299
0,0.2746292982408413
0,0.4244161371928318
0,0.35433527729960135
0,0.40273420284032574
1,0.7335733132748263
0,0.31595038236784107
0,0.43149854142244587
0,0.3626548078528387
1,0.7726915525422192
1,0.7793430436530863
0,0.27009868276924565
1,0.6150701980436772
0,0.3993972985415696
1,0.40661514529501847
0,0.34378923153262514
1,0.34807739122160947
1,0.3158640036517034
1,0.3743070379156195
0,0.3251838953231515
1,0.29261281074545087
0,0.5632254229259255
1,0.4574743227432583
0,0.5888615842984108
0,0.4669540076270054
0,0.26379582986697947
0,0.41125534027627597
0,0.3052855085181359
0,0.2432157231051643
0,0.4983366489505304
1,0.5671235037790628
1,0.5122183283729631
0,0.6450315146591257
1,0.2566019147929877
1,0.40885025237355865
1,0.5145030867936277
0,0.32616726193088136
0,0.33373001612615477
1,0.6031031322708383
1,0.680974770684952
0,0.2542080537105905
1,0.6833339900509887
1,0.266786814820227
0,0.48139834820987665
0,0.3272462253089184
0,0.5974495762174713
0,0.5259276600947504
1,0.40417164760901936
0,0.5175952874006051
1,0.5992293380755785
0,0.3753654335812313
0,0.3249719409094051
1,0.484396750637286
1,0.769306188031981
1,0.7704739666604961
1,0.6352266402381553
1,0.47701825104721707
1,0.5527937489031939
0,0.26800427361218854
0,0.5399444410891094
0,0.473159260096319
1,0.4109265351544013
0,0.4848602737237485
0,0.34824159161781243
0,0.514351489782456
0,0.3880495948972524
0,0.514800338962508
1,0.3107651397547617
0,0.3894217529798703
0,0.21857450723875432
0,0.2252931819863098
1,0.7197488573009729
0,0.5717569221279029
1,0.5615577321753183
0,0.2575357550149711
1,0.6147775884041351
1,0.670574542626983
0,0.3166954129352035
0,0.3731674433918821
1,0.5329852042138497
1,0.4957628573394599
0,0.5144699262026877
0,0.23740557508278792
0,0.4432416107670712
0,0.5096770827530486
1,0.6311826285871304
0,0.25259413855676127
0,0.4779297312871409
1,0.44097155061510634
1,0.5092675015311856
1,0.6225163894705013
0,0.26830063499413453
0,0.36729974672280336
1,0.2739373044316032
0,0.30444200122777765
0,0.40574853922038623
1,0.592669878392729
1,0.6635292364649972
1,0.6948268558755268
1,0.6446082290452478
1,0.5748148068173158
1,0.7573946381169726
0,0.36978576628226145
1,0.4988552864977278
1,0.7787422530795446
0,0.46675713691521925
1,0.35862945329250645
0,0.48039332339607643
0,0.22621602871759244
1,0.38762772412290897
0,0.5429301352287867
0,0.31067985229149253
0,0.3360998847092194
0,0.2866948129978167
1,0.5167773881448544
0,0.25489565451432267
1,0.36416777665741823
1,0.5268355626735166
1,0.6779838203784955
0,0.5656859531296263
0,0.2999499211128691
1,0.3122307456961841
0,0.3291401868495519
1,0.7379154390761645
1,0.5804050095336128
0,0.6114191687854537
0,0.6256246721475485
0,0.4527724404513141
1,0.3749928413098102
0,0.2724758944650978
1,0.6597652225094376
0,0.4918675628446079
1,0.6956296710586969
1,0.487745821279858
0,0.3899636202525571
1,0.30699370922883124
1,0.585460983244278
1,0.7289223820716708
1,0.7384097897973984
0,0.48409035489544516
1,0.6713279943783601
0,0.4526891008938162
1,0.46168106566795963
0,0.5319808499086064
1,0.4862706806726603
1,0.30487932455725564
0,0.787234750308752
0,0.6897427328501616
1,0.4222152204649653
1,0.29249864819552396
1,0.7094226966256607
1,0.6924182654589658
0,0.23585565428488306
0,0.445810184010729
1,0.6761148028564693
0,0.3332321644979381
1,0.7955048580708558
1,0.4045233026449059
1,0.6166699766677795
1,0.5380724694715276
0,0.29574013725885345
1,0.5682392050959132
1,0.22860905318269106
0,0.5747589042707507
0,0.5327617593923317
0,0.3071706961692678
1,0.5982085105000492
0,0.6367502577762901
0,0.6363757418314749
1,0.6741330476310563
