bootstrap_id,feature_combination,metric_name,value
0,regression,auc,0.6030075187969924
0,regression,ap,0.5277235323764369
0,regression,f1,0.5156626506024097
0,regression,accuracy,0.599601593625498
1,regression,auc,0.5810301401355714
1,regression,ap,0.46176816789836544
1,regression,f1,0.4631043256997455
1,regression,accuracy,0.5796812749003984
2,regression,auc,0.5884515289525049
2,regression,ap,0.5116359664730994
2,regression,f1,0.4964871194379391
2,regression,accuracy,0.5717131474103586
3,regression,auc,0.6010745137743521
3,regression,ap,0.5016946867225763
3,regression,f1,0.5234567901234568
3,regression,accuracy,0.6155378486055777
4,regression,auc,0.5704990215264187
4,regression,ap,0.4872324189481151
4,regression,f1,0.49261083743842365
4,regression,accuracy,0.5896414342629482
5,regression,auc,0.6104421634425582
5,regression,ap,0.5038723274354686
5,regression,f1,0.49748743718592964
5,regression,accuracy,0.601593625498008
6,regression,auc,0.6039254331937258
6,regression,ap,0.5080276781410874
6,regression,f1,0.5263157894736842
6,regression,accuracy,0.6235059760956175
7,regression,auc,0.6399706457925636
7,regression,ap,0.5441597784328148
7,regression,f1,0.5563549160671463
7,regression,accuracy,0.6314741035856574
8,regression,auc,0.5964436110014475
8,regression,ap,0.508842959572106
8,regression,f1,0.5188916876574308
8,regression,accuracy,0.6195219123505976
9,regression,auc,0.5941419141914192
9,regression,ap,0.5113173547841577
9,regression,f1,0.5087281795511222
9,regression,accuracy,0.6075697211155379
10,regression,auc,0.5605940934065934
10,regression,ap,0.4364391147057796
10,regression,f1,0.48346055979643765
10,regression,accuracy,0.5956175298804781
11,regression,auc,0.602614143269483
11,regression,ap,0.5188746986208292
11,regression,f1,0.5260545905707196
11,regression,accuracy,0.6195219123505976
12,regression,auc,0.529057503099789
12,regression,ap,0.46677975641239916
12,regression,f1,0.45161290322580644
12,regression,accuracy,0.5597609561752988
13,regression,auc,0.6383529608285308
13,regression,ap,0.5054351629169449
13,regression,f1,0.55470737913486
13,regression,accuracy,0.651394422310757
14,regression,auc,0.5796662108506186
14,regression,ap,0.4859957178965031
14,regression,f1,0.49624060150375937
14,regression,accuracy,0.599601593625498
15,regression,auc,0.6555737035524704
15,regression,ap,0.4985646740822204
15,regression,f1,0.533678756476684
15,regression,accuracy,0.6414342629482072
16,regression,auc,0.5348369771158378
16,regression,ap,0.4475743274165846
16,regression,f1,0.4803921568627451
16,regression,accuracy,0.5776892430278885
17,regression,auc,0.5950993377483444
17,regression,ap,0.5048414055499161
17,regression,f1,0.49382716049382713
17,regression,accuracy,0.5916334661354582
18,regression,auc,0.5240186615186615
18,regression,ap,0.4759882151012188
18,regression,f1,0.46568627450980393
18,regression,accuracy,0.5657370517928287
19,regression,auc,0.5736164006158334
19,regression,ap,0.5059681497435693
19,regression,f1,0.514018691588785
19,regression,accuracy,0.5856573705179283
20,regression,auc,0.585491216655823
20,regression,ap,0.5106370410472968
20,regression,f1,0.5074626865671642
20,regression,accuracy,0.6055776892430279
21,regression,auc,0.5927072360424601
21,regression,ap,0.5258564208864294
21,regression,f1,0.5450121654501217
21,regression,accuracy,0.6274900398406374
22,regression,auc,0.5772698780076184
22,regression,ap,0.5073430216614951
22,regression,f1,0.5069767441860465
22,regression,accuracy,0.5776892430278885
23,regression,auc,0.5992935635792778
23,regression,ap,0.5227919435928177
23,regression,f1,0.513317191283293
23,regression,accuracy,0.599601593625498
24,regression,auc,0.5383235485975212
24,regression,ap,0.4380864396056229
24,regression,f1,0.48931116389548696
24,regression,accuracy,0.5717131474103586
25,regression,auc,0.6042305236270753
25,regression,ap,0.5838031746427391
25,regression,f1,0.5497630331753555
25,regression,accuracy,0.6215139442231076
26,regression,auc,0.6462005108556832
26,regression,ap,0.5893082475123705
26,regression,f1,0.581986143187067
26,regression,accuracy,0.6394422310756972
27,regression,auc,0.6155274344066057
27,regression,ap,0.5347499287621063
27,regression,f1,0.5545023696682464
27,regression,accuracy,0.6254980079681275
28,regression,auc,0.6027259288139448
28,regression,ap,0.5178952833415058
28,regression,f1,0.5412844036697247
28,regression,accuracy,0.601593625498008
29,regression,auc,0.6078599789320153
29,regression,ap,0.5380153402403045
29,regression,f1,0.5265700483091788
29,regression,accuracy,0.6095617529880478
30,regression,auc,0.6417732225483854
30,regression,ap,0.5384305687582224
30,regression,f1,0.5572139303482587
30,regression,accuracy,0.6454183266932271
31,regression,auc,0.5838598901098901
31,regression,ap,0.4819913908276129
31,regression,f1,0.48704663212435234
31,regression,accuracy,0.6055776892430279
32,regression,auc,0.6460726072607261
32,regression,ap,0.5517875192422219
32,regression,f1,0.5560975609756098
32,regression,accuracy,0.6374501992031872
33,regression,auc,0.6488095238095238
33,regression,ap,0.5771122424575666
33,regression,f1,0.5795724465558195
33,regression,accuracy,0.647410358565737
34,regression,auc,0.5820386510041683
34,regression,ap,0.453782780120315
34,regression,f1,0.5238095238095238
34,regression,accuracy,0.601593625498008
35,regression,auc,0.5965753424657534
35,regression,ap,0.5174478238395968
35,regression,f1,0.5450346420323325
35,regression,accuracy,0.6075697211155379
36,regression,auc,0.5516958199885029
36,regression,ap,0.46690394376547795
36,regression,f1,0.48514851485148514
36,regression,accuracy,0.5856573705179283
37,regression,auc,0.613110076095513
37,regression,ap,0.4870075130157292
37,regression,f1,0.5552825552825553
37,regression,accuracy,0.6394422310756972
38,regression,auc,0.6506669231755803
38,regression,ap,0.6138017934523698
38,regression,f1,0.5614849187935035
38,regression,accuracy,0.6235059760956175
39,regression,auc,0.5701372941808766
39,regression,ap,0.48037855730586393
39,regression,f1,0.5144230769230769
39,regression,accuracy,0.5976095617529881
40,regression,auc,0.6236447613645573
40,regression,ap,0.5645256283930657
40,regression,f1,0.5700934579439252
40,regression,accuracy,0.6334661354581673
41,regression,auc,0.609894410632418
41,regression,ap,0.5747856943223041
41,regression,f1,0.5778781038374717
41,regression,accuracy,0.6274900398406374
42,regression,auc,0.5737707595081405
42,regression,ap,0.48632450481486805
42,regression,f1,0.49019607843137253
42,regression,accuracy,0.5856573705179283
43,regression,auc,0.6224941252734787
43,regression,ap,0.5488562779042014
43,regression,f1,0.5467625899280576
43,regression,accuracy,0.6235059760956175
44,regression,auc,0.6096115338406087
44,regression,ap,0.5474526191147068
44,regression,f1,0.5605381165919282
44,regression,accuracy,0.6095617529880478
45,regression,auc,0.5918022121014964
45,regression,ap,0.5262021289814282
45,regression,f1,0.5037406483790524
45,regression,accuracy,0.603585657370518
46,regression,auc,0.6105888093689005
46,regression,ap,0.5120442943749193
46,regression,f1,0.5242718446601942
46,regression,accuracy,0.6095617529880478
47,regression,auc,0.5961233480176211
47,regression,ap,0.541438021446696
47,regression,f1,0.5336426914153132
47,regression,accuracy,0.599601593625498
48,regression,auc,0.6193152620760534
48,regression,ap,0.5729208528163046
48,regression,f1,0.5270935960591133
48,regression,accuracy,0.6175298804780877
49,regression,auc,0.6151066195709052
49,regression,ap,0.5186063647385477
49,regression,f1,0.5123152709359606
49,regression,accuracy,0.6055776892430279
50,regression,auc,0.5437718051427833
50,regression,ap,0.46614435471920945
50,regression,f1,0.4874715261958998
50,regression,accuracy,0.5517928286852589
51,regression,auc,0.6257268380927767
51,regression,ap,0.5361326346661524
51,regression,f1,0.5603644646924829
51,regression,accuracy,0.6155378486055777
52,regression,auc,0.6148772384733814
52,regression,ap,0.5357417636073959
52,regression,f1,0.5242718446601942
52,regression,accuracy,0.6095617529880478
53,regression,auc,0.5962263550598979
53,regression,ap,0.5557902639327954
53,regression,f1,0.5533769063180828
53,regression,accuracy,0.5916334661354582
54,regression,auc,0.55795441623211
54,regression,ap,0.4815393869756824
54,regression,f1,0.4630071599045346
54,regression,accuracy,0.5517928286852589
55,regression,auc,0.6297966216325019
55,regression,ap,0.5477434161840646
55,regression,f1,0.5297029702970297
55,regression,accuracy,0.6215139442231076
56,regression,auc,0.591769112562428
56,regression,ap,0.5584162239888207
56,regression,f1,0.5167464114832536
56,regression,accuracy,0.5976095617529881
57,regression,auc,0.5842079207920792
57,regression,ap,0.4748626044588059
57,regression,f1,0.511166253101737
57,regression,accuracy,0.6075697211155379
58,regression,auc,0.615702479338843
58,regression,ap,0.5681278218002049
58,regression,f1,0.5636363636363636
58,regression,accuracy,0.6175298804780877
59,regression,auc,0.5808728308728308
59,regression,ap,0.5266485393878721
59,regression,f1,0.5124378109452736
59,regression,accuracy,0.6095617529880478
60,regression,auc,0.5731960130686437
60,regression,ap,0.4671757662320272
60,regression,f1,0.5
60,regression,accuracy,0.5976095617529881
61,regression,auc,0.5953530026369471
61,regression,ap,0.47668151446571017
61,regression,f1,0.4947916666666667
61,regression,accuracy,0.6135458167330677
62,regression,auc,0.6070164197036444
62,regression,ap,0.5597645121377984
62,regression,f1,0.543778801843318
62,regression,accuracy,0.6055776892430279
63,regression,auc,0.6170366795366795
63,regression,ap,0.5534149196625204
63,regression,f1,0.5580357142857143
63,regression,accuracy,0.6055776892430279
64,regression,auc,0.6046437818424789
64,regression,ap,0.4904061934939766
64,regression,f1,0.48635235732009924
64,regression,accuracy,0.5876494023904383
65,regression,auc,0.5655251704032191
65,regression,ap,0.4787774770100298
65,regression,f1,0.4529262086513995
65,regression,accuracy,0.5717131474103586
66,regression,auc,0.5995233571118017
66,regression,ap,0.5269340051579844
66,regression,f1,0.548926014319809
66,regression,accuracy,0.6235059760956175
67,regression,auc,0.6333316748760304
67,regression,ap,0.5054259107891768
67,regression,f1,0.5226666666666666
67,regression,accuracy,0.6434262948207171
68,regression,auc,0.6063203954298679
68,regression,ap,0.565114801712927
68,regression,f1,0.5386416861826698
68,regression,accuracy,0.6075697211155379
69,regression,auc,0.5521821010398755
69,regression,ap,0.48021735829290363
69,regression,f1,0.4927536231884058
69,regression,accuracy,0.5816733067729084
70,regression,auc,0.5824943759273736
70,regression,ap,0.5500395982888299
70,regression,f1,0.5138888888888888
70,regression,accuracy,0.5816733067729084
71,regression,auc,0.5897566255575964
71,regression,ap,0.4868876592982826
71,regression,f1,0.5072463768115942
71,regression,accuracy,0.5936254980079682
72,regression,auc,0.5774000164244066
72,regression,ap,0.4989981900253032
72,regression,f1,0.5472154963680388
72,regression,accuracy,0.6274900398406374
73,regression,auc,0.6143108822333649
73,regression,ap,0.49411183249625334
73,regression,f1,0.5012787723785166
73,regression,accuracy,0.6115537848605578
74,regression,auc,0.6048271363339857
74,regression,ap,0.5055508001405379
74,regression,f1,0.5263157894736842
74,regression,accuracy,0.6055776892430279
75,regression,auc,0.5878653893392287
75,regression,ap,0.5029752906710537
75,regression,f1,0.4963144963144963
75,regression,accuracy,0.5916334661354582
76,regression,auc,0.6203457780005012
76,regression,ap,0.5022273214349096
76,regression,f1,0.5129533678756477
76,regression,accuracy,0.6254980079681275
77,regression,auc,0.594002306805075
77,regression,ap,0.5225668680770537
77,regression,f1,0.5164556962025316
77,regression,accuracy,0.6195219123505976
78,regression,auc,0.6229120473022913
78,regression,ap,0.5290864371879761
78,regression,f1,0.5427872860635696
78,regression,accuracy,0.6274900398406374
79,regression,auc,0.6197092880019709
79,regression,ap,0.5304544110686196
79,regression,f1,0.5129533678756477
79,regression,accuracy,0.6254980079681275
80,regression,auc,0.6008182839512383
80,regression,ap,0.4913655817910203
80,regression,f1,0.5278450363196125
80,regression,accuracy,0.6115537848605578
81,regression,auc,0.6333311466806613
81,regression,ap,0.5736587323103746
81,regression,f1,0.5323383084577115
81,regression,accuracy,0.6254980079681275
82,regression,auc,0.6036266924564797
82,regression,ap,0.5471864080432578
82,regression,f1,0.5352798053527981
82,regression,accuracy,0.6195219123505976
83,regression,auc,0.6051788124156544
83,regression,ap,0.49155111179309674
83,regression,f1,0.5132275132275133
83,regression,accuracy,0.6334661354581673
84,regression,auc,0.6105534105534106
84,regression,ap,0.5543716853086675
84,regression,f1,0.5446224256292906
84,regression,accuracy,0.603585657370518
85,regression,auc,0.6141983953078406
85,regression,ap,0.5118229006864855
85,regression,f1,0.5320197044334976
85,regression,accuracy,0.6215139442231076
86,regression,auc,0.6328338655530992
86,regression,ap,0.5448009184606034
86,regression,f1,0.542713567839196
86,regression,accuracy,0.6374501992031872
87,regression,auc,0.6021573500982829
87,regression,ap,0.5353343232801685
87,regression,f1,0.5346062052505967
87,regression,accuracy,0.6115537848605578
88,regression,auc,0.5949265986166355
88,regression,ap,0.5660027662658885
88,regression,f1,0.5084745762711864
88,regression,accuracy,0.5956175298804781
89,regression,auc,0.5901324503311258
89,regression,ap,0.4941791927870708
89,regression,f1,0.5257985257985258
89,regression,accuracy,0.6155378486055777
90,regression,auc,0.5897074258724744
90,regression,ap,0.49893704574067343
90,regression,f1,0.5012165450121655
90,regression,accuracy,0.5916334661354582
91,regression,auc,0.6194727891156462
91,regression,ap,0.5371906364448364
91,regression,f1,0.5547445255474452
91,regression,accuracy,0.6354581673306773
92,regression,auc,0.5942218543046358
92,regression,ap,0.5101285953090373
92,regression,f1,0.49363867684478374
92,regression,accuracy,0.603585657370518
93,regression,auc,0.5932039482459651
93,regression,ap,0.506730072913961
93,regression,f1,0.49746192893401014
93,regression,accuracy,0.6055776892430279
94,regression,auc,0.6367326732673267
94,regression,ap,0.5419574170395867
94,regression,f1,0.5360824742268041
94,regression,accuracy,0.6414342629482072
95,regression,auc,0.575955596430934
95,regression,ap,0.4950195043755431
95,regression,f1,0.5096153846153846
95,regression,accuracy,0.5936254980079682
96,regression,auc,0.5951521910259774
96,regression,ap,0.5102908304120141
96,regression,f1,0.5062034739454094
96,regression,accuracy,0.603585657370518
97,regression,auc,0.5814327834887242
97,regression,ap,0.5503107386809385
97,regression,f1,0.5302325581395348
97,regression,accuracy,0.5976095617529881
98,regression,auc,0.5861049519586105
98,regression,ap,0.5019124084122273
98,regression,f1,0.5375302663438256
98,regression,accuracy,0.6195219123505976
99,regression,auc,0.5888363630456325
99,regression,ap,0.5076606487645638
99,regression,f1,0.5130641330166271
99,regression,accuracy,0.5916334661354582
100,regression,auc,0.6488353730754046
100,regression,ap,0.5393229635325862
100,regression,f1,0.5478036175710594
100,regression,accuracy,0.651394422310757
101,regression,auc,0.5682791817087847
101,regression,ap,0.5391503438313687
101,regression,f1,0.5
101,regression,accuracy,0.5936254980079682
102,regression,auc,0.5726720479320961
102,regression,ap,0.48142022626277964
102,regression,f1,0.49743589743589745
102,regression,accuracy,0.6095617529880478
103,regression,auc,0.6575918762088975
103,regression,ap,0.6038349970081164
103,regression,f1,0.6143497757847534
103,regression,accuracy,0.6573705179282868
104,regression,auc,0.5429243245837132
104,regression,ap,0.4969369503433963
104,regression,f1,0.5168539325842697
104,regression,accuracy,0.5717131474103586
105,regression,auc,0.5763531353135314
105,regression,ap,0.47933151054359135
105,regression,f1,0.49246231155778897
105,regression,accuracy,0.5976095617529881
106,regression,auc,0.588826905974614
106,regression,ap,0.5242906917251049
106,regression,f1,0.5162790697674419
106,regression,accuracy,0.5856573705179283
107,regression,auc,0.5698441393462648
107,regression,ap,0.53512110440229
107,regression,f1,0.5095238095238095
107,regression,accuracy,0.5896414342629482
108,regression,auc,0.602857809790583
108,regression,ap,0.5096877930263413
108,regression,f1,0.5012787723785166
108,regression,accuracy,0.6115537848605578
109,regression,auc,0.6281824811603598
109,regression,ap,0.552847006214443
109,regression,f1,0.5584725536992841
109,regression,accuracy,0.6314741035856574
110,regression,auc,0.6219493861187673
110,regression,ap,0.5354220642868468
110,regression,f1,0.535
110,regression,accuracy,0.6294820717131474
111,regression,auc,0.6311534924246092
111,regression,ap,0.5760496223070044
111,regression,f1,0.5609195402298851
111,regression,accuracy,0.6195219123505976
112,regression,auc,0.6186417015685308
112,regression,ap,0.5304612904010478
112,regression,f1,0.5476772616136919
112,regression,accuracy,0.6314741035856574
113,regression,auc,0.6185056415638939
113,regression,ap,0.5047335149221487
113,regression,f1,0.5099009900990099
113,regression,accuracy,0.6055776892430279
114,regression,auc,0.6484440276238383
114,regression,ap,0.5211213919339465
114,regression,f1,0.5508684863523573
114,regression,accuracy,0.6394422310756972
115,regression,auc,0.5710509924075352
115,regression,ap,0.43852954345718476
115,regression,f1,0.47959183673469385
115,regression,accuracy,0.5936254980079682
116,regression,auc,0.5821693657219973
116,regression,ap,0.4312825860017245
116,regression,f1,0.48578811369509045
116,regression,accuracy,0.603585657370518
117,regression,auc,0.5595794392523366
117,regression,ap,0.5035159600058182
117,regression,f1,0.49627791563275436
117,regression,accuracy,0.5956175298804781
118,regression,auc,0.6341575091575091
118,regression,ap,0.5733536498809557
118,regression,f1,0.5286783042394015
118,regression,accuracy,0.6235059760956175
119,regression,auc,0.6027401676337847
119,regression,ap,0.5279217165858312
119,regression,f1,0.5299539170506913
119,regression,accuracy,0.5936254980079682
120,regression,auc,0.5784655061250805
120,regression,ap,0.5244439016128182
120,regression,f1,0.5118483412322274
120,regression,accuracy,0.5896414342629482
121,regression,auc,0.5996608922373114
121,regression,ap,0.5341630384624867
121,regression,f1,0.54337899543379
121,regression,accuracy,0.601593625498008
122,regression,auc,0.6124157443621536
122,regression,ap,0.5026396601812632
122,regression,f1,0.5151515151515151
122,regression,accuracy,0.6175298804780877
123,regression,auc,0.5779651010233535
123,regression,ap,0.47997967931283897
123,regression,f1,0.5
123,regression,accuracy,0.5816733067729084
124,regression,auc,0.5748158792886653
124,regression,ap,0.4901288687093612
124,regression,f1,0.5223529411764706
124,regression,accuracy,0.5956175298804781
125,regression,auc,0.5671840354767184
125,regression,ap,0.4493966894675148
125,regression,f1,0.4858490566037736
125,regression,accuracy,0.5657370517928287
126,regression,auc,0.5877820760799484
126,regression,ap,0.5487458655006192
126,regression,f1,0.5223880597014925
126,regression,accuracy,0.6175298804780877
127,regression,auc,0.5949577368446768
127,regression,ap,0.5197391535398257
127,regression,f1,0.505
127,regression,accuracy,0.6055776892430279
128,regression,auc,0.5856203711408837
128,regression,ap,0.47313325827796754
128,regression,f1,0.48346055979643765
128,regression,accuracy,0.5956175298804781
129,regression,auc,0.5849769062474678
129,regression,ap,0.5332566421469406
129,regression,f1,0.5024875621890548
129,regression,accuracy,0.601593625498008
130,regression,auc,0.6280270655270656
130,regression,ap,0.5533938575500976
130,regression,f1,0.5563549160671463
130,regression,accuracy,0.6314741035856574
131,regression,auc,0.6019920519140802
131,regression,ap,0.5259275734984321
131,regression,f1,0.5270935960591133
131,regression,accuracy,0.6175298804780877
132,regression,auc,0.6085358723795206
132,regression,ap,0.4897748516638787
132,regression,f1,0.5166240409207161
132,regression,accuracy,0.6235059760956175
133,regression,auc,0.595850073414331
133,regression,ap,0.5250909253790479
133,regression,f1,0.5292740046838408
133,regression,accuracy,0.599601593625498
134,regression,auc,0.5206079715417576
134,regression,ap,0.46050920329757916
134,regression,f1,0.45539906103286387
134,regression,accuracy,0.5378486055776892
135,regression,auc,0.5910863958736299
135,regression,ap,0.5372936630989565
135,regression,f1,0.5253456221198156
135,regression,accuracy,0.5896414342629482
136,regression,auc,0.5770386794777038
136,regression,ap,0.4756221660483221
136,regression,f1,0.51
136,regression,accuracy,0.6095617529880478
137,regression,auc,0.5966787003610109
137,regression,ap,0.5339544453437137
137,regression,f1,0.5547785547785548
137,regression,accuracy,0.6195219123505976
138,regression,auc,0.6097969436885073
138,regression,ap,0.5547855877783516
138,regression,f1,0.5458715596330275
138,regression,accuracy,0.6055776892430279
139,regression,auc,0.6047398709720219
139,regression,ap,0.5029610169474308
139,regression,f1,0.5
139,regression,accuracy,0.6294820717131474
140,regression,auc,0.6002169127169127
140,regression,ap,0.5480413375102517
140,regression,f1,0.5128205128205128
140,regression,accuracy,0.5836653386454184
141,regression,auc,0.5312151346107203
141,regression,ap,0.4794055269008731
141,regression,f1,0.4600484261501211
141,regression,accuracy,0.5557768924302788
142,regression,auc,0.6162464985994398
142,regression,ap,0.4938442835881912
142,regression,f1,0.5230024213075061
142,regression,accuracy,0.6075697211155379
143,regression,auc,0.6407589248564534
143,regression,ap,0.5226996298514289
143,regression,f1,0.5533980582524272
143,regression,accuracy,0.6334661354581673
144,regression,auc,0.5871989735491512
144,regression,ap,0.4941647427341837
144,regression,f1,0.5215189873417722
144,regression,accuracy,0.6235059760956175
145,regression,auc,0.5968490394600208
145,regression,ap,0.5193888319515632
145,regression,f1,0.5454545454545454
145,regression,accuracy,0.6314741035856574
146,regression,auc,0.5783278145695364
146,regression,ap,0.4854993349348101
146,regression,f1,0.5
146,regression,accuracy,0.5976095617529881
147,regression,auc,0.6220488195278111
147,regression,ap,0.5127040284571476
147,regression,f1,0.5409429280397022
147,regression,accuracy,0.6314741035856574
148,regression,auc,0.6027578262637214
148,regression,ap,0.45139951243255316
148,regression,f1,0.5329949238578681
148,regression,accuracy,0.6334661354581673
149,regression,auc,0.6041319999340989
149,regression,ap,0.5245470946840359
149,regression,f1,0.5255474452554745
149,regression,accuracy,0.6115537848605578
150,regression,auc,0.6244369369369369
150,regression,ap,0.5580226339157484
150,regression,f1,0.5545023696682464
150,regression,accuracy,0.6254980079681275
151,regression,auc,0.6419226529927637
151,regression,ap,0.6082505297114702
151,regression,f1,0.5701357466063348
151,regression,accuracy,0.6215139442231076
152,regression,auc,0.6203318152244632
152,regression,ap,0.514737975002163
152,regression,f1,0.5380952380952381
152,regression,accuracy,0.6135458167330677
153,regression,auc,0.6376072607260725
153,regression,ap,0.5367142008055286
153,regression,f1,0.5727923627684964
153,regression,accuracy,0.6434262948207171
154,regression,auc,0.6188567415249155
154,regression,ap,0.48544475765959283
154,regression,f1,0.4972972972972973
154,regression,accuracy,0.6294820717131474
155,regression,auc,0.5770124148978775
155,regression,ap,0.511020352077918
155,regression,f1,0.5243619489559165
155,regression,accuracy,0.5916334661354582
156,regression,auc,0.549290780141844
156,regression,ap,0.508462881128705
156,regression,f1,0.4688995215311005
156,regression,accuracy,0.5577689243027888
157,regression,auc,0.5857958251793869
157,regression,ap,0.4904453618643819
157,regression,f1,0.5012406947890818
157,regression,accuracy,0.599601593625498
158,regression,auc,0.5928164140552659
158,regression,ap,0.5460002457633815
158,regression,f1,0.5223880597014925
158,regression,accuracy,0.6175298804780877
159,regression,auc,0.5641574207672024
159,regression,ap,0.4861099974626223
159,regression,f1,0.5
159,regression,accuracy,0.5976095617529881
160,regression,auc,0.5753083180267646
160,regression,ap,0.49525541868539247
160,regression,f1,0.5134474327628362
160,regression,accuracy,0.603585657370518
161,regression,auc,0.5881011709907005
161,regression,ap,0.5162001521260179
161,regression,f1,0.5115089514066496
161,regression,accuracy,0.6195219123505976
162,regression,auc,0.6441442166792806
162,regression,ap,0.5773311096247655
162,regression,f1,0.5775656324582339
162,regression,accuracy,0.647410358565737
163,regression,auc,0.5948263118994827
163,regression,ap,0.5133931477853179
163,regression,f1,0.49514563106796117
163,regression,accuracy,0.5856573705179283
164,regression,auc,0.6267170329670331
164,regression,ap,0.521741153090223
164,regression,f1,0.5236907730673317
164,regression,accuracy,0.6195219123505976
165,regression,auc,0.581302717900656
165,regression,ap,0.4762577608736169
165,regression,f1,0.4803921568627451
165,regression,accuracy,0.5776892430278885
166,regression,auc,0.61321044546851
166,regression,ap,0.5309513837840538
166,regression,f1,0.5441860465116279
166,regression,accuracy,0.6095617529880478
167,regression,auc,0.5591804029304029
167,regression,ap,0.4715588289803149
167,regression,f1,0.4520884520884521
167,regression,accuracy,0.5557768924302788
168,regression,auc,0.608655440744993
168,regression,ap,0.5596673687576156
168,regression,f1,0.5416666666666666
168,regression,accuracy,0.6055776892430279
169,regression,auc,0.5677949709864604
169,regression,ap,0.5004201582698492
169,regression,f1,0.4794188861985472
169,regression,accuracy,0.5717131474103586
170,regression,auc,0.5973639455782314
170,regression,ap,0.5051231765699731
170,regression,f1,0.5364705882352941
170,regression,accuracy,0.6075697211155379
171,regression,auc,0.5938229658137549
171,regression,ap,0.5120728295632435
171,regression,f1,0.5391705069124424
171,regression,accuracy,0.601593625498008
172,regression,auc,0.6237202050886415
172,regression,ap,0.5508470831785152
172,regression,f1,0.5740740740740741
172,regression,accuracy,0.6334661354581673
173,regression,auc,0.6103204905704038
173,regression,ap,0.5149116344518921
173,regression,f1,0.5386533665835411
173,regression,accuracy,0.6314741035856574
174,regression,auc,0.589541281443116
174,regression,ap,0.5284877528302411
174,regression,f1,0.5176470588235295
174,regression,accuracy,0.5916334661354582
175,regression,auc,0.6010132791196734
175,regression,ap,0.5210835157378353
175,regression,f1,0.5491990846681922
175,regression,accuracy,0.6075697211155379
176,regression,auc,0.5766501650165017
176,regression,ap,0.4770120446398869
176,regression,f1,0.49504950495049505
176,regression,accuracy,0.5936254980079682
177,regression,auc,0.6649394657191736
177,regression,ap,0.5646168889257934
177,regression,f1,0.5637254901960784
177,regression,accuracy,0.6454183266932271
178,regression,auc,0.5991900221049744
178,regression,ap,0.529008885589054
178,regression,f1,0.5333333333333333
178,regression,accuracy,0.6095617529880478
179,regression,auc,0.5763564382139149
179,regression,ap,0.5154627718758423
179,regression,f1,0.5
179,regression,accuracy,0.5936254980079682
180,regression,auc,0.5776544401544401
180,regression,ap,0.5354625369750785
180,regression,f1,0.4951923076923077
180,regression,accuracy,0.5816733067729084
181,regression,auc,0.5836465380439322
181,regression,ap,0.4395166554396776
181,regression,f1,0.4712041884816754
181,regression,accuracy,0.5976095617529881
182,regression,auc,0.6439491264131552
182,regression,ap,0.5737867425480645
182,regression,f1,0.5728155339805825
182,regression,accuracy,0.649402390438247
183,regression,auc,0.6095144518136413
183,regression,ap,0.4928829954228845
183,regression,f1,0.517948717948718
183,regression,accuracy,0.6254980079681275
184,regression,auc,0.6175194023589397
184,regression,ap,0.5827130329892494
184,regression,f1,0.515
184,regression,accuracy,0.6135458167330677
185,regression,auc,0.5811859174304589
185,regression,ap,0.5116573078754877
185,regression,f1,0.5130641330166271
185,regression,accuracy,0.5916334661354582
186,regression,auc,0.5994340690435767
186,regression,ap,0.5178193408785934
186,regression,f1,0.5424528301886793
186,regression,accuracy,0.6135458167330677
187,regression,auc,0.6037278718180643
187,regression,ap,0.5413981214093322
187,regression,f1,0.5368171021377672
187,regression,accuracy,0.6115537848605578
188,regression,auc,0.6192596063730085
188,regression,ap,0.5010690912070389
188,regression,f1,0.519280205655527
188,regression,accuracy,0.6274900398406374
189,regression,auc,0.5772738951695786
189,regression,ap,0.5208600466496311
189,regression,f1,0.49406175771971494
189,regression,accuracy,0.5756972111553785
190,regression,auc,0.5831736909323116
190,regression,ap,0.5278065921756563
190,regression,f1,0.5158371040723982
190,regression,accuracy,0.5737051792828686
191,regression,auc,0.6055927427892054
191,regression,ap,0.5296296468321665
191,regression,f1,0.5279187817258884
191,regression,accuracy,0.6294820717131474
192,regression,auc,0.5851851851851851
192,regression,ap,0.48993873375843555
192,regression,f1,0.48661800486618007
192,regression,accuracy,0.5796812749003984
193,regression,auc,0.6104691678146017
193,regression,ap,0.5623115002980827
193,regression,f1,0.5265700483091788
193,regression,accuracy,0.6095617529880478
194,regression,auc,0.6130772763054316
194,regression,ap,0.5201743864844052
194,regression,f1,0.5693430656934306
194,regression,accuracy,0.647410358565737
195,regression,auc,0.6227161144702373
195,regression,ap,0.5252476719287911
195,regression,f1,0.5323383084577115
195,regression,accuracy,0.6254980079681275
196,regression,auc,0.6440270060731361
196,regression,ap,0.581587739172307
196,regression,f1,0.5644768856447688
196,regression,accuracy,0.6434262948207171
197,regression,auc,0.6123917669801973
197,regression,ap,0.5330725638411
197,regression,f1,0.5481481481481482
197,regression,accuracy,0.6354581673306773
198,regression,auc,0.5870674985819626
198,regression,ap,0.5172061423609663
198,regression,f1,0.5250596658711217
198,regression,accuracy,0.603585657370518
199,regression,auc,0.5878006157942914
199,regression,ap,0.456791198113903
199,regression,f1,0.5373831775700935
199,regression,accuracy,0.6055776892430279
200,regression,auc,0.61503929989466
200,regression,ap,0.5332843758445704
200,regression,f1,0.5566037735849056
200,regression,accuracy,0.6254980079681275
201,regression,auc,0.6106109110310791
201,regression,ap,0.5351813745244387
201,regression,f1,0.5326633165829145
201,regression,accuracy,0.6294820717131474
202,regression,auc,0.6177893501776042
202,regression,ap,0.5443214318860594
202,regression,f1,0.5433255269320844
202,regression,accuracy,0.6115537848605578
203,regression,auc,0.574628062075157
203,regression,ap,0.5190733882182463
203,regression,f1,0.5161290322580645
203,regression,accuracy,0.5816733067729084
204,regression,auc,0.6034961685823754
204,regression,ap,0.5656318050313278
204,regression,f1,0.5197215777262181
204,regression,accuracy,0.5876494023904383
205,regression,auc,0.5918254625793979
205,regression,ap,0.5214650630441101
205,regression,f1,0.508235294117647
205,regression,accuracy,0.5836653386454184
206,regression,auc,0.6228884590586719
206,regression,ap,0.5515879094932514
206,regression,f1,0.5647058823529412
206,regression,accuracy,0.6314741035856574
207,regression,auc,0.6134677944046845
207,regression,ap,0.5391814695308323
207,regression,f1,0.5255474452554745
207,regression,accuracy,0.6115537848605578
208,regression,auc,0.5796212715855573
208,regression,ap,0.4913915922399386
208,regression,f1,0.48661800486618007
208,regression,accuracy,0.5796812749003984
209,regression,auc,0.5847684279191129
209,regression,ap,0.5244150095787175
209,regression,f1,0.5012285012285013
209,regression,accuracy,0.5956175298804781
210,regression,auc,0.6240089514066496
210,regression,ap,0.5836195141731675
210,regression,f1,0.5603864734299517
210,regression,accuracy,0.6374501992031872
211,regression,auc,0.6197552447552448
211,regression,ap,0.5299601716153162
211,regression,f1,0.511166253101737
211,regression,accuracy,0.6075697211155379
212,regression,auc,0.5889281507656066
212,regression,ap,0.519044386504129
212,regression,f1,0.5578231292517006
212,regression,accuracy,0.6115537848605578
213,regression,auc,0.6022012835377304
213,regression,ap,0.5179183681596999
213,regression,f1,0.5121951219512195
213,regression,accuracy,0.601593625498008
214,regression,auc,0.5867681217460953
214,regression,ap,0.5209297938933587
214,regression,f1,0.5185185185185185
214,regression,accuracy,0.5856573705179283
215,regression,auc,0.5996110525889312
215,regression,ap,0.5417185371788353
215,regression,f1,0.5314009661835749
215,regression,accuracy,0.6135458167330677
216,regression,auc,0.5925577557755776
216,regression,ap,0.48165602582434397
216,regression,f1,0.5035971223021583
216,regression,accuracy,0.5876494023904383
217,regression,auc,0.5751032389671129
217,regression,ap,0.4818228033626386
217,regression,f1,0.4898989898989899
217,regression,accuracy,0.5976095617529881
218,regression,auc,0.6071238788425307
218,regression,ap,0.531005543212457
218,regression,f1,0.5669642857142857
218,regression,accuracy,0.6135458167330677
219,regression,auc,0.5963027970564081
219,regression,ap,0.5272300100016458
219,regression,f1,0.5121951219512195
219,regression,accuracy,0.601593625498008
220,regression,auc,0.6124755381604696
220,regression,ap,0.5454111954681372
220,regression,f1,0.49624060150375937
220,regression,accuracy,0.599601593625498
221,regression,auc,0.6059678905119095
221,regression,ap,0.4966928501023629
221,regression,f1,0.5107398568019093
221,regression,accuracy,0.5916334661354582
222,regression,auc,0.6094455190199871
222,regression,ap,0.5326405814161954
222,regression,f1,0.5507900677200903
222,regression,accuracy,0.603585657370518
223,regression,auc,0.6023148148148147
223,regression,ap,0.5494264134458057
223,regression,f1,0.5590909090909091
223,regression,accuracy,0.6135458167330677
224,regression,auc,0.6151203306052995
224,regression,ap,0.567109645638815
224,regression,f1,0.5472154963680388
224,regression,accuracy,0.6274900398406374
225,regression,auc,0.6368563685636857
225,regression,ap,0.5394355914925688
225,regression,f1,0.5555555555555556
225,regression,accuracy,0.6334661354581673
226,regression,auc,0.623019801980198
226,regression,ap,0.5167306459832419
226,regression,f1,0.5270935960591133
226,regression,accuracy,0.6175298804780877
227,regression,auc,0.6150032615786041
227,regression,ap,0.5326423156093107
227,regression,f1,0.5368171021377672
227,regression,accuracy,0.6115537848605578
228,regression,auc,0.6513337227414331
228,regression,ap,0.5719356552935939
228,regression,f1,0.551219512195122
228,regression,accuracy,0.6334661354581673
229,regression,auc,0.6010586635586636
229,regression,ap,0.5105268755853856
229,regression,f1,0.526829268292683
229,regression,accuracy,0.6135458167330677
230,regression,auc,0.5799599519423309
230,regression,ap,0.551708628654621
230,regression,f1,0.5288461538461539
230,regression,accuracy,0.6095617529880478
231,regression,auc,0.610947796872981
231,regression,ap,0.5291835490423165
231,regression,f1,0.5552941176470588
231,regression,accuracy,0.6235059760956175
232,regression,auc,0.6383113199902763
232,regression,ap,0.5742856714811846
232,regression,f1,0.5401459854014599
232,regression,accuracy,0.6235059760956175
233,regression,auc,0.5833976833976835
233,regression,ap,0.5486950253889625
233,regression,f1,0.5149425287356322
233,regression,accuracy,0.5796812749003984
234,regression,auc,0.6032601657601657
234,regression,ap,0.535580654416774
234,regression,f1,0.5311004784688995
234,regression,accuracy,0.6095617529880478
235,regression,auc,0.6297117516629711
235,regression,ap,0.5421405363542473
235,regression,f1,0.5530864197530864
235,regression,accuracy,0.6394422310756972
236,regression,auc,0.6049179534343385
236,regression,ap,0.5523201230266275
236,regression,f1,0.5221445221445221
236,regression,accuracy,0.5916334661354582
237,regression,auc,0.6155867040448538
237,regression,ap,0.5495894910045716
237,regression,f1,0.5529953917050692
237,regression,accuracy,0.6135458167330677
238,regression,auc,0.5963622793354102
238,regression,ap,0.5368560529102808
238,regression,f1,0.5497630331753555
238,regression,accuracy,0.6215139442231076
239,regression,auc,0.5753204347190409
239,regression,ap,0.5139370375500159
239,regression,f1,0.5047169811320755
239,regression,accuracy,0.5816733067729084
240,regression,auc,0.574326633852885
240,regression,ap,0.4432936565603676
240,regression,f1,0.45454545454545453
240,regression,accuracy,0.5936254980079682
241,regression,auc,0.5879101374309043
241,regression,ap,0.4512259413687057
241,regression,f1,0.4973821989528796
241,regression,accuracy,0.6175298804780877
242,regression,auc,0.5513480713723432
242,regression,ap,0.45453361571614614
242,regression,f1,0.4534005037783375
242,regression,accuracy,0.5677290836653387
243,regression,auc,0.5453982834155796
243,regression,ap,0.480129499999298
243,regression,f1,0.491725768321513
243,regression,accuracy,0.5717131474103586
244,regression,auc,0.5773976982097186
244,regression,ap,0.5391277662674336
244,regression,f1,0.498812351543943
244,regression,accuracy,0.5796812749003984
245,regression,auc,0.5976287031155845
245,regression,ap,0.514491004094543
245,regression,f1,0.5123152709359606
245,regression,accuracy,0.6055776892430279
246,regression,auc,0.6226831639125493
246,regression,ap,0.5098708595578013
246,regression,f1,0.5172413793103449
246,regression,accuracy,0.6095617529880478
247,regression,auc,0.6092591109331198
247,regression,ap,0.5652823550353894
247,regression,f1,0.5534883720930233
247,regression,accuracy,0.6175298804780877
248,regression,auc,0.6202118720859351
248,regression,ap,0.4942002464415699
248,regression,f1,0.5310173697270472
248,regression,accuracy,0.6235059760956175
249,regression,auc,0.5881573846750225
249,regression,ap,0.5154826981683527
249,regression,f1,0.5186915887850467
249,regression,accuracy,0.5896414342629482
250,regression,auc,0.5974733872002052
250,regression,ap,0.546664284443932
250,regression,f1,0.5633187772925764
250,regression,accuracy,0.601593625498008
251,regression,auc,0.6257977830030232
251,regression,ap,0.6024515998205745
251,regression,f1,0.5484633569739953
251,regression,accuracy,0.6195219123505976
252,regression,auc,0.6498321460738556
252,regression,ap,0.5409995786171211
252,regression,f1,0.5620253164556962
252,regression,accuracy,0.6553784860557769
253,regression,auc,0.5905057889566996
253,regression,ap,0.5378632631042171
253,regression,f1,0.5258215962441315
253,regression,accuracy,0.5976095617529881
254,regression,auc,0.5629659013900596
254,regression,ap,0.494116920898073
254,regression,f1,0.49019607843137253
254,regression,accuracy,0.5856573705179283
255,regression,auc,0.639455451955452
255,regression,ap,0.5510969008143499
255,regression,f1,0.5533980582524272
255,regression,accuracy,0.6334661354581673
256,regression,auc,0.6123832083168839
256,regression,ap,0.4928274674610129
256,regression,f1,0.5310173697270472
256,regression,accuracy,0.6235059760956175
257,regression,auc,0.6212606837606838
257,regression,ap,0.5548626540430135
257,regression,f1,0.5590361445783133
257,regression,accuracy,0.6354581673306773
258,regression,auc,0.6067715231788079
258,regression,ap,0.49227798037736115
258,regression,f1,0.5153061224489796
258,regression,accuracy,0.6215139442231076
259,regression,auc,0.624013028030004
259,regression,ap,0.5059891819406139
259,regression,f1,0.5250596658711217
259,regression,accuracy,0.603585657370518
260,regression,auc,0.6107074250396726
260,regression,ap,0.5032674837380282
260,regression,f1,0.5279187817258884
260,regression,accuracy,0.6294820717131474
261,regression,auc,0.5994944553163731
261,regression,ap,0.5268054312368067
261,regression,f1,0.508641975308642
261,regression,accuracy,0.603585657370518
262,regression,auc,0.6432492495480704
262,regression,ap,0.5190404127289174
262,regression,f1,0.5384615384615384
262,regression,accuracy,0.6414342629482072
263,regression,auc,0.5889631487685394
263,regression,ap,0.45289409035607603
263,regression,f1,0.5025906735751295
263,regression,accuracy,0.6175298804780877
264,regression,auc,0.6065763836331138
264,regression,ap,0.5165722199758147
264,regression,f1,0.54292343387471
264,regression,accuracy,0.6075697211155379
265,regression,auc,0.5942317916002127
265,regression,ap,0.4922381565163968
265,regression,f1,0.4845360824742268
265,regression,accuracy,0.601593625498008
266,regression,auc,0.5596453124744843
266,regression,ap,0.4976902434460914
266,regression,f1,0.49029126213592233
266,regression,accuracy,0.5816733067729084
267,regression,auc,0.6281007846386275
267,regression,ap,0.5338062179891465
267,regression,f1,0.5359801488833746
267,regression,accuracy,0.6274900398406374
268,regression,auc,0.6367523436113397
268,regression,ap,0.5670719510003481
268,regression,f1,0.5620608899297423
268,regression,accuracy,0.6274900398406374
269,regression,auc,0.599964024071167
269,regression,ap,0.5349014799268317
269,regression,f1,0.49875311720698257
269,regression,accuracy,0.599601593625498
270,regression,auc,0.6151534350276979
270,regression,ap,0.5223498065791895
270,regression,f1,0.543778801843318
270,regression,accuracy,0.6055776892430279
271,regression,auc,0.6294685754303677
271,regression,ap,0.5659796330299589
271,regression,f1,0.5260545905707196
271,regression,accuracy,0.6195219123505976
272,regression,auc,0.6104196624849176
272,regression,ap,0.4942646214546128
272,regression,f1,0.5221674876847291
272,regression,accuracy,0.6135458167330677
273,regression,auc,0.5995817245817245
273,regression,ap,0.534028317287456
273,regression,f1,0.5570776255707762
273,regression,accuracy,0.6135458167330677
274,regression,auc,0.6080874534821903
274,regression,ap,0.4948359423500131
274,regression,f1,0.5336538461538461
274,regression,accuracy,0.6135458167330677
275,regression,auc,0.5278034991958672
275,regression,ap,0.45583710139954897
275,regression,f1,0.4784688995215311
275,regression,accuracy,0.5657370517928287
276,regression,auc,0.6076320939334638
276,regression,ap,0.5231982851106474
276,regression,f1,0.5242718446601942
276,regression,accuracy,0.6095617529880478
277,regression,auc,0.6034735812133072
277,regression,ap,0.501947578385489
277,regression,f1,0.5219512195121951
277,regression,accuracy,0.6095617529880478
278,regression,auc,0.5779517286366601
278,regression,ap,0.5017277728831647
278,regression,f1,0.5080091533180778
278,regression,accuracy,0.5717131474103586
279,regression,auc,0.5902178178963893
279,regression,ap,0.5001050555937383
279,regression,f1,0.49230769230769234
279,regression,accuracy,0.6055776892430279
280,regression,auc,0.6012623312564902
280,regression,ap,0.5453259991382733
280,regression,f1,0.5073170731707317
280,regression,accuracy,0.5976095617529881
281,regression,auc,0.5562487003535038
281,regression,ap,0.5162341192391481
281,regression,f1,0.5011600928074246
281,regression,accuracy,0.5717131474103586
282,regression,auc,0.6178561935140883
282,regression,ap,0.5182110869484003
282,regression,f1,0.5336658354114713
282,regression,accuracy,0.6274900398406374
283,regression,auc,0.6419623870281765
283,regression,ap,0.5180139213060624
283,regression,f1,0.5770171149144254
283,regression,accuracy,0.6553784860557769
284,regression,auc,0.5997897970733285
284,regression,ap,0.5351628012422066
284,regression,f1,0.5273159144893111
284,regression,accuracy,0.603585657370518
285,regression,auc,0.5733246584255043
285,regression,ap,0.49195695996036226
285,regression,f1,0.4954128440366973
285,regression,accuracy,0.5617529880478087
286,regression,auc,0.5501951854261549
286,regression,ap,0.4719937381284557
286,regression,f1,0.48661800486618007
286,regression,accuracy,0.5796812749003984
287,regression,auc,0.5857698848770277
287,regression,ap,0.5053571902100424
287,regression,f1,0.5382716049382716
287,regression,accuracy,0.6274900398406374
288,regression,auc,0.5914594664594666
288,regression,ap,0.5131784794585217
288,regression,f1,0.5411764705882353
288,regression,accuracy,0.6115537848605578
289,regression,auc,0.5980534105534105
289,regression,ap,0.5460868127828137
289,regression,f1,0.5294117647058824
289,regression,accuracy,0.6175298804780877
290,regression,auc,0.5983955919293412
290,regression,ap,0.5348269872483173
290,regression,f1,0.5263157894736842
290,regression,accuracy,0.6235059760956175
291,regression,auc,0.6095467032967034
291,regression,ap,0.5135197378203449
291,regression,f1,0.5392156862745098
291,regression,accuracy,0.6254980079681275
292,regression,auc,0.6365163457811087
292,regression,ap,0.5913050063099221
292,regression,f1,0.593607305936073
292,regression,accuracy,0.6454183266932271
293,regression,auc,0.6060935094400778
293,regression,ap,0.536196069343003
293,regression,f1,0.5342789598108747
293,regression,accuracy,0.6075697211155379
294,regression,auc,0.5617111255692908
294,regression,ap,0.4688433189414268
294,regression,f1,0.5223529411764706
294,regression,accuracy,0.5956175298804781
295,regression,auc,0.5682399632642351
295,regression,ap,0.4729553310889524
295,regression,f1,0.48635235732009924
295,regression,accuracy,0.5876494023904383
296,regression,auc,0.6060161886614225
296,regression,ap,0.5295119951618281
296,regression,f1,0.5063938618925832
296,regression,accuracy,0.6155378486055777
297,regression,auc,0.5172375302972317
297,regression,ap,0.5014232847406416
297,regression,f1,0.41927710843373495
297,regression,accuracy,0.5199203187250996
298,regression,auc,0.5979125896934117
298,regression,ap,0.5223261301387404
298,regression,f1,0.5198019801980198
298,regression,accuracy,0.6135458167330677
299,regression,auc,0.6165860490871484
299,regression,ap,0.5260581484909415
299,regression,f1,0.5687203791469194
299,regression,accuracy,0.6374501992031872
300,regression,auc,0.5665901262916189
300,regression,ap,0.5230339963097586
300,regression,f1,0.5211267605633803
300,regression,accuracy,0.5936254980079682
301,regression,auc,0.6078656890465008
301,regression,ap,0.5671902052500799
301,regression,f1,0.5714285714285714
301,regression,accuracy,0.6235059760956175
302,regression,auc,0.5909451046972269
302,regression,ap,0.5211204475263808
302,regression,f1,0.5165876777251185
302,regression,accuracy,0.5936254980079682
303,regression,auc,0.6061914097896107
303,regression,ap,0.47362651424349667
303,regression,f1,0.5097087378640777
303,regression,accuracy,0.5976095617529881
304,regression,auc,0.6122280497280498
304,regression,ap,0.5186752204544149
304,regression,f1,0.547945205479452
304,regression,accuracy,0.6055776892430279
305,regression,auc,0.6254878586475497
305,regression,ap,0.5470334362029828
305,regression,f1,0.5357142857142857
305,regression,accuracy,0.6374501992031872
306,regression,auc,0.652971242876039
306,regression,ap,0.5745026562107116
306,regression,f1,0.5615763546798029
306,regression,accuracy,0.6454183266932271
307,regression,auc,0.5976877678066134
307,regression,ap,0.5306385901322492
307,regression,f1,0.5441527446300716
307,regression,accuracy,0.6195219123505976
308,regression,auc,0.6069106689593057
308,regression,ap,0.5374990434851445
308,regression,f1,0.5073170731707317
308,regression,accuracy,0.5976095617529881
309,regression,auc,0.600161694558978
309,regression,ap,0.5396441223478783
309,regression,f1,0.5352112676056338
309,regression,accuracy,0.6055776892430279
310,regression,auc,0.6426207165109035
310,regression,ap,0.5679363245407179
310,regression,f1,0.553921568627451
310,regression,accuracy,0.6374501992031872
311,regression,auc,0.5469667318982387
311,regression,ap,0.49050085977842717
311,regression,f1,0.4504950495049505
311,regression,accuracy,0.5577689243027888
312,regression,auc,0.5810492591109331
312,regression,ap,0.5415346213154386
312,regression,f1,0.5213270142180095
312,regression,accuracy,0.5976095617529881
313,regression,auc,0.595275565262076
313,regression,ap,0.5130509971704726
313,regression,f1,0.5379310344827586
313,regression,accuracy,0.599601593625498
314,regression,auc,0.5999325236167341
314,regression,ap,0.4735298184391442
314,regression,f1,0.5109489051094891
314,regression,accuracy,0.599601593625498
315,regression,auc,0.577230556652191
315,regression,ap,0.5045959683561511
315,regression,f1,0.5012787723785166
315,regression,accuracy,0.6115537848605578
316,regression,auc,0.5706476530005942
316,regression,ap,0.4367966350053396
316,regression,f1,0.4582210242587601
316,regression,accuracy,0.599601593625498
317,regression,auc,0.6247769848349688
317,regression,ap,0.614297501390169
317,regression,f1,0.5746102449888641
317,regression,accuracy,0.6195219123505976
318,regression,auc,0.5910697612378285
318,regression,ap,0.4510324281087309
318,regression,f1,0.5169082125603864
318,regression,accuracy,0.601593625498008
319,regression,auc,0.6145683542420787
319,regression,ap,0.5174311547262602
319,regression,f1,0.538860103626943
319,regression,accuracy,0.6454183266932271
320,regression,auc,0.5457075675416286
320,regression,ap,0.49333965158979887
320,regression,f1,0.5069767441860465
320,regression,accuracy,0.5776892430278885
321,regression,auc,0.5963460539979232
321,regression,ap,0.543746860138315
321,regression,f1,0.5012406947890818
321,regression,accuracy,0.599601593625498
322,regression,auc,0.6244493572422829
322,regression,ap,0.5543731459902833
322,regression,f1,0.5523809523809524
322,regression,accuracy,0.6254980079681275
323,regression,auc,0.616895490301461
323,regression,ap,0.5286548221500724
323,regression,f1,0.5223880597014925
323,regression,accuracy,0.6175298804780877
324,regression,auc,0.6403301886792453
324,regression,ap,0.49363464950670927
324,regression,f1,0.5426356589147286
324,regression,accuracy,0.647410358565737
325,regression,auc,0.6201737451737452
325,regression,ap,0.5597936441665052
325,regression,f1,0.5522041763341067
325,regression,accuracy,0.6155378486055777
326,regression,auc,0.6116120555144946
326,regression,ap,0.4899474755104568
326,regression,f1,0.5365853658536586
326,regression,accuracy,0.6215139442231076
327,regression,auc,0.6080200501253132
327,regression,ap,0.5448682170959146
327,regression,f1,0.5441527446300716
327,regression,accuracy,0.6195219123505976
328,regression,auc,0.5699771689497717
328,regression,ap,0.48360081529228693
328,regression,f1,0.49029126213592233
328,regression,accuracy,0.5816733067729084
329,regression,auc,0.580891089108911
329,regression,ap,0.49821573934226515
329,regression,f1,0.47474747474747475
329,regression,accuracy,0.5856573705179283
330,regression,auc,0.6238421395955642
330,regression,ap,0.5318809703525098
330,regression,f1,0.5307125307125307
330,regression,accuracy,0.6195219123505976
331,regression,auc,0.611811391223156
331,regression,ap,0.5033015866586403
331,regression,f1,0.5221674876847291
331,regression,accuracy,0.6135458167330677
332,regression,auc,0.5729491173416407
332,regression,ap,0.517727819206125
332,regression,f1,0.5059101654846335
332,regression,accuracy,0.5836653386454184
333,regression,auc,0.5751873627083602
333,regression,ap,0.49698274837728856
333,regression,f1,0.5080831408775982
333,regression,accuracy,0.5756972111553785
334,regression,auc,0.636921877284468
334,regression,ap,0.560026051586295
334,regression,f1,0.5573770491803278
334,regression,accuracy,0.6235059760956175
335,regression,auc,0.623887518983621
335,regression,ap,0.5376382695549853
335,regression,f1,0.5530864197530864
335,regression,accuracy,0.6394422310756972
336,regression,auc,0.5609881543629555
336,regression,ap,0.5057165587057307
336,regression,f1,0.5093457943925234
336,regression,accuracy,0.5816733067729084
337,regression,auc,0.5776567656765677
337,regression,ap,0.4687034476517344
337,regression,f1,0.48484848484848486
337,regression,accuracy,0.5936254980079682
338,regression,auc,0.6048593350383631
338,regression,ap,0.5483709666487205
338,regression,f1,0.5255813953488372
338,regression,accuracy,0.5936254980079682
339,regression,auc,0.6032331751888947
339,regression,ap,0.5715534796784187
339,regression,f1,0.5545454545454546
339,regression,accuracy,0.6095617529880478
340,regression,auc,0.6050103842159917
340,regression,ap,0.520578969824063
340,regression,f1,0.5206812652068127
340,regression,accuracy,0.6075697211155379
341,regression,auc,0.6059694209499025
341,regression,ap,0.5213227146270398
341,regression,f1,0.5281173594132029
341,regression,accuracy,0.6155378486055777
342,regression,auc,0.5977839514149115
342,regression,ap,0.5265616692841805
342,regression,f1,0.5295508274231678
342,regression,accuracy,0.603585657370518
343,regression,auc,0.6029966887417217
343,regression,ap,0.5034928454230261
343,regression,f1,0.5226130653266332
343,regression,accuracy,0.6215139442231076
344,regression,auc,0.5920284582423802
344,regression,ap,0.5293167111660992
344,regression,f1,0.4962025316455696
344,regression,accuracy,0.603585657370518
345,regression,auc,0.5791058033951835
345,regression,ap,0.4984729654992502
345,regression,f1,0.4911392405063291
345,regression,accuracy,0.599601593625498
346,regression,auc,0.5737893119896516
346,regression,ap,0.5195728164219247
346,regression,f1,0.5011933174224343
346,regression,accuracy,0.5836653386454184
347,regression,auc,0.5960979254999431
347,regression,ap,0.5162151451146503
347,regression,f1,0.5047619047619047
347,regression,accuracy,0.5856573705179283
348,regression,auc,0.5994554455445544
348,regression,ap,0.5145633280229793
348,regression,f1,0.5153061224489796
348,regression,accuracy,0.6215139442231076
349,regression,auc,0.6087824672710584
349,regression,ap,0.5573186958919409
349,regression,f1,0.5371702637889688
349,regression,accuracy,0.6155378486055777
350,regression,auc,0.6108556399954821
350,regression,ap,0.5511602651465464
350,regression,f1,0.5239294710327456
350,regression,accuracy,0.6235059760956175
351,regression,auc,0.6065705514569973
351,regression,ap,0.5388277987133453
351,regression,f1,0.5343137254901961
351,regression,accuracy,0.6215139442231076
352,regression,auc,0.5913623413623414
352,regression,ap,0.4928433757855636
352,regression,f1,0.5491990846681922
352,regression,accuracy,0.6075697211155379
353,regression,auc,0.5586234687298517
353,regression,ap,0.5178082484057762
353,regression,f1,0.5093457943925234
353,regression,accuracy,0.5816733067729084
354,regression,auc,0.6060610940242508
354,regression,ap,0.5593198185592702
354,regression,f1,0.5501165501165501
354,regression,accuracy,0.6155378486055777
355,regression,auc,0.6051697593387894
355,regression,ap,0.514260862149805
355,regression,f1,0.5320197044334976
355,regression,accuracy,0.6215139442231076
356,regression,auc,0.5699096225412015
356,regression,ap,0.4578156762647625
356,regression,f1,0.4671916010498688
356,regression,accuracy,0.5956175298804781
357,regression,auc,0.6164620938628159
357,regression,ap,0.5886563496015755
357,regression,f1,0.5565610859728507
357,regression,accuracy,0.6095617529880478
358,regression,auc,0.5723614949335438
358,regression,ap,0.4856100645585877
358,regression,f1,0.4963855421686747
358,regression,accuracy,0.5836653386454184
359,regression,auc,0.623761565544911
359,regression,ap,0.5120331019013789
359,regression,f1,0.5194174757281553
359,regression,accuracy,0.6055776892430279
360,regression,auc,0.5986865018160108
360,regression,ap,0.49397954281609086
360,regression,f1,0.5230769230769231
360,regression,accuracy,0.6294820717131474
361,regression,auc,0.5633358916994627
361,regression,ap,0.47243571363052994
361,regression,f1,0.5047169811320755
361,regression,accuracy,0.5816733067729084
362,regression,auc,0.6084318001250908
362,regression,ap,0.5023029903563077
362,regression,f1,0.5378590078328982
362,regression,accuracy,0.647410358565737
363,regression,auc,0.5958618684584572
363,regression,ap,0.5431392370923602
363,regression,f1,0.5213032581453634
363,regression,accuracy,0.6195219123505976
364,regression,auc,0.6206992412349555
364,regression,ap,0.5425306075800607
364,regression,f1,0.5525672371638142
364,regression,accuracy,0.6354581673306773
365,regression,auc,0.5718932104621222
365,regression,ap,0.4513144188733188
365,regression,f1,0.47368421052631576
365,regression,accuracy,0.601593625498008
366,regression,auc,0.5962069630010277
366,regression,ap,0.5404931037416836
366,regression,f1,0.5235849056603774
366,regression,accuracy,0.5976095617529881
367,regression,auc,0.5940366972477064
367,regression,ap,0.5310633534639105
367,regression,f1,0.5343137254901961
367,regression,accuracy,0.6215139442231076
368,regression,auc,0.6352413568166992
368,regression,ap,0.5402039764438861
368,regression,f1,0.5422885572139303
368,regression,accuracy,0.6334661354581673
369,regression,auc,0.6070807473235795
369,regression,ap,0.5763399204444765
369,regression,f1,0.5525114155251142
369,regression,accuracy,0.6095617529880478
370,regression,auc,0.6307324918368342
370,regression,ap,0.57470608094591
370,regression,f1,0.5575447570332481
370,regression,accuracy,0.6553784860557769
371,regression,auc,0.6059300091873381
371,regression,ap,0.4921585641149708
371,regression,f1,0.5219512195121951
371,regression,accuracy,0.6095617529880478
372,regression,auc,0.5554919635617875
372,regression,ap,0.5354322898128763
372,regression,f1,0.5221238938053098
372,regression,accuracy,0.5697211155378487
373,regression,auc,0.5637517767153379
373,regression,ap,0.46603755037212347
373,regression,f1,0.49282296650717705
373,regression,accuracy,0.5776892430278885
374,regression,auc,0.6508754361028557
374,regression,ap,0.5758568538737227
374,regression,f1,0.5781990521327014
374,regression,accuracy,0.6454183266932271
375,regression,auc,0.5854424202992843
375,regression,ap,0.5384076165281246
375,regression,f1,0.5
375,regression,accuracy,0.5896414342629482
376,regression,auc,0.5571146149766142
376,regression,ap,0.5090243012178001
376,regression,f1,0.5125858123569794
376,regression,accuracy,0.5756972111553785
377,regression,auc,0.5706738437001595
377,regression,ap,0.4860569721059639
377,regression,f1,0.4797979797979798
377,regression,accuracy,0.5896414342629482
378,regression,auc,0.6570419643590375
378,regression,ap,0.5584620431483784
378,regression,f1,0.5899280575539568
378,regression,accuracy,0.6593625498007968
379,regression,auc,0.5802595915893672
379,regression,ap,0.44644362031815993
379,regression,f1,0.48293963254593175
379,regression,accuracy,0.6075697211155379
380,regression,auc,0.5653183820584702
380,regression,ap,0.5071368750606623
380,regression,f1,0.4835680751173709
380,regression,accuracy,0.5617529880478087
381,regression,auc,0.6282975942688417
381,regression,ap,0.5802332360290574
381,regression,f1,0.5674418604651162
381,regression,accuracy,0.6294820717131474
382,regression,auc,0.6328405579219911
382,regression,ap,0.4993614754315451
382,regression,f1,0.5422885572139303
382,regression,accuracy,0.6334661354581673
383,regression,auc,0.5871499229188077
383,regression,ap,0.5318656754666988
383,regression,f1,0.5199063231850117
383,regression,accuracy,0.5916334661354582
384,regression,auc,0.6151244068231372
384,regression,ap,0.5402610757037981
384,regression,f1,0.5558086560364465
384,regression,accuracy,0.6115537848605578
385,regression,auc,0.61513656129379
385,regression,ap,0.5392904728380528
385,regression,f1,0.5558194774346793
385,regression,accuracy,0.6274900398406374
386,regression,auc,0.5477193152298434
386,regression,ap,0.5003384391430266
386,regression,f1,0.4881516587677725
386,regression,accuracy,0.5697211155378487
387,regression,auc,0.5827098243331164
387,regression,ap,0.5073188762761445
387,regression,f1,0.4852941176470588
387,regression,accuracy,0.5816733067729084
388,regression,auc,0.5784997994384276
388,regression,ap,0.5247919047707644
388,regression,f1,0.5095238095238095
388,regression,accuracy,0.5896414342629482
389,regression,auc,0.6046296296296296
389,regression,ap,0.5628886932110165
389,regression,f1,0.5355450236966824
389,regression,accuracy,0.6095617529880478
390,regression,auc,0.5864705010132296
390,regression,ap,0.47942894185089135
390,regression,f1,0.5120772946859904
390,regression,accuracy,0.5976095617529881
391,regression,auc,0.5632686481617949
391,regression,ap,0.4743290401145042
391,regression,f1,0.5062034739454094
391,regression,accuracy,0.603585657370518
392,regression,auc,0.6343829923273656
392,regression,ap,0.5977222233091213
392,regression,f1,0.5673758865248227
392,regression,accuracy,0.6354581673306773
393,regression,auc,0.5768201842210653
393,regression,ap,0.5107471609335218
393,regression,f1,0.5213483146067416
393,regression,accuracy,0.5756972111553785
394,regression,auc,0.616128141397404
394,regression,ap,0.5566980668357377
394,regression,f1,0.5368171021377672
394,regression,accuracy,0.6115537848605578
395,regression,auc,0.6138906794929009
395,regression,ap,0.5034416471062566
395,regression,f1,0.5265700483091788
395,regression,accuracy,0.6095617529880478
396,regression,auc,0.6400408878504672
396,regression,ap,0.5516205064971064
396,regression,f1,0.580952380952381
396,regression,accuracy,0.649402390438247
397,regression,auc,0.620719499648905
397,regression,ap,0.5351478982364415
397,regression,f1,0.5139949109414759
397,regression,accuracy,0.6195219123505976
398,regression,auc,0.5662555037555037
398,regression,ap,0.49315779766765133
398,regression,f1,0.5200945626477541
398,regression,accuracy,0.5956175298804781
399,regression,auc,0.6079545454545455
399,regression,ap,0.5391908431466027
399,regression,f1,0.5161290322580645
399,regression,accuracy,0.6115537848605578
400,regression,auc,0.5951219512195122
400,regression,ap,0.5415532155994635
400,regression,f1,0.5336538461538461
400,regression,accuracy,0.6135458167330677
401,regression,auc,0.6225386100386101
401,regression,ap,0.5792097003312788
401,regression,f1,0.5855855855855856
401,regression,accuracy,0.6334661354581673
402,regression,auc,0.5494134921019087
402,regression,ap,0.483812091665613
402,regression,f1,0.481651376146789
402,regression,accuracy,0.549800796812749
403,regression,auc,0.5846202860640206
403,regression,ap,0.4758496039863127
403,regression,f1,0.4768856447688564
403,regression,accuracy,0.5717131474103586
404,regression,auc,0.6417631917631919
404,regression,ap,0.57316866312244
404,regression,f1,0.5625
404,regression,accuracy,0.6374501992031872
405,regression,auc,0.6058219178082191
405,regression,ap,0.5195239925054673
405,regression,f1,0.5074626865671642
405,regression,accuracy,0.6055776892430279
406,regression,auc,0.6212932156806017
406,regression,ap,0.5442736403689221
406,regression,f1,0.5552941176470588
406,regression,accuracy,0.6235059760956175
407,regression,auc,0.6243437059802792
407,regression,ap,0.5759029408197328
407,regression,f1,0.5407925407925408
407,regression,accuracy,0.6075697211155379
408,regression,auc,0.5755260859207496
408,regression,ap,0.5612952599371093
408,regression,f1,0.5645514223194749
408,regression,accuracy,0.603585657370518
409,regression,auc,0.643298124948825
409,regression,ap,0.5798737368971612
409,regression,f1,0.5283018867924528
409,regression,accuracy,0.651394422310757
410,regression,auc,0.5844755588307542
410,regression,ap,0.5113607917035039
410,regression,f1,0.5260545905707196
410,regression,accuracy,0.6195219123505976
411,regression,auc,0.6083063071784693
411,regression,ap,0.5557180625328961
411,regression,f1,0.5411764705882353
411,regression,accuracy,0.6115537848605578
412,regression,auc,0.6011318619128466
412,regression,ap,0.5076505132323832
412,regression,f1,0.5275779376498801
412,regression,accuracy,0.6075697211155379
413,regression,auc,0.6237570635679193
413,regression,ap,0.49163123986487717
413,regression,f1,0.5428571428571428
413,regression,accuracy,0.6175298804780877
414,regression,auc,0.6265758910692831
414,regression,ap,0.5978515158916866
414,regression,f1,0.5558086560364465
414,regression,accuracy,0.6115537848605578
415,regression,auc,0.5731463571889104
415,regression,ap,0.5177476479445517
415,regression,f1,0.5275779376498801
415,regression,accuracy,0.6075697211155379
416,regression,auc,0.5689555125725339
416,regression,ap,0.5040433321822781
416,regression,f1,0.5251141552511416
416,regression,accuracy,0.5856573705179283
417,regression,auc,0.6542452830188679
417,regression,ap,0.5888449387276311
417,regression,f1,0.5795724465558195
417,regression,accuracy,0.647410358565737
418,regression,auc,0.6209996579860263
418,regression,ap,0.5309768591534595
418,regression,f1,0.5301204819277109
418,regression,accuracy,0.6115537848605578
419,regression,auc,0.5811290959336755
419,regression,ap,0.4982120098042271
419,regression,f1,0.5
419,regression,accuracy,0.6135458167330677
420,regression,auc,0.6508372579801152
420,regression,ap,0.5703434044117395
420,regression,f1,0.5527638190954773
420,regression,accuracy,0.6454183266932271
421,regression,auc,0.6209854281397729
421,regression,ap,0.5335312911620581
421,regression,f1,0.5278450363196125
421,regression,accuracy,0.6115537848605578
422,regression,auc,0.61651295133438
422,regression,ap,0.5309924483852589
422,regression,f1,0.5166240409207161
422,regression,accuracy,0.6235059760956175
423,regression,auc,0.6297169811320755
423,regression,ap,0.5451616360078739
423,regression,f1,0.5498783454987834
423,regression,accuracy,0.6314741035856574
424,regression,auc,0.6013905732072116
424,regression,ap,0.5170577245674233
424,regression,f1,0.568019093078759
424,regression,accuracy,0.6394422310756972
425,regression,auc,0.6190125276344878
425,regression,ap,0.5229098572789067
425,regression,f1,0.49743589743589745
425,regression,accuracy,0.6095617529880478
426,regression,auc,0.6233441437952789
426,regression,ap,0.5478349777930622
426,regression,f1,0.5727923627684964
426,regression,accuracy,0.6434262948207171
427,regression,auc,0.5958542489075166
427,regression,ap,0.5045255084158499
427,regression,f1,0.5307125307125307
427,regression,accuracy,0.6195219123505976
428,regression,auc,0.554321733592436
428,regression,ap,0.49915912377905963
428,regression,f1,0.5
428,regression,accuracy,0.5896414342629482
429,regression,auc,0.6202324123631805
429,regression,ap,0.5380468608837382
429,regression,f1,0.54421768707483
429,regression,accuracy,0.599601593625498
430,regression,auc,0.6295923671546189
430,regression,ap,0.5024396513773599
430,regression,f1,0.5202020202020202
430,regression,accuracy,0.6215139442231076
431,regression,auc,0.578334561532793
431,regression,ap,0.5145895443779114
431,regression,f1,0.5145631067961165
431,regression,accuracy,0.601593625498008
432,regression,auc,0.5904731457800512
432,regression,ap,0.5651664981746135
432,regression,f1,0.5364705882352941
432,regression,accuracy,0.6075697211155379
433,regression,auc,0.5787322046941131
433,regression,ap,0.5484364705353623
433,regression,f1,0.5167464114832536
433,regression,accuracy,0.5976095617529881
434,regression,auc,0.6025507073320397
434,regression,ap,0.4950673966972302
434,regression,f1,0.549618320610687
434,regression,accuracy,0.647410358565737
435,regression,auc,0.6162542767888134
435,regression,ap,0.5286995088747262
435,regression,f1,0.5463917525773195
435,regression,accuracy,0.649402390438247
436,regression,auc,0.6475400613980102
436,regression,ap,0.5696863887883796
436,regression,f1,0.5675057208237986
436,regression,accuracy,0.6235059760956175
437,regression,auc,0.6031807917864743
437,regression,ap,0.5299261128059642
437,regression,f1,0.4873096446700508
437,regression,accuracy,0.5976095617529881
438,regression,auc,0.6105462519936204
438,regression,ap,0.49838698008995397
438,regression,f1,0.5226130653266332
438,regression,accuracy,0.6215139442231076
439,regression,auc,0.6000063896742863
439,regression,ap,0.572392071883973
439,regression,f1,0.5450346420323325
439,regression,accuracy,0.6075697211155379
440,regression,auc,0.5971056673942923
440,regression,ap,0.5117522669479933
440,regression,f1,0.5148514851485149
440,regression,accuracy,0.6095617529880478
441,regression,auc,0.6689924454630338
441,regression,ap,0.5378967391784706
441,regression,f1,0.5620253164556962
441,regression,accuracy,0.6553784860557769
442,regression,auc,0.5797690894778273
442,regression,ap,0.47377816795687133
442,regression,f1,0.5118483412322274
442,regression,accuracy,0.5896414342629482
443,regression,auc,0.601803894993304
443,regression,ap,0.5410062344146394
443,regression,f1,0.5061425061425061
443,regression,accuracy,0.599601593625498
444,regression,auc,0.612426614481409
444,regression,ap,0.5131054776227044
444,regression,f1,0.5370370370370371
444,regression,accuracy,0.601593625498008
445,regression,auc,0.5697954563828926
445,regression,ap,0.501393827917437
445,regression,f1,0.5174825174825175
445,regression,accuracy,0.5876494023904383
446,regression,auc,0.5638090559240154
446,regression,ap,0.49231450764504037
446,regression,f1,0.4937655860349127
446,regression,accuracy,0.5956175298804781
447,regression,auc,0.6061323858402421
447,regression,ap,0.526707893005104
447,regression,f1,0.5210526315789473
447,regression,accuracy,0.6374501992031872
448,regression,auc,0.6472346786248131
448,regression,ap,0.6107237725087321
448,regression,f1,0.5655172413793104
448,regression,accuracy,0.6235059760956175
449,regression,auc,0.5605627894218823
449,regression,ap,0.4955489850383973
449,regression,f1,0.49528301886792453
449,regression,accuracy,0.5737051792828686
450,regression,auc,0.6048946557040082
450,regression,ap,0.5723692185447674
450,regression,f1,0.5491071428571429
450,regression,accuracy,0.5976095617529881
451,regression,auc,0.5750343600937828
451,regression,ap,0.5185069743438848
451,regression,f1,0.49877750611246946
451,regression,accuracy,0.5916334661354582
452,regression,auc,0.5839762611275965
452,regression,ap,0.4095921389342495
452,regression,f1,0.4666666666666667
452,regression,accuracy,0.6175298804780877
453,regression,auc,0.6046377183967112
453,regression,ap,0.551990930276917
453,regression,f1,0.547945205479452
453,regression,accuracy,0.6055776892430279
454,regression,auc,0.5561751546256086
454,regression,ap,0.4490180519937651
454,regression,f1,0.49261083743842365
454,regression,accuracy,0.5896414342629482
455,regression,auc,0.5762292464878672
455,regression,ap,0.5252028262680734
455,regression,f1,0.5034324942791762
455,regression,accuracy,0.5677290836653387
456,regression,auc,0.5962462166074484
456,regression,ap,0.47405138082971277
456,regression,f1,0.506265664160401
456,regression,accuracy,0.6075697211155379
457,regression,auc,0.6204105803395183
457,regression,ap,0.5357104570256463
457,regression,f1,0.5440806045340051
457,regression,accuracy,0.6394422310756972
458,regression,auc,0.5907673112913288
458,regression,ap,0.5487364629269842
458,regression,f1,0.5643340857787811
458,regression,accuracy,0.6155378486055777
459,regression,auc,0.5624698344012649
459,regression,ap,0.46063064228785366
459,regression,f1,0.46272493573264784
459,regression,accuracy,0.5836653386454184
460,regression,auc,0.6026447032831359
460,regression,ap,0.5151552023796522
460,regression,f1,0.5441860465116279
460,regression,accuracy,0.6095617529880478
461,regression,auc,0.5878729080766433
461,regression,ap,0.51406490595831
461,regression,f1,0.5060240963855421
461,regression,accuracy,0.5916334661354582
462,regression,auc,0.618431933842239
462,regression,ap,0.5775020533877026
462,regression,f1,0.54292343387471
462,regression,accuracy,0.6075697211155379
463,regression,auc,0.5533248081841432
463,regression,ap,0.5097394419495254
463,regression,f1,0.5104408352668214
463,regression,accuracy,0.5796812749003984
464,regression,auc,0.5946450503561779
464,regression,ap,0.4964441053351547
464,regression,f1,0.5025380710659898
464,regression,accuracy,0.6095617529880478
465,regression,auc,0.5748770221613672
465,regression,ap,0.4619538505978669
465,regression,f1,0.48223350253807107
465,regression,accuracy,0.5936254980079682
466,regression,auc,0.5989015561288176
466,regression,ap,0.47883736566388674
466,regression,f1,0.5099009900990099
466,regression,accuracy,0.6055776892430279
467,regression,auc,0.605161613630669
467,regression,ap,0.5134329350431691
467,regression,f1,0.5126903553299492
467,regression,accuracy,0.6175298804780877
468,regression,auc,0.6366852792729346
468,regression,ap,0.5264919092483795
468,regression,f1,0.5382585751978892
468,regression,accuracy,0.651394422310757
469,regression,auc,0.6122937293729372
469,regression,ap,0.5058426589205547
469,regression,f1,0.5
469,regression,accuracy,0.6055776892430279
470,regression,auc,0.6425992192582953
470,regression,ap,0.5634359247257104
470,regression,f1,0.5401459854014599
470,regression,accuracy,0.6235059760956175
471,regression,auc,0.6192796919927872
471,regression,ap,0.5561628860918418
471,regression,f1,0.5517241379310345
471,regression,accuracy,0.6374501992031872
472,regression,auc,0.6092233009708738
472,regression,ap,0.4932475417899714
472,regression,f1,0.517948717948718
472,regression,accuracy,0.6254980079681275
473,regression,auc,0.5538494243851386
473,regression,ap,0.45889504407088266
473,regression,f1,0.4782608695652174
473,regression,accuracy,0.5697211155378487
474,regression,auc,0.6008165154294971
474,regression,ap,0.5000533764070654
474,regression,f1,0.5125628140703518
474,regression,accuracy,0.6135458167330677
475,regression,auc,0.609751655629139
475,regression,ap,0.5021540659098918
475,regression,f1,0.5177664974619289
475,regression,accuracy,0.6215139442231076
476,regression,auc,0.5736464448793216
476,regression,ap,0.4847404637560125
476,regression,f1,0.47665847665847666
476,regression,accuracy,0.5756972111553785
477,regression,auc,0.5715511551155115
477,regression,ap,0.4805998360768798
477,regression,f1,0.49
477,regression,accuracy,0.5936254980079682
478,regression,auc,0.6205882352941177
478,regression,ap,0.5798869684537324
478,regression,f1,0.5552825552825553
478,regression,accuracy,0.6394422310756972
479,regression,auc,0.5846364221364222
479,regression,ap,0.5324415886340588
479,regression,f1,0.5363636363636364
479,regression,accuracy,0.5936254980079682
480,regression,auc,0.5901782048123512
480,regression,ap,0.47671092578011043
480,regression,f1,0.5037037037037037
480,regression,accuracy,0.599601593625498
481,regression,auc,0.5977520490813353
481,regression,ap,0.5277530305466704
481,regression,f1,0.5368171021377672
481,regression,accuracy,0.6115537848605578
482,regression,auc,0.6345697207893228
482,regression,ap,0.5658380609461634
482,regression,f1,0.525
482,regression,accuracy,0.6215139442231076
483,regression,auc,0.6250303177298084
483,regression,ap,0.5593063407744787
483,regression,f1,0.5472154963680388
483,regression,accuracy,0.6274900398406374
484,regression,auc,0.5932754182754183
484,regression,ap,0.5424430781287806
484,regression,f1,0.5290023201856149
484,regression,accuracy,0.5956175298804781
485,regression,auc,0.5552139634055635
485,regression,ap,0.45089256512783304
485,regression,f1,0.44559585492227977
485,regression,accuracy,0.5737051792828686
486,regression,auc,0.5899097356544165
486,regression,ap,0.5245045520629795
486,regression,f1,0.5446009389671361
486,regression,accuracy,0.6135458167330677
487,regression,auc,0.6284479409479409
487,regression,ap,0.5756207491820833
487,regression,f1,0.5441176470588235
487,regression,accuracy,0.6294820717131474
488,regression,auc,0.5910052049446975
488,regression,ap,0.5080119409510073
488,regression,f1,0.48484848484848486
488,regression,accuracy,0.5936254980079682
489,regression,auc,0.6033060529940848
489,regression,ap,0.5108211412385958
489,regression,f1,0.5050505050505051
489,regression,accuracy,0.6095617529880478
490,regression,auc,0.5897460889906916
490,regression,ap,0.5164413248622732
490,regression,f1,0.5200945626477541
490,regression,accuracy,0.5956175298804781
491,regression,auc,0.6444088319088319
491,regression,ap,0.576888472268662
491,regression,f1,0.5843230403800475
491,regression,accuracy,0.651394422310757
492,regression,auc,0.5699172185430463
492,regression,ap,0.45901137541594694
492,regression,f1,0.495
492,regression,accuracy,0.5976095617529881
493,regression,auc,0.5779596467061017
493,regression,ap,0.5178409747734155
493,regression,f1,0.5011820330969267
493,regression,accuracy,0.5796812749003984
494,regression,auc,0.6430490805490806
494,regression,ap,0.5609470031841939
494,regression,f1,0.5653206650831354
494,regression,accuracy,0.6354581673306773
495,regression,auc,0.5907670947587643
495,regression,ap,0.5017488702925132
495,regression,f1,0.5024154589371981
495,regression,accuracy,0.5896414342629482
496,regression,auc,0.6258064516129033
496,regression,ap,0.5252784236318857
496,regression,f1,0.5359116022099447
496,regression,accuracy,0.6653386454183267
497,regression,auc,0.6004093998198641
497,regression,ap,0.5158329375013327
497,regression,f1,0.5012165450121655
497,regression,accuracy,0.5916334661354582
498,regression,auc,0.566834451901566
498,regression,ap,0.4850633273925635
498,regression,f1,0.47837150127226463
498,regression,accuracy,0.5916334661354582
499,regression,auc,0.6011484876113697
499,regression,ap,0.5759405910043915
499,regression,f1,0.5308924485125858
499,regression,accuracy,0.5916334661354582
500,regression,auc,0.6109110310790984
500,regression,ap,0.490456418943666
500,regression,f1,0.5398457583547558
500,regression,accuracy,0.6434262948207171
501,regression,auc,0.5921151419306401
501,regression,ap,0.5225762163726851
501,regression,f1,0.5327313769751693
501,regression,accuracy,0.5876494023904383
502,regression,auc,0.6244943710707149
502,regression,ap,0.5421027624410629
502,regression,f1,0.5547445255474452
502,regression,accuracy,0.6354581673306773
503,regression,auc,0.6342273721740539
503,regression,ap,0.5449014634359898
503,regression,f1,0.5388349514563107
503,regression,accuracy,0.6215139442231076
504,regression,auc,0.5934782257934396
504,regression,ap,0.5208716283884665
504,regression,f1,0.5518867924528302
504,regression,accuracy,0.6215139442231076
505,regression,auc,0.5394059405940594
505,regression,ap,0.4569789028962035
505,regression,f1,0.4723618090452261
505,regression,accuracy,0.5816733067729084
506,regression,auc,0.6358218116035663
506,regression,ap,0.5931775656581314
506,regression,f1,0.5317073170731708
506,regression,accuracy,0.6175298804780877
507,regression,auc,0.604426272066459
507,regression,ap,0.5528830630694925
507,regression,f1,0.5225653206650831
507,regression,accuracy,0.599601593625498
508,regression,auc,0.6204048927263213
508,regression,ap,0.5419665174232857
508,regression,f1,0.5388349514563107
508,regression,accuracy,0.6215139442231076
509,regression,auc,0.6069205271242623
509,regression,ap,0.5424186823765071
509,regression,f1,0.5515695067264574
509,regression,accuracy,0.601593625498008
510,regression,auc,0.6127473021582733
510,regression,ap,0.5370902779015373
510,regression,f1,0.5084745762711864
510,regression,accuracy,0.5956175298804781
511,regression,auc,0.565757735499433
511,regression,ap,0.5466587386730695
511,regression,f1,0.5080831408775982
511,regression,accuracy,0.5756972111553785
512,regression,auc,0.6016319989534276
512,regression,ap,0.503511733325927
512,regression,f1,0.5255474452554745
512,regression,accuracy,0.6115537848605578
513,regression,auc,0.609171081535082
513,regression,ap,0.5349201466053557
513,regression,f1,0.543778801843318
513,regression,accuracy,0.6055776892430279
514,regression,auc,0.604159410915966
514,regression,ap,0.4796030881613007
514,regression,f1,0.5134474327628362
514,regression,accuracy,0.603585657370518
515,regression,auc,0.5998184818481849
515,regression,ap,0.49046827974746804
515,regression,f1,0.5194174757281553
515,regression,accuracy,0.6055776892430279
516,regression,auc,0.61690188172043
516,regression,ap,0.4761784851561265
516,regression,f1,0.5013774104683195
516,regression,accuracy,0.6394422310756972
517,regression,auc,0.6283920417482061
517,regression,ap,0.534081669981026
517,regression,f1,0.5445783132530121
517,regression,accuracy,0.6235059760956175
518,regression,auc,0.6423850574712644
518,regression,ap,0.6160080599446309
518,regression,f1,0.5839080459770115
518,regression,accuracy,0.6394422310756972
519,regression,auc,0.593672406888266
519,regression,ap,0.5387149201198533
519,regression,f1,0.5223529411764706
519,regression,accuracy,0.5956175298804781
520,regression,auc,0.6096415287931256
520,regression,ap,0.5598548250195149
520,regression,f1,0.5317073170731708
520,regression,accuracy,0.6175298804780877
521,regression,auc,0.5483960902650222
521,regression,ap,0.4694130833761251
521,regression,f1,0.45320197044334976
521,regression,accuracy,0.5577689243027888
522,regression,auc,0.6023951519815314
522,regression,ap,0.5590465978588672
522,regression,f1,0.5377358490566038
522,regression,accuracy,0.6095617529880478
523,regression,auc,0.579311152764761
523,regression,ap,0.4549134105861901
523,regression,f1,0.4806201550387597
523,regression,accuracy,0.599601593625498
524,regression,auc,0.5886227933541017
524,regression,ap,0.5227819092140543
524,regression,f1,0.4963144963144963
524,regression,accuracy,0.5916334661354582
525,regression,auc,0.5958300958300958
525,regression,ap,0.5115292081013962
525,regression,f1,0.5295508274231678
525,regression,accuracy,0.603585657370518
526,regression,auc,0.6061953388381297
526,regression,ap,0.5101850034288453
526,regression,f1,0.5362318840579711
526,regression,accuracy,0.6175298804780877
527,regression,auc,0.5585578332071948
527,regression,ap,0.5007738842788714
527,regression,f1,0.5285714285714286
527,regression,accuracy,0.6055776892430279
528,regression,auc,0.6043431053203041
528,regression,ap,0.4886239883497306
528,regression,f1,0.5076142131979695
528,regression,accuracy,0.6135458167330677
529,regression,auc,0.5929043221751955
529,regression,ap,0.5344784862137009
529,regression,f1,0.5384615384615384
529,regression,accuracy,0.5936254980079682
530,regression,auc,0.5944476895119419
530,regression,ap,0.5418380039934809
530,regression,f1,0.506265664160401
530,regression,accuracy,0.6075697211155379
531,regression,auc,0.5579682686129463
531,regression,ap,0.47399156568127243
531,regression,f1,0.4914004914004914
531,regression,accuracy,0.5876494023904383
532,regression,auc,0.6251843448667045
532,regression,ap,0.559074374610389
532,regression,f1,0.5378973105134475
532,regression,accuracy,0.6235059760956175
533,regression,auc,0.5772844272844273
533,regression,ap,0.5062978335200192
533,regression,f1,0.513317191283293
533,regression,accuracy,0.599601593625498
534,regression,auc,0.5807858829703489
534,regression,ap,0.49722347022480967
534,regression,f1,0.5024390243902439
534,regression,accuracy,0.5936254980079682
535,regression,auc,0.5474409291149379
535,regression,ap,0.5033082375874617
535,regression,f1,0.4988558352402746
535,regression,accuracy,0.5637450199203188
536,regression,auc,0.6211870456905504
536,regression,ap,0.5685064182959467
536,regression,f1,0.5358851674641149
536,regression,accuracy,0.6135458167330677
537,regression,auc,0.6151272631855156
537,regression,ap,0.5208895130794298
537,regression,f1,0.5215189873417722
537,regression,accuracy,0.6235059760956175
538,regression,auc,0.5810797473351756
538,regression,ap,0.5026242977091431
538,regression,f1,0.49104859335038364
538,regression,accuracy,0.603585657370518
539,regression,auc,0.5938736963127207
539,regression,ap,0.5126387105849013
539,regression,f1,0.513189448441247
539,regression,accuracy,0.5956175298804781
540,regression,auc,0.5736164006158335
540,regression,ap,0.5175041413753696
540,regression,f1,0.5235849056603774
540,regression,accuracy,0.5976095617529881
541,regression,auc,0.6166380086792762
541,regression,ap,0.5204280904074485
541,regression,f1,0.5323383084577115
541,regression,accuracy,0.6254980079681275
542,regression,auc,0.6328319356805114
542,regression,ap,0.5207945791203059
542,regression,f1,0.5525672371638142
542,regression,accuracy,0.6354581673306773
543,regression,auc,0.5945592719879956
543,regression,ap,0.5167752822618004
543,regression,f1,0.508557457212714
543,regression,accuracy,0.599601593625498
544,regression,auc,0.6547445377869444
544,regression,ap,0.5144210005571273
544,regression,f1,0.5604113110539846
544,regression,accuracy,0.6593625498007968
545,regression,auc,0.6052398512101255
545,regression,ap,0.5492879310778221
545,regression,f1,0.5373831775700935
545,regression,accuracy,0.6055776892430279
546,regression,auc,0.60455744066869
546,regression,ap,0.47958546262687524
546,regression,f1,0.5481481481481482
546,regression,accuracy,0.6354581673306773
547,regression,auc,0.5834104975876018
547,regression,ap,0.5250264198453924
547,regression,f1,0.4925373134328358
547,regression,accuracy,0.5936254980079682
548,regression,auc,0.5905299194753846
548,regression,ap,0.541578026421154
548,regression,f1,0.5156626506024097
548,regression,accuracy,0.599601593625498
549,regression,auc,0.5601204351204352
549,regression,ap,0.471193255750946
549,regression,f1,0.4845605700712589
549,regression,accuracy,0.5677290836653387
550,regression,auc,0.6252977878615995
550,regression,ap,0.5428727648685314
550,regression,f1,0.558252427184466
550,regression,accuracy,0.6374501992031872
551,regression,auc,0.6069041252864782
551,regression,ap,0.5533423197222607
551,regression,f1,0.5726495726495726
551,regression,accuracy,0.601593625498008
552,regression,auc,0.576551142263759
552,regression,ap,0.5147164920209298
552,regression,f1,0.47880299251870323
552,regression,accuracy,0.5836653386454184
553,regression,auc,0.5782496012759171
553,regression,ap,0.4790318789225723
553,regression,f1,0.46475195822454307
553,regression,accuracy,0.5916334661354582
554,regression,auc,0.6140448701128314
554,regression,ap,0.5127360441297105
554,regression,f1,0.5517241379310345
554,regression,accuracy,0.6374501992031872
555,regression,auc,0.547292287921973
555,regression,ap,0.4726129722525277
555,regression,f1,0.47665847665847666
555,regression,accuracy,0.5756972111553785
556,regression,auc,0.6285133376707873
556,regression,ap,0.5372551805146426
556,regression,f1,0.5614849187935035
556,regression,accuracy,0.6235059760956175
557,regression,auc,0.6394701986754967
557,regression,ap,0.5207308128274604
557,regression,f1,0.55
557,regression,accuracy,0.6414342629482072
558,regression,auc,0.6080198019801981
558,regression,ap,0.5029887696211277
558,regression,f1,0.5174129353233831
558,regression,accuracy,0.6135458167330677
559,regression,auc,0.6107142857142858
559,regression,ap,0.5269763557533537
559,regression,f1,0.5110565110565111
559,regression,accuracy,0.603585657370518
560,regression,auc,0.5712947409225998
560,regression,ap,0.514207163364313
560,regression,f1,0.5
560,regression,accuracy,0.5737051792828686
561,regression,auc,0.5871725383920505
561,regression,ap,0.5066847196978952
561,regression,f1,0.48186528497409326
561,regression,accuracy,0.601593625498008
562,regression,auc,0.5892646287063762
562,regression,ap,0.5009813118592426
562,regression,f1,0.5235849056603774
562,regression,accuracy,0.5976095617529881
563,regression,auc,0.6054814573845153
563,regression,ap,0.48030708644944675
563,regression,f1,0.5688487584650113
563,regression,accuracy,0.6195219123505976
564,regression,auc,0.5830059018514028
564,regression,ap,0.49256380142711526
564,regression,f1,0.4928909952606635
564,regression,accuracy,0.5737051792828686
565,regression,auc,0.5752977333845563
565,regression,ap,0.5282255823893417
565,regression,f1,0.5035294117647059
565,regression,accuracy,0.5796812749003984
566,regression,auc,0.6420620680489102
566,regression,ap,0.543525517919839
566,regression,f1,0.5538461538461539
566,regression,accuracy,0.6533864541832669
567,regression,auc,0.6066094222924069
567,regression,ap,0.5284750890125006
567,regression,f1,0.5062034739454094
567,regression,accuracy,0.603585657370518
568,regression,auc,0.6005244755244755
568,regression,ap,0.5101895994423141
568,regression,f1,0.5333333333333333
568,regression,accuracy,0.6095617529880478
569,regression,auc,0.5963749335459861
569,regression,ap,0.5080061199302235
569,regression,f1,0.49246231155778897
569,regression,accuracy,0.5976095617529881
570,regression,auc,0.5794050986524237
570,regression,ap,0.4412864054304184
570,regression,f1,0.45866666666666667
570,regression,accuracy,0.5956175298804781
571,regression,auc,0.5475601821730645
571,regression,ap,0.47253495712175264
571,regression,f1,0.4745762711864407
571,regression,accuracy,0.5677290836653387
572,regression,auc,0.6171374478083743
572,regression,ap,0.5059189642450106
572,regression,f1,0.5251989389920424
572,regression,accuracy,0.6434262948207171
573,regression,auc,0.5507981524997974
573,regression,ap,0.46833313274528177
573,regression,f1,0.48226950354609927
573,regression,accuracy,0.5637450199203188
574,regression,auc,0.6070079395569216
574,regression,ap,0.5545499688670963
574,regression,f1,0.5412844036697247
574,regression,accuracy,0.601593625498008
575,regression,auc,0.62795172863666
575,regression,ap,0.5305413691360721
575,regression,f1,0.5388349514563107
575,regression,accuracy,0.6215139442231076
576,regression,auc,0.5999562296931028
576,regression,ap,0.5026390249504411
576,regression,f1,0.5026178010471204
576,regression,accuracy,0.6215139442231076
577,regression,auc,0.5747808517746631
577,regression,ap,0.5335186973937929
577,regression,f1,0.5458515283842795
577,regression,accuracy,0.5856573705179283
578,regression,auc,0.6607025715035424
578,regression,ap,0.5597540698609665
578,regression,f1,0.5473145780051151
578,regression,accuracy,0.647410358565737
579,regression,auc,0.6082885069535555
579,regression,ap,0.5343729676570552
579,regression,f1,0.5145631067961165
579,regression,accuracy,0.601593625498008
580,regression,auc,0.5361270753512133
580,regression,ap,0.5012763609178614
580,regression,f1,0.5190156599552572
580,regression,accuracy,0.5717131474103586
581,regression,auc,0.5915934138021517
581,regression,ap,0.5008494167524777
581,regression,f1,0.5245098039215687
581,regression,accuracy,0.6135458167330677
582,regression,auc,0.5997524752475247
582,regression,ap,0.51842789947585
582,regression,f1,0.4987012987012987
582,regression,accuracy,0.6155378486055777
583,regression,auc,0.5732757926603437
583,regression,ap,0.5171178829523275
583,regression,f1,0.4965197215777262
583,regression,accuracy,0.5677290836653387
584,regression,auc,0.5794326241134753
584,regression,ap,0.5117446997762641
584,regression,f1,0.5186915887850467
584,regression,accuracy,0.5896414342629482
585,regression,auc,0.5835850874471317
585,regression,ap,0.50505742824255
585,regression,f1,0.5036319612590799
585,regression,accuracy,0.5916334661354582
586,regression,auc,0.6406973967040842
586,regression,ap,0.594831198218124
586,regression,f1,0.5822222222222222
586,regression,accuracy,0.6254980079681275
587,regression,auc,0.6168280871670702
587,regression,ap,0.5863327927345159
587,regression,f1,0.5580357142857143
587,regression,accuracy,0.6055776892430279
588,regression,auc,0.6082230010384215
588,regression,ap,0.5435632127171972
588,regression,f1,0.527363184079602
588,regression,accuracy,0.6215139442231076
589,regression,auc,0.6083172147001935
589,regression,ap,0.5556406738864844
589,regression,f1,0.5402843601895735
589,regression,accuracy,0.6135458167330677
590,regression,auc,0.5884207932988421
590,regression,ap,0.49060318268726133
590,regression,f1,0.5060240963855421
590,regression,accuracy,0.5916334661354582
591,regression,auc,0.6581680680313353
591,regression,ap,0.628278414597712
591,regression,f1,0.5995316159250585
591,regression,accuracy,0.6593625498007968
592,regression,auc,0.5535292574127526
592,regression,ap,0.465735817168571
592,regression,f1,0.4864864864864865
592,regression,accuracy,0.5836653386454184
593,regression,auc,0.5685489060489061
593,regression,ap,0.4984819743936398
593,regression,f1,0.5023923444976076
593,regression,accuracy,0.5856573705179283
594,regression,auc,0.5907657657657657
594,regression,ap,0.55100198567746
594,regression,f1,0.5084745762711864
594,regression,accuracy,0.5956175298804781
595,regression,auc,0.5949928048142334
595,regression,ap,0.5051806018311016
595,regression,f1,0.5450121654501217
595,regression,accuracy,0.6274900398406374
596,regression,auc,0.5958443642198155
596,regression,ap,0.5451582545127035
596,regression,f1,0.5314685314685315
596,regression,accuracy,0.599601593625498
597,regression,auc,0.575293542074364
597,regression,ap,0.4706193512852769
597,regression,f1,0.5061425061425061
597,regression,accuracy,0.599601593625498
598,regression,auc,0.6019987105093487
598,regression,ap,0.5517849380762989
598,regression,f1,0.5590361445783133
598,regression,accuracy,0.6354581673306773
599,regression,auc,0.6063533193387562
599,regression,ap,0.5137066138005795
599,regression,f1,0.5365853658536586
599,regression,accuracy,0.6215139442231076
600,regression,auc,0.5932965155812064
600,regression,ap,0.4924447456061013
600,regression,f1,0.5062034739454094
600,regression,accuracy,0.603585657370518
601,regression,auc,0.6147655415948099
601,regression,ap,0.5040390031726025
601,regression,f1,0.5172413793103449
601,regression,accuracy,0.6095617529880478
602,regression,auc,0.6044304309159997
602,regression,ap,0.5122088637007316
602,regression,f1,0.5346062052505967
602,regression,accuracy,0.6115537848605578
603,regression,auc,0.6145049504950495
603,regression,ap,0.5067724971346355
603,regression,f1,0.5076923076923077
603,regression,accuracy,0.6175298804780877
604,regression,auc,0.5883981086379888
604,regression,ap,0.49954077699845645
604,regression,f1,0.5257985257985258
604,regression,accuracy,0.6155378486055777
605,regression,auc,0.6020390254798411
605,regression,ap,0.5607574798307357
605,regression,f1,0.54337899543379
605,regression,accuracy,0.601593625498008
606,regression,auc,0.5985244539991206
606,regression,ap,0.5234864295426263
606,regression,f1,0.535
606,regression,accuracy,0.6294820717131474
607,regression,auc,0.5983083929733246
607,regression,ap,0.5220413111493184
607,regression,f1,0.5336538461538461
607,regression,accuracy,0.6135458167330677
608,regression,auc,0.6450718224958317
608,regression,ap,0.5801985880977936
608,regression,f1,0.5774647887323944
608,regression,accuracy,0.6414342629482072
609,regression,auc,0.604379608746421
609,regression,ap,0.5658967184242916
609,regression,f1,0.5250596658711217
609,regression,accuracy,0.603585657370518
610,regression,auc,0.5996815540164
610,regression,ap,0.5601700762318161
610,regression,f1,0.5617021276595745
610,regression,accuracy,0.5896414342629482
611,regression,auc,0.599783639843555
611,regression,ap,0.5092836419200399
611,regression,f1,0.48877805486284287
611,regression,accuracy,0.5916334661354582
612,regression,auc,0.5564803997923157
612,regression,ap,0.4862848729526475
612,regression,f1,0.5104408352668214
612,regression,accuracy,0.5796812749003984
613,regression,auc,0.6284690709338427
613,regression,ap,0.5823517326193504
613,regression,f1,0.6150537634408603
613,regression,accuracy,0.6434262948207171
614,regression,auc,0.6086162652980656
614,regression,ap,0.5303473340528232
614,regression,f1,0.5080213903743316
614,regression,accuracy,0.6334661354581673
615,regression,auc,0.5699149792315681
615,regression,ap,0.46966083129963826
615,regression,f1,0.4888888888888889
615,regression,accuracy,0.5876494023904383
616,regression,auc,0.6301236174365648
616,regression,ap,0.5420341114459664
616,regression,f1,0.5714285714285714
616,regression,accuracy,0.6533864541832669
617,regression,auc,0.604253921327092
617,regression,ap,0.5162302686978264
617,regression,f1,0.49504950495049505
617,regression,accuracy,0.5936254980079682
618,regression,auc,0.5904738441323807
618,regression,ap,0.5094444677328208
618,regression,f1,0.5294117647058824
618,regression,accuracy,0.6175298804780877
619,regression,auc,0.648394072887465
619,regression,ap,0.5951343225206013
619,regression,f1,0.594847775175644
619,regression,accuracy,0.6553784860557769
620,regression,auc,0.5844354520331623
620,regression,ap,0.4760219651998321
620,regression,f1,0.4938875305623472
620,regression,accuracy,0.5876494023904383
621,regression,auc,0.6306425309849968
621,regression,ap,0.5482923835274418
621,regression,f1,0.5592417061611374
621,regression,accuracy,0.6294820717131474
622,regression,auc,0.6033692185007975
622,regression,ap,0.5171594343702174
622,regression,f1,0.5012406947890818
622,regression,accuracy,0.599601593625498
623,regression,auc,0.6127273020636688
623,regression,ap,0.5379100884739999
623,regression,f1,0.5240384615384616
623,regression,accuracy,0.6055776892430279
624,regression,auc,0.5713752596053998
624,regression,ap,0.49328695864448513
624,regression,f1,0.508557457212714
624,regression,accuracy,0.599601593625498
625,regression,auc,0.6241110289890778
625,regression,ap,0.5264784760384768
625,regression,f1,0.5615763546798029
625,regression,accuracy,0.6454183266932271
626,regression,auc,0.5753366798252026
626,regression,ap,0.5000797792502771
626,regression,f1,0.5024154589371981
626,regression,accuracy,0.5896414342629482
627,regression,auc,0.5947574269784471
627,regression,ap,0.5005292715403052
627,regression,f1,0.511166253101737
627,regression,accuracy,0.6075697211155379
628,regression,auc,0.5964791615491689
628,regression,ap,0.5044863953313286
628,regression,f1,0.49875311720698257
628,regression,accuracy,0.599601593625498
629,regression,auc,0.578154120411636
629,regression,ap,0.5298254789485066
629,regression,f1,0.5265700483091788
629,regression,accuracy,0.6095617529880478
630,regression,auc,0.6498793376050594
630,regression,ap,0.5440541231941567
630,regression,f1,0.5510204081632653
630,regression,accuracy,0.649402390438247
631,regression,auc,0.6029946421737467
631,regression,ap,0.5580029064877328
631,regression,f1,0.5585585585585585
631,regression,accuracy,0.6095617529880478
632,regression,auc,0.569786293294031
632,regression,ap,0.4787302280612351
632,regression,f1,0.4896907216494845
632,regression,accuracy,0.6055776892430279
633,regression,auc,0.591324200913242
633,regression,ap,0.517150637419044
633,regression,f1,0.5024154589371981
633,regression,accuracy,0.5896414342629482
634,regression,auc,0.632123013309213
634,regression,ap,0.5591703590395696
634,regression,f1,0.5384615384615384
634,regression,accuracy,0.6175298804780877
635,regression,auc,0.5494731800766284
635,regression,ap,0.516881845294521
635,regression,f1,0.5046296296296297
635,regression,accuracy,0.5737051792828686
636,regression,auc,0.5784516646610509
636,regression,ap,0.5297013085790551
636,regression,f1,0.5023474178403756
636,regression,accuracy,0.5776892430278885
637,regression,auc,0.5761227087155584
637,regression,ap,0.4583826897303069
637,regression,f1,0.5124378109452736
637,regression,accuracy,0.6095617529880478
638,regression,auc,0.6025286315542364
638,regression,ap,0.4997672786633029
638,regression,f1,0.4987146529562982
638,regression,accuracy,0.6115537848605578
639,regression,auc,0.6032768542199489
639,regression,ap,0.5541483203628236
639,regression,f1,0.5714285714285714
639,regression,accuracy,0.6235059760956175
640,regression,auc,0.5965655664585192
640,regression,ap,0.565201554478485
640,regression,f1,0.5567928730512249
640,regression,accuracy,0.603585657370518
641,regression,auc,0.5849552434918288
641,regression,ap,0.49488622363002693
641,regression,f1,0.49624060150375937
641,regression,accuracy,0.599601593625498
642,regression,auc,0.5971676378913131
642,regression,ap,0.47467328023460553
642,regression,f1,0.489010989010989
642,regression,accuracy,0.6294820717131474
643,regression,auc,0.5815972222222222
643,regression,ap,0.5058516054843976
643,regression,f1,0.5012285012285013
643,regression,accuracy,0.5956175298804781
644,regression,auc,0.5998563218390804
644,regression,ap,0.5477828257401739
644,regression,f1,0.5145631067961165
644,regression,accuracy,0.601593625498008
645,regression,auc,0.5361989124997983
645,regression,ap,0.4898772825058221
645,regression,f1,0.47002398081534774
645,regression,accuracy,0.5597609561752988
646,regression,auc,0.5851887783976069
646,regression,ap,0.5091448619286676
646,regression,f1,0.5024630541871922
646,regression,accuracy,0.5976095617529881
647,regression,auc,0.6258257389459472
647,regression,ap,0.5880806682008317
647,regression,f1,0.5423728813559322
647,regression,accuracy,0.6235059760956175
648,regression,auc,0.6042736831935074
648,regression,ap,0.5366803497142713
648,regression,f1,0.5255813953488372
648,regression,accuracy,0.5936254980079682
649,regression,auc,0.6130298273155416
649,regression,ap,0.5234295986202675
649,regression,f1,0.541871921182266
649,regression,accuracy,0.6294820717131474
650,regression,auc,0.5866564294511892
650,regression,ap,0.5434255926466856
650,regression,f1,0.5287356321839081
650,regression,accuracy,0.5916334661354582
651,regression,auc,0.6017083353327894
651,regression,ap,0.5703703085482745
651,regression,f1,0.5363636363636364
651,regression,accuracy,0.5936254980079682
652,regression,auc,0.5861078660436136
652,regression,ap,0.5177642837195743
652,regression,f1,0.48866498740554154
652,regression,accuracy,0.5956175298804781
653,regression,auc,0.5847176611934322
653,regression,ap,0.5697251999735806
653,regression,f1,0.5282167042889391
653,regression,accuracy,0.5836653386454184
654,regression,auc,0.5738738738738738
654,regression,ap,0.5423893911609159
654,regression,f1,0.4872389791183295
654,regression,accuracy,0.5597609561752988
655,regression,auc,0.5759189589746095
655,regression,ap,0.5099366418136936
655,regression,f1,0.5024390243902439
655,regression,accuracy,0.5936254980079682
656,regression,auc,0.6495923026744945
656,regression,ap,0.5781946695757589
656,regression,f1,0.5605700712589073
656,regression,accuracy,0.6314741035856574
657,regression,auc,0.5751498727108484
657,regression,ap,0.48586656403959494
657,regression,f1,0.5083932853717026
657,regression,accuracy,0.5916334661354582
658,regression,auc,0.5497316780136163
658,regression,ap,0.5148128079942283
658,regression,f1,0.48735632183908045
658,regression,accuracy,0.5557768924302788
659,regression,auc,0.5591558577237732
659,regression,ap,0.4965124555391709
659,regression,f1,0.5113122171945701
659,regression,accuracy,0.5697211155378487
660,regression,auc,0.5784134186856819
660,regression,ap,0.5088619698587226
660,regression,f1,0.5070422535211268
660,regression,accuracy,0.5816733067729084
661,regression,auc,0.63492190117587
661,regression,ap,0.5935178082042445
661,regression,f1,0.5552941176470588
661,regression,accuracy,0.6235059760956175
662,regression,auc,0.6079893432103579
662,regression,ap,0.5315880571905595
662,regression,f1,0.5467289719626168
662,regression,accuracy,0.6135458167330677
663,regression,auc,0.6164299052954516
663,regression,ap,0.49417074424512486
663,regression,f1,0.5270935960591133
663,regression,accuracy,0.6175298804780877
664,regression,auc,0.6064220636934281
664,regression,ap,0.49235033912778925
664,regression,f1,0.49222797927461137
664,regression,accuracy,0.6095617529880478
665,regression,auc,0.617741532828493
665,regression,ap,0.5212366643478676
665,regression,f1,0.520618556701031
665,regression,accuracy,0.6294820717131474
666,regression,auc,0.6177965552965553
666,regression,ap,0.5604225826662965
666,regression,f1,0.5307125307125307
666,regression,accuracy,0.6195219123505976
667,regression,auc,0.6143809893809894
667,regression,ap,0.5521730098483425
667,regression,f1,0.5375302663438256
667,regression,accuracy,0.6195219123505976
668,regression,auc,0.5574833081534187
668,regression,ap,0.4792983498634966
668,regression,f1,0.46384039900249374
668,regression,accuracy,0.5717131474103586
669,regression,auc,0.5732907557520674
669,regression,ap,0.49393355672561834
669,regression,f1,0.5183374083129584
669,regression,accuracy,0.6075697211155379
670,regression,auc,0.5791747259832367
670,regression,ap,0.5308832837497494
670,regression,f1,0.5127020785219399
670,regression,accuracy,0.5796812749003984
671,regression,auc,0.5650410414261895
671,regression,ap,0.5015238998635555
671,regression,f1,0.49056603773584906
671,regression,accuracy,0.5697211155378487
672,regression,auc,0.5759344304120424
672,regression,ap,0.5344561493182175
672,regression,f1,0.5191873589164786
672,regression,accuracy,0.5756972111553785
673,regression,auc,0.6463041844149336
673,regression,ap,0.518688366553757
673,regression,f1,0.5615763546798029
673,regression,accuracy,0.6454183266932271
674,regression,auc,0.5970881595881596
674,regression,ap,0.5504548293651395
674,regression,f1,0.5199063231850117
674,regression,accuracy,0.5916334661354582
675,regression,auc,0.6380372205114473
675,regression,ap,0.5266719410559364
675,regression,f1,0.5478723404255319
675,regression,accuracy,0.6613545816733067
676,regression,auc,0.6100714972068859
676,regression,ap,0.5266785435846707
676,regression,f1,0.4831168831168831
676,regression,accuracy,0.603585657370518
677,regression,auc,0.6243426959086829
677,regression,ap,0.5688744986982108
677,regression,f1,0.59375
677,regression,accuracy,0.6374501992031872
678,regression,auc,0.626226526477017
678,regression,ap,0.6101229819947084
678,regression,f1,0.5714285714285714
678,regression,accuracy,0.6294820717131474
679,regression,auc,0.6150575614861329
679,regression,ap,0.5613719263794043
679,regression,f1,0.5353535353535354
679,regression,accuracy,0.6334661354581673
680,regression,auc,0.5585718932986338
680,regression,ap,0.4548374458822487
680,regression,f1,0.5333333333333333
680,regression,accuracy,0.6095617529880478
681,regression,auc,0.5993031358885018
681,regression,ap,0.5381518633265248
681,regression,f1,0.4797979797979798
681,regression,accuracy,0.5896414342629482
682,regression,auc,0.5808745874587459
682,regression,ap,0.48014792359260755
682,regression,f1,0.4856396866840731
682,regression,accuracy,0.6075697211155379
683,regression,auc,0.6168104358561983
683,regression,ap,0.5389664870670087
683,regression,f1,0.5226130653266332
683,regression,accuracy,0.6215139442231076
684,regression,auc,0.5962388108729573
684,regression,ap,0.4978765105304154
684,regression,f1,0.5148514851485149
684,regression,accuracy,0.6095617529880478
685,regression,auc,0.6120747219100666
685,regression,ap,0.5306914878181948
685,regression,f1,0.5441176470588235
685,regression,accuracy,0.6294820717131474
686,regression,auc,0.6088064927311745
686,regression,ap,0.5462618903271391
686,regression,f1,0.5
686,regression,accuracy,0.6055776892430279
687,regression,auc,0.5742955874534822
687,regression,ap,0.44765702454451256
687,regression,f1,0.48258706467661694
687,regression,accuracy,0.5856573705179283
688,regression,auc,0.588390330665373
688,regression,ap,0.5039053785496508
688,regression,f1,0.5268065268065268
688,regression,accuracy,0.5956175298804781
689,regression,auc,0.6121357615894041
689,regression,ap,0.5324330086386775
689,regression,f1,0.5298701298701298
689,regression,accuracy,0.6394422310756972
690,regression,auc,0.5707343680269747
690,regression,ap,0.46823284804085413
690,regression,f1,0.505
690,regression,accuracy,0.6055776892430279
691,regression,auc,0.5872133538611133
691,regression,ap,0.5234901297225145
691,regression,f1,0.5433255269320844
691,regression,accuracy,0.6115537848605578
692,regression,auc,0.5853237268061586
692,regression,ap,0.4901829042750207
692,regression,f1,0.4925373134328358
692,regression,accuracy,0.5936254980079682
693,regression,auc,0.5835540767541025
693,regression,ap,0.5088621701294294
693,regression,f1,0.5283018867924528
693,regression,accuracy,0.601593625498008
694,regression,auc,0.6471110250576827
694,regression,ap,0.5631153502457529
694,regression,f1,0.568019093078759
694,regression,accuracy,0.6394422310756972
695,regression,auc,0.6061972772070492
695,regression,ap,0.5375800053931399
695,regression,f1,0.5012919896640827
695,regression,accuracy,0.6155378486055777
696,regression,auc,0.602920870087886
696,regression,ap,0.5323075294899653
696,regression,f1,0.5490196078431373
696,regression,accuracy,0.6334661354581673
697,regression,auc,0.584419068698962
697,regression,ap,0.4720494171717864
697,regression,f1,0.4675324675324675
697,regression,accuracy,0.5916334661354582
698,regression,auc,0.6140715667311412
698,regression,ap,0.5643908917348748
698,regression,f1,0.5497630331753555
698,regression,accuracy,0.6215139442231076
699,regression,auc,0.5753022538434749
699,regression,ap,0.467464878475742
699,regression,f1,0.48756218905472637
699,regression,accuracy,0.5896414342629482
700,regression,auc,0.5694980694980696
700,regression,ap,0.5056240780918294
700,regression,f1,0.5245098039215687
700,regression,accuracy,0.6135458167330677
701,regression,auc,0.6006994144437215
701,regression,ap,0.500365969455219
701,regression,f1,0.5147058823529411
701,regression,accuracy,0.6055776892430279
702,regression,auc,0.5959558823529412
702,regression,ap,0.5627734318746674
702,regression,f1,0.542528735632184
702,regression,accuracy,0.603585657370518
703,regression,auc,0.6242856193514088
703,regression,ap,0.4986811101735431
703,regression,f1,0.5274151436031331
703,regression,accuracy,0.6394422310756972
704,regression,auc,0.6079914844837468
704,regression,ap,0.5218277656254808
704,regression,f1,0.5177664974619289
704,regression,accuracy,0.6215139442231076
705,regression,auc,0.5156698023039388
705,regression,ap,0.4199289804897349
705,regression,f1,0.4267352185089974
705,regression,accuracy,0.5557768924302788
706,regression,auc,0.5836091640706127
706,regression,ap,0.5133017610903494
706,regression,f1,0.5467980295566502
706,regression,accuracy,0.6334661354581673
707,regression,auc,0.573569147629575
707,regression,ap,0.45929961053196283
707,regression,f1,0.49382716049382713
707,regression,accuracy,0.5916334661354582
708,regression,auc,0.5872772277227722
708,regression,ap,0.4858186447140307
708,regression,f1,0.49363867684478374
708,regression,accuracy,0.603585657370518
709,regression,auc,0.5924816080537365
709,regression,ap,0.4802924756840893
709,regression,f1,0.49370277078085645
709,regression,accuracy,0.599601593625498
710,regression,auc,0.5853145695364238
710,regression,ap,0.4728360257597041
710,regression,f1,0.4975369458128079
710,regression,accuracy,0.5936254980079682
711,regression,auc,0.580981050138176
711,regression,ap,0.47833059387001103
711,regression,f1,0.4963144963144963
711,regression,accuracy,0.5916334661354582
712,regression,auc,0.6363827890770601
712,regression,ap,0.5769496357232081
712,regression,f1,0.5653206650831354
712,regression,accuracy,0.6354581673306773
713,regression,auc,0.5732913669064748
713,regression,ap,0.5221430199059762
713,regression,f1,0.5
713,regression,accuracy,0.5776892430278885
714,regression,auc,0.5901609634743068
714,regression,ap,0.4911584433345202
714,regression,f1,0.5123152709359606
714,regression,accuracy,0.6055776892430279
715,regression,auc,0.5743700429963856
715,regression,ap,0.43056656016967715
715,regression,f1,0.4856396866840731
715,regression,accuracy,0.6075697211155379
716,regression,auc,0.5753672430988724
716,regression,ap,0.47220950405615825
716,regression,f1,0.5012531328320802
716,regression,accuracy,0.603585657370518
717,regression,auc,0.5621114996114996
717,regression,ap,0.4977726290897273
717,regression,f1,0.49261083743842365
717,regression,accuracy,0.5896414342629482
718,regression,auc,0.5992706971941203
718,regression,ap,0.5354121332846308
718,regression,f1,0.5280373831775701
718,regression,accuracy,0.5976095617529881
719,regression,auc,0.6223859821501678
719,regression,ap,0.5286567639822399
719,regression,f1,0.5404040404040404
719,regression,accuracy,0.6374501992031872
720,regression,auc,0.641064477777235
720,regression,ap,0.5532141858140086
720,regression,f1,0.5727699530516432
720,regression,accuracy,0.6374501992031872
721,regression,auc,0.5458852544132918
721,regression,ap,0.48215385396995514
721,regression,f1,0.49047619047619045
721,regression,accuracy,0.5737051792828686
722,regression,auc,0.6373162519503983
722,regression,ap,0.5339271216795403
722,regression,f1,0.5685785536159601
722,regression,accuracy,0.6553784860557769
723,regression,auc,0.6440697239956464
723,regression,ap,0.5657723124308025
723,regression,f1,0.5741626794258373
723,regression,accuracy,0.6454183266932271
724,regression,auc,0.6270954883713454
724,regression,ap,0.5650358021049886
724,regression,f1,0.5510688836104513
724,regression,accuracy,0.6235059760956175
725,regression,auc,0.5762230919765167
725,regression,ap,0.5197027486436805
725,regression,f1,0.485
725,regression,accuracy,0.5896414342629482
726,regression,auc,0.60503300330033
726,regression,ap,0.4988409061923319
726,regression,f1,0.5236907730673317
726,regression,accuracy,0.6195219123505976
727,regression,auc,0.6075090861889927
727,regression,ap,0.5353496986073706
727,regression,f1,0.5502392344497608
727,regression,accuracy,0.6254980079681275
728,regression,auc,0.5283260955388867
728,regression,ap,0.45489008752946125
728,regression,f1,0.45885286783042395
728,regression,accuracy,0.5677290836653387
729,regression,auc,0.6033278145695364
729,regression,ap,0.5037990072754743
729,regression,f1,0.5116279069767442
729,regression,accuracy,0.6235059760956175
730,regression,auc,0.5956515249514902
730,regression,ap,0.4907979310908702
730,regression,f1,0.5013054830287206
730,regression,accuracy,0.6195219123505976
731,regression,auc,0.618148930720963
731,regression,ap,0.5495323020736731
731,regression,f1,0.5523809523809524
731,regression,accuracy,0.6254980079681275
732,regression,auc,0.5361021023928232
732,regression,ap,0.48088351562384035
732,regression,f1,0.47368421052631576
732,regression,accuracy,0.5617529880478087
733,regression,auc,0.5807858829703489
733,regression,ap,0.4991622639968848
733,regression,f1,0.4948453608247423
733,regression,accuracy,0.6095617529880478
734,regression,auc,0.6207629506771228
734,regression,ap,0.5502523576100113
734,regression,f1,0.562358276643991
734,regression,accuracy,0.6155378486055777
735,regression,auc,0.6251674008099779
735,regression,ap,0.5599802216187495
735,regression,f1,0.5626477541371159
735,regression,accuracy,0.6314741035856574
736,regression,auc,0.597930524759793
736,regression,ap,0.5141367671932306
736,regression,f1,0.52
736,regression,accuracy,0.6175298804780877
737,regression,auc,0.5855794701986755
737,regression,ap,0.480577887415283
737,regression,f1,0.5213032581453634
737,regression,accuracy,0.6195219123505976
738,regression,auc,0.5859839416296151
738,regression,ap,0.5159864554805722
738,regression,f1,0.5124378109452736
738,regression,accuracy,0.6095617529880478
739,regression,auc,0.5412054120541205
739,regression,ap,0.513292359604745
739,regression,f1,0.5078651685393258
739,regression,accuracy,0.5637450199203188
740,regression,auc,0.6007117554447652
740,regression,ap,0.49493332959938635
740,regression,f1,0.49122807017543857
740,regression,accuracy,0.5956175298804781
741,regression,auc,0.6376545217957059
741,regression,ap,0.5760459405630985
741,regression,f1,0.5707317073170731
741,regression,accuracy,0.649402390438247
742,regression,auc,0.6081680393781375
742,regression,ap,0.5253220746902572
742,regression,f1,0.5301204819277109
742,regression,accuracy,0.6115537848605578
743,regression,auc,0.612055514494539
743,regression,ap,0.5097833760531338
743,regression,f1,0.529126213592233
743,regression,accuracy,0.6135458167330677
744,regression,auc,0.5980447840828902
744,regression,ap,0.4478185277378648
744,regression,f1,0.5133689839572193
744,regression,accuracy,0.6374501992031872
745,regression,auc,0.5743611710628203
745,regression,ap,0.4898976489797891
745,regression,f1,0.4832904884318766
745,regression,accuracy,0.599601593625498
746,regression,auc,0.6156885327191004
746,regression,ap,0.54954250531869
746,regression,f1,0.5745614035087719
746,regression,accuracy,0.6135458167330677
747,regression,auc,0.515890122356373
747,regression,ap,0.45497624511695933
747,regression,f1,0.4953271028037383
747,regression,accuracy,0.5697211155378487
748,regression,auc,0.5781501929935995
748,regression,ap,0.5062924106642583
748,regression,f1,0.506265664160401
748,regression,accuracy,0.6075697211155379
749,regression,auc,0.5865027532334486
749,regression,ap,0.5462403789745339
749,regression,f1,0.5059665871121718
749,regression,accuracy,0.5876494023904383
750,regression,auc,0.6409456627797239
750,regression,ap,0.6248382683964412
750,regression,f1,0.5855855855855856
750,regression,accuracy,0.6334661354581673
751,regression,auc,0.6189470236633097
751,regression,ap,0.541325024046578
751,regression,f1,0.5359801488833746
751,regression,accuracy,0.6274900398406374
752,regression,auc,0.6011642008246423
752,regression,ap,0.5368187154672994
752,regression,f1,0.5286783042394015
752,regression,accuracy,0.6235059760956175
753,regression,auc,0.5771318594551915
753,regression,ap,0.48458359500933046
753,regression,f1,0.5037406483790524
753,regression,accuracy,0.603585657370518
754,regression,auc,0.5681405403667807
754,regression,ap,0.5252701913543723
754,regression,f1,0.5
754,regression,accuracy,0.5856573705179283
755,regression,auc,0.5995683476942848
755,regression,ap,0.5220090325296096
755,regression,f1,0.4908616187989556
755,regression,accuracy,0.6115537848605578
756,regression,auc,0.6136588852608151
756,regression,ap,0.5092848850690914
756,regression,f1,0.5375302663438256
756,regression,accuracy,0.6195219123505976
757,regression,auc,0.5992503772990364
757,regression,ap,0.48887549180182716
757,regression,f1,0.5221674876847291
757,regression,accuracy,0.6135458167330677
758,regression,auc,0.5969864455849454
758,regression,ap,0.5152113448675584
758,regression,f1,0.5270935960591133
758,regression,accuracy,0.6175298804780877
759,regression,auc,0.6314253098499674
759,regression,ap,0.5400473254907501
759,regression,f1,0.5226130653266332
759,regression,accuracy,0.6215139442231076
760,regression,auc,0.5536266924564797
760,regression,ap,0.48077477645256306
760,regression,f1,0.4953271028037383
760,regression,accuracy,0.5697211155378487
761,regression,auc,0.6236402486402486
761,regression,ap,0.546413640847855
761,regression,f1,0.5552941176470588
761,regression,accuracy,0.6235059760956175
762,regression,auc,0.6006612174375332
762,regression,ap,0.4913271861362801
762,regression,f1,0.5084745762711864
762,regression,accuracy,0.5956175298804781
763,regression,auc,0.5955673758865249
763,regression,ap,0.5129633210744385
763,regression,f1,0.5215311004784688
763,regression,accuracy,0.601593625498008
764,regression,auc,0.6241254125412541
764,regression,ap,0.5140259513170786
764,regression,f1,0.515
764,regression,accuracy,0.6135458167330677
765,regression,auc,0.5668154933522249
765,regression,ap,0.47206764812959895
765,regression,f1,0.47146401985111663
765,regression,accuracy,0.5756972111553785
766,regression,auc,0.5886141834743006
766,regression,ap,0.5120580619368214
766,regression,f1,0.5298329355608592
766,regression,accuracy,0.6075697211155379
767,regression,auc,0.5882420091324201
767,regression,ap,0.5172107494724393
767,regression,f1,0.5115089514066496
767,regression,accuracy,0.6195219123505976
768,regression,auc,0.5871016060580843
768,regression,ap,0.4950866673906667
768,regression,f1,0.533678756476684
768,regression,accuracy,0.6414342629482072
769,regression,auc,0.6008045471572124
769,regression,ap,0.5047015888810074
769,regression,f1,0.5107398568019093
769,regression,accuracy,0.5916334661354582
770,regression,auc,0.6160188457008244
770,regression,ap,0.5246433091855729
770,regression,f1,0.5311004784688995
770,regression,accuracy,0.6095617529880478
771,regression,auc,0.6022960627374889
771,regression,ap,0.5328420661548371
771,regression,f1,0.529126213592233
771,regression,accuracy,0.6135458167330677
772,regression,auc,0.6060761589403973
772,regression,ap,0.5130718495621278
772,regression,f1,0.5472636815920398
772,regression,accuracy,0.6374501992031872
773,regression,auc,0.5664059310547545
773,regression,ap,0.5037504857272344
773,regression,f1,0.4889975550122249
773,regression,accuracy,0.5836653386454184
774,regression,auc,0.593138459019078
774,regression,ap,0.49833672642031956
774,regression,f1,0.5230769230769231
774,regression,accuracy,0.6294820717131474
775,regression,auc,0.6213983864771417
775,regression,ap,0.5739747661256652
775,regression,f1,0.5458823529411765
775,regression,accuracy,0.6155378486055777
776,regression,auc,0.5919937555753791
776,regression,ap,0.5441685928104334
776,regression,f1,0.5393258426966292
776,regression,accuracy,0.5916334661354582
777,regression,auc,0.5950895389352564
777,regression,ap,0.5530746976646475
777,regression,f1,0.5096153846153846
777,regression,accuracy,0.5936254980079682
778,regression,auc,0.6308510638297873
778,regression,ap,0.5646299287857552
778,regression,f1,0.5707656612529002
778,regression,accuracy,0.6314741035856574
779,regression,auc,0.5699558173784978
779,regression,ap,0.46325039985384897
779,regression,f1,0.46547314578005117
779,regression,accuracy,0.5836653386454184
780,regression,auc,0.6356441400697764
780,regression,ap,0.5493168786873615
780,regression,f1,0.5393794749403341
780,regression,accuracy,0.6155378486055777
781,regression,auc,0.5667232597623091
781,regression,ap,0.5148519723042946
781,regression,f1,0.49029126213592233
781,regression,accuracy,0.5816733067729084
782,regression,auc,0.5909024282992134
782,regression,ap,0.5309511095958281
782,regression,f1,0.5339805825242718
782,regression,accuracy,0.6175298804780877
783,regression,auc,0.6115949119373777
783,regression,ap,0.5264353833600952
783,regression,f1,0.5660377358490566
783,regression,accuracy,0.6334661354581673
784,regression,auc,0.6232616111256888
784,regression,ap,0.5469151686794298
784,regression,f1,0.5099009900990099
784,regression,accuracy,0.6055776892430279
785,regression,auc,0.6513521515988946
785,regression,ap,0.5714858206499668
785,regression,f1,0.5673076923076923
785,regression,accuracy,0.6414342629482072
786,regression,auc,0.6113416988416989
786,regression,ap,0.5543047245120907
786,regression,f1,0.5211267605633803
786,regression,accuracy,0.5936254980079682
787,regression,auc,0.6039443117760774
787,regression,ap,0.5284633555190708
787,regression,f1,0.5384615384615384
787,regression,accuracy,0.6175298804780877
788,regression,auc,0.5939460878473556
788,regression,ap,0.5949017007449802
788,regression,f1,0.5390070921985816
788,regression,accuracy,0.6115537848605578
789,regression,auc,0.6013960745668062
789,regression,ap,0.510553554843071
789,regression,f1,0.5063938618925832
789,regression,accuracy,0.6155378486055777
790,regression,auc,0.5795236572890026
790,regression,ap,0.5342592418205554
790,regression,f1,0.5255813953488372
790,regression,accuracy,0.5936254980079682
791,regression,auc,0.6291187491924021
791,regression,ap,0.5611103453664752
791,regression,f1,0.5377358490566038
791,regression,accuracy,0.6095617529880478
792,regression,auc,0.6132266149244078
792,regression,ap,0.5167557216929517
792,regression,f1,0.5391705069124424
792,regression,accuracy,0.601593625498008
793,regression,auc,0.5844827586206897
793,regression,ap,0.5189210665641233
793,regression,f1,0.49876543209876545
793,regression,accuracy,0.5956175298804781
794,regression,auc,0.5970401416573258
794,regression,ap,0.5295570326339185
794,regression,f1,0.5346062052505967
794,regression,accuracy,0.6115537848605578
795,regression,auc,0.6009921925829538
795,regression,ap,0.4962964594709
795,regression,f1,0.5240384615384616
795,regression,accuracy,0.6055776892430279
796,regression,auc,0.5992677040858783
796,regression,ap,0.4776767757646522
796,regression,f1,0.525
796,regression,accuracy,0.6215139442231076
797,regression,auc,0.6046378197465934
797,regression,ap,0.5652496335777927
797,regression,f1,0.5758241758241758
797,regression,accuracy,0.6155378486055777
798,regression,auc,0.6007008148625643
798,regression,ap,0.4789641826367781
798,regression,f1,0.5492957746478874
798,regression,accuracy,0.6175298804780877
799,regression,auc,0.5753415744957711
799,regression,ap,0.47394886441932943
799,regression,f1,0.48157248157248156
799,regression,accuracy,0.5796812749003984
800,regression,auc,0.6424006622516556
800,regression,ap,0.5513787292978123
800,regression,f1,0.5454545454545454
800,regression,accuracy,0.6414342629482072
801,regression,auc,0.6134801890930357
801,regression,ap,0.5426120330426194
801,regression,f1,0.5336538461538461
801,regression,accuracy,0.6135458167330677
802,regression,auc,0.6399110851505712
802,regression,ap,0.5784956992786803
802,regression,f1,0.5853658536585366
802,regression,accuracy,0.6613545816733067
803,regression,auc,0.600862223818933
803,regression,ap,0.5025727140657357
803,regression,f1,0.5492957746478874
803,regression,accuracy,0.6175298804780877
804,regression,auc,0.5851692725158288
804,regression,ap,0.5263480039357145
804,regression,f1,0.5119617224880383
804,regression,accuracy,0.5936254980079682
805,regression,auc,0.6023536648536649
805,regression,ap,0.49654993723955904
805,regression,f1,0.5298329355608592
805,regression,accuracy,0.6075697211155379
806,regression,auc,0.5722277227722772
806,regression,ap,0.46121468237595376
806,regression,f1,0.4832904884318766
806,regression,accuracy,0.599601593625498
807,regression,auc,0.6164148351648352
807,regression,ap,0.5157673608167959
807,regression,f1,0.5286783042394015
807,regression,accuracy,0.6235059760956175
808,regression,auc,0.5962706270627063
808,regression,ap,0.4822450796338385
808,regression,f1,0.48717948717948717
808,regression,accuracy,0.601593625498008
809,regression,auc,0.5988123052959502
809,regression,ap,0.5305997130286032
809,regression,f1,0.54292343387471
809,regression,accuracy,0.6075697211155379
810,regression,auc,0.5807834441980783
810,regression,ap,0.5018045631673779
810,regression,f1,0.48635235732009924
810,regression,accuracy,0.5876494023904383
811,regression,auc,0.6459533951390629
811,regression,ap,0.5238483630751494
811,regression,f1,0.55
811,regression,accuracy,0.6414342629482072
812,regression,auc,0.5815718157181572
812,regression,ap,0.4996576001249235
812,regression,f1,0.5037037037037037
812,regression,accuracy,0.599601593625498
813,regression,auc,0.5789248233026344
813,regression,ap,0.47377304331119974
813,regression,f1,0.5036674816625917
813,regression,accuracy,0.5956175298804781
814,regression,auc,0.566231463571889
814,regression,ap,0.5132562381314826
814,regression,f1,0.5047169811320755
814,regression,accuracy,0.5816733067729084
815,regression,auc,0.5844383367889805
815,regression,ap,0.5205781147285184
815,regression,f1,0.529126213592233
815,regression,accuracy,0.6135458167330677
816,regression,auc,0.5997027940624133
816,regression,ap,0.5101577626259527
816,regression,f1,0.5305164319248826
816,regression,accuracy,0.601593625498008
817,regression,auc,0.5954318761473106
817,regression,ap,0.5243819702227823
817,regression,f1,0.5283018867924528
817,regression,accuracy,0.601593625498008
818,regression,auc,0.6093245967741935
818,regression,ap,0.5021909816232435
818,regression,f1,0.49612403100775193
818,regression,accuracy,0.6115537848605578
819,regression,auc,0.5731307810894142
819,regression,ap,0.5231235031195635
819,regression,f1,0.510158013544018
819,regression,accuracy,0.5677290836653387
820,regression,auc,0.5790281329923274
820,regression,ap,0.5500819017257491
820,regression,f1,0.5238095238095238
820,regression,accuracy,0.601593625498008
821,regression,auc,0.6210207012278748
821,regression,ap,0.5624619927492669
821,regression,f1,0.5647058823529412
821,regression,accuracy,0.6314741035856574
822,regression,auc,0.6228352138546314
822,regression,ap,0.5127197000325777
822,regression,f1,0.5503685503685504
822,regression,accuracy,0.6354581673306773
823,regression,auc,0.600369623655914
823,regression,ap,0.4728766326552035
823,regression,f1,0.5
823,regression,accuracy,0.6175298804780877
824,regression,auc,0.590122142084967
824,regression,ap,0.5325991644037037
824,regression,f1,0.5441860465116279
824,regression,accuracy,0.6095617529880478
825,regression,auc,0.6174820613176777
825,regression,ap,0.5227727607639843
825,regression,f1,0.49246231155778897
825,regression,accuracy,0.5976095617529881
826,regression,auc,0.6058184143222507
826,regression,ap,0.5885190621355617
826,regression,f1,0.5406698564593302
826,regression,accuracy,0.6175298804780877
827,regression,auc,0.602563075690829
827,regression,ap,0.5439926335111986
827,regression,f1,0.5233644859813084
827,regression,accuracy,0.5936254980079682
828,regression,auc,0.6393907018907019
828,regression,ap,0.5906405402222497
828,regression,f1,0.5130641330166271
828,regression,accuracy,0.5916334661354582
829,regression,auc,0.5650722300939724
829,regression,ap,0.4813126803061174
829,regression,f1,0.4889975550122249
829,regression,accuracy,0.5836653386454184
830,regression,auc,0.5221608427543679
830,regression,ap,0.47815822297832955
830,regression,f1,0.44651162790697674
830,regression,accuracy,0.5258964143426295
831,regression,auc,0.5635639027381125
831,regression,ap,0.5356587863264761
831,regression,f1,0.4881516587677725
831,regression,accuracy,0.5697211155378487
832,regression,auc,0.5978185455894929
832,regression,ap,0.5184345181669227
832,regression,f1,0.5386416861826698
832,regression,accuracy,0.6075697211155379
833,regression,auc,0.5959065861978483
833,regression,ap,0.5075844633996653
833,regression,f1,0.5185185185185185
833,regression,accuracy,0.6115537848605578
834,regression,auc,0.5976255886970172
834,regression,ap,0.4996836366002857
834,regression,f1,0.5064599483204134
834,regression,accuracy,0.6195219123505976
835,regression,auc,0.5632665659470084
835,regression,ap,0.512842929100292
835,regression,f1,0.49635036496350365
835,regression,accuracy,0.5876494023904383
836,regression,auc,0.5717221135029353
836,regression,ap,0.4887909615061465
836,regression,f1,0.4666666666666667
836,regression,accuracy,0.5856573705179283
837,regression,auc,0.6272967561073288
837,regression,ap,0.5759589243828611
837,regression,f1,0.5754060324825986
837,regression,accuracy,0.6354581673306773
838,regression,auc,0.6241496598639455
838,regression,ap,0.532143458078312
838,regression,f1,0.5343137254901961
838,regression,accuracy,0.6215139442231076
839,regression,auc,0.6337133155469319
839,regression,ap,0.5510429126609
839,regression,f1,0.565947242206235
839,regression,accuracy,0.6394422310756972
840,regression,auc,0.651903953431967
840,regression,ap,0.581252422976849
840,regression,f1,0.5927710843373494
840,regression,accuracy,0.6633466135458167
841,regression,auc,0.6298370588716942
841,regression,ap,0.5207186931054882
841,regression,f1,0.5536992840095465
841,regression,accuracy,0.6274900398406374
842,regression,auc,0.5910200411099692
842,regression,ap,0.5361158780005286
842,regression,f1,0.5348837209302325
842,regression,accuracy,0.601593625498008
843,regression,auc,0.616064491064491
843,regression,ap,0.5348089551938641
843,regression,f1,0.543778801843318
843,regression,accuracy,0.6055776892430279
844,regression,auc,0.6068018228369914
844,regression,ap,0.5399784520034375
844,regression,f1,0.5199063231850117
844,regression,accuracy,0.5916334661354582
845,regression,auc,0.5502555644463314
845,regression,ap,0.5141158990603312
845,regression,f1,0.43799472295514513
845,regression,accuracy,0.5756972111553785
846,regression,auc,0.5995473628968775
846,regression,ap,0.5273752953493172
846,regression,f1,0.5134474327628362
846,regression,accuracy,0.603585657370518
847,regression,auc,0.5977549263284435
847,regression,ap,0.5040617724185178
847,regression,f1,0.5283018867924528
847,regression,accuracy,0.601593625498008
848,regression,auc,0.6214639932780862
848,regression,ap,0.5094634838839227
848,regression,f1,0.5396039603960396
848,regression,accuracy,0.6294820717131474
849,regression,auc,0.5801033799777782
849,regression,ap,0.5343449744973215
849,regression,f1,0.5215311004784688
849,regression,accuracy,0.601593625498008
850,regression,auc,0.581254029658285
850,regression,ap,0.5096269277595351
850,regression,f1,0.55
850,regression,accuracy,0.6055776892430279
851,regression,auc,0.5324654348106991
851,regression,ap,0.48347924540927933
851,regression,f1,0.45390070921985815
851,regression,accuracy,0.5398406374501992
852,regression,auc,0.5822542743699862
852,regression,ap,0.5017144464198839
852,regression,f1,0.4891041162227603
852,regression,accuracy,0.5796812749003984
853,regression,auc,0.6345630505144845
853,regression,ap,0.5776875866632891
853,regression,f1,0.5619047619047619
853,regression,accuracy,0.6334661354581673
854,regression,auc,0.6140480472764644
854,regression,ap,0.5680955117606523
854,regression,f1,0.5601851851851852
854,regression,accuracy,0.6215139442231076
855,regression,auc,0.5967491749174917
855,regression,ap,0.48915526837830703
855,regression,f1,0.5073891625615764
855,regression,accuracy,0.601593625498008
856,regression,auc,0.603956959389101
856,regression,ap,0.5085023267438997
856,regression,f1,0.5076142131979695
856,regression,accuracy,0.6135458167330677
857,regression,auc,0.6226415094339622
857,regression,ap,0.5548091493744458
857,regression,f1,0.5307125307125307
857,regression,accuracy,0.6195219123505976
858,regression,auc,0.6152295003388375
858,regression,ap,0.5517017224645479
858,regression,f1,0.5167958656330749
858,regression,accuracy,0.6274900398406374
859,regression,auc,0.5647840531561461
859,regression,ap,0.48482476800198415
859,regression,f1,0.5011933174224343
859,regression,accuracy,0.5836653386454184
860,regression,auc,0.6410006860570863
860,regression,ap,0.607867062878535
860,regression,f1,0.5733634311512416
860,regression,accuracy,0.6235059760956175
861,regression,auc,0.6070266753415746
861,regression,ap,0.5193592510734178
861,regression,f1,0.5353535353535354
861,regression,accuracy,0.6334661354581673
862,regression,auc,0.6121170820353063
862,regression,ap,0.5281867591135074
862,regression,f1,0.5185185185185185
862,regression,accuracy,0.6115537848605578
863,regression,auc,0.582316730154138
863,regression,ap,0.526659467177067
863,regression,f1,0.5318181818181819
863,regression,accuracy,0.5896414342629482
864,regression,auc,0.5903217469957359
864,regression,ap,0.5406247514411546
864,regression,f1,0.5110565110565111
864,regression,accuracy,0.603585657370518
865,regression,auc,0.6024072709408007
865,regression,ap,0.49661572039903285
865,regression,f1,0.5
865,regression,accuracy,0.5976095617529881
866,regression,auc,0.6068984396386532
866,regression,ap,0.5211248549998417
866,regression,f1,0.5330188679245284
866,regression,accuracy,0.6055776892430279
867,regression,auc,0.5807865892972276
867,regression,ap,0.5276322381199839
867,regression,f1,0.5035294117647059
867,regression,accuracy,0.5796812749003984
868,regression,auc,0.5714938030006523
868,regression,ap,0.48786067578350434
868,regression,f1,0.49261083743842365
868,regression,accuracy,0.5896414342629482
869,regression,auc,0.6422179868200026
869,regression,ap,0.572572324874492
869,regression,f1,0.5849056603773585
869,regression,accuracy,0.649402390438247
870,regression,auc,0.607812909997376
870,regression,ap,0.5163409236188259
870,regression,f1,0.5433255269320844
870,regression,accuracy,0.6115537848605578
871,regression,auc,0.6247072218607678
871,regression,ap,0.5400920102311328
871,regression,f1,0.5458715596330275
871,regression,accuracy,0.6055776892430279
872,regression,auc,0.5872270411015799
872,regression,ap,0.5329532488568144
872,regression,f1,0.5504587155963303
872,regression,accuracy,0.6095617529880478
873,regression,auc,0.6171042242400315
873,regression,ap,0.5085829286791556
873,regression,f1,0.5594059405940595
873,regression,accuracy,0.6454183266932271
874,regression,auc,0.598812343729438
874,regression,ap,0.5029153449446391
874,regression,f1,0.5073891625615764
874,regression,accuracy,0.601593625498008
875,regression,auc,0.614993564993565
875,regression,ap,0.5519094397771518
875,regression,f1,0.5377358490566038
875,regression,accuracy,0.6095617529880478
876,regression,auc,0.6153783431180692
876,regression,ap,0.5337378038930125
876,regression,f1,0.527363184079602
876,regression,accuracy,0.6215139442231076
877,regression,auc,0.6135943552405292
877,regression,ap,0.5925250567179249
877,regression,f1,0.5573033707865168
877,regression,accuracy,0.6075697211155379
878,regression,auc,0.635518590998043
878,regression,ap,0.5373198068170297
878,regression,f1,0.5421994884910486
878,regression,accuracy,0.6434262948207171
879,regression,auc,0.5782110385452683
879,regression,ap,0.5194808757516002
879,regression,f1,0.5011820330969267
879,regression,accuracy,0.5796812749003984
880,regression,auc,0.5811199376187923
880,regression,ap,0.5203865598839214
880,regression,f1,0.5288461538461539
880,regression,accuracy,0.6095617529880478
881,regression,auc,0.5966305655836341
881,regression,ap,0.556520987227134
881,regression,f1,0.5363636363636364
881,regression,accuracy,0.5936254980079682
882,regression,auc,0.5889403973509935
882,regression,ap,0.4846200723355369
882,regression,f1,0.493368700265252
882,regression,accuracy,0.6195219123505976
883,regression,auc,0.6280405405405406
883,regression,ap,0.5761398094809355
883,regression,f1,0.579185520361991
883,regression,accuracy,0.6294820717131474
884,regression,auc,0.5921762589928058
884,regression,ap,0.5452360771005561
884,regression,f1,0.5295508274231678
884,regression,accuracy,0.603585657370518
885,regression,auc,0.618476430976431
885,regression,ap,0.5545017524018756
885,regression,f1,0.5278450363196125
885,regression,accuracy,0.6115537848605578
886,regression,auc,0.6226372382569326
886,regression,ap,0.5405924470339036
886,regression,f1,0.5378973105134475
886,regression,accuracy,0.6235059760956175
887,regression,auc,0.6171038908945046
887,regression,ap,0.5607522438649306
887,regression,f1,0.5566037735849056
887,regression,accuracy,0.6254980079681275
888,regression,auc,0.6189484387299922
888,regression,ap,0.5354152617684508
888,regression,f1,0.5340050377833753
888,regression,accuracy,0.6314741035856574
889,regression,auc,0.6129370572954482
889,regression,ap,0.5751301094057529
889,regression,f1,0.5317647058823529
889,regression,accuracy,0.603585657370518
890,regression,auc,0.5776705276705276
890,regression,ap,0.515439807450214
890,regression,f1,0.5450236966824644
890,regression,accuracy,0.6175298804780877
891,regression,auc,0.6321438337435056
891,regression,ap,0.4803933346218893
891,regression,f1,0.5396039603960396
891,regression,accuracy,0.6294820717131474
892,regression,auc,0.6184708931419458
892,regression,ap,0.5090605088723205
892,regression,f1,0.537467700258398
892,regression,accuracy,0.6434262948207171
893,regression,auc,0.6049853139636421
893,regression,ap,0.6328647856804374
893,regression,f1,0.5570776255707762
893,regression,accuracy,0.6135458167330677
894,regression,auc,0.6025299707956178
894,regression,ap,0.5342788641397388
894,regression,f1,0.5194174757281553
894,regression,accuracy,0.6055776892430279
895,regression,auc,0.6277096464226968
895,regression,ap,0.5509693145227539
895,regression,f1,0.5626477541371159
895,regression,accuracy,0.6314741035856574
896,regression,auc,0.5654258047967167
896,regression,ap,0.5007620833429168
896,regression,f1,0.5080831408775982
896,regression,accuracy,0.5756972111553785
897,regression,auc,0.6153971433690005
897,regression,ap,0.5463268045663598
897,regression,f1,0.5408163265306123
897,regression,accuracy,0.6414342629482072
898,regression,auc,0.571882420371735
898,regression,ap,0.4851822388321553
898,regression,f1,0.5165876777251185
898,regression,accuracy,0.5936254980079682
899,regression,auc,0.6315258309971967
899,regression,ap,0.5647239922072788
899,regression,f1,0.5371702637889688
899,regression,accuracy,0.6155378486055777
900,regression,auc,0.5587736464448794
900,regression,ap,0.4857070297741825
900,regression,f1,0.491566265060241
900,regression,accuracy,0.5796812749003984
901,regression,auc,0.5889390210555099
901,regression,ap,0.4475299376937582
901,regression,f1,0.465
901,regression,accuracy,0.5737051792828686
902,regression,auc,0.6081143384047949
902,regression,ap,0.5859692387961125
902,regression,f1,0.5375854214123007
902,regression,accuracy,0.5956175298804781
903,regression,auc,0.593666932482722
903,regression,ap,0.4860583114377362
903,regression,f1,0.513715710723192
903,regression,accuracy,0.6115537848605578
904,regression,auc,0.6208492421612866
904,regression,ap,0.4925322740865309
904,regression,f1,0.5422885572139303
904,regression,accuracy,0.6334661354581673
905,regression,auc,0.6042320774463632
905,regression,ap,0.5107474573666242
905,regression,f1,0.5304136253041363
905,regression,accuracy,0.6155378486055777
906,regression,auc,0.6020954223081882
906,regression,ap,0.5736944582166975
906,regression,f1,0.517814726840855
906,regression,accuracy,0.5956175298804781
907,regression,auc,0.5989768390577708
907,regression,ap,0.5001467436039122
907,regression,f1,0.5125628140703518
907,regression,accuracy,0.6135458167330677
908,regression,auc,0.5994328076023683
908,regression,ap,0.5177891314979005
908,regression,f1,0.5147058823529411
908,regression,accuracy,0.6055776892430279
909,regression,auc,0.5937443707524769
909,regression,ap,0.5149774859766789
909,regression,f1,0.49261083743842365
909,regression,accuracy,0.5896414342629482
910,regression,auc,0.5783293431703067
910,regression,ap,0.48511159917933033
910,regression,f1,0.5219512195121951
910,regression,accuracy,0.6095617529880478
911,regression,auc,0.5879057344342926
911,regression,ap,0.5050110175848903
911,regression,f1,0.4927536231884058
911,regression,accuracy,0.5816733067729084
912,regression,auc,0.5800704167690167
912,regression,ap,0.4775028643603562
912,regression,f1,0.5317647058823529
912,regression,accuracy,0.603585657370518
913,regression,auc,0.5945529801324503
913,regression,ap,0.4950412916717436
913,regression,f1,0.5062034739454094
913,regression,accuracy,0.603585657370518
914,regression,auc,0.5740107060577314
914,regression,ap,0.43253689046028887
914,regression,f1,0.45077720207253885
914,regression,accuracy,0.5776892430278885
915,regression,auc,0.5335092262341005
915,regression,ap,0.46438230316272255
915,regression,f1,0.49065420560747663
915,regression,accuracy,0.5657370517928287
916,regression,auc,0.5671079021259526
916,regression,ap,0.513650857070974
916,regression,f1,0.5069767441860465
916,regression,accuracy,0.5776892430278885
917,regression,auc,0.6111175834234834
917,regression,ap,0.5017531118259226
917,regression,f1,0.5221674876847291
917,regression,accuracy,0.6135458167330677
918,regression,auc,0.6293010067541736
918,regression,ap,0.5948684624412225
918,regression,f1,0.5386416861826698
918,regression,accuracy,0.6075697211155379
919,regression,auc,0.5941200624127453
919,regression,ap,0.4842971453895189
919,regression,f1,0.5148514851485149
919,regression,accuracy,0.6095617529880478
920,regression,auc,0.5931022041458934
920,regression,ap,0.503445347733172
920,regression,f1,0.5025125628140703
920,regression,accuracy,0.6055776892430279
921,regression,auc,0.5950704225352113
921,regression,ap,0.5364223250951704
921,regression,f1,0.5098039215686274
921,regression,accuracy,0.601593625498008
922,regression,auc,0.5713366336633664
922,regression,ap,0.5052792107558115
922,regression,f1,0.4743276283618582
922,regression,accuracy,0.5717131474103586
923,regression,auc,0.5764073769301514
923,regression,ap,0.5479985639953633
923,regression,f1,0.5036674816625917
923,regression,accuracy,0.5956175298804781
924,regression,auc,0.6203359425962166
924,regression,ap,0.5315036347638545
924,regression,f1,0.5401459854014599
924,regression,accuracy,0.6235059760956175
925,regression,auc,0.5451817108370507
925,regression,ap,0.4446962299095979
925,regression,f1,0.46766169154228854
925,regression,accuracy,0.5737051792828686
926,regression,auc,0.5851974592653963
926,regression,ap,0.5228643805765819
926,regression,f1,0.4927536231884058
926,regression,accuracy,0.5816733067729084
927,regression,auc,0.5815345368916798
927,regression,ap,0.49628556383557165
927,regression,f1,0.524822695035461
927,regression,accuracy,0.599601593625498
928,regression,auc,0.6154460025081026
928,regression,ap,0.5226499307859201
928,regression,f1,0.5359801488833746
928,regression,accuracy,0.6274900398406374
929,regression,auc,0.5550969459931763
929,regression,ap,0.46885242527480314
929,regression,f1,0.45012787723785164
929,regression,accuracy,0.5717131474103586
930,regression,auc,0.6082379260429004
930,regression,ap,0.5252409330234462
930,regression,f1,0.5012285012285013
930,regression,accuracy,0.5956175298804781
931,regression,auc,0.6011398337606348
931,regression,ap,0.5334318087224698
931,regression,f1,0.5219512195121951
931,regression,accuracy,0.6095617529880478
932,regression,auc,0.6107555251543135
932,regression,ap,0.5247166403813093
932,regression,f1,0.5135802469135803
932,regression,accuracy,0.6075697211155379
933,regression,auc,0.6002743439423878
933,regression,ap,0.518307075437431
933,regression,f1,0.5210918114143921
933,regression,accuracy,0.6155378486055777
934,regression,auc,0.5992769966569094
934,regression,ap,0.5499674266352559
934,regression,f1,0.5195402298850574
934,regression,accuracy,0.5836653386454184
935,regression,auc,0.6210039056849415
935,regression,ap,0.5736969769257694
935,regression,f1,0.5571428571428572
935,regression,accuracy,0.6294820717131474
936,regression,auc,0.5980497144340602
936,regression,ap,0.5068297463574727
936,regression,f1,0.5230024213075061
936,regression,accuracy,0.6075697211155379
937,regression,auc,0.6193881081437304
937,regression,ap,0.5365185997513823
937,regression,f1,0.5481481481481482
937,regression,accuracy,0.6354581673306773
938,regression,auc,0.5867877352283195
938,regression,ap,0.5018730742928075
938,regression,f1,0.5174129353233831
938,regression,accuracy,0.6135458167330677
939,regression,auc,0.6186412073870485
939,regression,ap,0.5623974375378633
939,regression,f1,0.5441527446300716
939,regression,accuracy,0.6195219123505976
940,regression,auc,0.6467061016125112
940,regression,ap,0.575293975774979
940,regression,f1,0.5797101449275363
940,regression,accuracy,0.6533864541832669
941,regression,auc,0.6156649616368286
941,regression,ap,0.5539781500730354
941,regression,f1,0.5446009389671361
941,regression,accuracy,0.6135458167330677
942,regression,auc,0.5916410551927264
942,regression,ap,0.5230854007189493
942,regression,f1,0.5223529411764706
942,regression,accuracy,0.5956175298804781
943,regression,auc,0.5895913770913771
943,regression,ap,0.5711064001814872
943,regression,f1,0.5386416861826698
943,regression,accuracy,0.6075697211155379
944,regression,auc,0.5719252075312312
944,regression,ap,0.49776125422672335
944,regression,f1,0.5117370892018779
944,regression,accuracy,0.5856573705179283
945,regression,auc,0.5799774056353004
945,regression,ap,0.47949178320204067
945,regression,f1,0.518324607329843
945,regression,accuracy,0.6334661354581673
946,regression,auc,0.5850978465569475
946,regression,ap,0.502271735341627
946,regression,f1,0.515970515970516
946,regression,accuracy,0.6075697211155379
947,regression,auc,0.5741507870753936
947,regression,ap,0.5170118292923375
947,regression,f1,0.5147058823529411
947,regression,accuracy,0.6055776892430279
948,regression,auc,0.6193602271778168
948,regression,ap,0.4779821520203089
948,regression,f1,0.5217391304347826
948,regression,accuracy,0.6274900398406374
949,regression,auc,0.6078822689511941
949,regression,ap,0.5543255488069089
949,regression,f1,0.5343137254901961
949,regression,accuracy,0.6215139442231076
950,regression,auc,0.5811690393741182
950,regression,ap,0.5427502567235616
950,regression,f1,0.5396825396825397
950,regression,accuracy,0.5956175298804781
951,regression,auc,0.5596956179480451
951,regression,ap,0.47802303203157304
951,regression,f1,0.4864864864864865
951,regression,accuracy,0.5836653386454184
952,regression,auc,0.5670460491889063
952,regression,ap,0.47738215440498677
952,regression,f1,0.4752475247524752
952,regression,accuracy,0.5776892430278885
953,regression,auc,0.6489073711676451
953,regression,ap,0.5414933541410998
953,regression,f1,0.559610705596107
953,regression,accuracy,0.6394422310756972
954,regression,auc,0.6244588034636578
954,regression,ap,0.5264377918404375
954,regression,f1,0.515970515970516
954,regression,accuracy,0.6075697211155379
955,regression,auc,0.5893183300717547
955,regression,ap,0.5074676943872019
955,regression,f1,0.5349397590361445
955,regression,accuracy,0.6155378486055777
956,regression,auc,0.6157685762904141
956,regression,ap,0.5399537363471726
956,regression,f1,0.56
956,regression,accuracy,0.6274900398406374
957,regression,auc,0.6361363337281222
957,regression,ap,0.5397259239626373
957,regression,f1,0.5454545454545454
957,regression,accuracy,0.6314741035856574
958,regression,auc,0.5853777258566978
958,regression,ap,0.5492392872170035
958,regression,f1,0.508235294117647
958,regression,accuracy,0.5836653386454184
959,regression,auc,0.5971075389651634
959,regression,ap,0.5308397918800064
959,regression,f1,0.5196078431372549
959,regression,accuracy,0.6095617529880478
960,regression,auc,0.6502100840336135
960,regression,ap,0.5218448886194269
960,regression,f1,0.5459183673469388
960,regression,accuracy,0.6454183266932271
961,regression,auc,0.6023374773374773
961,regression,ap,0.5175411393260847
961,regression,f1,0.5411764705882353
961,regression,accuracy,0.6115537848605578
962,regression,auc,0.6157553625477037
962,regression,ap,0.5238949957082404
962,regression,f1,0.5414634146341464
962,regression,accuracy,0.6254980079681275
963,regression,auc,0.6070748033419651
963,regression,ap,0.5104230427510837
963,regression,f1,0.5213270142180095
963,regression,accuracy,0.5976095617529881
964,regression,auc,0.6178608515057114
964,regression,ap,0.542240010255201
964,regression,f1,0.5432692307692307
964,regression,accuracy,0.6215139442231076
965,regression,auc,0.5642655024658421
965,regression,ap,0.5068205394232997
965,regression,f1,0.4630541871921182
965,regression,accuracy,0.5657370517928287
966,regression,auc,0.5922448913866122
966,regression,ap,0.5254442651967633
966,regression,f1,0.5272727272727272
966,regression,accuracy,0.5856573705179283
967,regression,auc,0.6269184020743863
967,regression,ap,0.5443999167646194
967,regression,f1,0.5647058823529412
967,regression,accuracy,0.6314741035856574
968,regression,auc,0.6015057113187954
968,regression,ap,0.5167084776106269
968,regression,f1,0.49627791563275436
968,regression,accuracy,0.5956175298804781
969,regression,auc,0.5961753504578235
969,regression,ap,0.5247280984457834
969,regression,f1,0.5462962962962963
969,regression,accuracy,0.6095617529880478
970,regression,auc,0.6047585700947046
970,regression,ap,0.4800731464986586
970,regression,f1,0.48677248677248675
970,regression,accuracy,0.6135458167330677
971,regression,auc,0.6060913705583756
971,regression,ap,0.49657601232504683
971,regression,f1,0.5012285012285013
971,regression,accuracy,0.5956175298804781
972,regression,auc,0.5822682119205298
972,regression,ap,0.47981253245424255
972,regression,f1,0.5153061224489796
972,regression,accuracy,0.6215139442231076
973,regression,auc,0.5846685618296938
973,regression,ap,0.5063571162601297
973,regression,f1,0.5190476190476191
973,regression,accuracy,0.5976095617529881
974,regression,auc,0.6164492471443406
974,regression,ap,0.5111763052855876
974,regression,f1,0.5192307692307693
974,regression,accuracy,0.601593625498008
975,regression,auc,0.5992101869761444
975,regression,ap,0.5394239515649377
975,regression,f1,0.5227272727272727
975,regression,accuracy,0.5816733067729084
976,regression,auc,0.5756590071013349
976,regression,ap,0.5256699565435505
976,regression,f1,0.5520361990950227
976,regression,accuracy,0.6055776892430279
977,regression,auc,0.6288101779173207
977,regression,ap,0.537306012862351
977,regression,f1,0.5533980582524272
977,regression,accuracy,0.6334661354581673
978,regression,auc,0.5787110146071851
978,regression,ap,0.48256050550193447
978,regression,f1,0.4854368932038835
978,regression,accuracy,0.5776892430278885
979,regression,auc,0.5856164383561644
979,regression,ap,0.47915013805288376
979,regression,f1,0.508557457212714
979,regression,accuracy,0.599601593625498
980,regression,auc,0.6167534157449577
980,regression,ap,0.5282225282086749
980,regression,f1,0.5349397590361445
980,regression,accuracy,0.6155378486055777
981,regression,auc,0.6168140584029577
981,regression,ap,0.5280807993188728
981,regression,f1,0.5467625899280576
981,regression,accuracy,0.6235059760956175
982,regression,auc,0.5762929332806949
982,regression,ap,0.4930287966584028
982,regression,f1,0.47959183673469385
982,regression,accuracy,0.5936254980079682
983,regression,auc,0.6175827814569537
983,regression,ap,0.5391026684286973
983,regression,f1,0.5485436893203883
983,regression,accuracy,0.6294820717131474
984,regression,auc,0.6359634160209238
984,regression,ap,0.5617301026514542
984,regression,f1,0.5407925407925408
984,regression,accuracy,0.6075697211155379
985,regression,auc,0.5716427500535447
985,regression,ap,0.469878647741757
985,regression,f1,0.45918367346938777
985,regression,accuracy,0.5776892430278885
986,regression,auc,0.5904439128123339
986,regression,ap,0.5048715992624078
986,regression,f1,0.5092838196286472
986,regression,accuracy,0.6314741035856574
987,regression,auc,0.6167015013481819
987,regression,ap,0.5679716568885722
987,regression,f1,0.5919282511210763
987,regression,accuracy,0.6374501992031872
988,regression,auc,0.5915619538986436
988,regression,ap,0.47891453221083236
988,regression,f1,0.5
988,regression,accuracy,0.6135458167330677
989,regression,auc,0.5829393895089104
989,regression,ap,0.5128580173376218
989,regression,f1,0.49523809523809526
989,regression,accuracy,0.5776892430278885
990,regression,auc,0.640616823652538
990,regression,ap,0.5572015581331775
990,regression,f1,0.5643564356435643
990,regression,accuracy,0.649402390438247
991,regression,auc,0.5856263370184692
991,regression,ap,0.501532771594497
991,regression,f1,0.5120772946859904
991,regression,accuracy,0.5976095617529881
992,regression,auc,0.6044757033248083
992,regression,ap,0.5550509750395568
992,regression,f1,0.5285714285714286
992,regression,accuracy,0.6055776892430279
993,regression,auc,0.5553135313531353
993,regression,ap,0.46810074250426276
993,regression,f1,0.4832904884318766
993,regression,accuracy,0.599601593625498
994,regression,auc,0.6352321529859817
994,regression,ap,0.5664629093606771
994,regression,f1,0.5631067961165048
994,regression,accuracy,0.6414342629482072
995,regression,auc,0.5907675427981348
995,regression,ap,0.5390528628247369
995,regression,f1,0.5202863961813843
995,regression,accuracy,0.599601593625498
996,regression,auc,0.6045132172791747
996,regression,ap,0.5517989486342991
996,regression,f1,0.5213270142180095
996,regression,accuracy,0.5976095617529881
997,regression,auc,0.5858285479901558
997,regression,ap,0.45767034353748054
997,regression,f1,0.4810810810810811
997,regression,accuracy,0.6175298804780877
998,regression,auc,0.6376012145748988
998,regression,ap,0.49198953027386605
998,regression,f1,0.5159574468085106
998,regression,accuracy,0.6374501992031872
999,regression,auc,0.6007074557436362
999,regression,ap,0.5273407067228305
999,regression,f1,0.5362318840579711
999,regression,accuracy,0.6175298804780877
0,single_clarity,auc,0.6417333656722451
0,single_clarity,ap,0.5460420060512449
0,single_clarity,f1,0.0091324200913242
0,single_clarity,accuracy,0.5677290836653387
1,single_clarity,auc,0.6075527832716331
1,single_clarity,ap,0.4870304468844635
1,single_clarity,f1,0.031088082901554404
1,single_clarity,accuracy,0.6274900398406374
2,single_clarity,auc,0.5871014964216006
2,single_clarity,ap,0.5069038614287253
2,single_clarity,f1,0.027522935779816515
2,single_clarity,accuracy,0.5776892430278885
3,single_clarity,auc,0.5792249783627546
3,single_clarity,ap,0.48277382323470935
3,single_clarity,f1,0.0
3,single_clarity,accuracy,0.5776892430278885
4,single_clarity,auc,0.5778049575994781
4,single_clarity,ap,0.506812614318958
4,single_clarity,f1,0.009478672985781991
4,single_clarity,accuracy,0.5836653386454184
5,single_clarity,auc,0.6181898934070271
5,single_clarity,ap,0.5211751008948087
5,single_clarity,f1,0.00975609756097561
5,single_clarity,accuracy,0.5956175298804781
6,single_clarity,auc,0.5631929046563193
6,single_clarity,ap,0.4910999322576665
6,single_clarity,f1,0.028708133971291867
6,single_clarity,accuracy,0.5956175298804781
7,single_clarity,auc,0.6450587084148729
7,single_clarity,ap,0.5454976421140478
7,single_clarity,f1,0.0
7,single_clarity,accuracy,0.5796812749003984
8,single_clarity,auc,0.5758323463613633
8,single_clarity,ap,0.4804869068959398
8,single_clarity,f1,0.009708737864077669
8,single_clarity,accuracy,0.5936254980079682
9,single_clarity,auc,0.5984158415841585
9,single_clarity,ap,0.49365590372131984
9,single_clarity,f1,0.019417475728155338
9,single_clarity,accuracy,0.5976095617529881
10,single_clarity,auc,0.604739010989011
10,single_clarity,ap,0.4829635754830072
10,single_clarity,f1,0.010752688172043012
10,single_clarity,accuracy,0.6334661354581673
11,single_clarity,auc,0.6014989504067174
11,single_clarity,ap,0.520086689071609
11,single_clarity,f1,0.009615384615384616
11,single_clarity,accuracy,0.5896414342629482
12,single_clarity,auc,0.5556271235567865
12,single_clarity,ap,0.4835115103700072
12,single_clarity,f1,0.0
12,single_clarity,accuracy,0.5577689243027888
13,single_clarity,auc,0.6187087613797712
13,single_clarity,ap,0.4917410098991748
13,single_clarity,f1,0.010050251256281407
13,single_clarity,accuracy,0.6075697211155379
14,single_clarity,auc,0.6080201657413051
14,single_clarity,ap,0.5174626180272321
14,single_clarity,f1,0.028985507246376812
14,single_clarity,accuracy,0.599601593625498
15,single_clarity,auc,0.6165781951817069
15,single_clarity,ap,0.49083401223796685
15,single_clarity,f1,0.0106951871657754
15,single_clarity,accuracy,0.6314741035856574
16,single_clarity,auc,0.5896172792724517
16,single_clarity,ap,0.4920119721274222
16,single_clarity,f1,0.0
16,single_clarity,accuracy,0.5916334661354582
17,single_clarity,auc,0.5978973509933774
17,single_clarity,ap,0.50680318365502
17,single_clarity,f1,0.0
17,single_clarity,accuracy,0.601593625498008
18,single_clarity,auc,0.566521879021879
18,single_clarity,ap,0.4862078273503917
18,single_clarity,f1,0.0
18,single_clarity,accuracy,0.5557768924302788
19,single_clarity,auc,0.5896604813224212
19,single_clarity,ap,0.504582781828437
19,single_clarity,f1,0.009259259259259259
19,single_clarity,accuracy,0.5737051792828686
20,single_clarity,auc,0.5790663630448927
20,single_clarity,ap,0.4997070815304912
20,single_clarity,f1,0.018518518518518517
20,single_clarity,accuracy,0.5776892430278885
21,single_clarity,auc,0.6209059233449478
21,single_clarity,ap,0.5455769097845622
21,single_clarity,f1,0.009259259259259259
21,single_clarity,accuracy,0.5737051792828686
22,single_clarity,auc,0.6219843451146793
22,single_clarity,ap,0.5427619972057502
22,single_clarity,f1,0.0
22,single_clarity,accuracy,0.5537848605577689
23,single_clarity,auc,0.5865875196232339
23,single_clarity,ap,0.5068345828788393
23,single_clarity,f1,0.0
23,single_clarity,accuracy,0.5816733067729084
24,single_clarity,auc,0.5250326157860404
24,single_clarity,ap,0.4342295945719635
24,single_clarity,f1,0.0
24,single_clarity,accuracy,0.5776892430278885
25,single_clarity,auc,0.5560983397190293
25,single_clarity,ap,0.5358759769523264
25,single_clarity,f1,0.0
25,single_clarity,accuracy,0.5358565737051793
26,single_clarity,auc,0.6231960408684547
26,single_clarity,ap,0.5721842439990716
26,single_clarity,f1,0.0
26,single_clarity,accuracy,0.5318725099601593
27,single_clarity,auc,0.607840263187896
27,single_clarity,ap,0.5344030455654434
27,single_clarity,f1,0.0
27,single_clarity,accuracy,0.5776892430278885
28,single_clarity,auc,0.6173627694656985
28,single_clarity,ap,0.5395202903737374
28,single_clarity,f1,0.0
28,single_clarity,accuracy,0.5737051792828686
29,single_clarity,auc,0.5883153715258083
29,single_clarity,ap,0.5461007569501124
29,single_clarity,f1,0.009259259259259259
29,single_clarity,accuracy,0.5737051792828686
30,single_clarity,auc,0.62240244124915
30,single_clarity,ap,0.5266519040243145
30,single_clarity,f1,0.019801980198019802
30,single_clarity,accuracy,0.6055776892430279
31,single_clarity,auc,0.5678399725274725
31,single_clarity,ap,0.43866688916291785
31,single_clarity,f1,0.01092896174863388
31,single_clarity,accuracy,0.6394422310756972
32,single_clarity,auc,0.6323762376237624
32,single_clarity,ap,0.5462975157574705
32,single_clarity,f1,0.0196078431372549
32,single_clarity,accuracy,0.601593625498008
33,single_clarity,auc,0.6366104133961278
33,single_clarity,ap,0.5823083472866717
33,single_clarity,f1,0.0
33,single_clarity,accuracy,0.5856573705179283
34,single_clarity,auc,0.5997495757615698
34,single_clarity,ap,0.48899989219903955
34,single_clarity,f1,0.009615384615384616
34,single_clarity,accuracy,0.5896414342629482
35,single_clarity,auc,0.6001467710371821
35,single_clarity,ap,0.5032263266420758
35,single_clarity,f1,0.009478672985781991
35,single_clarity,accuracy,0.5836653386454184
36,single_clarity,auc,0.5705674632503901
36,single_clarity,ap,0.4715792307113471
36,single_clarity,f1,0.009615384615384616
36,single_clarity,accuracy,0.5896414342629482
37,single_clarity,auc,0.5645335869850433
37,single_clarity,ap,0.4832057197200482
37,single_clarity,f1,0.009615384615384616
37,single_clarity,accuracy,0.5896414342629482
38,single_clarity,auc,0.6307554187508015
38,single_clarity,ap,0.582141115956864
38,single_clarity,f1,0.008771929824561403
38,single_clarity,accuracy,0.549800796812749
39,single_clarity,auc,0.5735574339180144
39,single_clarity,ap,0.4853009803603887
39,single_clarity,f1,0.0
39,single_clarity,accuracy,0.5756972111553785
40,single_clarity,auc,0.6657645247548821
40,single_clarity,ap,0.608675175970781
40,single_clarity,f1,0.018433179723502304
40,single_clarity,accuracy,0.5756972111553785
41,single_clarity,auc,0.6432804587786138
41,single_clarity,ap,0.6055440468510578
41,single_clarity,f1,0.0
41,single_clarity,accuracy,0.5378486055776892
42,single_clarity,auc,0.5742279994121201
42,single_clarity,ap,0.49047729085477254
42,single_clarity,f1,0.009478672985781991
42,single_clarity,accuracy,0.5836653386454184
43,single_clarity,auc,0.6086054614698971
43,single_clarity,ap,0.5359077423646177
43,single_clarity,f1,0.009216589861751152
43,single_clarity,accuracy,0.5717131474103586
44,single_clarity,auc,0.5771886263516219
44,single_clarity,ap,0.5182796180897795
44,single_clarity,f1,0.0
44,single_clarity,accuracy,0.5438247011952191
45,single_clarity,auc,0.6485035783994795
45,single_clarity,ap,0.5626116274695092
45,single_clarity,f1,0.009389671361502348
45,single_clarity,accuracy,0.5796812749003984
46,single_clarity,auc,0.6270006506180872
46,single_clarity,ap,0.5705778504982926
46,single_clarity,f1,0.0
46,single_clarity,accuracy,0.5756972111553785
47,single_clarity,auc,0.5598237885462555
47,single_clarity,ap,0.5045938693276562
47,single_clarity,f1,0.008771929824561403
47,single_clarity,accuracy,0.549800796812749
48,single_clarity,auc,0.6148349177800616
48,single_clarity,ap,0.5763255968239798
48,single_clarity,f1,0.017699115044247787
48,single_clarity,accuracy,0.5577689243027888
49,single_clarity,auc,0.5932757718472004
49,single_clarity,ap,0.5045778657705089
49,single_clarity,f1,0.0
49,single_clarity,accuracy,0.5856573705179283
50,single_clarity,auc,0.589837188267218
50,single_clarity,ap,0.4981351457835474
50,single_clarity,f1,0.0
50,single_clarity,accuracy,0.5617529880478087
51,single_clarity,auc,0.6078950768833182
51,single_clarity,ap,0.5373923465685388
51,single_clarity,f1,0.0091324200913242
51,single_clarity,accuracy,0.5677290836653387
52,single_clarity,auc,0.6345028765902277
52,single_clarity,ap,0.5678566396630369
52,single_clarity,f1,0.0
52,single_clarity,accuracy,0.5717131474103586
53,single_clarity,auc,0.5761172184482238
53,single_clarity,ap,0.5386059673041153
53,single_clarity,f1,0.0
53,single_clarity,accuracy,0.5219123505976095
54,single_clarity,auc,0.5583605438861543
54,single_clarity,ap,0.4656838016742971
54,single_clarity,f1,0.009259259259259259
54,single_clarity,accuracy,0.5737051792828686
55,single_clarity,auc,0.5962061802547463
55,single_clarity,ap,0.5362661500361707
55,single_clarity,f1,0.0
55,single_clarity,accuracy,0.5597609561752988
56,single_clarity,auc,0.6133948008707901
56,single_clarity,ap,0.5779833665379932
56,single_clarity,f1,0.0
56,single_clarity,accuracy,0.545816733067729
57,single_clarity,auc,0.5674257425742575
57,single_clarity,ap,0.47505298399285967
57,single_clarity,f1,0.0
57,single_clarity,accuracy,0.5956175298804781
58,single_clarity,auc,0.6085346471710108
58,single_clarity,ap,0.5905922776376953
58,single_clarity,f1,0.00823045267489712
58,single_clarity,accuracy,0.5199203187250996
59,single_clarity,auc,0.5931429681429682
59,single_clarity,ap,0.503382900803066
59,single_clarity,f1,0.009216589861751152
59,single_clarity,accuracy,0.5717131474103586
60,single_clarity,auc,0.5901454467054745
60,single_clarity,ap,0.48964557579680773
60,single_clarity,f1,0.009900990099009901
60,single_clarity,accuracy,0.601593625498008
61,single_clarity,auc,0.6019370781299236
61,single_clarity,ap,0.4776832718310486
61,single_clarity,f1,0.0
61,single_clarity,accuracy,0.601593625498008
62,single_clarity,auc,0.608041649979976
62,single_clarity,ap,0.5613608329792471
62,single_clarity,f1,0.0
62,single_clarity,accuracy,0.545816733067729
63,single_clarity,auc,0.6068693693693694
63,single_clarity,ap,0.5453904645882817
63,single_clarity,f1,0.017699115044247787
63,single_clarity,accuracy,0.5577689243027888
64,single_clarity,auc,0.5898438152509814
64,single_clarity,ap,0.49943640538664746
64,single_clarity,f1,0.020100502512562814
64,single_clarity,accuracy,0.6115537848605578
65,single_clarity,auc,0.5804878048780489
65,single_clarity,ap,0.47813231030217174
65,single_clarity,f1,0.00966183574879227
65,single_clarity,accuracy,0.5916334661354582
66,single_clarity,auc,0.6092655512793674
66,single_clarity,ap,0.5415332818068752
66,single_clarity,f1,0.009009009009009009
66,single_clarity,accuracy,0.5617529880478087
67,single_clarity,auc,0.5972602285354164
67,single_clarity,ap,0.48648293075810817
67,single_clarity,f1,0.0
67,single_clarity,accuracy,0.601593625498008
68,single_clarity,auc,0.6064986629932745
68,single_clarity,ap,0.5666467414291159
68,single_clarity,f1,0.018433179723502304
68,single_clarity,accuracy,0.5756972111553785
69,single_clarity,auc,0.5977728649799393
69,single_clarity,ap,0.4862097996342738
69,single_clarity,f1,0.018957345971563982
69,single_clarity,accuracy,0.5876494023904383
70,single_clarity,auc,0.5729055315346937
70,single_clarity,ap,0.5544836522562625
70,single_clarity,f1,0.0
70,single_clarity,accuracy,0.5338645418326693
71,single_clarity,auc,0.5620244030438205
71,single_clarity,ap,0.4629720540446346
71,single_clarity,f1,0.009615384615384616
71,single_clarity,accuracy,0.5896414342629482
72,single_clarity,auc,0.6324382031699105
72,single_clarity,ap,0.5221174423623289
72,single_clarity,f1,0.0
72,single_clarity,accuracy,0.5896414342629482
73,single_clarity,auc,0.5933900257487464
73,single_clarity,ap,0.4740710230968775
73,single_clarity,f1,0.0
73,single_clarity,accuracy,0.6254980079681275
74,single_clarity,auc,0.5882420091324201
74,single_clarity,ap,0.5064593925450125
74,single_clarity,f1,0.009389671361502348
74,single_clarity,accuracy,0.5796812749003984
75,single_clarity,auc,0.5982805207565709
75,single_clarity,ap,0.5218391408681744
75,single_clarity,f1,0.0
75,single_clarity,accuracy,0.5876494023904383
76,single_clarity,auc,0.5910131128372171
76,single_clarity,ap,0.46268778228257457
76,single_clarity,f1,0.0
76,single_clarity,accuracy,0.6115537848605578
77,single_clarity,auc,0.5881540685868383
77,single_clarity,ap,0.5091336759729379
77,single_clarity,f1,0.018518518518518517
77,single_clarity,accuracy,0.5776892430278885
78,single_clarity,auc,0.638892994990556
78,single_clarity,ap,0.5484798454265047
78,single_clarity,f1,0.0
78,single_clarity,accuracy,0.5916334661354582
79,single_clarity,auc,0.6581916728258193
79,single_clarity,ap,0.5529523377478857
79,single_clarity,f1,0.0
79,single_clarity,accuracy,0.5896414342629482
80,single_clarity,auc,0.5794054026862518
80,single_clarity,ap,0.46692154375152495
80,single_clarity,f1,0.0
80,single_clarity,accuracy,0.6155378486055777
81,single_clarity,auc,0.6005969561794804
81,single_clarity,ap,0.5242822330423833
81,single_clarity,f1,0.019138755980861243
81,single_clarity,accuracy,0.5916334661354582
82,single_clarity,auc,0.6393617021276596
82,single_clarity,ap,0.5828055167858659
82,single_clarity,f1,0.00904977375565611
82,single_clarity,accuracy,0.5637450199203188
83,single_clarity,auc,0.5986336032388665
83,single_clarity,ap,0.48996921373309915
83,single_clarity,f1,0.010471204188481676
83,single_clarity,accuracy,0.6235059760956175
84,single_clarity,auc,0.6235199485199485
84,single_clarity,ap,0.5569481568065218
84,single_clarity,f1,0.017699115044247787
84,single_clarity,accuracy,0.5577689243027888
85,single_clarity,auc,0.6043626538379161
85,single_clarity,ap,0.5110513480335718
85,single_clarity,f1,0.00975609756097561
85,single_clarity,accuracy,0.5956175298804781
86,single_clarity,auc,0.6077622205846229
86,single_clarity,ap,0.5332250199069721
86,single_clarity,f1,0.019138755980861243
86,single_clarity,accuracy,0.5916334661354582
87,single_clarity,auc,0.6089802946862257
87,single_clarity,ap,0.5215653626634096
87,single_clarity,f1,0.018604651162790697
87,single_clarity,accuracy,0.5796812749003984
88,single_clarity,auc,0.5965719397453715
88,single_clarity,ap,0.5529340055132569
88,single_clarity,f1,0.017094017094017096
88,single_clarity,accuracy,0.5418326693227091
89,single_clarity,auc,0.6269039735099338
89,single_clarity,ap,0.5034256198835683
89,single_clarity,f1,0.009852216748768473
89,single_clarity,accuracy,0.599601593625498
90,single_clarity,auc,0.6633265547100499
90,single_clarity,ap,0.5509901432831998
90,single_clarity,f1,0.0
90,single_clarity,accuracy,0.5876494023904383
91,single_clarity,auc,0.6057528780743067
91,single_clarity,ap,0.5225514163600373
91,single_clarity,f1,0.009478672985781991
91,single_clarity,accuracy,0.5836653386454184
92,single_clarity,auc,0.5676986754966886
92,single_clarity,ap,0.5007589927482266
92,single_clarity,f1,0.029556650246305417
92,single_clarity,accuracy,0.6075697211155379
93,single_clarity,auc,0.6329031612645057
93,single_clarity,ap,0.5359657153764148
93,single_clarity,f1,0.0
93,single_clarity,accuracy,0.6055776892430279
94,single_clarity,auc,0.6279207920792079
94,single_clarity,ap,0.5223590950642913
94,single_clarity,f1,0.0196078431372549
94,single_clarity,accuracy,0.601593625498008
95,single_clarity,auc,0.5599335237265437
95,single_clarity,ap,0.49253377505108664
95,single_clarity,f1,0.00909090909090909
95,single_clarity,accuracy,0.5657370517928287
96,single_clarity,auc,0.5931678037260562
96,single_clarity,ap,0.5260503460901763
96,single_clarity,f1,0.0
96,single_clarity,accuracy,0.5876494023904383
97,single_clarity,auc,0.5952028050043828
97,single_clarity,ap,0.5672205731832511
97,single_clarity,f1,0.0
97,single_clarity,accuracy,0.5318725099601593
98,single_clarity,auc,0.5976020366264269
98,single_clarity,ap,0.5191542356159778
98,single_clarity,f1,0.009708737864077669
98,single_clarity,accuracy,0.5936254980079682
99,single_clarity,auc,0.5763276313010706
99,single_clarity,ap,0.5173567209875436
99,single_clarity,f1,0.027649769585253458
99,single_clarity,accuracy,0.5796812749003984
100,single_clarity,auc,0.6586557441768655
100,single_clarity,ap,0.5555034637444584
100,single_clarity,f1,0.009708737864077669
100,single_clarity,accuracy,0.5936254980079682
101,single_clarity,auc,0.6184677095868432
101,single_clarity,ap,0.5805912093974586
101,single_clarity,f1,0.0
101,single_clarity,accuracy,0.5517928286852589
102,single_clarity,auc,0.5921777481900641
102,single_clarity,ap,0.48025471286608906
102,single_clarity,f1,0.0
102,single_clarity,accuracy,0.603585657370518
103,single_clarity,auc,0.6326241134751773
103,single_clarity,ap,0.570315225135129
103,single_clarity,f1,0.03524229074889868
103,single_clarity,accuracy,0.5637450199203188
104,single_clarity,auc,0.5377897211958347
104,single_clarity,ap,0.48275787017799987
104,single_clarity,f1,0.008620689655172414
104,single_clarity,accuracy,0.5418326693227091
105,single_clarity,auc,0.5589603960396039
105,single_clarity,ap,0.4764916349092312
105,single_clarity,f1,0.0
105,single_clarity,accuracy,0.5976095617529881
106,single_clarity,auc,0.6194680249009621
106,single_clarity,ap,0.5375787206751252
106,single_clarity,f1,0.01809954751131222
106,single_clarity,accuracy,0.5677290836653387
107,single_clarity,auc,0.5886711942802234
107,single_clarity,ap,0.515144658621952
107,single_clarity,f1,0.0639269406392694
107,single_clarity,accuracy,0.5916334661354582
108,single_clarity,auc,0.6287681739362412
108,single_clarity,ap,0.5258470948991543
108,single_clarity,f1,0.020202020202020204
108,single_clarity,accuracy,0.6135458167330677
109,single_clarity,auc,0.6464143910542096
109,single_clarity,ap,0.5657406284145121
109,single_clarity,f1,0.027522935779816515
109,single_clarity,accuracy,0.5776892430278885
110,single_clarity,auc,0.5981625323644867
110,single_clarity,ap,0.48525209059254115
110,single_clarity,f1,0.01020408163265306
110,single_clarity,accuracy,0.6135458167330677
111,single_clarity,auc,0.6578085418784387
111,single_clarity,ap,0.5815111600163658
111,single_clarity,f1,0.009009009009009009
111,single_clarity,accuracy,0.5617529880478087
112,single_clarity,auc,0.6486490925515315
112,single_clarity,ap,0.5580174524719643
112,single_clarity,f1,0.0
112,single_clarity,accuracy,0.5896414342629482
113,single_clarity,auc,0.6102728942534767
113,single_clarity,ap,0.5058759503716439
113,single_clarity,f1,0.0
113,single_clarity,accuracy,0.5876494023904383
114,single_clarity,auc,0.5830164549407452
114,single_clarity,ap,0.4694927065202007
114,single_clarity,f1,0.010752688172043012
114,single_clarity,accuracy,0.6334661354581673
115,single_clarity,auc,0.5598222252150638
115,single_clarity,ap,0.43542898017046994
115,single_clarity,f1,0.020512820512820513
115,single_clarity,accuracy,0.6195219123505976
116,single_clarity,auc,0.5732118758434548
116,single_clarity,ap,0.4486354585614712
116,single_clarity,f1,0.0
116,single_clarity,accuracy,0.6195219123505976
117,single_clarity,auc,0.5662642782969886
117,single_clarity,ap,0.49555624187066283
117,single_clarity,f1,0.0365296803652968
117,single_clarity,accuracy,0.5796812749003984
118,single_clarity,auc,0.5936518838304553
118,single_clarity,ap,0.5278412027926478
118,single_clarity,f1,0.0
118,single_clarity,accuracy,0.5856573705179283
119,single_clarity,auc,0.6086395873629917
119,single_clarity,ap,0.5521031833491064
119,single_clarity,f1,0.0
119,single_clarity,accuracy,0.5617529880478087
120,single_clarity,auc,0.583204384268214
120,single_clarity,ap,0.5202697199915003
120,single_clarity,f1,0.009009009009009009
120,single_clarity,accuracy,0.5617529880478087
121,single_clarity,auc,0.5768990834493017
121,single_clarity,ap,0.5497130246634323
121,single_clarity,f1,0.0
121,single_clarity,accuracy,0.5418326693227091
122,single_clarity,auc,0.6127153199633852
122,single_clarity,ap,0.48411676246225155
122,single_clarity,f1,0.01
122,single_clarity,accuracy,0.6055776892430279
123,single_clarity,auc,0.5555136447126738
123,single_clarity,ap,0.463881203461606
123,single_clarity,f1,0.02857142857142857
123,single_clarity,accuracy,0.5936254980079682
124,single_clarity,auc,0.5888760063360386
124,single_clarity,ap,0.5121604466573777
124,single_clarity,f1,0.0
124,single_clarity,accuracy,0.5816733067729084
125,single_clarity,auc,0.5893405600722674
125,single_clarity,ap,0.4837200229845735
125,single_clarity,f1,0.00966183574879227
125,single_clarity,accuracy,0.5916334661354582
126,single_clarity,auc,0.5781431334622824
126,single_clarity,ap,0.5245299931604709
126,single_clarity,f1,0.0
126,single_clarity,accuracy,0.5597609561752988
127,single_clarity,auc,0.5989478998713376
127,single_clarity,ap,0.507087946562264
127,single_clarity,f1,0.009345794392523364
127,single_clarity,accuracy,0.5776892430278885
128,single_clarity,auc,0.5990180577515187
128,single_clarity,ap,0.4652222226398575
128,single_clarity,f1,0.0
128,single_clarity,accuracy,0.6055776892430279
129,single_clarity,auc,0.6258325905518191
129,single_clarity,ap,0.5614132533581975
129,single_clarity,f1,0.027522935779816515
129,single_clarity,accuracy,0.5776892430278885
130,single_clarity,auc,0.6180879305879305
130,single_clarity,ap,0.5378980462674049
130,single_clarity,f1,0.0182648401826484
130,single_clarity,accuracy,0.5717131474103586
131,single_clarity,auc,0.5583446518101178
131,single_clarity,ap,0.4797057629748294
131,single_clarity,f1,0.030456852791878174
131,single_clarity,accuracy,0.6195219123505976
132,single_clarity,auc,0.5965255157437568
132,single_clarity,ap,0.4891115248575661
132,single_clarity,f1,0.01015228426395939
132,single_clarity,accuracy,0.6115537848605578
133,single_clarity,auc,0.591364538457815
133,single_clarity,ap,0.533694895447111
133,single_clarity,f1,0.00909090909090909
133,single_clarity,accuracy,0.5657370517928287
134,single_clarity,auc,0.5693427116177541
134,single_clarity,ap,0.488430114191117
134,single_clarity,f1,0.017857142857142856
134,single_clarity,accuracy,0.5617529880478087
135,single_clarity,auc,0.6060283687943262
135,single_clarity,ap,0.5403388446205594
135,single_clarity,f1,0.0
135,single_clarity,accuracy,0.5617529880478087
136,single_clarity,auc,0.6118091483945143
136,single_clarity,ap,0.503110369974797
136,single_clarity,f1,0.0
136,single_clarity,accuracy,0.5876494023904383
137,single_clarity,auc,0.6266024869634979
137,single_clarity,ap,0.5647335392490099
137,single_clarity,f1,0.008771929824561403
137,single_clarity,accuracy,0.549800796812749
138,single_clarity,auc,0.5897167517431281
138,single_clarity,ap,0.5657541296448454
138,single_clarity,f1,0.009009009009009009
138,single_clarity,accuracy,0.5617529880478087
139,single_clarity,auc,0.5876245916048891
139,single_clarity,ap,0.5051508863297428
139,single_clarity,f1,0.01
139,single_clarity,accuracy,0.6055776892430279
140,single_clarity,auc,0.6200789950789951
140,single_clarity,ap,0.5641650552888657
140,single_clarity,f1,0.0182648401826484
140,single_clarity,accuracy,0.5717131474103586
141,single_clarity,auc,0.5583474816072439
141,single_clarity,ap,0.48836163106985486
141,single_clarity,f1,0.009174311926605505
141,single_clarity,accuracy,0.5697211155378487
142,single_clarity,auc,0.6014239028944911
142,single_clarity,ap,0.47860890041302667
142,single_clarity,f1,0.01015228426395939
142,single_clarity,accuracy,0.6115537848605578
143,single_clarity,auc,0.6238994757426979
143,single_clarity,ap,0.5130358821438503
143,single_clarity,f1,0.0
143,single_clarity,accuracy,0.603585657370518
144,single_clarity,auc,0.5879227529938149
144,single_clarity,ap,0.49408958406617737
144,single_clarity,f1,0.02857142857142857
144,single_clarity,accuracy,0.5936254980079682
145,single_clarity,auc,0.6297540238836967
145,single_clarity,ap,0.5395571179358268
145,single_clarity,f1,0.0
145,single_clarity,accuracy,0.5717131474103586
146,single_clarity,auc,0.5908443708609272
146,single_clarity,ap,0.49213685072222746
146,single_clarity,f1,0.01951219512195122
146,single_clarity,accuracy,0.599601593625498
147,single_clarity,auc,0.6143957583033213
147,single_clarity,ap,0.5089960451450433
147,single_clarity,f1,0.02
147,single_clarity,accuracy,0.6095617529880478
148,single_clarity,auc,0.5721642498983602
148,single_clarity,ap,0.4504323097046693
148,single_clarity,f1,0.0
148,single_clarity,accuracy,0.6235059760956175
149,single_clarity,auc,0.5965863222235037
149,single_clarity,ap,0.5076428456787854
149,single_clarity,f1,0.047619047619047616
149,single_clarity,accuracy,0.601593625498008
150,single_clarity,auc,0.6156048906048905
150,single_clarity,ap,0.5637994756515875
150,single_clarity,f1,0.008888888888888889
150,single_clarity,accuracy,0.5557768924302788
151,single_clarity,auc,0.6424338269356719
151,single_clarity,ap,0.5937572355630502
151,single_clarity,f1,0.017094017094017096
151,single_clarity,accuracy,0.5418326693227091
152,single_clarity,auc,0.6207384515289525
152,single_clarity,ap,0.5144182673666629
152,single_clarity,f1,0.0
152,single_clarity,accuracy,0.5697211155378487
153,single_clarity,auc,0.6188118811881188
153,single_clarity,ap,0.5436730736561254
153,single_clarity,f1,0.009852216748768473
153,single_clarity,accuracy,0.599601593625498
154,single_clarity,auc,0.5747469037463384
154,single_clarity,ap,0.45239176139856135
154,single_clarity,f1,0.021505376344086023
154,single_clarity,accuracy,0.6374501992031872
155,single_clarity,auc,0.5879855826992391
155,single_clarity,ap,0.5199709123863485
155,single_clarity,f1,0.0
155,single_clarity,accuracy,0.547808764940239
156,single_clarity,auc,0.5722437137330754
156,single_clarity,ap,0.4962156205533672
156,single_clarity,f1,0.00904977375565611
156,single_clarity,accuracy,0.5637450199203188
157,single_clarity,auc,0.5832517938682322
157,single_clarity,ap,0.4954398641087233
157,single_clarity,f1,0.009433962264150943
157,single_clarity,accuracy,0.5816733067729084
158,single_clarity,auc,0.5888363630456325
158,single_clarity,ap,0.5397194557916535
158,single_clarity,f1,0.027777777777777776
158,single_clarity,accuracy,0.5816733067729084
159,single_clarity,auc,0.597227059389356
159,single_clarity,ap,0.5031114801511749
159,single_clarity,f1,0.019801980198019802
159,single_clarity,accuracy,0.6055776892430279
160,single_clarity,auc,0.5782110994489635
160,single_clarity,ap,0.4929409843006187
160,single_clarity,f1,0.028708133971291867
160,single_clarity,accuracy,0.5956175298804781
161,single_clarity,auc,0.5944202863145551
161,single_clarity,ap,0.5254364334315762
161,single_clarity,f1,0.018779342723004695
161,single_clarity,accuracy,0.5836653386454184
162,single_clarity,auc,0.6174779794206212
162,single_clarity,ap,0.552966404166835
162,single_clarity,f1,0.01762114537444934
162,single_clarity,accuracy,0.5557768924302788
163,single_clarity,auc,0.6057156935205715
163,single_clarity,ap,0.5206322455234356
163,single_clarity,f1,0.009708737864077669
163,single_clarity,accuracy,0.5936254980079682
164,single_clarity,auc,0.6042320774463632
164,single_clarity,ap,0.5009428648449715
164,single_clarity,f1,0.009478672985781991
164,single_clarity,accuracy,0.5836653386454184
165,single_clarity,auc,0.5937039764359352
165,single_clarity,ap,0.48893485328833375
165,single_clarity,f1,0.02030456852791878
165,single_clarity,accuracy,0.6155378486055777
166,single_clarity,auc,0.6160401002506264
166,single_clarity,ap,0.5580653930538887
166,single_clarity,f1,0.009174311926605505
166,single_clarity,accuracy,0.5697211155378487
167,single_clarity,auc,0.5675856881214023
167,single_clarity,ap,0.4607952316175699
167,single_clarity,f1,0.0
167,single_clarity,accuracy,0.5836653386454184
168,single_clarity,auc,0.6052270697793086
168,single_clarity,ap,0.5709327125630874
168,single_clarity,f1,0.0
168,single_clarity,accuracy,0.5318725099601593
169,single_clarity,auc,0.5958897485493231
169,single_clarity,ap,0.5280808756357793
169,single_clarity,f1,0.00904977375565611
169,single_clarity,accuracy,0.5637450199203188
170,single_clarity,auc,0.6167418890633176
170,single_clarity,ap,0.5333803369974408
170,single_clarity,f1,0.02843601895734597
170,single_clarity,accuracy,0.5916334661354582
171,single_clarity,auc,0.5925830501924285
171,single_clarity,ap,0.5332873305476132
171,single_clarity,f1,0.017777777777777778
171,single_clarity,accuracy,0.5597609561752988
172,single_clarity,auc,0.6076956458845653
172,single_clarity,ap,0.5443125616898029
172,single_clarity,f1,0.008888888888888889
172,single_clarity,accuracy,0.5557768924302788
173,single_clarity,auc,0.6068494735624205
173,single_clarity,ap,0.49196330538259386
173,single_clarity,f1,0.00980392156862745
173,single_clarity,accuracy,0.5976095617529881
174,single_clarity,auc,0.6115655807799667
174,single_clarity,ap,0.5464399434404232
174,single_clarity,f1,0.02702702702702703
174,single_clarity,accuracy,0.5697211155378487
175,single_clarity,auc,0.5786017393549219
175,single_clarity,ap,0.5217233327659783
175,single_clarity,f1,0.018018018018018018
175,single_clarity,accuracy,0.5657370517928287
176,single_clarity,auc,0.621914191419142
176,single_clarity,ap,0.5096420181520436
176,single_clarity,f1,0.009852216748768473
176,single_clarity,accuracy,0.599601593625498
177,single_clarity,auc,0.6527339123568892
177,single_clarity,ap,0.5594104028061211
177,single_clarity,f1,0.0
177,single_clarity,accuracy,0.5936254980079682
178,single_clarity,auc,0.5881859399454636
178,single_clarity,ap,0.5225288346800263
178,single_clarity,f1,0.01809954751131222
178,single_clarity,accuracy,0.5677290836653387
179,single_clarity,auc,0.6001590083073728
179,single_clarity,ap,0.5296700336586166
179,single_clarity,f1,0.009259259259259259
179,single_clarity,accuracy,0.5737051792828686
180,single_clarity,auc,0.6035875160875162
180,single_clarity,ap,0.54549034633697
180,single_clarity,f1,0.008928571428571428
180,single_clarity,accuracy,0.5577689243027888
181,single_clarity,auc,0.5740415935855676
181,single_clarity,ap,0.4388012116033719
181,single_clarity,f1,0.0
181,single_clarity,accuracy,0.6095617529880478
182,single_clarity,auc,0.6074319116135662
182,single_clarity,ap,0.5626845153505289
182,single_clarity,f1,0.008888888888888889
182,single_clarity,accuracy,0.5557768924302788
183,single_clarity,auc,0.5968558093834438
183,single_clarity,ap,0.5038165286475653
183,single_clarity,f1,0.019138755980861243
183,single_clarity,accuracy,0.5916334661354582
184,single_clarity,auc,0.5986737015344402
184,single_clarity,ap,0.531867528374294
184,single_clarity,f1,0.00904977375565611
184,single_clarity,accuracy,0.5637450199203188
185,single_clarity,auc,0.5178911336116576
185,single_clarity,ap,0.4748269401700955
185,single_clarity,f1,0.0
185,single_clarity,accuracy,0.5418326693227091
186,single_clarity,auc,0.5649284501576521
186,single_clarity,ap,0.48213908740894423
186,single_clarity,f1,0.0091324200913242
186,single_clarity,accuracy,0.5677290836653387
187,single_clarity,auc,0.5918400310117586
187,single_clarity,ap,0.5072812812903
187,single_clarity,f1,0.017937219730941704
187,single_clarity,accuracy,0.5637450199203188
188,single_clarity,auc,0.6325980720310617
188,single_clarity,ap,0.4997048509446427
188,single_clarity,f1,0.020100502512562814
188,single_clarity,accuracy,0.6115537848605578
189,single_clarity,auc,0.5797790339157246
189,single_clarity,ap,0.5243831370271236
189,single_clarity,f1,0.008849557522123894
189,single_clarity,accuracy,0.5537848605577689
190,single_clarity,auc,0.5727809706257982
190,single_clarity,ap,0.5144815230991773
190,single_clarity,f1,0.0
190,single_clarity,accuracy,0.5358565737051793
191,single_clarity,auc,0.5880848846109998
191,single_clarity,ap,0.48308062614444414
191,single_clarity,f1,0.0
191,single_clarity,accuracy,0.5776892430278885
192,single_clarity,auc,0.5966986942596698
192,single_clarity,ap,0.49776362659263895
192,single_clarity,f1,0.028846153846153848
192,single_clarity,accuracy,0.5976095617529881
193,single_clarity,auc,0.6126407908597358
193,single_clarity,ap,0.55811575266787
193,single_clarity,f1,0.0365296803652968
193,single_clarity,accuracy,0.5796812749003984
194,single_clarity,auc,0.5807038834951457
194,single_clarity,ap,0.48278362333213043
194,single_clarity,f1,0.009569377990430622
194,single_clarity,accuracy,0.5876494023904383
195,single_clarity,auc,0.6266866566716642
195,single_clarity,ap,0.5051089583668762
195,single_clarity,f1,0.0
195,single_clarity,accuracy,0.5936254980079682
196,single_clarity,auc,0.6277781367101694
196,single_clarity,ap,0.5939379993455393
196,single_clarity,f1,0.0091324200913242
196,single_clarity,accuracy,0.5677290836653387
197,single_clarity,auc,0.6237470961872735
197,single_clarity,ap,0.5225317865817107
197,single_clarity,f1,0.0
197,single_clarity,accuracy,0.5697211155378487
198,single_clarity,auc,0.5781865326958918
198,single_clarity,ap,0.5001202634360982
198,single_clarity,f1,0.009174311926605505
198,single_clarity,accuracy,0.5697211155378487
199,single_clarity,auc,0.6047432803528335
199,single_clarity,ap,0.4924408172573392
199,single_clarity,f1,0.0
199,single_clarity,accuracy,0.6075697211155379
200,single_clarity,auc,0.633611538773195
200,single_clarity,ap,0.5574291878132546
200,single_clarity,f1,0.009259259259259259
200,single_clarity,accuracy,0.5737051792828686
201,single_clarity,auc,0.627250900360144
201,single_clarity,ap,0.5315674351143227
201,single_clarity,f1,0.01015228426395939
201,single_clarity,accuracy,0.6115537848605578
202,single_clarity,auc,0.6114245302730764
202,single_clarity,ap,0.5475820035333319
202,single_clarity,f1,0.008928571428571428
202,single_clarity,accuracy,0.5577689243027888
203,single_clarity,auc,0.5964313197383609
203,single_clarity,ap,0.5169051832023273
203,single_clarity,f1,0.008771929824561403
203,single_clarity,accuracy,0.549800796812749
204,single_clarity,auc,0.5923690932311623
204,single_clarity,ap,0.5693107891982621
204,single_clarity,f1,0.008583690987124463
204,single_clarity,accuracy,0.5398406374501992
205,single_clarity,auc,0.6155920528940657
205,single_clarity,ap,0.5457827167898995
205,single_clarity,f1,0.009302325581395349
205,single_clarity,accuracy,0.5756972111553785
206,single_clarity,auc,0.6099774339136042
206,single_clarity,ap,0.537756098126497
206,single_clarity,f1,0.0
206,single_clarity,accuracy,0.5597609561752988
207,single_clarity,auc,0.6365484710474951
207,single_clarity,ap,0.5530001128454464
207,single_clarity,f1,0.009389671361502348
207,single_clarity,accuracy,0.5796812749003984
208,single_clarity,auc,0.615989665096808
208,single_clarity,ap,0.5441571344809029
208,single_clarity,f1,0.0
208,single_clarity,accuracy,0.5836653386454184
209,single_clarity,auc,0.6050391389432486
209,single_clarity,ap,0.5242581189645001
209,single_clarity,f1,0.018867924528301886
209,single_clarity,accuracy,0.5856573705179283
210,single_clarity,auc,0.5906969309462916
210,single_clarity,ap,0.5480454593423851
210,single_clarity,f1,0.008658008658008658
210,single_clarity,accuracy,0.5438247011952191
211,single_clarity,auc,0.6062386687386688
211,single_clarity,ap,0.5292139277663512
211,single_clarity,f1,0.01834862385321101
211,single_clarity,accuracy,0.5737051792828686
212,single_clarity,auc,0.5574325959630185
212,single_clarity,ap,0.4848144605690432
212,single_clarity,f1,0.0
212,single_clarity,accuracy,0.5597609561752988
213,single_clarity,auc,0.636494276336202
213,single_clarity,ap,0.5818836246331687
213,single_clarity,f1,0.009523809523809525
213,single_clarity,accuracy,0.5856573705179283
214,single_clarity,auc,0.6182138566279536
214,single_clarity,ap,0.5568433728715769
214,single_clarity,f1,0.0
214,single_clarity,accuracy,0.5438247011952191
215,single_clarity,auc,0.6096264484239527
215,single_clarity,ap,0.5518318988230686
215,single_clarity,f1,0.01834862385321101
215,single_clarity,accuracy,0.5737051792828686
216,single_clarity,auc,0.5922112211221122
216,single_clarity,ap,0.5001382883467835
216,single_clarity,f1,0.00980392156862745
216,single_clarity,accuracy,0.5976095617529881
217,single_clarity,auc,0.6035789508599101
217,single_clarity,ap,0.5069945492175744
217,single_clarity,f1,0.009900990099009901
217,single_clarity,accuracy,0.601593625498008
218,single_clarity,auc,0.6344986393133766
218,single_clarity,ap,0.5615151948581303
218,single_clarity,f1,0.017857142857142856
218,single_clarity,accuracy,0.5617529880478087
219,single_clarity,auc,0.5797169127711309
219,single_clarity,ap,0.4882020222718697
219,single_clarity,f1,0.0
219,single_clarity,accuracy,0.5597609561752988
220,single_clarity,auc,0.5992498369210698
220,single_clarity,ap,0.5042811586905855
220,single_clarity,f1,0.018691588785046728
220,single_clarity,accuracy,0.5816733067729084
221,single_clarity,auc,0.6049644690090801
221,single_clarity,ap,0.506789363204921
221,single_clarity,f1,0.00966183574879227
221,single_clarity,accuracy,0.5916334661354582
222,single_clarity,auc,0.5913765312701483
222,single_clarity,ap,0.5368318134804416
222,single_clarity,f1,0.009009009009009009
222,single_clarity,accuracy,0.5617529880478087
223,single_clarity,auc,0.5825031928480204
223,single_clarity,ap,0.5226920494640619
223,single_clarity,f1,0.0
223,single_clarity,accuracy,0.5338645418326693
224,single_clarity,auc,0.5872943845717526
224,single_clarity,ap,0.5473418328644076
224,single_clarity,f1,0.009259259259259259
224,single_clarity,accuracy,0.5737051792828686
225,single_clarity,auc,0.6274287591360763
225,single_clarity,ap,0.5240655514289984
225,single_clarity,f1,0.009615384615384616
225,single_clarity,accuracy,0.5896414342629482
226,single_clarity,auc,0.5840924092409241
226,single_clarity,ap,0.516227863054318
226,single_clarity,f1,0.0
226,single_clarity,accuracy,0.5976095617529881
227,single_clarity,auc,0.6718688845401174
227,single_clarity,ap,0.5998875885789716
227,single_clarity,f1,0.009478672985781991
227,single_clarity,accuracy,0.5836653386454184
228,single_clarity,auc,0.6408846053997924
228,single_clarity,ap,0.566586943925818
228,single_clarity,f1,0.0
228,single_clarity,accuracy,0.5697211155378487
229,single_clarity,auc,0.6374643874643875
229,single_clarity,ap,0.5493529674560592
229,single_clarity,f1,0.00909090909090909
229,single_clarity,accuracy,0.5657370517928287
230,single_clarity,auc,0.5724469363235883
230,single_clarity,ap,0.5231144287463403
230,single_clarity,f1,0.008695652173913044
230,single_clarity,accuracy,0.545816733067729
231,single_clarity,auc,0.5903217469957359
231,single_clarity,ap,0.5212028581367176
231,single_clarity,f1,0.0
231,single_clarity,accuracy,0.5617529880478087
232,single_clarity,auc,0.6376954865894173
232,single_clarity,ap,0.5750755493967188
232,single_clarity,f1,0.0273972602739726
232,single_clarity,accuracy,0.5756972111553785
233,single_clarity,auc,0.5792631917631917
233,single_clarity,ap,0.5283920677069567
233,single_clarity,f1,0.0
233,single_clarity,accuracy,0.5557768924302788
234,single_clarity,auc,0.6015604765604765
234,single_clarity,ap,0.5422530839731302
234,single_clarity,f1,0.0182648401826484
234,single_clarity,accuracy,0.5717131474103586
235,single_clarity,auc,0.6179683008951302
235,single_clarity,ap,0.516875163778614
235,single_clarity,f1,0.0
235,single_clarity,accuracy,0.5916334661354582
236,single_clarity,auc,0.6155347951659487
236,single_clarity,ap,0.5771181685729359
236,single_clarity,f1,0.02702702702702703
236,single_clarity,accuracy,0.5697211155378487
237,single_clarity,auc,0.6071605927112534
237,single_clarity,ap,0.5723796546495271
237,single_clarity,f1,0.008771929824561403
237,single_clarity,accuracy,0.549800796812749
238,single_clarity,auc,0.5849396417445483
238,single_clarity,ap,0.5234780849459273
238,single_clarity,f1,0.009259259259259259
238,single_clarity,accuracy,0.5737051792828686
239,single_clarity,auc,0.5673440875936124
239,single_clarity,ap,0.5040113905780572
239,single_clarity,f1,0.018433179723502304
239,single_clarity,accuracy,0.5756972111553785
240,single_clarity,auc,0.5982533497402243
240,single_clarity,ap,0.46087321914914003
240,single_clarity,f1,0.021164021164021163
240,single_clarity,accuracy,0.6314741035856574
241,single_clarity,auc,0.5951789306421894
241,single_clarity,ap,0.4431327988339804
241,single_clarity,f1,0.010526315789473684
241,single_clarity,accuracy,0.6254980079681275
242,single_clarity,auc,0.5371129624770402
242,single_clarity,ap,0.426585548576199
242,single_clarity,f1,0.0
242,single_clarity,accuracy,0.5856573705179283
243,single_clarity,auc,0.5943225680363512
243,single_clarity,ap,0.5045212370832786
243,single_clarity,f1,0.018691588785046728
243,single_clarity,accuracy,0.5816733067729084
244,single_clarity,auc,0.5906329923273657
244,single_clarity,ap,0.5432784635406911
244,single_clarity,f1,0.008583690987124463
244,single_clarity,accuracy,0.5398406374501992
245,single_clarity,auc,0.5779547564371915
245,single_clarity,ap,0.5005603545362665
245,single_clarity,f1,0.009345794392523364
245,single_clarity,accuracy,0.5776892430278885
246,single_clarity,auc,0.5886617130994942
246,single_clarity,ap,0.4875743766732999
246,single_clarity,f1,0.0
246,single_clarity,accuracy,0.5956175298804781
247,single_clarity,auc,0.650556668001602
247,single_clarity,ap,0.6345241205500358
247,single_clarity,f1,0.0
247,single_clarity,accuracy,0.547808764940239
248,single_clarity,auc,0.5866187785228265
248,single_clarity,ap,0.47653672120277574
248,single_clarity,f1,0.01932367149758454
248,single_clarity,accuracy,0.5956175298804781
249,single_clarity,auc,0.5500872205711331
249,single_clarity,ap,0.4904272503921968
249,single_clarity,f1,0.02702702702702703
249,single_clarity,accuracy,0.5697211155378487
250,single_clarity,auc,0.5934173400025651
250,single_clarity,ap,0.5299027775765845
250,single_clarity,f1,0.026200873362445413
250,single_clarity,accuracy,0.5557768924302788
251,single_clarity,auc,0.6029879872674633
251,single_clarity,ap,0.5809354188135748
251,single_clarity,f1,0.017316017316017316
251,single_clarity,accuracy,0.547808764940239
252,single_clarity,auc,0.6239253254728566
252,single_clarity,ap,0.5192596529083567
252,single_clarity,f1,0.0
252,single_clarity,accuracy,0.5856573705179283
253,single_clarity,auc,0.5851757620650231
253,single_clarity,ap,0.5160226050750352
253,single_clarity,f1,0.008928571428571428
253,single_clarity,accuracy,0.5577689243027888
254,single_clarity,auc,0.5958909770086445
254,single_clarity,ap,0.5207288802283415
254,single_clarity,f1,0.029411764705882353
254,single_clarity,accuracy,0.6055776892430279
255,single_clarity,auc,0.5961862211862212
255,single_clarity,ap,0.5091035275035063
255,single_clarity,f1,0.0182648401826484
255,single_clarity,accuracy,0.5717131474103586
256,single_clarity,auc,0.5971015923147782
256,single_clarity,ap,0.4806185600914661
256,single_clarity,f1,0.0
256,single_clarity,accuracy,0.5876494023904383
257,single_clarity,auc,0.6027745402745402
257,single_clarity,ap,0.5494197243291925
257,single_clarity,f1,0.0
257,single_clarity,accuracy,0.5697211155378487
258,single_clarity,auc,0.5989403973509934
258,single_clarity,ap,0.472656518102843
258,single_clarity,f1,0.009900990099009901
258,single_clarity,accuracy,0.601593625498008
259,single_clarity,auc,0.6337018028687985
259,single_clarity,ap,0.5360188518021456
259,single_clarity,f1,0.019230769230769232
259,single_clarity,accuracy,0.5936254980079682
260,single_clarity,auc,0.618224338094045
260,single_clarity,ap,0.4916445438710508
260,single_clarity,f1,0.020100502512562814
260,single_clarity,accuracy,0.6115537848605578
261,single_clarity,auc,0.5924005218525766
261,single_clarity,ap,0.5081447626705946
261,single_clarity,f1,0.037209302325581395
261,single_clarity,accuracy,0.5876494023904383
262,single_clarity,auc,0.6170953778794965
262,single_clarity,ap,0.503999602500365
262,single_clarity,f1,0.0
262,single_clarity,accuracy,0.601593625498008
263,single_clarity,auc,0.5885086109661454
263,single_clarity,ap,0.4506848417291082
263,single_clarity,f1,0.0
263,single_clarity,accuracy,0.6195219123505976
264,single_clarity,auc,0.590811742161962
264,single_clarity,ap,0.5260834585954905
264,single_clarity,f1,0.008968609865470852
264,single_clarity,accuracy,0.5597609561752988
265,single_clarity,auc,0.5948464912280702
265,single_clarity,ap,0.5001171173574731
265,single_clarity,f1,0.019801980198019802
265,single_clarity,accuracy,0.6055776892430279
266,single_clarity,auc,0.6023972434965789
266,single_clarity,ap,0.5289608879521766
266,single_clarity,f1,0.009523809523809525
266,single_clarity,accuracy,0.5856573705179283
267,single_clarity,auc,0.6365969751612326
267,single_clarity,ap,0.5260788303424617
267,single_clarity,f1,0.0
267,single_clarity,accuracy,0.5737051792828686
268,single_clarity,auc,0.6089194378559788
268,single_clarity,ap,0.5437662459245797
268,single_clarity,f1,0.01809954751131222
268,single_clarity,accuracy,0.5677290836653387
269,single_clarity,auc,0.5937009419152277
269,single_clarity,ap,0.5392291144046115
269,single_clarity,f1,0.009523809523809525
269,single_clarity,accuracy,0.5856573705179283
270,single_clarity,auc,0.6177851422259044
270,single_clarity,ap,0.5224299613257176
270,single_clarity,f1,0.0
270,single_clarity,accuracy,0.5717131474103586
271,single_clarity,auc,0.6294685754303676
271,single_clarity,ap,0.5514389019368398
271,single_clarity,f1,0.018604651162790697
271,single_clarity,accuracy,0.5796812749003984
272,single_clarity,auc,0.599262822102114
272,single_clarity,ap,0.4862033001613235
272,single_clarity,f1,0.00966183574879227
272,single_clarity,accuracy,0.5916334661354582
273,single_clarity,auc,0.5750804375804377
273,single_clarity,ap,0.5488202850266967
273,single_clarity,f1,0.0
273,single_clarity,accuracy,0.5577689243027888
274,single_clarity,auc,0.6123405103668262
274,single_clarity,ap,0.508726617121344
274,single_clarity,f1,0.010050251256281407
274,single_clarity,accuracy,0.6075697211155379
275,single_clarity,auc,0.5651672433679353
275,single_clarity,ap,0.4839009294454406
275,single_clarity,f1,0.0
275,single_clarity,accuracy,0.5737051792828686
276,single_clarity,auc,0.6034246575342466
276,single_clarity,ap,0.5370566274186456
276,single_clarity,f1,0.028169014084507043
276,single_clarity,accuracy,0.5876494023904383
277,single_clarity,auc,0.6487279843444227
277,single_clarity,ap,0.5426848969094131
277,single_clarity,f1,0.0
277,single_clarity,accuracy,0.5796812749003984
278,single_clarity,auc,0.5863992172211351
278,single_clarity,ap,0.5043524593355803
278,single_clarity,f1,0.0
278,single_clarity,accuracy,0.5816733067729084
279,single_clarity,auc,0.5436453427524855
279,single_clarity,ap,0.45822096354476616
279,single_clarity,f1,0.0
279,single_clarity,accuracy,0.5776892430278885
280,single_clarity,auc,0.6062435098650052
280,single_clarity,ap,0.54584805480302
280,single_clarity,f1,0.009259259259259259
280,single_clarity,accuracy,0.5737051792828686
281,single_clarity,auc,0.6158804805093014
281,single_clarity,ap,0.5525115846040471
281,single_clarity,f1,0.008658008658008658
281,single_clarity,accuracy,0.5438247011952191
282,single_clarity,auc,0.6245348219032429
282,single_clarity,ap,0.5228195880795204
282,single_clarity,f1,0.01
282,single_clarity,accuracy,0.6055776892430279
283,single_clarity,auc,0.6246511164274322
283,single_clarity,ap,0.5216106779259906
283,single_clarity,f1,0.01
283,single_clarity,accuracy,0.6055776892430279
284,single_clarity,auc,0.5961193305845258
284,single_clarity,ap,0.5488731206974339
284,single_clarity,f1,0.0182648401826484
284,single_clarity,accuracy,0.5717131474103586
285,single_clarity,auc,0.6165256994144437
285,single_clarity,ap,0.5344003246193416
285,single_clarity,f1,0.0
285,single_clarity,accuracy,0.5756972111553785
286,single_clarity,auc,0.5973649967469096
286,single_clarity,ap,0.506716506705135
286,single_clarity,f1,0.009389671361502348
286,single_clarity,accuracy,0.5796812749003984
287,single_clarity,auc,0.5740940607012036
287,single_clarity,ap,0.49142779692492233
287,single_clarity,f1,0.0
287,single_clarity,accuracy,0.5836653386454184
288,single_clarity,auc,0.5967527842527842
288,single_clarity,ap,0.5273869736602048
288,single_clarity,f1,0.009174311926605505
288,single_clarity,accuracy,0.5697211155378487
289,single_clarity,auc,0.5701093951093952
289,single_clarity,ap,0.5215355809496844
289,single_clarity,f1,0.0
289,single_clarity,accuracy,0.5577689243027888
290,single_clarity,auc,0.5881533101045296
290,single_clarity,ap,0.5258564400784143
290,single_clarity,f1,0.0
290,single_clarity,accuracy,0.5717131474103586
291,single_clarity,auc,0.6095957613814756
291,single_clarity,ap,0.5258326453333857
291,single_clarity,f1,0.009523809523809525
291,single_clarity,accuracy,0.5856573705179283
292,single_clarity,auc,0.6186684326140328
292,single_clarity,ap,0.548194607083871
292,single_clarity,f1,0.01809954751131222
292,single_clarity,accuracy,0.5677290836653387
293,single_clarity,auc,0.6132566242605947
293,single_clarity,ap,0.5363167376106123
293,single_clarity,f1,0.0
293,single_clarity,accuracy,0.5717131474103586
294,single_clarity,auc,0.5527000650618088
294,single_clarity,ap,0.4783072557853481
294,single_clarity,f1,0.018604651162790697
294,single_clarity,accuracy,0.5796812749003984
295,single_clarity,auc,0.5584000262398321
295,single_clarity,ap,0.46629810284547024
295,single_clarity,f1,0.0
295,single_clarity,accuracy,0.5896414342629482
296,single_clarity,auc,0.6319278187651667
296,single_clarity,ap,0.5360047226455024
296,single_clarity,f1,0.0
296,single_clarity,accuracy,0.5776892430278885
297,single_clarity,auc,0.5556193392014287
297,single_clarity,ap,0.5165294824944141
297,single_clarity,f1,0.0
297,single_clarity,accuracy,0.5318725099601593
298,single_clarity,auc,0.5553326810176125
298,single_clarity,ap,0.48395637286229276
298,single_clarity,f1,0.028037383177570093
298,single_clarity,accuracy,0.5856573705179283
299,single_clarity,auc,0.6019771664956597
299,single_clarity,ap,0.5087445547954446
299,single_clarity,f1,0.018779342723004695
299,single_clarity,accuracy,0.5836653386454184
300,single_clarity,auc,0.572346600331675
300,single_clarity,ap,0.5500351578162742
300,single_clarity,f1,0.03305785123966942
300,single_clarity,accuracy,0.5338645418326693
301,single_clarity,auc,0.5678982763853613
301,single_clarity,ap,0.5275792207422734
301,single_clarity,f1,0.017167381974248927
301,single_clarity,accuracy,0.5438247011952191
302,single_clarity,auc,0.6118037028054005
302,single_clarity,ap,0.5285593118152989
302,single_clarity,f1,0.00909090909090909
302,single_clarity,accuracy,0.5657370517928287
303,single_clarity,auc,0.5684135954001022
303,single_clarity,ap,0.46318502684459384
303,single_clarity,f1,0.0
303,single_clarity,accuracy,0.5936254980079682
304,single_clarity,auc,0.601544289044289
304,single_clarity,ap,0.5228323828447755
304,single_clarity,f1,0.0
304,single_clarity,accuracy,0.5677290836653387
305,single_clarity,auc,0.5912928458285024
305,single_clarity,ap,0.4946537160255887
305,single_clarity,f1,0.0
305,single_clarity,accuracy,0.5816733067729084
306,single_clarity,auc,0.6929960644708264
306,single_clarity,ap,0.6005705147621292
306,single_clarity,f1,0.0
306,single_clarity,accuracy,0.5816733067729084
307,single_clarity,auc,0.59542404398092
307,single_clarity,ap,0.5387501315781652
307,single_clarity,f1,0.01809954751131222
307,single_clarity,accuracy,0.5677290836653387
308,single_clarity,auc,0.597527225088021
308,single_clarity,ap,0.516354824779726
308,single_clarity,f1,0.037383177570093455
308,single_clarity,accuracy,0.5896414342629482
309,single_clarity,auc,0.6131942760126121
309,single_clarity,ap,0.5490377045355911
309,single_clarity,f1,0.0091324200913242
309,single_clarity,accuracy,0.5677290836653387
310,single_clarity,auc,0.6608255451713396
310,single_clarity,ap,0.5972813453408761
310,single_clarity,f1,0.009302325581395349
310,single_clarity,accuracy,0.5756972111553785
311,single_clarity,auc,0.5704500978473582
311,single_clarity,ap,0.4974304484946411
311,single_clarity,f1,0.0
311,single_clarity,accuracy,0.5816733067729084
312,single_clarity,auc,0.6170284341209451
312,single_clarity,ap,0.5564531469244675
312,single_clarity,f1,0.017391304347826087
312,single_clarity,accuracy,0.549800796812749
313,single_clarity,auc,0.6058099948612539
313,single_clarity,ap,0.5278801754519868
313,single_clarity,f1,0.008888888888888889
313,single_clarity,accuracy,0.5557768924302788
314,single_clarity,auc,0.6199055330634278
314,single_clarity,ap,0.5027630095782601
314,single_clarity,f1,0.010416666666666666
314,single_clarity,accuracy,0.6215139442231076
315,single_clarity,auc,0.5869193314909856
315,single_clarity,ap,0.5046584427270107
315,single_clarity,f1,0.019230769230769232
315,single_clarity,accuracy,0.5936254980079682
316,single_clarity,auc,0.5844834903658434
316,single_clarity,ap,0.45457148651346163
316,single_clarity,f1,0.0
316,single_clarity,accuracy,0.6215139442231076
317,single_clarity,auc,0.6304320122339748
317,single_clarity,ap,0.5901996810895578
317,single_clarity,f1,0.008438818565400843
317,single_clarity,accuracy,0.5318725099601593
318,single_clarity,auc,0.5408996932106177
318,single_clarity,ap,0.4115075771845026
318,single_clarity,f1,0.0
318,single_clarity,accuracy,0.6075697211155379
319,single_clarity,auc,0.6214112163435315
319,single_clarity,ap,0.5116197335055583
319,single_clarity,f1,0.0
319,single_clarity,accuracy,0.599601593625498
320,single_clarity,auc,0.5721163843434585
320,single_clarity,ap,0.5084245178227236
320,single_clarity,f1,0.0
320,single_clarity,accuracy,0.5398406374501992
321,single_clarity,auc,0.610121365524403
321,single_clarity,ap,0.5386341799185594
321,single_clarity,f1,0.018518518518518517
321,single_clarity,accuracy,0.5776892430278885
322,single_clarity,auc,0.6252354048964218
322,single_clarity,ap,0.5478251840841626
322,single_clarity,f1,0.02830188679245283
322,single_clarity,accuracy,0.5896414342629482
323,single_clarity,auc,0.5996970733375678
323,single_clarity,ap,0.5195979942099722
323,single_clarity,f1,0.009433962264150943
323,single_clarity,accuracy,0.5816733067729084
324,single_clarity,auc,0.6123701121137545
324,single_clarity,ap,0.46637631650474076
324,single_clarity,f1,0.0
324,single_clarity,accuracy,0.6314741035856574
325,single_clarity,auc,0.6412483912483913
325,single_clarity,ap,0.574885750702499
325,single_clarity,f1,0.017857142857142856
325,single_clarity,accuracy,0.5617529880478087
326,single_clarity,auc,0.6000328488133366
326,single_clarity,ap,0.495857994472668
326,single_clarity,f1,0.009708737864077669
326,single_clarity,accuracy,0.5936254980079682
327,single_clarity,auc,0.5990783410138248
327,single_clarity,ap,0.5351117554079782
327,single_clarity,f1,0.01818181818181818
327,single_clarity,accuracy,0.5697211155378487
328,single_clarity,auc,0.567498369210698
328,single_clarity,ap,0.4713133155655629
328,single_clarity,f1,0.009478672985781991
328,single_clarity,accuracy,0.5836653386454184
329,single_clarity,auc,0.576947194719472
329,single_clarity,ap,0.4580246057617435
329,single_clarity,f1,0.009852216748768473
329,single_clarity,accuracy,0.599601593625498
330,single_clarity,auc,0.573679060665362
330,single_clarity,ap,0.48234129556711147
330,single_clarity,f1,0.0
330,single_clarity,accuracy,0.5796812749003984
331,single_clarity,auc,0.589969321061758
331,single_clarity,ap,0.4932973123347088
331,single_clarity,f1,0.010050251256281407
331,single_clarity,accuracy,0.6075697211155379
332,single_clarity,auc,0.5768756490134995
332,single_clarity,ap,0.5195401782638716
332,single_clarity,f1,0.009259259259259259
332,single_clarity,accuracy,0.5737051792828686
333,single_clarity,auc,0.5962979713141232
333,single_clarity,ap,0.535920479728108
333,single_clarity,f1,0.0091324200913242
333,single_clarity,accuracy,0.5677290836653387
334,single_clarity,auc,0.6475299316081031
334,single_clarity,ap,0.5483447777563037
334,single_clarity,f1,0.0
334,single_clarity,accuracy,0.5717131474103586
335,single_clarity,auc,0.5849568071590705
335,single_clarity,ap,0.47617731011978004
335,single_clarity,f1,0.009433962264150943
335,single_clarity,accuracy,0.5816733067729084
336,single_clarity,auc,0.5659867881768649
336,single_clarity,ap,0.5231449319467003
336,single_clarity,f1,0.008849557522123894
336,single_clarity,accuracy,0.5537848605577689
337,single_clarity,auc,0.5752970297029703
337,single_clarity,ap,0.46360984097502655
337,single_clarity,f1,0.009852216748768473
337,single_clarity,accuracy,0.599601593625498
338,single_clarity,auc,0.6248881074168797
338,single_clarity,ap,0.5666233753119471
338,single_clarity,f1,0.008620689655172414
338,single_clarity,accuracy,0.5418326693227091
339,single_clarity,auc,0.6196706122905385
339,single_clarity,ap,0.5793735323259781
339,single_clarity,f1,0.008583690987124463
339,single_clarity,accuracy,0.5398406374501992
340,single_clarity,auc,0.5786279854620976
340,single_clarity,ap,0.48820222269147606
340,single_clarity,f1,0.0
340,single_clarity,accuracy,0.5717131474103586
341,single_clarity,auc,0.5603448275862069
341,single_clarity,ap,0.49400717343193956
341,single_clarity,f1,0.0
341,single_clarity,accuracy,0.5756972111553785
342,single_clarity,auc,0.610334022483525
342,single_clarity,ap,0.5321839544638551
342,single_clarity,f1,0.0
342,single_clarity,accuracy,0.5657370517928287
343,single_clarity,auc,0.5888245033112582
343,single_clarity,ap,0.5042092183630619
343,single_clarity,f1,0.0196078431372549
343,single_clarity,accuracy,0.601593625498008
344,single_clarity,auc,0.6073732718894009
344,single_clarity,ap,0.5382111960236287
344,single_clarity,f1,0.009174311926605505
344,single_clarity,accuracy,0.5697211155378487
345,single_clarity,auc,0.5823134622976707
345,single_clarity,ap,0.4851542572410027
345,single_clarity,f1,0.0
345,single_clarity,accuracy,0.5916334661354582
346,single_clarity,auc,0.5879052469884387
346,single_clarity,ap,0.5490599568849162
346,single_clarity,f1,0.009174311926605505
346,single_clarity,accuracy,0.5697211155378487
347,single_clarity,auc,0.6233084783209057
347,single_clarity,ap,0.5610381510012954
347,single_clarity,f1,0.009302325581395349
347,single_clarity,accuracy,0.5756972111553785
348,single_clarity,auc,0.5991419141914192
348,single_clarity,ap,0.5141894230971364
348,single_clarity,f1,0.0196078431372549
348,single_clarity,accuracy,0.601593625498008
349,single_clarity,auc,0.5938068630134781
349,single_clarity,ap,0.5392087442897582
349,single_clarity,f1,0.008968609865470852
349,single_clarity,accuracy,0.5597609561752988
350,single_clarity,auc,0.5887022605159979
350,single_clarity,ap,0.5029101466452586
350,single_clarity,f1,0.0
350,single_clarity,accuracy,0.5597609561752988
351,single_clarity,auc,0.5836186251346096
351,single_clarity,ap,0.530196357656444
351,single_clarity,f1,0.008928571428571428
351,single_clarity,accuracy,0.5577689243027888
352,single_clarity,auc,0.5877687127687128
352,single_clarity,ap,0.5105635198558944
352,single_clarity,f1,0.0
352,single_clarity,accuracy,0.5697211155378487
353,single_clarity,auc,0.5578981302385557
353,single_clarity,ap,0.4970608039913742
353,single_clarity,f1,0.017937219730941704
353,single_clarity,accuracy,0.5637450199203188
354,single_clarity,auc,0.6365920033493825
354,single_clarity,ap,0.5895629811324781
354,single_clarity,f1,0.009009009009009009
354,single_clarity,accuracy,0.5617529880478087
355,single_clarity,auc,0.6181832914674662
355,single_clarity,ap,0.5140470048420102
355,single_clarity,f1,0.0
355,single_clarity,accuracy,0.5677290836653387
356,single_clarity,auc,0.5857422913343966
356,single_clarity,ap,0.44950668174515007
356,single_clarity,f1,0.009852216748768473
356,single_clarity,accuracy,0.599601593625498
357,single_clarity,auc,0.5797994384275973
357,single_clarity,ap,0.5363054419884791
357,single_clarity,f1,0.0
357,single_clarity,accuracy,0.547808764940239
358,single_clarity,auc,0.5740393472825371
358,single_clarity,ap,0.4991650525925674
358,single_clarity,f1,0.01932367149758454
358,single_clarity,accuracy,0.5956175298804781
359,single_clarity,auc,0.6162941128305903
359,single_clarity,ap,0.5200124228440957
359,single_clarity,f1,0.009569377990430622
359,single_clarity,accuracy,0.5876494023904383
360,single_clarity,auc,0.6017546478265917
360,single_clarity,ap,0.4838296955344873
360,single_clarity,f1,0.009900990099009901
360,single_clarity,accuracy,0.601593625498008
361,single_clarity,auc,0.580400738115845
361,single_clarity,ap,0.4993190733710603
361,single_clarity,f1,0.0
361,single_clarity,accuracy,0.5776892430278885
362,single_clarity,auc,0.6237131700390486
362,single_clarity,ap,0.4972066579518243
362,single_clarity,f1,0.010471204188481676
362,single_clarity,accuracy,0.6235059760956175
363,single_clarity,auc,0.6080404445018736
363,single_clarity,ap,0.5524190908984227
363,single_clarity,f1,0.0091324200913242
363,single_clarity,accuracy,0.5677290836653387
364,single_clarity,auc,0.5947148090005232
364,single_clarity,ap,0.5293603976904816
364,single_clarity,f1,0.009569377990430622
364,single_clarity,accuracy,0.5876494023904383
365,single_clarity,auc,0.5923566878980892
365,single_clarity,ap,0.46135894601924043
365,single_clarity,f1,0.010526315789473684
365,single_clarity,accuracy,0.6254980079681275
366,single_clarity,auc,0.5963033144912642
366,single_clarity,ap,0.5524356137908616
366,single_clarity,f1,0.02643171806167401
366,single_clarity,accuracy,0.5597609561752988
367,single_clarity,auc,0.6041155188008787
367,single_clarity,ap,0.5396160741826399
367,single_clarity,f1,0.00909090909090909
367,single_clarity,accuracy,0.5657370517928287
368,single_clarity,auc,0.6014187866927594
368,single_clarity,ap,0.5063107380653965
368,single_clarity,f1,0.009389671361502348
368,single_clarity,accuracy,0.5796812749003984
369,single_clarity,auc,0.5732724923018013
369,single_clarity,ap,0.5383260465082689
369,single_clarity,f1,0.008547008547008548
369,single_clarity,accuracy,0.5378486055776892
370,single_clarity,auc,0.6261188816868919
370,single_clarity,ap,0.5563374257342474
370,single_clarity,f1,0.009302325581395349
370,single_clarity,accuracy,0.5756972111553785
371,single_clarity,auc,0.6059300091873382
371,single_clarity,ap,0.48977924229570013
371,single_clarity,f1,0.0
371,single_clarity,accuracy,0.6095617529880478
372,single_clarity,auc,0.5578448673312031
372,single_clarity,ap,0.5503988667109543
372,single_clarity,f1,0.0
372,single_clarity,accuracy,0.5199203187250996
373,single_clarity,auc,0.5707940302364647
373,single_clarity,ap,0.5131134708800866
373,single_clarity,f1,0.00904977375565611
373,single_clarity,accuracy,0.5637450199203188
374,single_clarity,auc,0.6446569324202093
374,single_clarity,ap,0.5796810204992161
374,single_clarity,f1,0.0
374,single_clarity,accuracy,0.5657370517928287
375,single_clarity,auc,0.621437865972674
375,single_clarity,ap,0.557518895172094
375,single_clarity,f1,0.0
375,single_clarity,accuracy,0.5756972111553785
376,single_clarity,auc,0.5860134689875757
376,single_clarity,ap,0.5459266940960003
376,single_clarity,f1,0.008888888888888889
376,single_clarity,accuracy,0.5557768924302788
377,single_clarity,auc,0.5837652844231792
377,single_clarity,ap,0.5099153309280926
377,single_clarity,f1,0.0
377,single_clarity,accuracy,0.6055776892430279
378,single_clarity,auc,0.6256220744025622
378,single_clarity,ap,0.5183591320833831
378,single_clarity,f1,0.00966183574879227
378,single_clarity,accuracy,0.5916334661354582
379,single_clarity,auc,0.562902981431289
379,single_clarity,ap,0.4313817232101897
379,single_clarity,f1,0.0
379,single_clarity,accuracy,0.6175298804780877
380,single_clarity,auc,0.5929034841810172
380,single_clarity,ap,0.5046048720547281
380,single_clarity,f1,0.0
380,single_clarity,accuracy,0.545816733067729
381,single_clarity,auc,0.6363973732190974
381,single_clarity,ap,0.5523911115312599
381,single_clarity,f1,0.009009009009009009
381,single_clarity,accuracy,0.5617529880478087
382,single_clarity,auc,0.6041927670592165
382,single_clarity,ap,0.4949535141858524
382,single_clarity,f1,0.01020408163265306
382,single_clarity,accuracy,0.6135458167330677
383,single_clarity,auc,0.5596736896197327
383,single_clarity,ap,0.5047446314499765
383,single_clarity,f1,0.00881057268722467
383,single_clarity,accuracy,0.5517928286852589
384,single_clarity,auc,0.6124951904578684
384,single_clarity,ap,0.5411127581225141
384,single_clarity,f1,0.0
384,single_clarity,accuracy,0.547808764940239
385,single_clarity,auc,0.598833895213433
385,single_clarity,ap,0.5236143055540179
385,single_clarity,f1,0.0
385,single_clarity,accuracy,0.5756972111553785
386,single_clarity,auc,0.5350855962695839
386,single_clarity,ap,0.4830877509189947
386,single_clarity,f1,0.0
386,single_clarity,accuracy,0.5617529880478087
387,single_clarity,auc,0.6197787898503578
387,single_clarity,ap,0.5236227447167348
387,single_clarity,f1,0.018691588785046728
387,single_clarity,accuracy,0.5816733067729084
388,single_clarity,auc,0.6123706377858003
388,single_clarity,ap,0.545221881815203
388,single_clarity,f1,0.008849557522123894
388,single_clarity,accuracy,0.5537848605577689
389,single_clarity,auc,0.5851372924648787
389,single_clarity,ap,0.537099226909912
389,single_clarity,f1,0.008583690987124463
389,single_clarity,accuracy,0.5398406374501992
390,single_clarity,auc,0.5989587623770533
390,single_clarity,ap,0.48896402247917414
390,single_clarity,f1,0.0
390,single_clarity,accuracy,0.5936254980079682
391,single_clarity,auc,0.570834356832883
391,single_clarity,ap,0.476994039716909
391,single_clarity,f1,0.0
391,single_clarity,accuracy,0.5836653386454184
392,single_clarity,auc,0.6312819693094629
392,single_clarity,ap,0.5778816562406233
392,single_clarity,f1,0.0
392,single_clarity,accuracy,0.5398406374501992
393,single_clarity,auc,0.5699158990788946
393,single_clarity,ap,0.5356265499143665
393,single_clarity,f1,0.0
393,single_clarity,accuracy,0.545816733067729
394,single_clarity,auc,0.5541368162840944
394,single_clarity,ap,0.47728140907212735
394,single_clarity,f1,0.0
394,single_clarity,accuracy,0.5756972111553785
395,single_clarity,auc,0.6220393051354522
395,single_clarity,ap,0.5302199226020656
395,single_clarity,f1,0.009900990099009901
395,single_clarity,accuracy,0.601593625498008
396,single_clarity,auc,0.6279692367601246
396,single_clarity,ap,0.5430376761426758
396,single_clarity,f1,0.0
396,single_clarity,accuracy,0.5717131474103586
397,single_clarity,auc,0.5991639041755801
397,single_clarity,ap,0.4871047489811289
397,single_clarity,f1,0.0
397,single_clarity,accuracy,0.5796812749003984
398,single_clarity,auc,0.5305458430458431
398,single_clarity,ap,0.46709821997088435
398,single_clarity,f1,0.0
398,single_clarity,accuracy,0.5617529880478087
399,single_clarity,auc,0.6277195027195027
399,single_clarity,ap,0.5567604626229394
399,single_clarity,f1,0.0
399,single_clarity,accuracy,0.5697211155378487
400,single_clarity,auc,0.609707479134592
400,single_clarity,ap,0.5389423671562628
400,single_clarity,f1,0.01834862385321101
400,single_clarity,accuracy,0.5737051792828686
401,single_clarity,auc,0.5981981981981981
401,single_clarity,ap,0.5450166407254082
401,single_clarity,f1,0.008888888888888889
401,single_clarity,accuracy,0.5557768924302788
402,single_clarity,auc,0.5552059635025897
402,single_clarity,ap,0.4941305884897743
402,single_clarity,f1,0.008928571428571428
402,single_clarity,accuracy,0.5577689243027888
403,single_clarity,auc,0.5927360531213843
403,single_clarity,ap,0.4737498914383266
403,single_clarity,f1,0.0
403,single_clarity,accuracy,0.6135458167330677
404,single_clarity,auc,0.6180019305019306
404,single_clarity,ap,0.5401241648038132
404,single_clarity,f1,0.008888888888888889
404,single_clarity,accuracy,0.5557768924302788
405,single_clarity,auc,0.5962002609262883
405,single_clarity,ap,0.5169013859817289
405,single_clarity,f1,0.009478672985781991
405,single_clarity,accuracy,0.5836653386454184
406,single_clarity,auc,0.5904977739203112
406,single_clarity,ap,0.5444849744026463
406,single_clarity,f1,0.0
406,single_clarity,accuracy,0.5537848605577689
407,single_clarity,auc,0.574881546933026
407,single_clarity,ap,0.5314798821215121
407,single_clarity,f1,0.008658008658008658
407,single_clarity,accuracy,0.5438247011952191
408,single_clarity,auc,0.5852298896212181
408,single_clarity,ap,0.5696562027720552
408,single_clarity,f1,0.0
408,single_clarity,accuracy,0.5119521912350598
409,single_clarity,auc,0.6107098992876443
409,single_clarity,ap,0.5318606468987199
409,single_clarity,f1,0.018957345971563982
409,single_clarity,accuracy,0.5876494023904383
410,single_clarity,auc,0.632424465733235
410,single_clarity,ap,0.5419819822207513
410,single_clarity,f1,0.009478672985781991
410,single_clarity,accuracy,0.5836653386454184
411,single_clarity,auc,0.6254416961130741
411,single_clarity,ap,0.5849062579661877
411,single_clarity,f1,0.00909090909090909
411,single_clarity,accuracy,0.5657370517928287
412,single_clarity,auc,0.5679197994987468
412,single_clarity,ap,0.490152510740275
412,single_clarity,f1,0.0
412,single_clarity,accuracy,0.5677290836653387
413,single_clarity,auc,0.604607877659842
413,single_clarity,ap,0.49880015707610376
413,single_clarity,f1,0.010256410256410256
413,single_clarity,accuracy,0.6155378486055777
414,single_clarity,auc,0.6231477773327994
414,single_clarity,ap,0.5908918343933878
414,single_clarity,f1,0.02608695652173913
414,single_clarity,accuracy,0.5537848605577689
415,single_clarity,auc,0.5800773694390715
415,single_clarity,ap,0.5391524274529982
415,single_clarity,f1,0.018018018018018018
415,single_clarity,accuracy,0.5657370517928287
416,single_clarity,auc,0.5981624758220503
416,single_clarity,ap,0.551829697211219
416,single_clarity,f1,0.00904977375565611
416,single_clarity,accuracy,0.5637450199203188
417,single_clarity,auc,0.6460962914769031
417,single_clarity,ap,0.5718941644103429
417,single_clarity,f1,0.009389671361502348
417,single_clarity,accuracy,0.5796812749003984
418,single_clarity,auc,0.634761648833081
418,single_clarity,ap,0.5572355439809379
418,single_clarity,f1,0.009389671361502348
418,single_clarity,accuracy,0.5796812749003984
419,single_clarity,auc,0.5914429530201343
419,single_clarity,ap,0.5190027811235697
419,single_clarity,f1,0.00975609756097561
419,single_clarity,accuracy,0.5956175298804781
420,single_clarity,auc,0.6418269230769231
420,single_clarity,ap,0.5517772326109016
420,single_clarity,f1,0.0
420,single_clarity,accuracy,0.5856573705179283
421,single_clarity,auc,0.6234221940640382
421,single_clarity,ap,0.5460326411911379
421,single_clarity,f1,0.018433179723502304
421,single_clarity,accuracy,0.5756972111553785
422,single_clarity,auc,0.5686486132914704
422,single_clarity,ap,0.48294279101989085
422,single_clarity,f1,0.009523809523809525
422,single_clarity,accuracy,0.5856573705179283
423,single_clarity,auc,0.6233083929733247
423,single_clarity,ap,0.5422732189706843
423,single_clarity,f1,0.009345794392523364
423,single_clarity,accuracy,0.5776892430278885
424,single_clarity,auc,0.5902174791818255
424,single_clarity,ap,0.5311219200163066
424,single_clarity,f1,0.009174311926605505
424,single_clarity,accuracy,0.5697211155378487
425,single_clarity,auc,0.6086792761811185
425,single_clarity,ap,0.527722359647008
425,single_clarity,f1,0.01904761904761905
425,single_clarity,accuracy,0.5896414342629482
426,single_clarity,auc,0.5808929118866676
426,single_clarity,ap,0.5013050100123243
426,single_clarity,f1,0.017937219730941704
426,single_clarity,accuracy,0.5637450199203188
427,single_clarity,auc,0.6192959370989489
427,single_clarity,ap,0.5410422486290849
427,single_clarity,f1,0.0
427,single_clarity,accuracy,0.5756972111553785
428,single_clarity,auc,0.5501575844669072
428,single_clarity,ap,0.49877910481124377
428,single_clarity,f1,0.018957345971563982
428,single_clarity,accuracy,0.5876494023904383
429,single_clarity,auc,0.6319816127424981
429,single_clarity,ap,0.5611219139992369
429,single_clarity,f1,0.008888888888888889
429,single_clarity,accuracy,0.5557768924302788
430,single_clarity,auc,0.680164998239348
430,single_clarity,ap,0.5542068112644956
430,single_clarity,f1,0.010309278350515464
430,single_clarity,accuracy,0.6175298804780877
431,single_clarity,auc,0.5859166461966757
431,single_clarity,ap,0.49897871125828597
431,single_clarity,f1,0.01904761904761905
431,single_clarity,accuracy,0.5896414342629482
432,single_clarity,auc,0.6485773657289002
432,single_clarity,ap,0.6099531870123902
432,single_clarity,f1,0.017167381974248927
432,single_clarity,accuracy,0.5438247011952191
433,single_clarity,auc,0.5694177247659357
433,single_clarity,ap,0.5340847740843606
433,single_clarity,f1,0.008771929824561403
433,single_clarity,accuracy,0.549800796812749
434,single_clarity,auc,0.5942086670978656
434,single_clarity,ap,0.4766614769277655
434,single_clarity,f1,0.0
434,single_clarity,accuracy,0.5976095617529881
435,single_clarity,auc,0.6036925009503975
435,single_clarity,ap,0.5064238642355664
435,single_clarity,f1,0.0
435,single_clarity,accuracy,0.599601593625498
436,single_clarity,auc,0.6382660687593423
436,single_clarity,ap,0.573276907650554
436,single_clarity,f1,0.008888888888888889
436,single_clarity,accuracy,0.5557768924302788
437,single_clarity,auc,0.6445245869681759
437,single_clarity,ap,0.5782167418018607
437,single_clarity,f1,0.0
437,single_clarity,accuracy,0.5756972111553785
438,single_clarity,auc,0.6060273790536949
438,single_clarity,ap,0.49354703850343806
438,single_clarity,f1,0.029850746268656716
438,single_clarity,accuracy,0.6115537848605578
439,single_clarity,auc,0.5432980303829011
439,single_clarity,ap,0.5277603743480043
439,single_clarity,f1,0.008620689655172414
439,single_clarity,accuracy,0.5418326693227091
440,single_clarity,auc,0.6161371169860134
440,single_clarity,ap,0.5285922157299598
440,single_clarity,f1,0.009174311926605505
440,single_clarity,accuracy,0.5697211155378487
441,single_clarity,auc,0.6259910024615908
441,single_clarity,ap,0.4899503098246614
441,single_clarity,f1,0.0
441,single_clarity,accuracy,0.6254980079681275
442,single_clarity,auc,0.5739635266334296
442,single_clarity,ap,0.46406407639960917
442,single_clarity,f1,0.0
442,single_clarity,accuracy,0.5876494023904383
443,single_clarity,auc,0.5864110879842522
443,single_clarity,ap,0.5408023723672095
443,single_clarity,f1,0.00909090909090909
443,single_clarity,accuracy,0.5657370517928287
444,single_clarity,auc,0.5649869536855838
444,single_clarity,ap,0.46718212791320346
444,single_clarity,f1,0.0
444,single_clarity,accuracy,0.5776892430278885
445,single_clarity,auc,0.5825208181744683
445,single_clarity,ap,0.5476392456790934
445,single_clarity,f1,0.009174311926605505
445,single_clarity,accuracy,0.5697211155378487
446,single_clarity,auc,0.5879308933104069
446,single_clarity,ap,0.515949289399424
446,single_clarity,f1,0.02857142857142857
446,single_clarity,accuracy,0.5936254980079682
447,single_clarity,auc,0.6174332148966969
447,single_clarity,ap,0.5354160158892719
447,single_clarity,f1,0.00975609756097561
447,single_clarity,accuracy,0.5956175298804781
448,single_clarity,auc,0.633267434945433
448,single_clarity,ap,0.5905332736104265
448,single_clarity,f1,0.02631578947368421
448,single_clarity,accuracy,0.5577689243027888
449,single_clarity,auc,0.5579973215870403
449,single_clarity,ap,0.4952785663580337
449,single_clarity,f1,0.0
449,single_clarity,accuracy,0.5637450199203188
450,single_clarity,auc,0.5935572970195273
450,single_clarity,ap,0.539596666054251
450,single_clarity,f1,0.0
450,single_clarity,accuracy,0.549800796812749
451,single_clarity,auc,0.584331797235023
451,single_clarity,ap,0.5287034071327261
451,single_clarity,f1,0.0
451,single_clarity,accuracy,0.5657370517928287
452,single_clarity,auc,0.6201960255372718
452,single_clarity,ap,0.4164508143935238
452,single_clarity,f1,0.0
452,single_clarity,accuracy,0.6693227091633466
453,single_clarity,auc,0.6278905447070915
453,single_clarity,ap,0.5745973085778457
453,single_clarity,f1,0.01762114537444934
453,single_clarity,accuracy,0.5557768924302788
454,single_clarity,auc,0.5466837741808133
454,single_clarity,ap,0.4330653415066906
454,single_clarity,f1,0.0
454,single_clarity,accuracy,0.5936254980079682
455,single_clarity,auc,0.6161238825031928
455,single_clarity,ap,0.5765743134533099
455,single_clarity,f1,0.0
455,single_clarity,accuracy,0.5378486055776892
456,single_clarity,auc,0.6142749045927095
456,single_clarity,ap,0.5179145675980605
456,single_clarity,f1,0.0
456,single_clarity,accuracy,0.5916334661354582
457,single_clarity,auc,0.6454303197789182
457,single_clarity,ap,0.5345872766999225
457,single_clarity,f1,0.0
457,single_clarity,accuracy,0.5936254980079682
458,single_clarity,auc,0.5925108370523218
458,single_clarity,ap,0.5564390313475605
458,single_clarity,f1,0.0
458,single_clarity,accuracy,0.5418326693227091
459,single_clarity,auc,0.5928434717483565
459,single_clarity,ap,0.4533046745629356
459,single_clarity,f1,0.01
459,single_clarity,accuracy,0.6055776892430279
460,single_clarity,auc,0.6098412853127995
460,single_clarity,ap,0.508532960539126
460,single_clarity,f1,0.009302325581395349
460,single_clarity,accuracy,0.5756972111553785
461,single_clarity,auc,0.5711213517665131
461,single_clarity,ap,0.4743399335345205
461,single_clarity,f1,0.0
461,single_clarity,accuracy,0.5677290836653387
462,single_clarity,auc,0.619099872773537
462,single_clarity,ap,0.5695195480412414
462,single_clarity,f1,0.0
462,single_clarity,accuracy,0.5179282868525896
463,single_clarity,auc,0.5710358056265985
463,single_clarity,ap,0.5204316847005315
463,single_clarity,f1,0.0
463,single_clarity,accuracy,0.5378486055776892
464,single_clarity,auc,0.6192254155408172
464,single_clarity,ap,0.5220569029798423
464,single_clarity,f1,0.0
464,single_clarity,accuracy,0.5876494023904383
465,single_clarity,auc,0.6100884088104536
465,single_clarity,ap,0.4858886198376741
465,single_clarity,f1,0.010471204188481676
465,single_clarity,accuracy,0.6235059760956175
466,single_clarity,auc,0.591961388033619
466,single_clarity,ap,0.4701155787409953
466,single_clarity,f1,0.0
466,single_clarity,accuracy,0.6055776892430279
467,single_clarity,auc,0.6183579721039005
467,single_clarity,ap,0.5086387278420658
467,single_clarity,f1,0.020100502512562814
467,single_clarity,accuracy,0.6115537848605578
468,single_clarity,auc,0.6464107852507671
468,single_clarity,ap,0.5215439880600098
468,single_clarity,f1,0.030612244897959183
468,single_clarity,accuracy,0.6215139442231076
469,single_clarity,auc,0.6347029702970297
469,single_clarity,ap,0.5310509454942729
469,single_clarity,f1,0.0
469,single_clarity,accuracy,0.5976095617529881
470,single_clarity,auc,0.6499512036434612
470,single_clarity,ap,0.6027278771819762
470,single_clarity,f1,0.009389671361502348
470,single_clarity,accuracy,0.5796812749003984
471,single_clarity,auc,0.6071283525837841
471,single_clarity,ap,0.5506227295389734
471,single_clarity,f1,0.018518518518518517
471,single_clarity,accuracy,0.5776892430278885
472,single_clarity,auc,0.5722579375491997
472,single_clarity,ap,0.45309561094305206
472,single_clarity,f1,0.0
472,single_clarity,accuracy,0.5856573705179283
473,single_clarity,auc,0.5987539246467819
473,single_clarity,ap,0.4810293344033645
473,single_clarity,f1,0.0
473,single_clarity,accuracy,0.5856573705179283
474,single_clarity,auc,0.5960232062279962
474,single_clarity,ap,0.5033334045468174
474,single_clarity,f1,0.009852216748768473
474,single_clarity,accuracy,0.599601593625498
475,single_clarity,auc,0.6040728476821191
475,single_clarity,ap,0.4829572966626438
475,single_clarity,f1,0.0
475,single_clarity,accuracy,0.5976095617529881
476,single_clarity,auc,0.6076973255055447
476,single_clarity,ap,0.510566267653764
476,single_clarity,f1,0.009433962264150943
476,single_clarity,accuracy,0.5816733067729084
477,single_clarity,auc,0.537013201320132
477,single_clarity,ap,0.4526337911166408
477,single_clarity,f1,0.00980392156862745
477,single_clarity,accuracy,0.5976095617529881
478,single_clarity,auc,0.5888107416879795
478,single_clarity,ap,0.5375210226620853
478,single_clarity,f1,0.0
478,single_clarity,accuracy,0.5378486055776892
479,single_clarity,auc,0.5929536679536679
479,single_clarity,ap,0.5312117697591474
479,single_clarity,f1,0.017699115044247787
479,single_clarity,accuracy,0.5577689243027888
480,single_clarity,auc,0.5804713804713805
480,single_clarity,ap,0.4747531495284463
480,single_clarity,f1,0.0
480,single_clarity,accuracy,0.5896414342629482
481,single_clarity,auc,0.5903930693547608
481,single_clarity,ap,0.5123342964055093
481,single_clarity,f1,0.008968609865470852
481,single_clarity,accuracy,0.5597609561752988
482,single_clarity,auc,0.6348481126668304
482,single_clarity,ap,0.6017118480284672
482,single_clarity,f1,0.009615384615384616
482,single_clarity,accuracy,0.5896414342629482
483,single_clarity,auc,0.5889562616217965
483,single_clarity,ap,0.5206319572918334
483,single_clarity,f1,0.0
483,single_clarity,accuracy,0.5637450199203188
484,single_clarity,auc,0.616891891891892
484,single_clarity,ap,0.5738963154105552
484,single_clarity,f1,0.0
484,single_clarity,accuracy,0.5577689243027888
485,single_clarity,auc,0.5338589444802565
485,single_clarity,ap,0.4330204332628341
485,single_clarity,f1,0.0
485,single_clarity,accuracy,0.5956175298804781
486,single_clarity,auc,0.6033204384268214
486,single_clarity,ap,0.5211159926580553
486,single_clarity,f1,0.0
486,single_clarity,accuracy,0.5597609561752988
487,single_clarity,auc,0.6082782957782957
487,single_clarity,ap,0.5367584354902406
487,single_clarity,f1,0.009216589861751152
487,single_clarity,accuracy,0.5717131474103586
488,single_clarity,auc,0.5667371502927782
488,single_clarity,ap,0.48930319371027586
488,single_clarity,f1,0.018604651162790697
488,single_clarity,accuracy,0.5796812749003984
489,single_clarity,auc,0.6164654404019122
489,single_clarity,ap,0.5478675800250695
489,single_clarity,f1,0.009216589861751152
489,single_clarity,accuracy,0.5717131474103586
490,single_clarity,auc,0.6101824325421967
490,single_clarity,ap,0.5588962599295364
490,single_clarity,f1,0.018604651162790697
490,single_clarity,accuracy,0.5796812749003984
491,single_clarity,auc,0.6150608650608651
491,single_clarity,ap,0.5637943480322811
491,single_clarity,f1,0.009174311926605505
491,single_clarity,accuracy,0.5697211155378487
492,single_clarity,auc,0.5748675496688742
492,single_clarity,ap,0.46186432819780276
492,single_clarity,f1,0.0
492,single_clarity,accuracy,0.599601593625498
493,single_clarity,auc,0.5690948869621587
493,single_clarity,ap,0.49563542069362326
493,single_clarity,f1,0.009174311926605505
493,single_clarity,accuracy,0.5697211155378487
494,single_clarity,auc,0.6458980833980835
494,single_clarity,ap,0.5673060004676491
494,single_clarity,f1,0.0182648401826484
494,single_clarity,accuracy,0.5717131474103586
495,single_clarity,auc,0.5955769326126841
495,single_clarity,ap,0.5110010785518355
495,single_clarity,f1,0.0196078431372549
495,single_clarity,accuracy,0.601593625498008
496,single_clarity,auc,0.6082157258064517
496,single_clarity,ap,0.5028122281314791
496,single_clarity,f1,0.020618556701030927
496,single_clarity,accuracy,0.6215139442231076
497,single_clarity,auc,0.5811512322934578
497,single_clarity,ap,0.5192893795482454
497,single_clarity,f1,0.009615384615384616
497,single_clarity,accuracy,0.5896414342629482
498,single_clarity,auc,0.5740228977497039
498,single_clarity,ap,0.4839249214563066
498,single_clarity,f1,0.009708737864077669
498,single_clarity,accuracy,0.5936254980079682
499,single_clarity,auc,0.6529264040181071
499,single_clarity,ap,0.6156801363859197
499,single_clarity,f1,0.0
499,single_clarity,accuracy,0.5438247011952191
500,single_clarity,auc,0.5609577164199013
500,single_clarity,ap,0.4422858378887573
500,single_clarity,f1,0.010101010101010102
500,single_clarity,accuracy,0.6095617529880478
501,single_clarity,auc,0.5810450312295331
501,single_clarity,ap,0.5080729519545459
501,single_clarity,f1,0.0
501,single_clarity,accuracy,0.5338645418326693
502,single_clarity,auc,0.6468638822554704
502,single_clarity,ap,0.5600066119707998
502,single_clarity,f1,0.009302325581395349
502,single_clarity,accuracy,0.5756972111553785
503,single_clarity,auc,0.6153796288793452
503,single_clarity,ap,0.5604584448983436
503,single_clarity,f1,0.0
503,single_clarity,accuracy,0.5697211155378487
504,single_clarity,auc,0.5586104522645498
504,single_clarity,ap,0.4949233451652585
504,single_clarity,f1,0.0
504,single_clarity,accuracy,0.5617529880478087
505,single_clarity,auc,0.5761716171617162
505,single_clarity,ap,0.4601818052843471
505,single_clarity,f1,0.0
505,single_clarity,accuracy,0.5956175298804781
506,single_clarity,auc,0.6345781108670371
506,single_clarity,ap,0.5671626451142245
506,single_clarity,f1,0.01818181818181818
506,single_clarity,accuracy,0.5697211155378487
507,single_clarity,auc,0.6158326843198338
507,single_clarity,ap,0.5670278521386213
507,single_clarity,f1,0.009302325581395349
507,single_clarity,accuracy,0.5756972111553785
508,single_clarity,auc,0.6028748037676609
508,single_clarity,ap,0.5386019897778981
508,single_clarity,f1,0.01904761904761905
508,single_clarity,accuracy,0.5896414342629482
509,single_clarity,auc,0.59542404398092
509,single_clarity,ap,0.546145073834283
509,single_clarity,f1,0.0091324200913242
509,single_clarity,accuracy,0.5677290836653387
510,single_clarity,auc,0.6111575025693731
510,single_clarity,ap,0.5583967370300672
510,single_clarity,f1,0.008849557522123894
510,single_clarity,accuracy,0.5537848605577689
511,single_clarity,auc,0.5976422101883356
511,single_clarity,ap,0.5616712913736244
511,single_clarity,f1,0.025423728813559324
511,single_clarity,accuracy,0.5418326693227091
512,single_clarity,auc,0.6125065410779696
512,single_clarity,ap,0.5303467453344854
512,single_clarity,f1,0.009569377990430622
512,single_clarity,accuracy,0.5876494023904383
513,single_clarity,auc,0.5966371624240858
513,single_clarity,ap,0.52346240878365
513,single_clarity,f1,0.0
513,single_clarity,accuracy,0.5657370517928287
514,single_clarity,auc,0.5850208136391528
514,single_clarity,ap,0.4660629976571649
514,single_clarity,f1,0.009950248756218905
514,single_clarity,accuracy,0.603585657370518
515,single_clarity,auc,0.5723762376237624
515,single_clarity,ap,0.46507627026490184
515,single_clarity,f1,0.0
515,single_clarity,accuracy,0.5956175298804781
516,single_clarity,auc,0.6108702956989247
516,single_clarity,ap,0.48805125024897056
516,single_clarity,f1,0.0
516,single_clarity,accuracy,0.6175298804780877
517,single_clarity,auc,0.6320287018917156
517,single_clarity,ap,0.5402628596668091
517,single_clarity,f1,0.009433962264150943
517,single_clarity,accuracy,0.5816733067729084
518,single_clarity,auc,0.6162994891443168
518,single_clarity,ap,0.5842387539630851
518,single_clarity,f1,0.0
518,single_clarity,accuracy,0.5358565737051793
519,single_clarity,auc,0.581353624349219
519,single_clarity,ap,0.5282139313400251
519,single_clarity,f1,0.0
519,single_clarity,accuracy,0.545816733067729
520,single_clarity,auc,0.5812972938309606
520,single_clarity,ap,0.5152800628445326
520,single_clarity,f1,0.0
520,single_clarity,accuracy,0.549800796812749
521,single_clarity,auc,0.5555464445027551
521,single_clarity,ap,0.47882747332570164
521,single_clarity,f1,0.0
521,single_clarity,accuracy,0.5856573705179283
522,single_clarity,auc,0.652430421957163
522,single_clarity,ap,0.5986504817345729
522,single_clarity,f1,0.0
522,single_clarity,accuracy,0.547808764940239
523,single_clarity,auc,0.5910597134823938
523,single_clarity,ap,0.4537223581438874
523,single_clarity,f1,0.0
523,single_clarity,accuracy,0.6135458167330677
524,single_clarity,auc,0.5655990394600208
524,single_clarity,ap,0.5087267765707851
524,single_clarity,f1,0.009302325581395349
524,single_clarity,accuracy,0.5756972111553785
525,single_clarity,auc,0.5808890183890183
525,single_clarity,ap,0.5337492416265989
525,single_clarity,f1,0.01834862385321101
525,single_clarity,accuracy,0.5737051792828686
526,single_clarity,auc,0.5787690754222244
526,single_clarity,ap,0.46730293234285053
526,single_clarity,f1,0.0
526,single_clarity,accuracy,0.5776892430278885
527,single_clarity,auc,0.6215197822901404
527,single_clarity,ap,0.550701391180352
527,single_clarity,f1,0.0
527,single_clarity,accuracy,0.5577689243027888
528,single_clarity,auc,0.6195439739413682
528,single_clarity,ap,0.48308604544647166
528,single_clarity,f1,0.0
528,single_clarity,accuracy,0.6075697211155379
529,single_clarity,auc,0.5977298961138899
529,single_clarity,ap,0.5301426382032457
529,single_clarity,f1,0.00881057268722467
529,single_clarity,accuracy,0.5517928286852589
530,single_clarity,auc,0.5944476895119418
530,single_clarity,ap,0.5092518621643831
530,single_clarity,f1,0.009259259259259259
530,single_clarity,accuracy,0.5737051792828686
531,single_clarity,auc,0.59210504637791
531,single_clarity,ap,0.49136200286046006
531,single_clarity,f1,0.0
531,single_clarity,accuracy,0.5916334661354582
532,single_clarity,auc,0.5969046268535775
532,single_clarity,ap,0.5282450604207942
532,single_clarity,f1,0.027522935779816515
532,single_clarity,accuracy,0.5776892430278885
533,single_clarity,auc,0.5828667953667953
533,single_clarity,ap,0.5095011192670905
533,single_clarity,f1,0.0
533,single_clarity,accuracy,0.5517928286852589
534,single_clarity,auc,0.6366439254788769
534,single_clarity,ap,0.5507862919507673
534,single_clarity,f1,0.01904761904761905
534,single_clarity,accuracy,0.5896414342629482
535,single_clarity,auc,0.5638125750901082
535,single_clarity,ap,0.5276632098336611
535,single_clarity,f1,0.008733624454148471
535,single_clarity,accuracy,0.547808764940239
536,single_clarity,auc,0.6404627466251298
536,single_clarity,ap,0.5805657142634648
536,single_clarity,f1,0.018433179723502304
536,single_clarity,accuracy,0.5756972111553785
537,single_clarity,auc,0.6031389399107846
537,single_clarity,ap,0.5075554266582993
537,single_clarity,f1,0.019138755980861243
537,single_clarity,accuracy,0.5916334661354582
538,single_clarity,auc,0.6008685353335965
538,single_clarity,ap,0.5149860471993082
538,single_clarity,f1,0.0
538,single_clarity,accuracy,0.5936254980079682
539,single_clarity,auc,0.6040568284470723
539,single_clarity,ap,0.5497402923108793
539,single_clarity,f1,0.019230769230769232
539,single_clarity,accuracy,0.5936254980079682
540,single_clarity,auc,0.5868568187343002
540,single_clarity,ap,0.5307254316621868
540,single_clarity,f1,0.0
540,single_clarity,accuracy,0.5697211155378487
541,single_clarity,auc,0.6206337509211496
541,single_clarity,ap,0.5213805690772063
541,single_clarity,f1,0.009569377990430622
541,single_clarity,accuracy,0.5876494023904383
542,single_clarity,auc,0.630344168575053
542,single_clarity,ap,0.5136025214498259
542,single_clarity,f1,0.00966183574879227
542,single_clarity,accuracy,0.5916334661354582
543,single_clarity,auc,0.6074672862513513
543,single_clarity,ap,0.5263408690690046
543,single_clarity,f1,0.009009009009009009
543,single_clarity,accuracy,0.5617529880478087
544,single_clarity,auc,0.603450877810755
544,single_clarity,ap,0.47875909504408853
544,single_clarity,f1,0.010256410256410256
544,single_clarity,accuracy,0.6155378486055777
545,single_clarity,auc,0.6062704304278514
545,single_clarity,ap,0.5423116659238397
545,single_clarity,f1,0.017937219730941704
545,single_clarity,accuracy,0.5637450199203188
546,single_clarity,auc,0.613678955835282
546,single_clarity,ap,0.5055140179866173
546,single_clarity,f1,0.0
546,single_clarity,accuracy,0.5976095617529881
547,single_clarity,auc,0.5611547021459785
547,single_clarity,ap,0.48782181908493405
547,single_clarity,f1,0.009345794392523364
547,single_clarity,accuracy,0.5776892430278885
548,single_clarity,auc,0.5983412893582141
548,single_clarity,ap,0.5315374195877242
548,single_clarity,f1,0.0
548,single_clarity,accuracy,0.549800796812749
549,single_clarity,auc,0.5708041958041957
549,single_clarity,ap,0.485842327104128
549,single_clarity,f1,0.00904977375565611
549,single_clarity,accuracy,0.5637450199203188
550,single_clarity,auc,0.6242119763390325
550,single_clarity,ap,0.5358309345952326
550,single_clarity,f1,0.018433179723502304
550,single_clarity,accuracy,0.5756972111553785
551,single_clarity,auc,0.6026387827858416
551,single_clarity,ap,0.5712884656004158
551,single_clarity,f1,0.024691358024691357
551,single_clarity,accuracy,0.5278884462151394
552,single_clarity,auc,0.6160273883696781
552,single_clarity,ap,0.5616578178260787
552,single_clarity,f1,0.027649769585253458
552,single_clarity,accuracy,0.5796812749003984
553,single_clarity,auc,0.5580974215842637
553,single_clarity,ap,0.47743545443741453
553,single_clarity,f1,0.0
553,single_clarity,accuracy,0.6055776892430279
554,single_clarity,auc,0.5811794804513252
554,single_clarity,ap,0.49961505516153604
554,single_clarity,f1,0.0
554,single_clarity,accuracy,0.5836653386454184
555,single_clarity,auc,0.5923851261182596
555,single_clarity,ap,0.5226827041435346
555,single_clarity,f1,0.00975609756097561
555,single_clarity,accuracy,0.5956175298804781
556,single_clarity,auc,0.6141021470396877
556,single_clarity,ap,0.5245034092913112
556,single_clarity,f1,0.009345794392523364
556,single_clarity,accuracy,0.5776892430278885
557,single_clarity,auc,0.622317880794702
557,single_clarity,ap,0.5127798880972454
557,single_clarity,f1,0.0
557,single_clarity,accuracy,0.599601593625498
558,single_clarity,auc,0.6212541254125412
558,single_clarity,ap,0.5099452436899201
558,single_clarity,f1,0.0
558,single_clarity,accuracy,0.5936254980079682
559,single_clarity,auc,0.6188519243313764
559,single_clarity,ap,0.5134560922555195
559,single_clarity,f1,0.009345794392523364
559,single_clarity,accuracy,0.5776892430278885
560,single_clarity,auc,0.5798229745445148
560,single_clarity,ap,0.5192421090935988
560,single_clarity,f1,0.00904977375565611
560,single_clarity,accuracy,0.5637450199203188
561,single_clarity,auc,0.6471051983247106
561,single_clarity,ap,0.5592552370051775
561,single_clarity,f1,0.009708737864077669
561,single_clarity,accuracy,0.5936254980079682
562,single_clarity,auc,0.6250655995801627
562,single_clarity,ap,0.5662213004087042
562,single_clarity,f1,0.009615384615384616
562,single_clarity,accuracy,0.5896414342629482
563,single_clarity,auc,0.6035946649316851
563,single_clarity,ap,0.5041303811938675
563,single_clarity,f1,0.0
563,single_clarity,accuracy,0.5756972111553785
564,single_clarity,auc,0.5582181259600615
564,single_clarity,ap,0.4788461751864273
564,single_clarity,f1,0.00909090909090909
564,single_clarity,accuracy,0.5657370517928287
565,single_clarity,auc,0.6175566653860929
565,single_clarity,ap,0.5752352742118441
565,single_clarity,f1,0.017391304347826087
565,single_clarity,accuracy,0.549800796812749
566,single_clarity,auc,0.608735380116959
566,single_clarity,ap,0.5075680439553397
566,single_clarity,f1,0.0
566,single_clarity,accuracy,0.6055776892430279
567,single_clarity,auc,0.6046683774180813
567,single_clarity,ap,0.5009631664516484
567,single_clarity,f1,0.01932367149758454
567,single_clarity,accuracy,0.5956175298804781
568,single_clarity,auc,0.6026774151774151
568,single_clarity,ap,0.5193444218117069
568,single_clarity,f1,0.0
568,single_clarity,accuracy,0.5677290836653387
569,single_clarity,auc,0.5927033492822966
569,single_clarity,ap,0.4905292404049442
569,single_clarity,f1,0.009950248756218905
569,single_clarity,accuracy,0.603585657370518
570,single_clarity,auc,0.5976948890489661
570,single_clarity,ap,0.44345710749392636
570,single_clarity,f1,0.0335195530726257
570,single_clarity,accuracy,0.6553784860557769
571,single_clarity,auc,0.5572869225764476
571,single_clarity,ap,0.46395518125640545
571,single_clarity,f1,0.0
571,single_clarity,accuracy,0.5776892430278885
572,single_clarity,auc,0.6165796101898338
572,single_clarity,ap,0.49161227374814037
572,single_clarity,f1,0.010526315789473684
572,single_clarity,accuracy,0.6254980079681275
573,single_clarity,auc,0.5352240499149178
573,single_clarity,ap,0.47158375014840914
573,single_clarity,f1,0.009216589861751152
573,single_clarity,accuracy,0.5717131474103586
574,single_clarity,auc,0.5969714432065565
574,single_clarity,ap,0.5357177162180076
574,single_clarity,f1,0.017316017316017316
574,single_clarity,accuracy,0.547808764940239
575,single_clarity,auc,0.6255544683626875
575,single_clarity,ap,0.5535703131773787
575,single_clarity,f1,0.009433962264150943
575,single_clarity,accuracy,0.5816733067729084
576,single_clarity,auc,0.6447871247958787
576,single_clarity,ap,0.5259946259466328
576,single_clarity,f1,0.010416666666666666
576,single_clarity,accuracy,0.6215139442231076
577,single_clarity,auc,0.6134718487996564
577,single_clarity,ap,0.5791380279196402
577,single_clarity,f1,0.0
577,single_clarity,accuracy,0.5239043824701195
578,single_clarity,auc,0.6530438205195487
578,single_clarity,ap,0.5673104608629962
578,single_clarity,f1,0.00966183574879227
578,single_clarity,accuracy,0.5916334661354582
579,single_clarity,auc,0.5696503542377329
579,single_clarity,ap,0.4788712710884375
579,single_clarity,f1,0.019138755980861243
579,single_clarity,accuracy,0.5916334661354582
580,single_clarity,auc,0.5778416347381865
580,single_clarity,ap,0.52353976194397
580,single_clarity,f1,0.0
580,single_clarity,accuracy,0.5298804780876494
581,single_clarity,auc,0.5954637890317502
581,single_clarity,ap,0.5122232529333719
581,single_clarity,f1,0.0
581,single_clarity,accuracy,0.5876494023904383
582,single_clarity,auc,0.6152805280528052
582,single_clarity,ap,0.5259017683104849
582,single_clarity,f1,0.0196078431372549
582,single_clarity,accuracy,0.601593625498008
583,single_clarity,auc,0.5470121254086086
583,single_clarity,ap,0.5065150455757566
583,single_clarity,f1,0.008968609865470852
583,single_clarity,accuracy,0.5597609561752988
584,single_clarity,auc,0.597856221792392
584,single_clarity,ap,0.543709086905215
584,single_clarity,f1,0.0
584,single_clarity,accuracy,0.5617529880478087
585,single_clarity,auc,0.6082760422620311
585,single_clarity,ap,0.538197855442943
585,single_clarity,f1,0.009523809523809525
585,single_clarity,accuracy,0.5856573705179283
586,single_clarity,auc,0.609967359286681
586,single_clarity,ap,0.5489184510447196
586,single_clarity,f1,0.016736401673640166
586,single_clarity,accuracy,0.5318725099601593
587,single_clarity,auc,0.5727666624187587
587,single_clarity,ap,0.5538267208059154
587,single_clarity,f1,0.0
587,single_clarity,accuracy,0.5298804780876494
588,single_clarity,auc,0.6204731308411215
588,single_clarity,ap,0.5623024830940568
588,single_clarity,f1,0.018518518518518517
588,single_clarity,accuracy,0.5776892430278885
589,single_clarity,auc,0.5968568665377176
589,single_clarity,ap,0.5565024678481842
589,single_clarity,f1,0.017937219730941704
589,single_clarity,accuracy,0.5637450199203188
590,single_clarity,auc,0.6128931592346227
590,single_clarity,ap,0.5151298191813368
590,single_clarity,f1,0.019138755980861243
590,single_clarity,accuracy,0.5916334661354582
591,single_clarity,auc,0.6688897043572601
591,single_clarity,ap,0.6450344875323839
591,single_clarity,f1,0.0
591,single_clarity,accuracy,0.5358565737051793
592,single_clarity,auc,0.5671903699816321
592,single_clarity,ap,0.44433256676078503
592,single_clarity,f1,0.0
592,single_clarity,accuracy,0.5856573705179283
593,single_clarity,auc,0.5550675675675676
593,single_clarity,ap,0.5062873395439411
593,single_clarity,f1,0.008968609865470852
593,single_clarity,accuracy,0.5597609561752988
594,single_clarity,auc,0.6123230373230373
594,single_clarity,ap,0.5749628531390962
594,single_clarity,f1,0.017777777777777778
594,single_clarity,accuracy,0.5597609561752988
595,single_clarity,auc,0.5934229461015176
595,single_clarity,ap,0.49711300728176055
595,single_clarity,f1,0.01904761904761905
595,single_clarity,accuracy,0.5896414342629482
596,single_clarity,auc,0.5943040513437625
596,single_clarity,ap,0.5507831652870951
596,single_clarity,f1,0.017543859649122806
596,single_clarity,accuracy,0.5537848605577689
597,single_clarity,auc,0.5833496412263535
597,single_clarity,ap,0.4742357086885621
597,single_clarity,f1,0.0
597,single_clarity,accuracy,0.5756972111553785
598,single_clarity,auc,0.6002256608639588
598,single_clarity,ap,0.5319442458141391
598,single_clarity,f1,0.026785714285714284
598,single_clarity,accuracy,0.5657370517928287
599,single_clarity,auc,0.6095840986617687
599,single_clarity,ap,0.5352690215869008
599,single_clarity,f1,0.0
599,single_clarity,accuracy,0.5896414342629482
600,single_clarity,auc,0.6142262467452776
600,single_clarity,ap,0.5088706013547296
600,single_clarity,f1,0.01
600,single_clarity,accuracy,0.6055776892430279
601,single_clarity,auc,0.5842982672250965
601,single_clarity,ap,0.49138521083834175
601,single_clarity,f1,0.009708737864077669
601,single_clarity,accuracy,0.5936254980079682
602,single_clarity,auc,0.6139865793516048
602,single_clarity,ap,0.5427053762369785
602,single_clarity,f1,0.0
602,single_clarity,accuracy,0.5677290836653387
603,single_clarity,auc,0.6003630363036303
603,single_clarity,ap,0.5124276473804018
603,single_clarity,f1,0.01932367149758454
603,single_clarity,accuracy,0.5956175298804781
604,single_clarity,auc,0.6249402771141902
604,single_clarity,ap,0.5078136752821194
604,single_clarity,f1,0.009708737864077669
604,single_clarity,accuracy,0.5936254980079682
605,single_clarity,auc,0.5627582685833719
605,single_clarity,ap,0.5412520168644324
605,single_clarity,f1,0.0
605,single_clarity,accuracy,0.5358565737051793
606,single_clarity,auc,0.6045178417289621
606,single_clarity,ap,0.5225412589372094
606,single_clarity,f1,0.0
606,single_clarity,accuracy,0.5796812749003984
607,single_clarity,auc,0.6280579050097592
607,single_clarity,ap,0.5682523672169074
607,single_clarity,f1,0.018691588785046728
607,single_clarity,accuracy,0.5816733067729084
608,single_clarity,auc,0.6362062331666025
608,single_clarity,ap,0.5580763191015404
608,single_clarity,f1,0.0
608,single_clarity,accuracy,0.547808764940239
609,single_clarity,auc,0.6461122574659692
609,single_clarity,ap,0.6085554563960178
609,single_clarity,f1,0.0
609,single_clarity,accuracy,0.5438247011952191
610,single_clarity,auc,0.5765623756070376
610,single_clarity,ap,0.5464721320750335
610,single_clarity,f1,0.024896265560165973
610,single_clarity,accuracy,0.5318725099601593
611,single_clarity,auc,0.6177914620953648
611,single_clarity,ap,0.5204109299921399
611,single_clarity,f1,0.02
611,single_clarity,accuracy,0.6095617529880478
612,single_clarity,auc,0.5834955867082036
612,single_clarity,ap,0.496991193751205
612,single_clarity,f1,0.009259259259259259
612,single_clarity,accuracy,0.5737051792828686
613,single_clarity,auc,0.59993631080328
613,single_clarity,ap,0.5663416752575282
613,single_clarity,f1,0.016666666666666666
613,single_clarity,accuracy,0.5298804780876494
614,single_clarity,auc,0.6333892617449663
614,single_clarity,ap,0.544359043043158
614,single_clarity,f1,0.028846153846153848
614,single_clarity,accuracy,0.5976095617529881
615,single_clarity,auc,0.5938473520249221
615,single_clarity,ap,0.5023413207860663
615,single_clarity,f1,0.0
615,single_clarity,accuracy,0.5737051792828686
616,single_clarity,auc,0.6340761223162004
616,single_clarity,ap,0.5586976333623107
616,single_clarity,f1,0.009389671361502348
616,single_clarity,accuracy,0.5796812749003984
617,single_clarity,auc,0.6279543401494622
617,single_clarity,ap,0.5469377811240682
617,single_clarity,f1,0.0380952380952381
617,single_clarity,accuracy,0.5976095617529881
618,single_clarity,auc,0.5831649831649831
618,single_clarity,ap,0.4893833254068174
618,single_clarity,f1,0.019230769230769232
618,single_clarity,accuracy,0.5936254980079682
619,single_clarity,auc,0.5801842210652783
619,single_clarity,ap,0.5485932087790254
619,single_clarity,f1,0.017391304347826087
619,single_clarity,accuracy,0.549800796812749
620,single_clarity,auc,0.6203447822081853
620,single_clarity,ap,0.4975068416985753
620,single_clarity,f1,0.00975609756097561
620,single_clarity,accuracy,0.5956175298804781
621,single_clarity,auc,0.6232550554468363
621,single_clarity,ap,0.5686951002444389
621,single_clarity,f1,0.018867924528301886
621,single_clarity,accuracy,0.5856573705179283
622,single_clarity,auc,0.6550870547581074
622,single_clarity,ap,0.549814386272031
622,single_clarity,f1,0.019801980198019802
622,single_clarity,accuracy,0.6055776892430279
623,single_clarity,auc,0.5945592719879955
623,single_clarity,ap,0.5309216308958704
623,single_clarity,f1,0.00904977375565611
623,single_clarity,accuracy,0.5637450199203188
624,single_clarity,auc,0.5580055815160956
624,single_clarity,ap,0.46123993684764325
624,single_clarity,f1,0.0
624,single_clarity,accuracy,0.5697211155378487
625,single_clarity,auc,0.5943992773261066
625,single_clarity,ap,0.49141644913100296
625,single_clarity,f1,0.0
625,single_clarity,accuracy,0.5896414342629482
626,single_clarity,auc,0.6060724206832692
626,single_clarity,ap,0.5183142306462539
626,single_clarity,f1,0.0
626,single_clarity,accuracy,0.5737051792828686
627,single_clarity,auc,0.5717233918615294
627,single_clarity,ap,0.4853892150609342
627,single_clarity,f1,0.0
627,single_clarity,accuracy,0.6075697211155379
628,single_clarity,auc,0.5887005649717515
628,single_clarity,ap,0.4926571417307538
628,single_clarity,f1,0.0
628,single_clarity,accuracy,0.5876494023904383
629,single_clarity,auc,0.5970342759906004
629,single_clarity,ap,0.5328930777036448
629,single_clarity,f1,0.02727272727272727
629,single_clarity,accuracy,0.5737051792828686
630,single_clarity,auc,0.6078056087209787
630,single_clarity,ap,0.518031866952422
630,single_clarity,f1,0.010101010101010102
630,single_clarity,accuracy,0.6095617529880478
631,single_clarity,auc,0.5660001275672918
631,single_clarity,ap,0.5520216198682932
631,single_clarity,f1,0.00851063829787234
631,single_clarity,accuracy,0.5358565737051793
632,single_clarity,auc,0.5428314091541799
632,single_clarity,ap,0.448957237239922
632,single_clarity,f1,0.0
632,single_clarity,accuracy,0.5876494023904383
633,single_clarity,auc,0.5934605348988911
633,single_clarity,ap,0.5332472962476618
633,single_clarity,f1,0.037037037037037035
633,single_clarity,accuracy,0.5856573705179283
634,single_clarity,auc,0.6092841452384029
634,single_clarity,ap,0.550418472696381
634,single_clarity,f1,0.00909090909090909
634,single_clarity,accuracy,0.5657370517928287
635,single_clarity,auc,0.5741379310344827
635,single_clarity,ap,0.5111832055409262
635,single_clarity,f1,0.0
635,single_clarity,accuracy,0.5378486055776892
636,single_clarity,auc,0.5945447252306458
636,single_clarity,ap,0.557009841989481
636,single_clarity,f1,0.017543859649122806
636,single_clarity,accuracy,0.5537848605577689
637,single_clarity,auc,0.5542057156080065
637,single_clarity,ap,0.45114595202751
637,single_clarity,f1,0.0
637,single_clarity,accuracy,0.5976095617529881
638,single_clarity,auc,0.6248637590757415
638,single_clarity,ap,0.5078863349953993
638,single_clarity,f1,0.02040816326530612
638,single_clarity,accuracy,0.6175298804780877
639,single_clarity,auc,0.6104859335038363
639,single_clarity,ap,0.5464283264317957
639,single_clarity,f1,0.008547008547008548
639,single_clarity,accuracy,0.5378486055776892
640,single_clarity,auc,0.6502325729578182
640,single_clarity,ap,0.6076218301561699
640,single_clarity,f1,0.016597510373443983
640,single_clarity,accuracy,0.5278884462151394
641,single_clarity,auc,0.5556212531822288
641,single_clarity,ap,0.48300820159638497
641,single_clarity,f1,0.00966183574879227
641,single_clarity,accuracy,0.5916334661354582
642,single_clarity,auc,0.6090086732619596
642,single_clarity,ap,0.48291615107873465
642,single_clarity,f1,0.0
642,single_clarity,accuracy,0.6235059760956175
643,single_clarity,auc,0.558394989615784
643,single_clarity,ap,0.48855657325069946
643,single_clarity,f1,0.01834862385321101
643,single_clarity,accuracy,0.5737051792828686
644,single_clarity,auc,0.5996487867177522
644,single_clarity,ap,0.5392674369621278
644,single_clarity,f1,0.0
644,single_clarity,accuracy,0.5378486055776892
645,single_clarity,auc,0.6100811591396809
645,single_clarity,ap,0.5452045806270867
645,single_clarity,f1,0.00909090909090909
645,single_clarity,accuracy,0.5657370517928287
646,single_clarity,auc,0.5473199126849382
646,single_clarity,ap,0.47243204658005195
646,single_clarity,f1,0.009174311926605505
646,single_clarity,accuracy,0.5697211155378487
647,single_clarity,auc,0.6404358937267949
647,single_clarity,ap,0.5725300064640022
647,single_clarity,f1,0.008888888888888889
647,single_clarity,accuracy,0.5557768924302788
648,single_clarity,auc,0.6068179256372682
648,single_clarity,ap,0.5372698129460377
648,single_clarity,f1,0.0
648,single_clarity,accuracy,0.5597609561752988
649,single_clarity,auc,0.5816817111459969
649,single_clarity,ap,0.501433345193461
649,single_clarity,f1,0.009569377990430622
649,single_clarity,accuracy,0.5876494023904383
650,single_clarity,auc,0.6200073579986243
650,single_clarity,ap,0.5542629357068161
650,single_clarity,f1,0.0
650,single_clarity,accuracy,0.5438247011952191
651,single_clarity,auc,0.5917430458915175
651,single_clarity,ap,0.5803146300694357
651,single_clarity,f1,0.008695652173913044
651,single_clarity,accuracy,0.545816733067729
652,single_clarity,auc,0.5911701713395638
652,single_clarity,ap,0.5135508886296891
652,single_clarity,f1,0.0
652,single_clarity,accuracy,0.5717131474103586
653,single_clarity,auc,0.5888666399679615
653,single_clarity,ap,0.5496573754479908
653,single_clarity,f1,0.017391304347826087
653,single_clarity,accuracy,0.549800796812749
654,single_clarity,auc,0.5507239382239382
654,single_clarity,ap,0.49663207727570424
654,single_clarity,f1,0.017777777777777778
654,single_clarity,accuracy,0.5597609561752988
655,single_clarity,auc,0.5865865376785394
655,single_clarity,ap,0.5278963649134057
655,single_clarity,f1,0.009433962264150943
655,single_clarity,accuracy,0.5816733067729084
656,single_clarity,auc,0.6306262230919766
656,single_clarity,ap,0.5595954569027717
656,single_clarity,f1,0.009433962264150943
656,single_clarity,accuracy,0.5816733067729084
657,single_clarity,auc,0.5932331444526566
657,single_clarity,ap,0.4975724501159792
657,single_clarity,f1,0.0
657,single_clarity,accuracy,0.5856573705179283
658,single_clarity,auc,0.5701882258710452
658,single_clarity,ap,0.5251308733054756
658,single_clarity,f1,0.017391304347826087
658,single_clarity,accuracy,0.549800796812749
659,single_clarity,auc,0.5539482778018869
659,single_clarity,ap,0.5102524173365408
659,single_clarity,f1,0.0
659,single_clarity,accuracy,0.5557768924302788
660,single_clarity,auc,0.6001296491370229
660,single_clarity,ap,0.5219829768934534
660,single_clarity,f1,0.01834862385321101
660,single_clarity,accuracy,0.5737051792828686
661,single_clarity,auc,0.6198605549084991
661,single_clarity,ap,0.5770985865191485
661,single_clarity,f1,0.0
661,single_clarity,accuracy,0.5338645418326693
662,single_clarity,auc,0.6178501226505515
662,single_clarity,ap,0.531975241540788
662,single_clarity,f1,0.018518518518518517
662,single_clarity,accuracy,0.5776892430278885
663,single_clarity,auc,0.6447412298252635
663,single_clarity,ap,0.5320194103728257
663,single_clarity,f1,0.01015228426395939
663,single_clarity,accuracy,0.6115537848605578
664,single_clarity,auc,0.5666836911214722
664,single_clarity,ap,0.5030623749410669
664,single_clarity,f1,0.0
664,single_clarity,accuracy,0.5956175298804781
665,single_clarity,auc,0.5950403594907215
665,single_clarity,ap,0.5040485785160628
665,single_clarity,f1,0.0297029702970297
665,single_clarity,accuracy,0.6095617529880478
666,single_clarity,auc,0.6113215488215489
666,single_clarity,ap,0.5493418900099504
666,single_clarity,f1,0.0
666,single_clarity,accuracy,0.5697211155378487
667,single_clarity,auc,0.6525187775187775
667,single_clarity,ap,0.58050376383448
667,single_clarity,f1,0.01818181818181818
667,single_clarity,accuracy,0.5697211155378487
668,single_clarity,auc,0.5703169420212161
668,single_clarity,ap,0.4851479916175858
668,single_clarity,f1,0.0
668,single_clarity,accuracy,0.5717131474103586
669,single_clarity,auc,0.5697371653156472
669,single_clarity,ap,0.501739641935105
669,single_clarity,f1,0.018867924528301886
669,single_clarity,accuracy,0.5856573705179283
670,single_clarity,auc,0.6013539651837524
670,single_clarity,ap,0.534517334018674
670,single_clarity,f1,0.008968609865470852
670,single_clarity,accuracy,0.5597609561752988
671,single_clarity,auc,0.5796780813133255
671,single_clarity,ap,0.531179678297843
671,single_clarity,f1,0.00881057268722467
671,single_clarity,accuracy,0.5517928286852589
672,single_clarity,auc,0.6060243653527235
672,single_clarity,ap,0.5659546992394435
672,single_clarity,f1,0.0
672,single_clarity,accuracy,0.5298804780876494
673,single_clarity,auc,0.6443497870207968
673,single_clarity,ap,0.5225858302949832
673,single_clarity,f1,0.0
673,single_clarity,accuracy,0.6115537848605578
674,single_clarity,auc,0.5830598455598456
674,single_clarity,ap,0.5359652425653231
674,single_clarity,f1,0.008968609865470852
674,single_clarity,accuracy,0.5597609561752988
675,single_clarity,auc,0.5939382782166287
675,single_clarity,ap,0.48255934578700105
675,single_clarity,f1,0.01015228426395939
675,single_clarity,accuracy,0.6115537848605578
676,single_clarity,auc,0.6300548850995913
676,single_clarity,ap,0.5329524049865292
676,single_clarity,f1,0.009433962264150943
676,single_clarity,accuracy,0.5816733067729084
677,single_clarity,auc,0.5801590355264845
677,single_clarity,ap,0.5282330898830188
677,single_clarity,f1,0.008733624454148471
677,single_clarity,accuracy,0.547808764940239
678,single_clarity,auc,0.6126170684621153
678,single_clarity,ap,0.5461403014922196
678,single_clarity,f1,0.0
678,single_clarity,accuracy,0.5338645418326693
679,single_clarity,auc,0.6278617216117216
679,single_clarity,ap,0.5460912144721168
679,single_clarity,f1,0.009569377990430622
679,single_clarity,accuracy,0.5876494023904383
680,single_clarity,auc,0.5701854261548471
680,single_clarity,ap,0.4533965315712986
680,single_clarity,f1,0.0
680,single_clarity,accuracy,0.5737051792828686
681,single_clarity,auc,0.603630175836642
681,single_clarity,ap,0.5334935298925906
681,single_clarity,f1,0.01809954751131222
681,single_clarity,accuracy,0.5677290836653387
682,single_clarity,auc,0.5707425742574258
682,single_clarity,ap,0.4714678490383595
682,single_clarity,f1,0.01951219512195122
682,single_clarity,accuracy,0.599601593625498
683,single_clarity,auc,0.6296765599363192
683,single_clarity,ap,0.554110688837802
683,single_clarity,f1,0.009345794392523364
683,single_clarity,accuracy,0.5776892430278885
684,single_clarity,auc,0.6182967890284964
684,single_clarity,ap,0.546172411617901
684,single_clarity,f1,0.028708133971291867
684,single_clarity,accuracy,0.5956175298804781
685,single_clarity,auc,0.6100389244474845
685,single_clarity,ap,0.532568620694478
685,single_clarity,f1,0.009389671361502348
685,single_clarity,accuracy,0.5796812749003984
686,single_clarity,auc,0.6034496668118818
686,single_clarity,ap,0.5418384963436873
686,single_clarity,f1,0.01809954751131222
686,single_clarity,accuracy,0.5677290836653387
687,single_clarity,auc,0.5930023923444976
687,single_clarity,ap,0.49812409004564046
687,single_clarity,f1,0.009950248756218905
687,single_clarity,accuracy,0.603585657370518
688,single_clarity,auc,0.5576036866359446
688,single_clarity,ap,0.4943932992825447
688,single_clarity,f1,0.0
688,single_clarity,accuracy,0.5657370517928287
689,single_clarity,auc,0.6344370860927152
689,single_clarity,ap,0.553969261911827
689,single_clarity,f1,0.02926829268292683
689,single_clarity,accuracy,0.603585657370518
690,single_clarity,auc,0.5703211517165006
690,single_clarity,ap,0.49009048286938717
690,single_clarity,f1,0.0
690,single_clarity,accuracy,0.5976095617529881
691,single_clarity,auc,0.628652459282068
691,single_clarity,ap,0.5402493215956309
691,single_clarity,f1,0.0
691,single_clarity,accuracy,0.5697211155378487
692,single_clarity,auc,0.5613238584024213
692,single_clarity,ap,0.46889484373176515
692,single_clarity,f1,0.0
692,single_clarity,accuracy,0.5916334661354582
693,single_clarity,auc,0.5874628504974804
693,single_clarity,ap,0.5001430714447177
693,single_clarity,f1,0.0
693,single_clarity,accuracy,0.5657370517928287
694,single_clarity,auc,0.6259580166836084
694,single_clarity,ap,0.5344927437871477
694,single_clarity,f1,0.009009009009009009
694,single_clarity,accuracy,0.5617529880478087
695,single_clarity,auc,0.6550070993067736
695,single_clarity,ap,0.5447232005399141
695,single_clarity,f1,0.02030456852791878
695,single_clarity,accuracy,0.6155378486055777
696,single_clarity,auc,0.6005653296944296
696,single_clarity,ap,0.5252998053020494
696,single_clarity,f1,0.027522935779816515
696,single_clarity,accuracy,0.5776892430278885
697,single_clarity,auc,0.624813454734477
697,single_clarity,ap,0.5054617720085247
697,single_clarity,f1,0.010256410256410256
697,single_clarity,accuracy,0.6155378486055777
698,single_clarity,auc,0.6219535783365571
698,single_clarity,ap,0.5680318438247098
698,single_clarity,f1,0.0
698,single_clarity,accuracy,0.5617529880478087
699,single_clarity,auc,0.6095659817238005
699,single_clarity,ap,0.5092274533295988
699,single_clarity,f1,0.0297029702970297
699,single_clarity,accuracy,0.6095617529880478
700,single_clarity,auc,0.5659427284427285
700,single_clarity,ap,0.49801822720604333
700,single_clarity,f1,0.008888888888888889
700,single_clarity,accuracy,0.5557768924302788
701,single_clarity,auc,0.5679733246584255
701,single_clarity,ap,0.467625238178237
701,single_clarity,f1,0.0
701,single_clarity,accuracy,0.5737051792828686
702,single_clarity,auc,0.6029092071611253
702,single_clarity,ap,0.5668477327678959
702,single_clarity,f1,0.017094017094017096
702,single_clarity,accuracy,0.5418326693227091
703,single_clarity,auc,0.5989167995746943
703,single_clarity,ap,0.49861005890673343
703,single_clarity,f1,0.009950248756218905
703,single_clarity,accuracy,0.603585657370518
704,single_clarity,auc,0.5962335216572505
704,single_clarity,ap,0.5027366197243837
704,single_clarity,f1,0.0
704,single_clarity,accuracy,0.5856573705179283
705,single_clarity,auc,0.5654207958146789
705,single_clarity,ap,0.45280898761255994
705,single_clarity,f1,0.0
705,single_clarity,accuracy,0.6155378486055777
706,single_clarity,auc,0.6026577102803738
706,single_clarity,ap,0.5054373692651618
706,single_clarity,f1,0.0
706,single_clarity,accuracy,0.5657370517928287
707,single_clarity,auc,0.5626954884139851
707,single_clarity,ap,0.47922517281486476
707,single_clarity,f1,0.009569377990430622
707,single_clarity,accuracy,0.5876494023904383
708,single_clarity,auc,0.5981188118811882
708,single_clarity,ap,0.4832061832619349
708,single_clarity,f1,0.0
708,single_clarity,accuracy,0.5936254980079682
709,single_clarity,auc,0.608659786872275
709,single_clarity,ap,0.4849244177712561
709,single_clarity,f1,0.0
709,single_clarity,accuracy,0.6135458167330677
710,single_clarity,auc,0.6209602649006623
710,single_clarity,ap,0.5044828875735201
710,single_clarity,f1,0.0
710,single_clarity,accuracy,0.599601593625498
711,single_clarity,auc,0.5745492828003684
711,single_clarity,ap,0.480651870746597
711,single_clarity,f1,0.0
711,single_clarity,accuracy,0.5896414342629482
712,single_clarity,auc,0.6273559679118386
712,single_clarity,ap,0.54328774729714
712,single_clarity,f1,0.03619909502262444
712,single_clarity,accuracy,0.5756972111553785
713,single_clarity,auc,0.588225847893114
713,single_clarity,ap,0.5338655153805645
713,single_clarity,f1,0.0
713,single_clarity,accuracy,0.5517928286852589
714,single_clarity,auc,0.6084320477124076
714,single_clarity,ap,0.4951298553426633
714,single_clarity,f1,0.0
714,single_clarity,accuracy,0.5956175298804781
715,single_clarity,auc,0.584887883926889
715,single_clarity,ap,0.4481486710384316
715,single_clarity,f1,0.0
715,single_clarity,accuracy,0.6354581673306773
716,single_clarity,auc,0.5580235644133407
716,single_clarity,ap,0.449950153883404
716,single_clarity,f1,0.010526315789473684
716,single_clarity,accuracy,0.6254980079681275
717,single_clarity,auc,0.582977207977208
717,single_clarity,ap,0.5126847139859736
717,single_clarity,f1,0.0091324200913242
717,single_clarity,accuracy,0.5677290836653387
718,single_clarity,auc,0.6024170256708133
718,single_clarity,ap,0.5575109941951499
718,single_clarity,f1,0.0
718,single_clarity,accuracy,0.5637450199203188
719,single_clarity,auc,0.5895848685826578
719,single_clarity,ap,0.48506938536007765
719,single_clarity,f1,0.009569377990430622
719,single_clarity,accuracy,0.5876494023904383
720,single_clarity,auc,0.6366671552580577
720,single_clarity,ap,0.5622354933098415
720,single_clarity,f1,0.009433962264150943
720,single_clarity,accuracy,0.5816733067729084
721,single_clarity,auc,0.5412285825545171
721,single_clarity,ap,0.4699940401289255
721,single_clarity,f1,0.009259259259259259
721,single_clarity,accuracy,0.5737051792828686
722,single_clarity,auc,0.6368399441570173
722,single_clarity,ap,0.5557566678829602
722,single_clarity,f1,0.0
722,single_clarity,accuracy,0.5896414342629482
723,single_clarity,auc,0.5884464804977501
723,single_clarity,ap,0.5344285272661172
723,single_clarity,f1,0.027777777777777776
723,single_clarity,accuracy,0.5816733067729084
724,single_clarity,auc,0.617387530739187
724,single_clarity,ap,0.5631085740030782
724,single_clarity,f1,0.02654867256637168
724,single_clarity,accuracy,0.5617529880478087
725,single_clarity,auc,0.5900684931506849
725,single_clarity,ap,0.513972267568791
725,single_clarity,f1,0.009478672985781991
725,single_clarity,accuracy,0.5836653386454184
726,single_clarity,auc,0.6153300330033004
726,single_clarity,ap,0.5214415074567229
726,single_clarity,f1,0.01951219512195122
726,single_clarity,accuracy,0.599601593625498
727,single_clarity,auc,0.6198403426791277
727,single_clarity,ap,0.5519782836454664
727,single_clarity,f1,0.0
727,single_clarity,accuracy,0.5717131474103586
728,single_clarity,auc,0.5704533491248849
728,single_clarity,ap,0.48388803263341107
728,single_clarity,f1,0.0
728,single_clarity,accuracy,0.5916334661354582
729,single_clarity,auc,0.6043377483443708
729,single_clarity,ap,0.4868397108458739
729,single_clarity,f1,0.019704433497536946
729,single_clarity,accuracy,0.603585657370518
730,single_clarity,auc,0.6034296897026385
730,single_clarity,ap,0.4870143428711805
730,single_clarity,f1,0.0
730,single_clarity,accuracy,0.603585657370518
731,single_clarity,auc,0.6015014726597516
731,single_clarity,ap,0.530320995182769
731,single_clarity,f1,0.008695652173913044
731,single_clarity,accuracy,0.545816733067729
732,single_clarity,auc,0.5707117156364458
732,single_clarity,ap,0.5230774745579916
732,single_clarity,f1,0.00909090909090909
732,single_clarity,accuracy,0.5657370517928287
733,single_clarity,auc,0.5606140120703227
733,single_clarity,ap,0.46549537140034947
733,single_clarity,f1,0.0
733,single_clarity,accuracy,0.5856573705179283
734,single_clarity,auc,0.6068984396386531
734,single_clarity,ap,0.5261879120345929
734,single_clarity,f1,0.017699115044247787
734,single_clarity,accuracy,0.5577689243027888
735,single_clarity,auc,0.6029978863126644
735,single_clarity,ap,0.5171585791682379
735,single_clarity,f1,0.0
735,single_clarity,accuracy,0.5617529880478087
736,single_clarity,auc,0.619495770715283
736,single_clarity,ap,0.5452161227919639
736,single_clarity,f1,0.0
736,single_clarity,accuracy,0.5896414342629482
737,single_clarity,auc,0.5840066225165562
737,single_clarity,ap,0.47936791463609063
737,single_clarity,f1,0.0
737,single_clarity,accuracy,0.599601593625498
738,single_clarity,auc,0.5376948258171691
738,single_clarity,ap,0.4876216075891884
738,single_clarity,f1,0.0
738,single_clarity,accuracy,0.5796812749003984
739,single_clarity,auc,0.5832334946726091
739,single_clarity,ap,0.5298209880678353
739,single_clarity,f1,0.01702127659574468
739,single_clarity,accuracy,0.5398406374501992
740,single_clarity,auc,0.6346267383888744
740,single_clarity,ap,0.5165260248205709
740,single_clarity,f1,0.0
740,single_clarity,accuracy,0.5856573705179283
741,single_clarity,auc,0.6346616785946649
741,single_clarity,ap,0.5504277582674456
741,single_clarity,f1,0.0
741,single_clarity,accuracy,0.5776892430278885
742,single_clarity,auc,0.5777572006433062
742,single_clarity,ap,0.5050598261702413
742,single_clarity,f1,0.0
742,single_clarity,accuracy,0.5737051792828686
743,single_clarity,auc,0.6344748295967808
743,single_clarity,ap,0.5210466520350635
743,single_clarity,f1,0.03755868544600939
743,single_clarity,accuracy,0.5916334661354582
744,single_clarity,auc,0.5874081341112889
744,single_clarity,ap,0.4642796881998028
744,single_clarity,f1,0.01098901098901099
744,single_clarity,accuracy,0.6414342629482072
745,single_clarity,auc,0.5783811391007792
745,single_clarity,ap,0.49675315325205543
745,single_clarity,f1,0.00966183574879227
745,single_clarity,accuracy,0.5916334661354582
746,single_clarity,auc,0.5998528400275125
746,single_clarity,ap,0.5386250354940479
746,single_clarity,f1,0.008620689655172414
746,single_clarity,accuracy,0.5418326693227091
747,single_clarity,auc,0.585933068633012
747,single_clarity,ap,0.5122833621752871
747,single_clarity,f1,0.0
747,single_clarity,accuracy,0.5657370517928287
748,single_clarity,auc,0.5915538834872396
748,single_clarity,ap,0.5131681350696857
748,single_clarity,f1,0.0
748,single_clarity,accuracy,0.5776892430278885
749,single_clarity,auc,0.6011653220642849
749,single_clarity,ap,0.5631405099081506
749,single_clarity,f1,0.017167381974248927
749,single_clarity,accuracy,0.5438247011952191
750,single_clarity,auc,0.6103619815410208
750,single_clarity,ap,0.5800197752887046
750,single_clarity,f1,0.008695652173913044
750,single_clarity,accuracy,0.545816733067729
751,single_clarity,auc,0.6430688610497011
751,single_clarity,ap,0.5644343948408188
751,single_clarity,f1,0.009615384615384616
751,single_clarity,accuracy,0.5896414342629482
752,single_clarity,auc,0.6089093701996928
752,single_clarity,ap,0.5313679240145546
752,single_clarity,f1,0.0
752,single_clarity,accuracy,0.5637450199203188
753,single_clarity,auc,0.563577444400579
753,single_clarity,ap,0.47802781188104365
753,single_clarity,f1,0.009708737864077669
753,single_clarity,accuracy,0.5936254980079682
754,single_clarity,auc,0.5596701866049472
754,single_clarity,ap,0.5061338495148351
754,single_clarity,f1,0.008888888888888889
754,single_clarity,accuracy,0.5557768924302788
755,single_clarity,auc,0.6204919518262847
755,single_clarity,ap,0.5221833841549434
755,single_clarity,f1,0.019417475728155338
755,single_clarity,accuracy,0.5976095617529881
756,single_clarity,auc,0.6089153142615787
756,single_clarity,ap,0.5161785696765707
756,single_clarity,f1,0.009259259259259259
756,single_clarity,accuracy,0.5737051792828686
757,single_clarity,auc,0.605353500174138
757,single_clarity,ap,0.4848213878584197
757,single_clarity,f1,0.0
757,single_clarity,accuracy,0.599601593625498
758,single_clarity,auc,0.6084353204368996
758,single_clarity,ap,0.5182731703571245
758,single_clarity,f1,0.0
758,single_clarity,accuracy,0.5916334661354582
759,single_clarity,auc,0.6558382257012394
759,single_clarity,ap,0.5627374108356205
759,single_clarity,f1,0.009389671361502348
759,single_clarity,accuracy,0.5796812749003984
760,single_clarity,auc,0.5693907156673114
760,single_clarity,ap,0.49530965289611284
760,single_clarity,f1,0.0
760,single_clarity,accuracy,0.5617529880478087
761,single_clarity,auc,0.5931105931105931
761,single_clarity,ap,0.5240973630758895
761,single_clarity,f1,0.0
761,single_clarity,accuracy,0.5697211155378487
762,single_clarity,auc,0.6071072567783093
762,single_clarity,ap,0.5129671017318721
762,single_clarity,f1,0.0
762,single_clarity,accuracy,0.6055776892430279
763,single_clarity,auc,0.5929400386847196
763,single_clarity,ap,0.5230888438922578
763,single_clarity,f1,0.00904977375565611
763,single_clarity,accuracy,0.5637450199203188
764,single_clarity,auc,0.592095709570957
764,single_clarity,ap,0.5189835713803925
764,single_clarity,f1,0.00980392156862745
764,single_clarity,accuracy,0.5976095617529881
765,single_clarity,auc,0.6302782674596767
765,single_clarity,ap,0.5341492098315032
765,single_clarity,f1,0.0
765,single_clarity,accuracy,0.5956175298804781
766,single_clarity,auc,0.5968282368249838
766,single_clarity,ap,0.4915390140692264
766,single_clarity,f1,0.009259259259259259
766,single_clarity,accuracy,0.5737051792828686
767,single_clarity,auc,0.6063926940639269
767,single_clarity,ap,0.5152202626276265
767,single_clarity,f1,0.0
767,single_clarity,accuracy,0.5816733067729084
768,single_clarity,auc,0.6097195639510693
768,single_clarity,ap,0.5017403323159313
768,single_clarity,f1,0.0
768,single_clarity,accuracy,0.6055776892430279
769,single_clarity,auc,0.5427598899040732
769,single_clarity,ap,0.4634417618056288
769,single_clarity,f1,0.0
769,single_clarity,accuracy,0.5796812749003984
770,single_clarity,auc,0.5873307840005162
770,single_clarity,ap,0.4983014223388415
770,single_clarity,f1,0.0
770,single_clarity,accuracy,0.5597609561752988
771,single_clarity,auc,0.6074379497129921
771,single_clarity,ap,0.5411449750822184
771,single_clarity,f1,0.027149321266968326
771,single_clarity,accuracy,0.5717131474103586
772,single_clarity,auc,0.5909437086092716
772,single_clarity,ap,0.4845232563384329
772,single_clarity,f1,0.0
772,single_clarity,accuracy,0.601593625498008
773,single_clarity,auc,0.5667325309861685
773,single_clarity,ap,0.5073574045298319
773,single_clarity,f1,0.0
773,single_clarity,accuracy,0.5816733067729084
774,single_clarity,auc,0.5751739949234422
774,single_clarity,ap,0.49809111799007255
774,single_clarity,f1,0.0
774,single_clarity,accuracy,0.5876494023904383
775,single_clarity,auc,0.5685587143040082
775,single_clarity,ap,0.5361593257147048
775,single_clarity,f1,0.0
775,single_clarity,accuracy,0.545816733067729
776,single_clarity,auc,0.6001019497897286
776,single_clarity,ap,0.5475847814646108
776,single_clarity,f1,0.008368200836820083
776,single_clarity,accuracy,0.5278884462151394
777,single_clarity,auc,0.6068227858358317
777,single_clarity,ap,0.5477376034151679
777,single_clarity,f1,0.009216589861751152
777,single_clarity,accuracy,0.5717131474103586
778,single_clarity,auc,0.6154900064474532
778,single_clarity,ap,0.529630764778221
778,single_clarity,f1,0.017777777777777778
778,single_clarity,accuracy,0.5597609561752988
779,single_clarity,auc,0.5942897308876691
779,single_clarity,ap,0.4887582931273108
779,single_clarity,f1,0.0
779,single_clarity,accuracy,0.6075697211155379
780,single_clarity,auc,0.6281657836929836
780,single_clarity,ap,0.5581569090983384
780,single_clarity,f1,0.0091324200913242
780,single_clarity,accuracy,0.5677290836653387
781,single_clarity,auc,0.540140674266311
781,single_clarity,ap,0.4763857280037471
781,single_clarity,f1,0.009174311926605505
781,single_clarity,accuracy,0.5697211155378487
782,single_clarity,auc,0.6024168987475773
782,single_clarity,ap,0.5269166446023154
782,single_clarity,f1,0.0
782,single_clarity,accuracy,0.5796812749003984
783,single_clarity,auc,0.5773320287018917
783,single_clarity,ap,0.5057719106474732
783,single_clarity,f1,0.009433962264150943
783,single_clarity,accuracy,0.5816733067729084
784,single_clarity,auc,0.6266891891891893
784,single_clarity,ap,0.5499661978908738
784,single_clarity,f1,0.00966183574879227
784,single_clarity,accuracy,0.5916334661354582
785,single_clarity,auc,0.617005527043032
785,single_clarity,ap,0.5526284549049398
785,single_clarity,f1,0.0
785,single_clarity,accuracy,0.5936254980079682
786,single_clarity,auc,0.6139800514800515
786,single_clarity,ap,0.5450187012636906
786,single_clarity,f1,0.017777777777777778
786,single_clarity,accuracy,0.5597609561752988
787,single_clarity,auc,0.5671978816381564
787,single_clarity,ap,0.5096115096866225
787,single_clarity,f1,0.0
787,single_clarity,accuracy,0.5756972111553785
788,single_clarity,auc,0.6049110001280574
788,single_clarity,ap,0.5807937432205623
788,single_clarity,f1,0.025974025974025976
788,single_clarity,accuracy,0.5517928286852589
789,single_clarity,auc,0.5829843146916318
789,single_clarity,ap,0.5189070903461339
789,single_clarity,f1,0.0
789,single_clarity,accuracy,0.5916334661354582
790,single_clarity,auc,0.5882512787723785
790,single_clarity,ap,0.5577425655265508
790,single_clarity,f1,0.0
790,single_clarity,accuracy,0.5418326693227091
791,single_clarity,auc,0.618313089546453
791,single_clarity,ap,0.5647977249649039
791,single_clarity,f1,0.01818181818181818
791,single_clarity,accuracy,0.5697211155378487
792,single_clarity,auc,0.6223623575066699
792,single_clarity,ap,0.5303632817892541
792,single_clarity,f1,0.01818181818181818
792,single_clarity,accuracy,0.5697211155378487
793,single_clarity,auc,0.6071893298633702
793,single_clarity,ap,0.524539968094006
793,single_clarity,f1,0.009345794392523364
793,single_clarity,accuracy,0.5776892430278885
794,single_clarity,auc,0.5781633282973504
794,single_clarity,ap,0.5254321194288711
794,single_clarity,f1,0.009345794392523364
794,single_clarity,accuracy,0.5776892430278885
795,single_clarity,auc,0.596096291476903
795,single_clarity,ap,0.4941696297770417
795,single_clarity,f1,0.009345794392523364
795,single_clarity,accuracy,0.5776892430278885
796,single_clarity,auc,0.6078888241657652
796,single_clarity,ap,0.4988845195051603
796,single_clarity,f1,0.01990049751243781
796,single_clarity,accuracy,0.6075697211155379
797,single_clarity,auc,0.6073153239301936
797,single_clarity,ap,0.5615225401763502
797,single_clarity,f1,0.008438818565400843
797,single_clarity,accuracy,0.5318725099601593
798,single_clarity,auc,0.5727673922745079
798,single_clarity,ap,0.48737522374478315
798,single_clarity,f1,0.009852216748768473
798,single_clarity,accuracy,0.599601593625498
799,single_clarity,auc,0.5880123617436565
799,single_clarity,ap,0.4906383136670619
799,single_clarity,f1,0.0
799,single_clarity,accuracy,0.5756972111553785
800,single_clarity,auc,0.6170529801324504
800,single_clarity,ap,0.5159416979956165
800,single_clarity,f1,0.0
800,single_clarity,accuracy,0.5976095617529881
801,single_clarity,auc,0.5811686729372777
801,single_clarity,ap,0.5158558630282257
801,single_clarity,f1,0.009302325581395349
801,single_clarity,accuracy,0.5756972111553785
802,single_clarity,auc,0.5867082035306335
802,single_clarity,ap,0.519718536660583
802,single_clarity,f1,0.01834862385321101
802,single_clarity,accuracy,0.5737051792828686
803,single_clarity,auc,0.6169309404445025
803,single_clarity,ap,0.5396203839874575
803,single_clarity,f1,0.009523809523809525
803,single_clarity,accuracy,0.5856573705179283
804,single_clarity,auc,0.6099302235430935
804,single_clarity,ap,0.5295479518906561
804,single_clarity,f1,0.01809954751131222
804,single_clarity,accuracy,0.5677290836653387
805,single_clarity,auc,0.5846121471121472
805,single_clarity,ap,0.5019297059545423
805,single_clarity,f1,0.01809954751131222
805,single_clarity,accuracy,0.5677290836653387
806,single_clarity,auc,0.5698349834983498
806,single_clarity,ap,0.45139544667335174
806,single_clarity,f1,0.0
806,single_clarity,accuracy,0.5956175298804781
807,single_clarity,auc,0.6177721088435374
807,single_clarity,ap,0.5081380813361354
807,single_clarity,f1,0.009523809523809525
807,single_clarity,accuracy,0.5856573705179283
808,single_clarity,auc,0.5847359735973597
808,single_clarity,ap,0.4849634103021502
808,single_clarity,f1,0.02912621359223301
808,single_clarity,accuracy,0.601593625498008
809,single_clarity,auc,0.6285371235721703
809,single_clarity,ap,0.5573241564998559
809,single_clarity,f1,0.009216589861751152
809,single_clarity,accuracy,0.5717131474103586
810,single_clarity,auc,0.5811283567381129
810,single_clarity,ap,0.49211873882125984
810,single_clarity,f1,0.019230769230769232
810,single_clarity,accuracy,0.5936254980079682
811,single_clarity,auc,0.6420111918483254
811,single_clarity,ap,0.5269356473618754
811,single_clarity,f1,0.0
811,single_clarity,accuracy,0.6095617529880478
812,single_clarity,auc,0.5820645479182065
812,single_clarity,ap,0.49407432489846853
812,single_clarity,f1,0.009615384615384616
812,single_clarity,accuracy,0.5896414342629482
813,single_clarity,auc,0.5659093530157998
813,single_clarity,ap,0.4722563079966836
813,single_clarity,f1,0.00975609756097561
813,single_clarity,accuracy,0.5956175298804781
814,single_clarity,auc,0.5828175370728562
814,single_clarity,ap,0.523345628394697
814,single_clarity,f1,0.02666666666666667
814,single_clarity,accuracy,0.5637450199203188
815,single_clarity,auc,0.6102512175128983
815,single_clarity,ap,0.5365019268198747
815,single_clarity,f1,0.008928571428571428
815,single_clarity,accuracy,0.5577689243027888
816,single_clarity,auc,0.6185149501118605
816,single_clarity,ap,0.5129624411423435
816,single_clarity,f1,0.009433962264150943
816,single_clarity,accuracy,0.5816733067729084
817,single_clarity,auc,0.5812661435742482
817,single_clarity,ap,0.5111349448620316
817,single_clarity,f1,0.018604651162790697
817,single_clarity,accuracy,0.5796812749003984
818,single_clarity,auc,0.5926243279569892
818,single_clarity,ap,0.46656169217815047
818,single_clarity,f1,0.010256410256410256
818,single_clarity,accuracy,0.6155378486055777
819,single_clarity,auc,0.566755524152107
819,single_clarity,ap,0.5333268627078784
819,single_clarity,f1,0.0
819,single_clarity,accuracy,0.549800796812749
820,single_clarity,auc,0.6121003836317135
820,single_clarity,ap,0.5679107910574103
820,single_clarity,f1,0.017167381974248927
820,single_clarity,accuracy,0.5438247011952191
821,single_clarity,auc,0.5895896864966035
821,single_clarity,ap,0.5190828521834554
821,single_clarity,f1,0.017937219730941704
821,single_clarity,accuracy,0.5637450199203188
822,single_clarity,auc,0.5863946470742587
822,single_clarity,ap,0.4802029989146145
822,single_clarity,f1,0.0
822,single_clarity,accuracy,0.5896414342629482
823,single_clarity,auc,0.5952956989247311
823,single_clarity,ap,0.4685177526090665
823,single_clarity,f1,0.02040816326530612
823,single_clarity,accuracy,0.6175298804780877
824,single_clarity,auc,0.5938816012391694
824,single_clarity,ap,0.5094292670724847
824,single_clarity,f1,0.00909090909090909
824,single_clarity,accuracy,0.5657370517928287
825,single_clarity,auc,0.5907371167645139
825,single_clarity,ap,0.518012777088424
825,single_clarity,f1,0.018779342723004695
825,single_clarity,accuracy,0.5836653386454184
826,single_clarity,auc,0.6038842710997442
826,single_clarity,ap,0.5797972872820336
826,single_clarity,f1,0.017167381974248927
826,single_clarity,accuracy,0.5438247011952191
827,single_clarity,auc,0.5472166599919903
827,single_clarity,ap,0.5077156941985261
827,single_clarity,f1,0.0
827,single_clarity,accuracy,0.547808764940239
828,single_clarity,auc,0.6046037296037295
828,single_clarity,ap,0.5436287237998361
828,single_clarity,f1,0.027149321266968326
828,single_clarity,accuracy,0.5717131474103586
829,single_clarity,auc,0.5848438950505692
829,single_clarity,ap,0.48807816344810506
829,single_clarity,f1,0.009433962264150943
829,single_clarity,accuracy,0.5816733067729084
830,single_clarity,auc,0.502986896197328
830,single_clarity,ap,0.4706434070951594
830,single_clarity,f1,0.017543859649122806
830,single_clarity,accuracy,0.5537848605577689
831,single_clarity,auc,0.5968181744840828
831,single_clarity,ap,0.5264121991953109
831,single_clarity,f1,0.03571428571428571
831,single_clarity,accuracy,0.5697211155378487
832,single_clarity,auc,0.6019975152072543
832,single_clarity,ap,0.5206465738578367
832,single_clarity,f1,0.017937219730941704
832,single_clarity,accuracy,0.5637450199203188
833,single_clarity,auc,0.5940861978483338
833,single_clarity,ap,0.5021389217436603
833,single_clarity,f1,0.0
833,single_clarity,accuracy,0.5856573705179283
834,single_clarity,auc,0.5550268184196755
834,single_clarity,ap,0.463062925312896
834,single_clarity,f1,0.009523809523809525
834,single_clarity,accuracy,0.5856573705179283
835,single_clarity,auc,0.6030020956186949
835,single_clarity,ap,0.5162871718573098
835,single_clarity,f1,0.0
835,single_clarity,accuracy,0.5737051792828686
836,single_clarity,auc,0.5848336594911937
836,single_clarity,ap,0.4877563919531708
836,single_clarity,f1,0.0
836,single_clarity,accuracy,0.5796812749003984
837,single_clarity,auc,0.6200080096115339
837,single_clarity,ap,0.5659593367632211
837,single_clarity,f1,0.0
837,single_clarity,accuracy,0.547808764940239
838,single_clarity,auc,0.6111165620094192
838,single_clarity,ap,0.5706009759300661
838,single_clarity,f1,0.0
838,single_clarity,accuracy,0.5856573705179283
839,single_clarity,auc,0.6027649769585253
839,single_clarity,ap,0.5196212790722363
839,single_clarity,f1,0.0
839,single_clarity,accuracy,0.5677290836653387
840,single_clarity,auc,0.6309645080443043
840,single_clarity,ap,0.5683609287785794
840,single_clarity,f1,0.0
840,single_clarity,accuracy,0.5677290836653387
841,single_clarity,auc,0.6261524604929174
841,single_clarity,ap,0.5122193367091152
841,single_clarity,f1,0.0
841,single_clarity,accuracy,0.5856573705179283
842,single_clarity,auc,0.6113180883864338
842,single_clarity,ap,0.5680039372860701
842,single_clarity,f1,0.008888888888888889
842,single_clarity,accuracy,0.5557768924302788
843,single_clarity,auc,0.616469178969179
843,single_clarity,ap,0.5609357374191188
843,single_clarity,f1,0.0
843,single_clarity,accuracy,0.5677290836653387
844,single_clarity,auc,0.5967536754641631
844,single_clarity,ap,0.5242324936179706
844,single_clarity,f1,0.0
844,single_clarity,accuracy,0.5597609561752988
845,single_clarity,auc,0.6144977709554681
845,single_clarity,ap,0.535419310225751
845,single_clarity,f1,0.018779342723004695
845,single_clarity,accuracy,0.5836653386454184
846,single_clarity,auc,0.6311335607452113
846,single_clarity,ap,0.52233012248693
846,single_clarity,f1,0.01904761904761905
846,single_clarity,accuracy,0.5896414342629482
847,single_clarity,auc,0.5971213671881346
847,single_clarity,ap,0.5206817604991787
847,single_clarity,f1,0.0
847,single_clarity,accuracy,0.5717131474103586
848,single_clarity,auc,0.6429971827273177
848,single_clarity,ap,0.5412435274013071
848,single_clarity,f1,0.00980392156862745
848,single_clarity,accuracy,0.5976095617529881
849,single_clarity,auc,0.5763997359140755
849,single_clarity,ap,0.5383249096680361
849,single_clarity,f1,0.02666666666666667
849,single_clarity,accuracy,0.5637450199203188
850,single_clarity,auc,0.5827691811734365
850,single_clarity,ap,0.5223130157075058
850,single_clarity,f1,0.0
850,single_clarity,accuracy,0.5597609561752988
851,single_clarity,auc,0.5994476030494896
851,single_clarity,ap,0.5138439535929499
851,single_clarity,f1,0.018018018018018018
851,single_clarity,accuracy,0.5657370517928287
852,single_clarity,auc,0.5813791426950814
852,single_clarity,ap,0.5362669217426426
852,single_clarity,f1,0.01834862385321101
852,single_clarity,accuracy,0.5737051792828686
853,single_clarity,auc,0.5738715962705915
853,single_clarity,ap,0.5285055692088712
853,single_clarity,f1,0.009009009009009009
853,single_clarity,accuracy,0.5617529880478087
854,single_clarity,auc,0.5710913412127442
854,single_clarity,ap,0.5252213144365495
854,single_clarity,f1,0.017543859649122806
854,single_clarity,accuracy,0.5537848605577689
855,single_clarity,auc,0.6021947194719471
855,single_clarity,ap,0.49145158143621837
855,single_clarity,f1,0.00980392156862745
855,single_clarity,accuracy,0.5976095617529881
856,single_clarity,auc,0.6080064792317482
856,single_clarity,ap,0.5108546589297227
856,single_clarity,f1,0.0
856,single_clarity,accuracy,0.599601593625498
857,single_clarity,auc,0.6383214053350683
857,single_clarity,ap,0.5480304742545064
857,single_clarity,f1,0.009259259259259259
857,single_clarity,accuracy,0.5737051792828686
858,single_clarity,auc,0.5989653063585726
858,single_clarity,ap,0.5165700428694853
858,single_clarity,f1,0.009900990099009901
858,single_clarity,accuracy,0.601593625498008
859,single_clarity,auc,0.5746211814277611
859,single_clarity,ap,0.5105264158738207
859,single_clarity,f1,0.0
859,single_clarity,accuracy,0.5697211155378487
860,single_clarity,auc,0.6048311182730508
860,single_clarity,ap,0.5762107886103891
860,single_clarity,f1,0.008547008547008548
860,single_clarity,accuracy,0.5378486055776892
861,single_clarity,auc,0.6105888093689005
861,single_clarity,ap,0.5267792357638212
861,single_clarity,f1,0.009345794392523364
861,single_clarity,accuracy,0.5776892430278885
862,single_clarity,auc,0.609391225337487
862,single_clarity,ap,0.5434191378025427
862,single_clarity,f1,0.009302325581395349
862,single_clarity,accuracy,0.5756972111553785
863,single_clarity,auc,0.5853705578861084
863,single_clarity,ap,0.54529890315973
863,single_clarity,f1,0.008928571428571428
863,single_clarity,accuracy,0.5577689243027888
864,single_clarity,auc,0.6155834087091355
864,single_clarity,ap,0.5307495516934184
864,single_clarity,f1,0.009009009009009009
864,single_clarity,accuracy,0.5617529880478087
865,single_clarity,auc,0.6086137722099403
865,single_clarity,ap,0.5562127953875449
865,single_clarity,f1,0.0
865,single_clarity,accuracy,0.5876494023904383
866,single_clarity,auc,0.6245793143427643
866,single_clarity,ap,0.531463764755856
866,single_clarity,f1,0.0
866,single_clarity,accuracy,0.549800796812749
867,single_clarity,auc,0.6081237911025146
867,single_clarity,ap,0.5454492605245762
867,single_clarity,f1,0.009009009009009009
867,single_clarity,accuracy,0.5617529880478087
868,single_clarity,auc,0.5753913894324854
868,single_clarity,ap,0.4842373812038035
868,single_clarity,f1,0.018604651162790697
868,single_clarity,accuracy,0.5796812749003984
869,single_clarity,auc,0.6156480165396045
869,single_clarity,ap,0.540659309967839
869,single_clarity,f1,0.0091324200913242
869,single_clarity,accuracy,0.5677290836653387
870,single_clarity,auc,0.5721595381789556
870,single_clarity,ap,0.5034990514735342
870,single_clarity,f1,0.0
870,single_clarity,accuracy,0.5896414342629482
871,single_clarity,auc,0.6168347430058556
871,single_clarity,ap,0.5419979787996826
871,single_clarity,f1,0.027649769585253458
871,single_clarity,accuracy,0.5796812749003984
872,single_clarity,auc,0.5927061868021277
872,single_clarity,ap,0.5494777561808533
872,single_clarity,f1,0.008547008547008548
872,single_clarity,accuracy,0.5378486055776892
873,single_clarity,auc,0.5897322016054743
873,single_clarity,ap,0.4859606948846482
873,single_clarity,f1,0.019230769230769232
873,single_clarity,accuracy,0.5936254980079682
874,single_clarity,auc,0.6085669166995658
874,single_clarity,ap,0.5182368393686263
874,single_clarity,f1,0.00975609756097561
874,single_clarity,accuracy,0.5956175298804781
875,single_clarity,auc,0.6397361647361648
875,single_clarity,ap,0.5625291370676815
875,single_clarity,f1,0.017857142857142856
875,single_clarity,accuracy,0.5617529880478087
876,single_clarity,auc,0.5698956294846705
876,single_clarity,ap,0.4860247912862418
876,single_clarity,f1,0.009389671361502348
876,single_clarity,accuracy,0.5796812749003984
877,single_clarity,auc,0.6247488628509893
877,single_clarity,ap,0.5963924609832931
877,single_clarity,f1,0.017699115044247787
877,single_clarity,accuracy,0.5577689243027888
878,single_clarity,auc,0.6020058708414873
878,single_clarity,ap,0.5193176811750071
878,single_clarity,f1,0.0
878,single_clarity,accuracy,0.5796812749003984
879,single_clarity,auc,0.6270809322576514
879,single_clarity,ap,0.5584001756160166
879,single_clarity,f1,0.0
879,single_clarity,accuracy,0.5418326693227091
880,single_clarity,auc,0.5716327956203193
880,single_clarity,ap,0.5149145566626027
880,single_clarity,f1,0.009345794392523364
880,single_clarity,accuracy,0.5776892430278885
881,single_clarity,auc,0.6360529482551144
881,single_clarity,ap,0.5908843007883321
881,single_clarity,f1,0.008849557522123894
881,single_clarity,accuracy,0.5537848605577689
882,single_clarity,auc,0.6022516556291391
882,single_clarity,ap,0.4815781560056691
882,single_clarity,f1,0.009900990099009901
882,single_clarity,accuracy,0.601593625498008
883,single_clarity,auc,0.635537323037323
883,single_clarity,ap,0.5987306750134613
883,single_clarity,f1,0.02643171806167401
883,single_clarity,accuracy,0.5597609561752988
884,single_clarity,auc,0.5943602261048304
884,single_clarity,ap,0.5354646848804053
884,single_clarity,f1,0.0
884,single_clarity,accuracy,0.5517928286852589
885,single_clarity,auc,0.6308760683760684
885,single_clarity,ap,0.5492138107686297
885,single_clarity,f1,0.0
885,single_clarity,accuracy,0.5697211155378487
886,single_clarity,auc,0.6089902174791819
886,single_clarity,ap,0.5463022597911469
886,single_clarity,f1,0.009174311926605505
886,single_clarity,accuracy,0.5697211155378487
887,single_clarity,auc,0.6482470918572002
887,single_clarity,ap,0.6174672133012871
887,single_clarity,f1,0.017543859649122806
887,single_clarity,accuracy,0.5537848605577689
888,single_clarity,auc,0.6218348202571503
888,single_clarity,ap,0.5464971130054995
888,single_clarity,f1,0.0
888,single_clarity,accuracy,0.5876494023904383
889,single_clarity,auc,0.5972215499298127
889,single_clarity,ap,0.5627725816928497
889,single_clarity,f1,0.02702702702702703
889,single_clarity,accuracy,0.5697211155378487
890,single_clarity,auc,0.5902348777348777
890,single_clarity,ap,0.5080488807967399
890,single_clarity,f1,0.0
890,single_clarity,accuracy,0.5537848605577689
891,single_clarity,auc,0.6128486464315013
891,single_clarity,ap,0.4649067504467415
891,single_clarity,f1,0.0
891,single_clarity,accuracy,0.6294820717131474
892,single_clarity,auc,0.6116759702286019
892,single_clarity,ap,0.4924247451323815
892,single_clarity,f1,0.0196078431372549
892,single_clarity,accuracy,0.601593625498008
893,single_clarity,auc,0.5809002143367468
893,single_clarity,ap,0.5906121795640599
893,single_clarity,f1,0.007782101167315175
893,single_clarity,accuracy,0.49203187250996017
894,single_clarity,auc,0.6009971441018442
894,single_clarity,ap,0.5530293951507724
894,single_clarity,f1,0.0
894,single_clarity,accuracy,0.5637450199203188
895,single_clarity,auc,0.6366997280174589
895,single_clarity,ap,0.5469857237854967
895,single_clarity,f1,0.0
895,single_clarity,accuracy,0.5796812749003984
896,single_clarity,auc,0.5799506220341156
896,single_clarity,ap,0.5045728966391947
896,single_clarity,f1,0.0
896,single_clarity,accuracy,0.545816733067729
897,single_clarity,auc,0.6328398560284034
897,single_clarity,ap,0.5660903344897387
897,single_clarity,f1,0.009433962264150943
897,single_clarity,accuracy,0.5816733067729084
898,single_clarity,auc,0.5838860230901499
898,single_clarity,ap,0.5005269661315891
898,single_clarity,f1,0.03773584905660377
898,single_clarity,accuracy,0.5936254980079682
899,single_clarity,auc,0.5865919102923508
899,single_clarity,ap,0.5416779180561562
899,single_clarity,f1,0.017467248908296942
899,single_clarity,accuracy,0.5517928286852589
900,single_clarity,auc,0.5414057403783431
900,single_clarity,ap,0.47952088371470064
900,single_clarity,f1,0.0
900,single_clarity,accuracy,0.5816733067729084
901,single_clarity,auc,0.5978944490019141
901,single_clarity,ap,0.45228594775810227
901,single_clarity,f1,0.0213903743315508
901,single_clarity,accuracy,0.6354581673306773
902,single_clarity,auc,0.5763501375176865
902,single_clarity,ap,0.5816718685056097
902,single_clarity,f1,0.008264462809917356
902,single_clarity,accuracy,0.5219123505976095
903,single_clarity,auc,0.6081040669856459
903,single_clarity,ap,0.46690383403668734
903,single_clarity,f1,0.01
903,single_clarity,accuracy,0.6055776892430279
904,single_clarity,auc,0.5786681211880795
904,single_clarity,ap,0.46835873620082563
904,single_clarity,f1,0.00980392156862745
904,single_clarity,accuracy,0.5976095617529881
905,single_clarity,auc,0.6141908686551545
905,single_clarity,ap,0.5176991546169949
905,single_clarity,f1,0.0
905,single_clarity,accuracy,0.5816733067729084
906,single_clarity,auc,0.628239845261122
906,single_clarity,ap,0.5756332336840739
906,single_clarity,f1,0.009009009009009009
906,single_clarity,accuracy,0.5617529880478087
907,single_clarity,auc,0.593893933412291
907,single_clarity,ap,0.47757157820078844
907,single_clarity,f1,0.00966183574879227
907,single_clarity,accuracy,0.5916334661354582
908,single_clarity,auc,0.6436306947277641
908,single_clarity,ap,0.545966478077559
908,single_clarity,f1,0.019801980198019802
908,single_clarity,accuracy,0.6055776892430279
909,single_clarity,auc,0.6305412265618603
909,single_clarity,ap,0.5399431533226728
909,single_clarity,f1,0.0
909,single_clarity,accuracy,0.5856573705179283
910,single_clarity,auc,0.5747626260158629
910,single_clarity,ap,0.4602315681978668
910,single_clarity,f1,0.009389671361502348
910,single_clarity,accuracy,0.5796812749003984
911,single_clarity,auc,0.582107783260859
911,single_clarity,ap,0.5090345770312334
911,single_clarity,f1,0.0
911,single_clarity,accuracy,0.5796812749003984
912,single_clarity,auc,0.5958568738229755
912,single_clarity,ap,0.49312527893775326
912,single_clarity,f1,0.01904761904761905
912,single_clarity,accuracy,0.5896414342629482
913,single_clarity,auc,0.5789569536423842
913,single_clarity,ap,0.4954266584291014
913,single_clarity,f1,0.0
913,single_clarity,accuracy,0.599601593625498
914,single_clarity,auc,0.5635418078330396
914,single_clarity,ap,0.42715384288805264
914,single_clarity,f1,0.0
914,single_clarity,accuracy,0.6215139442231076
915,single_clarity,auc,0.5722545235419618
915,single_clarity,ap,0.5051887793024136
915,single_clarity,f1,0.009345794392523364
915,single_clarity,accuracy,0.5776892430278885
916,single_clarity,auc,0.5969835539510631
916,single_clarity,ap,0.5306430128458928
916,single_clarity,f1,0.01762114537444934
916,single_clarity,accuracy,0.5557768924302788
917,single_clarity,auc,0.613297828076891
917,single_clarity,ap,0.48341250751309306
917,single_clarity,f1,0.009950248756218905
917,single_clarity,accuracy,0.603585657370518
918,single_clarity,auc,0.6030170765897795
918,single_clarity,ap,0.5655130285535002
918,single_clarity,f1,0.0
918,single_clarity,accuracy,0.5278884462151394
919,single_clarity,auc,0.6120226656812022
919,single_clarity,ap,0.5142765649833554
919,single_clarity,f1,0.009708737864077669
919,single_clarity,accuracy,0.5936254980079682
920,single_clarity,auc,0.6003345578588297
920,single_clarity,ap,0.49439169462014265
920,single_clarity,f1,0.0
920,single_clarity,accuracy,0.5836653386454184
921,single_clarity,auc,0.5962010595684197
921,single_clarity,ap,0.5249673062902878
921,single_clarity,f1,0.0
921,single_clarity,accuracy,0.5557768924302788
922,single_clarity,auc,0.6355940594059406
922,single_clarity,ap,0.5720744512628021
922,single_clarity,f1,0.0196078431372549
922,single_clarity,accuracy,0.601593625498008
923,single_clarity,auc,0.5609016247962954
923,single_clarity,ap,0.5282868322562487
923,single_clarity,f1,0.018018018018018018
923,single_clarity,accuracy,0.5657370517928287
924,single_clarity,auc,0.6232713633398566
924,single_clarity,ap,0.5249605169839184
924,single_clarity,f1,0.0
924,single_clarity,accuracy,0.5816733067729084
925,single_clarity,auc,0.5382117554447652
925,single_clarity,ap,0.4396440886789253
925,single_clarity,f1,0.009569377990430622
925,single_clarity,accuracy,0.5876494023904383
926,single_clarity,auc,0.5733222866611434
926,single_clarity,ap,0.49692984821190067
926,single_clarity,f1,0.009216589861751152
926,single_clarity,accuracy,0.5717131474103586
927,single_clarity,auc,0.6192111459968603
927,single_clarity,ap,0.5368323551722404
927,single_clarity,f1,0.009478672985781991
927,single_clarity,accuracy,0.5836653386454184
928,single_clarity,auc,0.5931499486979039
928,single_clarity,ap,0.4913710053153949
928,single_clarity,f1,0.0
928,single_clarity,accuracy,0.5796812749003984
929,single_clarity,auc,0.5849546475825914
929,single_clarity,ap,0.46647276313421043
929,single_clarity,f1,0.010050251256281407
929,single_clarity,accuracy,0.6075697211155379
930,single_clarity,auc,0.5926931175154626
930,single_clarity,ap,0.5051324295514654
930,single_clarity,f1,0.028846153846153848
930,single_clarity,accuracy,0.5976095617529881
931,single_clarity,auc,0.5930401554615674
931,single_clarity,ap,0.5304977774106643
931,single_clarity,f1,0.018867924528301886
931,single_clarity,accuracy,0.5856573705179283
932,single_clarity,auc,0.5645673523232521
932,single_clarity,ap,0.4795956554505329
932,single_clarity,f1,0.0
932,single_clarity,accuracy,0.5796812749003984
933,single_clarity,auc,0.5889413263223215
933,single_clarity,ap,0.5170892250345664
933,single_clarity,f1,0.009433962264150943
933,single_clarity,accuracy,0.5816733067729084
934,single_clarity,auc,0.6361149767263304
934,single_clarity,ap,0.6095108941942041
934,single_clarity,f1,0.017316017316017316
934,single_clarity,accuracy,0.547808764940239
935,single_clarity,auc,0.6421235353681469
935,single_clarity,ap,0.5770032151302198
935,single_clarity,f1,0.02631578947368421
935,single_clarity,accuracy,0.5577689243027888
936,single_clarity,auc,0.5931172118380064
936,single_clarity,ap,0.5092019729946203
936,single_clarity,f1,0.0
936,single_clarity,accuracy,0.5717131474103586
937,single_clarity,auc,0.625615763546798
937,single_clarity,ap,0.5301826671227932
937,single_clarity,f1,0.00975609756097561
937,single_clarity,accuracy,0.5956175298804781
938,single_clarity,auc,0.6080734307145677
938,single_clarity,ap,0.5230434466739189
938,single_clarity,f1,0.00975609756097561
938,single_clarity,accuracy,0.5956175298804781
939,single_clarity,auc,0.6068759342301944
939,single_clarity,ap,0.5596633550806438
939,single_clarity,f1,0.008849557522123894
939,single_clarity,accuracy,0.5537848605577689
940,single_clarity,auc,0.6353293898387489
940,single_clarity,ap,0.5457446808711233
940,single_clarity,f1,0.018433179723502304
940,single_clarity,accuracy,0.5756972111553785
941,single_clarity,auc,0.6363491048593349
941,single_clarity,ap,0.5853229432647025
941,single_clarity,f1,0.0
941,single_clarity,accuracy,0.5418326693227091
942,single_clarity,auc,0.59586694839288
942,single_clarity,ap,0.5247939762090081
942,single_clarity,f1,0.008658008658008658
942,single_clarity,accuracy,0.5438247011952191
943,single_clarity,auc,0.6254182754182754
943,single_clarity,ap,0.5666355711234559
943,single_clarity,f1,0.008968609865470852
943,single_clarity,accuracy,0.5597609561752988
944,single_clarity,auc,0.5928651493737512
944,single_clarity,ap,0.522514787394491
944,single_clarity,f1,0.009259259259259259
944,single_clarity,accuracy,0.5737051792828686
945,single_clarity,auc,0.5879685007974482
945,single_clarity,ap,0.48168881194803004
945,single_clarity,f1,0.010050251256281407
945,single_clarity,accuracy,0.6075697211155379
946,single_clarity,auc,0.5921558994514042
946,single_clarity,ap,0.526613928183649
946,single_clarity,f1,0.009615384615384616
946,single_clarity,accuracy,0.5896414342629482
947,single_clarity,auc,0.5700570203226278
947,single_clarity,ap,0.5024765743466446
947,single_clarity,f1,0.018433179723502304
947,single_clarity,accuracy,0.5756972111553785
948,single_clarity,auc,0.6252234193602272
948,single_clarity,ap,0.4862774414283249
948,single_clarity,f1,0.020100502512562814
948,single_clarity,accuracy,0.6115537848605578
949,single_clarity,auc,0.6110786604361371
949,single_clarity,ap,0.5271912163999827
949,single_clarity,f1,0.0
949,single_clarity,accuracy,0.5737051792828686
950,single_clarity,auc,0.5782833140951648
950,single_clarity,ap,0.5313376051459635
950,single_clarity,f1,0.017543859649122806
950,single_clarity,accuracy,0.5537848605577689
951,single_clarity,auc,0.5937745998425611
951,single_clarity,ap,0.5007933815252761
951,single_clarity,f1,0.019230769230769232
951,single_clarity,accuracy,0.5936254980079682
952,single_clarity,auc,0.5421736002093145
952,single_clarity,ap,0.46192883911702115
952,single_clarity,f1,0.009569377990430622
952,single_clarity,accuracy,0.5876494023904383
953,single_clarity,auc,0.6587247227658186
953,single_clarity,ap,0.5416781293242781
953,single_clarity,f1,0.018691588785046728
953,single_clarity,accuracy,0.5816733067729084
954,single_clarity,auc,0.5743735240094463
954,single_clarity,ap,0.48815584317877647
954,single_clarity,f1,0.009523809523809525
954,single_clarity,accuracy,0.5856573705179283
955,single_clarity,auc,0.606833007175473
955,single_clarity,ap,0.511405966962329
955,single_clarity,f1,0.009433962264150943
955,single_clarity,accuracy,0.5816733067729084
956,single_clarity,auc,0.6258974151203307
956,single_clarity,ap,0.5397273733478396
956,single_clarity,f1,0.009216589861751152
956,single_clarity,accuracy,0.5717131474103586
957,single_clarity,auc,0.6446407422029214
957,single_clarity,ap,0.5485661542510853
957,single_clarity,f1,0.028846153846153848
957,single_clarity,accuracy,0.5976095617529881
958,single_clarity,auc,0.5902615524402908
958,single_clarity,ap,0.5662790485369827
958,single_clarity,f1,0.009302325581395349
958,single_clarity,accuracy,0.5756972111553785
959,single_clarity,auc,0.6153319978501979
959,single_clarity,ap,0.5220250814903753
959,single_clarity,f1,0.0
959,single_clarity,accuracy,0.5776892430278885
960,single_clarity,auc,0.6196145124716552
960,single_clarity,ap,0.496425891074053
960,single_clarity,f1,0.01015228426395939
960,single_clarity,accuracy,0.6115537848605578
961,single_clarity,auc,0.6108521108521108
961,single_clarity,ap,0.5452268369347565
961,single_clarity,f1,0.009216589861751152
961,single_clarity,accuracy,0.5717131474103586
962,single_clarity,auc,0.6375674430846163
962,single_clarity,ap,0.5476294595565001
962,single_clarity,f1,0.0
962,single_clarity,accuracy,0.5936254980079682
963,single_clarity,auc,0.6098597742707774
963,single_clarity,ap,0.535982858551815
963,single_clarity,f1,0.0
963,single_clarity,accuracy,0.5776892430278885
964,single_clarity,auc,0.5710994288681205
964,single_clarity,ap,0.49013332641471336
964,single_clarity,f1,0.009216589861751152
964,single_clarity,accuracy,0.5717131474103586
965,single_clarity,auc,0.5777023203169214
965,single_clarity,ap,0.5260650461102354
965,single_clarity,f1,0.0091324200913242
965,single_clarity,accuracy,0.5677290836653387
966,single_clarity,auc,0.6222605111028807
966,single_clarity,ap,0.5574324841204478
966,single_clarity,f1,0.009009009009009009
966,single_clarity,accuracy,0.5617529880478087
967,single_clarity,auc,0.6266266915160845
967,single_clarity,ap,0.5644258706416361
967,single_clarity,f1,0.009216589861751152
967,single_clarity,accuracy,0.5717131474103586
968,single_clarity,auc,0.5976116303219107
968,single_clarity,ap,0.49143774345944824
968,single_clarity,f1,0.0
968,single_clarity,accuracy,0.5717131474103586
969,single_clarity,auc,0.6058828295924155
969,single_clarity,ap,0.531246489160102
969,single_clarity,f1,0.0
969,single_clarity,accuracy,0.5677290836653387
970,single_clarity,auc,0.5409330398826198
970,single_clarity,ap,0.43913106618746456
970,single_clarity,f1,0.0
970,single_clarity,accuracy,0.6075697211155379
971,single_clarity,auc,0.6002995756012316
971,single_clarity,ap,0.5128444942250207
971,single_clarity,f1,0.010050251256281407
971,single_clarity,accuracy,0.6075697211155379
972,single_clarity,auc,0.6236258278145695
972,single_clarity,ap,0.5330208537309717
972,single_clarity,f1,0.0
972,single_clarity,accuracy,0.601593625498008
973,single_clarity,auc,0.5626857475125985
973,single_clarity,ap,0.479536325045542
973,single_clarity,f1,0.0
973,single_clarity,accuracy,0.5617529880478087
974,single_clarity,auc,0.6235234942886811
974,single_clarity,ap,0.5490607963553991
974,single_clarity,f1,0.0
974,single_clarity,accuracy,0.5737051792828686
975,single_clarity,auc,0.6130560928433268
975,single_clarity,ap,0.5422323821865686
975,single_clarity,f1,0.0
975,single_clarity,accuracy,0.5597609561752988
976,single_clarity,auc,0.5519556850936378
976,single_clarity,ap,0.48979158764053154
976,single_clarity,f1,0.008928571428571428
976,single_clarity,accuracy,0.5577689243027888
977,single_clarity,auc,0.6238389586603872
977,single_clarity,ap,0.5408956389726854
977,single_clarity,f1,0.0
977,single_clarity,accuracy,0.5856573705179283
978,single_clarity,auc,0.5212198973549151
978,single_clarity,ap,0.4722384777898164
978,single_clarity,f1,0.01932367149758454
978,single_clarity,accuracy,0.5956175298804781
979,single_clarity,auc,0.5836105675146772
979,single_clarity,ap,0.4813171969490625
979,single_clarity,f1,0.0
979,single_clarity,accuracy,0.5816733067729084
980,single_clarity,auc,0.631896551724138
980,single_clarity,ap,0.5381836487554025
980,single_clarity,f1,0.009345794392523364
980,single_clarity,accuracy,0.5776892430278885
981,single_clarity,auc,0.6132636276282145
981,single_clarity,ap,0.5303070289439702
981,single_clarity,f1,0.0
981,single_clarity,accuracy,0.5776892430278885
982,single_clarity,auc,0.578513620213186
982,single_clarity,ap,0.515116596540418
982,single_clarity,f1,0.009708737864077669
982,single_clarity,accuracy,0.5936254980079682
983,single_clarity,auc,0.6086754966887418
983,single_clarity,ap,0.5139495681266422
983,single_clarity,f1,0.019704433497536946
983,single_clarity,accuracy,0.603585657370518
984,single_clarity,auc,0.6067222249297399
984,single_clarity,ap,0.5608310875494832
984,single_clarity,f1,0.018518518518518517
984,single_clarity,accuracy,0.5776892430278885
985,single_clarity,auc,0.586882382984332
985,single_clarity,ap,0.47790202175930196
985,single_clarity,f1,0.0
985,single_clarity,accuracy,0.5896414342629482
986,single_clarity,auc,0.581987639553429
986,single_clarity,ap,0.5046809930207252
986,single_clarity,f1,0.01
986,single_clarity,accuracy,0.6055776892430279
987,single_clarity,auc,0.6301992756513554
987,single_clarity,ap,0.6158169897997736
987,single_clarity,f1,0.025423728813559324
987,single_clarity,accuracy,0.5418326693227091
988,single_clarity,auc,0.6166597320462677
988,single_clarity,ap,0.49227074625319694
988,single_clarity,f1,0.0
988,single_clarity,accuracy,0.6075697211155379
989,single_clarity,auc,0.6060399304709456
989,single_clarity,ap,0.521179498645465
989,single_clarity,f1,0.0
989,single_clarity,accuracy,0.5717131474103586
990,single_clarity,auc,0.6284504186289901
990,single_clarity,ap,0.5356751570175693
990,single_clarity,f1,0.0
990,single_clarity,accuracy,0.5836653386454184
991,single_clarity,auc,0.6054346228587292
991,single_clarity,ap,0.5151580785231977
991,single_clarity,f1,0.009478672985781991
991,single_clarity,accuracy,0.5836653386454184
992,single_clarity,auc,0.5397858056265985
992,single_clarity,ap,0.5044083366059215
992,single_clarity,f1,0.008658008658008658
992,single_clarity,accuracy,0.5438247011952191
993,single_clarity,auc,0.5788448844884488
993,single_clarity,ap,0.4764461812017907
993,single_clarity,f1,0.0
993,single_clarity,accuracy,0.5956175298804781
994,single_clarity,auc,0.6261891256786323
994,single_clarity,ap,0.5340899985523988
994,single_clarity,f1,0.009216589861751152
994,single_clarity,accuracy,0.5717131474103586
995,single_clarity,auc,0.6194878745341014
995,single_clarity,ap,0.5676565719008608
995,single_clarity,f1,0.01809954751131222
995,single_clarity,accuracy,0.5677290836653387
996,single_clarity,auc,0.6290941328175371
996,single_clarity,ap,0.5588018653785847
996,single_clarity,f1,0.008968609865470852
996,single_clarity,accuracy,0.5597609561752988
997,single_clarity,auc,0.5743266338528848
997,single_clarity,ap,0.44102762720499245
997,single_clarity,f1,0.010582010582010581
997,single_clarity,accuracy,0.6274900398406374
998,single_clarity,auc,0.6283063427800271
998,single_clarity,ap,0.4913005979433952
998,single_clarity,f1,0.0
998,single_clarity,accuracy,0.6195219123505976
999,single_clarity,auc,0.5753650342421502
999,single_clarity,ap,0.5355260885437523
999,single_clarity,f1,0.01818181818181818
999,single_clarity,accuracy,0.5697211155378487
