conv_id,turn_id,n_sigma_50,sigma_50,query_length,num_retrieved_documents,num_filtered_documents
-4469503464110108318,1,0.554403959260555,1.5680911964392354,8,100,100
4790842463458965203,1,0.9154315697435084,2.746294709230525,9,100,100
-6631915997977101143,1,0.5895533766164797,1.7686601298494389,9,100,100
-3098213414945179817,1,0.3785677883826278,1.1357033651478834,9,100,100
-927805218867163489,1,0.8046874834944044,2.275999905259326,8,100,100
-8765341210106443690,1,0.6511822691221845,1.84182159313896,8,100,100
-8984315366060644345,1,0.7263558097420566,2.409049685209175,11,100,100
-3359151041540098032,1,0.4013571165510184,1.2692026434188821,10,100,100
6601536662148726350,1,0.7405636357669678,2.09463027500395,8,100,100
-4757397641844293607,1,0.8699668340420613,2.4606377910341335,8,100,100
-6857918454805495301,1,0.5394420712320005,1.4272295672054638,7,100,100
-4132174036373265970,1,0.3296640639303389,0.9889921917910168,9,100,100
1561260788294720798,1,0.5827598924370729,1.6482938869831893,8,100,100
-3609553841261159056,1,0.34370388131361074,0.9721413807879619,8,100,100
128788970421661020,1,0.6955571141897987,2.306901968029948,11,100,100
4722519916015127979,1,0.4270793810677867,1.2079629058319425,8,100,100
-1911980845281550523,1,0.36246256019217454,1.0873876805765237,9,100,100
-8524801800420428358,1,0.516009062608597,1.9307291207517543,14,100,100
4776000106366522865,1,0.5630534640178418,1.6891603920535256,9,100,100
4723481094198751540,1,0.678188959872072,1.9182080498055738,8,100,100
-7461719336882424985,1,0.2866792354216442,0.9930860024505741,12,100,100
6629199459601104475,1,0.5787903420703181,1.6370663030528139,8,100,100
-1688500492894023725,1,0.5637567913930115,1.5945450005358732,8,100,100
-4920697783415402962,1,0.9968090977161193,2.8194018901740474,8,100,100
-4950316745090894056,1,0.3004495565912681,0.7949148082601225,7,100,100
-8652199953083038138,1,0.44708175180336385,1.2645381537796783,8,100,100
7030758716024791080,1,0.6948283648961279,1.9652713943152516,8,100,100
1237920926774398276,1,0.33796537281906747,1.0687403483762148,10,100,100
4737873499269724327,1,0.45706251168432344,1.292768005752563,8,100,100
4123548744340087331,1,0.32900202941401174,0.9870060882420352,9,100,100
-3430387669519489370,1,0.7640136146935946,2.5339464946618144,11,100,100
6389345907245133102,1,0.6524301331270471,1.9572903993811412,9,100,100
7063169977317265636,1,0.5283489764825442,1.5850469294476326,9,100,100
-1672733591597131629,1,0.30380278911398534,0.9114083673419561,9,100,100
3459755935653104243,1,0.5188057325768336,1.4674042064941344,8,100,100
-7563488770313519534,1,0.43428245369088064,1.228336271820618,8,100,100
3630976503357786326,1,0.5432456181481079,1.6297368544443236,9,100,100
5998037098651415370,1,0.6803323248421145,2.3567403053159923,12,100,100
7208068189874944399,1,0.5696810682395317,1.611301385863077,8,100,100
-3713688239328074547,1,0.35392078160381235,1.0010391386995954,8,100,100
2034739379280412436,1,0.4831230129848014,1.4493690389544043,9,100,100
8651809831547260844,1,0.584872162975997,1.547426291998927,7,100,100
1533477128984345682,1,0.7335357880616414,2.4328629792981245,11,100,100
-5492391637682725131,1,0.7390870282552595,2.4512743601414955,11,100,100
-2558199766533138150,1,0.2921336529438414,1.1685346117753657,16,100,100
-6363994615218497826,1,0.586481727328566,1.7594451819856978,9,100,100
3855307908076704970,1,0.713535617474919,2.0181834949385826,8,100,100
4063304367414770942,1,0.24301515679403202,0.6873506612006886,8,100,100
-4110639543763413474,1,0.705264673972505,2.115794021917515,9,100,100
5150378125952226530,1,0.8259715437512576,2.3362003186145417,8,100,100
-229557364858904345,1,0.8663741623881102,2.4504761810777915,8,100,100
-6875166619428307308,1,0.3982988464028369,1.4902978207867141,14,100,100
5693531505008967478,1,0.632722660797088,1.898167982391264,9,100,100
7754002205765507756,1,0.6365281749290547,1.909584524787164,9,100,100
-3944861237014469052,1,0.37426292799401434,1.241289705095946,11,100,100
-2590664031903851316,1,0.6322863161574893,1.896858948472468,9,100,100
3204171409264914923,1,0.6820114478344258,2.156709565465897,10,100,100
3240942651859718397,1,0.34105246019729596,1.0231573805918879,9,100,100
2094392886389474592,1,0.4746683309069894,1.3425647823953293,8,100,100
4113432615092381478,1,1.2229864323772917,3.4591279985325043,8,100,100
-1617571755505770769,1,0.48330936320170953,1.5283584022029715,10,100,100
-5968852733411945019,1,0.6711741316651813,2.013522394995544,9,100,100
9118807424034544000,1,0.7844064595543492,2.2186365070296468,8,100,100
6915912596627348551,1,1.0766378382521458,3.0451916652404702,8,100,100
1332897475571730747,1,0.655066195350936,2.0715011954897604,10,100,100
-4283713808554560002,1,0.2960030530702529,0.8880091592107586,9,100,100
1109919554091311092,1,0.3722018883964718,1.1166056651894154,9,100,100
8505647719348789352,1,0.6773050135994626,2.031915040798388,9,100,100
-8086186598590428328,1,0.48471132785156595,1.3709706673671127,8,100,100
2217144977440365678,1,0.6597242144863976,1.8659818631052005,8,100,100
3141501970999254639,1,0.6788277238849202,1.9200147472658255,8,100,100
6267368935580291991,1,0.38875363648098155,1.2893499480936348,11,100,100
2375410666129136218,1,0.6131704365364243,1.7343078947920851,8,100,100
-1120514028652364195,1,0.906098779674568,2.56283436613097,8,100,100
369553729358573631,1,0.5246847400727312,1.4840325507621175,8,100,100
-3521200059945079578,1,0.4282308034848565,1.3541847032561172,10,100,100
-228017844504433803,1,0.7086017008912892,2.004228271442209,8,100,100
-6567021105969776914,1,0.37301988835577893,1.0550595702952807,8,100,100
3191215928530494096,1,0.6059707801154514,1.8179123403463542,9,100,100
-2071940157427414850,1,0.36571892388462823,1.1565047829011799,10,100,100
-3800524559144424177,1,0.760041651640914,2.149722423438056,8,100,100
-6839117089970381436,1,0.4869508875824087,1.460852662747226,9,100,100
-4490620988150231901,1,1.0853435572405266,3.069815156967625,8,100,100
1022217780810569079,1,0.9133055695776947,2.5832182461753206,8,100,100
-862554052027960093,1,0.7930980883950215,2.2432201458008305,8,100,100
-3516190339598522976,1,0.3747806971751062,1.1243420915253186,9,100,100
-7748524737773999409,1,0.6086552635449681,1.8259657906349045,9,100,100
3388798511401254812,1,0.5238412035817008,1.7373847220086787,11,100,100
1459126538041943679,1,0.5270535415839669,1.4907325332096362,8,100,100
-8834069158837396685,1,0.5349177272072201,1.5129758091404846,8,100,100
-1757904552409029500,1,0.36873810111774824,1.1062143033532448,9,100,100
1004431282200370974,1,0.7792087645914562,2.2039352056104433,8,100,100
8184930622224282678,1,0.6920075876032604,2.076022762809781,9,100,100
8631327196287980755,1,0.4572052706064343,1.2096514441326145,7,100,100
-2593355371932719161,1,0.5173170691784891,1.7157466161113761,11,100,100
2837484115382116119,1,1.122805813920471,3.175774419915384,8,100,100
7199599312216372048,1,0.6909503439222556,1.9543026946024167,8,100,100
-8850169184954446631,1,0.26718827500530007,0.7557225644391352,8,100,100
-3897740693502172696,1,0.4308463723548735,1.2925391170646205,9,100,100
-3471432714621884410,1,0.43462299569635443,1.2292994700660156,8,100,100
6373189865465953269,1,0.19270529956897098,0.6391311737833129,11,100,100
8092598956660291215,1,0.3123484802271014,0.9370454406813041,9,100,100
62966941368680868,1,0.6409147149799151,1.9227441449397455,9,100,100
5133876537670324411,1,0.38024451654846586,1.0754939046416825,8,100,100
8932763630388059887,1,0.8518781138611916,2.4094751642226178,8,100,100
8923681797804610584,1,0.7618658589770095,2.1548820609486294,8,100,100
-2938945366077744797,1,0.3669612131770992,1.3230974702165028,13,100,100
3527566788119942912,1,0.40889691291943636,1.226690738758309,9,100,100
618489770509518870,1,0.35888919109159084,1.0150919228616744,8,100,100
-652117253746563674,1,0.5899692104444323,1.7699076313332969,9,100,100
-2633917229646894638,1,0.5006355129506432,1.5831484984907567,10,100,100
-5955439966878959532,1,0.33051832520985197,1.3220733008394079,16,100,100
-586025167603300600,1,0.3269277871336379,1.0338364377409865,10,100,100
4647818796298534404,1,0.23935701927588354,0.8291570370681468,12,100,100
-7869146853815250428,1,0.4398534735914435,1.3195604207743306,9,100,100
7125146488385376967,1,0.8597280188069494,2.4316780482978784,8,100,100
-6760592683069308709,1,0.34482429356752453,1.090430160231926,10,100,100
-2701905006672196275,1,0.5713152713996618,1.6159236104085346,8,100,100
-4268291779673036451,1,0.7942183635979748,2.2463887625720442,8,100,100
6635381132510830269,1,0.7303312961539169,2.0656888480927815,8,100,100
6906756762659846441,1,0.7561172770685521,2.2683518312056563,9,100,100
41813383673449160,1,0.38365771637595025,1.0851478916159183,8,100,100
5736313144411923989,1,0.4425982351025297,1.3277947053075891,9,100,100
2437211415582489495,1,0.536651940310613,1.5178809045222112,8,100,100
4121961896432917626,1,0.4591448697911869,1.5228112575139525,11,100,100
3624155410679767933,1,0.8357100905815543,2.363745088624964,8,100,100
5277039265479571506,1,0.3438839390628051,1.087456498189013,10,100,100
-3139712300447252950,1,0.35185904638908627,1.0555771391672588,9,100,100
-2433903014343400592,1,0.41666268889496194,1.4433618935686774,12,100,100
8509594427725708011,1,0.29653199641968614,0.9377165078031033,10,100,100
637466759495656530,1,0.481429425114906,1.361688044645965,8,100,100
4388511442090327281,1,0.529379470578804,1.7557530756268784,11,100,100
4017581325391763586,1,0.3318688415035209,1.2853224962682854,15,100,100
-970242290152935238,1,0.2860698138174965,1.1079436247678205,15,100,100
-3051966899537699923,1,0.5812115760099192,1.8379523826474238,10,100,100
9031064052174526065,1,0.5809532759522592,1.7428598278567777,9,100,100
5024251034005721621,1,0.21968191647102542,0.6946952167992997,10,100,100
-2931155045227159791,1,0.6320545654877935,1.7877202773453422,8,100,100
5872845962420620183,1,0.7977446990664461,2.256362745462023,8,100,100
3366606900654441491,1,0.4546466479422103,1.2028819648642244,7,100,100
3475414091580580387,1,0.3980475984632178,1.1258486244334451,8,100,100
8704046441982292961,1,0.41589835560145283,1.176338190120486,8,100,100
5297174100764498711,1,0.5102513460322236,1.5307540380966707,9,100,100
2461403814842235149,1,0.31286214376224913,0.9385864312867473,9,100,100
8874155628093512783,1,0.6346408199338328,1.7950353095720155,8,100,100
-3987085921377590111,1,0.900722703584611,2.5476285266934364,8,100,100
-5252654481641015122,1,0.5992697267958247,2.075931228496577,12,100,100
4935647557411468240,1,0.3614135264803687,1.0222318215472503,8,100,100
6655612156292942474,1,0.5415295973333009,1.5316770019503902,8,100,100
380411544211116045,1,0.36239065556488503,1.2019138320396427,11,100,100
-1632922854823814808,1,0.30595715749083713,1.0147450933207818,11,100,100
-554190377840485201,1,0.5375644973213688,1.5204620055243103,8,100,100
-1418263699326033825,1,0.8562755883697569,2.421913100403024,8,100,100
-3646009549730386860,1,0.597706955515503,1.6905705656295134,8,100,100
-3326481077280280719,1,0.2588343246153612,0.8966284019531625,12,100,100
-568636936416150712,1,0.41880008256108103,1.1845455133617055,8,100,100
7769061837730635466,1,0.4524580294268588,1.1970914245578128,7,100,100
5163503063546066409,1,0.6189504473514797,1.750656234162714,8,100,100
2948006481997108356,1,0.33021488378374586,0.9339887342888578,8,100,100
797823664220494096,1,0.7572795859064975,2.2718387577194923,9,100,100
8396894601969104271,1,0.6887430973783345,2.177996910434682,10,100,100
2422605926552012591,1,0.5906566184122297,1.6706292009280106,8,100,100
4813380737845046147,1,0.3885087929211432,1.0988688081005622,8,100,100
1686977533775896988,1,0.7195007969273911,2.158502390782173,9,100,100
-4346356527042289819,1,0.7404707557181845,2.2214122671545535,9,100,100
6378807296590501467,1,0.7935689873130714,2.2445520490736564,8,100,100
7550329590348463483,1,0.9043963752610187,2.5580192393103998,8,100,100
1696585547939608356,1,0.45848710105425744,1.4498635171392407,10,100,100
8363516192822112952,1,0.4993079952783646,1.4122562774479692,8,100,100
5478464760366680266,1,0.49872182393303366,1.410598334515086,8,100,100
-8299256126645328547,1,0.3950719536697819,1.1174322299860813,8,100,100
-8464915571535251869,1,0.42458338412750163,1.2009031603827567,8,100,100
-8763258719371316497,1,0.5251360638419166,1.485309087152924,8,100,100
-8904648380591290777,1,0.5388734473402755,1.6166203420208267,9,100,100
-728768458666744436,1,0.43720404083716724,1.236599768152485,8,100,100
2995876440875242696,1,0.9144930528806537,2.5865769561595933,8,100,100
-1251861966227806623,1,0.858668148112727,2.4286802812776163,8,100,100
-5430273720359931869,1,0.6475363783845814,1.9426091351537444,9,100,100
3695029494455379112,1,0.9330853560871483,2.7992560682614447,9,100,100
-8006692048920844364,1,0.49063684409471,1.3877305582373454,8,100,100
6954936211200105249,1,0.6264718775606012,1.7719300513830787,8,100,100
-4481052241158868613,1,0.46092957639479976,1.528730459679006,11,100,100
-6634850103100431616,1,0.7017568041989345,2.1052704125968034,9,100,100
-927048542854377552,1,0.36168301076209447,1.2529067017488573,12,100,100
203297497300361195,1,0.7959248604087551,2.251215464439948,8,100,100
-3661606786861813940,1,0.6860856752401749,1.8152120747693279,7,100,100
-4143857525450521403,1,0.23794911846107883,0.7138473553832365,9,100,100
-8404586620134690138,1,1.0749014904496894,3.0402805320180097,8,100,100
3146777178148103274,1,0.5856057038741959,1.6563430572438607,8,100,100
115077217083176926,1,0.32304715546793167,0.969141466403795,9,100,100
8973682585519362105,1,0.33185748760787187,0.9386347195002276,8,100,100
6047412176533222353,1,0.33001391837614014,1.043595641625499,10,100,100
-9145444956854203798,1,0.7842784499282284,2.352835349784685,9,100,100
-6756588901320178787,1,0.4239904252501283,1.199226019410135,8,100,100
1122093401567504279,1,0.7378750898568155,2.0870259188255496,8,100,100
2073074609229633831,1,0.47843839934852206,1.3532281462375098,8,100,100
-5606483767330508671,1,0.2928310388548668,0.8784931165646004,9,100,100
-2272541011654488615,1,0.4263476317380123,1.3482295913108115,10,100,100
5209515645518416566,1,0.3646410856067945,1.0939232568203834,9,100,100
-7767434984453717074,1,0.5909116155615342,1.5634051815952243,7,100,100
3284639783860060066,1,0.7267368118411947,2.0555221111632034,8,100,100
-4308074884061672266,1,0.7932948629749004,2.2437767083600204,8,100,100
4974147851677899891,1,0.26111188268762636,0.7385359315872276,8,100,100
-932371469263280005,1,0.4692418890043938,1.3272164869271685,8,100,100
5784342317088859362,1,0.25930337609011117,0.9702243925629859,14,100,100
-5578465777857048645,1,0.393405989754016,1.1127201724578806,8,100,100
4670287927517272250,1,0.36192562382129356,1.4477024952851743,16,100,100
4394564786039551261,1,0.6391083509241579,1.9173250527724737,9,100,100
5682950440236868221,1,0.5437495393522953,1.537955946172278,8,100,100
4641553220402437726,1,0.6558146388692767,1.9674439166078301,9,100,100
-5724957780921801472,1,0.5017523959797362,1.5052571879392085,9,100,100
-5996210673527091732,1,0.27578581965136,0.8721113364747214,10,100,100
4823183553732390526,1,0.5216211471095249,1.475367401325803,8,100,100
-52876016653618605,1,0.7500478984925881,2.2501436954777643,9,100,100
-7913382513546697336,1,0.33294474949125386,1.2004493661872286,13,100,100
-3208944849716715606,1,0.7829716787792766,2.34891503633783,9,100,100
1658357540970432708,1,0.565325613888441,1.5989823006358581,8,100,100
-6217974543811358526,1,0.40176057559068423,1.1363505096543334,8,100,100
492252655024560173,1,0.7631764357434501,2.158588931823892,8,100,100
-5581375458577113243,1,0.6257897319363044,1.8773691958089131,9,100,100
1637515241316099858,1,0.45635798910352543,1.2907753149750376,8,100,100
-3537532053383034652,1,0.9167038224070699,2.592829956654671,8,100,100
-2213251210295764680,1,0.548041354217534,1.5500950317515079,8,100,100
7376381286915541708,1,0.5057575360353626,1.4304983334672183,8,100,100
8114659481467544272,1,0.6346545303908312,2.2882794515296605,13,100,100
7992170711337834995,1,0.6177574281369991,1.8532722844109972,9,100,100
2311982577891843851,1,0.6356109274628013,1.7977791880208704,8,100,100
-3255331908536048481,1,0.7902846823450831,2.23526263181626,8,100,100
6276482112902957109,1,0.5874770921228911,1.7624312763686734,9,100,100
-3492262109875250492,1,0.7700561223706807,2.1780476240901048,8,100,100
-925775284284035443,1,0.5156412794428811,1.7101886503308357,11,100,100
3813385908531273720,1,0.7785221850583965,2.201993265435842,8,100,100
6920948055273145126,1,0.41630846971128677,1.4421348423223954,12,100,100
6537143104580856755,1,0.4254293582634318,1.2762880747902954,9,100,100
4830900147895398824,1,0.5581113704370585,1.5785773387734452,8,100,100
8723544795981752146,1,0.7658031649737927,2.297409494921378,9,100,100
724530900234537693,1,0.5264282467428334,1.6647122843564697,10,100,100
4419645678340736053,1,0.6894362531812565,1.9500201992812476,8,100,100
469539246049376780,1,0.4166747816880577,1.1785342547241997,8,100,100
-1416392984804670341,1,0.5269976702107958,1.490574505102262,8,100,100
5560549200308095313,1,0.8622532009958225,2.5867596029874673,9,100,100
-902297629425929896,1,0.6300984663449457,1.890295399034837,9,100,100
-7785048784558843022,1,0.8178470150410125,2.3132206812347054,8,100,100
-2969814010229912942,1,0.5195794928539711,1.5587384785619134,9,100,100
5338386416975298022,1,0.3071440346836103,0.9214321040508309,9,100,100
-7066694553500887612,1,0.9315501444400363,2.63482169659543,8,100,100
9037508307964370135,1,0.4875189753768899,1.3789118937844653,8,100,100
-3904324028477250548,1,0.5068792627734441,1.433671055799761,8,100,100
3615441250489838444,1,0.6335003429236297,1.7918095534612073,8,100,100
-2711878615100464810,1,0.4807576028221896,1.3597878442502367,8,100,100
-376437849607934458,1,0.4696976537725826,1.3285055843600173,8,100,100
4049854164546889951,1,0.30844300741375397,1.1945946309675999,15,100,100
-3468228408726391630,1,0.7875600853171196,2.227556307678365,8,100,100
3514414141586664667,1,1.0094676909092484,2.855205798522621,8,100,100
3036700087778896814,1,0.5181993806555142,1.5545981419665427,9,100,100
519677639564477103,1,0.4794954070943932,1.3562178156169986,8,100,100
-4633591421944677260,1,0.5991358888265629,1.7974076664796885,9,100,100
2700833210227273840,1,0.9501328522500874,3.004583892862515,10,100,100
1673777731167191575,1,0.3942494330607073,1.3075774432727036,11,100,100
-164179465569130523,1,0.6541121330432281,1.8501084997250552,8,100,100
-4586025910077066427,1,0.9151183683025029,3.1700630176789266,12,100,100
7382563507292447205,1,0.4314472472861177,1.2203170971211326,8,100,100
-5036285988410464403,1,0.7700974814604,2.1781646052613217,8,100,100
8602947465332661005,1,1.2225390553913122,3.457862625330373,8,100,100
8046912182434287997,1,0.39791398330582173,1.125470703697989,8,100,100
-1912962280082850580,1,0.728957375482561,2.186872126447683,9,100,100
2246893098232409191,1,0.4662627238595353,1.3187901354223523,8,100,100
7635846020280787536,1,0.5917320451773259,1.7751961355319779,9,100,100
6654149506978309894,1,0.5434380179709084,1.8825245157802837,12,100,100
-8835292175356760541,1,0.7389595732817019,1.9551032598337934,7,100,100
8170650277582238750,1,0.8143417377423599,2.1545457202864657,7,100,100
-6660773783523571339,1,0.7216073205463304,2.164821961638991,9,100,100
868307689117499388,1,0.48741765477108195,1.3786253158347026,8,100,100
397520341269246278,1,0.554948303213541,1.569630833641053,8,100,100
523741593356588219,1,0.545522544282259,1.5429707614084962,8,100,100
4538565787482403359,1,0.5548973203638974,1.569486632366224,8,100,100
-3851360129974845835,1,0.5817447975822366,1.64542276516158,8,100,100
-5961953397065957869,1,0.6917381088096717,1.956530830177907,8,100,100
7601253788127645769,1,0.4977264261435471,1.927686159421294,15,100,100
1442949720319912555,1,0.6187175781999752,1.7499975807380819,8,100,100
-3007427207807477175,1,0.44046418590737085,1.3213925577221126,9,100,100
-1848218083180979577,1,0.6253577279114434,1.768778760294374,8,100,100
5847641587984249627,1,0.46591006831354426,1.3977302049406328,9,100,100
-4832956001585501361,1,0.5239353154226959,1.5718059462680878,9,100,100
4752829389087727691,1,0.6344885704642724,1.7946046830425826,8,100,100
3290096170852363061,1,0.5720575350638284,1.618023049089977,8,100,100
-6075526542288860525,1,0.3828461530871976,1.082852443996562,8,100,100
-1674913842473024073,1,0.6154566000219049,1.8463698000657147,9,100,100
515847854197177035,1,0.44713242366917166,1.183001196142199,7,100,100
-7077726055134514365,1,0.44105688314015973,1.3231706494204791,9,100,100
4841650249938535070,1,0.8888826042229196,2.5141396684991384,8,100,100
3506084177031494214,1,0.7157447377841141,1.8936825783799014,7,100,100
2589698675101585353,1,0.5453369960114995,1.5424459516465303,8,100,100
2725335397569975145,1,0.5614930122544596,1.8622616440544688,11,100,100
-455998032194355871,1,0.3768361973211521,1.0658537220893542,8,100,100
-1842840708752197680,1,0.6997404083311749,2.212773461182774,10,100,100
2238637590520776850,1,0.5738749618583949,1.814751971614783,10,100,100
6506824030465662343,1,0.33723685816288285,0.9538498770920816,8,100,100
725142630186889333,1,0.39800420397336705,1.194012611920101,9,100,100
-5669338135924918919,1,0.3613084585569283,1.0219346445826507,8,100,100
-3259873796234534599,1,0.5329418108159886,1.5988254324479656,9,100,100
2308638966704081014,1,0.528087122311939,1.751466841327221,11,100,100
-7717176025538546355,1,0.42451955797646057,1.200722632765884,8,100,100
7583163288838757468,1,0.6120313145080838,1.7310859711487308,8,100,100
-5811304015331453130,1,0.3907709639101226,1.1723128917303678,9,100,100
2889592827007228975,1,1.1326065134888024,3.2034949844159404,8,100,100
3444420842714324334,1,0.6936883773166672,2.1936352587069505,10,100,100
-8434678371817632975,1,0.35374952779591895,1.1186542290441477,10,100,100
7798575718048214628,1,0.553823435229709,1.9185006564803744,12,100,100
-6622359508878854922,1,0.7545491107208789,2.2636473321626367,9,100,100
-4900778569165057774,1,0.41656463917674025,1.1782227246576016,8,100,100
8852381888415725059,1,0.3624402822236603,1.087320846670981,9,100,100
8292189323240390222,1,0.44643003647747326,1.4117357311808685,10,100,100
928771654241286778,1,0.6695913283061722,1.893890275476009,8,100,100
1189725798635244569,1,0.5057393787078247,1.4304469767894974,8,100,100
-1427862221404236409,1,0.5495537502266853,1.5543727336471496,8,100,100
2205307574948120843,1,0.30373183478969323,0.8590833601680969,8,100,100
6958702183059501166,1,0.5484901322481489,1.6454703967444466,9,100,100
-3280469526551643874,1,0.3556533954021507,1.2320195014418165,12,100,100
-4760471129755074699,1,0.33084053079706155,0.9925215923911846,9,100,100
-3719849083000181386,1,0.6478418341061055,2.14864828722562,11,100,100
1167356446337008630,1,0.8196265986146307,2.458879795843892,9,100,100
5404241316310930968,1,0.6217222039935015,2.3262714770936603,14,100,100
411816447422254238,1,0.41273091537660983,1.2381927461298294,9,100,100
1054045386475108818,1,0.650701209159371,1.840460950091509,8,100,100
-4988966900977295714,1,0.29306285362299594,0.8791885608689878,9,100,100
-4134620138556153962,1,0.8000552391071576,2.2628979395859834,8,100,100
969150327819152892,1,0.36066763315667266,1.249389330545941,12,100,100
5649940557798020127,1,0.47760212198693364,1.350862796664182,8,100,100
8643312430506346423,1,0.47791389816342084,1.351744632858608,8,100,100
-4678251471431725543,1,0.4383040349127502,1.3149121047382506,9,100,100
4142657424831421270,1,0.4207195301757827,1.262158590527348,9,100,100
-432151116502964050,1,0.4701274444561591,1.4866735150357626,10,100,100
-5227371714140394701,1,0.8993463062020602,2.5437354870022,8,100,100
-2759231294897967831,1,0.3215264769126629,1.1592801989278945,13,100,100
-5552796092644129328,1,0.8838971106560922,2.7951280869151387,10,100,100
6704431434460802477,1,0.5686021165733807,1.7980777707644584,10,100,100
-8275263191998109169,1,0.650001264560483,1.8384812078021948,8,100,100
-3141166373730898683,1,0.9477036297610482,2.6805106526365696,8,100,100
8866191474728021976,1,0.41993735913544916,1.2598120774063475,9,100,100
6784181890405018973,1,0.5941542814284738,1.680522085876377,8,100,100
8710538467676831247,1,0.42334487165141205,1.584011466167372,14,100,100
-1591644176466385080,1,0.575659925483353,1.6282121478664862,8,100,100
107910769056314914,1,0.7368255597591208,2.330047007067329,10,100,100
-726932067100199690,1,0.5363318867222113,1.608995660166634,9,100,100
-6228868976593966787,1,0.9300493220369032,2.7901479661107094,9,100,100
3255696076030846687,1,0.38981690675908737,1.2928764166568485,11,100,100
940630347400858960,1,0.5879858609705427,1.859374552642018,10,100,100
3456082261784502406,1,0.3974108650365974,1.1240476703383595,8,100,100
1012919901855569425,1,0.40300368306083084,1.507901707621662,14,100,100
5636428085276858797,1,0.6579334437002907,1.8609167984395727,8,100,100
5857670583123236363,1,0.6529081780924841,1.8467032008853985,8,100,100
-6838210957287403206,1,1.0218846120380978,3.0656538361142935,9,100,100
739474566037411469,1,0.5907580772296984,1.6709161697993837,8,100,100
-7671234709570743708,1,0.8005792047107203,2.5316537342520786,10,100,100
-7040582696271343194,1,0.6959107942644877,2.087732382793463,9,100,100
-8122311515488536003,1,0.39047228449299004,1.1714168534789702,9,100,100
-4282508110762001328,1,0.4053963883186371,1.2819759422929715,10,100,100
3503446800499218029,1,0.48279691107520967,1.3655558790287974,8,100,100
5641161245943300879,1,0.42488241806759647,1.2017489560901407,8,100,100
1295883228457614726,1,0.718570219142644,2.0324234988578684,8,100,100
8683090480656670024,1,0.4030960626442435,1.5611843375429368,15,100,100
-2681208504858591258,1,0.4092611453888565,1.2941973772381041,10,100,100
5654377945984748755,1,0.5947365243962548,1.6821689176796415,8,100,100
4151321516395017619,1,0.5890409254837109,1.6660593312237273,8,100,100
-5061185918289106442,1,0.6620971355564397,1.8726934974245892,8,100,100
-8985420883431850269,1,0.6403516561499554,1.8111879936306794,8,100,100
2998634219332429794,1,0.439905024436371,1.2442393034279673,8,100,100
6919317053987639947,1,0.2983074821386117,0.9893739904094201,11,100,100
2869479358364642431,1,0.7154700321945944,2.146410096583783,9,100,100
-5504214138090742525,1,0.5284102275213495,1.6709798578952542,10,100,100
-8881819969734246051,1,0.2656779044426936,0.7970337133280809,9,100,100
5691819855139328233,1,0.734930025646865,2.0786960193300064,8,100,100
-6880511738870468310,1,0.2915181261271193,1.0098484115588855,12,100,100
-8921868836728729331,1,0.34004159434408565,0.9617828689847526,8,100,100
454079990750316648,1,0.4603473585074014,1.302058955607593,8,100,100
4318828932955702973,1,0.704200176660159,2.226876486939047,10,100,100
5647206515141555741,1,0.5026582916315984,1.4217323465293936,8,100,100
7095228821150706200,1,0.41197005872057424,1.3027637133503274,10,100,100
-8953871990410636642,1,0.49265308846730604,1.3934333585109129,8,100,100
6099424903063818758,1,0.4217914835702802,1.1930064731171175,8,100,100
138521409398376762,1,0.5462446718991422,1.4452275568392026,7,100,100
7934940136345684141,1,0.3829657037252406,1.2110438895009907,10,100,100
4036714889133635950,1,0.5374596981904024,1.520165588819635,8,100,100
-8579088366677739509,1,0.5736202044257884,1.8139463578768897,10,100,100
2742971270385003109,1,0.6320499724811018,1.8961499174433056,9,100,100
-5315687596761898359,1,0.4195091260687818,1.453222241179895,12,100,100
1415960072947673303,1,0.34575564772028555,1.093375360662907,10,100,100
2265345188633680215,1,0.44218212431022264,1.326546372930668,9,100,100
-7287666268987876677,1,0.5164989399770507,1.5494968199311518,9,100,100
2869961034981088298,1,0.682591610451289,1.930660626124611,8,100,100
-8465060046312811544,1,0.4972623502480054,1.7225673106413113,12,100,100
-1073300853355857778,1,0.9289047498265209,2.9374547388007044,10,100,100
-2571835392272861096,1,0.3522347818155075,1.1138641816694628,10,100,100
-1057814570045271269,1,0.41245425766518723,1.3679560158599937,11,100,100
-3455738001281627774,1,0.44988950824507584,1.2724796882590974,8,100,100
3173586814039947494,1,0.8303332483363496,2.4909997450090486,9,100,100
6284810710554564578,1,0.4966622762231506,1.5705840207488462,10,100,100
4901042057530970181,1,0.4290063707961684,1.2134132558488044,8,100,100
573145144212425077,1,0.5802777757835489,2.0101411803203355,12,100,100
-8785581195625140862,1,0.4140581162382724,1.1711332071896405,8,100,100
-8055734683213052733,1,0.26901960456669255,0.9699639783702564,13,100,100
-9034548518138455286,1,0.7483553378271893,2.116668536459021,8,100,100
3821729764296767692,1,0.7246017461176101,2.17380523835283,9,100,100
-8351163685826476570,1,0.5044644324220463,1.426840884132207,8,100,100
-3276837314554268589,1,0.6624277169676975,1.9872831509030926,9,100,100
652881902268734841,1,0.5540325486310564,1.5670406885403427,8,100,100
8066792949903626330,1,0.5016547940194861,1.4188940266636774,8,100,100
-5129160351844417556,1,0.37088633666426907,1.2300908185848136,11,100,100
-912553390001074590,1,0.43420643785031793,1.22812126655526,8,100,100
-4154665303180898386,1,0.6794473866799343,1.9217674183234394,8,100,100
-5177938891067701771,1,0.36688400998006987,1.0377046854632817,8,100,100
5297662152218933133,1,0.4939267626340832,1.397035853072314,8,100,100
3044532153122974495,1,0.5324699773440744,1.7660031269793355,11,100,100
7531338781855698099,1,0.4505220470556617,1.274268778188413,8,100,100
-1399846655157895789,1,0.519085322214014,1.557255966642042,9,100,100
1543642101783063606,1,0.4069080945398207,1.076577624611525,7,100,100
-3312861786535460651,1,0.8676332421112259,2.602899726333678,9,100,100
2879961971411875411,1,0.4156978552568192,1.3787138120423372,11,100,100
-1809031756480168321,1,0.7233285406082016,2.0458820643593136,8,100,100
2732788140487199422,1,0.5034335161487974,1.510300548446392,9,100,100
6899914690696934388,1,0.4483446054798,1.2681100433726957,8,100,100
2883391369186330532,1,0.5285735469887157,1.4950317577261887,8,100,100
584061336258036313,1,0.6557623967064794,1.854776150233178,8,100,100
-2260892622789184906,1,0.4129554499083683,1.238866349725105,9,100,100
-8924472029139921406,1,0.3647287332775886,1.2096683585433727,11,100,100
-2604327493396077121,1,0.7552114161150424,2.136060454257768,8,100,100
-6720673313529904353,1,0.46465781763064024,1.609621896540685,12,100,100
566859028649217046,1,0.6615404305537264,1.9846212916611792,9,100,100
-6507969019352938701,1,0.43938471592648753,1.4572742413450537,11,100,100
7022000994275808416,1,0.6088536563374455,1.8265609690123366,9,100,100
904714712631864562,1,0.21373899389634549,0.675902045505279,10,100,100
4401401298480428243,1,0.3879030626750382,1.0971555442421996,8,100,100
-848728341595919580,1,0.7624810853796875,2.01733533130526,7,100,100
4669684566960373786,1,0.41945220028326546,1.1863899808156597,8,100,100
-690633050615489310,1,0.5608843452458525,1.773672034909128,10,100,100
-5779968765043600643,1,0.6762253549082353,2.1384123330657463,10,100,100
-8439851101754830985,1,0.7998253541902055,2.262247726851306,8,100,100
3836012932834528477,1,0.2991965316620914,1.0364471885742652,12,100,100
4887032827221457403,1,0.43161436410983034,1.2207897748783227,8,100,100
530147473104089403,1,0.3823355741333142,1.0814083086340738,8,100,100
-4101299696008747016,1,0.4712775021485339,1.3329740703595443,8,100,100
3574750801379114581,1,0.5197404372444892,1.4700479505297581,8,100,100
4959864851317563283,1,0.24902845826523204,0.8259339581864537,11,100,100
-2116425410977435615,1,0.842573033884344,2.3831564236181695,8,100,100
-5691574297725446018,1,0.5947426467328805,1.6821862342626202,8,100,100
-257548144941246472,1,0.42544448088541464,1.203338709809869,8,100,100
2162131021754490631,1,0.379776029971758,1.0741688245005425,8,100,100
3829478768816471144,1,0.7507692764729677,2.1234961860022135,8,100,100
2150758230781740590,1,0.7502085895707667,1.9848653594287735,7,100,100
2100606427612483814,1,0.21989929884237044,0.9066680361263567,17,100,100
2035158141151071539,1,0.553718194519175,1.8364754908131296,11,100,100
-6091317403616431424,1,0.5102118102586771,1.5306354307760315,9,100,100
-1191886032185107586,1,0.7750538936760287,2.7944965548969365,13,100,100
4096054819414217149,1,0.8341664023612343,2.3593788789904595,8,100,100
8387669331103688998,1,0.44671051675134293,1.3401315502540287,9,100,100
1842087098703753785,1,1.0360100429068344,2.9302789068671546,8,100,100
-4017059945977385164,1,0.36204021049944135,1.144871669745041,10,100,100
2204275982530127040,1,0.5053855321835307,1.429446147682187,8,100,100
-6615422287569447999,1,0.6992235910024572,2.097670773007372,9,100,100
8668218091582393522,1,0.5194732610926823,1.6427186886082052,10,100,100
2853309702326199144,1,0.5005127575020641,1.5015382725061923,9,100,100
-3608642946871209804,1,0.47951726862293537,1.5903788605183369,11,100,100
5316156690812857278,1,0.5169885057401273,1.3678230168672656,7,100,100
-8953003803794192583,1,0.3425323947878583,1.3266222605499194,15,100,100
5071220695781014418,1,0.5232676537995743,1.735482472582775,11,100,100
-2812739618266133094,1,0.4485094812358112,1.2685763824332108,8,100,100
-3182200894775355325,1,0.41472871306026393,1.1730299414307301,8,100,100
2030153173131108835,1,0.3373678922431699,1.0668509488986693,10,100,100
-4012957330580473376,1,0.7297472564661504,2.0640369343979743,8,100,100
-6796891827857341041,1,0.669108123014005,1.8925235645208223,8,100,100
3176990470897363754,1,0.5609373042365958,1.7738395059424605,10,100,100
4112543474714307452,1,0.29554178042130236,0.8866253412639071,9,100,100
-2669303743703819493,1,0.2666978622887279,0.8433726919303071,10,100,100
1122967591704246284,1,0.5124634467056811,1.7752254534322103,12,100,100
-8642020247930479920,1,0.44666102376657046,1.2633481551882706,8,100,100
-4613149511964927506,1,0.9391477657097228,2.65631101467816,8,100,100
4305131159689614591,1,0.5782623891044884,1.6355730265636708,8,100,100
-7801648853818289444,1,0.6225295680202634,1.7607795161450415,8,100,100
-8828368760724132815,1,0.4059558386867602,1.1482165055907214,8,100,100
-6036584763999756923,1,0.6983307501121812,1.9751776356616468,8,100,100
-2496509551046082014,1,0.42238259663937827,1.1946783933555465,8,100,100
-9010470875609032855,1,0.5478674214518805,1.5496030755992516,8,100,100
-9058638480028385766,1,0.6013614304001985,1.7009069815200897,8,100,100
-593212502745785530,1,0.6201299693433264,1.8603899080299793,9,100,100
3534426671390038795,1,0.41503998025144695,1.3765318874905645,11,100,100
4573821560941134363,1,0.6439197271195999,1.9317591813587995,9,100,100
-6893485745127069197,1,0.27149405224384376,0.8144821567315312,9,100,100
4213628684936305278,1,0.7718403417923475,2.440773470066667,10,100,100
-158004980764304290,1,0.594142818631719,1.6804896641911102,8,100,100
5648991562862896072,1,0.6513967704653312,1.8424282945562107,8,100,100
8480092557592561766,1,0.36674267966982343,1.1597421829501708,10,100,100
1884042533663375336,1,0.5267613004967008,1.5802839014901024,9,100,100
8133395390735062068,1,0.7721793181887281,2.184052928733018,8,100,100
5344077632896146967,1,0.707448494746392,2.122345484239176,9,100,100
-6976467069735792928,1,0.6195991355309604,1.7524910014050592,8,100,100
-3827912340348181827,1,0.5965436712648796,1.8864367249557583,10,100,100
-8111479254857700502,1,0.3329847200455606,0.9989541601366819,9,100,100
-5349310838706401941,1,0.5119726035685654,1.5359178107056963,9,100,100
8034640094995078974,1,0.4626032453877052,1.3084395672502034,8,100,100
-121617739700620344,1,0.3602930589191308,1.019062660704647,8,100,100
5692579678656489855,1,0.39483923375619273,1.1167739986700171,8,100,100
-855246647558575478,1,0.6961148983138711,2.0883446949416133,9,100,100
7981732001245823259,1,0.4736093131362647,1.2530524611626725,7,100,100
7945534779853044457,1,0.5557811298244751,1.5719864230176293,8,100,100
3287840990410716650,1,0.40201027219563523,1.3333172347415658,11,100,100
5704714529849457513,1,0.6706006686976689,1.8967451212174202,8,100,100
-1543543153024449511,1,0.4635640491481128,1.3111571306676983,8,100,100
-4618432255041603676,1,0.31836298808391156,0.9004665110117835,8,100,100
-827297802442286171,1,0.4613617689468652,1.304928141610198,8,100,100
-4689146801806513551,1,1.0612878844435922,3.356086967983332,10,100,100
-8349332055216257562,1,0.29181603812577755,0.8754481143773327,9,100,100
-2453021063704833671,1,0.3686460752413799,1.3291723267813509,13,100,100
1797908736144738679,1,0.21862415796744478,0.6183624985199168,8,100,100
-409622381076009772,1,0.6062938338119922,1.7148579251201976,8,100,100
3319993667507902552,1,0.37571657154684684,1.1271497146405405,9,100,100
-597023903069087846,1,0.40150158673440095,1.1356179785482148,8,100,100
-3804140741267495577,1,0.3376009809715293,1.012802942914588,9,100,100
5976363595518070585,1,0.5252770636421551,1.4857078948125024,8,100,100
-4934169652923859773,1,0.5023649247669112,1.4209025797318107,8,100,100
-6225345490920055817,1,0.4586646179993242,1.588860844018,12,100,100
-1508372219195527242,1,0.4385377802744399,1.2403721529542107,8,100,100
31999804810322688,1,1.0652926812709977,3.013102715500488,8,100,100
-7593223557470038556,1,0.5987325818916661,1.6934714750917081,8,100,100
-6556949408737698040,1,0.9332652655316717,2.639672791613236,8,100,100
8031666158615807855,1,0.6890677293499841,2.067203188049952,9,100,100
-1998540339793837556,1,0.39293315553063984,1.0396034114059372,7,100,100
3978528412752837293,1,0.30837753640171894,1.1538430869926417,14,100,100
4477562665965568909,1,0.3650154768288369,1.0324196756148467,8,100,100
-7501795688741775956,1,0.3643122761158652,1.1520565720862948,10,100,100
1316682491540309165,1,0.5763532872542368,1.6301732711065162,8,100,100
-4563645202160780413,1,0.45841590368754537,1.2965959764048904,8,100,100
-8089156527189769155,1,0.5409411363085188,1.530012582826041,8,100,100
-5380434174959974582,1,0.7737849093857604,2.8952380219774354,14,100,100
-6642113086025408391,1,0.5075323363189302,1.5225970089567908,9,100,100
-7133583765454886955,1,0.40834482297933583,1.1549735735644349,8,100,100
47985848352892571,1,0.626896297575677,1.880688892727031,9,100,100
926313614583798005,1,0.4275150087634129,1.3519211615992297,10,100,100
3047197652638889884,1,0.6036849184146358,1.9090193312831736,10,100,100
-7392313893573307639,1,0.6755832789389166,2.02674983681675,9,100,100
2054536745116975268,1,0.6961277081495546,1.9689464920175999,8,100,100
2184318228911405416,1,0.8948956900859851,2.9680332305213812,11,100,100
4899415748345658206,1,0.40160255520893845,1.135903560520341,8,100,100
2493327379180616423,1,0.5111627868216052,1.5334883604648155,9,100,100
1966900236862315687,1,0.5058376813477726,1.4307250186427602,8,100,100
-1055199144889727696,1,0.5075808301486312,1.4356553879935774,8,100,100
8924827062297939118,1,0.38358129907548366,1.0849317508504788,8,100,100
1238857775202770690,1,0.7470256426104628,2.1129075904403862,8,100,100
7947867722594019830,1,0.5099107322449644,1.442245346280849,8,100,100
-6908049169001877742,1,0.2602221535808019,0.9382443177472465,13,100,100
-6777144068984978001,1,0.4955269289741522,1.4865807869224565,9,100,100
2806709551428604997,1,1.0958340830681046,3.0994868447711967,8,100,100
1988040346390784364,1,0.47355586480827294,1.339418253106359,8,100,100
-7285402003556328246,1,0.5671660927828307,1.701498278348492,9,100,100
3709269594158692309,1,0.3815942089372951,1.2067068421720333,10,100,100
-6640149063223756357,1,0.25748289529671997,0.7724486858901599,9,100,100
-6433059732826747520,1,0.6113892532027868,1.8341677596083603,9,100,100
3391717400790164686,1,0.47603763830298435,1.346437768576277,8,100,100
-5927193048598043436,1,0.49275258684121076,1.5582204973581402,10,100,100
-8845908040715607923,1,0.3760022118677312,1.0634948550112548,8,100,100
2039085449890074801,1,0.34690318672525877,0.9811903829946144,8,100,100
-2295186136684060602,1,0.3535219455665705,0.9999110600335342,8,100,100
-9175610640145809652,1,0.42729553622173927,1.2085742849325356,8,100,100
-3621356026681528104,1,0.3955353316258792,1.1187428607661165,8,100,100
-2346400550038259025,1,0.5931002099780016,1.8755475442546095,10,100,100
-5367144430852578737,1,0.8224459395006963,2.326228403921134,8,100,100
921406613722362362,1,0.30843498935242475,1.154058056250042,14,100,100
-1410035740927947060,1,0.4671456540377185,1.4772442658082239,10,100,100
-3657470883198391807,1,0.8721181124414663,2.466722525211891,8,100,100
2871568520202104133,1,0.3874937118259503,1.0959977251971016,8,100,100
-6574529909966634119,1,0.44697500908104526,1.2642362397685032,8,100,100
-3791728600441854233,1,0.18343008551851164,0.6083687689277067,11,100,100
-6997550033268891598,1,0.45615315306781673,1.4424829255617242,10,100,100
-2810197699490466207,1,0.5072938268596437,1.5218814805789314,9,100,100
-1110226626866595782,1,0.5126520826548147,1.4499990561385037,8,100,100
-1091680690740117116,1,0.6796797066655138,2.1493359524581517,10,100,100
2499525239333011689,1,0.3857607628104555,1.1572822884313665,9,100,100
-8098512896974495445,1,0.40169998897010506,1.2702869012100477,10,100,100
4520673915182672648,1,0.5087392746012694,1.608774842921861,10,100,100
5675462926701845319,1,0.3266022248086087,0.979806674425826,9,100,100
-2240106472651551365,1,0.45269497571894385,1.2804147485597788,8,100,100
9200475633865142808,1,0.8430481197880186,2.384500169474707,8,100,100
-5147594993888552242,1,0.5170505124342974,1.5511515373028923,9,100,100
210352855274558940,1,0.5028079225178157,1.590018260733762,10,100,100
-3590560239318018958,1,0.5290367899966125,1.5871103699898375,9,100,100
8935770429488240768,1,0.9133710429073744,2.583403432716934,8,100,100
8856938006808273849,1,0.2947295384358447,0.9775072936263273,11,100,100
-3086525406949326143,1,0.3804278290423053,1.141283487126916,9,100,100
-1581744565612394421,1,0.8471233026571157,2.541369907971347,9,100,100
7131306561003470061,1,0.42047923612260646,1.3296720949551835,10,100,100
-1309251231578859471,1,0.5994034367292363,1.7982103101877092,9,100,100
-2575867972276361910,1,0.3276840670034395,0.9830522010103185,9,100,100
-2890293044247175459,1,0.6033809640105231,1.7066190851628684,8,100,100
6550815126842179666,1,0.5611117093166608,1.8609970052783302,11,100,100
232032528810135207,1,0.48834976637723226,1.4650492991316968,9,100,100
-3547974374537568631,1,0.669733108841859,1.8942912913889065,8,100,100
2585084195238513266,1,0.5462222618605822,1.544949861586687,8,100,100
2219277956457313074,1,0.7224705103097883,2.167411530929365,9,100,100
6435798668951632282,1,0.4315564056950351,1.2946692170851053,9,100,100
-6233396834701754723,1,0.4574613569555011,1.5172276771082356,11,100,100
6781118886044247073,1,0.2560712212825028,0.9232779185047494,13,100,100
-8544788932971932781,1,0.7985793048005231,2.395737914401569,9,100,100
-3668592199155285909,1,0.39238960694230823,1.1098454077441207,8,100,100
-9043290125433948813,1,0.40681389121123607,1.150643444625406,8,100,100
-3231215089922231991,1,0.4614124537363909,1.220782604414586,7,100,100
-444105027159777484,1,0.8158950113275147,2.3076995809838428,8,100,100
-8908279559972811731,1,0.6844342749185148,1.9358724682855184,8,100,100
8485541146091821735,1,0.3926387572631157,1.1105501112696317,8,100,100
-8704740148620788705,1,0.9371290937570971,2.650601348171389,8,100,100
5540214991941324708,1,0.5629776744999759,1.5923413251822636,8,100,100
-6951793312505737078,1,0.4845249148993076,1.3704434119165412,8,100,100
-4082982022678857505,1,0.6344904017468127,1.7946098626917926,8,100,100
2199399453638216749,1,0.6791260870768027,1.920858645810772,8,100,100
8657970742096423116,1,0.6610503112851086,2.090424631624252,10,100,100
-5369664895820162968,1,0.527288757156537,1.581866271469611,9,100,100
6176810312480994057,1,0.9508234423495772,2.6893348151860894,8,100,100
-1074219218189325429,1,0.398353389329812,1.2597040239300215,10,100,100
2212979759370490649,1,0.9828752555364417,2.779991033001115,8,100,100
-9132370722133722982,1,0.3541391656911979,1.0624174970735938,9,100,100
399037549286020839,1,0.9415300886843149,2.977379565822762,10,100,100
2975338297244093572,1,0.32186245269309605,0.9103644916344903,8,100,100
3064564948578552591,1,0.7904843010000503,2.499730845766276,10,100,100
-8794364264282975026,1,0.7699344493404401,2.3098033480213203,9,100,100
-4676989355049863903,1,0.4610577752123932,1.3040683174858647,8,100,100
-8445603945502643358,1,0.39519065837042433,1.1177679775812133,8,100,100
4569578336348392009,1,0.6512342511989258,2.0593835241028455,10,100,100
-5930004119996848173,1,0.4270084587606817,1.2077623072547772,8,100,100
-5950226552779955869,1,0.6504240026265965,2.345137092262718,13,100,100
-6430554841545846213,1,0.6571067840479977,1.8585786518560938,8,100,100
-536561900476217586,1,0.3634225196676194,1.0279141123715005,8,100,100
-4935862866457231002,1,0.5237122449743192,1.5711367349229577,9,100,100
7756106147386030783,1,0.4640706389283189,1.3125899829431524,8,100,100
8712436347651296996,1,0.37872749428566316,1.1361824828569895,9,100,100
-7258066427399424411,1,0.2778265315872885,0.9214463620808586,11,100,100
4712499287425562974,1,0.8239859824496675,2.4719579473490025,9,100,100
-3445552555225926439,1,1.092777818940152,3.455666884361969,10,100,100
149690305019483912,1,0.332855725181775,0.9985671755453249,9,100,100
4824576433990865280,1,0.411304519900043,1.1633448606159909,8,100,100
-8814627233351851135,1,0.39875577808099977,1.127851658873572,8,100,100
799854862770938074,1,0.2927104672577388,0.8279102252889201,8,100,100
-4314387319524367904,1,0.4413941742951413,1.3241825228854238,9,100,100
6313383988446833860,1,0.7106127530293361,2.0099163858587397,8,100,100
1301527357775881222,1,0.39633427195106585,1.1890028158531976,9,100,100
128650371013966524,1,0.5171167432726916,1.7913449455857067,12,100,100
-7835524377938745963,1,0.474684163332744,1.5010831253428545,10,100,100
-1927479218584502589,1,0.6034829494256186,1.7069075434772532,8,100,100
8364207816057678116,1,0.46251319270173263,1.6676150318646539,13,100,100
8861395602377530692,1,0.5163126841920924,1.5489380525762773,9,100,100
8940756564723164136,1,0.46574242333529875,1.3972272700058963,9,100,100
6148608372512319931,1,0.4752446088293004,1.344194742502186,8,100,100
8634665221110468417,1,0.5327845245046953,1.5069422007540814,8,100,100
2073472885795515841,1,0.4275000160161784,1.2825000480485351,9,100,100
-8078672955782776625,1,0.7840871790108315,2.7161576632202267,12,100,100
7998862582029825783,1,0.5944596634912289,1.6813858367860846,8,100,100
-3258375540002827022,1,0.6408719379768514,2.0266150124930125,10,100,100
-7788489842099483659,1,0.3627265836372063,1.025945708025992,8,100,100
6015269968650448643,1,0.8181794033669381,2.314160817391702,8,100,100
-6775445704615858223,1,0.69635590737804,1.9695919369052939,8,100,100
3614253510679613347,1,0.4756685792889862,1.3453939120504526,8,100,100
-2311416930445197041,1,0.48114667917684245,1.3608883183653342,8,100,100
7537403336672888493,1,0.5552261201493705,1.7557791560903189,10,100,100
784699176946574804,1,0.34409926423286785,1.0881374161639743,10,100,100
5718845679631449763,1,0.4435250423135058,1.6595187507915539,14,100,100
-6327071105076555597,1,0.28048386569150113,0.8414515970745033,9,100,100
-6683295695699499563,1,0.8137387541144234,2.3016007645944057,8,100,100
-1961100700748187013,1,0.317181981151235,0.951545943453705,9,100,100
8568841930632267840,1,0.769414650023051,2.1762332663022943,8,100,100
-7457727224720799854,1,0.4254691717723307,1.276407515316992,9,100,100
-5945505272584763312,1,0.8345436363613427,2.3604458578687426,8,100,100
-74909479815919532,1,0.7420524477668691,2.098841271248118,8,100,100
-4635876576257121900,1,0.6015218976127559,1.8045656928382676,9,100,100
3433317331115045976,1,0.4272604018875032,1.2817812056625095,9,100,100
-4335499748178685134,1,0.6173111893720985,1.952109383523359,10,100,100
-5383972641718424955,1,0.42446790348817376,1.3422853686591596,10,100,100
-3504095568378559953,1,0.6599037110610556,2.188653007352624,11,100,100
6978571272443792442,1,0.5104547909581019,1.5313643728743056,9,100,100
6513172687665087046,1,0.5612558060413385,1.6837674181240156,9,100,100
1414556533051638067,1,0.48986318449198174,1.3855423184316684,8,100,100
-5592583789501690355,1,0.3112439193636885,0.9842396930670406,10,100,100
2717014184312358904,1,0.9253445049691709,2.6172694975896387,8,100,100
-3195921190312267084,1,0.7207545195408691,2.038601633352802,8,100,100
-913594406484968768,1,0.3748177017432235,1.0601445544455608,8,100,100
408884123671598066,1,0.3469057370886491,0.9811975965116055,8,100,100
-3845210757258391415,1,0.46829658136910307,1.3245427531702825,8,100,100
4129781894806059316,1,0.8277654364298141,3.0972146597337695,14,100,100
5371414102895014327,1,0.33427302847141227,1.0570641303319757,10,100,100
8737990291854959399,1,0.5186954505304723,1.4670922817628336,8,100,100
-7954546912161694433,1,0.38907284871170944,1.1004641987984698,8,100,100
-1731536908589464221,1,1.1515760825026327,3.0467839300719657,7,100,100
-8791735237243353128,1,0.5230835480939239,1.4795036959373327,8,100,100
6759415593087174310,1,0.46927417039144015,1.3273077924779149,8,100,100
-6707358165174798879,1,1.1082088243854888,3.1344878987750042,8,100,100
-5282746660554511127,1,0.31695709908094827,1.0979715988556902,12,100,100
1449177972073922353,1,0.7282795420402745,2.0598856111044457,8,100,100
1772668927076396384,1,0.8113942992311639,2.434182897693492,9,100,100
1908571899853751917,1,0.5977812655912991,1.7933437967738972,9,100,100
-4538203873005742366,1,0.8321382508084102,2.4964147524252307,9,100,100
-3018321400388704279,1,0.4610215588121518,1.3039658820370612,8,100,100
9214315744264188806,1,0.5588484255588583,1.7672338915650492,10,100,100
-5508830994795824011,1,0.2488542016234164,0.9638081785212345,15,100,100
-4861587548261577008,1,0.670612016860403,1.896777218668713,8,100,100
-8015391229717331999,1,0.526258275359255,1.6641747876473114,10,100,100
769483838771789728,1,0.6592939910354664,2.2838613791965754,12,100,100
-5463614642176652387,1,0.627468928877391,1.9842309762387553,10,100,100
-2465263904332766141,1,0.5638011026632579,1.59467033173457,8,100,100
5019139099392057419,1,0.7328376716272125,2.0727779484662494,8,100,100
-4994328718057556903,1,0.5646923058922266,1.4940354086624454,7,100,100
3514927622331925305,1,0.5450574233470865,1.5416552007391668,8,100,100
4603018305605928896,1,0.6024223723783563,1.5938597815346771,7,100,100
5471230647102350285,1,0.5499357522385092,1.9828215529068052,13,100,100
-3793368983744839611,1,0.8106897392437626,2.432069217731288,9,100,100
-1955420547827980488,1,0.48798396858852455,1.6184597275167112,11,100,100
-2101263205327943037,1,0.5976360476585368,1.9821345312743244,11,100,100
-3182880412249822350,1,0.6071462598652301,1.717268950091016,8,100,100
-7132353169910072417,1,0.5424746302146274,1.6274238906438823,9,100,100
2398530290672660538,1,0.35936106311242677,1.0164265784848154,8,100,100
-5498835325048231687,1,0.4536324968953459,1.2830664588851384,8,100,100
-7258348307897801537,1,0.8601749388871969,2.4329421291754443,8,100,100
9146482385504512657,1,0.5249243527994073,1.4847102778976824,8,100,100
-194382118249109298,1,0.5531351345379499,1.9161163129423513,12,100,100
239605490566372245,1,0.42936679380104803,1.2144326860521886,8,100,100
3109120675720656710,1,0.5696960937755355,1.6113438844966739,8,100,100
-6939937242519306791,1,0.48994220156117757,1.4698266046835327,9,100,100
1318219060606230480,1,0.42676338251876533,1.280290147556296,9,100,100
8182977714598189762,1,0.40878218843920366,1.2926827823760345,10,100,100
-2344629013060887009,1,0.6542397896048197,1.8504695670065126,8,100,100
-4185057013482678876,1,0.5953366651995139,1.6838663722062464,8,100,100
-2593047317812020187,1,0.638728082654768,1.8065958343178723,8,100,100
-6856694108246767908,1,0.6219971030717817,1.7592734778417793,8,100,100
-6967346559789401404,1,0.5191154096695724,1.4682801055831494,8,100,100
-6537319420450276583,1,0.49739778178646105,1.4921933453593832,9,100,100
1335234904213073139,1,0.4323465261668074,1.2970395785004223,9,100,100
-8436279003176338486,1,0.356712307669664,1.1280233616508881,10,100,100
-4567681103602253302,1,0.6366047951664707,1.9098143854994123,9,100,100
5977595583700048476,1,0.5214852265174766,1.6490810819240633,10,100,100
6206003509781841981,1,0.49204389591261083,1.4761316877378325,9,100,100
-7290718079131166504,1,0.4363676647890434,1.2342341394514833,8,100,100
4519975394845720080,1,0.44794475416872337,1.4165256890973705,10,100,100
7762303184665790053,1,0.4471112836627993,1.2646216824919496,8,100,100
1512261316532312663,1,0.5172870223963015,1.4631086454248894,8,100,100
-7505135738236076224,1,0.7127574992518763,2.0159826442502693,8,100,100
8083377873383820798,1,0.28576808665757536,0.8573042599727261,9,100,100
7954779766334224574,1,0.5418956475495466,1.713624500388409,10,100,100
-1110132238118918750,1,0.624498243434966,1.9748368440287873,10,100,100
6575213393204338995,1,0.3844814346410186,1.3318827587304334,12,100,100
4467124663752101822,1,0.6862312671386875,2.170053805781711,10,100,100
5457566909272267235,1,0.7223111453652097,2.2841483986790374,10,100,100
-617146272078029398,1,0.7593283168883193,2.147704808074793,8,100,100
5996176584372351211,1,0.3686735089267534,1.042766152823786,8,100,100
-8029274241951242146,1,0.4383329416576099,1.2397927818541732,8,100,100
-3323554847080438749,1,0.6228202972372315,1.8684608917116947,9,100,100
-5973129722459920607,1,0.7153694662550042,2.1461083987650125,9,100,100
-7166068833991453247,1,0.6025623010317701,1.704303556587738,8,100,100
-5684025664164181136,1,0.6563385605047128,1.8564057875483984,8,100,100
-9048779243079411399,1,0.6219702089391674,1.7591974097475964,8,100,100
4882269435031678993,1,0.808842515054812,2.287752109228959,8,100,100
4391445725251621207,1,0.8872625362211899,2.6617876086635697,9,100,100
8296081380248746663,1,0.4646644190554325,1.3939932571662974,9,100,100
1530647665625669220,1,0.93729263161162,2.81187789483486,9,100,100
-1495447748467487381,1,0.585313950722754,1.7559418521682622,9,100,100
-1287478481512434807,1,0.3269274012004901,1.0842955234680112,11,100,100
-497346539862327223,1,0.28368866832718126,0.8971023382939622,10,100,100
-8354496138084256496,1,0.711760357627342,2.3606420468990676,11,100,100
-220113098292720388,1,0.5376706389821583,1.520762219476753,8,100,100
5654986456827256453,1,0.5884500359440046,1.6643880432218932,8,100,100
2958955114785467186,1,0.625883746039292,1.7702665642352893,8,100,100
-1612103254334377947,1,0.5987136100052198,1.8932986737582704,10,100,100
4797266135339142922,1,0.48256849590361717,1.5260155740970647,10,100,100
-7889607673240285190,1,0.8177399689090717,2.312917909051525,8,100,100
-2934419415053279431,1,0.61685933679187,2.224117968551797,13,100,100
-3270217936846897857,1,0.5243039119765965,1.8904046385579767,13,100,100
-665242051512404399,1,0.27633195202948063,0.9572419613394924,12,100,100
-6831605664241493180,1,0.34318058279138247,1.0295417483741474,9,100,100
2062194153854731443,1,0.827543504803441,2.3406464958935818,8,100,100
-3496974152922226067,1,0.4218285891438308,1.6873143565753232,16,100,100
6827125896323620793,1,0.3189201419943671,1.104771778982649,12,100,100
4891460992735418734,1,0.6651532253761616,2.103399185195979,10,100,100
6198630121112059054,1,0.4136910554078849,1.3720580099140804,11,100,100
8684831918263824526,1,0.994097685971674,2.811732859649703,8,100,100
-3633462315344983156,1,0.6625069920883551,1.9875209762650652,9,100,100
-4777980730469838079,1,0.7044709743452815,1.9925448124345717,8,100,100
9009160894096908051,1,0.6963902781815577,1.969689152218263,8,100,100
-5650401255714415401,1,0.7669012209100324,2.656623758005559,12,100,100
-213597227615385170,1,0.39898734497434135,1.1285066289558927,8,100,100
-3959359795500047496,1,0.8608431824171082,2.7222251646658746,10,100,100
-782747788370974844,1,0.36315425092543535,1.089462752776306,9,100,100
2521891659707571571,1,0.3895924801671018,1.030764815183015,7,100,100
4317368036286385948,1,0.6042826178596894,1.709169347366982,8,100,100
-2101356419137114768,1,0.6609009033460459,1.9827027100381376,9,100,100
-6151331241532707400,1,0.311280524184575,1.078307366588713,12,100,100
-139975311289909801,1,0.5847502884946822,1.6539235771815193,8,100,100
6151468933209525889,1,0.49637614545863323,1.569679195824326,10,100,100
6498093173001040575,1,0.26559501078141673,0.7967850323442501,9,100,100
7411950784605720590,1,0.3396559030868314,0.9606919693709572,8,100,100
-3806684492746395313,1,0.4343831660506008,1.3736401819550266,10,100,100
7961820734826449175,1,0.4699204718513501,1.3291358090578873,8,100,100
-8806304425670331118,1,0.573241387260394,1.7197241617811818,9,100,100
5591626280741517959,1,0.5899999322142417,1.668771811873175,8,100,100
-8799287187339474071,1,0.5511083355536788,1.6533250066610363,9,100,100
6222239487581508192,1,0.9782234676556915,2.7668337899806352,8,100,100
-4073933669311517629,1,0.49897801985473667,1.49693405956421,9,100,100
-6908368417217437392,1,0.2963771101568332,0.8891313304704996,9,100,100
-5745718462107391224,1,0.42105980896506967,1.1909369848172522,8,100,100
-6926705067608220856,1,0.5208741220222389,1.562622366066717,9,100,100
2556631031161412096,1,0.5881800895519377,1.6636245195243438,8,100,100
-3670449862561218426,1,0.7084016613406142,2.003662474151058,8,100,100
-4158540590071541134,1,0.34387972670309147,1.2398759872205394,13,100,100
8408137949419599602,1,0.4007068710745121,1.3289943422714718,11,100,100
-154511823363659191,1,0.5779651191369181,1.733895357410754,9,100,100
-2260205477130802685,1,0.5486182862363977,1.5517268419227968,8,100,100
-6347638154514327891,1,0.520951151874146,1.562853455622438,9,100,100
-7153672485647664375,1,0.29242082796421354,0.8772624838926406,9,100,100
-4834133806959737682,1,0.493157487197521,1.5595009047094943,10,100,100
2272027691576461055,1,0.5013883953775123,1.504165186132537,9,100,100
-8964011657154197763,1,0.9537030632796798,2.697479613133779,8,100,100
4428121242230328429,1,0.35493651092191336,1.1224077992664767,10,100,100
2491418540875603811,1,0.6689323418849799,1.892026380407469,8,100,100
4192353466802440875,1,0.3555211403553476,1.1791302275979674,11,100,100
4239719071441997924,1,0.6905611621519643,1.953201922326868,8,100,100
4718924840254759798,1,0.5382834696073485,1.522495566239916,8,100,100
-7243917158975056730,1,0.7242730432877708,2.0485535213576025,8,100,100
8365177082935466563,1,0.7346958207646472,2.0780335878883935,8,100,100
8699143574116535149,1,0.2850811697468799,0.901505814425228,10,100,100
-2008440065966912533,1,0.4748147141149478,1.5747822516591479,11,100,100
8743246259919026025,1,0.9073818242556752,2.5664633642264323,8,100,100
6738295631326200775,1,0.8568641745994617,2.4235778736603732,8,100,100
5695911103355342757,1,0.6815788865643884,2.1553416866250035,10,100,100
-2163520346586498289,1,0.45782070969813426,1.447756202640843,10,100,100
-7812770382655146575,1,0.46588161917762505,1.3177122086026696,8,100,100
-4008064114384973136,1,0.4062294998483842,1.2186884995451526,9,100,100
-5133189621681393562,1,0.5431222945640204,1.6293668836920612,9,100,100
1052987675626316487,1,0.24551583549074238,0.7365475064722271,9,100,100
-8176208361136098208,1,0.3766682201098186,1.0653786107884793,8,100,100
8216065004365011983,1,0.4292827795331798,1.3575113436127622,10,100,100
-5733752445365906910,1,0.5030035845208011,1.4227089823031966,8,100,100
5872945032257549184,1,0.5539846542031949,1.5669052226414548,8,100,100
5749050112144166938,1,0.6229249035830796,1.7618976939742876,8,100,100
4753267486498862578,1,0.8423655428406935,2.3825695503221667,8,100,100
-2015931474570027243,1,0.41170678784133125,1.2351203635239938,9,100,100
-8005314242327410902,1,0.8837775371972089,2.499700358449971,8,100,100
4734023406526524338,1,0.6027355846808817,1.7047936767611602,8,100,100
-6028352653546169440,1,0.4066213609792162,1.3486104861117203,11,100,100
-1250582699647840432,1,0.6341017022046422,1.7935104543633411,8,100,100
3531651340010651584,1,0.5354449685514278,1.6932256622997406,10,100,100
-6794206758618071452,1,0.2644051909671635,1.057620763868654,16,100,100
-8192646106111661698,1,0.2898565090653018,1.0845437482486944,14,100,100
1550536638193486264,1,0.37463302494591005,1.0596222095827281,8,100,100
-2403491907098443334,1,0.7753983085674939,2.452024748915334,10,100,100
-5698780535658983262,1,0.7748482161831025,2.191601712213487,8,100,100
2541205778825518538,1,0.40751327497459133,1.222539824923774,9,100,100
7124306632635638355,1,0.8626143799902409,2.7278261831831365,10,100,100
-2676006878872234825,1,0.3250117268442647,0.9750351805327941,9,100,100
-7766066356250343284,1,0.5044969079374303,1.4269327387608095,8,100,100
-9120454368606291508,1,0.30958518826635606,0.9789943247737196,10,100,100
5941993805605944580,1,0.3499589496979416,0.9898333858733456,8,100,100
3650375094216209716,1,0.2953415671086524,0.8353520994751596,8,100,100
5258009898231552216,1,0.28585651628435793,1.0306703268887594,13,100,100
-7826614367515635988,1,0.7420293138781724,2.0987758387298276,8,100,100
541651876595933304,1,0.33389129064781825,0.9443871831848031,8,100,100
3532207961110934268,1,0.5524202225983755,1.5624803418555737,8,100,100
1876105521959909623,1,0.6773834981879194,1.915929860130173,8,100,100
-3333930775401570923,1,0.28315667761675617,0.8494700328502685,9,100,100
-3141165455764401367,1,0.7374045723436906,2.445694285156506,11,100,100
1517060875644077408,1,0.7235829554721456,2.3998531679975454,11,100,100
5022116677214895173,1,0.3775376309643225,1.1326128928929675,9,100,100
8020444682797008918,1,0.22416490281817533,0.9771121580730423,19,100,100
6422276835862236350,1,0.531598044298761,1.5035863279566424,8,100,100
-5867507943020059950,1,0.23950619032409637,0.7573850751339261,10,100,100
-4311488014964685387,1,0.5744304531929231,1.723291359578769,9,100,100
-8969901079682791287,1,0.3719034336882311,1.288311285314678,12,100,100
-4430595722659020506,1,0.9694230405845998,3.0655848244931843,10,100,100
-1929181384635623387,1,0.3596487261384666,0.9515410887035579,7,100,100
-8397979855943795667,1,0.3618079140463634,1.0233473180365724,8,100,100
-6993529527570569643,1,0.5897718097783247,1.6681265841876638,8,100,100
3357126752446835678,1,0.4637201942139781,1.311598775607387,8,100,100
-1747346614645377389,1,0.47433180156849586,1.4999688596074752,10,100,100
-1154238807322186506,1,0.4883110131378626,1.3811521148714239,8,100,100
8849130723854267592,1,0.4590219693584781,1.298310188987934,8,100,100
7145382743337780487,1,0.7055326860502324,1.9955477866195155,8,100,100
-9103998096640172955,1,0.4248243804260093,1.274473141278028,9,100,100
284685280755182271,1,0.39669508634758266,1.374192089333872,12,100,100
-7138079916714823371,1,0.5948025595024004,1.7844076785072012,9,100,100
397300675347427316,1,0.5923815571326959,1.7771446713980876,9,100,100
-8924081796088162690,1,0.48805002254924246,1.3804139220112672,8,100,100
-8127735904782118219,1,0.40931208411918524,1.1577094012090978,8,100,100
1788376579913394563,1,0.41478370102578976,1.2443511030773693,9,100,100
-1104608212948919154,1,0.39562073977648987,1.118984431495978,8,100,100
7391126470541357472,1,0.3811314645294647,1.1433943935883941,9,100,100
-7242822996990581762,1,0.5802492481725846,1.641192712644922,8,100,100
8033165278091535801,1,0.3384823164200629,0.9573725650094287,8,100,100
8745052373984710683,1,0.43205937321823706,1.2220484507112994,8,100,100
392849916781818535,1,0.3372859520650544,1.2161017946642427,13,100,100
3287651535783181303,1,0.5272799877062548,1.6674057257773474,10,100,100
-6931804958531305376,1,0.8602456573839822,2.7203356246022286,10,100,100
-1251673011219942488,1,0.43326505463057363,1.2254586327217545,8,100,100
8817572651487912305,1,0.3737245576712305,1.1818208197800413,10,100,100
4187181597746259944,1,0.34640712231738124,1.1489024494335018,11,100,100
2747706619548410665,1,0.7760430858482367,2.6882921071033636,12,100,100
839812262251906585,1,0.4385935609272171,1.3869546196138376,10,100,100
3193054441385076875,1,0.5685588502543778,1.797940950650438,10,100,100
8457740948472265475,1,0.5208374486716943,1.3780063626746717,7,100,100
2720265522889975528,1,0.6336049275068562,1.7921053633332353,8,100,100
-2613670202354250500,1,0.6900757396246949,1.9518289400837765,8,100,100
-6709045261261955380,1,0.6065254549157513,1.7155130485327335,8,100,100
7676455493043103124,1,0.3236516814370223,1.0234764818842286,10,100,100
4391065949393269381,1,0.6597989044145941,1.9793967132437824,9,100,100
-7928360605583181276,1,0.36792757273698645,1.1634891438261488,10,100,100
-6751507633059738963,1,0.8442185439365182,2.2335923194450826,7,100,100
-5680500187726731029,1,1.2923809063596543,3.6554052110517126,8,100,100
-4286155117006218583,1,0.37889499343060423,1.0716768768496505,8,100,100
-8959715344978014250,1,0.6347030991277701,1.7952114617334551,8,100,100
-5328526690871248003,1,0.6682692702417761,2.004807810725328,9,100,100
-2498325617028772044,1,0.5706858592964332,1.804667143827106,10,100,100
-6681997980074150658,1,0.428928658123179,1.2131934512165847,8,100,100
-3502165696773025882,1,0.4526229104072484,1.501180365339491,11,100,100
5617104651113865735,1,0.3505581523534507,0.9915281869174075,8,100,100
5717250008263977065,1,0.8314095298560295,2.4942285895680882,9,100,100
-3553913336321961142,1,0.505791793092802,1.430595227057694,8,100,100
-868168087212494815,1,0.45167487814849283,1.4980360980480458,11,100,100
5363981158624118032,1,0.59362395327226,1.6790220913343252,8,100,100
7023418763636780283,1,0.4540496489344706,1.2842463430277418,8,100,100
-1395261967414246142,1,0.48116123837699465,1.5215654350585226,10,100,100
-466077067195278892,1,0.3373130824690727,1.118740931428122,11,100,100
163584850516751107,1,0.35823165006537344,1.0746949501961203,9,100,100
3656799760196536265,1,0.5009052415825326,1.9399976586771517,15,100,100
983405290827081570,1,0.803685867319446,2.5414778640173323,10,100,100
-2318200129963146333,1,0.5940296832314068,1.680169668956098,8,100,100
2351329757515307772,1,0.43189829307865996,1.29569487923598,9,100,100
1288274505724661780,1,0.4466783212426234,1.8417018991569132,17,100,100
4082525283250127454,1,0.4149298145860448,1.4373590408763266,12,100,100
5292016650690725759,1,0.3067657073280205,0.8676644475485243,8,100,100
-2270089407617242430,1,0.48871795993940376,1.4661538798182112,9,100,100
771453168413733394,1,0.43774635171845355,1.2381336549591602,8,100,100
2591239276337224807,1,0.6027158546271723,1.8081475638815168,9,100,100
8418122058358660019,1,0.21437436551568315,0.6431230965470495,9,100,100
6557909981127645471,1,0.47574642874139605,1.3456141035532951,8,100,100
1011798825219278761,1,0.3458670499139027,1.50759951847524,19,100,100
-9218528451828631837,1,0.43613509448239485,1.2335763312877481,8,100,100
4253944111403544222,1,0.46735718734665777,1.3218857456363737,8,100,100
846127293537576119,1,0.5637142785324002,1.3808123431255337,6,100,100
-424596529912074646,1,0.28042167571379467,0.7931522739556769,8,100,100
-5835396747421019106,1,0.38976341735201037,1.102417421872196,8,100,100
-2562176312716264342,1,0.9012095096830087,2.703628529049026,9,100,100
-3857791602197870808,1,0.6374704683374306,1.803038763870246,8,100,100
-5600810184605609967,1,0.4036100999067744,1.2763272023535204,10,100,100
-9011704465808704608,1,0.3932424659804776,1.1797273979414327,9,100,100
8997509467244748582,1,0.6867939633422185,2.27783788468724,11,100,100
1180863749830234718,1,0.4408703498859098,1.2469696561136507,8,100,100
-2827559621701104707,1,0.73465547103865,2.323184583986001,10,100,100
-3652456346988708411,1,0.3799266049991672,1.074594714992376,8,100,100
-8022381752331997207,1,0.6580284599008998,2.4621170476956817,14,100,100
-5667756417176317691,1,0.7770047624274903,2.197701346106883,8,100,100
-5502105755025693382,1,0.6419115008618,1.8155999007240526,8,100,100
3271515221040982454,1,0.6601106484570336,1.7464886136028936,7,100,100
3192576270251768374,1,0.32262888735311956,0.9125322962162465,8,100,100
5864594788830828872,1,0.6606798833375267,2.5588021853405,15,100,100
8645733928295478060,1,0.6278809868528753,1.883642960558626,9,100,100
4956074148445895971,1,0.4243026784438367,1.3417628811925522,10,100,100
2582573423526782272,1,0.5106998499796256,1.3511847976440843,7,100,100
-5408763339905752083,1,0.5329311764305206,1.5073569950389818,8,100,100
-8952715644889930918,1,0.5974276121855355,1.6897804633779163,8,100,100
7196799949516180031,1,0.45389692076074756,1.4353480925409292,10,100,100
7767215088655163951,1,0.588952742743051,1.5582224912675138,7,100,100
4062634228247007659,1,0.6425241525127888,1.81733274127173,8,100,100
-1541588542142051635,1,0.32139516735343227,0.9641855020602967,9,100,100
-7896913272304895128,1,0.4800244530804579,1.4400733592413737,9,100,100
-2251430512344743093,1,0.278474264205581,0.8806129446291359,10,100,100
1826562459373680518,1,0.3535704131907474,1.0607112395722422,9,100,100
1026918764257116161,1,0.7794288554686465,3.213667498751511,17,100,100
8978077711706930663,1,0.37064522868288063,1.0483430184644142,8,100,100
8178996019799388764,1,0.7338325840130158,2.0755919856450014,8,100,100
2968331035051382885,1,0.46521917364806425,1.315838529698193,8,100,100
6306403860827153043,1,0.5444207569234296,1.5398544361570807,8,100,100
5441179096946408832,1,0.6877856876021624,1.9453516948261655,8,100,100
7805880222517646137,1,0.4661044777007001,1.5458936656377977,11,100,100
-8303855152765440962,1,0.3417605986957537,1.1334916740010401,11,100,100
7480666910950171206,1,0.4470699516315159,1.3412098548945477,9,100,100
-4766029169354683727,1,0.5717961323014973,1.6172836904265162,8,100,100
699932178068229951,1,0.6724244072026107,1.9019034326732414,8,100,100
-1781894688848682933,1,1.0443152792262813,2.7629985191777178,7,100,100
-5040170899479260671,1,0.4321650064771781,1.2223472266861635,8,100,100
1366133172155376778,1,0.6863444024202779,2.1704115709552614,10,100,100
-2455245016527244617,1,0.6433505527627045,1.8196701541544884,8,100,100
-2802058105781423785,1,0.7333354877125045,2.074185984985024,8,100,100
679229921261120621,1,0.5171400299603448,1.8645748946170069,13,100,100
563892471394413263,1,0.5608825697219243,1.586415473998837,8,100,100
4364062243507444692,1,0.40665974150020745,1.285971015835954,10,100,100
-8073974649572645097,1,0.6681892239342693,2.216132944748733,11,100,100
-497937220903384876,1,0.695404482078777,1.9669008997816888,8,100,100
-1932023856287510342,1,0.43681907405857184,1.3104572221757156,9,100,100
-1742168114112411346,1,0.8037954287563307,2.2734767934413997,8,100,100
-2774148252446485937,1,0.6245561318429237,1.766511504231083,8,100,100
-856450875379500112,1,0.586482122664718,1.6588219439236107,8,100,100
-7929572001802160839,1,0.5739014599250601,1.623238456183479,8,100,100
7169778254425852201,1,0.41536470951313015,1.1748288110492593,8,100,100
-4912995055471259963,1,0.5271555906346971,1.4910211715127761,8,100,100
-7507772802706587657,1,0.47015611443446187,1.6951719780663672,13,100,100
2483283470007308442,1,0.34379495245125524,0.972398968863957,8,100,100
5335902465049337301,1,0.6122997488403346,1.731845218095282,8,100,100
-5482626819392280626,1,0.5978983755233805,1.7936951265701417,9,100,100
-5972690674370167341,1,0.4931866865271856,1.3949426017371882,8,100,100
-1122067885776919835,1,0.34897270167485694,1.0469181050245708,9,100,100
-1840400606808511264,1,0.4731020571811998,1.3381346913045287,8,100,100
8610026762639889706,1,0.3209734474050579,1.200972670441432,14,100,100
-1754805187203381147,1,0.7302312532736162,2.1906937598208485,9,100,100
6069812132924824655,1,0.6592824873238224,1.9778474619714672,9,100,100
-3659311023802014447,1,0.2871991271779654,0.9082033838947373,10,100,100
4956986497565103252,1,0.8006587990384396,2.4019763971153187,9,100,100
5132581543323046532,1,1.1079089071371875,3.133639604694729,8,100,100
7233449130299756296,1,0.35862541646335294,1.0758762493900589,9,100,100
604611189332072028,1,0.5279580464675153,1.4932908593567298,8,100,100
-2032828939994278972,1,0.5652177441738053,1.598677199009044,8,100,100
-4282574261500815253,1,0.4764337378842292,1.4293012136526877,9,100,100
2043329178469775149,1,0.7422263297089974,2.4616862451673613,11,100,100
-8663046392008283849,1,1.1850157701528865,3.351730747552421,8,100,100
6062745330786686673,1,0.5770810345791602,1.6322316513802908,8,100,100
6324242560026869387,1,0.5978627211402395,1.7935881634207185,9,100,100
-7457253372871435717,1,0.4574615581369532,1.2938966795632147,8,100,100
2462928916021167676,1,1.1595541975047778,3.0678920382987154,7,100,100
6394066547178335768,1,0.3449448725120538,0.9126383486937745,7,100,100
6451194468465202465,1,0.548069175777875,1.4500547403684023,7,100,100
-6816601625168017950,1,0.5210037459202667,1.5630112377607999,9,100,100
-9123566085513831881,1,0.422657865728046,1.1954569719125385,8,100,100
-7797639291594597953,1,0.5755676196215963,1.7267028588647888,9,100,100
-1873909275379944918,1,0.4151164881840837,1.1741267351092437,8,100,100
-1929865661544538060,1,0.5817511143198943,1.839658552591863,10,100,100
8235590801335775069,1,0.5694123811927995,1.6105414241320315,8,100,100
4128115173883497614,1,0.77726660794506,2.33179982383518,9,100,100
-5477640458182459884,1,0.44166430899318215,1.249215311588599,8,100,100
-5270243853456143777,1,0.6288195503356184,1.988502016303452,10,100,100
-8474377600796597037,1,0.4554928592299611,1.5106989087519513,11,100,100
-6063787453006288922,1,0.8534925074395824,2.4140413588097545,8,100,100
6479748377646781755,1,0.26621626997710673,0.922200210803644,12,100,100
2231885850737344356,1,0.607492062416398,1.7182470274065458,8,100,100
-3678853030507680092,1,0.7149300956081791,2.022127674715561,8,100,100
3047509133131045770,1,0.48472919013489185,1.5328482891950794,10,100,100
-723435831691328190,1,0.7529639535302572,2.3810810891607943,10,100,100
-5298328847141432806,1,0.3827313080227864,1.0825276131012382,8,100,100
-6378366638816861778,1,0.1982206076195454,0.741673600710491,14,100,100
-1896707838901777533,1,0.5366102451641039,1.696910590499923,10,100,100
-6052977305671156444,1,0.39948222131541505,1.1984466639462452,9,100,100
-4340403798319108950,1,0.8606523603201051,2.4342924809062167,8,100,100
6225948022589531621,1,0.710190264925735,2.0087214090466317,8,100,100
-1030203699838529601,1,0.6278001104658573,1.7756868613602852,8,100,100
-1263081171973764038,1,0.5168926988163134,1.5506780964489402,9,100,100
-821821918206186627,1,0.5983191677098555,1.892051337699414,10,100,100
-179173485965070933,1,0.495912562414843,1.6447558983537378,11,100,100
4242663091529506575,1,0.4718796347748509,1.334677158612514,8,100,100
-2848890044952892841,1,0.553241725993189,1.659725177979567,9,100,100
-378845494871327278,1,0.6767851673120279,1.9142375248512284,8,100,100
-3162573540612448364,1,0.4059625452227034,1.3464254414413932,11,100,100
-1558858812651569563,1,0.2851258860595989,1.10428780828146,15,100,100
-3488330163312790307,1,0.7417400897101373,2.345588115341657,10,100,100
-2292727017125462263,1,0.9467742086969189,2.8403226260907566,9,100,100
631288304598371775,1,0.5134334309982802,1.4522090429870371,8,100,100
2934059820742618035,1,0.4033017030367032,1.2099051091101096,9,100,100
8254722708646938005,1,0.43311117877427313,1.2250234060759506,8,100,100
2870800094175192385,1,0.7606209390853816,2.281862817256145,9,100,100
4694265684962057577,1,0.4857615390243906,1.536112863025841,10,100,100
5139240208727811835,1,0.6121423370791068,1.7313999904000712,8,100,100
6356209333358462799,1,0.4295626756868432,1.2149867236912182,8,100,100
-2991112332236997729,1,0.5745119708129748,1.6249652417388094,8,100,100
41605841806132530,1,0.6963912327746284,1.9696918522151974,8,100,100
8304467467581689536,1,0.5362413267712947,1.5167195140498153,8,100,100
3077720505280925791,1,0.9881903900191837,2.795024503543776,8,100,100
2892650271349131530,1,0.6040599517893297,1.5981924094082325,7,100,100
-9016698683657329639,1,0.553017520532149,1.5641697555330136,8,100,100
-1285154093420067874,1,0.29764547121813795,0.9412376242834081,10,100,100
-5608956913007801053,1,0.6376330213484511,1.8034985332158258,8,100,100
-254393295480140992,1,0.5301336394899682,1.499444365673844,8,100,100
1137956892536741590,1,0.4450196388484376,1.3350589165453128,9,100,100
-2930919399962808795,1,0.4376732247951576,1.3130196743854727,9,100,100
-1404425058251673066,1,0.6646787772516045,2.487000256735337,14,100,100
585529813577875741,1,0.8227708930552521,2.327147511369122,8,100,100
590302661057746891,1,0.2668986612439333,0.9623168084676949,13,100,100
4524757958867400244,1,0.26391771513531526,0.8345810946950897,10,100,100
-5492865607001242055,1,0.7704339337764917,2.179116236118339,8,100,100
2676933026025436203,1,0.326943427403416,1.2662464494854038,15,100,100
3498405318419175614,1,0.44276157680592687,1.4001350431143087,10,100,100
4502276156767153726,1,0.6450282584587452,1.8244154224525113,8,100,100
1183158145815339182,1,0.34468310288835186,1.0899836761013542,10,100,100
-3488781042930377415,1,0.35484948353902085,1.0036659044439433,8,100,100
9050614256790855435,1,0.7235451910851851,2.1706355732555553,9,100,100
3847819964929522537,1,0.5653265243981289,1.5989848759461567,8,100,100
4995399413086756732,1,0.41517332405040624,1.1742874912152088,8,100,100
-6394146703561695264,1,0.9545622330386114,2.6999097121847027,8,100,100
-2751899933787425872,1,0.49355697679820754,1.3959899407837764,8,100,100
7052246976483497154,1,0.5047055340703824,1.427522822574182,8,100,100
3673743970141907080,1,0.41081755637533995,1.2324526691260198,9,100,100
7304359590063067942,1,0.27007839544933854,0.7638970594968372,8,100,100
-4967416600195818018,1,0.43614100627786756,1.233593052370419,8,100,100
-556859623571443406,1,0.788388416265922,2.2298991814022244,8,100,100
1359192087999943551,1,0.5093351271401615,1.4406172891892823,8,100,100
7782619313132802775,1,0.7356949751902555,2.0808596233675942,8,100,100
-3291352264106899007,1,0.7756591873599146,2.1938954850873698,8,100,100
-6983051012859049224,1,0.4434025418440011,1.2541317765329802,8,100,100
7301257267121269652,1,0.4206019574845531,1.189641985270654,8,100,100
7723812883120916036,1,0.7315404334445004,2.9261617337780015,16,100,100
-6789538515213171263,1,0.4216650603532936,1.2649951810598807,9,100,100
2710810910439429951,1,0.47706794656993173,1.4312038397097953,9,100,100
-5518232583666147910,1,0.6881133171073611,1.946278371005537,8,100,100
-4703782245960853258,1,0.3683114897695709,1.1049344693087126,9,100,100
273749561719772949,1,0.32968526225268774,0.9324907383845633,8,100,100
-862343620942968349,1,0.3872287583773906,1.284292499572995,11,100,100
-2594433194557324132,1,0.5548521919725661,1.6645565759176981,9,100,100
7971531198066546169,1,0.5942064873712737,1.6806697465810652,8,100,100
-116520978448109853,1,0.5455903871131877,1.5431626499117146,8,100,100
-2965865717638203577,1,0.7403115301154188,2.2209345903462565,9,100,100
-2523048426240777936,1,0.4444324490325114,1.3332973470975342,9,100,100
-2239703552449386394,1,0.5316536506900611,1.5949609520701833,9,100,100
3038488362368423274,1,0.6256861501987665,1.76970767880021,8,100,100
7901231295866069603,1,0.5716203710481272,1.7148611131443816,9,100,100
4728745745779987213,1,0.314398990809393,0.943196972428179,9,100,100
1743189826502415545,1,0.6700501050129296,1.8951878919576035,8,100,100
1366428485954427061,1,0.48925771199465845,1.3838297835969515,8,100,100
-3958603956139653885,1,1.034884638948295,3.1046539168448852,9,100,100
2559466785480758118,1,0.49274119586882464,1.558184475940636,10,100,100
-6823282172653559546,1,0.37772555900524224,1.0683692168003447,8,100,100
-4761713139484261685,1,0.42962705794131956,1.2151688242061314,8,100,100
-5041675912423680164,1,0.6288248125074918,1.9885186567520112,10,100,100
-1692986825207609425,1,0.6037466225214004,1.9092144568015361,10,100,100
-3100030359031904444,1,0.6539372598852545,2.067931188086864,10,100,100
4244890197561763044,1,0.7064898589408317,2.119469576822495,9,100,100
5866233315994958306,1,0.7007464981491515,2.1022394944474545,9,100,100
3461637012438966015,1,0.5973591261251041,1.689586755546925,8,100,100
-846321928275937158,1,0.8791068224645854,2.4864895822082667,8,100,100
-6583917335367788829,1,0.49677591454647585,1.6476193134363175,11,100,100
-3165787850653375658,1,0.4812927610157893,1.3613015002010442,8,100,100
4764693289913968006,1,0.3862350261031899,1.1587050783095696,9,100,100
8443066589371036269,1,0.36221676832396626,1.0866503049718987,9,100,100
-789808998822970700,1,0.5921069400715351,1.6747313300487967,8,100,100
4196557627369927541,1,0.4768091993752633,1.348620072841509,8,100,100
-3139883468441368051,1,0.661096140679918,1.8698622563641032,8,100,100
-721963817954444426,1,0.7545498553202936,2.5025587557143663,11,100,100
6881908606108859300,1,0.46470749705308473,1.3143912897378551,8,100,100
-5002407018930634101,1,0.5926553972543137,1.6762826012213299,8,100,100
1212202354660573074,1,0.5239529425095807,1.5718588275287422,9,100,100
-2580586614367053709,1,0.588411612794438,1.6642793661434407,8,100,100
1435073214538131137,1,0.7662865395773865,2.167385633868575,8,100,100
6870224624751266401,1,0.4450190213736727,1.2587038710813006,8,100,100
-3651575346589591807,1,0.6540841750880675,1.8500294226863263,8,100,100
-1328411681987356463,1,0.4055636326084627,1.1471071792803744,8,100,100
-5254922169995345621,1,0.851591541365899,2.408664614803726,8,100,100
6651556671754239910,1,0.5178687952727307,1.4647541476090231,8,100,100
-3034523934124194939,1,0.6497953611209853,1.837898824928841,8,100,100
-4658232423431390553,1,0.5283162923250772,1.5849488769752313,9,100,100
7369597677140822340,1,0.33028446977153,1.2358113260573598,14,100,100
-8507594317802501887,1,0.5124331808565017,1.6204560001515382,10,100,100
3310259831131017861,1,0.34992133306923295,1.0497639992076988,9,100,100
7513211077789090022,1,0.2480645180617192,0.7016324115728578,8,100,100
4113162180871500104,1,0.5782235331004169,1.6354631251877956,8,100,100
8329007430165668321,1,0.34106127688402255,1.2297139218805642,13,100,100
-7076565202867370417,1,0.31707304808024644,1.051612331616495,11,100,100
-3466421919945142093,1,0.4902096293254304,1.3865222123958227,8,100,100
5073612955177181309,1,0.5535022917428272,1.5655408955745915,8,100,100
-5675229556183651878,1,0.7202477420601677,2.037168250180176,8,100,100
5648908044182473401,1,0.4034161336568693,1.1410331349953236,8,100,100
-2395865168630331624,1,0.3823032330588341,1.2679563801959473,11,100,100
-7159364851137022193,1,0.5974854312498978,1.8894148315176222,10,100,100
-7538722915170603889,1,0.6987678973019302,1.9764140746306398,8,100,100
8164317202807136358,1,0.6440567747001462,1.8216676514384396,8,100,100
4094753781380372361,1,0.506335484031905,1.4321330172573314,8,100,100
-4395780804424920262,1,0.8416450273997643,2.380531624905244,8,100,100
-8294593905846250904,1,0.8027524877247048,2.270526910738038,8,100,100
6646785305069887702,1,0.5873131085163834,1.8572471225854064,10,100,100
-8450467725658266461,1,0.6490327504949718,2.052421767607887,10,100,100
9165899449381391091,1,0.48620750276962027,1.6842721956363358,12,100,100
1743662813158701365,1,0.4233136250931968,1.2699408752795904,9,100,100
5593333371629050584,1,0.5216441814538452,1.5649325443615354,9,100,100
5824383426145082257,1,0.6493522764300641,1.8366455921704796,8,100,100
3008195572142210876,1,0.2562680500183168,0.7688041500549505,9,100,100
-7683330708194242481,1,0.3417687186389564,1.0253061559168692,9,100,100
-614155097564319765,1,0.4288704212204909,1.2130287323813607,8,100,100
3778504433118961620,1,0.3262874040586999,0.9228801441026468,8,100,100
9197612494751665156,1,0.7492221321245659,2.2476663963736976,9,100,100
-5582287615284264990,1,0.3042305637555336,0.9620615153045557,10,100,100
9034648979547775429,1,0.5781723446252117,1.9175807312818829,11,100,100
-4368128632644259508,1,0.3601526722887915,1.0804580168663744,9,100,100
-5216048784243694961,1,0.6445213592817682,1.822981695070838,8,100,100
1697246317085361210,1,0.4556614268538696,1.288805139414037,8,100,100
-5881367720860464997,1,0.34851157450935993,1.1020903663810566,10,100,100
-4542731420219710794,1,0.7497563518356195,2.120631202482614,8,100,100
2866320602743774872,1,0.42307492304137717,1.1966365881301382,8,100,100
3352011571327009005,1,0.5479974350189618,1.4498649321614512,7,100,100
-1413725843955627404,1,0.4560386270952378,1.2898720228081835,8,100,100
-7648200374144536908,1,0.5684316987387426,1.7975388622530881,10,100,100
1806852723717576767,1,0.39155246290653883,1.107477606846031,8,100,100
-713577765105693239,1,0.5733519433366155,1.7200558300098465,9,100,100
6819161187660977543,1,0.5830082388153133,1.7490247164459398,9,100,100
-5435669214568774448,1,0.3778317955944024,1.1948090465094843,10,100,100
-1667815867529631544,1,0.4162007916254422,1.1011637901091342,7,100,100
7022851562501754658,1,0.5372423970044867,1.61172719101346,9,100,100
-8915348732544698298,1,0.2808065767700195,1.0875591953358001,15,100,100
6455931563852330492,1,0.3935824847476562,1.1132193756852746,8,100,100
1766407170342546202,1,0.5456951469261129,1.6370854407783386,9,100,100
2024940367009086843,1,0.5519034665644825,1.5610187350724345,8,100,100
6187642982740559203,1,0.641187353824587,2.02761244498197,10,100,100
2789989352771661360,1,0.31191379335820507,0.9357413800746153,9,100,100
3159713925575752924,1,0.6282403639999043,1.7769320863977494,8,100,100
-3698491174491998314,1,0.624869987392048,1.7673992217794785,8,100,100
-1153615171205776818,1,0.7144826213785989,2.0208620264669914,8,100,100
7824172122266337926,1,0.7048745774897425,2.1146237324692274,9,100,100
3995924295280471054,1,0.4729555843407149,1.5686162157614392,11,100,100
-3829373532071649119,1,0.4813876043955655,1.3615697577890058,8,100,100
-2050260440713216157,1,0.4560385416096604,1.2898717810184577,8,100,100
-1667067557245689564,1,0.4514367750470422,1.2768560196509984,8,100,100
-2738699732942368162,1,0.3916007486209742,1.23835029906932,10,100,100
-5366214851057276153,1,0.46565271187731144,1.2320012729501788,7,100,100
1913735541002776717,1,0.5520869411620045,1.5615376796007676,8,100,100
-1860159386795376796,1,0.5351350907605228,1.853762332220416,12,100,100
5509836927319337934,1,0.438397309092351,1.315191927277053,9,100,100
-4980848367042297652,1,0.44563054856030676,1.260433531163496,8,100,100
-3565007547240259543,1,0.6540884845660117,1.9622654536980348,9,100,100
-2540822501399275666,1,0.44060973376260226,1.3218292012878068,9,100,100
-6953233231888007275,1,0.519230540574489,1.468605744957512,8,100,100
578579142644842913,1,0.47098615876933164,1.3321500268431934,8,100,100
-3365247940379657408,1,0.5316945788692454,1.5950837366077362,9,100,100
8664979161994844724,1,0.49800344877786556,1.9287590634705318,15,100,100
-4887200502856444564,1,0.5086825025476405,1.4387713880895192,8,100,100
-4670358332103076641,1,0.4281682586509029,1.2110427167235565,8,100,100
-489092157278681694,1,0.6529392690719428,1.7275149271926482,7,100,100
-2804093176701755630,1,0.6022853927935413,1.8068561783806238,9,100,100
-779369765088713610,1,0.27444604653072746,0.9102345615388423,11,100,100
-734351787779911925,1,0.5476609378044843,1.5490190516501396,8,100,100
-3315920874493158573,1,0.5619748605877793,1.5895049391119338,8,100,100
6898313232331489738,1,0.5140895911527568,1.4540649441661364,8,100,100
-5497941721373096468,1,0.4581513350461037,1.5195160755483303,11,100,100
5225123567159175609,1,0.616976306696053,1.7450725211848408,8,100,100
-2428217092659826863,1,0.6139777897658735,1.8419333692976205,9,100,100
2872054955806177544,1,0.6678443399701104,2.1119092367573766,10,100,100
3592083183851378335,1,0.6356084977465774,1.7977723157455971,8,100,100
-6533106520309248330,1,0.4789083294384007,1.4367249883152022,9,100,100
-1743170915338625812,1,0.6138633131592772,1.7362676458262647,8,100,100
8019856802875012518,1,0.39244723457639924,1.1773417037291978,9,100,100
-7117946390866309452,1,0.6352977970978458,1.7968935216030486,8,100,100
7808771329016022727,1,0.553591523437252,1.4646654989283536,7,100,100
4747062138829996260,1,0.7853359032055134,2.35600770961654,9,100,100
8509343287673118292,1,0.47177784761315006,1.3343892610434083,8,100,100
-2528347804847749626,1,0.731485260802532,2.5339392733955126,12,100,100
-7368860195357042153,1,0.37554035786800144,1.0621885346307467,8,100,100
1364815488008156867,1,0.29708638718285135,0.891259161548554,9,100,100
-5759980429041998476,1,0.675992039483609,2.1376745249106777,10,100,100
-7568821590778557999,1,0.5668364190897422,1.963578954887677,12,100,100
1191609464091686039,1,0.5346478579001266,1.5122125034721647,8,100,100
7717860787073904567,1,0.4624186914284274,1.3079175698258028,8,100,100
-7453657122972309334,1,0.720495421539685,2.0378687935382858,8,100,100
3107489906727935728,1,0.3577068377076755,1.0731205131230264,9,100,100
-5572430132708246683,1,0.510209219170969,1.5306276575129067,9,100,100
-4281068146235841431,1,0.7314938365704399,2.6374385354405963,13,100,100
285555619353873738,1,0.5213335126605843,1.474553848248408,8,100,100
-5002851195086774671,1,0.669363019813646,1.8932445215429379,8,100,100
8431069704327897939,1,0.4444391118331222,1.3333173354993666,9,100,100
-730434141913483982,1,0.6101660815677848,1.7258102957064192,8,100,100
-2152753242731468670,1,0.49163537164117194,1.5546875526894568,10,100,100
7330886747848230058,1,0.590420053436862,1.8670721450988097,10,100,100
-5834195122914927471,1,0.505174816914545,1.4288501548997896,8,100,100
-1242637816883430141,1,0.7721231046874789,2.1838939329413076,8,100,100
-4205118723295953484,1,0.8093645544813757,2.141377331148308,7,100,100
-3294062939291324671,1,0.20781526100064981,0.719893181282625,12,100,100
-5868742368320163892,1,0.5801973877274199,1.7405921631822598,9,100,100
3379982049252536210,1,0.3045958355861912,1.1396932582016532,14,100,100
-7003965975186978781,1,0.8752501563981975,2.475581283295007,8,100,100
1444697416357018693,1,0.30216978628119795,1.1306158128989474,14,100,100
-8960718244082610472,1,0.48060343300240604,1.271557162968259,7,100,100
5526597853174678472,1,0.4836248715988347,1.3678977050320376,8,100,100
-4110584255830552569,1,0.5060685094941152,1.5182055284823455,9,100,100
1590194633735686902,1,0.8591946795615039,2.430169537109369,8,100,100
-1073593497073020048,1,0.5559623754526388,1.758107399788025,10,100,100
999298659147828123,1,0.943055430270177,2.829166290810531,9,100,100
-1805723724022117759,1,0.4196326535152907,1.186900379631868,8,100,100
3223605858827437025,1,0.5856970915321585,2.191477848943314,14,100,100
-8161132950728585685,1,0.493869955513006,1.3968751782701805,8,100,100
-7826935993409019947,1,0.5690060528577422,1.7070181585732265,9,100,100
-6636343077015437732,1,0.9079819566034181,2.568160794837226,8,100,100
4147710753685377315,1,0.4913359395865424,1.6295769576252896,11,100,100
-3717156884408871589,1,0.3761803036333642,1.1285409109000926,9,100,100
5907595453017515658,1,0.5331788205475524,1.599536461642657,9,100,100
4462973262047130060,1,0.7281014251193922,2.059381820374046,8,100,100
6007651025063758988,1,0.3102395076843694,0.9307185230531083,9,100,100
7683843760398734380,1,0.6131418568169495,1.7342270591383049,8,100,100
1021456703259204968,1,0.19843005946533934,0.7154497539956495,13,100,100
-2440880529397853239,1,0.5766406694214246,1.6309861106233583,8,100,100
-5187934608004567169,1,0.7271419553870957,2.181425866161287,9,100,100
2678561518878223114,1,0.9197870638076129,2.6015506802641073,8,100,100
2317398226199563365,1,0.5669876342505674,1.7009629027517024,9,100,100
5708528262744826713,1,0.6351377726862462,2.0084819896948187,10,100,100
843390795681175559,1,0.5547404160074854,1.5690428398285574,8,100,100
-2562529640480130802,1,0.8313195338266393,2.3513267188066247,8,100,100
-7054439184149183873,1,0.43079773327270576,1.3623020479794536,10,100,100
4345449801623056735,1,0.5506127674057956,1.5573680865621171,8,100,100
-2692892644207498581,1,0.47958505687461006,1.4387551706238302,9,100,100
-6011302305504056977,1,0.643612843872793,1.8204120254448428,8,100,100
4097607024188580887,1,0.5420358146600783,1.5331088007684641,8,100,100
4445027675533062218,1,0.9663103984739835,2.8989311954219503,9,100,100
-2320201487302125685,1,0.4014475811597844,1.3314509997027524,11,100,100
3942589005618937458,1,0.3067086019800568,0.8114746858035229,7,100,100
7219548267079288109,1,0.5482963099142243,1.5508161553596356,8,100,100
-5271918739472150011,1,0.6188137119835418,1.9568607772114244,10,100,100
235283426819514313,1,0.49689418934582413,1.6480115865679104,11,100,100
-3957033638617344488,1,1.0437842174614407,3.3007355129146476,10,100,100
-2951239564048090927,1,0.5185084548444184,1.5555253645332554,9,100,100
3786894427446067659,1,0.2723312528237666,0.770269102402854,8,100,100
-3142608052235883042,1,0.2289260660293423,0.7592618657514538,11,100,100
-1953038377290516285,1,0.5640641266093464,1.5954142757981447,8,100,100
-6951784192846327845,1,0.4754441630689899,1.2579070177777871,7,100,100
-2841277206184503954,1,0.4947106060303515,1.3992528969958724,8,100,100
4228922453149969389,1,0.6206330717944365,1.755415414777934,8,100,100
-6235564425149093132,1,0.6091333210804304,2.110099721388943,12,100,100
7350787202675599337,1,0.40033947070081105,1.2659845646808083,10,100,100
1962407227833824500,1,0.6648053806207577,1.8803535712249664,8,100,100
-7082971092567701577,1,0.5865029703460615,1.658880910071011,8,100,100
5292491096381215407,1,0.3496115424693405,1.105568770487804,10,100,100
-1198167833728655105,1,1.1933322853857167,3.157260458594964,7,100,100
2070301201845598902,1,0.6784608018499815,1.9189769350295378,8,100,100
-2628595655216872352,1,0.32002289008628765,0.9051614228597247,8,100,100
8826737883107834851,1,0.8042851408485499,2.2748619084063484,8,100,100
8537518710786035680,1,0.2996240436502995,0.9474944196846575,10,100,100
7010750485758352505,1,0.4519024783969305,1.3557074351907914,9,100,100
5930372271266160059,1,0.3789808761308794,1.1984427582197197,10,100,100
4088776451609124695,1,1.069835341400048,3.025951298627997,8,100,100
5594088437547362902,1,0.7439392366230552,2.1041779160276235,8,100,100
4331287058910655312,1,0.5284275882297207,1.585282764689162,9,100,100
-699835973391922418,1,0.3370628034235678,0.9533575759462123,8,100,100
8091368228771358334,1,0.3825521549719797,1.0820208917528555,8,100,100
-2753849164334768886,1,0.6898127122926122,1.951084986443164,8,100,100
-6962525919175122073,1,0.47120324799669056,1.4136097439900717,9,100,100
-6322448055368660344,1,0.5112570671867206,1.446053356549106,8,100,100
2357361054250948034,1,0.6285881439214133,1.88576443176424,9,100,100
-919273671499093678,1,0.450257914212719,1.2735216976908976,8,100,100
-6037160916238432042,1,0.4055130165311858,1.1469640153944562,8,100,100
5367234912284473211,1,0.6143392088613425,1.8430176265840275,9,100,100
-2878213498858985154,1,0.6458854302337187,2.0424690670563312,10,100,100
-6673630672536417550,1,0.5213279277482893,1.6485836595402903,10,100,100
9137671141568190005,1,0.5941642809391434,1.6805503687635892,8,100,100
7086150758781445627,1,0.8871242621725788,2.942258320047318,11,100,100
-7659541793563859498,1,0.7342624164776422,2.2027872494329266,9,100,100
5095294290873398556,1,0.6410027059122938,1.813029440438037,8,100,100
6247716390366998956,1,0.4897931556687247,1.3853442470084543,8,100,100
5330896459311745365,1,0.775493463696271,3.101973854785084,16,100,100
-5503085801401094112,1,0.3242170572047106,0.9170243189031908,8,100,100
4543030005091818249,1,0.39700231029096733,1.1228921030138757,8,100,100
8649190968921817161,1,0.5645375794558363,1.596753402671445,8,100,100
-3271383684526303196,1,0.5820369080724463,1.746110724217339,9,100,100
3898169661328247694,1,0.8506632300075515,2.406038953777566,8,100,100
-891160053019773245,1,0.6352127658758111,2.1067624064539356,11,100,100
-8337467543315793089,1,0.565585413265885,1.8758346027010377,11,100,100
-7045739806605498138,1,0.3240456784137529,1.3748093797233596,18,100,100
-709594254528282577,1,0.3688811471341936,1.0433534423618436,8,100,100
-815973486259654584,1,0.4642602260996626,1.3927806782989878,9,100,100
-856654977814579996,1,0.9599313054457995,2.7150957422159196,8,100,100
6521196501131848154,1,0.3783365258802545,1.1964051438168448,10,100,100
4512228232197696726,1,0.3245018429687606,1.0762508569062066,11,100,100
2123229000890320070,1,0.47616592091727505,1.34680060660217,8,100,100
7314660245166724122,1,0.39956173968250913,1.3251963711085406,11,100,100
-552467220318493319,1,0.44952237842846005,1.2714412883274782,8,100,100
7795297517310878088,1,0.44323840065625925,1.3297152019687777,9,100,100
921056222718366930,1,0.8187987962550024,2.3159127250371783,8,100,100
-6967243454366534486,1,0.5974665596011453,1.7923996788034358,9,100,100
-5849682761052784161,1,0.6727196735088021,1.902738571902697,8,100,100
-2531208165794657575,1,0.4718205064235181,1.3345099183797626,8,100,100
2027548876756782696,1,0.480711119841773,1.442133359525319,9,100,100
7151464228256231341,1,0.7823860461820487,2.212921915044232,8,100,100
-8348970255308627272,1,0.5529131749204078,1.6587395247612235,9,100,100
-764865219338891523,1,0.597058551195636,1.6887366012633989,8,100,100
-2498431943961521881,1,0.4905044284249686,1.3873560301653074,8,100,100
-2816736333133621568,1,0.4346880895787148,1.2294835833685387,8,100,100
-4259142869700725440,1,0.5756883466790672,1.5231281979907487,7,100,100
-3478913185664498582,1,0.5420926074970002,1.6262778224910006,9,100,100
-6121717581130525390,1,0.9111257853913979,2.7333773561741936,9,100,100
1506532557008636162,1,0.5528656957930872,1.748314838879927,10,100,100
3437373190177800504,1,0.416510150436765,1.1780686072274624,8,100,100
4787318214029353325,1,0.8665300082844918,2.4509169798383974,8,100,100
-6412371366930336495,1,0.4580835409386197,1.2956559125905738,8,100,100
5274128146858398555,1,0.5187337284951551,1.4672005481964225,8,100,100
-3074882867764621840,1,0.47198245374079245,1.4925395694559636,10,100,100
728164836213506959,1,0.8582152586764624,2.4273993165115746,8,100,100
-5255593851436639667,1,0.6696503901757822,2.117620468975915,10,100,100
-5596115448183486304,1,0.297087990898216,0.9394747167217354,10,100,100
6372034292713084966,1,0.40240818540948375,1.3939828450216456,12,100,100
334350341326221509,1,0.7780726678534912,2.2007218387804475,8,100,100
428182069593316118,1,0.821796684332683,2.4653900529980493,9,100,100
-6224444410374918568,1,0.5691337743795262,1.6097534050642301,8,100,100
-7730797950676435146,1,0.5756814855879469,1.9093194864496092,11,100,100
-735205915299783071,1,0.46573718433785216,1.3173036851840976,8,100,100
3107966618285041891,1,0.5198115607564012,1.4702491182000574,8,100,100
2274059735212125814,1,0.3487001945591661,1.0461005836774984,9,100,100
-7413366492145825965,1,0.4892247272327128,1.383736488601561,8,100,100
4590402614839296863,1,0.38460496509577036,1.153814895287311,9,100,100
7168847024304906874,1,0.48138789769117785,1.3615705873542714,8,100,100
7923788552985896476,1,0.5803086436204672,2.01024810964406,12,100,100
9131007611484664423,1,0.6641929298841155,1.9925787896523464,9,100,100
-7868308664705045749,1,0.6436604024664098,1.820546541461043,8,100,100
-4460458426541934495,1,0.6727887699958837,2.127544897370145,10,100,100
4120509786699224592,1,0.5750802228725208,1.6265725012777223,8,100,100
48201786616812074,1,0.7935408852564646,2.3806226557693937,9,100,100
-8125558423744512917,1,0.491527613653859,1.300459828249147,7,100,100
-5585539062729713596,1,0.30512925766331384,1.011999260228887,11,100,100
-2543832639490898155,1,0.4658923133362843,1.3177424562510978,8,100,100
-4708495366835015762,1,0.7258043768263113,2.052884786675044,8,100,100
839547190647856916,1,0.7121625915312118,2.0142999911164208,8,100,100
-6073060698944306604,1,0.5362597272615914,1.6087791817847743,9,100,100
-1101816830102559609,1,0.5992833492709143,1.7978500478127428,9,100,100
1697991866698030354,1,0.6814561444449904,2.044368433334971,9,100,100
9172003210839078510,1,0.4177952539454835,1.2533857618364506,9,100,100
4173788315033141060,1,0.3189188535678517,0.9020387360242701,8,100,100
1143317182563864432,1,0.3462203324507568,1.148282937531268,11,100,100
-5661814246170868732,1,0.451910904464107,1.355732713392321,9,100,100
-5687260239070204687,1,0.7637092281167768,2.160095896224467,8,100,100
-7699155550385264029,1,0.7739015316007042,2.1889240838620525,8,100,100
-1791617746471776604,1,0.5083189629793573,1.607445700869579,10,100,100
1132255060603629703,1,0.7879307778054804,2.228604784367384,8,100,100
1628596107015018290,1,0.8166656874988554,2.3098793823712582,8,100,100
5002177674935557083,1,0.38334004706007746,1.0842493871062042,8,100,100
-4741765110177366338,1,0.5100223347551192,1.5300670042653575,9,100,100
-5117259395353409701,1,0.8699481087093891,2.6098443261281674,9,100,100
5303797083874796107,1,0.5421568291248421,1.5334510813630886,8,100,100
8099376039148520174,1,0.5235730315466678,1.4808881642121878,8,100,100
-4596089979614359383,1,0.47641279114613017,1.7177307467642886,13,100,100
-1206353367988894834,1,0.42401332039099054,1.2720399611729716,9,100,100
-7952271381588721862,1,0.7499874931427819,2.121284968825442,8,100,100
-1840485140737537946,1,0.6151863209291816,1.740009676888912,8,100,100
4284218842143163598,1,0.44866807965145233,1.488063675613158,11,100,100
-8254162320629980052,1,0.3490927810244356,0.9873834909025957,8,100,100
-8429120076574204866,1,0.5829504068700049,1.7488512206100146,9,100,100
4984639696177617973,1,0.5642853065518483,1.5960398671469669,8,100,100
-3596864119554896100,1,0.45589918922346884,1.4416798213702524,10,100,100
6674713812958572957,1,0.6993649553541269,1.978102809820521,8,100,100
2320167713860853017,1,0.4735305259891843,1.3393465841031398,8,100,100
467753548392550573,1,0.4111189508928062,1.16281999220241,8,100,100
-984031559908419589,1,0.4167296989982791,1.178689584334048,8,100,100
6840588590829233547,1,0.6870600223470232,1.943299203535044,8,100,100
-7296640809726307172,1,0.8631071759040668,2.5893215277122006,9,100,100
-1379980274360163008,1,0.8188365489634537,2.715773597541254,11,100,100
5112432004742593961,1,0.4204406268539426,1.2613218805618278,9,100,100
-6161812391159648027,1,0.7857487857715957,2.2224331789127647,8,100,100
7742748478012048950,1,0.4205671078407015,1.1895434155926963,8,100,100
1845108029810209780,1,0.480418525201724,1.3588287879111174,8,100,100
8742357699829969144,1,0.5128990555031673,1.45069760084186,8,100,100
-4757645048713308877,1,0.5724104439571561,1.6190212261764294,8,100,100
248627124323809894,1,0.36094883854614224,1.020917485589542,8,100,100
7690680338973316466,1,0.30719164286099243,1.2287665714439697,16,100,100
6363908240105049107,1,0.24461178922668725,0.7338353676800617,9,100,100
-399904297417564257,1,0.40422483279791765,1.212674498393753,9,100,100
-896339680327350728,1,0.7229872498860376,2.168961749658113,9,100,100
6272317711834640943,1,0.9686031442481082,2.739623406305796,8,100,100
-2473369505599143245,1,0.3009531491707971,0.9981486752753922,11,100,100
-8979331750231622161,1,0.7987246226161875,2.5257890307255892,10,100,100
6247276791090366238,1,0.7084936688751999,2.1254810066256,9,100,100
-4190165118472617822,1,0.5005661871578516,1.6601902255414116,11,100,100
854575133086337386,1,0.8437799239724021,2.3865700242798202,8,100,100
5716270445893492703,1,0.3378252973182901,1.1702611580746807,12,100,100
-951555966450398753,1,0.6634224667805086,1.876442100208019,8,100,100
1308059343076269690,1,0.4020399535345019,1.4495756672538063,13,100,100
333347821126603867,1,0.5580680025644037,1.578454675906086,8,100,100
6255322062961303520,1,0.40737938131302204,1.1522428921680727,8,100,100
8725989674978215487,1,0.7688269810016722,2.1745710873018536,8,100,100
-5598368816383738699,1,0.656566061727886,1.8570492581789342,8,100,100
81507750979058751,1,0.9329028321396394,2.638647675176298,8,100,100
-3175379704786760890,1,0.47511891903580983,1.5024579435902905,10,100,100
-1453433699002081446,1,0.8098421310895519,2.142640880085524,7,100,100
2993156061787709447,1,0.5940180395522904,2.2226119855678026,14,100,100
5293961046798191591,1,0.4363905523906909,1.2342988753648036,8,100,100
8202099087603815014,1,0.6830931699461985,1.932079250604687,8,100,100
-2304570005584535812,1,0.7360738060098744,2.441280632543601,11,100,100
4774670197825298168,1,0.5925631873966392,1.676021792358714,8,100,100
2437989312777046205,1,0.6570515982296172,1.9711547946888517,9,100,100
-3098976541115711955,1,0.5137754327280765,1.5413262981842293,9,100,100
-1798939718483503364,1,0.42264119837784386,1.1954098295271292,8,100,100
-1561006643233470080,1,0.5909563443221858,1.6714769538217196,8,100,100
-239914617339746523,1,0.3556233171840483,1.0058546365155803,8,100,100
-8519116037607031043,1,0.5051631482171848,1.7499364776472226,12,100,100
-5060439860121431477,1,0.3887813889143951,1.1663441667431853,9,100,100
-3185193334828450771,1,0.7221069800001535,2.1663209400004604,9,100,100
7676157335611464046,1,0.32640269305596925,0.9792080791679078,9,100,100
5070278191949892542,1,0.6723209557281616,2.016962867184485,9,100,100
-2392489250290641062,1,0.5322285391680971,1.505369636747086,8,100,100
3241293540304774739,1,0.937686300141993,2.6521773658245102,8,100,100
9042468273101614955,1,0.42351060521820727,1.3392581257259268,10,100,100
-6209563940453260667,1,0.19544700532813952,0.6770482868310455,12,100,100
1343156258408643166,1,0.44455630351793807,1.3336689105538142,9,100,100
21711224931808467,1,0.5405297285072598,1.5288489458416277,8,100,100
6894065445392635143,1,0.2708172089129541,0.8124516267388623,9,100,100
5319306442779638492,1,0.5410931028848267,1.5304424092125248,8,100,100
-6937501514338801955,1,0.7358135962054022,2.2074407886162066,9,100,100
2407553833083496085,1,0.47343340857988214,1.49712789152953,10,100,100
4311434285303336123,1,0.35303119488995766,1.1163826609430625,10,100,100
-1202690655950173528,1,0.6134882870621411,1.6231374398174296,7,100,100
3386396471854597317,1,0.5971887538509043,2.153194673139878,13,100,100
-6180591630269631626,1,0.5502241481180327,1.556268905227409,8,100,100
7649283607790451795,1,0.7851133737249758,2.3553401211749274,9,100,100
-3866513169102281764,1,0.4955947494636697,1.5672082047257077,10,100,100
-1508452438241900034,1,0.4753330955446139,1.3444450207279584,8,100,100
-7384080954244831380,1,0.3811834885085949,1.0781497184030875,8,100,100
-1849311176379030041,1,0.5073190721323823,1.6042837683815832,10,100,100
-3162636642216724951,1,0.3725695575427752,1.1177086726283256,9,100,100
-4391788494478898345,1,0.6098209220040836,1.8294627660122507,9,100,100
-7715724854232633697,1,0.7499040576997632,2.2497121730992897,9,100,100
-2485598667173090693,1,0.7371884812515125,2.758306726319385,14,100,100
7611982559926503422,1,0.45558883535035644,1.288599819636474,8,100,100
-3880768033572145817,1,0.6971581427362109,2.091474428208633,9,100,100
6882796321146783221,1,0.5643214527258951,1.5961421039660966,8,100,100
1843098861750945163,1,0.3433202657654626,1.0299607972963878,9,100,100
-7323065802521980897,1,0.5285667251438223,1.6714747468306692,10,100,100
7100787166912641370,1,0.6215453331758546,1.8646359995275636,9,100,100
-2906544481519644931,1,0.796729549484017,2.390188648452051,9,100,100
-6875922264564318881,1,0.2864735497426292,1.1458941989705167,16,100,100
-2027364872727037389,1,0.5611047196483379,1.860973823171094,11,100,100
3739401685110727905,1,0.3947515592723129,1.477025087691781,14,100,100
4126222847636335096,1,0.393456857688193,1.1128640487026866,8,100,100
4286308669240489522,1,0.4404188623374178,1.2456926564850108,8,100,100
5758711110555281844,1,0.33844754730718957,0.9572742231074745,8,100,100
4181977697674012700,1,0.45727764007762267,1.6487379784230354,13,100,100
-6664859780770542635,1,0.3787637061642861,1.0713055403844627,8,100,100
-4823118674167326041,1,0.5907535761432143,1.6709034388042814,8,100,100
17917004926495302,1,0.911710985108882,2.883083280739924,10,100,100
-6345024689996077977,1,0.6874720851442422,2.173977616841011,10,100,100
-8548577310744413246,1,0.7219972502770932,2.394593978837439,11,100,100
2028304220498451413,1,0.37452563371428765,1.123576901142863,9,100,100
7203946678638803074,1,0.5632252572611376,1.5930415949795527,8,100,100
3532947027989803607,1,0.3559284297271104,1.0677852891813313,9,100,100
-6348557226159805139,1,0.32081275854703595,0.9624382756411078,9,100,100
-5385496299137866759,1,0.36259454031750016,1.0877836209525005,9,100,100
-7949246868204300421,1,0.5262104246954669,2.1048416987818674,16,100,100
-3376417024453940222,1,0.4229419912728743,1.268825973818623,9,100,100
8168354342932800437,1,0.7239796299707576,2.0477236231730007,8,100,100
8456093915121733838,1,0.7063576340310194,2.119072902093058,9,100,100
4379343111873524693,1,0.5948549499131556,1.7845648497394668,9,100,100
907287579079542483,1,0.48650672540524803,2.1206336513943684,19,100,100
-7219906740788477928,1,0.4240914059505671,1.3410947789068777,10,100,100
-6567890915955533963,1,0.46465613755665364,1.3142460231450361,8,100,100
5445666400731516960,1,0.7787384963060786,2.336215488918236,9,100,100
996089873313501927,1,0.6893663123679077,2.286369401235287,11,100,100
372021481961822917,1,0.3455005284007328,0.9772230661427742,8,100,100
6094837981592248819,1,0.35151228227684067,1.054536846830522,9,100,100
9305098256295858,1,0.5653643612020993,1.875101455946327,11,100,100
-4795649820336631411,1,0.3985025448902731,1.1955076346708193,9,100,100
-2186746481333247740,1,0.47774581372513986,1.3512692182741264,8,100,100
-7944023303516773862,1,0.2575936505252448,0.7727809515757343,9,100,100
6031977400415327548,1,0.5619583450976747,1.9466808108929945,12,100,100
-8516165589394220397,1,0.40402189189610144,1.2120656756883044,9,100,100
232664088259764773,1,0.2857590570174409,0.808248668010023,8,100,100
-5804250199614214468,1,0.38167539431270686,1.0795410381222579,8,100,100
48846074374210633,1,0.6879288684101569,1.9457566713072403,8,100,100
-8322241385044895415,1,0.3616298530389976,1.0848895591169927,9,100,100
-8952594815183624642,1,0.5967983331275322,1.6880005934212248,8,100,100
-7368632566626709730,1,0.3382999179683963,0.9568566642812233,8,100,100
8811588706140462516,1,1.0844127018971765,2.86908632777955,7,100,100
2212529696607863059,1,0.6837921919486109,2.267882135268221,11,100,100
9078613806020022049,1,0.28634515897201684,0.9919287276818406,12,100,100
-2390137217155304575,1,0.39158911215515885,1.2987541570070609,11,100,100
7852025594909115100,1,0.5860112462947917,1.6574901044265093,8,100,100
1475233524828090532,1,0.33180694611585376,1.2415079109172873,14,100,100
-6783056447845786711,1,0.5416739787425614,1.5320853742446519,8,100,100
-3411198887276146751,1,0.390116967578892,1.2938716058104272,11,100,100
-7076947808419414318,1,0.671752614131748,2.1242682848285366,10,100,100
4701094121253884727,1,0.4987997906801984,1.4963993720405953,9,100,100
-1476378614973384260,1,0.40623793647774625,1.2187138094332388,9,100,100
6987622395193413204,1,0.23293162356634517,0.8068988134128358,12,100,100
-7952610792160802203,1,0.6521921026497176,1.9565763079491527,9,100,100
2073855118607323381,1,0.6896574712019343,2.068972413605803,9,100,100
-1380188113581709272,1,0.3262575667430126,0.9227957514296273,8,100,100
247952406946273644,1,0.41984618652659944,1.2595385595797983,9,100,100
1541940825334827589,1,0.7426323775089929,2.2278971325269787,9,100,100
-4007892858123994793,1,0.8124745765815261,2.4374237297445784,9,100,100
-2385243005005605164,1,0.41701534596550127,1.2510460378965038,9,100,100
7306318843028600035,1,0.5360626687066441,1.516214192733703,8,100,100
-4978199217734470537,1,0.42420977465556486,1.1998464332182686,8,100,100
-349486878756927680,1,0.7998030080095452,2.262184522307792,8,100,100
3713506896404468831,1,0.6425341062325716,1.8173608946427555,8,100,100
-6577310853071469419,1,0.5128113060665344,1.5384339181996032,9,100,100
4438545148611283899,1,0.5275684873184817,1.4921890196929102,8,100,100
-43818388716095555,1,0.46856550393082347,1.5540559662423397,11,100,100
3657913243109150306,1,0.6581433185746557,1.974429955723967,9,100,100
2576360884323654666,1,0.4684375519906207,1.4813296058439036,10,100,100
5949899496736926062,1,0.2996112468426589,0.8988337405279767,9,100,100
-3995834414787583724,1,0.9287690544686007,2.626955586283862,8,100,100
8140188618801791444,1,0.7559164430408459,2.3904176807820106,10,100,100
7005793940609456224,1,0.424777849227042,1.274333547681126,9,100,100
-8528061011092062487,1,0.2680317968599126,0.8040953905797377,9,100,100
5290247190829252070,1,0.9966383764943997,2.636857291267343,7,100,100
-5639784830929073364,1,0.7014906616264504,2.104471984879351,9,100,100
3640130848431757388,1,0.30855261985456156,0.9256578595636847,9,100,100
-403791576847188204,1,0.45689234923898314,1.2922867136765492,8,100,100
-2217019760945074465,1,0.3903871432536214,1.1041815851307195,8,100,100
-6603560940861767509,1,0.21602048471471108,0.8366437397397299,15,100,100
-4584471942721330775,1,0.7175730955636482,2.0296032074803128,8,100,100
-5605094586322497262,1,0.6037769120575114,1.7077389953589603,8,100,100
2034649434096511377,1,0.8625474637900221,2.439652642964731,8,100,100
-6843012136725315531,1,0.4716153923550067,1.6337236423808046,12,100,100
8504183877526910857,1,0.36223792736001337,1.1454969053562665,10,100,100
-8394433977511663663,1,0.6640739602307909,1.9922218806923728,9,100,100
2453507254025677545,1,0.4784781011961194,1.5869323320692292,11,100,100
2637988720224148750,1,0.4135822987037992,1.2407468961113977,9,100,100
4818571790297253202,1,0.5536059300970848,1.5658340291069381,8,100,100
7690061488185475955,1,0.6702022127439126,1.895618117589799,8,100,100
-4263223632138607662,1,0.4852357945987179,1.534450313173578,10,100,100
2588554712273898837,1,0.674518844891147,2.1330158745618544,10,100,100
9185700153769362166,1,0.7527505155202706,1.9915906633423026,7,100,100
6374585340674666961,1,0.563217289321917,1.5930190582441328,8,100,100
-7381172007808126114,1,0.7767365013319347,2.1969425891476995,8,100,100
-7035191607963822076,1,0.7390757279253045,2.0904218361054667,8,100,100
7099980500777027535,1,0.6594478593995741,1.8652002128815672,8,100,100
-6039163408774633054,1,0.7066771717228653,2.120031515168596,9,100,100
1872581436537162380,1,0.6592937414522514,1.8647643014989495,8,100,100
-1623836438638865668,1,0.5537416980015197,1.8365534430453334,11,100,100
4342737678901283870,1,0.8760723088674401,2.47790668163969,8,100,100
-1855813955877414548,1,0.6891880249175432,1.9493181037270324,8,100,100
930768961838304913,1,0.5651811894576668,1.5985738066583803,8,100,100
-7888560722461179740,1,0.410120991971683,1.230362975915049,9,100,100
-5064042375502357342,1,0.5480542460614907,1.5501314953926433,8,100,100
-6128332590347145409,1,0.8168096595890217,2.310286596936291,8,100,100
7950949425400937886,1,0.41321187014924304,1.1687396617972197,8,100,100
-4750171220900682681,1,0.5572236493574035,1.7620958980804158,10,100,100
-3527267444546286817,1,0.4038856855469777,1.142361228297782,8,100,100
-8065353872855390085,1,0.5213731083120591,1.6487265330277732,10,100,100
4131677074838134463,1,0.400935227973005,1.3297517164220622,11,100,100
1269149644376103291,1,0.6441565199668922,1.8219497736564687,8,100,100
-1304534837288021208,1,0.5207926945771832,1.4730241837117632,8,100,100
8192816078384267476,1,0.6561738736802701,2.0750039819252666,10,100,100
2998594516170945525,1,0.3470252258768593,0.9815355618412824,8,100,100
3674999994561903668,1,0.8263320002821829,2.4789960008465486,9,100,100
-4654803661240064322,1,0.6723678242418405,2.1262137500159914,10,100,100
-3826592556544290900,1,0.4538007687025683,1.8152030748102732,16,100,100
-1495789972036918224,1,0.47411107067182184,1.642368925668948,12,100,100
6168574571147013221,1,0.6823571198841987,1.9299973866441555,8,100,100
-3686432972571177086,1,0.538354546161807,1.7024265545775688,10,100,100
7551113798822030177,1,0.53855735201512,1.61567205604536,9,100,100
3451063197127828878,1,0.4041039633752883,1.5650879202889036,15,100,100
-113665081102819464,1,0.5517509593798309,1.560587379614647,8,100,100
4964314130877584031,1,0.36141868457252774,1.0842560537175832,9,100,100
7723587357112890729,1,0.6973809390187193,1.9724911642015146,8,100,100
-755134703313103936,1,0.4486074322510591,1.418621261193024,10,100,100
7106176937462050869,1,0.7099248276642894,2.007970639096441,8,100,100
-5658794272112820669,1,0.6005705378672966,1.698669999627271,8,100,100
-8296655389634789847,1,0.36336235724009497,1.0900870717202849,9,100,100
-6551017258604993048,1,0.5027751319481754,1.508325395844526,9,100,100
9196142170571896502,1,0.4379528021569145,1.238717584979219,8,100,100
9136597326430419517,1,1.0088041151182552,2.8533289227560514,8,100,100
8211391677131267910,1,0.6005332291188511,1.698564474551177,8,100,100
-1118767648181009470,1,0.6616405519015545,2.3855789358073474,13,100,100
8805336423896295485,1,0.729398158387077,2.188194475161231,9,100,100
-1481491921227595833,1,0.43938670685172304,1.2427732799123161,8,100,100
8350331886779413888,1,0.27341376465144906,0.985807347868443,13,100,100
1928264166091827560,1,0.7098082827169864,2.2446108754384073,10,100,100
3185202019579234946,1,0.48607188540785623,1.5370942644611882,10,100,100
7874722061281066199,1,0.9479894390203537,2.997805825089619,10,100,100
-2988402199974941720,1,0.37570683877997274,1.0626594137579188,8,100,100
-926317950273625752,1,0.4401895803386256,1.39200167614373,10,100,100
-1211845149305026860,1,0.4388223403044914,1.241177010261827,8,100,100
5062898872956960161,1,0.5278065800914624,1.5834197402743873,9,100,100
5665893223556067692,1,0.38448384773933103,1.087484543972708,8,100,100
-7214972573560147397,1,0.7163329036325863,2.026095414982606,8,100,100
3506772758530306034,1,0.49039495915133796,1.471184877454014,9,100,100
-3898470216634323891,1,0.5301262493839853,1.4994234632976273,8,100,100
3693851478135714129,1,0.5168286881479259,1.6343558146643165,10,100,100
-6433936557969168964,1,0.9548534704514071,2.7007334559827947,8,100,100
7441433953116412520,1,0.370910098704588,1.1729207190643673,10,100,100
-2262969025519836586,1,1.181102171463064,3.340661418862756,8,100,100
-4063649803821825733,1,0.6148617326952668,1.7390916027237342,8,100,100
-7255691468685227580,1,0.5466918159493304,1.7287913165734508,10,100,100
-3524754768024762020,1,0.5025694603905647,1.507708381171694,9,100,100
2191558077023153856,1,0.4233158935638434,1.197318155692146,8,100,100
-4933463932359625931,1,0.63319631532609,1.6752799814352706,7,100,100
3363860247728509718,1,0.8650071790049009,2.7353928780524686,10,100,100
3987106899864752955,1,0.4400431746926142,1.2446300513600164,8,100,100
-693785275542981263,1,0.5192210053917907,1.4685787753881288,8,100,100
-2807674543711697544,1,0.6610184813836631,1.8696426027040873,8,100,100
-2352070246402942918,1,0.5563471010514488,1.5735872313878276,8,100,100
-3246680894463177836,1,0.5253941851386589,1.5761825554159765,9,100,100
-3269410672444798539,1,0.7676268144719596,2.3028804434158787,9,100,100
8717104455512587202,1,0.41335350538418403,1.4318985456242044,12,100,100
4313713758332464714,1,0.4218454995406546,1.3339925992399824,10,100,100
5110769170745727939,1,0.3497856232587356,1.1061192622791727,10,100,100
4713149479633689482,1,0.5398923516557269,1.870241967371124,12,100,100
-5787892507451449692,1,0.8427991274257524,2.3837959127234187,8,100,100
7389599618091152516,1,0.8614876632941383,2.7242631921457123,10,100,100
1367845673806967031,1,0.7506546103885442,2.123171861338742,8,100,100
-7045809083788656618,1,0.8075184537023526,2.422555361107058,9,100,100
8857957023667677443,1,0.4940901705582205,1.638711708344322,11,100,100
8821773735532765764,1,0.652793058405128,1.846377593239088,8,100,100
-593429979665084308,1,0.5540776986719803,1.837667831198559,11,100,100
5338558861671735656,1,0.367125741178833,1.0383884045427607,8,100,100
-6211944459713905202,1,0.3544137927184689,1.0632413781554066,9,100,100
3958671394041759188,1,0.4562082709382951,1.3686248128148852,9,100,100
5291638341062426817,1,0.7022861096489109,2.106858328946733,9,100,100
2643653786012002642,1,0.8445126788154689,2.3886425679537395,8,100,100
9153000116625783087,1,0.4716213989910613,1.3339467575170634,8,100,100
-3378180331924887840,1,0.28911743063171164,0.867352291895135,9,100,100
-6521688683007776121,1,0.49697508142165114,1.92477621382613,15,100,100
-6998420514670971621,1,0.7614053625289033,2.1535795803039566,8,100,100
7382734264274952140,1,0.5965545848792511,1.6873111692641773,8,100,100
4602227960543636998,1,0.3903865521798211,1.2345106727884056,10,100,100
3449254563628939314,1,0.669136875606891,2.007410626820673,9,100,100
5381539969369911815,1,0.5094463977817022,1.5283391933451067,9,100,100
-1310061835555761626,1,0.5630011856608865,1.7803660720637318,10,100,100
7237459341163029172,1,0.8550014208105502,2.418309210317092,8,100,100
4738566279903379334,1,0.31841036842167264,0.9552311052650179,9,100,100
-4154210318990712371,1,0.8759218285767445,2.477481059103747,8,100,100
4506370783619252594,1,0.4348035340210259,1.3044106020630777,9,100,100
6950579461255963919,1,0.6678168131490392,2.1118221893060474,10,100,100
-2545866292909033216,1,0.3805632493298507,1.0763954170860972,8,100,100
3238912129423293608,1,0.2508544039572725,0.7095234005147876,8,100,100
-7278064710344603466,1,0.3232638319285564,1.0721448387995316,11,100,100
-6362288865299468274,1,0.7838773670606569,2.2171400074689878,8,100,100
8012073121127853771,1,0.6567426604879182,1.9702279814637544,9,100,100
-6842989813529257155,1,0.6105979250931106,1.8317937752793318,9,100,100
-963872017918043146,1,0.5432056498458099,1.53641759433927,8,100,100
-7743507218649661757,1,0.990394947477688,2.8012599336574713,8,100,100
-5420261532904111459,1,0.3859482950812003,1.0916266265572137,8,100,100
-5527347701597533393,1,0.7419978242741055,2.2259934728223167,9,100,100
-3317879531188676573,1,0.3899276662684772,1.1697829988054316,9,100,100
-5429200494790410400,1,0.5626385582601494,1.5913821596110962,8,100,100
-4317421942887513339,1,0.5460491610797026,1.6381474832391079,9,100,100
-3154420706360314079,1,0.587583526103935,1.6619371832863812,8,100,100
3315539576033894546,1,0.4613880496958624,1.7263560043137458,14,100,100
698321316511605871,1,0.47414025736599247,1.4224207720979773,9,100,100
-4168132989038979379,1,0.6941633230475063,2.195137168981375,10,100,100
6128585213196811248,1,0.7601214971866351,2.0110924477499195,7,100,100
5389355473233177930,1,0.6164336731255298,1.743537721675175,8,100,100
706472480901161359,1,0.8780135681250032,2.483397391979946,8,100,100
-6322480444393542175,1,0.44108769511976437,1.323263085359293,9,100,100
-2312560171948772413,1,0.8089840174553738,2.288152338456925,8,100,100
-6928058632529597738,1,0.7325821830727166,2.072055317708651,8,100,100
-4197100346635131711,1,0.5101088957240336,1.5303266871721009,9,100,100
3867556593480725696,1,0.2940013871455614,0.8820041614366843,9,100,100
-6545653285391920340,1,0.5047351745825549,1.6740171925848624,11,100,100
-8519607163124001781,1,0.5692421002644799,1.7077263007934396,9,100,100
-5888892519760513244,1,0.6990933142913397,1.9773344928703387,8,100,100
1321155863844427047,1,0.5679857168490673,1.7039571505472018,9,100,100
5081785069639988138,1,0.46999449934091997,1.3293451904173634,8,100,100
4776485803340846876,1,0.5068517739540467,1.4335933056773502,8,100,100
-4050773869687775665,1,0.6794768532543544,1.9218507623818026,8,100,100
2236611299165810077,1,0.2657448902637725,0.751640055884754,8,100,100
-8458334211040183051,1,0.8286372119711716,2.3437399669133203,8,100,100
-6421076882425591887,1,0.5551236467405501,1.9230047212750998,12,100,100
7023125231340132393,1,0.8892285971546339,2.8119877275649663,10,100,100
-4887014745220882688,1,0.40511087404917057,1.1458265846903115,8,100,100
8873596184862463254,1,0.40252504947285045,1.1385127683188123,8,100,100
-4817156562472137489,1,0.40343600535975677,1.5095193095449053,14,100,100
8530570283282157626,1,0.6495592020317831,1.9486776060953492,9,100,100
-8650445905489612979,1,0.3439520171002958,1.0318560513008874,9,100,100
3854196735115526472,1,0.551543427379925,1.6546302821397751,9,100,100
769223825795326523,1,0.4324511692931045,1.2231566173568236,8,100,100
1579280082339735252,1,0.482616678991349,1.3650461057140564,8,100,100
-7371006478540057289,1,0.6521156923282103,2.062170885694736,10,100,100
4395440384694967885,1,1.0571305508578255,2.9900167244441556,8,100,100
1285927484899081721,1,0.5741244494060199,1.6238691656799584,8,100,100
-3069185867499991159,1,0.38927744896136846,1.1010428956943352,8,100,100
3655928244334529386,1,0.39127484468212465,1.173824534046374,9,100,100
4151457444320734787,1,0.4958199881092888,1.4023907033596459,8,100,100
-8921767994247634359,1,0.3872920823050387,1.2247250998333172,10,100,100
2666416941026712277,1,0.5208242118135702,1.5624726354407106,9,100,100
-5042503463012924544,1,0.29032570394304086,0.8709771118291225,9,100,100
6320463931557286004,1,0.3968532388981139,1.1905597166943418,9,100,100
-4863280281337103599,1,0.522785990970138,1.568357972910414,9,100,100
-973768972293458408,1,0.5140871596592774,1.5422614789778324,9,100,100
7288806806555332421,1,0.42208762560807433,1.193844089289592,8,100,100
-5347400977984670880,1,0.5433812610472996,1.6301437831418988,9,100,100
-8198024409254222606,1,0.6077892931282819,1.8233678793848458,9,100,100
-1880624250486497751,1,0.4136768305213078,1.6021634753208933,15,100,100
-7847710371817250873,1,0.4663541285697867,1.39906238570936,9,100,100
-4107178556801982066,1,0.4457917141163303,1.3373751423489908,9,100,100
3901997649930400184,1,0.8703954087177987,2.4618499832719687,8,100,100
-2961903832770685721,1,0.3727371091454459,1.1182113274363377,9,100,100
-3772606997880818754,1,0.3586155949755614,1.1340420845792096,10,100,100
241540083240464273,1,0.404749625960837,1.2142488778825111,9,100,100
2714015286907845703,1,0.9507303423790064,2.6890714887040144,8,100,100
-4426997276432627994,1,0.2009656022910308,0.5684165606609066,8,100,100
4711964679423882071,1,0.6070263040909992,2.102800800432732,12,100,100
2378825265470042129,1,0.7343634054689508,2.2030902164068524,9,100,100
-3375470478225199655,1,0.5729038038695805,1.7187114116087416,9,100,100
-3565334264051618857,1,0.4009509561940099,1.134060560192059,8,100,100
-8224968218351630757,1,0.3709392770691134,1.2302664020439318,11,100,100
-7850653210623658035,1,0.4678984886834356,1.4036954660503067,9,100,100
8847272133883821040,1,0.5297019289133061,1.5891057867399183,9,100,100
-6258942844846177499,1,0.5952352917434176,1.6835796447732942,8,100,100
5813818692312765241,1,0.2671573173292718,0.886060581579107,11,100,100
7856244348835737859,1,0.5004751934416692,1.415557612393014,8,100,100
-3777299648097192536,1,0.3545516546867014,1.002823517239511,8,100,100
7450394370802737168,1,0.8760715246918542,2.477904463656192,8,100,100
-6435184488647621900,1,0.48508667125116267,1.3720322988196265,8,100,100
357726708731665296,1,0.8324834182873233,2.8838071538645154,12,100,100
-3604338158223366436,1,0.6168951775260643,1.7448430532398365,8,100,100
3140262350474129938,1,0.5503826255112468,1.556717146985035,8,100,100
-1455293200713438709,1,0.6079447465795227,1.7195274115724706,8,100,100
1242902672434324284,1,0.5963026145956395,1.6865984896793802,8,100,100
-2093895256462600547,1,0.512185178546197,1.4486784518930342,8,100,100
3599846812511274113,1,0.8915502953251804,2.819329581823339,10,100,100
8664023792994860500,1,0.6508168072522008,1.840787910872838,8,100,100
250456880593984394,1,0.5837046708887512,1.650966123982792,8,100,100
8962049208717948183,1,0.49027386576333726,1.3867039004791957,8,100,100
8258378547378802301,1,0.5817955498868561,2.0153989040430162,12,100,100
8911050563402729850,1,0.4994275475647653,1.4125944223776503,8,100,100
7740207236512815474,1,0.32665107338560245,0.9239087562912963,8,100,100
-7374422514970076718,1,0.37743116716960123,1.067536550947114,8,100,100
1980275350870803148,1,0.8803639233516523,2.490045200455789,8,100,100
-6273940965346165388,1,0.7615997155608671,2.15412929369134,8,100,100
-296985079707004611,1,0.30794538728194754,1.1103128838876781,13,100,100
6119697984879060461,1,0.773134874319197,2.1867556496116536,8,100,100
-3565845390478727595,1,0.4527565495634501,1.4317419221794159,10,100,100
9190907501129039633,1,0.2306557582846208,0.6523930032111223,8,100,100
-3796362524967674117,1,0.9702461684933135,2.7442705806475503,8,100,100
3809514327040677292,1,0.4815758589188777,1.3621022219890984,8,100,100
-4546806507424732896,1,0.49829994835938346,1.5757627947599355,10,100,100
3664042723688763263,1,1.001008088178504,3.1654655148947426,10,100,100
-3670899184380836244,1,0.4670635879396798,1.321055321109868,8,100,100
6140341131007172396,1,0.6834163823555585,1.9329934333503753,8,100,100
5190477093639869123,1,0.3674466531643678,1.0392960807073035,8,100,100
1729472939342041618,1,0.5746737315521675,1.6254227702012611,8,100,100
8410563694605818941,1,0.47165884609720465,1.3340526739278225,8,100,100
-386551482071506281,1,0.5956273589752088,1.6846885783664167,8,100,100
5050222917609920032,1,0.7215096272073793,2.0407374003588634,8,100,100
-7755369126793659720,1,0.6017372641627726,1.7019699999285498,8,100,100
682973214597984107,1,0.5130543514177174,1.4511368440189358,8,100,100
-5262266930523233451,1,0.5254153709644271,1.4860990869943678,8,100,100
7473141444326393053,1,0.43917123134124453,1.2421638231337602,8,100,100
4973024150467911072,1,0.5905902492090255,1.67044148047342,8,100,100
5034120986821741302,1,0.6285791648103918,1.777890359800018,8,100,100
4785482563925203528,1,0.3726687267786275,1.1180061803358825,9,100,100
6729242865509391554,1,0.5944071467675119,1.6812372970602205,8,100,100
1210583257638707581,1,0.42447145397382496,1.2005865741000206,8,100,100
-3900861776452561914,1,0.5153766681634783,1.4577053476948982,8,100,100
4245916523954435715,1,0.47572361183433676,1.5777967243671707,11,100,100
5928454333133371093,1,0.6224953475680634,1.760682726089818,8,100,100
-2140513526687384407,1,0.4079712856547198,1.2239138569641594,9,100,100
2843558744781827565,1,0.6287931302200191,1.8863793906600574,9,100,100
-8712562654769221635,1,0.37486140127363105,1.3515820034843586,13,100,100
5492453899314699641,1,0.5040425301861705,1.4256475644042652,8,100,100
1327225199176722517,1,0.45807379168377277,1.3742213750513184,9,100,100
7093137547980550664,1,0.7269001785503373,2.055984181994623,8,100,100
-77924805361858553,1,0.8648254512812473,2.446095764574745,8,100,100
1004006460920509263,1,0.31664025258463757,0.8955938791968739,8,100,100
6853824858817059358,1,0.3857367470674367,1.2793440578749111,11,100,100
971335395612780691,1,0.6354993705883254,1.797463657531151,8,100,100
8006049774412973787,1,0.3123832788971125,0.8835533393497471,8,100,100
-8901698354024630837,1,0.4319780099072244,1.2959340297216733,9,100,100
5692451319555797569,1,0.4912740862194524,1.4738222586583571,9,100,100
4885497936410436865,1,0.31128137219179763,1.0783103041719027,12,100,100
8080319009856354087,1,0.5784320573724737,1.6360529208950492,8,100,100
1542746918529506683,1,0.4987046412252189,1.4105497344782263,8,100,100
-1510428808570483109,1,0.35510009009071225,1.0653002702721368,9,100,100
-6604032244446778670,1,0.7179867419143383,2.030773176038657,8,100,100
7515109553747765746,1,1.1475551436649107,3.245776095483845,8,100,100
-8416492612659573101,1,0.5350744227566476,1.692053893610838,10,100,100
8958480620728079372,1,0.5959054210437408,2.307931771617127,15,100,100
-4980098998937027896,1,0.4235642805148262,1.1980207000817387,8,100,100
462688064819321820,1,0.7514982434207212,2.125558015890283,8,100,100
-8774525622025853474,1,0.764360530893967,2.02230787673874,7,100,100
-2575122770085570,1,1.0004926407467403,2.829820523197026,8,100,100
-878991091569969359,1,0.3575872399567095,1.0114094489566818,8,100,100
-5298122863468395486,1,0.5403443148769228,1.7087187557342816,10,100,100
6876243425803337454,1,0.557188491961674,1.5759670442608231,8,100,100
6652192529584986350,1,0.47506256309573497,1.4251876892872049,9,100,100
-6450242033282273641,1,0.4720600112991307,1.4161800338973922,9,100,100
1541518155925432107,1,0.4932122248943723,1.4796366746831169,9,100,100
3759958152169847056,1,0.1832313177781018,0.7096518422582273,15,100,100
-1824219842431481601,1,0.7942598942543835,2.1014141565495583,7,100,100
-2700114493716972956,1,0.48482108390991363,1.454463251729741,9,100,100
2456685168061071055,1,0.4058011939891168,1.283256050221439,10,100,100
6230385006953472147,1,0.62371529614085,1.7641332617238827,8,100,100
-2446826397581980315,1,0.8214673571193383,2.464402071358015,9,100,100
588108637536179222,1,0.42580645994554467,1.277419379836634,9,100,100
250933998030793781,1,0.4720193848908239,1.3350724316312184,8,100,100
3021348180071081336,1,0.39598278776138635,1.120008457836919,8,100,100
-4037777884692577711,1,0.6067482553569297,1.716143223343968,8,100,100
-110722903692008432,1,0.5202133385152116,1.8020718661667479,12,100,100
-2222860202152464834,1,0.40225403562358314,1.2067621068707495,9,100,100
-4470381785901370047,1,0.4765406469693577,1.5069538420733863,10,100,100
1800718318107732448,1,0.5587749058205042,1.7670014017388707,10,100,100
602578092594198925,1,0.5466860138940415,1.5462615504172794,8,100,100
-4060612579778131890,1,0.4241099026282944,1.1995639524673334,8,100,100
-6509191780610125469,1,0.5643004991434623,1.596082838285183,8,100,100
-8147209475743816379,1,0.4337007036042652,1.2266908340958116,8,100,100
-2136023484365544886,1,0.3093012704560389,0.9279038113681167,9,100,100
-1512401860971115872,1,1.2110604336489061,3.42539618023945,8,100,100
-8615618122530573491,1,0.6210939175811331,1.8632817527433994,9,100,100
5491898328495714208,1,0.512676560188308,1.538029680564924,9,100,100
-1124833489788918408,1,0.8321173273422374,2.201575509775288,7,100,100
8772597222478204113,1,0.41226060110842866,1.166049066639249,8,100,100
2760296666042268566,1,0.38581650220185176,1.0912538600024158,8,100,100
4633084837104094099,1,0.7722272966818886,2.441997128869356,10,100,100
-6861678887027436362,1,0.2645257020430608,0.9163439116928153,12,100,100
2312587790277175825,1,0.4419633868304705,1.3258901604914115,9,100,100
-4429472058957083548,1,0.37504634429171496,1.2991986470124401,12,100,100
6693314673223715568,1,0.6742389005334409,2.0227167016003227,9,100,100
-2302335225544175704,1,0.9213671195837305,2.6060197528798903,8,100,100
4972333917294422959,1,0.48877379716772273,1.3824610657743797,8,100,100
-2039450801269089898,1,0.44031942700293675,1.6475244365856074,14,100,100
-6768807302554632882,1,0.38944951199573247,1.3490926835190271,12,100,100
4154917572866777188,1,0.5676362525259487,2.1239003772643943,14,100,100
23680804604775649,1,0.7798256883055866,2.33947706491676,9,100,100
139970978124641960,1,0.703454983936251,1.989671157603188,8,100,100
6631372028917370846,1,0.7479244599351981,2.1154498297418596,8,100,100
-1852293779807621393,1,0.5383030660853948,1.6149091982561845,9,100,100
-8891749477277853901,1,0.5099275354400907,1.3491414454385555,7,100,100
-1719909922327411417,1,0.34079721028394283,0.9639200736049351,8,100,100
-2595839606955204568,1,0.39899202751638896,1.1969760825491669,9,100,100
-921336021274993239,1,0.39591685687151473,1.1877505706145441,9,100,100
1972828565194902332,1,0.6433673316460762,1.81971761200334,8,100,100
7349735963320737532,1,0.33340623449010154,0.943015237191292,8,100,100
-8332675314510267957,1,0.39460645204283257,1.1161155925578043,8,100,100
1448965645614087301,1,0.3944018248071703,1.626160382616315,17,100,100
4307546783267761148,1,0.5492222772172968,1.5534351863962736,8,100,100
8817671608181919833,1,1.007912891603428,3.0237386748102835,9,100,100
-1273401981945701413,1,0.4612929348189127,1.304733449295589,8,100,100
3405446755142568628,1,0.38103797828982766,1.143113934869483,9,100,100
-3860546826150620994,1,0.34201781234481965,1.32462929131778,15,100,100
-3737874650573307655,1,0.3535357779811483,0.9353677481018632,7,100,100
5766060011501306052,1,0.8352269407677637,2.3623785345863224,8,100,100
6577639057671420062,1,0.8730931845789015,2.469480445693997,8,100,100
2504865654386285253,1,0.3077778933308459,0.9732791563738205,10,100,100
-358755208393920404,1,0.3385208375132581,0.9574815191142969,8,100,100
8993868762534752415,1,0.5329936896089719,1.5075338090085677,8,100,100
7925315648567379009,1,0.6369681598870585,1.8016180210242245,8,100,100
8566220992624883279,1,0.8295429803153478,2.3463018666667246,8,100,100
7811410290960968332,1,0.2398922509478264,0.7956325865077197,11,100,100
-6554440963498404785,1,0.4283677193796417,1.6590610432102044,15,100,100
2655187957254316594,1,0.7183428660998309,2.271599597808821,10,100,100
7154767272587446107,1,0.5051413585852575,1.8900658957155532,14,100,100
-8734409590580710452,1,0.638811908970078,2.020100628785594,10,100,100
5900604616817900244,1,0.5302108594635346,1.4996627767416517,8,100,100
2564610926375275235,1,1.0074606828421548,2.8495291224660693,8,100,100
7068678329742340816,1,0.6565582333621155,1.8570271162168466,8,100,100
3334567348890686429,1,0.5376999048029514,1.6130997144088541,9,100,100
-8039778774066342260,1,0.6297432443995805,1.9914229934067496,10,100,100
-2384929737129496468,1,0.4124795540253514,1.304374878970585,10,100,100
-7070703772322601463,1,0.7034415950345725,2.1103247851037175,9,100,100
-571534834445825912,1,0.4789047528875055,1.354547193236892,8,100,100
-8324176559789817983,1,0.40577939479443764,1.1477174468996805,8,100,100
-1661838253844682287,1,0.5285844464573316,1.495062586078867,8,100,100
-1639610441831921944,1,0.36880983586416194,1.043151743631386,8,100,100
5906869128788985489,1,0.3253359525443546,1.0288026147806126,10,100,100
6505894039846926311,1,0.6517082903062352,1.9551248709187057,9,100,100
-1720862159368729327,1,0.4145439199679562,1.1725072676359811,8,100,100
-6811924826520944477,1,0.8939602799756756,2.5285015043288994,8,100,100
-282218444576762954,1,0.3001812950099701,0.9005438850299103,9,100,100
-585710762807117745,1,0.6158296798044451,1.7418293705826537,8,100,100
3729283569772351281,1,0.8284434611121255,2.4853303833363767,9,100,100
7351742368767400341,1,0.32084265240808313,0.9074800608465359,8,100,100
7136818179841982223,1,0.8899324227877716,2.517109003804028,8,100,100
5890810506121586095,1,0.5188107525534748,1.4674184051322319,8,100,100
6028086841925053347,1,0.6117083910498448,1.8351251731495344,9,100,100
-4403938998442996086,1,0.3643374591298955,1.1521362077689785,10,100,100
3872048648182590721,1,1.0677466664858233,3.2032399994574696,9,100,100
-8697814873007712882,1,0.5377877174026057,1.6133631522078171,9,100,100
-3138838087189333298,1,0.5448525004338001,1.5410755912127454,8,100,100
7855768671418643476,1,0.47632380900737625,1.4289714270221288,9,100,100
-5285034596636230066,1,0.40999265389842193,1.2299779616952657,9,100,100
1158437731533156206,1,0.42249084853454455,1.19498457595214,8,100,100
5634464892410080253,1,0.36018256877166627,1.194590436641997,11,100,100
6430628656663650693,1,0.4622509799409243,1.2230011362195923,7,100,100
-7909510602534807826,1,0.5732266832291569,1.719680049687471,9,100,100
2199548899379299169,1,0.6441424657228179,1.8219100222513112,8,100,100
-6632457923145848066,1,0.3138648126082694,0.992527685224065,10,100,100
-919216641479568608,1,0.5354335803345863,1.5144348621183124,8,100,100
6793485917691782246,1,0.4316000768402313,1.22074936437745,8,100,100
-7395463863083797897,1,0.4885501324159334,1.4656503972478003,9,100,100
2245515839890697397,1,0.6071441249999132,1.7172629117800462,8,100,100
-1039382751770503470,1,0.5020643575946762,1.420052447389053,8,100,100
-8852251040893984869,1,0.566759734997891,1.6030386076819976,8,100,100
225040531857678770,1,0.44572022445650433,1.2606871729007372,8,100,100
7556468825371567943,1,0.3654709608686572,1.0964128826059716,9,100,100
2105373924458178560,1,0.5875545958673132,1.858010772640465,10,100,100
-2097461447119023692,1,0.5157253930326637,1.458691690573976,8,100,100
2865670302340453378,1,0.3566610619846952,1.0087898220582943,8,100,100
-3288372769468718938,1,0.5786916352329525,2.0865023635145135,13,100,100
-8791189758516265195,1,0.5377919687514545,1.7836541756151107,11,100,100
-8681664094576551820,1,0.34901730372561773,1.2090314055469367,12,100,100
-8965312193856844492,1,0.5137863170921473,1.4532071555868766,8,100,100
-3320254591904988930,1,0.7617314016899294,2.154501758310732,8,100,100
-5885340142721287836,1,0.3087883985524552,0.8733854822727015,8,100,100
-8170213862550956619,1,0.4251498918749792,1.2754496756249376,9,100,100
-2579623446306440548,1,0.5403963542846838,1.6211890628540515,9,100,100
-9023613379547511043,1,0.40548274096908654,1.282249013350384,10,100,100
-7968527484942728424,1,0.6410908345066358,1.6961669159074242,7,100,100
-445887180847834474,1,0.6595460241161353,1.8654778646285821,8,100,100
-6685383166330936061,1,0.574927702170029,1.724783106510087,9,100,100
-7065468119610642639,1,0.4051473411779709,1.145929729306572,8,100,100
-638123212120077391,1,0.6022183165531569,1.7033306215579367,8,100,100
-7181515004922374639,1,0.41717630394794813,1.2515289118438444,9,100,100
-6601274918141599205,1,0.39989195059520527,1.1996758517856159,9,100,100
-4726990504498781214,1,0.8140220070138026,2.302401924778173,8,100,100
-2847724878961055818,1,0.39119249356296554,1.4637082831903876,14,100,100
2997608422827523290,1,0.8657190487357277,2.597157146207183,9,100,100
-8483348517773985255,1,0.5822086334361981,1.9309675868134344,11,100,100
3584340777342290443,1,0.32333268743858345,1.165792583593384,13,100,100
-5353911197631877293,1,0.7285834181189685,2.0607451024479855,8,100,100
3190922683222211432,1,0.4417015103637513,1.3967828186859228,10,100,100
-9075529844627814010,1,0.3223906700047774,0.9118585158066104,8,100,100
-6856473578805789283,1,0.27997951503276297,0.9285870003493439,11,100,100
7621055511441744592,1,0.4583992267906919,1.520338239453756,11,100,100
-1908908485233038788,1,0.7162271446456772,2.0257962833953465,8,100,100
7515689879528202178,1,1.151187883705879,3.256051035952871,8,100,100
-1921333925726657351,1,0.5408479980557166,1.5297491480654637,8,100,100
2969293479624283866,1,0.3562230488488077,1.126476189411654,10,100,100
6227270225685397237,1,0.4064572344811562,1.1496346670558248,8,100,100
6700167348400249761,1,0.44693819579029576,1.264132116058396,8,100,100
8428396066837466932,1,0.6610965379347871,1.9832896138043612,9,100,100
-1819271319011234484,1,0.5951372652245039,1.7854117956735118,9,100,100
-8384487064368862877,1,0.3597767148885599,1.0176022192428793,8,100,100
-8085297306682957042,1,0.4336746858747141,1.3010240576241423,9,100,100
-2351070171731538296,1,1.0121226515100643,3.036367954530193,9,100,100
-964941354990822170,1,0.41976568132689157,1.1872766391025456,8,100,100
-4345662886199301326,1,0.3439416439216667,1.0318249317650001,9,100,100
2573747801405167575,1,0.5082477879153389,1.4375418294319935,8,100,100
-6619633047929630072,1,0.5659385507610453,1.6978156522831358,9,100,100
3841769385942995681,1,0.45700468078093054,1.2926044352567578,8,100,100
2207434584077793445,1,0.4124407090612901,1.3042520404085238,10,100,100
-9060199458028301701,1,0.6316738664310598,1.8950215992931794,9,100,100
-5435590982348922394,1,0.5005382161538797,1.415735867541705,8,100,100
1359479012528392432,1,0.5355404413825127,1.7761867041271142,11,100,100
-4393432744035945245,1,0.6496605475031402,1.9489816425094206,9,100,100
-4348312964146768961,1,0.47217564941825085,1.2492593435011117,7,100,100
6188463941905308336,1,0.6920325873253873,2.1883991910075955,10,100,100
-6858215091184061993,1,0.30182366867766475,0.9544502447694418,10,100,100
3811340710249019501,1,0.5735594226105203,1.902281399771981,11,100,100
985137597541372809,1,0.6569395197155511,1.8581055568811995,8,100,100
-408632554734885577,1,0.47144464443625694,1.3334468201398322,8,100,100
3541441020640345593,1,0.894187900929955,2.529145313610144,8,100,100
-5561831123195989221,1,0.5212784163681293,1.563835249104388,9,100,100
6352567363791561132,1,0.6361105207625777,1.7991922512612992,8,100,100
6434663970099609992,1,0.24136620577787435,0.8702582310963185,13,100,100
-2640391903130954106,1,0.774605103482635,2.1909140856571145,8,100,100
7500140943079466142,1,0.7648569036242345,2.536743367634607,11,100,100
-5315930800978349408,1,0.8560212172866932,2.5680636518600797,9,100,100
-8722568480311758039,1,0.3114816987741306,0.9849916175847299,10,100,100
7461120529597114970,1,0.40779952391728824,1.1534312349062408,8,100,100
8999376748915617050,1,0.9719092968062044,2.5714302962608797,7,100,100
8031123219863096546,1,0.5781772477306505,1.6353322103924695,8,100,100
-7880280539929717263,1,0.39746832696858475,1.1242101972254328,8,100,100
-564016996094404989,1,0.442387234783308,1.2512600545025696,8,100,100
4130744597372582829,1,0.8976334250853204,2.3749148112748855,7,100,100
5094901809468815822,1,0.6446102366843989,2.41191065368028,14,100,100
-8141534345288912903,1,0.6039912711249541,1.8119738133748622,9,100,100
8549949121758488400,1,0.6002603792825039,1.588139685466813,7,100,100
7541606125795867997,1,0.6640626460769101,1.878252800694662,8,100,100
7791444656592419932,1,0.5825916328375068,1.6478179769677777,8,100,100
-4377718773044986307,1,0.6309466058768698,1.7845864943286827,8,100,100
-7510989235153398724,1,0.6345438821961924,1.7947611282454619,8,100,100
-2923960689857201021,1,0.5021220194930007,1.587849244921348,10,100,100
-7615219262568236609,1,0.5042983268630656,1.7469406485976129,12,100,100
3003254813135991914,1,0.7230802177279467,2.0451797011891055,8,100,100
1353597352427114770,1,0.6485157574276884,1.8342795591337946,8,100,100
3161889950407597307,1,0.6720108955240915,1.9007338450253186,8,100,100
-4994698892140037202,1,0.3626253937626062,0.9594166109727289,7,100,100
4650707687457373772,1,0.3105888321513656,1.0759112750992945,12,100,100
-4040163946206580057,1,0.32995971025029247,0.9332669945453208,8,100,100
4748124838600510712,1,0.37780879615628926,1.1947363159001427,10,100,100
1748203414083246905,1,0.580378743333657,1.741136230000971,9,100,100
-6674743664122514377,1,0.8284523412669306,2.4853570238007916,9,100,100
-7323210314329638694,1,0.4875359222083226,1.4626077666249677,9,100,100
6882319259207912621,1,0.41517748797970583,1.3129064952430496,10,100,100
-830093483821331374,1,0.4194959685116187,1.2584879055348561,9,100,100
159133525352295787,1,0.40192007351123604,1.1368016378991628,8,100,100
-1373430681738496875,1,0.4389742730476625,1.3169228191429876,9,100,100
-640069611143314482,1,0.46374967006408613,1.3912490101922583,9,100,100
-8659034759336500033,1,0.4597829178277987,1.657770885810574,13,100,100
5962843579115307181,1,0.2853732846718405,0.9885620563488887,12,100,100
727157728193680563,1,0.5533783501217627,1.565190335731688,8,100,100
209252653791223355,1,0.6054243535685053,1.7123986636150883,8,100,100
-8258521154947838247,1,0.7076626725521643,2.347051562995664,11,100,100
-3794623661481760369,1,0.5182009477419144,1.4656936166624137,8,100,100
3447516800817275396,1,0.5852295750629052,1.6552792043116076,8,100,100
4888749948333247305,1,0.6860464864560742,1.9404324911291801,8,100,100
7663164334148775370,1,0.9060193951386554,2.718058185415966,9,100,100
-7347928643734434074,1,0.7387544972135175,2.0895132584469467,8,100,100
1667988530382048598,1,0.6124124379832018,1.6202910107063184,7,100,100
6392463202195871843,1,0.7465213252596308,2.111481165565813,8,100,100
-7457516970869167646,1,0.454959399457101,1.640379442996881,13,100,100
4533889465538074191,1,0.4338418664159563,1.227090102821404,8,100,100
8890847090585636408,1,0.5809487449917985,1.6431711884220603,8,100,100
166065867707307941,1,0.3365823768988503,1.0097471306965509,9,100,100
-4740716702207946310,1,0.25292327273200965,0.7998136150971085,10,100,100
-4387535012002808363,1,0.5847304428039455,1.5470513356679174,7,100,100
2998407537937070746,1,0.43370914736155425,1.3715087477121186,10,100,100
-7297400759942075220,1,0.7961426283376618,2.2518314051569677,8,100,100
-7864156007933963224,1,0.5084821384953326,1.4382046729691478,8,100,100
-8953553087975113351,1,0.7812172625496415,2.470425897098627,10,100,100
-4802921270910515777,1,0.30565335904166935,0.8645182514832438,8,100,100
999276167666040021,1,0.2569744125427686,0.8126244440188901,10,100,100
6787188766602335883,1,0.5440851248794414,1.6322553746383242,9,100,100
9018937233226924897,1,0.5962105243821845,1.6863380192217203,8,100,100
8790975080160223502,1,0.7897401838417686,2.2337225574801014,8,100,100
7719699873031145357,1,0.45863702848570376,1.4503376293063497,10,100,100
-8990626753701434399,1,0.35457122958202636,1.461934631371824,17,100,100
3412045404234251247,1,0.7126090126000949,2.137827037800285,9,100,100
-433770802142005701,1,0.8121817612666652,2.4365452837999957,9,100,100
8270171067689246739,1,0.47194703828157847,1.4158411148447354,9,100,100
8996522235206745824,1,0.873434711299275,2.470446429133727,8,100,100
-409227090833278325,1,0.4543686819670344,1.436839932464504,10,100,100
-45861294143459013,1,0.40329094041753466,1.209872821252604,9,100,100
-5052386567427796205,1,0.37281555272632927,1.0544816218583932,8,100,100
-4680253170854412960,1,0.5539708124039966,1.5668660721211474,8,100,100
-1459534830557660645,1,0.44387222639076324,1.2554602450451164,8,100,100
-2681751523682031955,1,0.6963741278063181,2.0891223834189545,9,100,100
-1284215415415808366,1,0.47759332599579013,1.3508379178442427,8,100,100
9213260782353026100,1,0.9302030812099898,2.7906092436299694,9,100,100
453469487779494329,1,0.3376455435422434,1.119843580065228,11,100,100
64422705708185855,1,1.2529797123610258,3.758939137083077,9,100,100
-943193578000459477,1,0.42407260010890424,1.199458445009669,8,100,100
-1139969731160179487,1,0.5535591679218297,1.7505077903005986,10,100,100
7736574786919323784,1,0.46908329111904173,1.3267679043663114,8,100,100
2015011901628855046,1,0.2957122958717768,0.8364006787647044,8,100,100
1781554284263251477,1,0.6258318634004181,1.979054120652691,10,100,100
4376923162826725219,1,0.846169434288948,2.3933285800739994,8,100,100
-3057982289153581005,1,0.2811541857378718,0.8890876006217033,10,100,100
499087368359291170,1,0.5612265493717695,1.4848658788046154,7,100,100
2760221501409931952,1,0.41167410273294247,1.2350223081988274,9,100,100
-6499573506167657209,1,0.525409665907683,1.4860829506571243,8,100,100
-4651491358855832616,1,0.2964662710086846,0.8385332424933186,8,100,100
7458809192828368983,1,0.28883971745337444,0.8169620915491499,8,100,100
-4697976630940350206,1,0.5198998346819118,1.4704987945653794,8,100,100
3632407971772838100,1,0.5733373287529819,1.621642852274458,8,100,100
-6956041147344590351,1,0.42423864619382434,1.1999280942602149,8,100,100
-7564263029437331779,1,0.6281237566042689,1.8843712698128066,9,100,100
-3406454197250433084,1,0.9665579150719075,2.7338386246275075,8,100,100
5446132515703113969,1,0.7061530740345954,1.9973025088223544,8,100,100
7075549318247145232,1,0.3542840807372682,1.0020667038230586,8,100,100
5039809215548341493,1,0.5564947585754033,1.66948427572621,9,100,100
5079899533727998797,1,0.7141721885754129,2.019983989906049,8,100,100
3598689437503223861,1,0.8064253910008994,2.2809154499909963,8,100,100
7951030065148304924,1,0.583471237215941,1.6503058738507863,8,100,100
-7499776386827781731,1,0.36385432343936935,1.091562970318108,9,100,100
-7645243166805437280,1,0.5169971935698112,1.4622888857105107,8,100,100
2254274471055006577,1,0.5604824813705106,1.858910092273344,11,100,100
-2210038114582616076,1,0.4558569061017791,1.2893580382211491,8,100,100
-717926424137536243,1,0.8362068955252512,2.5086206865757537,9,100,100
-8431636780146209484,1,0.758406076163921,2.1450963173943594,8,100,100
3858921374152019442,1,0.4745957497599593,1.4237872492798778,9,100,100
-2501156395697016695,1,0.789877894696824,2.369633684090472,9,100,100
4620215818105761706,1,0.4988470487770685,1.7280568673753451,12,100,100
8090680121043135306,1,0.4550504130557939,1.2870769314139654,8,100,100
-3756135290270001150,1,0.4356519721711509,1.3776524992051271,10,100,100
-1231973918024875104,1,0.7726297286669402,2.3178891860008206,9,100,100
-7091655849021982894,1,0.3684320544757958,1.0420832165053069,8,100,100
1512991699023132725,1,0.8703649122496054,2.4617637262341217,8,100,100
6278619931382673637,1,0.38605509029080687,1.1581652708724206,9,100,100
-1956613815078129105,1,0.5911335220111024,1.7734005660333072,9,100,100
-8128176819739770837,1,0.3838519394655277,1.0856972374707312,8,100,100
-7470510765238224635,1,0.5493410685687203,1.453419852387315,7,100,100
-7265841630594509965,1,0.5193265171593614,1.5579795514780843,9,100,100
-1817136919340598169,1,0.45806946709461693,1.295616105748447,8,100,100
-3745430165055538314,1,0.5309392755002813,1.5017230484180861,8,100,100
-8568063258247749389,1,0.5503420339192266,1.740334319314399,10,100,100
-9215684342561734526,1,0.5296538479355681,1.498087310227155,8,100,100
3733912979650364028,1,0.4191332378407339,1.1854878187914282,8,100,100
216053137027868974,1,0.36842842216258087,1.1052852664877426,9,100,100
-6674277570945785465,1,0.687076837290075,2.061230511870225,9,100,100
-7430688674816652098,1,0.5202418103589095,1.4714660478462032,8,100,100
925030085127141175,1,0.7407976270670885,2.2223928812012654,9,100,100
-1136085838075496979,1,0.7706949560351145,2.3120848681053436,9,100,100
438106112998734883,1,0.8205916441908059,2.4617749325724176,9,100,100
3182711906060236681,1,0.49306657259191683,1.394602868224614,8,100,100
-4071290797362304675,1,0.3696493816856154,1.0455263378052522,8,100,100
63928583314833545,1,0.9554253874422743,2.702351081512867,8,100,100
-3502187754584615506,1,0.6366148763863325,1.800618784388046,8,100,100
6904486601467983621,1,0.6657978491732374,1.8831606961992575,8,100,100
3145862990008562644,1,0.48153605472379357,1.5970744165468682,11,100,100
-5608985156721883037,1,0.5513702038989312,1.5595104404845745,8,100,100
2494041660731968710,1,0.4954888483712733,1.4014540987425617,8,100,100
5087274252443740986,1,0.4533500296697099,1.3600500890091296,9,100,100
-5540303674239331767,1,0.7959235240027527,2.251211684512961,8,100,100
4011505985691330702,1,0.3940186377146837,1.4742827463317518,14,100,100
4998874475272787958,1,0.7230805082725584,2.045180522973366,8,100,100
1015946760167256754,1,0.2660045609617832,0.7523745155305092,8,100,100
-3123877619053589293,1,0.7053347518485859,1.9949879441546634,8,100,100
-1509368847871331171,1,0.6789198938260718,1.920275443227465,8,100,100
7344113401182381737,1,0.5497822731325892,1.555019094032834,8,100,100
-6496957264915844342,1,0.5284074992879907,1.8304572717344303,12,100,100
8189429205058280032,1,0.5790332247024553,1.7370996741073659,9,100,100
-2242697158590667671,1,0.6086600625853552,2.1084603058717755,12,100,100
-1501027150139637377,1,1.006129471355103,3.3369539470035074,11,100,100
450762967513733315,1,0.40210178149034315,1.2063053444710294,9,100,100
854749321156281150,1,0.48558690016343237,1.4567607004902972,9,100,100
7085757521489568681,1,0.7148077199575699,2.0217815441059694,8,100,100
-3214010056386607101,1,0.47214638835039713,1.335431651661212,8,100,100
-6975699768128687808,1,0.6251577250926295,1.7682130668966152,8,100,100
-3773066448843500461,1,0.423035815591037,1.1965259755568163,8,100,100
-5206286406355014269,1,0.352982687062958,0.9983858066546665,8,100,100
-5067633714088628656,1,0.3823263185879435,1.1469789557638306,9,100,100
-5168092432397841243,1,0.709994499869871,2.0081677018525483,8,100,100
7077568188088214862,1,0.3168595871228061,1.001997993768626,10,100,100
-7717406413103877202,1,0.5993061548338284,1.6950937843593403,8,100,100
6472062791424952839,1,0.3756136626826968,1.0623958719570055,8,100,100
-7610618950816354665,1,0.5714973807785739,1.6164386935155204,8,100,100
-951414541549542510,1,0.6298833407312726,1.7815791263500782,8,100,100
-6056026070624397682,1,0.8600707218815045,2.719782429970773,10,100,100
4827654649664960922,1,0.5630923531774981,1.5926656854643972,8,100,100
-1594609223151958494,1,0.4279303089396774,1.419284271173779,11,100,100
2501668997220328677,1,0.7759696395993037,2.194773576622196,8,100,100
8100627038078914634,1,0.677581736927095,1.9164905639572327,8,100,100
-4315064264855891568,1,0.3384614260915474,0.8954847618265026,7,100,100
8847982456420143521,1,0.3958731646490694,1.1876194939472082,9,100,100
8381714909235731189,1,0.386159163349429,1.09222305208682,8,100,100
-1894968472948759553,1,0.30894794754646304,0.9268438426393891,9,100,100
3415183212134448424,1,0.5425640104643584,1.6276920313930752,9,100,100
-3196068699689972491,1,0.309179528338773,1.1147626427492174,13,100,100
6983238544325803280,1,0.6255929852400977,1.7694441685040354,8,100,100
-3082047270779824701,1,0.6647502499098403,1.994250749729521,9,100,100
-8648889008196969614,1,0.42189150506907064,1.265674515207212,9,100,100
3266712053737560633,1,0.8685770961003327,2.605731288300998,9,100,100
364415433235735953,1,0.29786534737860015,1.2637356420713686,18,100,100
6773448355965377006,1,0.45388942719301945,1.3616682815790584,9,100,100
5753959341779465059,1,0.511183651150713,1.4458457046414706,8,100,100
1697573172243864822,1,0.5104606420428559,1.4438007260693693,8,100,100
757717641962995230,1,0.4509529477122378,1.3528588431367135,9,100,100
1547085671773219043,1,0.48483339766594236,1.3713159329412077,8,100,100
-5500665341984909492,1,0.9155124883411722,2.5894603550680517,8,100,100
-4485964469272704887,1,0.489523025881128,1.5480077288819185,10,100,100
-2807178568940423210,1,0.5113038147305532,1.6168846308813005,10,100,100
-6694594733011439831,1,0.32291311085643676,0.9687393325693103,9,100,100
-233134674025593620,1,0.5249997028890686,1.4849234001351326,8,100,100
1895214062863531107,1,0.9307180307000789,2.6324681235224605,8,100,100
2676729016766421227,1,0.3644897766714155,1.0309327710301128,8,100,100
-3613623828522706952,1,1.248226531890105,3.5305177806258383,8,100,100
-2753600329010693071,1,0.7236910951002936,2.046907523318945,8,100,100
780432491618560259,1,0.7066186572780786,2.2345243941686443,10,100,100
-1543755920148733745,1,0.7535821369560067,2.3830359567979285,10,100,100
7549269245545940409,1,0.6246230426019723,1.7667007564369137,8,100,100
8611679121217005815,1,0.43690944912476504,1.3816289904837176,10,100,100
-4662254685070346364,1,0.47983055626606913,1.357165760625003,8,100,100
-1946498084395964018,1,0.7285325540041651,2.185597662012495,9,100,100
-5971376429128671495,1,0.5052556381516206,1.6757433749605024,11,100,100
879634546417470778,1,1.0846322199611254,3.253896659883376,9,100,100
2888930121008714687,1,0.5609207041729345,1.5865233345144616,8,100,100
9102539053596964862,1,0.8653891133318833,2.4476900416079537,8,100,100
-5765231569844138432,1,0.8600575709249648,2.432610162447491,8,100,100
-8148251418541422410,1,0.3890524483870817,1.2903409950690599,11,100,100
-4266111427583667918,1,0.2607977557946214,0.8247149169713798,10,100,100
2438679853230459609,1,0.7057881874893335,1.9962704538202805,8,100,100
-8118288111473506984,1,0.8657430062954127,2.448691002065257,8,100,100
-2942229649813666876,1,0.5091924976218564,1.4402138719909185,8,100,100
4680154354761589859,1,1.025151025298139,2.8995649669146246,8,100,100
-6860332045835197246,1,0.7383699119502717,2.215109735850815,9,100,100
-3400326785918488850,1,0.733433018229613,2.200299054688839,9,100,100
4485551543097901594,1,0.33809286314801956,1.0142785894440587,9,100,100
7766459489993083853,1,0.46398498412361083,1.3919549523708326,9,100,100
-4000921425299433891,1,0.43198160826177434,1.2218284981990855,8,100,100
5693353548819446635,1,0.5651989363325458,1.5986240024006677,8,100,100
-6649256974008133650,1,0.9065093125155653,3.1402403736225852,12,100,100
5022100510761332359,1,0.4554273067950232,1.3662819203850696,9,100,100
-624824630252486692,1,0.5946305258713764,1.6818691085766924,8,100,100
-1215363265940946907,1,0.4939367307045794,1.5619650890436962,10,100,100
-9066661611800772496,1,0.6995235344024103,1.9785513391021021,8,100,100
6038446025191942103,1,0.6466979651653488,1.9400938954960465,9,100,100
-345065030336055452,1,0.5758855660925941,1.628850355886108,8,100,100
-1893183219239303684,1,0.37638354800059964,1.3038308565401557,12,100,100
2328782048457843149,1,0.6355359378694041,1.797567085420832,8,100,100
240646630358570206,1,0.392478813798633,1.2411269849648021,10,100,100
2932242959921025972,1,0.2626789581253531,0.7429682902618173,8,100,100
-4228254270392856261,1,0.4812904081897334,1.361294845404008,8,100,100
-5297911902543241219,1,0.48707462740000684,1.4612238822000205,9,100,100
13186274224029241,1,0.5978534637645961,1.7935603912937883,9,100,100
-860672014449853202,1,0.3999387787455173,1.1311976900416862,8,100,100
8336600067102060566,1,0.5805915849365705,1.7417747548097116,9,100,100
-9216194512146814931,1,0.5814523855977518,1.6445956991730624,8,100,100
9171123740938918999,1,0.6220626595684389,2.063148437879096,11,100,100
-3361968476039366051,1,0.3732656305649482,1.1197968916948446,9,100,100
4263057384260410133,1,0.4045676019411741,1.3417989379727333,11,100,100
-7209987547366234511,1,0.3985103621616071,1.1271575178303175,8,100,100
-1834926212045174989,1,0.29464897303475496,1.0206939833883752,12,100,100
3370642715857056435,1,0.38225495034224516,1.0811802701165143,8,100,100
7523090551124871362,1,0.4293905154973115,1.2881715464919345,9,100,100
3327636513022378997,1,0.6048341694760384,2.342512665597891,15,100,100
-193210597734194297,1,0.4221092624313925,1.1939052874675586,8,100,100
-6933275204306407969,1,0.4031005592735801,1.1401405558497533,8,100,100
-6497990441806661535,1,0.7362991320865421,2.328382296598639,10,100,100
1762865778632012403,1,1.2539780428579812,3.7619341285739436,9,100,100
-3941363796168523962,1,0.6914150615489093,1.9556171145429917,8,100,100
1143904273432744901,1,0.6054157547700549,1.8162472643101648,9,100,100
6514413565928821239,1,0.578796512706374,2.165658247206802,14,100,100
1818370768133737428,1,0.44867290432846496,1.2690386127412827,8,100,100
-1461478223691589474,1,0.49318495793708106,1.5595877748155134,10,100,100
-4053954653651369584,1,0.2700106750572383,0.8955240985554329,11,100,100
-2716146321161538028,1,0.42291940636646635,1.19619672054847,8,100,100
8096645672143382964,1,0.42035570947895623,1.188945490732209,8,100,100
-169285948375499669,1,0.49312096463542887,1.4793628939062866,9,100,100
5616360049508544777,1,0.5968705528941398,1.9795956723618382,11,100,100
1513279027735908601,1,0.4476586742381446,1.2661699368430868,8,100,100
4169443087817896124,1,0.3254386606124267,0.9763159818372802,9,100,100
-4338100494146837657,1,0.7109281058610196,2.3578817800590657,11,100,100
8442305693996618944,1,0.5125199738935201,1.5375599216805604,9,100,100
-3089206113429346711,1,0.5055961521407915,2.0846263391823396,17,100,100
4071490047770102600,1,0.8339553890531135,2.358782043226088,8,100,100
7980256911330142156,1,0.30414811232223027,0.8602607708325472,8,100,100
-7232526800533195026,1,0.405004888196464,1.145526811429677,8,100,100
4359345354051103240,1,0.430360929927422,1.2910827897822659,9,100,100
-3198911483409944097,1,0.5462736361120634,1.5450951699130901,8,100,100
592730581618903752,1,0.6236851393311204,1.8710554179933612,9,100,100
-2231537829882369053,1,0.35871130413209695,1.0145887825603033,8,100,100
-995252550205277523,1,0.5312191277780279,1.5025145901913866,8,100,100
-5243256183843802669,1,0.9957895020516839,3.148962896568235,10,100,100
6405870224554059105,1,0.5394363161016841,1.6183089483050523,9,100,100
2300646341933893484,1,0.5377447395569404,1.7834975340977564,11,100,100
-6249525508805311668,1,0.4312058688596508,1.2196343758323849,8,100,100
-6520541501089124104,1,0.4897303535149817,1.385166615693315,8,100,100
-2222721038796504854,1,0.33963648953992515,1.0189094686197755,9,100,100
-6909798989883244156,1,0.35857553297912853,0.9487016864952137,7,100,100
-4578989100374004597,1,0.49530694815211307,1.4009396072286915,8,100,100
-1847003315610168606,1,0.6780776024248372,1.9178930833812726,8,100,100
2731281155474040965,1,0.4783956164102288,1.3531071378143649,8,100,100
-1189767714703332705,1,0.8435317090570191,3.1562066501712427,14,100,100
2833181330857934632,1,0.5182030105937578,1.6387018038326384,10,100,100
-5095413053226541939,1,0.49847757405976667,1.4954327221793,9,100,100
-8318360695663491288,1,1.2055355993988697,3.8122382945167423,10,100,100
4291949605379790223,1,0.47489666332655345,1.343210604004283,8,100,100
2253285446697740901,1,0.5532229773399935,1.5647508751412844,8,100,100
470556784057779418,1,0.6301894280023571,1.8905682840070714,9,100,100
-4088503036369288295,1,0.4849491933530204,1.3716434526034678,8,100,100
2891192728641685983,1,0.909763220770269,2.729289662310807,9,100,100
1547337797760689306,1,0.5474696944510103,1.642409083353031,9,100,100
-2387198096798887823,1,0.5328914934273716,1.845990283074928,12,100,100
546211866094608984,1,0.4991822466943566,1.5785528670742248,10,100,100
-9159544662151408633,1,0.33718307684538656,1.0115492305361597,9,100,100
5828811593574127857,1,0.47587901099941504,1.345989102808136,8,100,100
-1618666055743581989,1,0.820854169889996,2.321726199577882,8,100,100
8107960231928675746,1,0.6234961049460871,1.76351329540311,8,100,100
7246538191736952854,1,0.33026931545353105,0.9908079463605932,9,100,100
-2007527823148740673,1,0.9840387436072795,2.783281874219991,8,100,100
3687287341063126829,1,0.5335624975861227,1.6872727664202407,10,100,100
-5010777498790233209,1,0.37807647126319516,1.1342294137895854,9,100,100
5975157832463388439,1,0.46090456218132947,1.3827136865439884,9,100,100
4503890803067191908,1,0.4913793611744285,1.3898307136862085,8,100,100
634574290430119781,1,0.4696382509591035,1.328337567831087,8,100,100
4346287189836225719,1,0.35241633674481165,0.9967839260527128,8,100,100
7626114631838474980,1,0.7361060061470509,2.208318018441153,9,100,100
-8961929610716099356,1,0.40297997226578147,1.2089399167973445,9,100,100
-3870279300380071206,1,0.2549222118640448,0.7210288987365593,8,100,100
-69932237999940586,1,0.8297540222353054,2.489262066705916,9,100,100
6044173645026101218,1,0.45091305330477266,1.6257901344663848,13,100,100
-8125468449860519522,1,0.8666652983833386,2.5999958951500157,9,100,100
2383917034570918739,1,0.5949715462299849,1.6828336598090712,8,100,100
-5383641367320421876,1,0.6629703444790103,1.8751633052267582,8,100,100
3658443086691896360,1,0.4972524106583189,1.4064422061514208,8,100,100
-3111974878806297526,1,0.34914793610878625,1.1041027184507115,10,100,100
-4001267792440794084,1,0.45384451528115005,1.5052319703482924,11,100,100
-3986112329531314493,1,0.7323704335547082,2.0714563996282642,8,100,100
3982098791661452150,1,0.9388464883642951,2.6554588736622806,8,100,100
-4364138868015479936,1,0.6232447165435958,1.762802261626657,8,100,100
3704536416202473344,1,0.3170901848752331,0.8968664798918935,8,100,100
6563119381248497310,1,0.49805857466549547,1.4941757239964863,9,100,100
-7501833780057394635,1,0.46407545821732277,1.6732478602870033,13,100,100
9153440130914209303,1,0.5535914258713844,1.5657930049615436,8,100,100
-7858473802928507723,1,0.49392904440143515,1.3068134167979775,7,100,100
976887073369325841,1,0.9619734750023207,2.885920425006962,9,100,100
5734086403417118949,1,0.47525325986641215,1.4257597795992365,9,100,100
-1818680131587070538,1,0.5985687897973196,1.795706369391959,9,100,100
2103741276988314190,1,0.4203563050963319,1.1889471753925502,8,100,100
-7260351858754563196,1,0.7787310242760852,2.3361930728282556,9,100,100
-4378673878338287418,1,0.5918821358452484,1.67409548767741,8,100,100
6760911462351544185,1,0.683101939742933,2.049305819228799,9,100,100
340116530122131845,1,0.7212564678479191,2.1637694035437574,9,100,100
7112831333565860374,1,0.670310661310714,2.3220242444905006,12,100,100
-4338875105267930532,1,0.3379029565711351,1.3932095811512872,17,100,100
5922597477168945278,1,0.38532977159110643,1.2185197285003402,10,100,100
5212701045922781671,1,0.3809622924697753,1.3196920926511302,12,100,100
-1647885901114526855,1,0.5105909373504864,1.614630314667876,10,100,100
4868967845820211768,1,0.519714753415269,1.643482354385023,10,100,100
-6016513483313705510,1,0.34961629820170986,1.159546081728077,11,100,100
4279992824914530811,1,0.34496113484436336,0.9756974307770255,8,100,100
-7461688423502873800,1,0.6130766054148946,1.8392298162446838,9,100,100
-1963096907650092531,1,0.29049174010211637,0.8216347172195466,8,100,100
-1765864304047946757,1,0.9972679051570558,2.8206995935850276,8,100,100
7661614492866936764,1,0.3769593041021656,1.0662019206480131,8,100,100
-5539931265072791856,1,0.37581699596219575,1.062970985320104,8,100,100
-5679746213754496170,1,0.7086595956866918,2.5551085090979466,13,100,100
4662022027186574975,1,0.6483204807194417,1.8337272331953585,8,100,100
3328199825559451708,1,0.7361970777644052,2.2085912332932156,9,100,100
-7914464038508120405,1,0.7827123726539768,2.475153850381058,10,100,100
-2249084505717338907,1,0.42786245212786583,1.210177765258874,8,100,100
-5673049404874255140,1,0.671175514868173,1.8983710317186302,8,100,100
6340988106601642640,1,0.4262613299108258,1.4766125614148589,12,100,100
-4722118372842957531,1,0.5533756925263853,1.5651828189168357,8,100,100
-6471936904599096644,1,0.719504088648943,2.158512265946829,9,100,100
5520365642838329092,1,0.36905865595511583,1.1071759678653474,9,100,100
-5957485776470149302,1,0.6598839095968295,1.9796517287904887,9,100,100
-4358130451790352090,1,0.5570399591994313,1.4737892023672614,7,100,100
-7503500562267771991,1,0.7248688566917278,2.050238736150642,8,100,100
-5724290430361919178,1,0.619311441761229,1.7516772805431304,8,100,100
-629735412357919761,1,0.5390280042993907,1.5246014283582028,8,100,100
-278471918625016532,1,0.7222150337970442,2.0427325914910464,8,100,100
5883088165133562653,1,0.47355683081665917,1.3394209853906813,8,100,100
8364615252060669518,1,0.46131036383852364,1.3047827460074144,8,100,100
6567206288307495995,1,0.458396913609792,1.375190740829376,9,100,100
-4004008649046378625,1,0.4933030272237443,1.3952716629190467,8,100,100
-1532291855428633868,1,0.5407933044388866,1.6223799133166599,9,100,100
-5162948384582203071,1,0.3451684900432996,1.0355054701298987,9,100,100
7249430466287877348,1,0.44510205886995774,1.2589387365881641,8,100,100
5116526723392830708,1,0.4738029110519785,1.4982963609424176,10,100,100
2844240200017557821,1,0.5968948814292327,1.8875473490125163,10,100,100
-5028277639620782445,1,0.5186924961879223,1.3723313518285607,7,100,100
-1110213645668313137,1,0.911078789996113,2.576919962405944,8,100,100
-6000113278901172994,1,0.9114353070306972,2.7343059210920915,9,100,100
-7098053702592734814,1,0.5052648564428786,1.4291048251440275,8,100,100
-3286114343215149406,1,0.6487775295014087,1.946332588504226,9,100,100
-4834123046738632810,1,0.45335975354215663,1.2822950241868836,8,100,100
3327097155133422828,1,0.545486469316127,1.636459407948381,9,100,100
5053376447389138875,1,0.302297834972262,1.0899503444542418,13,100,100
-2748262181135980866,1,0.4367788401706615,1.5130462856931834,12,100,100
-2892210906132123257,1,0.694950163330054,1.96561589230952,8,100,100
-3136474229688252024,1,0.3590104961623631,1.0770314884870893,9,100,100
-3117780760046021636,1,0.48561648791853573,1.8807845703522241,15,100,100
5727992403082373170,1,0.2725969601716024,0.9041018358806601,11,100,100
-6678440916942241057,1,0.632021676748123,1.7876272539419598,8,100,100
5662068895067430075,1,0.6872115944403577,2.173153872907436,10,100,100
3808513184813654732,1,0.4507580791774266,1.3522742375322798,9,100,100
-7090471237971566094,1,0.4805543919484088,1.3592130771027917,8,100,100
-3664399797099198718,1,0.5560070599786379,1.6680211799359135,9,100,100
-4166415283901738533,1,0.5736553542779851,1.8140575114692494,10,100,100
-5079497983236738994,1,0.4591603196281095,1.522862498826097,11,100,100
5125000791181477597,1,0.5614056056097977,1.5878948428913138,8,100,100
-4308877101335259650,1,0.33327304400384744,0.9426385176072128,8,100,100
-1177619323020090813,1,0.6069703804600312,1.8209111413800934,9,100,100
-8385413698952068139,1,0.5354495499657422,1.775885251401023,11,100,100
1765947720460278855,1,0.5637520059484572,1.6912560178453717,9,100,100
-3902411292867411449,1,0.5256033447650202,1.4866307571907067,8,100,100
2380089857425982483,1,0.9566512575993076,2.8699537727979227,9,100,100
-2055630506250023634,1,0.4948006025848073,1.4844018077544219,9,100,100
-2374957017179094088,1,0.5146367583879985,1.4556125668160664,8,100,100
-5698386174083166963,1,0.5404265687576508,1.6212797062729525,9,100,100
-688742176834994034,1,0.7919512578951748,2.239976419307578,8,100,100
6837150704717370789,1,0.9853051688032302,2.78686386559568,8,100,100
6630436288717065976,1,0.415485958002695,1.175171753565979,8,100,100
-3269593889299592304,1,0.29280288861996256,0.8784086658598877,9,100,100
-6398398509622329115,1,0.4570108434514111,1.3710325303542332,9,100,100
-6065612678021150601,1,0.8829549381527536,2.792148675855806,10,100,100
-1023448499630296842,1,0.616373413301978,1.6307707663490651,7,100,100
6743152552782851843,1,0.27613112191259653,0.8732032781014353,10,100,100
614103533538969407,1,0.584379764868702,1.7531392946061062,9,100,100
2804911444230559480,1,0.43782419572283443,1.578597587317461,13,100,100
9144358800638916639,1,0.476977200613053,1.430931601839159,9,100,100
-7418599407462571913,1,0.9601892331682879,2.7158252719824296,8,100,100
8219991842263322055,1,0.4331611298758549,1.2251646891265755,8,100,100
-2321028626565294136,1,0.6121326587920893,1.73137261607055,8,100,100
155176987647803905,1,0.42607227931419706,1.3473588504923073,10,100,100
6663631778655137567,1,0.520274734790612,1.725556083202125,11,100,100
-5026626404259017497,1,0.37726513096177183,1.1317953928853155,9,100,100
-1617003466935671944,1,0.30240565211215054,0.8553323491105667,8,100,100
1258227030074891274,1,0.5930098229025603,1.8752617152251736,10,100,100
4928140049141308348,1,1.352059137442387,3.824200738602985,8,100,100
-2274564394166086910,1,0.5799023636906557,1.7397070910719672,9,100,100
8665321246083238037,1,0.3440649544834189,0.9731626499354653,8,100,100
-2455074122172864033,1,0.6452013206306533,2.1398906947736673,11,100,100
4652827576605458247,1,0.5654047638828228,1.8752354564788114,11,100,100
-5453328644015698982,1,0.646471293377564,1.8284969415588543,8,100,100
-7230426882849840147,1,0.9008545385183341,2.702563615555002,9,100,100
-5594094575784372748,1,0.36307542950522287,1.0269323931414456,8,100,100
8639753093966748,1,0.7591755981508889,2.147272854255388,8,100,100
6711634495607969794,1,0.5131246652016254,1.5393739956048762,9,100,100
-8727742869453277012,1,0.6830917026009714,2.0492751078029143,9,100,100
-7524374474165841202,1,0.36223171066532633,1.0245459958890228,8,100,100
-1429090234263396335,1,0.6814933957807696,1.9275544059617196,8,100,100
7956317959652753727,1,0.7070354451210971,2.121106335363291,9,100,100
4319743981066489358,1,0.7972514452910274,2.2549676131042453,8,100,100
-5920923104442334797,1,0.4559247957876489,1.2062636262020279,7,100,100
-7979588543172832971,1,0.62782205291793,1.7757489239869113,8,100,100
-1623646873649911434,1,0.5612931833965589,1.587576864853965,8,100,100
5087351372652252645,1,0.3491785873953748,1.481439281954454,18,100,100
-6117876687987404207,1,0.41177402223438075,1.1646728137535634,8,100,100
7922837405423542292,1,0.9800207962094089,2.7719174028140503,8,100,100
5464332172782532042,1,0.3666099661680271,1.0998298985040813,9,100,100
2293000135569232516,1,0.38061896737920525,1.2623703028893454,11,100,100
-4283383684697133681,1,0.4598192232814905,1.5250478350173562,11,100,100
9119914902093891485,1,0.45299506573927095,1.2812635313131375,8,100,100
-8747730043275616227,1,0.6419632931419709,1.8157463914141405,8,100,100
6942929803046637727,1,0.5304885689656107,1.5004482578301235,8,100,100
2042063172454830096,1,0.8835070997650871,2.498935445881411,8,100,100
-8084568788293491421,1,0.40133251544740306,1.5016487709763426,14,100,100
-742200582632429906,1,0.8514164023830149,2.69241506875674,10,100,100
-49027898234947599,1,0.7516162276572448,2.125891725705159,8,100,100
6132191677398933391,1,0.37698951480551784,1.1309685444165536,9,100,100
7297468390527554035,1,0.7987677648929813,2.396303294678944,9,100,100
2668220190652706161,1,0.47687127005342894,1.5079993640660807,10,100,100
9169887846603633956,1,0.8462576855191278,2.3935781922472326,8,100,100
8232681724518346667,1,0.577075961849813,1.7312278855494392,9,100,100
1951275916913748585,1,0.6789351117176774,1.9203184859248636,8,100,100
-5257985356878286954,1,0.4001106889749161,1.131683925597539,8,100,100
-8491316009795725774,1,0.4544301816328758,1.3632905448986274,9,100,100
3859191541746269130,1,0.6377631390285736,1.9132894170857209,9,100,100
1604599308389898871,1,0.7268857719818352,2.6208239222857324,13,100,100
2440176229297440784,1,0.5534872392470949,1.5654983206873672,8,100,100
5767411579190718767,1,0.47535281276676394,1.3445007894539123,8,100,100
-4833560377550859640,1,0.49714554471456035,1.491436634143681,9,100,100
-4253987754849259314,1,0.6809618784834682,2.042885635450405,9,100,100
-973187972557653297,1,0.4873683470245549,1.5411940360689402,10,100,100
-8866386114034676299,1,0.24585497903954637,0.8154087183148667,11,100,100
1454406601095556321,1,0.36460175408370754,1.1529719817971136,10,100,100
841220327507817912,1,0.9369313511604112,2.650042047647205,8,100,100
376771663190616447,1,0.5553867375185196,1.666160212555559,9,100,100
-2725858488753246417,1,0.35128727133794135,0.9935904468303082,8,100,100
-9038333759841308476,1,0.49733957119300676,1.4066887333719393,8,100,100
7080429280357533365,1,0.5563580610781473,1.75935866760202,10,100,100
212218878621773665,1,0.6924774590563111,2.2966879074684776,11,100,100
-6275177928317868694,1,0.7127938408388835,2.016085433780717,8,100,100
-8078632319814314080,1,0.8528847831276849,2.412322454881616,8,100,100
-4160669734338092744,1,0.4341342917815975,1.1486113716592592,7,100,100
2659610227737176785,1,0.39655377216707755,1.121623445617783,8,100,100
53965645386931708,1,0.3994958390814984,1.1299448674813493,8,100,100
-533810130914993519,1,0.6127811468884931,1.838343440665479,9,100,100
4048384906795734481,1,0.5612657777347806,1.7748782303477277,10,100,100
3284068050017342590,1,0.6536877560619917,1.8489081803602083,8,100,100
7665099664495518065,1,0.5696359817701866,1.6111738620702223,8,100,100
-6409358431787500810,1,0.7344035953014251,1.9430492751192945,7,100,100
-1668863933440110188,1,0.5266590666429617,1.6654422009701675,10,100,100
-7366388301296788991,1,0.6318218259569861,1.7870619905434062,8,100,100
-1319858126081303345,1,0.7949375453351409,2.3848126360054227,9,100,100
-2210262026392333923,1,0.49158042801869717,1.3903994166024252,8,100,100
8976563765674739677,1,0.8058275240204803,2.417482572061441,9,100,100
1693169318252564966,1,0.2066653349315582,0.7159097205293957,12,100,100
5922696467864742897,1,0.5239617882623847,1.4819877342518488,8,100,100
-4448533595900244540,1,0.5660319192564559,1.6009800338971054,8,100,100
-7064838843762190159,1,0.5457420121816581,1.5435915103681677,8,100,100
2723002983398799271,1,0.6387782844627256,2.2127928869222515,12,100,100
6309543785861769611,1,0.5846037664716647,1.6535091503172437,8,100,100
7733711354409072800,1,0.7150124506084551,2.371428019100768,11,100,100
-784016355923707911,1,0.718990559251375,2.033612400223022,8,100,100
-3203907149815809385,1,0.5066056270642505,1.5198168811927515,9,100,100
-7503055037278345958,1,0.8470811961605664,2.3959074320829945,8,100,100
-5201385405157542712,1,0.6069529717864481,2.5025312124580616,17,100,100
-2708448542035511077,1,0.24015026866620487,0.8658741074924546,13,100,100
6962393286850529889,1,0.7871586536569661,2.226420887482055,8,100,100
3944790860999579003,1,0.28274776104617794,0.799731436804264,8,100,100
-4481611667886397076,1,0.8194990420930368,2.3178933193594653,8,100,100
-4475899445195306939,1,0.4515297956601054,1.2771191216761468,8,100,100
-5077785330607565646,1,0.46780850627934406,1.3231622683474953,8,100,100
-5172382915852306897,1,0.7040778364240253,2.112233509272076,9,100,100
6448208296178829953,1,0.5486606226886737,1.735017230142465,10,100,100
8720605608465051872,1,0.5041289424265247,1.425891975128793,8,100,100
9149587181013910168,1,0.5616615722252808,1.6849847166758423,9,100,100
-4805464433220145774,1,0.4486396775324704,1.2689446331702232,8,100,100
-4969957155708249806,1,0.7515606381310715,2.812082413271661,14,100,100
-7168421314852128831,1,0.3979151536745729,1.1254740140007107,8,100,100
9101603707593358987,1,0.6402317014520419,1.81084871050936,8,100,100
3131120472606620983,1,0.47126343298611056,1.4137902989583317,9,100,100
1355998457873942212,1,0.46374348680100996,1.39123046040303,9,100,100
8379253258245070070,1,0.5340978129940979,1.5106567415401246,8,100,100
-7800867545344915533,1,0.8979036702023669,2.693711010607101,9,100,100
-4758007580439307031,1,0.7268066158402834,2.2983643245343095,10,100,100
3409874739702687713,1,0.35227644716505263,1.056829341495158,9,100,100
-2095174813520080777,1,0.3093340645537455,0.9280021936612365,9,100,100
-9130863217444540918,1,0.5870965555329639,1.7612896665988917,9,100,100
5246554392265119454,1,0.726911806087755,2.180735418263265,9,100,100
5022930347661577563,1,0.6527409389726019,1.9582228169178058,9,100,100
4810685459504801454,1,0.47905660706616726,1.4371698211985018,9,100,100
2635150504105439209,1,0.583631013507946,1.544142519166604,7,100,100
6987850706925693161,1,0.39903730065747983,1.2618667414430416,10,100,100
4818665256877847792,1,0.7815659317266159,2.4715284858477626,10,100,100
-5947629040239951518,1,0.4150341880770462,1.1738939552541292,8,100,100
8971575284311583107,1,0.3858024775010056,1.2200145558390438,10,100,100
-4585339743843778237,1,0.5313034721203069,1.5027531520169073,8,100,100
7791567524064410589,1,0.4567719724087722,1.2919462365847898,8,100,100
-3728548867125248665,1,0.38496216360204855,1.0888374255330147,8,100,100
-1029080695589549974,1,0.64288098245253,1.92864294735759,9,100,100
-2060056805562807865,1,0.3924478337165451,1.5697913348661805,16,100,100
3595826330470773653,1,0.2509529979689084,0.8323169342776899,11,100,100
8870281782927813714,1,0.39007430320261977,1.1702229096078594,9,100,100
4874510547421749342,1,0.4109058748131023,1.232717624439307,9,100,100
-6097882188591665283,1,0.33070022322900977,0.9353614815405513,8,100,100
3873339436491235552,1,0.7688160558475997,2.3064481675427992,9,100,100
-1451370178704880316,1,0.5184103584333697,1.639357495273727,10,100,100
5568079271152213568,1,0.5198387697138193,1.4703260767532549,8,100,100
-4513141605704956514,1,0.5774624300309521,1.6333104006213939,8,100,100
-1259399940409175981,1,0.5055844892954432,1.4300088833741813,8,100,100
2244513520102088370,1,0.6377713562275971,1.8038898033403008,8,100,100
7895132390247402929,1,0.6955537083923263,2.199533953496325,10,100,100
-8739105880423725846,1,0.33597831448095355,1.0079349434428606,9,100,100
822228824108585731,1,0.69513776078216,1.96614649803159,8,100,100
6126639565797531558,1,1.0323937693262895,3.097181307978868,9,100,100
4139943102088743059,1,0.4097432143494278,1.158928821646614,8,100,100
-18380882486326025,1,0.42896705079290054,1.2133020420850167,8,100,100
-3244251056767944439,1,0.5637117993253519,1.6911353979760557,9,100,100
-3964839675128133366,1,0.729742225670744,2.7304453891217957,14,100,100
8134198982106642115,1,0.35307383157766076,0.9986436022723236,8,100,100
4504214239697119124,1,0.5076042228364381,1.4357215525062912,8,100,100
-6593534685836250520,1,0.5083958092501193,1.761134743952604,12,100,100
-2629296538300995652,1,0.4333783517430098,1.2257790853477244,8,100,100
-4303361923098678964,1,0.4933646834877406,1.3954460531685444,8,100,100
-7115594723028951982,1,0.5843897504181712,1.8480026525787578,10,100,100
947792899650879002,1,0.49337103179479563,1.395464008892415,8,100,100
-3683170640233152844,1,0.6357495246406476,1.7981712000381043,8,100,100
3239554101687786353,1,0.3793670866618941,1.3141661376355718,12,100,100
2478373379197481772,1,0.786406919337837,2.359220758013511,9,100,100
5977927905116860677,1,0.6109675727406104,1.9320491063649319,10,100,100
3694064827203290672,1,0.3936348281251015,1.1809044843753045,9,100,100
-2859734255796988029,1,0.503174028453016,1.4231910705443218,8,100,100
8520699794795191,1,1.020924138751156,3.062772416253468,9,100,100
3400415559819253796,1,0.15876146387498416,0.6148805056073241,15,100,100
-5252604904272542411,1,0.2304085848954125,0.8923686121231504,15,100,100
-5034042287582537905,1,0.4988173252966666,1.5773988842905924,10,100,100
-4425594265749229093,1,0.6729793740569918,2.0189381221709755,9,100,100
-4440480817482695699,1,0.4254576966648814,1.6477905736988527,15,100,100
4207810717344783202,1,0.4638519690043886,1.3119714909989417,8,100,100
6971665841936848118,1,0.5557005873958928,1.571758614627934,8,100,100
-7007111749515821964,1,0.6621256485594706,1.986376945678412,9,100,100
-8258621108537485905,1,0.7759136168198485,2.57341433671903,11,100,100
7614560304832097204,1,0.465911558095701,1.3177968886506413,8,100,100
2824765379594268440,1,0.6309460547670349,1.8928381643011047,9,100,100
-5061118771119178001,1,0.6326175343001518,1.7893125936046026,8,100,100
367502142570559486,1,0.3903537137912159,1.104087032332486,8,100,100
328645442046063496,1,0.5531816508693365,1.6595449526080095,9,100,100
-6408855781261854449,1,0.6498584243048359,1.8380771945486165,8,100,100
-3523803257326222192,1,0.5285493420310636,1.4949632957674122,8,100,100
6020914893683334863,1,0.4018876536817077,1.1367099407739452,8,100,100
-7374643129490721203,1,0.5926576168516359,1.6762888791906017,8,100,100
-1671637204801562383,1,0.8200691424673945,2.3195058067221264,8,100,100
5622255573522995449,1,0.546529139049952,1.5458178413530665,8,100,100
-5549992616031392362,1,0.6802657996614948,2.0407973989844845,9,100,100
3951702302038281951,1,0.6772747196007904,1.9156221878237458,8,100,100
-2832222581444174111,1,0.5762249149076057,1.6298101792792374,8,100,100
973077767238760287,1,1.0289595216105398,2.72237100333348,7,100,100
-1031802681153121790,1,0.41591389039346244,1.176382129147583,8,100,100
7141358961354118161,1,0.4787062851035098,1.6582872154036628,12,100,100
-3582047784487750233,1,0.8790666400526841,2.4863759291845073,8,100,100
2446842684537806988,1,0.5791841883368212,1.638180268515971,8,100,100
-7436220223989752873,1,0.875384632678041,2.3160500395937222,7,100,100
-9018762980484503898,1,0.6078968500684507,1.719391939781374,8,100,100
-1679745497913709050,1,0.7424412528403582,2.2273237585210746,9,100,100
-4768845343020183471,1,0.38225278518156164,1.208789443116795,10,100,100
-5432540529915581766,1,0.7645718065997742,2.1625356366029997,8,100,100
-9012375606210290438,1,0.4208828791064527,1.2626486373193582,9,100,100
4178261518017752814,1,0.6817169250604423,1.928186642239521,8,100,100
-6666618198454842341,1,0.3757053442377046,1.1271160327131138,9,100,100
-5139188913709855493,1,0.33776820242398714,1.0681168408406057,10,100,100
-2076336102858163858,1,0.45634778486755384,1.2907464530372283,8,100,100
-5963699910527126576,1,0.38912279834706326,1.1673683950411897,9,100,100
-8779637572615497420,1,0.2754784000505997,0.7791705789847985,8,100,100
49837184024392133,1,0.7722517634954601,2.1842578350036392,8,100,100
5689378568114551962,1,0.6169336749283644,1.7449519403367344,8,100,100
606158756673464509,1,0.5166398169080398,1.7135004244418799,11,100,100
-8852000785889901453,1,0.632650627118135,2.098264753533897,11,100,100
-7210261945007306645,1,0.7472410457679277,2.1135168425737163,8,100,100
2425279638903782080,1,0.5947441110023087,1.6821903758419892,8,100,100
4614086967202265091,1,0.39992463426842667,1.3263999562884805,11,100,100
3133914060934160859,1,0.5597673134020115,1.583261052772551,8,100,100
1969105873363605312,1,0.5089265135611433,1.4394615554588475,8,100,100
-1384448025730787645,1,0.50749013120804,1.52247039362412,9,100,100
-6655839254209239157,1,0.40716892630084106,1.1516476355030814,8,100,100
5883180606140774700,1,0.3539342908883014,1.0618028726649043,9,100,100
-8729808460268425659,1,0.4254136867476131,1.854335269731914,19,100,100
-1872383702797460401,1,0.3606334316881143,1.0200253802769648,8,100,100
7742870180927314095,1,0.7748612797417492,2.5699241294779958,11,100,100
-1332336809247249653,1,0.39634769447411183,1.1210405698811936,8,100,100
6931872091400930758,1,0.32354603285303213,0.9151263754255381,8,100,100
-396595096423448436,1,0.5001854295697391,1.4147380363978752,8,100,100
7850210182029158521,1,0.37940581344085317,1.1382174403225596,9,100,100
8440012882825076337,1,0.6006193140144133,1.6988079594048162,8,100,100
-2052611119263412829,1,0.47705790472018733,1.431173714160562,9,100,100
3197910429434597276,1,0.4547272223646656,1.2861628100967126,8,100,100
-313222825366062172,1,0.3920634813492594,1.1761904440477782,9,100,100
-1755407498186172301,1,0.4948346745635479,1.3996038158004926,8,100,100
-1668359889804015401,1,0.6312698572004382,2.3619955242417507,14,100,100
7624315121324044843,1,0.4976212323797346,1.4074853915124685,8,100,100
-6618865702711778226,1,0.6262463004005279,1.771292022824804,8,100,100
6386856330895805199,1,0.6724065384858904,1.9018528923101856,8,100,100
6823139846656798944,1,0.6075456715695007,1.718398656989316,8,100,100
-6738614402054887239,1,0.6611975918619206,1.8701492036391172,8,100,100
-3050406147740463169,1,0.5333440184246573,1.5085246885334327,8,100,100
-1339207083311611354,1,0.5085621912388615,1.5256865737165843,9,100,100
-1165493873558223130,1,0.565418865812536,1.6962565974376078,9,100,100
-8791708915237683924,1,0.6208396437817864,1.6425873014965346,7,100,100
157875651560320580,1,0.5519868698029519,1.5612546350544128,8,100,100
-3728007013281631225,1,0.4457635393600388,1.3372906180801165,9,100,100
7683405250830008914,1,0.35369125754068353,1.0003899466136599,8,100,100
-4440467746046083657,1,0.5715660603780695,2.213665833101646,15,100,100
-105469895903853581,1,0.363587412506783,1.0283804997504673,8,100,100
8500541782982107701,1,0.8638627540290899,2.5915882620872694,9,100,100
-182517622122827272,1,0.3447727973480325,0.9751647318937965,8,100,100
2903048975823217513,1,0.45029571843368044,1.2736286241748949,8,100,100
-5799050002694048217,1,0.48056506980114494,1.3592432786311046,8,100,100
8189416659843633028,1,0.8375848923945588,2.5127546771836764,9,100,100
-6638074032934501701,1,0.9170973886050972,2.5939431299645546,8,100,100
-2533230324153411392,1,0.3592204075239002,1.0160287444029799,8,100,100
6464109355168197062,1,0.6935329854105756,2.080598956231727,9,100,100
-9167722785578026250,1,0.9246658672442652,2.6153500202406397,8,100,100
8961693030765084391,1,1.0478883408520574,2.9638758069712403,8,100,100
-3066201377245116335,1,1.5089547813057445,4.267968633460623,8,100,100
-4386602860603653040,1,0.5860868031126492,1.6577038113795968,8,100,100
-1649931687516383621,1,0.6944115499731488,1.9640924636810986,8,100,100
5856677246131091239,1,0.7748163800099491,2.450184529237996,10,100,100
-652728873846758489,1,0.2199551148430083,0.7930594448670368,13,100,100
-1288356677711467395,1,0.33827687080596064,1.0148306124178819,9,100,100
-1638849285414900504,1,0.5535496336443211,1.6606489009329632,9,100,100
-7267832776258345731,1,0.7424469160072036,1.9643299014219209,7,100,100
7605488244779846408,1,0.642795730918341,1.8181008810004888,8,100,100
3482044244293000836,1,0.45359578764112335,1.282962629434766,8,100,100
-2802407975101142074,1,0.3907969738481048,1.1723909215443145,9,100,100
5943298976611538913,1,0.6339825995039589,1.9019477985118765,9,100,100
8230260479371901294,1,0.6491848180675374,1.8361719483956433,8,100,100
-4146084555274610118,1,0.4089040599976387,1.1565553347161648,8,100,100
-9189482665289381562,1,0.6688069901322876,1.8916718321100199,8,100,100
-689473886581466040,1,0.5725650235171322,1.619458443196797,8,100,100
-5002849972463401847,1,0.7292060891266244,2.0625062820158324,8,100,100
7724546702058702155,1,0.850286916920762,2.550860750762286,9,100,100
-3431887678560925369,1,0.41538398414709765,1.1748833279467925,8,100,100
848276085577595741,1,0.4966064495255142,1.5704074812300695,10,100,100
7881974977278624555,1,0.48189028850194554,1.36299156315067,8,100,100
-876253858162782258,1,0.8334181290560387,2.500254387168116,9,100,100
-3855427496892487565,1,0.953769055209846,2.697666266499075,8,100,100
-3562941926415682447,1,0.7527007078721676,2.258102123616503,9,100,100
-4801373004932285941,1,0.4175832080631696,1.1048213202116888,7,100,100
-6646125908143963868,1,0.4858083803183346,1.611244117526193,11,100,100
8905835393952723242,1,0.5594434657365396,1.5823450732512445,8,100,100
-2608690689234892204,1,0.6484503474150614,1.8340945516798501,8,100,100
7072752333039450257,1,0.5404746900674177,1.5286932736254744,8,100,100
-1195086686152379155,1,1.0483164080841274,2.9650865639416426,8,100,100
7534594835136404218,1,0.4370757553547645,1.2362369220143459,8,100,100
4212696504623300544,1,0.3593676511545025,1.2448860607925731,12,100,100
7305788722218089854,1,0.5899007582493419,1.7697022747480256,9,100,100
1175185403312535738,1,0.9233957587237379,2.611757610849809,8,100,100
8920677267202726172,1,0.40968290074729397,1.229048702241882,9,100,100
6978260612706517071,1,0.5966119408515211,1.6874733964519122,8,100,100
-6084748128400715042,1,0.49717520391541314,1.406223832505573,8,100,100
2299288908895636633,1,0.9051086922543834,2.71532607676315,9,100,100
-2962139285272676890,1,0.40955807492275825,1.0835888136839775,7,100,100
-2356620905348384701,1,0.5645894576912759,1.6937683730738278,9,100,100
-6519094061338049508,1,0.3011741855374842,0.9035225566124526,9,100,100
-6155527046408420313,1,0.5941113374181911,1.680400621872848,8,100,100
7985997795488978104,1,0.5649347211734362,1.597876689077873,8,100,100
1625148858178800274,1,0.6136617375221475,1.8409852125664425,9,100,100
2569497247687733637,1,0.2970569711922143,1.0290355336948789,12,100,100
-1052111156958529383,1,0.5624835929313295,1.590943851471667,8,100,100
1029360700713957986,1,0.7326361837513224,2.1979085512539673,9,100,100
-4352569056847183352,1,0.6067704578714498,1.7162060215382742,8,100,100
6575687524310196106,1,0.5327958308087822,1.5069741798112417,8,100,100
-2306832988704226608,1,0.48628212426395984,1.3754135505473815,8,100,100
7514695670017544276,1,0.4128690225446864,1.430220247837394,12,100,100
-5196536157242627894,1,0.5223696148774121,1.567108844632236,9,100,100
3787515349731061344,1,0.48165024447137605,1.3623126161034738,8,100,100
-1614784214544850683,1,0.36968007163146327,1.1690310319296227,10,100,100
3053312432550595691,1,0.47850292665564687,1.2659997455474215,7,100,100
-3329586765385970085,1,0.48622755307191523,1.2864371860157475,7,100,100
-3303981931372569197,1,0.3187166751040683,1.0078706216047388,10,100,100
2115696744659537318,1,0.351738090575803,1.2682097211048546,13,100,100
-5270009221850976921,1,0.7009772146646994,1.982662967786669,8,100,100
-7750385388138645215,1,0.66336284265029,1.8762734577008193,8,100,100
-6501173358367114138,1,0.5796357284362291,2.2449195231003203,15,100,100
4263792488281887333,1,0.838255947203332,2.514767841609996,9,100,100
-3547436951713834124,1,0.3657427177078568,1.1565800255768257,10,100,100
-3956329726949357580,1,0.26554960070209727,0.8397415699668755,10,100,100
792567163727798050,1,0.6107710580931691,1.8323131742795074,9,100,100
8915450438092837292,1,0.5494258147492669,1.554010877472602,8,100,100
7411272370124665808,1,0.3041010028797529,1.053436775240763,12,100,100
5919122369445743613,1,0.48660829860625454,1.6138971463501668,11,100,100
4478350107670108609,1,0.5875427199638596,1.6618217660929355,8,100,100
-2469915467982366935,1,0.9149364698800277,2.7448094096400832,9,100,100
4233618210123934175,1,0.45096094887216365,1.1931305217174588,7,100,100
-2088098135498857202,1,0.48210049602380045,1.36358611980731,8,100,100
-505308730793033782,1,0.5296862990360707,1.498179095800044,8,100,100
-8520437802313581896,1,0.46322605020306534,1.3102011252833905,8,100,100
-5471096204349170309,1,0.5094797730585815,1.4410264096284253,8,100,100
-3272358719332115909,1,0.5261711729676588,1.4882368178812455,8,100,100
7396844164879539163,1,0.8531133636124189,2.412968978124825,8,100,100
-1018632780377376532,1,0.6904858981700296,2.0714576945100887,9,100,100
835683722379685069,1,0.8087779287046908,2.2875694314443877,8,100,100
-2742187368614425184,1,0.6196199568329469,1.7525498929403707,8,100,100
5757913825074373160,1,0.8448625370520277,2.3896321164798384,8,100,100
-2044066155885527892,1,0.9198339905679356,2.9087704794365146,10,100,100
-3573853788726796575,1,0.8523472149803764,2.2550987615165834,7,100,100
738178422686402853,1,0.43660174260582324,1.2348962114977649,8,100,100
1584795536509457191,1,0.4399914953718054,1.2444838801672522,8,100,100
-3444849811240143787,1,0.3476601009062109,0.9833312595951245,8,100,100
-1645559828674698982,1,0.755145494273576,2.504534266632924,11,100,100
1802200447946690744,1,0.5590835334593651,1.7679773680265511,10,100,100
3077382423137707901,1,0.7944633510286864,2.2470816916662906,8,100,100
120356990471327546,1,0.5260839510266034,1.4879901169772916,8,100,100
-9155306246208841448,1,0.43596454142202784,1.3078936242660835,9,100,100
-2515591969689594308,1,0.48225099452617964,1.4467529835785389,9,100,100
-6811592185806788140,1,0.5676465511030988,1.7950560074249577,10,100,100
7196596138998178764,1,0.4466729643552333,1.26338192827313,8,100,100
7462451612678886028,1,0.7047886146667355,1.9934432349356852,8,100,100
1688084189046412514,1,0.33342600148253104,0.9430711466888543,8,100,100
-7697388084726839360,1,0.634678382485223,1.9040351474556692,9,100,100
-5091676723116364044,1,0.40023394390990163,1.1320325431989111,8,100,100
628111143699808039,1,0.5386198072603189,1.523446872780651,8,100,100
4559498818451811722,1,0.36440963504900337,1.2086100294478885,11,100,100
5383736542860672995,1,0.7502044748611011,2.1218986858031097,8,100,100
-5330141787223692568,1,0.39832673305734795,1.126638136290938,8,100,100
-7989238854475149452,1,0.4106894919879545,1.422670132515577,12,100,100
-5325727642079465869,1,0.6206558420029609,1.8619675260088826,9,100,100
4527385840399813640,1,0.3951742806596879,1.1855228419790638,9,100,100
-7612783805828099952,1,0.6115500380193611,1.729724715673525,8,100,100
-2237911914399266353,1,0.5497558231459344,1.6492674694378033,9,100,100
-6393538851999255439,1,0.5680900129960805,1.60680120205553,8,100,100
-5251228842391902787,1,0.6041982231912084,1.7089306431974665,8,100,100
-8036432954715870633,1,0.45244009717617756,1.2796938431759028,8,100,100
4467368866684316595,1,0.6337424179433123,2.195348133578734,12,100,100
-4067390989699920987,1,0.5929411340418826,1.6770907869018274,8,100,100
1931686266862487413,1,0.5286384650545328,1.4952153737444318,8,100,100
7086966705316945640,1,0.7317830697002353,2.195349209100706,9,100,100
-1478528975784638006,1,0.503833289932422,1.425055743594974,8,100,100
3111666999965902650,1,0.750537182583408,2.251611547750224,9,100,100
-7797609547124826666,1,0.7748104945371,2.0499558817481365,7,100,100
-2737939234340968805,1,0.4159990545702469,1.100630044030861,7,100,100
5955111582379537777,1,0.6690830597709094,2.317771708013718,12,100,100
2722949323769984129,1,0.9305967627868819,2.632125126067413,8,100,100
2378126733168349046,1,0.6296025777981931,1.7807850088545327,8,100,100
-6081011063552694173,1,0.6418893230640388,1.8155371724392977,8,100,100
-8737997421100660328,1,0.37009647222107156,1.1102894166632147,9,100,100
6798709664394398043,1,0.5179751151668479,1.4650548656814444,8,100,100
-6220559694582778691,1,0.396484421355616,1.3734623243949473,12,100,100
9178693611177882310,1,0.3731478149561057,1.1799969991763375,10,100,100
2043372109262601585,1,0.6401454188925749,1.9204362566777249,9,100,100
-4800477855413752652,1,0.479038558060699,1.3549256514181838,8,100,100
1027128539048044978,1,0.4544789210154822,1.7005044119506296,14,100,100
-1782212640118246392,1,0.3695863670927444,1.045348105621521,8,100,100
-2279677355085061940,1,0.4851641299298087,1.3722513850473559,8,100,100
-6618056626220749933,1,0.7423507484534378,2.2270522453603134,9,100,100
-2268197813367676764,1,0.4629315432665322,1.3093681338756742,8,100,100
-7387050782385858201,1,0.6292065550465683,1.7796648873618206,8,100,100
-3314059014639367492,1,0.5641312134025891,1.5956040259038646,8,100,100
7007176913425291748,1,0.5670365630127034,1.6038215955479829,8,100,100
-6881957695033563410,1,0.4155191878619107,1.3139870451470284,10,100,100
-6167617986363243577,1,0.38648960887433975,1.1594688266230193,9,100,100
-5753975599668624931,1,0.3354769523023165,1.0064308569069496,9,100,100
3120546075915982920,1,1.2538936320365839,3.5465467603987926,8,100,100
2265340802352537960,1,0.4970508375263137,1.4058720712372372,8,100,100
-7605659977803539227,1,0.8519678693482093,2.4097290310766937,8,100,100
2158798004485737458,1,0.8058159321391991,2.4174477964175973,9,100,100
5920214871157634897,1,0.706088055640448,2.2328464844635163,10,100,100
-5503151241068453263,1,0.8863373353412459,2.50694056095444,8,100,100
3516714234674667337,1,0.4828791706811942,1.365788544329635,8,100,100
-3479787390093716259,1,0.5316684896858993,1.595005469057698,9,100,100
7841764186273069551,1,0.6696462080115941,1.8940454987234223,8,100,100
-8764921849844532153,1,1.2120588328148718,3.4282200795217914,8,100,100
-8183174848104393093,1,0.5507061351995521,1.6521184055986564,9,100,100
941604696277239782,1,0.4836030157459449,1.3678358873448895,8,100,100
-6565370859504190926,1,0.3711570625371712,1.1134711876115135,9,100,100
-433807507766891630,1,0.4268485367617312,1.6531772742311892,15,100,100
6310395489410277015,1,0.5364504149676287,1.5173109047757907,8,100,100
-2941954169282862230,1,0.7419631655813904,2.225889496744171,9,100,100
3105476515354256397,1,0.6171718027708156,1.851515408312447,9,100,100
3021580330706076212,1,0.5559657650429171,1.7581181186136388,10,100,100
-5442597567342390886,1,0.6039751426085156,1.8119254278255468,9,100,100
8101804773070116647,1,0.507122708580175,1.4343596245229246,8,100,100
-7608873994477930709,1,0.4566218260684997,1.443964999721708,10,100,100
1706631951265586542,1,0.3845289895772826,1.1535869687318479,9,100,100
-4913205060293339179,1,0.6767935441640514,1.9142612181667116,8,100,100
639483928962140935,1,0.39162320970205616,1.5167501691643586,15,100,100
-6337999606477332755,1,0.6349373185435119,1.795873934282081,8,100,100
-7543287298836714225,1,0.4645135660574047,1.3138427700493447,8,100,100
1815385163056036830,1,0.3488141456004168,0.9865953909113858,8,100,100
5107315556340145189,1,0.6707711481604202,1.7746936446697323,7,100,100
-7607297286513997062,1,0.712250039890991,2.014547332429235,8,100,100
-7045404198774893359,1,0.32543849790489693,1.260417882600423,15,100,100
-8018012368760822820,1,0.31235199171219324,0.9370559751365797,9,100,100
2260747624150401117,1,0.4767916663868999,1.2614721764478114,7,100,100
-299592629213405885,1,0.3615634332321583,1.084690299696475,9,100,100
-7867234209328311229,1,0.3850131442498657,1.2769441388317841,11,100,100
2035893380929146230,1,0.2832086319645169,0.8496258958935508,9,100,100
-7319331679608262897,1,0.49698231631780143,1.4056782639924608,8,100,100
7036727667744916735,1,0.8320306481422013,2.3533380538255555,8,100,100
-5912773352978826476,1,0.4568534780801149,1.4446975477029718,10,100,100
-5101186210363115738,1,0.4101421856465628,1.1600572828854259,8,100,100
8983909842702634175,1,0.8373656221312535,2.3684276389660064,8,100,100
6618801700094223906,1,0.5471440862875544,1.7302215209603735,10,100,100
-2916723603476055073,1,0.47833184007996593,1.4349955202398978,9,100,100
5424720810620334346,1,0.4492272957850919,1.420581441799049,10,100,100
1881028654549500756,1,0.7088305856833782,2.0048756553965954,8,100,100
8752299200326380833,1,0.43864141509092486,1.6988508956040067,15,100,100
-7420336146182843178,1,0.4045388162770325,1.1442085609706742,8,100,100
3139280384134188814,1,0.7416460039413869,2.2249380118241606,9,100,100
5177533762700243397,1,0.49199407121398164,1.475982213641945,9,100,100
-3888470843829858716,1,0.3733478666691626,1.1200436000074878,9,100,100
-7985890823379543060,1,0.6549540480073023,2.1722368321646393,11,100,100
-3296503126588999493,1,0.5686443796447553,1.6083691877216963,8,100,100
8492128361225170610,1,0.577187209253761,1.731561627761283,9,100,100
-918354977905091656,1,0.8156970838825224,2.307139757629695,8,100,100
-9041032609082541001,1,0.38090346326000457,1.0773576873943609,8,100,100
2814263982938507077,1,0.8103330150219525,2.5624979907008085,10,100,100
-6102374678194889758,1,0.6058390263647504,1.7135715353998824,8,100,100
-5575146917418088264,1,0.48415880783186505,1.3694079047564254,8,100,100
-1882179937756165937,1,0.41734885166041663,1.2520465549812498,9,100,100
6646522243114671531,1,0.5487359724377511,1.646207917313253,9,100,100
-219892532663451577,1,0.40013486372088497,1.3270972085021666,11,100,100
4308937949527305443,1,0.3303123846995058,1.0445394750121908,10,100,100
3229061984038868003,1,0.5259716888945261,1.7444507424126832,11,100,100
5452438544003457599,1,0.41260257582428017,1.2378077274728405,9,100,100
-1686676846474587345,1,0.7069613004085515,1.999588518221387,8,100,100
5979002681501964258,1,0.6614039999813572,1.9842119999440717,9,100,100
-5127886034300887043,1,0.5684493258586343,1.607817492302247,8,100,100
1523738148046868896,1,0.4460014548621947,1.2614826126084953,8,100,100
5999525256551886572,1,0.3348042333929583,1.1104200203870207,11,100,100
-2564183697070102332,1,0.6373624208036055,1.8027331592948135,8,100,100
5778303243036244044,1,0.4454542084830593,1.3363626254491778,9,100,100
7669031797090393257,1,0.49112274450711996,1.6288698695396953,11,100,100
-4915396119759676977,1,0.514218359346645,1.4544291556185343,8,100,100
9143358019149769534,1,0.5152069447493068,1.6292274117443377,10,100,100
4563153366218197286,1,0.4523082505304579,1.3569247515913738,9,100,100
1909660961806874514,1,0.8882104541327913,2.512238540952319,8,100,100
3962833799401464389,1,0.5128999982057155,1.4507002672073182,8,100,100
2086284021827700822,1,0.7528807851646193,2.3808180876961047,10,100,100
8768218580149867961,1,0.3395331665305188,1.1761773905712063,12,100,100
3357853570215070111,1,0.350369387752876,1.051108163258628,9,100,100
1473838075781762820,1,0.5764653677731569,1.7293961033194707,9,100,100
-1182748923798292935,1,0.4030304000903912,1.1399421157129719,8,100,100
6004377289011189612,1,0.8306839016406165,2.349528879490316,8,100,100
-3935687127022061373,1,0.41818403067396565,1.4486319760825006,12,100,100
-3642501235579480533,1,0.47914937379428935,1.437448121382868,9,100,100
8476630509684903621,1,0.4672929486856278,1.3217040512650593,8,100,100
-3143835059844940963,1,0.7632516839490665,2.4136137492380296,10,100,100
8940155773507798339,1,0.7729964998848672,2.3189894996546014,9,100,100
-5444919067274671718,1,0.6633062053325711,1.8761132631751103,8,100,100
-586406191171565506,1,0.5925194706991517,1.777558412097455,9,100,100
5454620306191920561,1,0.8237197917355618,2.3298314021351456,8,100,100
-2654326787376105370,1,0.4833423348583891,1.3670985704516239,8,100,100
-5317518819316829198,1,0.3943319722369716,1.115339246429712,8,100,100
1029046050932530701,1,0.36351440504998184,1.205640887440064,11,100,100
8854605303774295525,1,0.8067528743151773,2.134467474924507,7,100,100
6486149004213466204,1,0.6334240017666667,1.791593628062119,8,100,100
6855935402351315093,1,0.3375723623062829,1.0127170869188487,9,100,100
4529644084591446516,1,0.35023794112680623,1.0507138233804187,9,100,100
-8900703367158535227,1,0.5295372272142743,1.5886116816428228,9,100,100
4467780314858326107,1,0.415210947502893,1.174393906408749,8,100,100
-3604016883938912856,1,0.8657459684838652,2.448699380399425,8,100,100
-1241070083055405862,1,0.5387732421240481,1.5238808521111042,8,100,100
3106570002018994078,1,0.8244312762365219,2.473293828709566,9,100,100
4488989115901249816,1,0.3944128197057614,1.2472428486395482,10,100,100
1671182695765148730,1,0.27551883351317186,1.0308970786098992,14,100,100
-6557563081622083878,1,0.6922253531644477,1.9579089653273347,8,100,100
-89562636421804468,1,0.5836548383112425,1.7509645149337276,9,100,100
5578681110816434813,1,0.6400900817640394,2.1229386332392277,11,100,100
-5157811412507876339,1,0.6631068429162348,1.8755493811090895,8,100,100
1659572941069021706,1,0.46401954366812703,1.3124454637232799,8,100,100
-4972660414340851341,1,0.7202672360076734,2.2776849897782916,10,100,100
4841421738827606313,1,0.76488246622377,2.29464739867131,9,100,100
-8301743017453688817,1,0.547213268958955,1.5477528529445406,8,100,100
-8275435726908831557,1,0.4441262539918226,1.404450531292608,10,100,100
-67960317417423341,1,0.37872839253903406,1.0712056583689267,8,100,100
6419995007912687093,1,0.7022105377700522,2.1066316133101566,9,100,100
3393769711809368863,1,0.3395468348743125,1.1261494500308562,11,100,100
8720931245992054917,1,0.33778996670627354,1.217919045296743,13,100,100
-2279915079750701929,1,0.6310405461593716,1.7848521975718168,8,100,100
-485530090448727889,1,0.515533891102638,1.45815004132065,8,100,100
-888777818534946711,1,0.508553564054348,1.4384066949576673,8,100,100
-4815452187302593086,1,0.49690078798449133,1.490702363953474,9,100,100
-5842731481904704359,1,0.7673483202305581,2.302044960691674,9,100,100
5951183179619147498,1,0.5347718260084509,1.8525039462060409,12,100,100
-3254409916071305863,1,0.2858889640507483,0.857666892152245,9,100,100
-8385162213281280642,1,1.0147921453389703,2.870265629856122,8,100,100
-4972428180968148567,1,0.2679628784638346,0.7579134738721766,8,100,100
-5711313354820013531,1,0.5823468452071241,1.6471256129942007,8,100,100
-5201775668584620477,1,0.47357381273018306,1.707494664515656,13,100,100
6541453555632691767,1,0.6290808198397897,2.0864250422177455,11,100,100
1780616301773093306,1,0.39808396772019605,1.3790033155399768,12,100,100
6488643492615815097,1,0.3642932942767239,1.0928798828301718,9,100,100
4194031581059386574,1,0.6715733624099863,1.8994963144974089,8,100,100
4601920280113565215,1,0.40941480457508556,1.2282444137252566,9,100,100
-3530825383945569950,1,0.6231162320642456,1.762438852640154,8,100,100
2942564737026317045,1,0.4344157906903935,1.5048604421719367,12,100,100
5509503244837846625,1,0.4928227256181126,1.3939131648296188,8,100,100
-3424799795145309564,1,0.6478866782934452,1.8325002546468891,8,100,100
3627291109835997921,1,0.7620545591039165,2.1554157855060163,8,100,100
1607977215558376833,1,0.26183049220703863,0.740568466244034,8,100,100
-5874218491779256378,1,0.5513406126162959,1.4587101486727194,7,100,100
-6708668797689421636,1,0.3715854198568189,1.0510022806832282,8,100,100
-6346511427414812399,1,0.5144122213915675,1.6267142758241446,10,100,100
6005064217427271376,1,0.4857578591614671,1.817539481914999,14,100,100
8261673155907434232,1,0.2842858355970137,0.8040817685837296,8,100,100
8190982389268233856,1,0.4118115817264592,1.3658245009094434,11,100,100
-1959465086841168110,1,0.4332712029473498,1.3701238458746843,10,100,100
-3697807666594774654,1,0.6319708925497151,1.787483614537674,8,100,100
4441247720643341035,1,1.1380958815250142,3.2190212618672764,8,100,100
-4850420368851774465,1,0.7975444858343702,2.2557964569256863,8,100,100
7795131011361117797,1,0.42327273846220487,1.1971960946321003,8,100,100
4447181043043844747,1,0.5776937757367586,1.5284340645493828,7,100,100
-6400310711969623152,1,0.38212543878829347,1.1463763163648804,9,100,100
-6239787073245796544,1,0.3883904201767251,1.228198349148268,10,100,100
3465452691165816347,1,0.8925629712311377,2.361499651342489,7,100,100
4900162808675293750,1,0.3781230313401585,1.1343690940204756,9,100,100
-9935824139073462,1,0.5477932955222996,1.5493934158093778,8,100,100
7284260222602676548,1,1.3179329829060409,3.727677397449103,8,100,100
-7439069119308564029,1,0.6610239234106661,2.0903411858384033,10,100,100
-4553074039279235029,1,0.5264108211226999,1.488914645223359,8,100,100
8842376681553707657,1,0.6363604769623363,1.799899234156695,8,100,100
-3249795766231413404,1,0.5474143951264863,1.5483217236522826,8,100,100
-5244276603474482922,1,0.640865598532204,1.812641642205188,8,100,100
6395458898544722208,1,0.7407803863253769,2.2223411589761306,9,100,100
-2961147013604906021,1,0.7407365259976019,2.0951192824218787,8,100,100
-4417437050743584944,1,0.6540309098030418,1.8498787657093525,8,100,100
-8003570263957435437,1,0.2638901265081261,0.7463939917682876,8,100,100
-5863628725802982634,1,0.6272416434590582,2.0803251842395754,11,100,100
-7661281999038123522,1,0.5271938225135364,1.491129307595915,8,100,100
-6158441934367575013,1,0.6033413267693634,1.81002398030809,9,100,100
-1949023253083865428,1,0.7782564077171552,2.201241533594732,8,100,100
3078254829229473830,1,0.8345408245174454,2.360437904773193,8,100,100
7526975632432286846,1,0.9791810391756156,2.769542211241473,8,100,100
-8328964133201572725,1,0.5883656920662709,1.8605756840306764,10,100,100
-2307081186930621387,1,0.6360772788280946,1.9082318364842838,9,100,100
-2566388856052806096,1,0.4435393641552675,1.2545187684694368,8,100,100
-3691498337277550203,1,0.4411157830293361,1.2476638458738294,8,100,100
-7651512638882079046,1,0.5419596410717642,1.7138268656741131,10,100,100
-7789923768490378807,1,0.6385190866415735,1.8060047043251894,8,100,100
3346788008116446643,1,0.6324979317583274,1.7889743065311179,8,100,100
-3295899819533455014,1,0.5945768970304871,1.6817174233084524,8,100,100
8473301770747782052,1,0.5773435330905822,1.914831874399598,11,100,100
-2718050802022725755,1,0.712617717260014,2.3634855871110374,11,100,100
-4104733743673710313,1,0.4009716786732678,1.134119172214484,8,100,100
4190804873471732620,1,0.9212045881239934,2.605560044490545,8,100,100
1615135757095332557,1,0.686469887950241,2.276763048208263,11,100,100
1065858328748371807,1,1.03499815019844,2.9274168420833995,8,100,100
-750419414415151767,1,0.5473904864406683,1.548254099676798,8,100,100
4266291710686589019,1,0.3540056767845313,1.0012792585315011,8,100,100
-4328014309847487738,1,0.35050431136253796,1.2637612668888258,13,100,100
-3267301474875167301,1,0.4762346045442376,1.5059860509493652,10,100,100
5979038239177983772,1,0.3398804139490917,1.074796240159994,10,100,100
2964448325904905103,1,0.3580400321718811,1.0741200965156432,9,100,100
4807070429875235844,1,0.6568347994095469,1.9705043982286408,9,100,100
3245764772011754821,1,0.45206590647967,1.35619771943901,9,100,100
8042112273004527931,1,0.5135366410115035,1.5406099230345107,9,100,100
-4274057879063558935,1,0.5616776333526647,1.5886642535379223,8,100,100
7184191782303161242,1,0.39759775194892755,1.2573144887212624,10,100,100
4115438063724163530,1,0.42444306931832704,1.2733292079549812,9,100,100
-7051758890276169060,1,0.47813771121538706,1.5120042026604585,10,100,100
3602348176316618378,1,0.41795448678160224,1.321688136516601,10,100,100
-5633068095345204327,1,0.4656769177767504,1.3970307533302513,9,100,100
5352151975698703958,1,0.773076687542316,2.994113136192585,15,100,100
-1258485927996928151,1,0.6453034897947115,1.8251938942287385,8,100,100
-9090603050899369113,1,0.36951934828656624,1.1685227800865872,10,100,100
662221994118210183,1,0.37991747483971844,1.5664398777820991,17,100,100
-7197701297688492673,1,0.6953308699851742,2.0859926099555226,9,100,100
3126657370039566520,1,0.3895241083329972,1.101740553751623,8,100,100
2486883019029934566,1,1.023227171479538,2.8941234865900465,8,100,100
4373755116203252946,1,0.44639004461654086,1.2625817104100863,8,100,100
-3328347394889166695,1,0.8390692950368325,2.373246353623841,8,100,100
880267781147637660,1,0.7736448461101688,2.1881980676580937,8,100,100
-3928841773756464023,1,0.3228975019577997,0.9686925058733992,9,100,100
6842581078425075576,1,0.9530245220809993,2.695560408802173,8,100,100
5740996765215765093,1,0.42668349716039167,1.280050491481175,9,100,100
6049264363650459251,1,0.4401601094898311,1.3919084811369609,10,100,100
-6270737684360381406,1,0.34842629728587954,1.0452788918576386,9,100,100
3374637756933261350,1,0.5486224370897851,1.5517385823091085,8,100,100
1710216516687531857,1,0.328838947753437,0.9300969994988165,8,100,100
1217920932997027709,1,0.5397391490616188,1.5266128494933098,8,100,100
-2142077799804039261,1,0.6007297576738111,1.6991203412468132,8,100,100
-702461120712879294,1,0.46675588901974263,1.4760117205991636,10,100,100
4520201763018144934,1,0.6993573019342442,2.521568611994068,13,100,100
4805199598374711723,1,0.5073110963911299,1.4348924657174011,8,100,100
-2413363664355682662,1,0.42570946360526907,1.3462115264812062,10,100,100
8548338335812759223,1,0.34877441379317303,1.1029215371764733,10,100,100
3340399334741561375,1,0.5998283256531249,1.5869965790104335,7,100,100
-4450564193546862655,1,0.5304727001777139,1.5004033741199991,8,100,100
-3333969266260785760,1,0.3679149890635251,1.3265363580803124,13,100,100
-6095513987394022288,1,0.4851451703465426,1.372197759247772,8,100,100
-387251111782040995,1,0.539079368200692,1.617238104602076,9,100,100
7144015355173008292,1,0.8693609414750281,2.4589240680628546,8,100,100
8097426772780088864,1,0.9137356040491263,2.584434567338894,8,100,100
6682115107862199555,1,0.6139568000734797,1.8418704002204394,9,100,100
3263699745350568551,1,0.6927200868171575,2.1905732552917976,10,100,100
6936989050520795109,1,0.6401030449344447,1.8104848149252128,8,100,100
5309394468758123268,1,0.43410303366304426,1.3023091009891328,9,100,100
9083585000254726069,1,0.5472019975995898,1.5477209727259793,8,100,100
3954730619739684178,1,0.6257924820584145,1.8773774461752435,9,100,100
7707203931196394072,1,0.6723582644669407,2.12618351935339,10,100,100
-632752483283460344,1,0.529864398129545,1.4986828361069195,8,100,100
-912040097599887303,1,0.34174483896343877,1.0252345168903163,9,100,100
2439072237939800581,1,0.4575994681236919,1.2942867479104798,8,100,100
-895975473316479620,1,0.5322672357937771,1.765330709327584,11,100,100
3202312497162294399,1,0.39265889368557644,1.3602103078144092,12,100,100
-7376677227573306487,1,0.6925353776848737,1.9587858470902444,8,100,100
-6812944997095026577,1,0.6727309271000821,1.9027704018655243,8,100,100
4601908196973857051,1,0.3894106741367839,1.030283801639942,7,100,100
-937869146614381910,1,0.40395650539943434,1.211869516198303,9,100,100
-7901161507369183845,1,0.7253461586941365,1.9190855503406765,7,100,100
6808726745715363044,1,0.3048114140226048,1.055897711628128,12,100,100
-6872257935516056817,1,0.7665393177604763,2.1681005985381705,8,100,100
-7265537942578286659,1,0.5357768640406086,1.6942752079906878,10,100,100
-1685737664536440772,1,0.742506430512954,2.1001253283613113,8,100,100
-3374462864299897172,1,0.4234353614408556,1.197656061876023,8,100,100
-8421669757904105184,1,0.9166621043312996,2.59271196011757,8,100,100
5303500900785284182,1,0.35258550541406514,0.9972624073054865,8,100,100
-3316824105323497855,1,0.729047939256222,2.187143817768666,9,100,100
82470309642763992,1,0.579126555688826,1.6380172587711106,8,100,100
5310288267390119233,1,0.33508463203041194,0.9477624623204133,8,100,100
-3454080342383016106,1,0.2904842295669003,0.82161347421802,8,100,100
9078121639993690584,1,0.5568957620434204,1.761059027352354,10,100,100
-1342667689208436357,1,0.3355597114864047,1.1129256577603153,11,100,100
8035869143532317812,1,1.114637907665524,3.3439137229965716,9,100,100
5805290977774653612,1,0.6345735096401703,1.7948449273116458,8,100,100
-3447229739119953037,1,0.722760424634929,2.1682812739047868,9,100,100
-505321559753702453,1,0.4519164696620988,1.3557494089862965,9,100,100
2568956817471306470,1,0.39757857679780084,1.1245220308328863,8,100,100
-3342914400154290551,1,0.46276382005553846,1.3882914601666154,9,100,100
-4660590558384310283,1,0.6457225336436123,1.7084212399715366,7,100,100
-1947733667442535885,1,0.8142209847750136,2.4426629543250407,9,100,100
-8756397017904019504,1,0.38518562018377284,1.2180638817252474,10,100,100
2909276799796060701,1,0.7363235935974399,2.3284596506880852,10,100,100
3026202332659182869,1,1.1118730080712693,3.144851775301918,8,100,100
-4946173699637286166,1,0.9690993331994854,2.9072979995984563,9,100,100
7860359279399741122,1,0.4488587388204808,1.3465762164614423,9,100,100
1677764459982797303,1,0.6390702088198521,1.8075635132432817,8,100,100
3497451244952677784,1,0.5801984388097243,2.1709037743671136,14,100,100
8710437038175697634,1,0.4172108335708092,1.180050438409645,8,100,100
-2384021852646127558,1,0.33965759465027656,0.9606967538348887,8,100,100
1455248337921832657,1,0.6515120407732322,1.8427543282217558,8,100,100
-5979810458751587645,1,0.5248889650259944,1.5746668950779832,9,100,100
2577126115407529001,1,0.32442247265067864,0.973267417952036,9,100,100
5007227883505318926,1,0.6682857745578618,1.8901976118414736,8,100,100
5701436395548349388,1,0.4236309855626701,1.1982093704484178,8,100,100
-7229137393976814639,1,0.5418568888068808,1.6255706664206424,9,100,100
6071977817542343550,1,0.5976118764430929,1.6903016414021126,8,100,100
-4711431754814748435,1,0.5395037658051525,1.6185112974154574,9,100,100
2186579888869858266,1,0.9660541202951222,2.7324136778155426,8,100,100
-3724466344379359135,1,0.5116892996346101,1.4472758945289121,8,100,100
-6494795246260182092,1,0.45995666614331776,1.4545106899905393,10,100,100
2597107567714213721,1,0.4766752982233401,1.3482413431913747,8,100,100
-2581375806606838979,1,0.5072428137763954,1.4346993333177371,8,100,100
-3016277698273488432,1,0.3427502008187361,1.1873215242449733,12,100,100
-5633840325794411757,1,0.6622153886638261,1.8730279677211066,8,100,100
-3313705477487951044,1,0.6062604309651378,1.714763447602111,8,100,100
-4275019501586579005,1,0.4112077759181691,1.300353163473551,10,100,100
5682584540513969864,1,0.5386955627231803,1.616086688169541,9,100,100
4141354039642085759,1,0.5008227513800055,1.4165406546932253,8,100,100
46213799003012768,1,0.3215081151007508,1.0166979299459482,10,100,100
7192623434338007969,1,0.42208328916115645,1.3998919004266381,11,100,100
5269901539903923109,1,0.32792511617730713,0.9837753485319214,9,100,100
-3647871032126320218,1,0.5806483744091585,1.7419451232274756,9,100,100
-7140814527225325346,1,0.8216504369128755,2.3239783828239355,8,100,100
5060619782817498185,1,0.8387863021566123,2.219219958633877,7,100,100
-1339945660484261473,1,0.571433384556764,1.616257684865872,8,100,100
9176128913227343611,1,0.43457787204384646,1.3742558963677682,10,100,100
1086799466410670713,1,0.38648565353870623,1.0931465057941352,8,100,100
-4439928820713733838,1,0.38441527269820586,1.087290584466309,8,100,100
4520816013420938902,1,0.838479424116897,2.515438272350691,9,100,100
2835910794695162114,1,0.7217503393759573,2.2823749744275363,10,100,100
2524061403142985931,1,0.2549236744112825,0.9873151455488989,15,100,100
-6767980647483616918,1,0.44215741418331883,1.3982245131497266,10,100,100
8521706055202548007,1,0.42115516523142316,1.2634654956942695,9,100,100
-1987863694778988720,1,0.4157890756288838,1.17602909968188,8,100,100
-8382406045960672926,1,0.4806055036224365,1.5198080474592042,10,100,100
862276757053401665,1,0.5071410407947803,1.4344114758559707,8,100,100
6088399424857834740,1,0.3565086933854843,1.2349823405673066,12,100,100
-8204371653796426681,1,0.7681742556611545,2.3045227669834634,9,100,100
-3560340862235833061,1,0.5650981377889274,1.6952944133667822,9,100,100
-7491800957554155445,1,0.3437235216441379,1.0311705649324137,9,100,100
1390828164083666327,1,0.5111347414289008,1.4457073670576335,8,100,100
2952439668376989143,1,0.35676350129209883,1.0702905038762964,9,100,100
-2352607116524695131,1,0.8171492618238123,2.161973730805814,7,100,100
2586031493902296413,1,0.6019524654225992,2.2522998887352537,14,100,100
-3733754322006093902,1,0.715908159145656,2.147724477436968,9,100,100
2371602820419965427,1,0.4944375112707478,1.3081586936840943,7,100,100
904621553610408235,1,0.20706419275217058,0.8019561701250392,15,100,100
2401183039566182450,1,0.7092916004817179,2.006179602157129,8,100,100
-5633149709764931063,1,0.7797538555601502,2.205476955691752,8,100,100
7182611655878692035,1,0.6409298957431481,1.9227896872294443,9,100,100
3405250302014262396,1,0.47831648852592,1.352883330360062,8,100,100
-2107063091695385965,1,0.27372198640987017,0.7742026910010849,8,100,100
-7962290943566956829,1,1.1303984192953684,3.1972495509052377,8,100,100
-7273096809187200135,1,0.46201262045583297,1.4610121883833331,10,100,100
6921552938875873260,1,0.5224432107309708,1.9548034986014315,14,100,100
-9103138001979131495,1,0.9056680508355028,3.003761109233883,11,100,100
-3093234436537983162,1,0.3878835337011071,1.0971003079626145,8,100,100
-2326421083463548694,1,0.7627892171644537,2.288367651493361,9,100,100
-4940314648385103333,1,0.4575216623198141,1.3725649869594423,9,100,100
-4280347715401333602,1,0.4558215424968524,1.3674646274905573,9,100,100
-6218303566105360057,1,0.9334997244519014,2.6403359415828525,8,100,100
-6464388420022108488,1,0.42532862146374006,1.4733815645768564,12,100,100
-457558323131385153,1,0.7463799129236263,2.1110811910788843,8,100,100
8458830023546965052,1,0.6456508192271224,1.9369524576813673,9,100,100
8148620877124808441,1,0.507778729148147,1.4362151308917679,8,100,100
4757093584374604449,1,0.4122146091186325,1.1659189816477884,8,100,100
6089502380789272299,1,0.7571115214100771,2.141434763614118,8,100,100
-2921010703464074028,1,0.6234816583212119,1.7634724341774521,8,100,100
2167485178605514328,1,0.33479866182274387,1.0043959854682316,9,100,100
2818076227523842032,1,0.41469660869229086,1.1729391365655322,8,100,100
720658579277943164,1,0.5690145889578415,1.609416297784663,8,100,100
7514915050588830789,1,0.835901305416957,2.6433520242256288,10,100,100
8912913896250345671,1,0.3608237577940785,1.1410249085302206,10,100,100
-4018422950322002911,1,0.4457272086180686,1.2607069270927491,8,100,100
-5591620997718277629,1,0.6073641078377126,1.7178851172054563,8,100,100
4475258968281328966,1,0.4640472635576249,1.3125238674106305,8,100,100
-7352587221298990053,1,0.7584783610366411,2.1453007698890696,8,100,100
4311225126751472326,1,0.5584341300802776,1.675302390240833,9,100,100
1352702570011623475,1,0.6564671442472667,2.177255204664299,11,100,100
-5398436847463533808,1,0.7755426378275447,2.326627913482634,9,100,100
7536513875786114324,1,0.6458075871680058,1.8266196969128774,8,100,100
6488257315421776490,1,0.7552352433063487,2.265705729919046,9,100,100
-8011241019106511450,1,0.6494125668298153,1.8368161191724977,8,100,100
4805212928450119213,1,0.5534373834383094,1.660312150314928,9,100,100
8056595696562521764,1,0.47252392349195,1.41757177047585,9,100,100
-7050993488277848968,1,0.41601583191215913,1.2480474957364773,9,100,100
8287192895176400582,1,0.520270884447019,1.4715482817856393,8,100,100
6587611190985224598,1,0.36754017325475863,1.2189928500682512,11,100,100
7324702680317333364,1,0.5034083196787178,1.5102249590361534,9,100,100
-4262615820803670545,1,0.5508840085282827,1.827075559295258,11,100,100
1441196065624210583,1,0.6564000022186369,1.8565795709586521,8,100,100
-5846175845213478197,1,0.8286059767557018,2.343651620382638,8,100,100
5135014108120998014,1,0.3253509207418665,0.9760527622255994,9,100,100
-1793398039706372105,1,0.285905963130274,0.8577178893908219,9,100,100
-7966730267385876585,1,0.3901985610458791,1.1036481940990965,8,100,100
-2330995380446807643,1,0.8286517375750639,2.1924064211051766,7,100,100
-8197252609194355862,1,0.49191375136653714,1.391342197400767,8,100,100
5895760643451958754,1,0.5382188972750575,1.522312928103756,8,100,100
-8549656394847323396,1,0.4473509794299834,1.26529964450154,8,100,100
-7086005210040573040,1,0.5877240710219057,1.8585467001357865,10,100,100
4784594558395315084,1,0.46370127082098667,1.3115452521693578,8,100,100
-7292578565515864081,1,0.6241471785699172,1.765354809700958,8,100,100
-1442341873102427283,1,0.5999976787637362,1.6970497094001027,8,100,100
238521293454707284,1,0.5637837334079647,1.7828407053223323,10,100,100
3738715331073751631,1,0.8314227231494777,2.351618582286325,8,100,100
1371058892557963082,1,0.5170303319735493,1.4623826152705144,8,100,100
-8725151705925517885,1,0.28883863750851657,0.8169590370038207,8,100,100
2607664419443134525,1,0.31333982135722555,0.9908675171191053,10,100,100
-2479819888786743292,1,0.5043328472320167,1.5129985416960499,9,100,100
3269647765772583132,1,0.5898177803525934,1.6682566086068655,8,100,100
3784617961999724583,1,0.3907730616535951,1.1723191849607852,9,100,100
-546289266448839629,1,0.41167908584437346,1.3653850617822978,11,100,100
6115432962584785187,1,0.339461077377456,1.018383232132368,9,100,100
816127626187636000,1,0.5109448023827642,1.3518328807858364,7,100,100
3447703725407875874,1,0.7256253797730251,2.05237850655428,8,100,100
-6026093191664502779,1,0.3826789997829794,1.0823796630569205,8,100,100
-9043785105246051347,1,0.8595433968376519,2.5786301905129556,9,100,100
3249426083188127389,1,0.8266515859053644,2.6141018428512957,10,100,100
6951668116108173635,1,0.40063496548705996,1.2669190012420595,10,100,100
-4485993947838529666,1,0.35607700731024833,1.0071378659747539,8,100,100
2247147696318105126,1,0.7517146193755333,2.2551438581266,9,100,100
-5387108894429696891,1,0.7795237707886604,2.062426038570112,7,100,100
8441179733519539451,1,0.7130977724450397,2.5711105829697423,13,100,100
1492522304342329362,1,0.4980014356532385,1.4085607687641644,8,100,100
-8350108935662698906,1,0.817551964039502,2.3123861509788495,8,100,100
-4991176369641378104,1,0.7731453858880653,2.186785380818164,8,100,100
3579305903070298684,1,0.36588656848105006,1.0348834948721064,8,100,100
-7782584918237034331,1,0.8355044331397025,2.3631634015380243,8,100,100
8261445377903341540,1,0.3034825000559438,0.95969593017896,10,100,100
-6649476178122223706,1,0.5325772342045813,1.5977317026137439,9,100,100
-4983334286692782806,1,0.9090775534131814,2.7272326602395442,9,100,100
-264536820932724806,1,0.8356521894397753,2.3635813194650024,8,100,100
1829577038869480021,1,0.24407748751816424,0.7322324625544927,9,100,100
-561329125708009748,1,0.4853602847920448,1.7499913938915221,13,100,100
154872920826891050,1,0.41791593038068775,1.1820447533522778,8,100,100
-5948532387765550037,1,0.329414640483079,0.9317253044308551,8,100,100
6303254356983954735,1,0.9095770838065724,2.8763352923226257,10,100,100
-5855295438209343419,1,0.34519839570531996,1.0916131750648976,10,100,100
3097307205983868841,1,0.7703513381476772,2.5549663453840417,11,100,100
3760356774494061977,1,0.2544419665089565,0.7196705597476943,8,100,100
7220746125575563471,1,0.39856332506822456,1.1956899752046737,9,100,100
2516677960748119441,1,0.5789639143423071,1.6375572395750113,8,100,100
3771579917941869628,1,0.4064917803501111,1.1497323775286246,8,100,100
1318432359041918876,1,0.3842299041232482,1.2743464252110435,11,100,100
-9015118951371392220,1,0.5054065939800175,1.5162197819400527,9,100,100
8385873481632543498,1,0.47473752023219856,1.4242125606965956,9,100,100
-94920821851496940,1,0.4499996607346416,1.2727912465484434,8,100,100
-1678402464171096243,1,0.38970318721264735,1.1022470653122944,8,100,100
-6446367065352039641,1,0.46155949736539553,1.3054874020325025,8,100,100
2366633757941060008,1,0.5814504641645777,1.9284530238118924,11,100,100
-5723237978707817575,1,0.5134560402526686,1.7029410318597205,11,100,100
-1104617406947876734,1,0.32764120560383736,1.134982429517934,12,100,100
-7822071823973348839,1,0.4177687916455029,1.2533063749365088,9,100,100
1586052015127144576,1,0.6472996021580342,1.8308397525812015,8,100,100
9202215046151859929,1,0.6118785155960234,1.83563554678807,9,100,100
8150705677593631298,1,0.3496758810726705,0.9890327468954643,8,100,100
2543171174477896776,1,0.5151500337347114,1.4570643287291727,8,100,100
-3127101155501885269,1,0.5949984032775449,1.8815501585204366,10,100,100
-5180631275488301732,1,0.6411320454257278,1.813395267826135,8,100,100
-2241491908539213506,1,0.5251455906185355,1.4853360329463243,8,100,100
-6041614506947645637,1,0.729159396107745,2.3058044690133888,10,100,100
-3659019544606711530,1,0.5377577801492652,1.7005394147477602,10,100,100
3413901629458475609,1,0.6504331046711503,1.8397026360847595,8,100,100
-3552521595358645834,1,0.49999617287084724,1.4142027376171895,8,100,100
-5409444124551037323,1,0.42890648576500495,1.2131307383173058,8,100,100
-8852704399744445062,1,0.7298672132812788,1.9310471364420025,7,100,100
2470859451264912421,1,1.1113670854053013,3.1434208099104697,8,100,100
-616562729775555159,1,0.4514799783182058,1.2769782169550352,8,100,100
-5069303003235454634,1,0.4458485995061073,1.2610502723731747,8,100,100
3540619301278318928,1,0.7195116306215581,2.0350862126203766,8,100,100
1859996725002788635,1,0.6456078661137735,1.8260548004657038,8,100,100
7900383728283107170,1,0.40815221235243526,1.2244566370573058,9,100,100
2730501260198380417,1,0.5606430068889936,1.5857378879840949,8,100,100
-5103769597879965078,1,0.4508102983974657,1.275084076102316,8,100,100
-3217378759749623704,1,0.7464847314283904,2.3605919898527916,10,100,100
6940655849500047886,1,0.33366225502706254,1.0009867650811877,9,100,100
-9074424127192362729,1,0.889907763417452,2.517039256572137,8,100,100
-550552276370681812,1,0.6893824717621205,2.0681474152863615,9,100,100
-4260008091319214858,1,0.8612865337894348,2.4360861943486634,8,100,100
1551527207544981200,1,0.7062312886737803,1.9975237332293772,8,100,100
-8396294159523789560,1,0.33286132269572244,0.941473993891476,8,100,100
-9105968624591575712,1,0.5170286085725814,1.6349880185570156,10,100,100
-539014565781960783,1,0.6990083078680315,2.0970249236040943,9,100,100
8563389182663403459,1,0.5663164334442342,1.790849806066935,10,100,100
-253278488246473503,1,0.5435078621371744,1.718722770562262,10,100,100
7194345561747105434,1,0.36790514532024954,1.0405928923574828,8,100,100
1388353278295013943,1,0.5767399872170013,1.7302199616510037,9,100,100
1967711881010662250,1,0.79389722255751,2.38169166767253,9,100,100
4706336055008623881,1,0.46189871811593014,1.3856961543477904,9,100,100
-7393530804828762642,1,0.3913686201871999,1.1069576211119656,8,100,100
7532365773195603842,1,0.5074465422067463,1.4352755643362238,8,100,100
-4823641347082193873,1,0.25559598221640256,1.0223839288656102,16,100,100
6572180342476598008,1,0.42725871789159436,1.2817761536747831,9,100,100
8578158398567446443,1,0.5413319406277638,1.6239958218832913,9,100,100
4897412418644133017,1,0.46774027321867206,1.6202998359217764,12,100,100
7218513202365347668,1,0.5289252157036365,1.5867756471109093,9,100,100
-8636878194767762902,1,0.7770022068140675,2.907276046665509,14,100,100
-6876886349643258228,1,0.9986379923656848,2.824574785409182,8,100,100
-3677719429477344150,1,0.37530585152529067,1.0615252505300985,8,100,100
-6040868441738663696,1,0.39585487658136637,1.1196466703857921,8,100,100
-788392865209055157,1,0.7901565619849725,2.2349002527144908,8,100,100
-7831886807803206368,1,0.6387766315388308,1.806733151298432,8,100,100
374042704510867090,1,0.7844515460059379,2.2187640307722787,8,100,100
-3154638649988500678,1,0.6756729404653669,1.9110916722692612,8,100,100
-3192820892937884675,1,0.4466365014328631,1.2632787955544507,8,100,100
1002897047821118921,1,0.4554171287286832,1.288114159970235,8,100,100
7051733615845788227,1,0.9288002351249426,2.627043778498027,8,100,100
-4751006007694496878,1,0.5087230380412423,1.903467313109095,14,100,100
-1178575016205324229,1,0.3616793900882101,1.0850381702646303,9,100,100
298530060062944443,1,0.515261535134495,1.6294000416998782,10,100,100
5665542630560030177,1,0.5637238463331443,1.6911715389994328,9,100,100
-1944017283126070195,1,0.5277472663234211,1.4926946830798158,8,100,100
-8610857197835462616,1,0.5559439425500616,1.8438574619094528,11,100,100
1218446775754610890,1,0.3993888746120975,1.1981666238362925,9,100,100
-2468677181971310464,1,0.34895490444366073,1.10349229872838,10,100,100
1470542471109875969,1,0.40457434414739574,1.1443090489628942,8,100,100
1384219628295123484,1,0.4388115375315274,1.241146455405753,8,100,100
-41816644518880398,1,0.45091040947471245,1.2753672329886883,8,100,100
229270525467530302,1,0.4745512525719919,1.5006628246133322,10,100,100
-180285320340005065,1,0.5483633132073142,1.5510056692912584,8,100,100
-6046543374453827942,1,0.32261551537416516,0.9678465461224955,9,100,100
-637022870635506795,1,0.41955369949713284,1.1866770639453026,8,100,100
-7687949440947203996,1,1.0421510291051992,3.1264530873155976,9,100,100
-648132643865666598,1,0.6295421878487147,1.7806142002833663,8,100,100
-7882212923790022408,1,0.3524190396329722,1.0572571188989166,9,100,100
107981149998286095,1,0.5823011023190917,1.746903306957275,9,100,100
-6873757358822438641,1,0.7686502474074465,2.1740712092100916,8,100,100
871506722373027699,1,0.501895540679901,1.5871330560301813,10,100,100
2979140326096890542,1,0.5295440663286154,1.5886321989858463,9,100,100
-2691792056595205561,1,0.35404306668548646,1.0013850131415543,8,100,100
4669877950637848171,1,0.5633782819633448,1.8685143763074639,11,100,100
-5280681621020519106,1,0.36023384133340053,1.0188951680789053,8,100,100
2237238819204079534,1,0.4604157134144924,1.5270261689796727,11,100,100
5107180306020226359,1,0.45208456878095343,1.3562537063428604,9,100,100
-2971457227742536513,1,0.5245305427467459,1.4835964148627372,8,100,100
5048426648278812350,1,0.5077558947092877,2.0935311859163925,17,100,100
992996830352259818,1,0.583298319771598,2.103112000828487,13,100,100
-1301662968728692270,1,0.9132943683454449,2.5831865643061946,8,100,100
-3414500662244159388,1,0.6890457777436765,1.9489157679620495,8,100,100
-5706942639950922629,1,0.6610732056087868,1.9832196168263605,9,100,100
6459671538353113891,1,0.4859769538967737,1.3745503984031635,8,100,100
4479023738287063274,1,0.5521379681071417,1.4608197530080094,7,100,100
-2248153635772453175,1,0.506805337818945,1.6026591978389386,10,100,100
5578870684645171048,1,0.6133365289932868,1.7347776752022905,8,100,100
6865550764213210198,1,0.5182475667007841,1.718832727261184,11,100,100
-7471340700866826003,1,0.33215119268947424,0.9964535780684227,9,100,100
-1909744881587902895,1,0.520293468662526,1.4716121595933704,8,100,100
-8687566622923954985,1,0.8744881352013425,3.0293157615697734,12,100,100
-5451280536261708088,1,0.5655467074318272,1.5996076476110779,8,100,100
5464829391121400345,1,0.37600741065942783,1.0635095594147055,8,100,100
7894058635465180577,1,0.6823450523535123,1.9299632545130334,8,100,100
-1729930622641960912,1,0.45788127131842626,1.2114399739026478,7,100,100
-5657437730383457151,1,0.4224651040332091,1.1949117595062497,8,100,100
-6128250447027632674,1,0.7065794051922115,2.1197382155766347,9,100,100
296960259987084492,1,0.7799213795757709,2.20595078516158,8,100,100
6214223468127790162,1,0.5311794803524702,1.405368806553156,7,100,100
6525130825778863649,1,0.7867892796348639,2.3603678389045917,9,100,100
-1172669113874974754,1,0.3249465429320854,0.9748396287962562,9,100,100
5904926508423778096,1,0.46113385864841233,1.59741454453867,12,100,100
7239358580662554813,1,0.6173512472997617,1.746133013358539,8,100,100
3542376138806351681,1,0.3375331630284502,1.0125994890853507,9,100,100
7217146270789601941,1,0.2909473587781996,0.9649632228122035,11,100,100
-9176640606555476832,1,0.318411269489969,0.955233808469907,9,100,100
-5779284701634649300,1,0.28235353684111303,0.7986164023694269,8,100,100
-1554773172565651041,1,0.5115267266209975,1.4468160686074585,8,100,100
5483604170851537500,1,0.4556539999176565,1.3669619997529694,9,100,100
-8125260230924816700,1,0.36225949598249957,1.0246245846337854,8,100,100
1131926871232804447,1,0.6577056655729104,1.740125626984137,7,100,100
-6207351324789163687,1,0.467555560464277,1.749432716538392,14,100,100
3083002944547867507,1,0.6551980201221838,1.8531798521935847,8,100,100
-2602775887248204467,1,0.39647652959758567,1.189429588792757,9,100,100
-8897541818363898831,1,0.8321001605425276,2.631331748706157,10,100,100
4714299852183030317,1,0.8111073464643541,2.294158019820685,8,100,100
-741856744712163357,1,0.4546439958554474,1.285927409980542,8,100,100
3511168325177393884,1,0.42062424342725796,1.5165822773802253,13,100,100
3153611742180391842,1,0.3075221204135967,1.108786773490634,13,100,100
2855351793146419246,1,0.6249559524451055,1.8748678573353164,9,100,100
-4190802027761982360,1,0.4082890609240843,1.2911233762513583,10,100,100
-3096106815889299176,1,0.5522525782156068,1.6567577346468203,9,100,100
1738791277968798154,1,0.6670809265072812,1.8867897869340142,8,100,100
-493058037531728548,1,0.49959899089650794,1.4987969726895238,9,100,100
-8121699103411358826,1,0.6334130161276115,1.7915625559826325,8,100,100
6406530523137958012,1,0.3483124211545008,1.0449372634635024,9,100,100
-6192388024542625312,1,0.4207251587614191,1.189990451103945,8,100,100
-7281274072455866202,1,0.4603328947580532,1.3809986842741597,9,100,100
-4014093628650969265,1,0.35831252901109645,0.9480058434019776,7,100,100
5205162040407501185,1,0.5343518034894076,1.6030554104682229,9,100,100
-7843585077892013550,1,0.5763839747433086,1.7291519242299258,9,100,100
-213068378018200484,1,0.6039378076433327,1.597869246373822,7,100,100
-3837961083829639337,1,1.0075120027671005,2.849674277133826,8,100,100
-1568041798344838942,1,0.430563353318517,1.291690059955551,9,100,100
-2656540985740284715,1,0.457431066134637,1.372293198403911,9,100,100
1876838625994677791,1,0.6775570221691137,1.916420660065377,8,100,100
-6991207268306416786,1,0.5425217024063053,1.5344830988494744,8,100,100
4395560991146610344,1,0.696052408319482,1.9687335119357339,8,100,100
-6793606269697139772,1,0.8227923326179143,2.3272081516096983,8,100,100
-3082356891071327220,1,0.4375994700131366,1.2377182107597127,8,100,100
6811387939466152515,1,0.7186617555963735,2.0326824030465,8,100,100
-8625657196599924896,1,0.5172441593114754,1.3684994126388381,7,100,100
-6915022137556954261,1,0.3783825754595705,1.0702275399611714,8,100,100
7592336862236916187,1,0.6185807896229609,2.0516003817011303,11,100,100
-6455570042868254541,1,0.58897150024119,1.8624914176885707,10,100,100
7111877431100829377,1,0.4381533714070732,1.3855626181280465,10,100,100
116272880441000011,1,0.4792874596652564,1.5156400264982934,10,100,100
2549913960638655353,1,0.5395117286404972,1.7060858868786692,10,100,100
3469242300289088976,1,0.47961927253832287,1.356568159998428,8,100,100
6902202608388048866,1,0.3405293456136777,1.021588036841033,9,100,100
6873587814797504351,1,0.28032691310125657,1.0107330590791184,13,100,100
-2882271439094497259,1,0.5398278986317806,1.6194836958953418,9,100,100
8929536379326470625,1,0.5987116339874994,1.7961349019624981,9,100,100
-3473251460777501699,1,0.5243135961922847,1.4829827973434788,8,100,100
-5578621258296861883,1,0.574295668383592,1.6243534460803948,8,100,100
-2994014653906814409,1,0.3255936566248986,1.0798719931446024,11,100,100
-3479500785107072108,1,0.3604067812213793,1.4859952271646224,17,100,100
-1335082616075855685,1,0.4763166640788934,1.506245545982611,10,100,100
-5451444784406120799,1,0.5673497507320807,1.6047074241886068,8,100,100
-6307241458474947992,1,0.46011760017061376,1.3803528005118413,9,100,100
-1578733691057565382,1,0.38367260621118005,1.0851900064297653,8,100,100
5035017070562611729,1,0.5547868276979141,1.5691741119126712,8,100,100
6314298888636536676,1,0.5092340122557609,1.527702036767283,9,100,100
810097600188356598,1,0.47720453343674774,1.3497382464243477,8,100,100
-8031880454044539477,1,0.5229316591754443,1.6536551036052924,10,100,100
-431828165416616477,1,0.7985001860491604,2.2584995853363248,8,100,100
-6168326897380958912,1,1.0813699850981127,3.058576197737885,8,100,100
932124146178119964,1,0.5540447984303928,1.6621343952911782,9,100,100
-6650451239773522585,1,0.6225603828187928,1.7608666735570457,8,100,100
332005805230842702,1,0.6577333958660818,1.8603509777190494,8,100,100
-1325148824515450104,1,0.5931277614039286,1.6776186487948583,8,100,100
-4178081712743382258,1,0.40760204847240133,1.2889508521231436,10,100,100
-8809072115982924527,1,0.3886659652021191,1.229069699026442,10,100,100
2175490294271053895,1,0.9126742124828299,2.7380226374484895,9,100,100
3468213950702405570,1,0.39949806866190357,1.129951173687044,8,100,100
-2024150669554268993,1,0.7837918747499324,2.2168981986983773,8,100,100
-5301548750777334923,1,0.7912782064842201,2.6243729156935234,11,100,100
-4598717702532013892,1,0.553487186100818,1.5654981703669963,8,100,100
443554557178845562,1,0.7527060562911038,2.1289742265744906,8,100,100
5584390537897079918,1,0.5742420495018165,1.8159128046688988,10,100,100
4981449654568247969,1,0.6946081922965457,1.9646486521624675,8,100,100
-5464701288025930918,1,0.4935734746387721,1.5608163725018733,10,100,100
-5076749905693386581,1,0.5900188620688734,1.865803466598367,10,100,100
6923211314475638094,1,0.37266795334541114,1.1180038600362334,9,100,100
-6952080852593084626,1,0.47855191483334236,1.3535492165138543,8,100,100
-7059755885280464550,1,0.28241244234526885,0.8472373270358066,9,100,100
1114860916966147095,1,0.6487568332542095,1.8349614245406474,8,100,100
-4994726804978758023,1,0.49924409351679283,1.5787484438991672,10,100,100
-3457328427064035938,1,0.7144230074836085,2.020693412909389,8,100,100
424141518763586649,1,0.54526493823821,1.7242791330637826,10,100,100
-1507786510246262044,1,0.4054281928899596,1.2162845786698788,9,100,100
-7763894114563653553,1,0.5122227508399865,1.6197905620112831,10,100,100
-7231960233739516256,1,0.6941345038815269,1.9633088590007501,8,100,100
4076036575296969773,1,0.7791262902522388,2.2037019329523053,8,100,100
-5842328631461453225,1,0.663518508837234,1.9905555265117019,9,100,100
7950694069501593324,1,0.3495013919452583,1.1052204439462432,10,100,100
5655360144811346477,1,0.5667611027933143,1.6030424763916737,8,100,100
-234119758224169083,1,0.5406698782669437,1.622009634800831,9,100,100
-2298304685157739010,1,0.9725527152863291,2.9176581458589874,9,100,100
8588216614291738583,1,0.865182301090931,2.4471050882559147,8,100,100
-5962951741010640963,1,0.43057835955324064,1.4280668614848386,11,100,100
7798261129627673636,1,0.7281914201574957,2.184574260472487,9,100,100
-213786938730207981,1,0.36640505954656605,1.0363500090657505,8,100,100
1085693014331960424,1,0.7079766154667321,2.002460262872108,8,100,100
-7567468761083501458,1,0.44351662895060284,1.4025227276436798,10,100,100
3263078511457163007,1,0.867029035147363,2.601087105442089,9,100,100
-5099814395275666296,1,0.6839818767463508,1.9345928930241842,8,100,100
-329178530112436837,1,0.6041681891465813,1.7088456940909775,8,100,100
-2840611200472199951,1,1.2209901425199916,3.453481638151261,8,100,100
-4371984101573085117,1,0.5172269602949522,1.7154477587544066,11,100,100
-898537223772875288,1,0.6500809122238174,1.8387064854135922,8,100,100
9080257010773500851,1,0.8247085435165223,2.474125630549567,9,100,100
7513394648633032404,1,0.44049982072389493,1.3929827423833492,10,100,100
-7686219731344089140,1,0.40177600736932634,1.270527292495667,10,100,100
2409274747885968825,1,0.30989653247914306,0.876519758328797,8,100,100
7728312546062633433,1,0.42378828085984643,1.1986542687335464,8,100,100
-8862568771968614004,1,0.27327489598503746,0.8198246879551123,9,100,100
-2954250786041664991,1,0.4804534558257967,1.3589275866357289,8,100,100
-7121491687208308570,1,0.6472379908520698,1.8306654894922207,8,100,100
7803111933337171613,1,0.5567546325094993,1.5747399044179649,8,100,100
-2814761776293579545,1,0.35091558616085794,1.1096925187213733,10,100,100
4283452081846816245,1,0.47255203697517967,1.7038105996389652,13,100,100
-2779844585658815415,1,0.29104466137137536,0.8731339841141261,9,100,100
5648954173075245711,1,0.2910882303768216,1.127379868526418,15,100,100
2472591482558375391,1,0.33097444826444355,0.9929233447933307,9,100,100
7922199352388974292,1,0.5154448394621924,1.4578981652453107,8,100,100
389806705403115660,1,0.5666425615546735,1.6027071911369013,8,100,100
188650518600402194,1,0.4910227683127954,1.7704077685720583,13,100,100
7485568939181487713,1,0.6233915417982717,1.9713371461665974,10,100,100
4142930805980844277,1,0.42352510302949825,1.2705753090884948,9,100,100
-31336670671098038,1,0.5473239896833751,1.6419719690501255,9,100,100
2727439955144338677,1,0.7457258161058453,2.237177448317536,9,100,100
-1127222494492021288,1,0.7520590095841424,2.256177028752427,9,100,100
-7459312394096657825,1,0.5306488066725658,1.5919464200176974,9,100,100
-4654789589076176061,1,0.4850438895134683,1.371911293792288,8,100,100
8122633219233567829,1,0.8269301206455806,2.4807903619367417,9,100,100
-242245360074862067,1,0.6203078694435803,1.9615857179680776,10,100,100
-1707630759949589310,1,0.48893994283941195,1.3829309966988446,8,100,100
6810510909257449249,1,0.7231425076255018,2.2867773969822665,10,100,100
1470215667675280926,1,0.5193604511211845,1.4689731874715761,8,100,100
-6852552870720183077,1,0.41491777848837624,1.6069696461308594,15,100,100
-6124921830423412859,1,0.4559262796210315,1.2062675520561452,7,100,100
-3650492563548385448,1,0.3438685978483011,1.2866384792186936,14,100,100
-540686603913895829,1,0.2551833139262427,0.7217674068916071,8,100,100
6925027639126707213,1,0.6438386893695416,2.03599670414539,10,100,100
-703167327598996560,1,0.3614991989962976,1.022474140015149,8,100,100
-26833623396339082,1,0.5577940676301203,1.8499936326152333,11,100,100
1147622587029324279,1,0.4490498224833609,1.4200202219417086,10,100,100
-2224119035654971038,1,0.3370251750003151,1.0110755250009453,9,100,100
2557408066370024925,1,0.8029963811322935,2.271216745467609,8,100,100
-2669460897120448782,1,0.3270420193804413,0.9250145185474095,8,100,100
1292871029581410833,1,0.4641704694747964,1.3925114084243893,9,100,100
-6610496194771151091,1,0.8423942454462648,2.663884503429122,10,100,100
4836571944891919423,1,0.6425439121739283,2.1310770680079933,11,100,100
7235016921206800420,1,0.5660971163240892,1.6982913489722675,9,100,100
-2789827806012400130,1,0.7170726829440834,2.2675829259910785,10,100,100
6546630492887303747,1,0.40632855734768186,1.1492707131611712,8,100,100
-3783083031238530343,1,0.8464511918987937,2.394125510940291,8,100,100
-6723226666645469904,1,0.5804341488832915,1.9250822873551614,11,100,100
-33838564772717460,1,0.3735923561621824,1.0566787537669562,8,100,100
6765439613186460566,1,0.6800211900602675,2.0400635701808025,9,100,100
-2022579296794302123,1,0.3600822604564662,1.0184664326149915,8,100,100
4813232996877019557,1,0.5442280185313192,1.5393092896608556,8,100,100
-1674566273516898063,1,0.6489314898402768,1.8354554279661957,8,100,100
-6737316099840742489,1,0.4204327213560975,1.2612981640682925,9,100,100
3592392556664362488,1,0.7619051778188859,2.2857155334566577,9,100,100
5589759569929682437,1,0.4295928433457692,1.2150720507160144,8,100,100
7562138996430628376,1,0.6513114121831974,1.842186864875702,8,100,100
5126206211383126930,1,0.7064240992799014,2.119272297839704,9,100,100
5325215941495815617,1,0.2965578001504361,0.9835709517521987,11,100,100
-3974287196108631722,1,0.5542055956790193,1.4662901813670979,7,100,100
6512797857523085364,1,0.2741631702882732,0.8224895108648196,9,100,100
-2727304090076405608,1,0.3566280805360074,1.2858408306428757,13,100,100
7000767794343110386,1,0.398992867886859,1.1285222501114651,8,100,100
2179547794802131896,1,0.5761835102418725,1.6296930691995866,8,100,100
2606982550210345160,1,0.6416420815737374,1.8148378679017665,8,100,100
-8640455828713566735,1,0.2485703214332132,0.7030630395485795,8,100,100
7726887737180408656,1,0.4776220089177851,1.4328660267533553,9,100,100
204336287131099359,1,0.47784332821143094,1.655297845040018,12,100,100
-7757189852370426684,1,0.2864928958588114,0.8594786875764341,9,100,100
5651814711268346911,1,0.6808133277172256,2.042439983151677,9,100,100
4598724194167870659,1,0.5570416126480406,1.5755516068260786,8,100,100
96106099665549681,1,0.6071771492540214,1.7173563184761405,8,100,100
9021491074587974199,1,0.4896776885528173,1.3850176566858055,8,100,100
-1219900481166107061,1,0.38516280271652414,1.1554884081495724,9,100,100
-2402416834382706439,1,0.4129573116535505,1.1680196616431682,8,100,100
-848563876278566623,1,0.45288969912746085,1.2809655095302512,8,100,100
-1301753991779630487,1,0.45699874752541825,1.4451569300245597,10,100,100
6900169398689912696,1,0.4883201755239965,1.4649605265719894,9,100,100
3538021289516160389,1,0.6791685538473125,2.1477195453202214,10,100,100
5413217429558179537,1,0.460653818312307,1.3029257548324324,8,100,100
4041304428133273083,1,0.6240614184848988,1.9734554822477859,10,100,100
-1528163078924784184,1,0.7455368706141787,2.108696707343534,8,100,100
-9180012272428031218,1,0.5896343464622037,1.6677377792156898,8,100,100
7067820836593738220,1,0.5065950483703688,1.6019942042135369,10,100,100
208176246273918273,1,0.8675174170908475,2.4537097936895074,8,100,100
4629922429965841294,1,0.42932594114871836,1.3576478326253565,10,100,100
6446417373182250216,1,0.30167155096984644,0.8532559975273666,8,100,100
3048010695993796898,1,0.5637968161658061,1.9530494614894927,12,100,100
-1213981811535141502,1,0.5822614077851324,1.646883959472371,8,100,100
1242256237566968989,1,0.5698938419141268,1.6119032006957337,8,100,100
-3762545613032923855,1,0.37332901770887594,1.1805700125933838,10,100,100
4429819575043379435,1,0.4619429464730293,1.4607918599040182,10,100,100
770581279178120673,1,0.73019997357684,2.0653174117536857,8,100,100
-3882162451563548245,1,0.24457480287063413,0.691762006468754,8,100,100
7191079952293608252,1,0.3341416653979459,0.9450953499194156,8,100,100
9048495624538202440,1,0.4424343648304841,1.3991003079942264,10,100,100
3903678464988673712,1,0.4829080082158148,1.3658701091947667,8,100,100
4971759457675416100,1,0.5311365377838656,1.593409613351597,9,100,100
4905652381435360351,1,0.7386937604339299,2.663398230109846,13,100,100
-5295023499347964665,1,0.5121404069744675,1.4485518187651367,8,100,100
8438859254852827579,1,0.8045243682402884,2.2755385456501243,8,100,100
-7889856027078703557,1,0.879966873332759,2.328173508813556,7,100,100
-7369414213544299319,1,0.679685847517023,2.039057542551069,9,100,100
7272522886222911981,1,0.5710631025639467,1.6152103692335824,8,100,100
-6804332770180833813,1,0.38167015339507054,1.0795262145686568,8,100,100
6736627038987537998,1,0.42240969703435266,1.1947550448477835,8,100,100
-8967367905943054698,1,0.4770007606632523,1.431002281989757,9,100,100
3539814717809271363,1,0.4041906535984678,1.1432238082067976,8,100,100
4336256054982573312,1,0.5881215361817861,1.6634589055839617,8,100,100
8670955206809610555,1,0.5113969720205673,1.534190916061702,9,100,100
-4337447913853411821,1,0.5494626541415976,1.554115075009129,8,100,100
7985444229996997998,1,0.3831327892407557,1.270707706793901,11,100,100
-1154215063536877414,1,0.5196645875124943,1.4698334150903793,8,100,100
-4641261256336143941,1,0.49859269708771564,1.4957780912631469,9,100,100
4952716941401831969,1,0.36968243900857106,1.1690385182333638,10,100,100
3661630911722301505,1,0.8473737442366869,2.396734882996786,8,100,100
9154802608400240742,1,0.33623805517243305,1.008714165517299,9,100,100
-2209654710007589017,1,0.5340109341960152,1.6020328025880457,9,100,100
-2096526531766597316,1,0.6472672197517026,1.8307481613047687,8,100,100
-5205826180222742798,1,0.713605701328345,2.256619367479414,10,100,100
-4580728653901715787,1,0.6103772042225841,1.726407440749902,8,100,100
-29966031825626514,1,0.5015667080134437,1.4186448818148767,8,100,100
44235471724768786,1,0.41994630649921355,1.2598389194976407,9,100,100
-829666995717449360,1,0.8235483222882348,2.3293464132992607,8,100,100
-7619831388087664305,1,0.6150019882317805,2.0397308402873833,11,100,100
-7801538481753817992,1,0.23048148226550588,0.6519000761914648,8,100,100
-1082417301896703773,1,0.709072244127848,2.0055591686958576,8,100,100
8431467613707268992,1,0.3946086893015505,1.1838260679046515,9,100,100
1334407532030190415,1,0.46494773428947395,1.394843202868422,9,100,100
1481995349286540603,1,0.3988646811582383,1.128159683291202,8,100,100
-711775488213477925,1,0.6327713346631479,1.8983140039894437,9,100,100
-7579459855811915025,1,0.32339382411219747,1.3333868954870096,17,100,100
3797421519462566422,1,0.5560761609673308,1.758467221179186,10,100,100
2029153718162838389,1,0.439629960446121,1.2434613049769034,8,100,100
-2644889162637041186,1,0.32019626009302743,1.0619708540036201,11,100,100
8052374835051158364,1,0.5792860583883443,1.6384684005328984,8,100,100
7712727051353785397,1,0.7075096547809524,2.122528964342857,9,100,100
-5726725037701686899,1,0.8153886545936825,2.3062673878630737,8,100,100
-6369997404796133013,1,0.6576401957126062,1.8600873678769287,8,100,100
-2237750535714979511,1,0.34229543049711303,1.1352655104120988,11,100,100
5519945220075383558,1,0.5848950994961222,1.6543331645459536,8,100,100
805503335806597379,1,0.530139549274333,1.499461081068243,8,100,100
3210561202407405143,1,0.7488270085951906,2.1180026228531856,8,100,100
7350302412114460387,1,0.3254963424284687,1.0293098121280637,10,100,100
8563448431164675588,1,0.6380931513007209,2.0178277174647112,10,100,100
-8944254388387081837,1,0.6188069592457364,1.750250388512351,8,100,100
-4485762061555068300,1,0.5661177374553432,1.601222764418635,8,100,100
-6858908867445843488,1,0.8178284155958303,2.3131680740594467,8,100,100
3221775396582001476,1,0.5162408632205119,1.4601496604352837,8,100,100
-2953727813492958034,1,0.509444843158059,1.528334529474177,9,100,100
5925765279046302244,1,0.381728577824806,1.2071317539032307,10,100,100
4007677568638492352,1,0.6324258172134257,1.897277451640277,9,100,100
-2585460002498883654,1,0.355157824131689,1.177925244003843,11,100,100
4257987218894691352,1,0.5730347423155049,1.6207870085871177,8,100,100
-1125784610618379922,1,0.7490573822444088,2.118654217931461,8,100,100
5721463343679124032,1,0.689643023274703,1.950605033422138,8,100,100
7596042888931047885,1,0.7055946419184017,1.9957230242775827,8,100,100
-8546542143323034200,1,0.6110168138966487,1.7282165301012762,8,100,100
-8232650004061130925,1,0.629927271807113,1.7817033821966046,8,100,100
6970970656316642179,1,0.5581960998996257,1.7651710567057033,10,100,100
8769210347441988284,1,0.7031837726220189,2.1095513178660568,9,100,100
-5497810673274775598,1,0.37458898257768514,1.0594976389538027,8,100,100
-2430493715193377033,1,0.5957539980900166,1.7872619942700498,9,100,100
5098781087177030195,1,0.335478140257494,1.1126551166003305,11,100,100
-1429267766604319360,1,0.5368751267098527,1.5185121709876954,8,100,100
4489624957108334132,1,0.6301035775042748,2.1827428205366357,12,100,100
9111660460177478610,1,0.4790640199800481,1.5149334481733643,10,100,100
-3813047922665640365,1,0.933265914069668,2.639674625955696,8,100,100
-2650201691252740205,1,0.4201030194122533,1.5147029774681229,13,100,100
-7926215239908424716,1,0.6569831974367456,1.8582290961325731,8,100,100
-2867254809234313129,1,0.4551143061886244,1.2872576484839482,8,100,100
3757232946690013000,1,0.492154251711182,1.3920224350990713,8,100,100
2373014095818137802,1,0.3297967484982645,0.9893902454947936,9,100,100
2799709060385573518,1,0.44785961216768283,1.266738275133383,8,100,100
4174294807029812925,1,0.6242817909909694,1.7657355511239896,8,100,100
-7692940681671979349,1,0.5976604416934027,1.6904390046734092,8,100,100
3399031248068119823,1,0.6308246052185887,1.8924738156557663,9,100,100
2429462590222711915,1,0.3370594129569429,1.0111782388708288,9,100,100
-7945301393656685858,1,0.5202831787141865,1.6452798730092646,10,100,100
-3536710063378414066,1,0.37980081075676897,1.201035619169969,10,100,100
6440453208494042706,1,0.504003531423181,1.6715906067447888,11,100,100
-4745061984190811573,1,0.5956843019623895,1.7870529058871685,9,100,100
2100484736385055226,1,0.5625810780900659,1.6877432342701977,9,100,100
3640178421252637312,1,0.5158328600087962,1.5474985800263887,9,100,100
-6440747677399513493,1,0.6334870972776275,1.9004612918328825,9,100,100
-6933474160533048555,1,0.6454853710419445,1.8257083320818948,8,100,100
3478332328598500883,1,0.32850241438556105,1.0388158463228354,10,100,100
2934457321278189037,1,0.5283671991785525,1.4944481179827906,8,100,100
-6829472713288386719,1,0.6228233637033246,1.7616104958241452,8,100,100
6988838472913212112,1,0.4401016794325,1.586809171611694,13,100,100
-6595933575843520860,1,0.7336080194264245,1.9409443792049603,7,100,100
1465689918294318359,1,0.4918890894511951,1.55548987885208,10,100,100
4288308586664675914,1,0.6975605771133115,1.9729992574608968,8,100,100
5920942193653257174,1,0.999326416208923,2.826521942080719,8,100,100
4382915631235953065,1,0.686072162570273,1.815176323605219,7,100,100
-4085848155979595404,1,0.5024848497216026,1.4212417787265939,8,100,100
-3198259769112369537,1,0.7200873947028815,2.0367147193654462,8,100,100
-2869631526312915619,1,0.7337635730892635,2.0753967932763566,8,100,100
-3142301931716984090,1,0.49994652210682633,1.7318655547127602,12,100,100
-4649917416231838747,1,0.47699360985448797,1.3491416644430354,8,100,100
826531775136553178,1,0.1776694083954258,0.7106776335817032,16,100,100
6251882934272409364,1,0.5880671867959438,1.6633051823068323,8,100,100
1418527286911680427,1,0.5403180409436632,1.70863567026209,10,100,100
-4464903096284069055,1,0.457952643620136,1.295285679064418,8,100,100
7947774296192121081,1,0.5791453312360345,1.9208077627960214,11,100,100
4673538029525383170,1,0.3080715744877159,0.8713579976443221,8,100,100
-7165621025997954539,1,0.5976120599644471,1.9820549730934431,11,100,100
-4154947867768282828,1,0.6134805305794765,1.8404415917384294,9,100,100
8600352565722428342,1,0.7471768062395435,2.2415304187186305,9,100,100
2295705567687032527,1,0.5615057483474043,1.5881780893267066,8,100,100
-2914256647363189787,1,0.7676016783495677,2.171105408044618,8,100,100
-1709480468007229250,1,0.34781460347904375,0.983768258862968,8,100,100
-442523483078469941,1,0.6479682237995623,1.943904671398687,9,100,100
5339592508028018479,1,0.4371103456796171,1.4497310086018365,11,100,100
-5112865253125371988,1,0.3601776885561662,1.018736344040646,8,100,100
5516307901504112210,1,0.4314293087291928,1.3642992649362131,10,100,100
-3591220953168500677,1,0.300923456029599,0.8511400655064854,8,100,100
6747572638829460613,1,0.5344981870907018,1.6902316764374254,10,100,100
1610905470974667923,1,0.34718425631793187,1.1514799113251561,11,100,100
7729788736158497569,1,0.7645373134184902,2.6484349422460713,12,100,100
1687591118998931451,1,0.3327238038500806,1.244938478431178,14,100,100
7466042734965383699,1,0.7232832255435003,2.169849676630501,9,100,100
5812768852394636826,1,0.5721539422462645,1.6182957297797997,8,100,100
2258468163630697890,1,0.468677512154982,1.406032536464946,9,100,100
-1594692259864803847,1,0.8659734731731961,2.449342860833735,8,100,100
-8549083519735215416,1,0.4175529337529836,1.1810180438442879,8,100,100
-7716094557036692681,1,0.3602054734187261,1.0188149314995678,8,100,100
-4288134115810521610,1,0.6133400468437401,1.9395515282205869,10,100,100
566807326036977706,1,0.595756716736496,1.685054457367238,8,100,100
-7896967238015078090,1,0.8780206031582856,2.3230241619477567,7,100,100
6269530612206731083,1,0.6629119421256368,1.8749981184263276,8,100,100
2040895705693151813,1,0.42297381035571957,1.3375606313241888,10,100,100
8328081351295940106,1,0.7463549727748077,2.239064918324423,9,100,100
7683833604557295713,1,0.582795052670122,1.8429597755153808,10,100,100
3272015411718315385,1,0.5510601074124261,1.6531803222372783,9,100,100
-1932517127558512823,1,0.5205366005248595,1.4722998403476846,8,100,100
-8020238720853940089,1,0.3940703517355513,1.182211055206654,9,100,100
1763313194343593224,1,0.47419919128618554,1.4225975738585566,9,100,100
7051324875488354018,1,0.3464277507839161,0.9798456470820415,8,100,100
-8182107100996055917,1,0.648863020221094,1.835261766638078,8,100,100
1055175226668015118,1,0.39822322147743927,1.126345361330599,8,100,100
-3225410672455756353,1,0.38013605366610803,1.0751871252831935,8,100,100
5020412065827011434,1,0.5584005318578229,1.6752015955734687,9,100,100
-399074712610095028,1,0.5147194820456947,1.6276859193265396,10,100,100
5355383108409690511,1,0.39197312578930177,1.1759193773679053,9,100,100
-572648120219462833,1,1.0693378444915511,3.855552429108425,13,100,100
7459013874787910976,1,0.458631202072812,1.375893606218436,9,100,100
4220921882390337958,1,0.44072196252332846,1.3936852164330873,10,100,100
6802505627213478986,1,0.3900341824554906,1.2333963818810356,10,100,100
4374510737452136875,1,0.8667566333810789,2.451557972408733,8,100,100
593133876757002751,1,0.46096616233840076,1.3828984870152023,9,100,100
4682158720091015720,1,0.5518799410709906,1.6556398232129719,9,100,100
3940877310370193187,1,0.4409074455730369,1.3227223367191108,9,100,100
5766559088377448975,1,0.35754873335028525,1.0113005358265896,8,100,100
-4817129622257618637,1,0.6385400679108645,1.9156202037325933,9,100,100
-2230090202691022275,1,0.43187031110970237,1.615910739691978,14,100,100
-7834761598980905425,1,0.6437062132081669,1.8206761138056335,8,100,100
-8154708944795235954,1,0.37604166314647053,1.063606440078147,8,100,100
1789270269563764461,1,0.7084784742332405,1.874457852063637,7,100,100
1513584025259529200,1,0.4958278547024588,1.4874835641073765,9,100,100
-1367655479599303252,1,0.3970995448297995,1.1231671238209706,8,100,100
1583128216574530307,1,0.8080821674150781,2.285601521340499,8,100,100
5663300912316590634,1,0.3104324154761164,0.8780354643331266,8,100,100
-8694136849536269108,1,0.4167393106133413,1.1787167700868024,8,100,100
7524226419852295248,1,0.3264395933463978,1.0826776478461986,11,100,100
228354495582754980,1,0.6974608482097676,1.972717181524992,8,100,100
5910877860579547113,1,0.3370301232060571,0.9532651423325623,8,100,100
4184850907222089308,1,0.6204140366870118,1.754795889938822,8,100,100
5950640376232571640,1,0.3733838065178081,1.0560888862959519,8,100,100
8434241301442786522,1,0.4909312657607924,1.5524609743935394,10,100,100
-2438649373752884979,1,0.562818723126933,1.5918917428072332,8,100,100
-8082326174420547160,1,0.5310755082130358,1.5021083727181188,8,100,100
9073501618947698542,1,0.4664425307231003,1.3192987060324752,8,100,100
-1684205064890790406,1,0.3489672780389916,1.3057159936169886,14,100,100
7608733157110307838,1,0.3821314285846367,1.528525714338547,16,100,100
-9009045572442608516,1,0.7089927830307713,2.126978349092314,9,100,100
-8186561322736253195,1,0.28473091284837193,0.8053406371540788,8,100,100
3141737389627476213,1,0.5128795454148513,1.5386386362445537,9,100,100
6400930069444012735,1,0.4695270767596935,1.6264895049541628,12,100,100
3620817922629422775,1,0.8160923259250025,2.3082576709434854,8,100,100
9058400588330842482,1,0.8621241384046867,2.4384552979622547,8,100,100
4410554101248707927,1,0.6024483243037887,1.7039811817187254,8,100,100
-1989871483839190937,1,0.341763128479944,0.9666521028307908,8,100,100
-7619363226161774901,1,0.7058984308339357,2.2322468381740688,10,100,100
-1986678074565149434,1,0.4706937574285379,1.4120812722856138,9,100,100
3076916528613005680,1,0.7853213930449703,2.221224329731858,8,100,100
2448309235187051078,1,0.6673603904094939,2.1103788538731907,10,100,100
-3734738148451196286,1,0.844851425841028,2.534554277523084,9,100,100
-6014612644221244434,1,0.4039565464382519,1.1425616531647458,8,100,100
207075177481856262,1,0.3893455727359344,1.1012355788261576,8,100,100
-3983662022184210084,1,0.5659973221957953,1.697991966587386,9,100,100
3587443466050289178,1,0.7419751801673482,2.0986227254737693,8,100,100
6101417449157699470,1,0.5402485814337482,1.7084160200055996,10,100,100
-630501325497513210,1,0.7272831638564202,2.057067428022727,8,100,100
3466304122009420479,1,0.48109582433885595,1.863276115594318,15,100,100
-5894059279393969899,1,0.7756862100472545,2.1939719167892253,8,100,100
7478479125249630659,1,0.46564533666679897,1.396936010000397,9,100,100
-2259569227580480448,1,0.7582200670693047,2.144570204225697,8,100,100
5115724828917793909,1,0.4039483041520206,1.2773966980828366,10,100,100
-6337977111085925155,1,0.6464117076179668,1.8283284075801611,8,100,100
-5166247103652173213,1,0.5327513644733738,1.5982540934201213,9,100,100
619281427365282699,1,0.5609175577109603,1.6827526731328808,9,100,100
3895510272033333545,1,0.39026042666996674,1.1707812800099002,9,100,100
-1883232878797630956,1,0.6956915483014139,1.9677128456723934,8,100,100
-1906671009426132130,1,0.4995183882144287,1.498555164643286,9,100,100
-2973898624748918940,1,0.444620618923148,1.474639767023674,11,100,100
7053050519173405863,1,0.37598218442814296,1.0634382088578842,8,100,100
5286794233177654844,1,0.3053383613275669,0.9160150839827008,9,100,100
-5626962121106474846,1,0.32328739032274967,0.9143948238772742,8,100,100
-147721811009628985,1,0.69454492040075,2.08363476120225,9,100,100
-3418404592479135995,1,0.38173186680373145,1.3223579763443563,12,100,100
1851336296913054581,1,0.48004634741665125,1.4401390422499538,9,100,100
-8538649295837281183,1,0.3937829451345749,1.1137863632810725,8,100,100
6020467283636950266,1,0.6584819609138995,2.281048424340915,12,100,100
-7162680590147472966,1,0.6223983787898922,1.7604084569673852,8,100,100
-861786485971422218,1,0.3743416811910702,1.1230250435732105,9,100,100
-5520093004301533392,1,0.6174482653811301,1.7464074219314725,8,100,100
-7704482834351915699,1,0.6652127079497163,1.8815056668908432,8,100,100
8458142820100291062,1,0.41219851518161504,1.2365955455448452,9,100,100
-6301692349662081690,1,0.263826254786731,0.8342918716779705,10,100,100
-282133277527244056,1,0.6089886975402918,1.722480150786815,8,100,100
3896712117588560304,1,0.31985283941068215,0.9595585182320464,9,100,100
2257657292639615014,1,0.6149867427709789,2.1303765689212546,12,100,100
4031445326118600240,1,0.7010872756261327,2.103261826878398,9,100,100
2859702650035052256,1,1.0160131341024345,2.8737191075937143,8,100,100
-2831823324448528350,1,0.27896413352360755,0.9252193608644107,11,100,100
-2892209275071381979,1,0.8175211547368295,2.312299009111476,8,100,100
-4579016105108729730,1,0.46946813498102236,1.408404404943067,9,100,100
3165024042595592669,1,0.3979761596454082,1.3199375970503993,11,100,100
-1240180463965485219,1,0.6793942818856861,2.038182845657058,9,100,100
-640213171244910482,1,0.28407946477382984,0.8034980637496802,8,100,100
-146075529526904148,1,0.8817620205699241,2.6452860617097724,9,100,100
2813954054047363494,1,0.6690366111233094,1.7701044910297066,7,100,100
-4633536501376752484,1,0.3951973304756433,1.18559199142693,9,100,100
9085629115304934487,1,0.7378705740134999,2.3333516322985095,10,100,100
7868403393615116137,1,0.34235469815330405,1.082620613823882,10,100,100
-1299618377983521451,1,0.7121632321263097,2.014301802992972,8,100,100
4256786497747070645,1,0.40494362951848717,1.2148308885554615,9,100,100
2218399722375064697,1,0.3981322225263387,1.194396667579016,9,100,100
8335007769519260055,1,0.9568577088702701,2.7064022982911653,8,100,100
8053777470081538191,1,0.5482818536646864,1.5507752669113204,8,100,100
-9132227305520088609,1,0.5695438076270314,1.6109131542235218,8,100,100
-2228861274641079614,1,0.8252439415753862,2.4757318247261586,9,100,100
-5417984054618426382,1,0.3974077860557588,1.256713763821101,10,100,100
8906667991114142785,1,0.34867721651280825,1.0460316495384248,9,100,100
3419232115919856682,1,0.6566621322372898,2.3676289884370627,13,100,100
8887376036773243415,1,0.43375344150577266,1.301260324517318,9,100,100
-3946767885665130934,1,0.666713395873986,2.000140187621958,9,100,100
8871784601328792155,1,0.45169683769609126,1.277591587901702,8,100,100
5522247249720672108,1,0.6128883649093412,1.7335100757509216,8,100,100
597634978677140758,1,0.5324692063925225,1.5060503464526882,8,100,100
-6045516180091721562,1,0.6087908615165561,1.8263725845496683,9,100,100
5159981256810485101,1,0.3225472520085934,0.9676417560257803,9,100,100
-5670409626333920069,1,0.513456423417451,1.540369270252353,9,100,100
7681933568814178184,1,0.4764406474080194,1.3475776504604777,8,100,100
-8610983299510528559,1,0.6581018147859752,1.8613930237853458,8,100,100
-5690080439469539452,1,0.5411143046172279,1.5305023767675399,8,100,100
-1302403339347885644,1,0.9740717015414362,2.5771514814241714,7,100,100
-5273317575946332470,1,0.36912252194337736,1.0440361534193694,8,100,100
-7211772058722193204,1,0.34590473625955437,1.093846820020024,10,100,100
-7391913867977892792,1,0.3639812161499642,1.029494344656665,8,100,100
6940375118561393703,1,0.6038578737488717,1.811573621246615,9,100,100
7796993861028349885,1,0.5672548513283149,1.7938173439776657,10,100,100
8037544026406660683,1,0.37302333876901655,1.0550693295376736,8,100,100
-5516040391016316896,1,0.430474168210021,1.3612788454101146,10,100,100
-8170063177736460330,1,0.3913620556402973,1.174086166920892,9,100,100
4751160583685641016,1,0.6564755066712682,1.8567931298005136,8,100,100
-6768968499103861889,1,0.7363320478279437,2.328486385312341,10,100,100
238901635003490544,1,0.8335558001043264,2.35765183500459,8,100,100
865389890288237963,1,0.8175397871948368,2.45261936158451,9,100,100
5739818953425536581,1,0.7197163321029236,2.2759428786674016,10,100,100
8477139639344945246,1,0.5679309251959358,1.7959552772658667,10,100,100
-5220645408944887053,1,0.26924823355539745,0.7615490070780835,8,100,100
-2562932221079158072,1,0.7581252971789078,2.274375891536723,9,100,100
3457321252808280895,1,0.2557668848256182,0.922180617804459,13,100,100
493389167701160837,1,0.6118743706539564,1.934916653148593,10,100,100
7291545924016321110,1,0.469944559674855,1.409833679024565,9,100,100
-1836447180284163620,1,0.5059479595964942,1.4310369326327137,8,100,100
8827898169739572048,1,0.6011669528323718,1.700356915892094,8,100,100
5656170230686640893,1,0.5753294662443239,1.7259883987329716,9,100,100
4067695575631710732,1,0.4565013391173481,1.2911807700424665,8,100,100
-1151559714336328368,1,0.8592719061012105,2.4303879667490254,8,100,100
7052746019197218354,1,0.9723844769213975,2.7503186302066167,8,100,100
-4367968457121283924,1,0.3671765908419202,1.373849003374144,14,100,100
-3409637253716200339,1,0.4130798286006545,1.306273113850033,10,100,100
-6321397314293659899,1,0.5340734653485152,1.5105878759989348,8,100,100
1526852337944140874,1,0.5035282703992423,1.8154969975701645,13,100,100
3020936773115575656,1,0.3672919592889408,1.1614791576188914,10,100,100
5944872214284012553,1,0.5468203185754797,1.5466414214212398,8,100,100
4803606400297129785,1,0.3821687270203964,1.2085236278715872,10,100,100
1701332783652837771,1,0.3970862474665766,1.1912587423997298,9,100,100
5630597883190529861,1,0.749447593868812,2.1197579030743143,8,100,100
-632705370241468958,1,0.5383821268041039,1.5227746109312703,8,100,100
-4231839315664850905,1,0.6882199031374157,1.9465798418240623,8,100,100
1003106416118286606,1,0.4243884434936206,1.3420340940935072,10,100,100
-6103532565758655192,1,0.587213078631133,1.761639235893399,9,100,100
-8517406576625612308,1,0.2161258188516294,0.6112961283979301,8,100,100
4884814654570325161,1,0.33905756084613076,1.0721941501749004,10,100,100
2147544597412630361,1,0.9675562218884369,2.7366622627061985,8,100,100
474255169779023491,1,1.0169123894087126,3.21575933137562,10,100,100
3719778835311701963,1,0.6138091413224084,1.9410349352109877,10,100,100
2789975721732264785,1,1.2286770187945277,3.4752234075107267,8,100,100
557975012127827247,1,0.47007713631831116,1.628394967159592,12,100,100
5284810938900092246,1,0.4216219432692897,1.1925269407310584,8,100,100
7981840776270027652,1,0.5653080121219859,1.6959240363659578,9,100,100
6303919915671725111,1,0.40055796009946093,1.3285004604400612,11,100,100
6530845929910345353,1,0.4966753609416094,1.4048100630803526,8,100,100
-7177459353148183250,1,0.32371958666733186,0.9711587600019956,9,100,100
6855571716446285812,1,0.5918185936495665,1.962840219091421,11,100,100
-8784279099304479879,1,0.6249740755482549,1.7676936275438588,8,100,100
4333450666507411000,1,0.5059438971433422,1.4310254422800257,8,100,100
4816602156725743367,1,0.3561175116735235,1.0683525350205705,9,100,100
-794663900788315847,1,0.620779123365446,1.8623373700963382,9,100,100
6462686527158577230,1,0.37170120626710906,1.175422420836118,10,100,100
-8817675850857402488,1,0.31693683068240236,0.9508104920472071,9,100,100
-6071556551920646974,1,0.8757963056954376,2.477126026781482,8,100,100
4771739115427471558,1,0.25303328401939423,0.7590998520581828,9,100,100
1705342534015195782,1,0.4299375527968398,1.216047036277579,8,100,100
6571206105792598230,1,0.3603795667342253,1.0193073417553626,8,100,100
8467676189307312181,1,0.7592124100369855,2.1473769739925364,8,100,100
5295680070294919086,1,0.47550139531769703,1.3449210443712354,8,100,100
-4317640688169201843,1,0.38403506341435795,1.2737002116857676,11,100,100
4978897531272441650,1,0.5019315042655988,1.419676681429478,8,100,100
-6938041128221814205,1,0.6368289878907023,1.8012243831747257,8,100,100
1148938773943096277,1,0.7762737229189619,2.4547930521623718,10,100,100
-2903180098125653712,1,0.7866675551787891,2.360002665536367,9,100,100
299908337808640406,1,0.4342919477664289,1.228363125121423,8,100,100
-5783732767464688643,1,0.49704001043631263,1.4911200313089379,9,100,100
4839983275746349160,1,0.6137620364439621,1.735981192017562,8,100,100
8375955131723746048,1,0.5957981043058271,1.6851715190909615,8,100,100
4487460244198211978,1,0.40410740285995295,1.2123222085798588,9,100,100
-6235572561884901745,1,0.442239221362735,1.5319616009999133,12,100,100
-2274793214003354209,1,0.3417964017602033,1.1336104193321643,11,100,100
3239047722184454888,1,0.4069373550954251,1.2868489071062699,10,100,100
-8752805848294230622,1,0.5812892547358522,1.6441342954183824,8,100,100
-6313601866918693256,1,0.8405740134293627,2.521722040288088,9,100,100
8257391116902526400,1,0.9461488097309468,3.277555619949637,12,100,100
-804994063091495147,1,0.24086951503135565,0.8343964760575667,12,100,100
-1848212805956994317,1,0.37702360951911973,1.0663838038335942,8,100,100
-5977650768271823530,1,0.42859647159204683,1.4214936827410365,11,100,100
8079248159205310819,1,0.5841439254096532,1.6522085233843784,8,100,100
8373417449268256431,1,0.5377436454268847,1.5209687128852984,8,100,100
7595408124927346937,1,0.5378702908942284,1.5213269203603594,8,100,100
-6883169516870702194,1,0.3772123245608588,1.4113992805753066,14,100,100
-5685332946354583217,1,0.5711838444335053,1.6155518788125347,8,100,100
-7441026942254646607,1,0.4650095754825729,1.3152456965616202,8,100,100
-6978571030750213762,1,0.6399231446521043,1.809975980086892,8,100,100
-6614452246580899700,1,0.41092203982432274,1.591494216829183,15,100,100
-8114241466300659241,1,1.1575788813344987,3.2741275069998474,8,100,100
6543691238040335564,1,0.3988034164772179,1.1279864006056148,8,100,100
-863303835677605612,1,0.6397582764541319,1.9192748293623956,9,100,100
1119248547380626113,1,0.4199883338811775,1.187906395626482,8,100,100
-348483010913895141,1,0.4251072520644841,1.2753217561934522,9,100,100
4924936195381253041,1,0.6389851140277331,1.8073228288250776,8,100,100
7418702283851051508,1,0.3269744754459774,0.9809234263379323,9,100,100
-5266221137727800941,1,0.35908812016264396,1.294710629656387,13,100,100
-4338223574250078923,1,0.668836180370657,1.8917543945720017,8,100,100
-405722920005015898,1,0.6221231930343896,1.7596301141121777,8,100,100
8227417555445069948,1,0.7336865095388084,2.07517882463992,8,100,100
-6764539536139760230,1,0.8165699384505134,2.3096085631657592,8,100,100
-1776420443106096756,1,0.46647141266545894,1.475112127379166,10,100,100
1639986878015052985,1,0.45472073398673357,1.286144458192574,8,100,100
3719673558225030416,1,0.45668099266378165,1.370042977991345,9,100,100
4889776902618586063,1,0.5813573152371317,2.0138808146850966,12,100,100
9096177975283242450,1,0.43322655261839177,1.225349732586142,8,100,100
7964306619268733600,1,0.4841075412643268,1.6769977155941216,12,100,100
216635232026071501,1,0.6127178310210099,1.7330277330754769,8,100,100
-9029910107728201817,1,0.40662193933088986,1.2198658179926696,9,100,100
3496119554628018608,1,0.7986367986175263,2.258885984030272,8,100,100
5960282213621291470,1,0.3768371181699652,1.2498273280485939,11,100,100
-1436556039612201100,1,0.431472481598189,1.294417444794567,9,100,100
2313610436683596664,1,0.3742910778222639,1.2413830675141626,11,100,100
-5405136236176764778,1,0.5552380947762253,1.5704504879574717,8,100,100
157094593151998453,1,0.4841996477667392,1.3695234175359963,8,100,100
5837360355976686672,1,0.5495013852965989,1.5542246232585077,8,100,100
1318431784086951841,1,0.4108304367850963,1.1620039510742914,8,100,100
-3723934066220854842,1,0.3875563758645278,1.0961749658635602,8,100,100
7816872560492602216,1,0.2996362743805969,0.8474993660159723,8,100,100
-5762578931538695144,1,0.5120578286246015,1.4483182519204592,8,100,100
462209886587811178,1,0.7855194568376259,2.2217845387354354,8,100,100
-8320528831089625718,1,0.7895716545186104,2.233245884571166,8,100,100
-6065883316743076082,1,0.39693547937243223,1.1227030766311192,8,100,100
-2408644446510663697,1,0.4461441186210822,1.4796926438899414,11,100,100
-5787836778883649013,1,0.43950994593269677,1.243121852671771,8,100,100
8284448025223139006,1,0.5211405957853715,1.474008196925735,8,100,100
-4290930682953750669,1,0.6048329087817153,1.7107258051373415,8,100,100
-3232570359120331144,1,0.6083870367019838,1.9238887348987233,10,100,100
-1716588900891186474,1,0.3843197668728852,1.2153258131432445,10,100,100
2034698762365763303,1,0.4486444323022662,1.4187382656283813,10,100,100
-5438562031856568431,1,0.4785440733053164,1.3535270373232862,8,100,100
8038139643355651048,1,0.35911401636903045,1.1910464492536212,11,100,100
-8364934191856372867,1,0.3718978643277457,1.115693592983237,9,100,100
437729659487771922,1,0.6892971066546619,1.9496266334711134,8,100,100
7899257359292769957,1,0.47607740091453893,1.3465502342253486,8,100,100
5301808800440719897,1,0.7410884464941385,2.2232653394824156,9,100,100
-1651506551405032256,1,0.4349579086437662,1.2302467469309037,8,100,100
-8733547547541686759,1,0.3636782741594435,1.2061843797908778,11,100,100
-6930236693224860029,1,0.4211357263209572,1.1911517115258834,8,100,100
-3678516678084376926,1,0.6799999794820576,1.9233303867939044,8,100,100
-334814884855925717,1,0.6243657855427944,1.7659731235927025,8,100,100
-4639919814083252931,1,0.5291307186277666,1.4966076771032193,8,100,100
3698216117356637285,1,0.4507591580242132,1.2749394292834388,8,100,100
-1592223921407052974,1,0.40178452868997405,1.1364182592500864,8,100,100
-1661985560864112982,1,0.4316019649379472,1.2948058948138417,9,100,100
-7493685860358259467,1,0.5421996780894355,1.5335722765368118,8,100,100
-4443166305468660462,1,0.699906942366956,1.9796357805888671,8,100,100
1171550435018510795,1,0.6239361674046303,1.8718085022138908,9,100,100
-222830718616096742,1,0.3185788130395405,0.9557364391186215,9,100,100
-5925501023563976945,1,0.26963142442605176,0.8088942732781552,9,100,100
-2236770661113314225,1,0.6943155006700815,1.9638207952269902,8,100,100
-2219750172841324900,1,1.0276205741587647,2.9065499058979043,8,100,100
-2815092329067118386,1,0.40808327499240055,1.1542338041437643,8,100,100
-6614276369594598243,1,1.0256366984436471,2.9009386580131404,8,100,100
7024523621020182510,1,0.28783414877770824,0.8141179138311004,8,100,100
-257332148698311015,1,0.6620559327889153,1.8725769583993086,8,100,100
3801157711002798977,1,0.2910821283317663,0.8233045873024193,8,100,100
5090140813028955442,1,0.4367370096392407,1.448492793035191,11,100,100
-7817255488872929015,1,0.6677948527091424,1.8888090751684254,8,100,100
-2090401265174625847,1,0.8140192584871238,2.3023941507707613,8,100,100
-3571995849183886302,1,0.32439885732125595,1.1237506055954047,12,100,100
312483405178284609,1,0.6388622343102472,2.0202597714845516,10,100,100
6620813052422620393,1,0.6224067799665861,1.7604322190834258,8,100,100
3176084723484838766,1,0.4274828862458065,1.2824486587374195,9,100,100
4073422343565987327,1,0.7091814660943426,2.0058680950685095,8,100,100
6127112595150652510,1,0.6396054048942458,1.8090772763371543,8,100,100
1465340339948578562,1,0.5157302355238593,1.7104836842742608,11,100,100
6545919798706190314,1,0.6447423500671878,2.1383684616248346,11,100,100
-7018997586575420517,1,0.8111321572328744,2.433396471698623,9,100,100
823538552422314899,1,0.5211091414345543,1.8788857295553016,13,100,100
3301281042421133487,1,0.7107466771028152,2.2475783390411412,10,100,100
-6656030159276034048,1,0.2837339584872225,0.8025208243968696,8,100,100
-988250465149391749,1,0.5009466048188079,1.5028398144564237,9,100,100
8542840415140468211,1,0.3756047243479501,1.187766428859225,10,100,100
-4651173773416707606,1,0.39250091162794654,1.1101602249360913,8,100,100
-179214759836445851,1,0.6698388243533888,1.894590300009224,8,100,100
2423252817765621139,1,0.37025337558749827,1.1708439782222781,10,100,100
9100418644679163287,1,0.6493532548828275,1.8366483596528158,8,100,100
4777136731903536086,1,0.6126740076036733,1.7329037817331832,8,100,100
-1580866016674871543,1,0.6734828664767702,1.9048972075947137,8,100,100
8991901394959145358,1,0.5777624920948061,1.8270454216346155,10,100,100
-5452362556035335585,1,0.5304722411373713,1.500402075757843,8,100,100
3460907504860838244,1,0.5763233452267075,1.7289700356801225,9,100,100
8095256762500817494,1,0.6580163179592797,2.0808303023088834,10,100,100
8879810711077966311,1,0.5215673753968957,1.649340859490258,10,100,100
-3258159989639692814,1,0.3608981941523297,1.0826945824569891,9,100,100
5027483709825222618,1,0.5105436110953098,1.5316308332859292,9,100,100
-7996983870686365617,1,0.5758690137051835,1.909941446852125,11,100,100
3740235014708112756,1,0.5962150508885846,1.9774216181600859,11,100,100
-4952535286989502061,1,0.5848415532594295,1.7545246597782886,9,100,100
-4406209363839254519,1,0.24067354313883257,0.8677608004346552,13,100,100
7681922800561469089,1,0.5763407964696814,1.7290223894090442,9,100,100
8269741075628469629,1,0.3575659229623703,1.0726977688871109,9,100,100
-3415604768877994293,1,0.6402093438620573,1.920628031586172,9,100,100
8517801109611185495,1,0.2886105248236094,1.0406000458900961,13,100,100
8975455665072648446,1,0.6180351586920148,1.6351673313934103,7,100,100
-9159657366533521608,1,0.5319622981796623,1.595886894538987,9,100,100
-8003989302718896768,1,0.23284256578264256,0.7363128441107369,10,100,100
-6951957417201471490,1,0.46246069181454846,1.3873820754436454,9,100,100
-733900253854689258,1,0.42459135232258016,1.200925697841852,8,100,100
7548282264100580048,1,0.5504087236259425,1.556790963600545,8,100,100
4399445494487263258,1,0.3400719999787072,1.0202159999361216,9,100,100
-3986354387871309285,1,0.3378838008392973,1.264245419281612,14,100,100
-7124569774541905238,1,0.47475223409035155,1.644589980902644,12,100,100
5071935246836044194,1,0.39231441507997117,1.3011597146680107,11,100,100
7418938757278216799,1,0.5489475055565507,1.5526580147779079,8,100,100
7848657070839963481,1,0.5130551257330582,1.622422762540529,10,100,100
1700733897006170137,1,0.293581039416621,0.928384762396193,10,100,100
4400120062753863954,1,0.6122965030799666,1.7318360376986168,8,100,100
-3875511288793764634,1,0.7465584329655796,2.360825054577365,10,100,100
1996153974659128649,1,0.5408744022721055,1.6226232068163164,9,100,100
-6500157612563796426,1,0.6739980214918438,1.9063542860127969,8,100,100
-1534428540013327255,1,0.5455523365382126,1.6366570096146376,9,100,100
8852706688435429917,1,0.8212717909301596,2.3229074102557457,8,100,100
-1983002162405416790,1,0.36014728091311893,0.9528601406522319,7,100,100
-3391852847319491997,1,0.38637353458489676,1.4964182648626005,15,100,100
3950794986021367393,1,0.45116252111174543,1.2760803123813365,8,100,100
3923408772150908038,1,0.4688796228819653,1.326191843600115,8,100,100
4543966401434692499,1,0.4029382933693913,1.208814880108174,9,100,100
-7635060173599130731,1,0.3058892955620915,0.9176678866862744,9,100,100
-5399084104041256284,1,0.3873272271087013,1.0955268353069787,8,100,100
7246481749710198739,1,0.36641357987826123,1.0363741082030289,8,100,100
2970068285408514710,1,0.6046199447233684,1.8138598341701053,9,100,100
-4393306344497846455,1,0.5298665052472845,1.4986887959358892,8,100,100
4459735088233834949,1,0.7147551696366334,2.0216329093528187,8,100,100
-1369190482517683036,1,1.0457298300763431,2.9577706165441535,8,100,100
-1260215204578468090,1,0.5706607456350765,1.6140723319821366,8,100,100
-1751071463229417955,1,0.6275722181973218,1.7750422846864395,8,100,100
-1088612070723730619,1,0.5743893710860789,1.6246184773457706,8,100,100
-8240210048986989929,1,0.7350674995670673,2.205202498701202,9,100,100
-3591362839800233461,1,0.41875810364672494,1.5098538147143306,13,100,100
7459553997479863201,1,0.5022996758214916,1.420718027844725,8,100,100
-2566537093281423298,1,0.45451494954192573,1.2855624118870288,8,100,100
-2667613466895394157,1,0.7035521281692443,1.9899459229867986,8,100,100
-3109283534781131115,1,0.372675827846061,1.3944252641323078,14,100,100
1915275874556868921,1,0.6518205414625515,1.9554616243876546,9,100,100
-1024604604554017094,1,0.5160612422447023,1.4596416155951304,8,100,100
-1200184165759790363,1,0.4994750207465655,1.4984250622396966,9,100,100
-6744742856456825692,1,0.2499258229572646,1.0304705666222211,17,100,100
7242817267791117480,1,0.36750913386506084,1.0394728028159168,8,100,100
9082324437043768487,1,0.3775527711280538,1.0678804988816777,8,100,100
-1861873154957130343,1,0.8433678916530133,2.385404620891389,8,100,100
-3944296378215863483,1,0.4616428007969677,1.384928402390903,9,100,100
4148336633082327441,1,0.4858722378371554,1.3742542166597425,8,100,100
1582283260958361854,1,0.39947669749212183,1.440333716160862,13,100,100
489077929117107488,1,0.37743165658353733,1.067537935218766,8,100,100
7285018717000471895,1,0.5681854472270251,1.6070711308229628,8,100,100
-1333922059097420480,1,0.39252005485356556,1.301841744638997,11,100,100
-1637262065777585886,1,0.4435601470156015,1.3306804410468045,9,100,100
1592692575518621150,1,0.9144301911656072,2.5863991563796476,8,100,100
-4813617141892564736,1,0.4502624301561784,1.3507872904685352,9,100,100
-8629760557512690269,1,0.4286950345093625,1.1342204496000259,7,100,100
-4549654465668455284,1,0.435029375545085,1.2304488858531153,8,100,100
2737832448437033647,1,0.7341644096951014,1.9424164494877758,7,100,100
8847297214091223695,1,0.641402204659682,1.9242066139790461,9,100,100
8260054272912398934,1,0.6502705772440471,1.9508117317321414,9,100,100
2227238557006083571,1,0.8226877160016429,2.4680631480049287,9,100,100
-6314372608066758394,1,0.5911894632023308,1.6721363135856122,8,100,100
-285241074457721842,1,0.7870674202082787,2.2261628403211033,8,100,100
-4155597534223812760,1,0.4928676090136088,1.394040114242891,8,100,100
2679932088912111991,1,0.6053283359449285,1.7121270847641101,8,100,100
6459065909710072114,1,0.790638071652265,2.371914214956795,9,100,100
-239711142182020733,1,0.7360456358870354,2.081851441593949,8,100,100
-1412005383421993921,1,0.6730258598265663,2.0190775794796987,9,100,100
7662195651175220557,1,0.5257638006880845,1.4870845950758278,8,100,100
6680258526420493836,1,0.4750315776919072,1.4250947330757215,9,100,100
215262961511477515,1,0.4807055138773366,1.5943198241861063,11,100,100
-6199434188811523620,1,0.723700334894105,2.4002424714982937,11,100,100
-4618355264934646746,1,0.7901600844385511,2.234910215717738,8,100,100
3707332708108104676,1,0.40578364757890584,1.345832105081038,11,100,100
-2827866461807602636,1,0.6838426869665714,2.051528060899714,9,100,100
3264580284427354441,1,0.512898521815225,1.6219275374696702,10,100,100
-4366750682593373384,1,0.5538975588602044,1.5666588798109016,8,100,100
3569950692504214710,1,0.700874523665307,1.98237251377852,8,100,100
-6525442593199347046,1,0.5182647811418658,1.5547943434255975,9,100,100
2385669093564241980,1,0.6351844797359171,1.6805401700291827,7,100,100
-7746412316094080282,1,0.3896294994482783,1.0308627589947226,7,100,100
7429037334557117861,1,0.748750368497991,2.246251105493973,9,100,100
-2471614913637508823,1,0.47496833191513677,1.501981745302677,10,100,100
1444045245714277008,1,0.4788216797403026,1.4364650392209077,9,100,100
-4927317663201900142,1,0.3081466103901255,0.8715702312260272,8,100,100
-92286117030363763,1,0.5683196355313788,1.6074506726628204,8,100,100
-8572418612439458772,1,0.3832404394489528,1.211912680142536,10,100,100
7680715581127901767,1,0.37046897915072036,1.1114069374521611,9,100,100
844043884725551343,1,0.4264662487478406,1.279398746243522,9,100,100
712512821521663504,1,0.2731749175694065,0.8195247527082195,9,100,100
1262041498282183882,1,0.5279192465358845,1.669427239693351,10,100,100
-6359796787980068604,1,0.6672523832983064,2.001757149894919,9,100,100
-3449338180134289469,1,0.4674988260315607,1.3222863603346666,8,100,100
-2153062600834817651,1,0.5879225539868774,1.6628960989465407,8,100,100
-8771227823484834182,1,0.43578728940527334,1.4453429273633127,11,100,100
8255553136203931984,1,0.4736221381820212,1.7076689044101683,13,100,100
-1696066045378969622,1,0.5634012721106123,1.5935394401541652,8,100,100
58188861572123721,1,0.5908832514108199,1.6712702158485857,8,100,100
389267376370423320,1,0.5146305102531928,1.4555948944221029,8,100,100
6825369290851273801,1,0.4464130887080265,1.2626468889435094,8,100,100
-1294163274054387365,1,0.6584248366219195,1.862306667508016,8,100,100
6157303958976598699,1,0.7686122297676325,2.549198375417671,11,100,100
6103673067650409076,1,0.512792918976577,1.6215935919721634,10,100,100
991686451491389156,1,0.38065081200583034,1.203723559130991,10,100,100
-7469598208688029614,1,0.7078850863154929,2.002201379338038,8,100,100
2671675739195453605,1,0.5670668250271115,1.6039071894503838,8,100,100
5993996603915448146,1,0.5898721866457279,1.9563847173703686,11,100,100
8009786961376091781,1,0.39838164266810344,1.6901901661851118,18,100,100
-4508794349076601699,1,0.4008913548907197,1.4454343359487212,13,100,100
-4893051161315704317,1,0.6318276688596267,1.7870785167677221,8,100,100
8731131916313375837,1,0.4639075806944747,1.3121287846116343,8,100,100
-8647886070553453797,1,0.43483433242111874,1.3045029972633562,9,100,100
3100005372059416337,1,0.5396199633465201,1.6188598900395603,9,100,100
-255527787920537221,1,0.41556009261682486,1.4395423880207379,12,100,100
-182486669893202356,1,0.7245837276115783,2.049432269326293,8,100,100
7344458883670737983,1,0.8274264627698369,2.3403154510310005,8,100,100
4380112669697797297,1,0.42374934753097876,1.2712480425929362,9,100,100
-5030641836349819798,1,0.5892362580050969,1.7677087740152908,9,100,100
8591400232581955800,1,0.48149942691042535,1.444498280731276,9,100,100
1143071871860887894,1,0.6082699104096941,1.720447113769714,8,100,100
6909076435952522571,1,0.27732786427840506,0.8319835928352152,9,100,100
-6603876647670755028,1,0.2913522038983792,0.8240684763607584,8,100,100
-720055639829483968,1,0.5045142143352376,1.5135426430057128,9,100,100
-5377784909984605625,1,1.4047399465045218,3.973204567907902,8,100,100
-1432067680093946255,1,0.6809116299913215,1.9259089238225953,8,100,100
2863858613623431865,1,0.7915925522422058,2.2389618465089205,8,100,100
2204464998281826191,1,0.2410527448195207,0.8350312026626906,12,100,100
7027926453147764255,1,0.4007307420519922,1.3290735133471525,11,100,100
7750914253718432578,1,0.3903677994988151,1.104126872729931,8,100,100
-4415002013782583701,1,0.45872580633488874,1.297472513458667,8,100,100
2327979047041705806,1,0.45459796637089633,1.2857972189378997,8,100,100
-8744478457299735044,1,0.4052188112064556,1.1461318770737445,8,100,100
957843314468456810,1,0.869241850491755,2.4585872278954524,8,100,100
5157019573724342238,1,0.49603753114692933,1.4030060079881082,8,100,100
-2046796455326023084,1,0.667927344249046,2.003782032747138,9,100,100
-1523569031757994423,1,0.6885399290719321,1.9474850118578706,8,100,100
-3833962324026985397,1,0.47872025927249817,1.4361607778174945,9,100,100
-3375410693631797362,1,0.914536939452348,2.5867010861293855,8,100,100
7997680025682277034,1,0.669428953250927,2.008286859752781,9,100,100
-5235423955634533955,1,0.48311386431700065,1.5277401804472688,10,100,100
5518262136042752042,1,0.3115646828192202,0.8812379999988257,8,100,100
-8740000122117874431,1,0.3193321910036628,0.9032078308393912,8,100,100
-2931020288728900982,1,1.076111859666852,3.04370397314279,8,100,100
-7214830345069080037,1,0.6782248186520974,2.034674455956292,9,100,100
-5718159264009065914,1,0.7058881515886899,1.996553194990401,8,100,100
-94207589871672894,1,0.3499444003075699,1.2617424788704394,13,100,100
-6767223515894218738,1,0.5026893797095119,1.5080681391285358,9,100,100
-1317019017488510112,1,0.443492374861074,1.2543858626751672,8,100,100
-441539764023360045,1,0.26881176156919473,0.8064352847075842,9,100,100
-1668397747718398159,1,0.662427740421716,1.7526190627063096,7,100,100
-1333838144179912511,1,0.7492829266504191,2.1192921538472556,8,100,100
-6871132772324034811,1,0.3260947547278052,0.9223352495095801,8,100,100
6851517990016018025,1,0.8034037300895754,2.272368902307622,8,100,100
-4411228638344820041,1,0.5382044527960362,1.5222720729474895,8,100,100
6965627496596617203,1,0.6073962322249431,1.717975978693665,8,100,100
4735550326345627014,1,0.7756120800062227,2.326836240018668,9,100,100
-1121985057344511084,1,0.5449158017691301,1.6347474053073903,9,100,100
-6871391222946682395,1,0.4696609803044139,1.4089829409132417,9,100,100
-9151677412578049720,1,0.5595004786855945,1.582506330222813,8,100,100
6001657631731486729,1,0.5278082155754392,1.9030395848683972,13,100,100
1012007245988884457,1,0.42523368339561557,1.3447069773530687,10,100,100
2540355632717774384,1,0.5509906958958797,1.4577843560509147,7,100,100
-1338705199156877801,1,0.5786366042618429,1.6366314668652235,8,100,100
-2578883946774328526,1,0.27430313487175945,0.775846427074197,8,100,100
-2079825563848470916,1,0.5216380852872076,1.4754153097270044,8,100,100
-2187994150479436075,1,0.5700953484960289,1.8027997847148993,10,100,100
5214492005049085177,1,0.720641400105127,2.161924200315381,9,100,100
2640985081242875149,1,0.8111127268140848,2.294173237747804,8,100,100
2783829821720859339,1,0.5510782098141853,1.9869407422759475,13,100,100
-3944463437279157003,1,0.3118789796230109,0.8821269656038885,8,100,100
3838716186616624523,1,0.576331491211807,1.6301116225888956,8,100,100
2334509279776668082,1,0.7401188012741451,2.093372093058427,8,100,100
8554966513010012319,1,0.9718425001783039,2.9155275005349117,9,100,100
-3668935155238380714,1,0.9521516424097568,2.693091532263391,8,100,100
-1102099216645559451,1,0.8022536864417772,2.2691160876595475,8,100,100
-2927907770281011089,1,0.598181812015542,1.8916169808557894,10,100,100
7302792426241383286,1,0.6695356970260843,1.8937329264544238,8,100,100
8117738985889345724,1,0.356033438812781,1.068100316438343,9,100,100
2469014801015608031,1,0.5744396535380678,1.6247606975968747,8,100,100
-8940474524958441442,1,0.5473108829724641,1.5480289470681052,8,100,100
-8314608371226617031,1,0.5446053932371162,1.540376666514925,8,100,100
-6610235809220691552,1,0.8219026946676425,2.1745501319844354,7,100,100
-7521564246729161508,1,0.44105560127806775,1.4628159411239463,11,100,100
4282467432939079497,1,0.4436593845979347,1.2548582375450006,8,100,100
-5504586417769028325,1,0.292359286477099,0.9245212403692977,10,100,100
8682101073270620240,1,0.5251878626897595,1.4854555964191933,8,100,100
-5847761939797370643,1,0.43113913605067333,1.36338165835734,10,100,100
-8030053388862309,1,0.4524454264451507,1.357336279335452,9,100,100
5990214674809628175,1,0.34696796505992544,0.9813736037934815,8,100,100
-8481416888794373810,1,0.6524976495386587,1.9574929486159762,9,100,100
5344321296529218725,1,0.7763259699684485,2.195781431103656,8,100,100
1785405861219971349,1,0.5177312035615874,1.4643649794810851,8,100,100
-2064348316709539482,1,0.7207512984397192,2.1622538953191577,9,100,100
732728512405663635,1,0.6212775768657406,2.2400481596854473,13,100,100
-6206375978423198541,1,0.48990081161201243,1.3856487439985894,8,100,100
-4185385181663438975,1,0.4870105812954419,1.3774739381744374,8,100,100
1006093744222921980,1,0.7960838325306133,2.2516651055014902,8,100,100
-5481001096463885504,1,0.2947145722842546,0.9774576565169472,11,100,100
6562702218702128182,1,0.18072791689041948,0.5111757423317376,8,100,100
-572505477554571334,1,0.739341854132631,2.218025562397893,9,100,100
1127173325435530720,1,0.8280499376213065,2.618523819243678,10,100,100
-5099671866162428890,1,0.6333720596327989,2.0028983147516346,10,100,100
7200720825758509480,1,0.6121294168369289,1.731363446436637,8,100,100
-1311898636800318176,1,0.406673934649872,1.466283723774805,13,100,100
1880625779556691913,1,0.3736886904725875,1.1210660714177625,9,100,100
3676538435164651697,1,0.7182458360466212,2.0315060049102684,8,100,100
4519846305412594868,1,0.8485664289859889,3.059549770346355,13,100,100
7971917177745729085,1,0.425364621464789,1.2031128332584047,8,100,100
-984835463553451404,1,0.6260642188835345,1.770777018523225,8,100,100
-2052213458064366184,1,0.5757011745964083,1.628328817976724,8,100,100
2390094005774652372,1,0.616512389033604,1.743760363884721,8,100,100
2833265271698901165,1,0.35632237320891164,1.068967119626735,9,100,100
-4860321568385342436,1,0.935857143263905,2.6470037288951103,8,100,100
-6455892151091313900,1,0.4496925996061803,1.2719227465237484,8,100,100
7267353798438269538,1,0.44730287969341126,1.2651635979019262,8,100,100
-1851374635399017403,1,0.6447823691269244,1.8237199423967037,8,100,100
721713285759503276,1,0.546259386565041,1.6387781596951232,9,100,100
-979705147479278397,1,0.5328295883445073,1.507069660540951,8,100,100
-4159079935597698813,1,0.7308506899674174,2.9234027598696697,16,100,100
5405632100109032368,1,0.4818580787150991,1.3629004601158712,8,100,100
-438138592143653135,1,0.7773994441632773,2.198817674634025,8,100,100
-6915026513195664461,1,0.7607912472621425,2.15184260002573,8,100,100
7668878287943547238,1,0.4925230830232942,1.3930656475867051,8,100,100
4852363909761395968,1,0.41278572929175256,1.2383571878752577,9,100,100
-6229446234745708492,1,0.2781406863656212,0.786700661812046,8,100,100
-6314887473201830345,1,0.24189259799953758,0.8721561652425307,13,100,100
2549208549577336533,1,0.4392725145696426,1.3891016595495698,10,100,100
-5576822060526137700,1,0.6119360933012602,1.7308166449044997,8,100,100
3851571051949715404,1,0.6213818278201622,1.7575332166309134,8,100,100
-7175419833985252654,1,0.5071085065406581,1.5213255196219742,9,100,100
7758154083752244892,1,0.3661592465844907,1.0984777397534722,9,100,100
3274753371322845410,1,0.6077249806743891,1.8231749420231673,9,100,100
740246647226467318,1,0.47074541544408816,1.331469101891973,8,100,100
3903467921457519806,1,0.8757546171691479,2.477008113822934,8,100,100
3039312494234023427,1,0.8158689542494342,1.998462634889227,6,100,100
8520585042352769843,1,0.7684897914983557,2.1736173713644935,8,100,100
9144870138603265375,1,0.568811314466691,1.706433943400073,9,100,100
5899656630451464288,1,0.8255648056888312,2.335049889646108,8,100,100
-8905655977113277180,1,0.441997944091648,1.325993832274944,9,100,100
-6823401791037981572,1,0.5759894862805285,1.6291442865644705,8,100,100
7292500488143704052,1,0.41453946860818935,1.243618405824568,9,100,100
-1875071578402929091,1,0.4684619894443333,1.405385968333,9,100,100
-1164169039228979028,1,0.3520937216630052,0.9958714328044792,8,100,100
5487015735017221853,1,0.2926920863154447,0.9255736458634057,10,100,100
2263419688792077279,1,0.29177928182809454,0.8753378454842836,9,100,100
8239891964078599566,1,0.3988716911159771,1.3229077389262314,11,100,100
-8482325704072084366,1,0.3346903003570589,1.0583836598941723,10,100,100
6664382873206470289,1,0.4497997179858685,1.5581519295633535,12,100,100
137289856645331939,1,0.8328125287379979,2.3555495461110194,8,100,100
6622540978806844416,1,0.3742822527721581,1.1228467583164743,9,100,100
1157393377950144438,1,0.36569616394521975,1.0343449495182893,8,100,100
2132659297151950777,1,0.3699823038022059,1.1099469114066178,9,100,100
-2729776677292872441,1,0.2508131062483427,0.7094065929546607,8,100,100
-4282708372086617417,1,0.7030632622419155,1.9885632013375778,8,100,100
6045448306961693711,1,0.3863894718267046,1.0928744628310052,8,100,100
-4159043308971817559,1,0.6677019865672592,2.0031059597017777,9,100,100
-9124704729028295491,1,0.8303648900136628,2.4910946700409884,9,100,100
1901386977747324107,1,0.3884473140041113,1.4005667084580842,13,100,100
-4555140994124022586,1,0.5184402225978626,1.5553206677935878,9,100,100
28767508873800532,1,0.6680712141432259,1.8895907433448207,8,100,100
-849665450511178160,1,0.40043229742098635,1.201296892262959,9,100,100
495212879734966266,1,0.4109432212810112,1.4235490765694625,12,100,100
5575458982126340776,1,0.42813949413357577,1.3538959577343976,10,100,100
6727771107310216322,1,0.7052714617352367,1.9948089326813383,8,100,100
7892930439979568415,1,0.4260194816238276,1.1271416020452991,7,100,100
-8022514428595534108,1,0.5484222207929622,1.5511722851043586,8,100,100
-6580570236686168480,1,0.5728913633918045,1.9000656980057626,11,100,100
7409212130427337310,1,0.3994501316959529,1.1983503950878587,9,100,100
2780776787491325246,1,0.5733545527389661,1.6216915690636118,8,100,100
5230460078952513474,1,0.32271600479918017,1.1179210334556433,12,100,100
-5141388445997805997,1,1.0289438809131064,2.910292782616244,8,100,100
-4221867804737628829,1,0.541386324134683,1.5312717641491704,8,100,100
4421860819862296255,1,0.6237678092122192,1.9725270082039728,10,100,100
-9167137887856140121,1,0.5479711880014565,1.5498965717227138,8,100,100
7384175879242050753,1,0.5003867454037081,1.415307443563314,8,100,100
1022723240373614848,1,0.7771280853293335,2.3313842559880005,9,100,100
-8276915332945029338,1,0.5054287680412204,1.5162863041236612,9,100,100
284312899512296273,1,0.9518708773010599,3.0100800106540184,10,100,100
-2667626288220292102,1,0.5111657245936017,1.4457950006810836,8,100,100
-3793147274343404690,1,0.39260189080865043,1.2415161886440607,10,100,100
-207349716520144229,1,0.5423416013697037,1.5339736961923554,8,100,100
-4539944351990520761,1,0.529246342398603,1.587739027195809,9,100,100
-6427289426306408578,1,0.3163680120592568,0.8948238667104318,8,100,100
3919106101519566172,1,0.7987470901919731,2.525860079438574,10,100,100
4157022234318648054,1,0.29176415664182437,0.8252336546744323,8,100,100
4887157859291163116,1,0.8312767769556861,2.3512057841130516,8,100,100
5274563453882934535,1,0.42411158669053567,1.1995687157146564,8,100,100
-5726519541508642607,1,0.4843003363214952,1.4529010089644856,9,100,100
-5385089657887859910,1,0.5936796929721422,1.5707288260334689,7,100,100
8176771632485400726,1,0.4486853627975405,1.3460560883926216,9,100,100
-6919646470349482575,1,0.7497561206671798,2.120630548639529,8,100,100
724770597511919157,1,0.4781921802094789,1.4345765406284368,9,100,100
-739847628886348021,1,0.6789515068665154,2.036854520599546,9,100,100
-6143395523186769427,1,0.5095338547562533,1.4411793757690727,8,100,100
-1534631011063743517,1,0.3069524310322996,0.9706688153878162,10,100,100
6335044908239725627,1,0.3716368464297301,0.9832586736813683,7,100,100
5584902490801605871,1,0.6450668219294463,2.039880400303302,10,100,100
5509710222442457328,1,0.6729804357583544,1.9034761189224407,8,100,100
5022988378692213241,1,0.5139910550327019,1.7047154751423859,11,100,100
8140858667559066907,1,0.971951710432054,2.749094581729476,8,100,100
8957504309118107240,1,0.7969561179376021,2.2541323012071377,8,100,100
5992140151017872468,1,0.3244718621262728,0.9177450160548561,8,100,100
-5170837225456085009,1,0.456821089123217,1.370463267369651,9,100,100
-3948540256955022504,1,0.6666467145488585,1.9999401436465756,9,100,100
452495618455730690,1,0.6291538391631561,1.7795157843272729,8,100,100
-6722820020346742405,1,0.7099835180349133,2.12995055410474,9,100,100
-2371611984672333347,1,0.3826787694082956,1.1480363082248868,9,100,100
-2931657383777871988,1,0.5000938972048893,1.4144791437743418,8,100,100
-4469089781893941989,1,0.43622246477175536,1.2338234517840723,8,100,100
-4406245786818305285,1,0.6159338227654167,1.7421239313583172,8,100,100
729806951109266094,1,0.3035663989664418,1.1358414590691521,14,100,100
-4258921051760542973,1,0.5903927271452466,1.6698828037104918,8,100,100
-6852961558292881748,1,0.41397377630302673,1.1708946578290924,8,100,100
3100008921217478811,1,0.7858761562890144,2.485158612691744,10,100,100
6814515068550297054,1,0.22958744391181318,0.7614554080322495,11,100,100
-522757316412880347,1,0.44499832539241435,1.4072082632007712,10,100,100
1743888974043914037,1,0.44087055481681525,1.2469702357457824,8,100,100
4680071907656412723,1,0.46649234012429086,1.3194395882938699,8,100,100
-4516387583665169056,1,0.2639711179747322,0.8347499693011674,10,100,100
-8683297919344444734,1,0.6004355181472443,1.698288106188699,8,100,100
-7288562121057681413,1,0.36869371153391184,1.2228187037215146,11,100,100
1877203067724960372,1,0.35901610470036327,1.1353086075346308,10,100,100
2000245231970511593,1,0.524005634104016,1.4821117490196263,8,100,100
-1760777450411744615,1,0.7142132593151612,2.0201001555003866,8,100,100
7259088426439653077,1,0.5344697264977339,1.603409179493202,9,100,100
-4139800850063964325,1,0.5793991569827426,1.7381974709482277,9,100,100
2628398693723684295,1,0.5105373406778546,2.1660264938535456,18,100,100
-1830751513343314831,1,0.5854890801816749,1.8514790385310438,10,100,100
7775983008254057747,1,0.4457900150481975,1.3373700451445925,9,100,100
6316787269121500350,1,0.714617667245491,2.021243993859994,8,100,100
-6286932770137781405,1,0.4080644180691179,1.3533965650299864,11,100,100
3340295677951358198,1,0.5670914907564674,1.6039769546683458,8,100,100
2085293019762448248,1,0.637774776030843,1.8038994760045628,8,100,100
-1890243249237215257,1,0.5181703959139852,1.465607203043588,8,100,100
78448417610867145,1,0.5915975463586244,1.6732905470540251,8,100,100
3607986470332824894,1,0.46464968646096055,1.4693513232997375,10,100,100
2449615471253129371,1,0.644473245002313,1.9334197350069389,9,100,100
-5781133497885884343,1,0.5486913938775964,1.5519336215581894,8,100,100
-7266589189544274620,1,0.5516696911391133,1.5603575183182212,8,100,100
4827717693211948159,1,0.48524397980102435,1.3724772345890097,8,100,100
-3954669315360415010,1,0.3785313223894223,1.1355939671682669,9,100,100
7095107692672046599,1,0.5564458461078263,1.5738665245837204,8,100,100
2474150275695466891,1,0.7872006141680974,2.4893469162546022,10,100,100
-5770655110056288155,1,1.1120410889989065,3.3361232669967196,9,100,100
-2650901602755295162,1,0.46080694878423845,1.3033588732128685,8,100,100
2508668575706108245,1,0.3344399908665636,1.057592111784251,10,100,100
7822889589623724515,1,0.4306115107303649,1.4916820298179656,12,100,100
-7434837330285962873,1,0.8660711268028658,2.449619067008723,8,100,100
2604048321076410233,1,0.733760363473858,2.201281090421574,9,100,100
-8367845121316920082,1,0.5807536664211556,1.642619422901397,8,100,100
-4457542161686091985,1,0.4195258243615912,1.1865982211558306,8,100,100
4493455296851883676,1,0.4090551277411038,1.1569826188194559,8,100,100
1296506107351859987,1,0.6892424598021248,1.9494720688311156,8,100,100
5607773040906261100,1,0.75951994378539,2.1482468107882986,8,100,100
-5308698955467023575,1,0.7591721566777376,2.1472631202993777,8,100,100
-6745992366427512330,1,0.448535460639464,1.6172176021994473,13,100,100
5498424181549611593,1,0.46677584204745354,1.3202414528232609,8,100,100
7838876620627598945,1,0.41782868246203725,1.2534860473861118,9,100,100
7056477263376893087,1,0.46926495718213657,1.4077948715464097,9,100,100
8106053685108746442,1,1.083848379164855,3.0655861547420695,8,100,100
2850051673413983410,1,0.6027537896985589,1.8082613690956766,9,100,100
-4681852655130995107,1,0.9391768911266525,2.6563933937974236,8,100,100
3965120857969853309,1,0.39957613704542033,1.130171984420568,8,100,100
-1753136185277271098,1,0.6535850035423547,1.848617552346531,8,100,100
2615254639935060140,1,0.35277101733475097,1.058313052004253,9,100,100
5599416069023741381,1,0.4575462546793027,1.372638764037908,9,100,100
-400927846206074033,1,0.45256095108517186,1.280035669650234,8,100,100
7090437638628437186,1,0.27251094517301605,0.9038165564040063,11,100,100
-819701232732117728,1,0.8151450218978759,2.3055782905377793,8,100,100
-3636159438414348523,1,0.6080915147521951,1.8242745442565855,9,100,100
383809325576122225,1,0.47127418027524964,1.413822540825749,9,100,100
7612239934031852477,1,0.8626842506961123,2.728047133755414,10,100,100
1599934976884602171,1,0.9108157140006925,2.880252184914702,10,100,100
8846306718324708097,1,0.3681883637990507,1.164313837575686,10,100,100
-6827219571815022350,1,0.33997829089858705,0.9616038198024144,8,100,100
-3252790064126094090,1,0.5048897271988537,1.4280437994149422,8,100,100
5474930890394701119,1,0.43845011090948977,1.3865009908274277,10,100,100
2726065511392143164,1,0.6799606773513893,1.923219223581462,8,100,100
8331855041698112986,1,1.0637614206834933,3.19128426205048,9,100,100
-6511358202311909422,1,0.8707981095604866,2.8881105975629273,11,100,100
-1517209544476686965,1,0.5229958433631884,1.568987530089565,9,100,100
7543150028223871878,1,1.0199474653946623,2.884847076938389,8,100,100
486381116569685108,1,0.7139214794824874,2.0192748775071983,8,100,100
7631360939705650347,1,0.3870764850951888,1.3956241145370758,13,100,100
929356810414228415,1,0.8754214019071154,2.903444323572817,11,100,100
2831156204023654455,1,0.5072386742865072,1.434687625072255,8,100,100
-133414564182458785,1,0.5757803302904673,1.8207772756419156,10,100,100
-2139114907322813283,1,0.3602415589456059,1.0189169967826053,8,100,100
-5324373445010819873,1,0.6799697902449688,2.0399093707349065,9,100,100
2763392627418845258,1,0.38001549346508345,1.1400464803952504,9,100,100
314901715679243904,1,0.28290753780515454,0.8946321866944814,10,100,100
-2603087752764288233,1,0.4020064826470183,1.333304666230679,11,100,100
-6700877099364323465,1,0.9345100144639913,2.803530043391974,9,100,100
-2658284076669440278,1,0.7773886019532796,2.1987870082331753,8,100,100
4018638282774437064,1,0.5686387259144094,1.7059161777432283,9,100,100
7464522646507577133,1,0.5946636900913856,1.6819629111561374,8,100,100
-762102583960152526,1,0.6605102637117509,1.8682051460555755,8,100,100
-3385299391982457741,1,0.477098867973881,1.3494393793630266,8,100,100
-4721401115792771178,1,0.7207953624820732,2.496908379357953,12,100,100
8590849919563582286,1,0.5226417823805874,1.478254193810949,8,100,100
-117550883179129779,1,0.5951782327894986,1.68341825768032,8,100,100
-8424506325759363980,1,0.4861148573606409,1.374940448300962,8,100,100
-8303233387391039364,1,0.45041710411988123,1.3512513123596437,9,100,100
-6288098175373214288,1,0.4339713486341097,1.5033208497269288,12,100,100
2470155903384911075,1,0.3505917995463723,1.051775398639117,9,100,100
603452334183628259,1,0.4680331627775426,1.4800508148693736,10,100,100
-4773195424413056748,1,0.4341489059383191,1.3728993864352896,10,100,100
975442577333382566,1,0.4563665653797335,1.290799572347294,8,100,100
-7267293019239472918,1,0.3135039555749391,0.9405118667248173,9,100,100
-7306021806068648534,1,0.5384156315326712,2.0852747742637847,15,100,100
-4699056410447398713,1,0.5531056969356737,1.749073789131543,10,100,100
-4863685497331543900,1,0.7345974839089678,2.3230012125812296,10,100,100
8171543720735333501,1,0.49030985065971544,1.4709295519791463,9,100,100
4587395275839860320,1,1.5183083202567638,4.017066228919609,7,100,100
-7277733991104038631,1,0.4740578245791391,1.4991024682946321,10,100,100
8736643939444963597,1,0.7186700007224808,2.032705723784829,8,100,100
-6319464038550758794,1,0.3221856692252589,1.366918029061839,18,100,100
7641218965421577956,1,0.3516673098132776,0.9946653579623965,8,100,100
6106788398275181844,1,0.45904660471773184,1.2983798683062753,8,100,100
8329351876244043969,1,0.4498130171451427,1.2722633387572448,8,100,100
7533345845230640605,1,0.623024220872163,1.9701755754078514,10,100,100
-8115586035894278686,1,0.5186673544886995,1.6401701881582482,10,100,100
-8190835924291609900,1,0.6338664319720922,1.7928450096559514,8,100,100
3681274031479736246,1,0.5391951560259253,1.7050847963717874,10,100,100
-6851206293092351581,1,0.4409571313018292,1.3228713939054875,9,100,100
2828779208387557910,1,0.5863783659587891,1.6585284756421872,8,100,100
-3321229494797869717,1,0.5380191455552987,1.5217479449213756,8,100,100
-4722541671885458206,1,0.3187753740306933,0.9016329146095252,8,100,100
-3645654930058536282,1,0.6712069418539041,2.1225427175745373,10,100,100
5788148909338012506,1,0.688914121310768,2.066742363932304,9,100,100
-4440472443118399621,1,0.6395677822495722,1.8089708634284551,8,100,100
-7188437435575682702,1,0.5197503082240686,1.4700758698761487,8,100,100
1955383997178271971,1,0.4112722484151782,1.3005570434105382,10,100,100
-230789676199832980,1,0.6024250556280925,1.7039153679652292,8,100,100
-2286869278975378071,1,0.2853553020218566,0.8071066764287605,8,100,100
5277030281611274912,1,0.9323496712213304,2.6370830998306034,8,100,100
-8450517183348118555,1,0.385352314984926,1.0899409402871025,8,100,100
-6470852510656838548,1,0.46974714524243516,1.328645567375792,8,100,100
-4738109364759247340,1,0.429030869882883,1.2134825497301998,8,100,100
3408983728344347602,1,0.8099601997698797,2.5613190453578083,10,100,100
1818818453502998219,1,0.6203851076316377,1.9618299665646834,10,100,100
4699612167563752007,1,0.7104685987168502,2.0095086558911555,8,100,100
-597819922336100716,1,0.7259106931467983,2.053185494639713,8,100,100
9103586375997662281,1,0.43703415392067435,1.2361192553897369,8,100,100
4267239631423117187,1,0.35013259240933536,1.1612584358962046,11,100,100
3565179261354509628,1,0.6846262485791286,1.9364154517944352,8,100,100
-1037297718712194422,1,0.6970624934297777,1.9715904640599962,8,100,100
2110367262238669241,1,0.34343231053232987,0.9713732626238986,8,100,100
-3584290350691724269,1,0.3894466874665137,1.168340062399541,9,100,100
1054397577000762619,1,0.4848605572822646,1.4545816718467939,9,100,100
-6107433740724613873,1,0.37435364870415294,1.0588320142425327,8,100,100
4786746033383529727,1,0.6063760175183728,2.0111217319784154,11,100,100
7591339617975846263,1,0.42832062831296025,1.2114736832087079,8,100,100
-7330625778188034585,1,0.3983444240640821,1.1950332721922463,9,100,100
-8677713436758202149,1,0.5879717978094924,1.6630353815101508,8,100,100
3048213669048930733,1,0.4366834973244925,1.235127448761625,8,100,100
3866675179238331022,1,0.4807875965767346,1.4423627897302038,9,100,100
-7300693100202385607,1,0.39700055977069426,1.1910016793120828,9,100,100
274439608113341292,1,0.4739571429347466,1.4987840849797807,10,100,100
-7678719629465919133,1,0.48882890205723023,1.3826169259385688,8,100,100
5728124550123896190,1,0.3111413205079757,1.1218359850070816,13,100,100
-5935201915465864479,1,0.5130326080472087,1.4510753444800057,8,100,100
7338534873961713171,1,0.5559837110611997,1.758174868906343,10,100,100
7302068382751492271,1,0.41395631288278967,1.241868938648369,9,100,100
3267103377301376828,1,0.386751142337845,1.0938974215149355,8,100,100
1150495735630585704,1,0.47508897470967903,1.575691871146651,11,100,100
-610062734023585319,1,0.7253913835457287,2.1761741506371863,9,100,100
-3034357225405480492,1,0.6085123299920667,1.7211327798920664,8,100,100
-7936988418823940024,1,0.5616373405943952,1.4859527302204512,7,100,100
-7058708553315182534,1,0.34667088496286463,0.9805333343887325,8,100,100
-1642049289822064824,1,0.40800126209828963,1.224003786294869,9,100,100
6081986979137676089,1,0.3434286049551854,0.9713627816689903,8,100,100
-6748171200656065032,1,0.5751701505564689,1.7255104516694069,9,100,100
-8792256420543495575,1,0.5378343129753705,1.6135029389261115,9,100,100
-8074406546013059473,1,0.5050674404961631,1.597163483959439,10,100,100
-4300088247328377134,1,0.6551999027153611,1.8531851769711924,8,100,100
6018194739899336096,1,0.5254451380452376,1.4861832810131566,8,100,100
3140346693801476469,1,0.8568439399865168,2.2669959775970763,7,100,100
6339553167471387882,1,0.6675225441786957,1.8880388703346103,8,100,100
5251744669997401179,1,0.9011820878790349,2.548927861692467,8,100,100
-7176410688125413222,1,0.48634225696271943,1.7535319449039681,13,100,100
5565869013299389047,1,0.288648442808196,1.2246316277316762,18,100,100
-7042031688008693013,1,0.5378320788694602,1.783787205826832,11,100,100
-2060808543212792230,1,0.492471330581729,1.3929192695772104,8,100,100
-7837443156016942170,1,0.4382195175748967,1.2394719701020276,8,100,100
-4208354242839800459,1,0.6139859189779866,1.7366144274495539,8,100,100
-3699529802740957792,1,0.6911244493018395,2.0733733479055183,9,100,100
3374009493962268010,1,0.4953266970978637,1.566360548717564,10,100,100
5612367720969201417,1,0.45277245072578454,1.5016763344671058,11,100,100
4312452495770222096,1,0.7067221725171028,2.1201665175513082,9,100,100
-3492717974866942150,1,0.3437379373467457,1.140049764389848,11,100,100
1579955807512514654,1,0.7991026692181736,2.397308007654521,9,100,100
-5065407038685668444,1,0.6026591920096424,1.905775699587218,10,100,100
1198562619026831912,1,0.31076112700892405,1.1204651778516528,13,100,100
1285895472199887510,1,0.8868688672060497,2.660606601618149,9,100,100
-3694126405119485704,1,0.6858161464492486,1.9397809912059605,8,100,100
-7892279272113680177,1,0.6790833419986931,2.0372500259960793,9,100,100
8126203751327055986,1,0.47698926019857324,1.4309677805957197,9,100,100
-8633333825683352756,1,0.6468554096578939,1.829583386465196,8,100,100
-4433676849678857659,1,0.9212714082575044,2.605749040368647,8,100,100
3353212554667247820,1,0.5044966722160604,1.4269320720400929,8,100,100
-7394457734440874058,1,0.5552805623761259,1.8416572787791472,11,100,100
-5149006057220222315,1,0.5753362061061471,1.6272965311991912,8,100,100
1692656039493596260,1,0.5892748187621647,1.5590746243173463,7,100,100
-609641819466987612,1,0.6605690279236945,2.0889026800022417,10,100,100
2365281335668911849,1,0.5509632130396779,1.6528896391190337,9,100,100
-2490892849670488625,1,0.484465456837468,1.5320142912803933,10,100,100
6149374854391008592,1,0.49306129287888084,1.3945879349410522,8,100,100
-742985879237613405,1,0.6657557411127479,1.761424124897831,7,100,100
6897035570862077547,1,0.21678596887046198,0.6855374263970196,10,100,100
-1214308440359722123,1,0.4297661668586327,1.3590399485532505,10,100,100
-1430433430313406899,1,0.6889141773675017,2.1785379128625273,10,100,100
-5178678188516219457,1,0.609900525336534,1.8297015760096023,9,100,100
4407959756191113761,1,0.4588707311377949,1.5219020424601182,11,100,100
2825553650867074890,1,0.4832494543507085,1.5281689537818046,10,100,100
5854467235126628917,1,0.42491367551279585,1.2018373654959928,8,100,100
-1345806723959330650,1,0.7842138583420996,2.218091748536661,8,100,100
7987706366759998884,1,0.5446775371951817,1.5405807204428041,8,100,100
353520344997449523,1,0.39546840603039857,1.1185535665965192,8,100,100
-5260945611712174436,1,0.4935865535227694,1.3960735963937883,8,100,100
7912522447294730596,1,0.5680975936766234,1.7042927810298703,9,100,100
-6811297819471951728,1,0.4096865865725334,1.295542740388961,10,100,100
-564301407731112802,1,0.7815229458342046,2.210480698609012,8,100,100
-8684061070995427117,1,0.528367223967367,1.4944481880961462,8,100,100
-4680478594348180763,1,0.4936213258866211,1.5609676914339574,10,100,100
-8097916169196321656,1,0.3593301130928856,1.1917631610050738,11,100,100
1814424876341128906,1,0.6710544872063643,2.0131634616190928,9,100,100
-5179460632538275791,1,0.43065604364964255,1.4283245104847817,11,100,100
-2952059314081811553,1,0.3440477919484095,0.9731141069559154,8,100,100
-7682162148463933714,1,0.5038311998656805,1.4250498319935097,8,100,100
-2639660647813019469,1,1.247208108470624,3.5276372442017014,8,100,100
6247055256332189302,1,0.9066669281523035,2.5644413326962807,8,100,100
-6260725648063859425,1,0.5437795613298625,1.5380408611479677,8,100,100
-535460629730563264,1,0.46382375831000483,1.3914712749300144,9,100,100
-4714915752786333164,1,0.6222152385359757,2.1554168127757967,12,100,100
7556712025268098227,1,0.463304969535339,1.389914908606017,9,100,100
6795771818128004656,1,0.49200632142589806,1.4760189642776942,9,100,100
-1069230647958373200,1,0.6863489975105806,1.9412881216012818,8,100,100
-2988107615837270467,1,0.4868758730890388,1.377092925829521,8,100,100
8980719268771100701,1,0.6286603714038866,1.7781200467317673,8,100,100
3945796944463794991,1,0.6039161330140012,1.8117483990420036,9,100,100
6754629548182433135,1,0.5396082515370565,1.6188247546111696,9,100,100
-3934841102462059159,1,0.976189354787775,2.928568064363325,9,100,100
-198111371718490658,1,0.5230534482523354,1.479418560728933,8,100,100
-2217786611064767217,1,0.3888002743061633,1.2294944217057182,10,100,100
6193208122666808056,1,0.5683876153382427,1.7051628460147281,9,100,100
-7200927715173304297,1,0.28095639197158073,0.9732614912120289,12,100,100
5297080431678687472,1,0.5681339302094741,1.6069254186931357,8,100,100
-3127761431940698097,1,0.9880648847657751,2.794669521080737,8,100,100
-2835010484343739400,1,0.4255991267621296,1.3458626107470526,10,100,100
4048251183019460949,1,0.6119796826485855,1.7309399341968246,8,100,100
-5556583354457040412,1,1.1903592762269837,3.571077828680951,9,100,100
6577562075038633138,1,0.41805484357791806,1.1824376592073091,8,100,100
7624041481352275421,1,0.5822003931479872,1.8410792969931278,10,100,100
-2446584879379995930,1,0.40511028186432696,1.145824909738637,8,100,100
3638932621907117915,1,0.6000498794285118,1.6971973551762838,8,100,100
-7959543997821423413,1,0.9280900882615506,2.6250351798470555,8,100,100
-4072810181527037452,1,0.48450581931663256,1.4535174579498977,9,100,100
-137370622858382029,1,0.9480841196761858,2.681586840633237,8,100,100
3388713917940780506,1,0.9681759264251938,2.73841505182729,8,100,100
6686184745049261905,1,0.3585911647654953,1.0142489771170573,8,100,100
-6827649316377520526,1,0.38165274582024555,1.4280138155808793,14,100,100
7458170200679307041,1,0.29999624086646653,0.9486714106265194,10,100,100
1138148205788106057,1,0.4636344568271636,1.3909033704814908,9,100,100
-8499513408007198541,1,0.9016375544699283,2.550216115752566,8,100,100
112745622066911588,1,0.5881455487838468,1.7644366463515404,9,100,100
-2660958388929189665,1,0.4068473780980293,1.4669090830205294,13,100,100
615012469027088971,1,0.6409393944179065,1.8128503684900037,8,100,100
3357131085062580987,1,0.5720223862576761,1.6179236332532534,8,100,100
-8224455698083814762,1,0.4801414064481677,1.5183404433328667,10,100,100
8019757524767420304,1,0.9441912153525698,2.67057604445028,8,100,100
1073299479725145844,1,0.428615018292474,1.355399697158952,10,100,100
-2972382384119300835,1,0.342533961419206,1.027601884257618,9,100,100
2962896242960384607,1,0.8125478638924931,2.4376435916774795,9,100,100
-5951867992611456027,1,0.4890349254698343,1.383199648147111,8,100,100
-1886919489341423192,1,0.38751864474523984,1.342403963157979,12,100,100
-3619556449234664288,1,0.5180474911329528,1.7181691516729705,11,100,100
-6449492531953252603,1,0.3897943764728357,1.1025049874892967,8,100,100
2065785326665073764,1,0.6992684377398383,1.977829816782251,8,100,100
4760917577650090616,1,0.7715666882459324,2.182320149585383,8,100,100
3929582315589563879,1,0.5719210554709224,1.6176370265074276,8,100,100
-3044236584903586910,1,0.404339459786012,1.213018379358036,9,100,100
-7560476519033008354,1,0.6704382095677383,1.8962856174076617,8,100,100
-3447720404274308567,1,0.5186996874873026,1.7968284251962132,12,100,100
1740788084771121811,1,0.46246504013063333,1.3873951203919,9,100,100
-4532358888474966552,1,0.49868917904668336,1.49606753714005,9,100,100
-1971363789265115954,1,0.3973307426235987,1.1238210499321337,8,100,100
-4069001966132311406,1,0.741956236675496,2.098569145187577,8,100,100
3659135327970800908,1,0.3832577013336775,1.2119672670149733,10,100,100
-4143615891001635653,1,0.21576302655090676,0.6823025987522494,10,100,100
7794868127584730891,1,0.31960720237609647,0.9588216071282895,9,100,100
7999262288883998233,1,0.6016947647413008,1.7018497934120729,8,100,100
-8245260812055309075,1,0.6881844756056589,2.0645534268169765,9,100,100
6899895478333386366,1,0.5265805806252025,1.665194006389572,10,100,100
-7215720145057111360,1,0.5500270235732014,1.5557113528178552,8,100,100
-2278981840767511180,1,0.4351562003246432,1.5689779931065804,13,100,100
-5395969775602821958,1,0.6528663050252727,1.72732188247051,7,100,100
5795758817248758872,1,0.478919295313522,1.3545883254290967,8,100,100
3010498571576304947,1,0.41686976649290114,1.1790857550351321,8,100,100
6815691103135871737,1,0.6598630471713612,1.866374541237153,8,100,100
5393925530778183131,1,0.40872908071294073,1.292514840999691,10,100,100
-82194781822038841,1,0.5247426855096942,1.4841964452077785,8,100,100
1910711472651349658,1,0.46557348809479593,1.4722726405688422,10,100,100
-4380204233678585394,1,0.38685474998665814,1.2233421336128327,10,100,100
-8385268512859952393,1,0.3918315583301014,1.108267007912428,8,100,100
-7688985505677136710,1,0.9588760831309584,2.7121111227979857,8,100,100
5842239442236432529,1,0.6956328741962015,2.0868986225886044,9,100,100
4116650039154841208,1,0.19972946037192513,0.7989178414877005,16,100,100
11209806144799448,1,0.5704586419731229,1.7113759259193688,9,100,100
2926523586614933927,1,0.8997776164221463,2.380587808315466,7,100,100
-3398325434558835206,1,0.5996550545414568,1.7989651636243706,9,100,100
-3044961065154430148,1,0.6021455776085692,1.7031248847540394,8,100,100
-4671776633168829761,1,0.5695967904178219,1.889138835606617,11,100,100
-4742134753086483349,1,0.6440718322694364,1.8217102406758527,8,100,100
-8443686922738346608,1,0.807488721323181,2.422466163969543,9,100,100
-6038783773377001158,1,0.47635818507703,1.3473444117667375,8,100,100
4492032859684285485,1,0.5204735481695918,1.4721215013557662,8,100,100
-5454626759062376207,1,0.6439328256578787,2.0362943892270096,10,100,100
5538054996348701353,1,0.37558172207879575,1.1267451662363872,9,100,100
-2211270112897054069,1,0.3735570627893885,1.1206711883681655,9,100,100
-6250522374874834608,1,0.41365695256772245,1.1699985449823944,8,100,100
-3696037775809290736,1,0.5036186742496441,1.6703141799022903,11,100,100
-1912355921625898893,1,0.5933980226235485,1.6783830629591978,8,100,100
-7048821222325653436,1,0.3158999734010759,0.893500053474203,8,100,100
-3762196364292697486,1,0.7412196248522849,2.096485692326398,8,100,100
1049856591537047924,1,0.5905428793119379,1.771628637935814,9,100,100
-8083772678784794712,1,0.4431524167814438,1.3294572503443314,9,100,100
-4917906725366495102,1,0.6828481870493417,2.048544561148025,9,100,100
3438724804839679095,1,0.3972314906867256,1.1235403230616983,8,100,100
-3762774080989146635,1,0.5840376771742882,1.6519080079935158,8,100,100
2712800221328639089,1,0.6047078394389058,1.7103720556156654,8,100,100
-7688313251799908037,1,0.24741326528654176,0.7422397958596253,9,100,100
-4228354603896268400,1,0.40979432913722946,1.2293829874116884,9,100,100
9111782383984643142,1,0.4607081136836302,1.4568869757600578,10,100,100
-8677434900121272856,1,0.4127561315107065,1.167450638270188,8,100,100
-4530770161698878079,1,0.5009398570864968,1.5841109191525695,10,100,100
-9052559118465324953,1,0.4516692934653259,1.6899917482735038,14,100,100
-7354951311020279147,1,0.2011427000840909,0.6967787522344683,12,100,100
4784641874222624232,1,0.6194476239848695,2.0544753460349683,11,100,100
5398080650239370872,1,0.3926753428954027,1.1106535910643682,8,100,100
-5140164159970129769,1,0.5736330213432901,1.622479197217472,8,100,100
-5564987528477636878,1,0.6492980451327873,1.7178811541817478,7,100,100
9002814664047836093,1,0.5439297662299907,1.7200569484497086,10,100,100
3309921522538140456,1,0.38339029532700986,1.3281029412704355,12,100,100
8556451046412323758,1,0.5671543548669962,1.6041547612237386,8,100,100
-8742071790649578458,1,0.8197849790990703,2.3187020713432993,8,100,100
3703265415676796270,1,0.9142287591562699,2.585829420620646,8,100,100
-2655253383004086048,1,0.4702646518778963,1.6290445401124143,12,100,100
-594112131757456443,1,0.6591265963550567,1.97737978906517,9,100,100
-6660042236081933103,1,0.6160787768360328,1.7425339233834902,8,100,100
-5625150528021014171,1,0.6016248709356635,1.7016521038763566,8,100,100
7139857791185680950,1,0.48572789289546997,1.3738459475113596,8,100,100
439259113246130747,1,0.2692774216577695,0.8078322649733086,9,100,100
7291412641754211631,1,0.8602467886603392,2.72033920201218,10,100,100
-8480244937583092730,1,0.7138805937469114,2.2574886536335965,10,100,100
8331809145023791061,1,0.46063611208129035,1.381908336243871,9,100,100
-6052251171363140490,1,0.40789038568431984,1.1536882307927154,8,100,100
1839904184450224239,1,0.5873314765148608,1.7619944295445826,9,100,100
4023225999762781321,1,0.5700223453795384,1.8025689285904989,10,100,100
-8542158411028891713,1,0.42556508688911315,1.2766952606673394,9,100,100
4556857004836596843,1,0.34789113184669196,0.9839847137738367,8,100,100
-6591306636608993418,1,0.3317100616193309,0.9951301848579928,9,100,100
441658759958091200,1,0.26736861722182387,0.8867613840409447,11,100,100
-4938391026491287735,1,0.6085871592461635,1.8257614777384905,9,100,100
4180818225570649183,1,0.6035707690500194,1.8107123071500582,9,100,100
7772347427148478218,1,0.5099020633312924,1.5297061899938773,9,100,100
8336313884596186209,1,0.5499581546677054,1.5555165621374984,8,100,100
2999611646457978830,1,0.6583693175247303,1.9751079525741908,9,100,100
3219470493874132834,1,0.6438716125938095,1.8211439339144018,8,100,100
-4452815370477170786,1,0.5460494202149511,1.5444609915878982,8,100,100
9151560623663666404,1,0.48344026408188273,1.4503207922456482,9,100,100
-6171531870860570903,1,0.4636709933786186,1.2267581386341013,7,100,100
824576888464737344,1,0.33912202337337644,1.0723979985847274,10,100,100
-8280983804777859578,1,0.40491459597930496,1.1452714264735109,8,100,100
-4461005490378778958,1,0.8113880175192772,2.146730911133727,7,100,100
-9103537401637662525,1,0.510702846022807,1.6149842009623345,10,100,100
8652945901194195157,1,0.3982986108266361,1.1265585946107841,8,100,100
-8327728190726606128,1,0.8378961944525812,2.9025575605209646,12,100,100
4881471435349689579,1,0.2551463848070327,0.7654391544210982,9,100,100
7022917237195267637,1,0.2505196894194556,0.8308798124007019,11,100,100
-7253311117955846355,1,0.35860538091539707,1.0758161427461912,9,100,100
1361884332151865866,1,0.395536936407191,1.311847608789317,11,100,100
-1036703440348586591,1,0.8518024532865326,2.4092611638009784,8,100,100
2538063488032863434,1,0.48011307365794903,1.5923549222676818,11,100,100
-3804692361724196926,1,0.6843065553366049,1.935511222755683,8,100,100
-1656854140359449886,1,0.4013302501543579,1.2039907504630738,9,100,100
5923449058081633406,1,0.7065938287144471,2.3435066090264725,11,100,100
-3844623121520759635,1,0.3553631271932373,1.0051187080879829,8,100,100
-6976591072095129034,1,0.7435621023630514,2.6809512865617853,13,100,100
-5246123692743667357,1,0.7100966159658578,2.008456529788311,8,100,100
5770466168649131461,1,0.30509614932577184,0.8629422244086272,8,100,100
-4883483198194397117,1,0.3940409865397649,1.1145162145908194,8,100,100
4020522433998325944,1,0.3471021612355151,0.9817531678965566,8,100,100
-5378794878203657884,1,0.7466122848510081,2.1117384381413205,8,100,100
-1291551258487712090,1,0.5832513921601511,1.649684058131749,8,100,100
-7470413037188414375,1,0.44810390015641066,1.4861925039136925,11,100,100
730486789791790233,1,0.44225549038893824,1.5320179585598606,12,100,100
7036297237199272156,1,0.34483089081396734,1.0904510225569706,10,100,100
-1980336811520036082,1,0.4326700656146903,1.5600141069321345,13,100,100
-1751910802552928680,1,0.7753974886489053,2.326192465946716,9,100,100
5458345108303729271,1,0.6964583702039199,2.0893751106117597,9,100,100
-2853063857316496048,1,0.5425239738745095,1.534489523531756,8,100,100
-6159608798306774631,1,0.5038695406808683,1.8853071888589639,14,100,100
-82129360662769856,1,0.5538332908453527,1.5664771024144415,8,100,100
-8551835487613009590,1,0.31539930080702194,1.0460611399173287,11,100,100
9116725322223373776,1,0.6534972919208748,1.8483694664171817,8,100,100
2909720382512366227,1,0.5098083144318388,1.5294249432955165,9,100,100
-1993892986692614037,1,0.6712240620010155,1.8985083437459909,8,100,100
-1511911449443165785,1,0.26827734779776974,0.8483674636701098,10,100,100
592067084934576527,1,0.5890302041564168,1.6660290067307955,8,100,100
6068966734074551767,1,0.6149231216650806,1.7392652369511155,8,100,100
-4982172508762039142,1,0.6456434121988636,1.826155339976951,8,100,100
4809393206950565492,1,0.648145140348727,2.149654240228968,11,100,100
-5514932107948245174,1,0.7101876262930787,2.0087139458664547,8,100,100
-5358343430358342013,1,0.8883778252650116,2.51271193800259,8,100,100
-8247231185714171680,1,0.3985226609033191,1.1271923039249758,8,100,100
8347849542270010310,1,0.4977919797643478,1.574156457019787,10,100,100
5397862240533341904,1,0.9008593571589234,2.70257807147677,9,100,100
-1989242651008880897,1,0.6786899296915436,1.919625006431647,8,100,100
3280864816779591107,1,0.6720230716329192,1.9007682842618006,8,100,100
4088072974591043078,1,0.39878759167835365,1.196362775035061,9,100,100
-6881949996817046901,1,0.8138464835473272,2.4415394506419816,9,100,100
1631176097866976637,1,0.891624900176435,2.521896052758143,8,100,100
-2928725469964598909,1,0.5364281777906134,1.6092845333718402,9,100,100
8008062218842481131,1,0.6389873200206749,1.9169619600620247,9,100,100
-3957746871620938108,1,0.3704774847854566,1.0478685670749295,8,100,100
6156661742469647695,1,0.32696315653314784,1.0844141104906913,11,100,100
-868878206221610527,1,0.509189379940749,1.6101982009816196,10,100,100
-7711927592435794378,1,0.5743930165246816,1.624628788203196,8,100,100
2225097499555996276,1,0.3912034716376381,1.1064905104747724,8,100,100
5743665042777108928,1,0.5660481365877594,1.6981444097632783,9,100,100
-2053767335388036224,1,0.6754874373711318,1.9105669902858027,8,100,100
6282407188241124633,1,0.6469303456281961,2.045773379665053,10,100,100
1065562933469080594,1,0.6758855627667932,1.9116930589539416,8,100,100
8468576192788418459,1,0.4858485423410017,1.7517518315199188,13,100,100
3744765379882892207,1,0.4735441795667045,1.3393852022521477,8,100,100
-1325185463785164306,1,0.3644198252490142,1.0307349185295782,8,100,100
-2803367572899354273,1,0.4270037576372853,1.281011272911856,9,100,100
-6030106446895911481,1,0.43292741574382154,1.3690366952811153,10,100,100
-4024377255926803158,1,0.5782849410907533,1.6356368132133394,8,100,100
476571787628856646,1,0.4681903365649726,1.3242422474844167,8,100,100
8103376922678711404,1,0.39530646508797795,1.1180955284423697,8,100,100
1593041558140360780,1,0.3916532459255584,1.1749597377766752,9,100,100
8431383297755974761,1,0.762992567161945,2.1580688729405746,8,100,100
6366821632478992956,1,0.5171209778985089,1.4626390006634178,8,100,100
5850080051886587451,1,0.6054094635829105,1.7123565483759449,8,100,100
-3342616687637714389,1,0.6093533774216293,1.828060132264888,9,100,100
5335566105274657387,1,0.28560463523831464,0.9031611576546612,10,100,100
1097712849330592715,1,0.4909757416615227,1.388689105307829,8,100,100
6870861914006302915,1,0.7179343137429764,2.1538029412289292,9,100,100
-3399196681612375586,1,0.7672612845484592,2.170142628984467,8,100,100
3969559568740500898,1,0.5028590183074025,1.5085770549222075,9,100,100
-2085442234969846550,1,0.43349105581961017,1.4377271821286555,11,100,100
3148494161295614437,1,0.7635898596407895,2.1597582711891454,8,100,100
6177703164535141043,1,0.2929033321643984,0.8284557296223277,8,100,100
-3799380225354332800,1,0.6759067301763637,1.9117529294293314,8,100,100
8747081093721167363,1,0.3891150012576776,1.1005834242028634,8,100,100
-2495745030735051533,1,0.39718656711056755,1.1234132600003524,8,100,100
-4962956851734749360,1,0.32417410103713307,0.9169028205136392,8,100,100
-760471978354097163,1,0.4046539604716534,1.4590006033001246,13,100,100
-4800203261160125982,1,0.3422375989112904,1.0267127967338712,9,100,100
9196412837929214516,1,0.588126717161923,1.764380151485769,9,100,100
-7818070640174835948,1,0.4053816731534289,1.1465925202221527,8,100,100
-9034536080042636560,1,0.5023240042378023,1.4207868389973204,8,100,100
8641749745976184392,1,0.64229429863295,2.0311129118204954,10,100,100
-5665223923332961877,1,0.3946868779915899,1.116343071492803,8,100,100
8060003712099645463,1,0.3864023907337163,1.2219116480528842,10,100,100
-3043318186577426003,1,0.8579834723071224,2.573950416921367,9,100,100
3194350479645460796,1,0.6668803589989959,1.886222496353237,8,100,100
-9209598115562964416,1,0.7187363119670221,2.032893280307565,8,100,100
-2209936188197122970,1,0.5390990227794938,1.5248022989536847,8,100,100
-7521627010160759308,1,0.6244277824181389,1.8732833472544168,9,100,100
-1576180201028996689,1,0.3270452102467203,0.9811356307401609,9,100,100
5171014759110474502,1,0.5362829403293411,1.5168372149661509,8,100,100
-5314513792481669372,1,0.43632098808222075,1.2341021177878124,8,100,100
6939106340769221477,1,0.6683332752085586,2.4097098928632437,13,100,100
-5746040628732928353,1,0.6840765939417788,1.9348607937089126,8,100,100
-8274065382080402664,1,0.426182328417344,1.278546985252032,9,100,100
-2020923375782452402,1,0.44569797755038576,1.4094207575898128,10,100,100
8208876360947430271,1,0.37859188810003513,1.0708195655110138,8,100,100
5345224196174939784,1,0.5201756852983913,1.471279017931408,8,100,100
-9005114087681438911,1,0.4775078303178706,1.3505960995497663,8,100,100
-6550342352426805592,1,0.7960303899592244,2.1060984478818754,7,100,100
6274402305210587997,1,0.7465976185758155,2.1116969556507468,8,100,100
-444498973687012074,1,0.7149264023736317,2.022117228670789,8,100,100
-4883826730918402528,1,0.4803232190231808,1.4409696570695425,9,100,100
4791065212450744996,1,0.34743260506929285,1.0422978152078786,9,100,100
3939063455545382797,1,0.6797335076834986,1.9225766907308803,8,100,100
3955020904330266088,1,0.52009497398569,1.7249598840601863,11,100,100
6731646140730905745,1,0.4469523735397047,1.264172216789392,8,100,100
-7369330480671465386,1,0.7071650357441758,2.000164768770936,8,100,100
-3588514402707742460,1,0.8351004399137056,2.505301319741117,9,100,100
5849448342508864572,1,0.6446771183191208,1.8234222481570102,8,100,100
5612411139673977205,1,0.35216551803644697,0.9960745036145804,8,100,100
3525253899297060973,1,0.5689872800910609,1.8871173185469041,11,100,100
-4614173643540483631,1,0.4250706320559475,1.2752118961678425,9,100,100
-6915307025233426567,1,0.6262629890102713,1.7713392253412767,8,100,100
1227688164450328622,1,0.6855013700452272,1.938890669086596,8,100,100
4661148496001254991,1,0.4164453206846559,1.1778852409981064,8,100,100
-9159425807609968727,1,0.3064903766572814,1.1467819817948446,14,100,100
-6697380155579240940,1,0.4447910439688876,1.258059053605777,8,100,100
1179838931145668472,1,0.36483792085669514,1.3650985015487,14,100,100
-3721651792732623448,1,0.5178431158024119,1.4646815150986243,8,100,100
-615506698013447789,1,0.6051037511312842,1.7114918629853926,8,100,100
978095360737635589,1,0.8081059125002213,2.913667303525164,13,100,100
-2830491839610052061,1,0.3092496067707871,1.1150153141291486,13,100,100
-3493962784333138310,1,0.5877276316665386,1.763182894999616,9,100,100
-6975180097452097375,1,0.634180913547624,2.103340139442284,11,100,100
5256413587984404915,1,0.5232663550445608,1.65471350487515,10,100,100
-1318237491388502646,1,0.3592354455575214,1.136002224227184,10,100,100
-2353224937261796740,1,0.5583404174419776,1.6750212523259327,9,100,100
1845648692144114604,1,0.5515147993088592,1.5599194180641287,8,100,100
-4064121155776476560,1,0.8451112820068291,2.3903356734571424,8,100,100
4122422015078156779,1,0.8277440543587847,2.4832321630763543,9,100,100
2001525335609043606,1,0.5265301165969014,1.48925206377845,8,100,100
-2421616108468028515,1,0.5108716177336583,1.9785972675325005,15,100,100
3443846155781557043,1,0.7238109384301022,2.047246491443696,8,100,100
5947379465191014707,1,0.5196820705818485,1.6433790021910264,10,100,100
8832819993906779732,1,0.4123185361301886,1.3038656956778243,10,100,100
3503291891800085522,1,0.28770750341272583,0.9542178381899072,11,100,100
3887250054385386899,1,0.3884773712009502,1.098779934054862,8,100,100
-9099427318006836905,1,0.39933522537511634,1.2628088621220355,10,100,100
-5782189231084107065,1,0.6405788793013453,1.921736637904036,9,100,100
1134665113786990345,1,0.5204217563316763,1.4719750119165655,8,100,100
4994413212789698565,1,0.44511297316624293,1.3353389194987288,9,100,100
7190619444401125947,1,0.5801535820846047,1.6409221280867612,8,100,100
-1820986409345060443,1,0.6669434669172138,1.886400992500911,8,100,100
3956732920162345578,1,0.6989209129355368,2.0967627388066106,9,100,100
-4355209018272439383,1,0.33633963858175625,0.9513121568919697,8,100,100
1470572608642113516,1,0.48658509402258815,1.4597552820677644,9,100,100
-1916589207381859814,1,0.42930447979910213,1.2879134393973064,9,100,100
-6642213998340380020,1,0.34060662828874483,1.129664387141818,11,100,100
5866210348166253753,1,0.29855357337839183,0.8444370251333456,8,100,100
-6059946720784734634,1,0.4347372682746443,1.3747599515075353,10,100,100
-8357386504596235439,1,0.42083994411239656,1.1903151131041732,8,100,100
995869758119596837,1,0.25987525921107085,0.7350382322030401,8,100,100
-842731874933554628,1,0.8822201973831385,2.495295536277407,8,100,100
1144499431001890875,1,0.41688364813987766,1.1791250182619766,8,100,100
3899419894917181346,1,0.31810101684644826,0.9543030505393448,9,100,100
-7276272479185004149,1,0.7800053186390179,2.0637000944265353,7,100,100
-3617975074518727427,1,0.5570284844377317,1.5755144746399414,8,100,100
1048864911177267342,1,0.8447744999848437,2.389383110051032,8,100,100
2360977272624626880,1,0.33726167390758066,1.0665150570289352,10,100,100
7722582037610136906,1,0.40383944084057954,1.339383900815129,11,100,100
-1791879226338480547,1,0.5272359009714747,1.4912483234477152,8,100,100
-7367295456381053406,1,0.28630308188124076,0.8097874026913309,8,100,100
-3535624260870068773,1,0.6772803709353544,1.9156381722117177,8,100,100
-3986281159660944778,1,0.34810917695040344,1.0443275308512103,9,100,100
7375835306393139131,1,0.47851111557406956,1.3534338187822574,8,100,100
-2933701535655740787,1,0.5101021854572817,1.4427868577396872,8,100,100
9053980256018426034,1,0.6055183481126821,2.0082771643655724,11,100,100
-116340961023082627,1,0.6759510420811262,2.0278531262433788,9,100,100
-7975559163758476655,1,0.47540917939736205,1.5033758274472595,10,100,100
3891782631435441332,1,0.4857454889189222,1.3738957165813797,8,100,100
-3464244621372892550,1,0.43495257448771296,1.230231659659235,8,100,100
-3814106488935728619,1,0.4815614293214955,1.3620614089244631,8,100,100
5134070587501113633,1,0.5631323761146716,1.7807809327049635,10,100,100
4536576058266072468,1,0.5783777806289411,1.735133341886823,9,100,100
-6833472258192742916,1,0.5515179012577949,1.559928191700638,8,100,100
-8126934799147710622,1,0.2168938878091977,0.6858786960460926,10,100,100
-4710222766946087857,1,0.39931430689166775,1.1979429206750032,9,100,100
-6055589831053517364,1,0.6530724010719638,1.8471676936150654,8,100,100
7391778119194516328,1,0.44387456555267074,1.5376265994495757,12,100,100
8627579632653112441,1,0.4100945674495055,1.1599225982852375,8,100,100
1478612277866703876,1,0.3972698018256566,1.3175948731945495,11,100,100
-4706385667248667024,1,0.521406556310372,1.6488323048856157,10,100,100
-5216588620267793679,1,0.6814714819865052,2.0444144459595157,9,100,100
1354262490981360572,1,0.4861195190712915,1.4583585572138744,9,100,100
8995476919599763591,1,0.4474178531386408,1.6740843151707339,14,100,100
4629267202644078085,1,0.9121250134528215,2.579879129209444,8,100,100
6455052057626110341,1,0.7903410530808714,2.2354220723344054,8,100,100
94169181720489886,1,0.4705162321722981,1.330820873709504,8,100,100
-2614529624005056685,1,0.5120271158329136,1.536081347498741,9,100,100
-6266044139304426761,1,0.45162932796557537,1.4281773345023974,10,100,100
777466859317643333,1,0.34654381793237654,1.0396314537971296,9,100,100
4735551364289615313,1,0.6512173844059715,1.7229592485801528,7,100,100
-3249644900507345269,1,0.7019644438260554,2.1058933314781663,9,100,100
-2598487450690129480,1,0.3951648332808432,1.117694933197343,8,100,100
-7394287135451856332,1,0.40736112226936955,1.1521912477937342,8,100,100
-3070785021764144120,1,0.8525670079542258,2.8276448740201148,11,100,100
4708993485640470955,1,0.4663687392988433,1.4747874456856231,10,100,100
3106474806705237745,1,0.8387300323158192,2.5161900969474575,9,100,100
683357667531289924,1,0.4916422240471452,1.8395567592559698,14,100,100
5620156374147995235,1,0.4137412298019274,1.3083646480932267,10,100,100
1804057527525192434,1,0.5068931713489454,1.5206795140468363,9,100,100
5086218337996999435,1,0.6476955671302159,1.9430867013906477,9,100,100
-8692413691240940205,1,0.8237084851634388,2.179327804556196,7,100,100
-8304499910514858476,1,0.4400232314958956,1.4593919579115804,11,100,100
-9058643840258984696,1,0.34962684196102145,1.3081838558379013,14,100,100
1305837213217137348,1,0.49865278401377,1.576878559067513,10,100,100
3467513904575188321,1,0.3123722621892693,0.9878078263773861,10,100,100
-8558973673910499616,1,0.7498710255286103,2.1209555486663643,8,100,100
-3362227551742481564,1,0.38069637673308615,1.2038676474500836,10,100,100
-5646954749611871039,1,0.6996047306894695,1.978780996882849,8,100,100
7776131631905425440,1,0.6715337272933609,1.899384209458453,8,100,100
-6416829309038644695,1,0.6545126986512539,1.851241470356036,8,100,100
-5511849530252416277,1,0.6929799046851509,1.9600431593155105,8,100,100
-6816761452417218438,1,0.44766288593848735,1.415634343489784,10,100,100
-8884779762236098554,1,0.7298234408353123,2.1894703225059367,9,100,100
401586684116616614,1,0.7735989816888411,2.3207969450665233,9,100,100
-6075349070767204342,1,0.4566051819552152,1.3698155458656456,9,100,100
3109038693192171852,1,0.6619532557796702,1.8722865439612721,8,100,100
-6376258321703816877,1,0.3601604479845086,1.0186875803401234,8,100,100
-1401255580927252287,1,0.6264291890688258,2.0776305778678976,11,100,100
-8924739843080492664,1,0.5865975763116911,1.6591484961503602,8,100,100
-549252769826078040,1,0.2794177559760523,0.7903127601383781,8,100,100
-9035238949995993240,1,0.7929673603357851,2.378902081007355,9,100,100
-1450121273217518727,1,0.399639901740302,1.1303523382131724,8,100,100
-7249252321180320967,1,0.45756287656410155,1.44694086268104,10,100,100
-3317007270437602908,1,0.3542314562884326,1.062694368865298,9,100,100
3739124536449768858,1,0.34400225820675834,1.24031778083987,13,100,100
-6518480902368398168,1,0.8059209555265865,2.2794886910127654,8,100,100
-7201496808186369987,1,0.9843712753265859,2.7842224159547158,8,100,100
6369763983734730612,1,0.2576319791767816,0.9289053111211567,13,100,100
6759987750150672555,1,0.3910253958937529,1.1730761876812588,9,100,100
8207981024732455945,1,0.6889135890082976,2.3864666763739906,12,100,100
8372506389764670500,1,0.6543337328648048,1.9630011985944145,9,100,100
-2193771884270817614,1,0.48939602567468027,1.6231429910540522,11,100,100
2114726668350135296,1,0.40528343088967617,1.4039429875334977,12,100,100
2227575216379235003,1,0.5254004906436024,1.576201471930807,9,100,100
-4564443885858759034,1,0.5874763615404001,1.661634076128067,8,100,100
8846294805550002077,1,0.3891205217355643,1.1673615652066929,9,100,100
2157780501938755330,1,0.45271818377684014,1.2804803908602453,8,100,100
-2899417651607026836,1,0.6121950777180867,1.7315491634539384,8,100,100
5717639447461448355,1,0.5466577368092495,1.546181570743645,8,100,100
7489142279943386445,1,0.5711536557456378,1.6154664923089097,8,100,100
-5776357118251167746,1,0.9199078156802876,2.4338473093946846,7,100,100
-1654929944020191122,1,0.4072714344449961,1.2218143033349882,9,100,100
8287562707215161047,1,0.4768277855262051,1.7192270302806782,13,100,100
-7252985658102667698,1,1.2341611235687886,3.4907347982091963,8,100,100
-8126512113692389112,1,0.5635906113503004,1.5940749723954777,8,100,100
7503023022311709082,1,0.6001470004660976,1.6974720549533748,8,100,100
-6940682715555849789,1,0.5649979601784018,1.5980555559948595,8,100,100
1954013888280915031,1,0.2988780245248324,0.9912662654315083,11,100,100
9093754341726512470,1,0.3358546782801666,0.9499404820205284,8,100,100
2401808752678752339,1,1.1288379398599628,3.1928358485425274,8,100,100
-6748439365829028135,1,0.8336876818956743,2.3580248530404986,8,100,100
1881518945396619574,1,0.6108229937633923,1.7276683239790518,8,100,100
-5359791678320459904,1,0.42905758703910224,1.2871727611173067,9,100,100
1742356196946715254,1,0.47506091400940803,1.343675175090927,8,100,100
-8866718526237430044,1,0.4789072088934149,1.3545541398706247,8,100,100
8139656634397028355,1,0.6064363239270356,2.186537261222816,13,100,100
-57311783278661221,1,0.45368527327588504,1.2832157330314011,8,100,100
-6656488655384434173,1,0.3269240785445133,1.1787415283760592,13,100,100
5599771261374635126,1,0.5074845186651697,1.5224535559955092,9,100,100
-774160757043214170,1,0.5296676861143049,1.4981264505072511,8,100,100
2795295013445157888,1,0.35287826824069507,0.998090465625444,8,100,100
-7704995195953759582,1,0.5900744340235711,1.6689825348115248,8,100,100
-5009041820533940654,1,0.36230182867006383,1.1456989790414946,10,100,100
-8198508506084894735,1,0.6669642222919949,2.310431839680796,12,100,100
6271874560128969058,1,0.3960399629421854,1.1201701736691532,8,100,100
-7168486585597905897,1,0.3147854446277043,0.9954389792923597,10,100,100
7986240083793829630,1,0.6589008384656933,1.8636530040343746,8,100,100
3795936540285421727,1,0.8846847206804654,2.654054162041396,9,100,100
-5967166270887797238,1,0.40573534860443206,1.3456719155049495,11,100,100
1674606524349687242,1,0.8013607821860036,2.2665905730427163,8,100,100
2381713182341749784,1,0.5485147694494662,1.8192176822321762,11,100,100
-7867070445100952160,1,0.577503216231513,1.6334257614173757,8,100,100
-329460616484752893,1,0.4718552469610653,1.3346081794584894,8,100,100
4513742633180691187,1,0.5864934903166764,1.6588540964987548,8,100,100
-6012112813604654603,1,0.5259474872391826,1.487604139099405,8,100,100
-5353190515649637404,1,0.8457351168392567,2.392100144818542,8,100,100
-8118869988647387860,1,0.3611309759687904,1.1419964177009099,10,100,100
5024603315124463026,1,0.6586438629553104,1.9759315888659312,9,100,100
8907861634926254563,1,0.4958180712628377,1.5679144102622453,10,100,100
5157492372593166616,1,0.5140124797880375,1.4538468402905382,8,100,100
-4323367278216384883,1,0.6689689942560726,1.8921300489680541,8,100,100
-4085082455515007993,1,0.6893111093097325,2.0679333279291976,9,100,100
-4204894179257386510,1,0.4293807795469485,1.424094937947536,11,100,100
-2862812784663975060,1,0.36327422501576334,1.027494671755736,8,100,100
9161267100576746949,1,0.7568894841035557,2.5103184265371623,11,100,100
-1655716046699460566,1,0.7959227401076282,2.5169287002623557,10,100,100
9104839856298187089,1,0.34269332837643823,1.0280799851293148,9,100,100
6440051804185367176,1,0.5163056073399007,1.5489168220197023,9,100,100
-1344352181151357342,1,0.5384675824981014,1.523016316134137,8,100,100
-2529646358102478532,1,0.8629119038136264,2.4406834350128364,8,100,100
-5116872207689637626,1,0.40539645904689137,1.1466343410442856,8,100,100
2832860497449980495,1,0.6718802232148017,1.9003642479212701,8,100,100
-1725278684873704443,1,0.3925433003252192,1.301918841146547,11,100,100
343214069943469349,1,0.45695550461750195,1.2924653440622256,8,100,100
-8254578338731748300,1,0.44482152333367664,1.2581452622678915,8,100,100
-1988888172158289613,1,0.6525046975321999,1.8455619855243828,8,100,100
-979766930490280659,1,0.6909959198184347,1.9544316027034043,8,100,100
3001594409489453307,1,1.4745594810795641,3.901317680308979,7,100,100
6308056065560121986,1,0.8756497414891626,2.476711480604937,8,100,100
8634376295626243940,1,0.4043719585104309,1.1437366159376439,8,100,100
5991187886722293005,1,0.8731283697445575,2.4695799643709275,8,100,100
98653921992528415,1,0.4674475173818399,1.4023425521455197,9,100,100
1829643105238760594,1,0.39730890314694095,1.1237592785639647,8,100,100
689293438009201399,1,0.4952499618960045,1.4007784257561764,8,100,100
-8378652950208501295,1,0.294842915847985,1.1032011740205807,14,100,100
-2553840223812516380,1,0.8400519799922003,2.520155939976601,9,100,100
-6115098692992296735,1,0.5202526839316893,1.4714968029543964,8,100,100
3507862850932372029,1,0.5176538855460634,1.5529616566381903,9,100,100
-5245525361516628958,1,0.3334875829124089,1.106053184762997,11,100,100
-4780821300461125494,1,0.4450352280013105,1.258749710346512,8,100,100
6943307535685071336,1,0.4205489302111511,1.1894920014922123,8,100,100
-6540419712940343754,1,0.3738976345749064,1.1823681370060268,10,100,100
1644180208080172338,1,0.4041364040077371,1.2124092120232113,9,100,100
1453168526177617138,1,0.2747050062105644,0.776983090869531,8,100,100
1300573092439746399,1,1.0805899029037704,3.58391126017838,11,100,100
-7139162520757822685,1,0.45120746136002926,1.2762074225985753,8,100,100
8252107861743490105,1,0.28790712789571227,0.8143243299480032,8,100,100
-8553637205985228894,1,0.6982944421613858,2.7931777686455432,16,100,100
-8929987787138502150,1,0.5655140254019988,1.6965420762059964,9,100,100
-928594404304696003,1,0.6010266551334912,1.8030799654004734,9,100,100
7398408404996880023,1,0.2654097498672573,0.9194063431884735,12,100,100
1102492676590898368,1,0.4928526872180325,1.558537042543538,10,100,100
2780331881644517526,1,0.7563783239235986,3.0255132956943944,16,100,100
6507583177774359598,1,0.8386766736484805,2.372135852639271,8,100,100
4220805167547558391,1,0.3276288846098104,0.9266744240807273,8,100,100
1876286781856773059,1,0.6867613852463436,1.9424545302590261,8,100,100
8210054213515651895,1,0.4111953097474111,1.1630359676579891,8,100,100
3563285426170855530,1,0.5640872034106862,1.7838003617324696,10,100,100
-7493939264346118144,1,0.365085743157015,1.095257229471045,9,100,100
8402724128704020475,1,0.38499333459588936,1.0889255904174993,8,100,100
7393197225052692942,1,0.626595183081226,2.0781811177244744,11,100,100
7926987555051759639,1,0.5019837863832685,1.4198245575892339,8,100,100
-952865350317764420,1,0.7124827400406335,2.015205507844416,8,100,100
1238504646107246242,1,0.5731363526873655,1.7194090580620967,9,100,100
-3506850197987781404,1,0.38373042114699113,1.0853535317624288,8,100,100
-9202131223735659139,1,0.8197199507892349,2.3185181435078843,8,100,100
2079698020935427874,1,0.6631646809217111,1.8757129716926202,8,100,100
978605204507567171,1,0.5456502325137425,1.5433319182659349,8,100,100
231224763292206625,1,0.556235509586539,1.5732716030615865,8,100,100
6096815560350881216,1,0.6485370117488785,1.8343396754323666,8,100,100
-9068059617440858420,1,0.30430109084551976,0.9622845415456557,10,100,100
-9202127672777066732,1,0.49089803538684545,1.552355890724368,10,100,100
-8812422584485355639,1,0.6930971744823495,1.9603748483908203,8,100,100
7934439293245066280,1,0.6890436014567365,2.386917052706616,12,100,100
5005709391485101808,1,0.4880707465074881,1.4642122395224644,9,100,100
-8822579168106380900,1,0.4965350293168544,1.57018163069974,10,100,100
7311779918324800431,1,0.794754449900504,2.247905043611323,8,100,100
3498651635064990826,1,0.6314232552938951,1.7859346624687915,8,100,100
7024150478244273972,1,0.3344316444080937,1.003294933224281,9,100,100
-8444067242386811954,1,0.5327653520752171,1.845553316613194,12,100,100
6178145059829835216,1,0.6580892904052962,2.0810610614447294,10,100,100
-163526430161660380,1,0.40843562237422215,1.1552303930358419,8,100,100
6282885325971181105,1,0.538186750868617,2.0843883232636338,15,100,100
6944419544420866058,1,1.0381785129713912,2.9364122664169474,8,100,100
454320892561167061,1,0.3402892291442078,0.9624832859704492,8,100,100
7923887829080672893,1,0.6830384169098723,2.1599571268308653,10,100,100
8331305008252105989,1,0.6620924030847741,1.8726801119733634,8,100,100
-748966948584192911,1,0.28804240600966785,0.9108700657055229,10,100,100
9118524010885858151,1,0.4748888513570912,1.4246665540712735,9,100,100
8680416676653258277,1,0.46256523911449005,1.308332069276131,8,100,100
7910538578057286690,1,0.6240940263707893,1.7652044725792044,8,100,100
-5062551988318170096,1,0.6920074963804215,2.0760224891412644,9,100,100
-6333204779800335465,1,0.38779472188047276,1.343360322408042,12,100,100
-396495289566467282,1,0.4151271924085176,1.2453815772255528,9,100,100
4302775411383930550,1,1.2016688518380476,3.3988327755013445,8,100,100
5772481544156291901,1,0.552065984303852,1.656197952911556,9,100,100
-7118589533840278002,1,0.4612209177437853,1.304529754246854,8,100,100
-42361505900466516,1,0.9563082700244596,2.7048482505562856,8,100,100
3580721513297486058,1,0.3590408005390254,1.015520739135166,8,100,100
2037517469560193002,1,0.8468677237215642,2.5406031711646926,9,100,100
2736610226230166514,1,0.5119990798067419,1.448152085170478,8,100,100
-5398095365728525584,1,0.629217628353247,1.7796962074027913,8,100,100
-7834913755039117613,1,0.3878231879740298,1.0969296244712865,8,100,100
-7891270338799210246,1,0.35580314826588433,1.0063632756253176,8,100,100
1753824919547118438,1,0.37786270345376216,1.0687571198785468,8,100,100
8950841967291702616,1,0.5355957654575059,1.5148935909192083,8,100,100
-6862418783834988693,1,0.45256546805096926,1.2800484455588168,8,100,100
5316357597373068157,1,0.9214162323159065,2.6061586646637473,8,100,100
6042535255372589483,1,0.7119545790952198,2.0137116431001765,8,100,100
-1974606828303312702,1,0.8065134006856247,2.55041930961458,10,100,100
6174014507017494089,1,0.5409654828817068,1.7106830614390212,10,100,100
-8715795200533251482,1,0.6807745015242114,1.9255210659466462,8,100,100
1753888922585623461,1,0.4968423808057005,1.405282466594319,8,100,100
3177499815818886586,1,0.2901942697984852,0.8705828093954556,9,100,100
-385484500209519414,1,0.7787404580430749,2.2026106346663057,8,100,100
-7132571269676498595,1,0.8957627444083474,2.5335996436216583,8,100,100
7309805325774537969,1,0.5070193503717695,1.5210580511153085,9,100,100
-1283343564030787069,1,0.30633730585156727,1.0611835559773624,12,100,100
1372625567472276199,1,0.753486608459487,2.3827338691674744,10,100,100
-1825904207687414105,1,0.5690715684910396,1.7072147054731186,9,100,100
5673796306225747030,1,0.5009846808798515,1.416998660482886,8,100,100
1850817478192088474,1,0.7778059725588918,2.3334179176766754,9,100,100
-4915132952201680401,1,0.44795628237545726,1.4857029111218851,11,100,100
-4708614352276364203,1,0.41002001689198536,1.1597117374661825,8,100,100
2023978269146625771,1,0.5164185427663349,1.7127665411380366,11,100,100
8248431200493435135,1,0.6210895141159632,1.7567064286210223,8,100,100
-1788892519856946705,1,0.6139587040952051,1.7365374521368981,8,100,100
753481173627331283,1,0.5500898480719096,1.650269544215729,9,100,100
7409847008164639375,1,0.5143684133304339,1.454853572376459,8,100,100
-9040074785467659599,1,0.3828563139865018,1.1485689419595053,9,100,100
-3833989143736126831,1,0.7649435214900772,2.2948305644702316,9,100,100
-1624748268291288868,1,0.7099467756915738,2.0080327174921466,8,100,100
-4527846307608520783,1,0.7473242772944161,2.1137522568808698,8,100,100
-9061632800714912151,1,0.3205542509925369,0.9066643384599898,8,100,100
5131290741310774984,1,0.5833526769624844,1.934761949933961,11,100,100
-5742327688291876861,1,0.5563623738323922,1.4719964799940595,7,100,100
5097585796616659193,1,0.766587900300399,2.168238010711877,8,100,100
-9158940941496109888,1,0.5425309423344667,1.7156334788943837,10,100,100
6238885094207380500,1,0.5030460705298037,1.4228291508834818,8,100,100
-1624193196853963348,1,0.3130648057411002,0.8854809883615247,8,100,100
5464397464340361352,1,0.4285798009467892,1.2857394028403677,9,100,100
-9142554977154027188,1,0.805079349157814,2.27710826873097,8,100,100
4935422610703370244,1,0.5413342622444274,1.5311245108866058,8,100,100
-361813152215848750,1,0.45817684126288893,1.2959198057584846,8,100,100
2092176500077254225,1,0.31138074222158074,1.032733088891359,11,100,100
7177794314416921164,1,0.4104873817691399,1.16103364496188,8,100,100
5220371475052460108,1,0.5451774679964475,1.5419947382816002,8,100,100
7072547719975273749,1,0.406113260267536,1.1486617610598082,8,100,100
-1832163534327561957,1,0.6193824340245695,1.75187807698641,8,100,100
-7285002256172689334,1,0.3168741858675739,1.2674967434702955,16,100,100
-321464721968304600,1,0.3396083152035043,0.9605573705109457,8,100,100
5838730600776021882,1,0.5928081358869766,1.67671461131295,8,100,100
-644254962704025238,1,0.5586025336792526,2.014070077784645,13,100,100
-8673761042893447608,1,0.6080285916950564,1.7197645613715238,8,100,100
-9159547197550283952,1,0.4463098880230108,1.2623549933267186,8,100,100
-8079559806636725761,1,0.5816727509769782,1.6452189865890212,8,100,100
-6404482748096304898,1,0.7292888031326422,2.0627402325540496,8,100,100
-4153833550108699427,1,0.4831050319887712,1.5277122501730216,10,100,100
8734291967334159232,1,0.4921527537440329,1.4764582612320987,9,100,100
1369762516572829478,1,0.5272730560578542,1.4913534139018534,8,100,100
8608875963445262300,1,0.5941794624410534,1.6805933085353855,8,100,100
2725835573786460953,1,0.5369576168066433,1.5187454882149807,8,100,100
5418729114938856534,1,0.5970012826573915,1.6885746213764334,8,100,100
7272102106734368396,1,0.9792134503203266,2.769633883802318,8,100,100
421767937817056123,1,0.666129495322391,2.106486421837234,10,100,100
-3302811679071504482,1,0.7461917848494184,2.1105490845308683,8,100,100
-2491349842870304457,1,0.47489241558178774,1.4246772467453632,9,100,100
-3323522930383104315,1,0.5703884664254527,1.613302210080132,8,100,100
8318760099233976882,1,0.741921885898419,2.346163005366564,10,100,100
4720958197330840000,1,0.3841092268179831,1.1523276804539493,9,100,100
3436823649386880124,1,0.5656086723997237,1.6968260171991711,9,100,100
-8037126909112922974,1,0.3227741733907699,1.250098998128317,15,100,100
-6350086312955255384,1,0.4291277851783762,1.2137566675807754,8,100,100
-5601562048069729403,1,0.689758103727713,1.9509305300969595,8,100,100
8728076075855252468,1,0.6098908360522867,1.82967250815686,9,100,100
2231859274684773061,1,0.39799115532833196,1.2585585394393877,10,100,100
7943481530176896003,1,0.8667045760228689,2.6001137280686066,9,100,100
-1875757696019289126,1,1.257632230212064,3.557121112886847,8,100,100
6098462012012542159,1,0.531139591149924,1.6796108635243716,10,100,100
4841087212422420983,1,0.5489281232717246,1.6467843698151738,9,100,100
-4259946118958645677,1,0.6645540051080848,1.8796425739064253,8,100,100
-7204724842817880573,1,0.6082378749248141,1.7203565037353248,8,100,100
4421635852105786627,1,0.616586000791973,2.0449844156127517,11,100,100
-5611439849197192371,1,0.6839879609479199,1.9346101017449346,8,100,100
-5006161329477263905,1,0.5187778967175939,1.5563336901527818,9,100,100
-15050107225177034,1,0.5712831310754444,1.8065558830309218,10,100,100
-2121913285950788276,1,0.3012972780213887,0.85219739376789,8,100,100
-4465186255037656026,1,0.27815361234475067,0.7359252845384759,7,100,100
-1510733964102697638,1,0.425233489094659,1.2757004672839771,9,100,100
-5804257148252312349,1,0.4204235274766661,1.329495928748648,10,100,100
3974593124293992606,1,0.36690359659868527,1.1007107897960557,9,100,100
-1752689297979289270,1,0.6848197947819924,2.0544593843459773,9,100,100
-5321218910996664490,1,0.7694833858552189,2.1764276805944403,8,100,100
-7836247796131488328,1,0.536088566112062,1.695260896487873,10,100,100
-4103894660835969663,1,0.4366227879910135,1.4481139626850854,11,100,100
-524560531716852360,1,0.5085129069634146,1.6080590055976873,10,100,100
-1155682847873870433,1,0.6178969050097265,1.7476763664262307,8,100,100
-5661084614115795098,1,0.5632365960857697,1.5930736660187048,8,100,100
5011114592172336243,1,0.40469740618011923,1.1446571209542757,8,100,100
6927290966423327963,1,0.44243749809217287,1.5326484517386032,12,100,100
-981393130358279367,1,0.41013759808303885,1.1600443072963182,8,100,100
-566454844364661886,1,0.3630543464554347,1.0268727612715525,8,100,100
-5777264011843208595,1,0.317622470446264,0.952867411338792,9,100,100
3516336293044287677,1,0.3920937906172261,1.1090087128263155,8,100,100
6038968928609570771,1,0.43043077241070954,1.5519402204643837,13,100,100
-1210936972032245990,1,0.8560444407860959,2.4212593163075775,8,100,100
-8095783560037552991,1,0.7801003532547693,2.2064569991698746,8,100,100
-2814913776041430222,1,0.49986950530184215,1.41384446762919,8,100,100
-156748715548751505,1,0.2369208815671622,0.7492096110072355,10,100,100
366164017711760791,1,0.4706989119523292,1.3313375701544867,8,100,100
2988971287129541877,1,0.8592537855993505,2.4303367142300503,8,100,100
7600225355087799334,1,0.526914493919821,1.9715335083733514,14,100,100
263074685984627276,1,0.5617938491463365,1.5889929614410674,8,100,100
1297290628900040830,1,0.32239314260503177,0.9118655093762386,8,100,100
3830465333140235650,1,0.4351012207316347,1.3053036621949041,9,100,100
-3693100631592555151,1,0.5214640171315318,1.5643920513945953,9,100,100
-3574293885053254104,1,0.7055967054565332,1.9957288608448067,8,100,100
-1313438867965889218,1,0.5528666524317142,2.2114666097268567,16,100,100
3475080409674051393,1,0.4786662796342051,1.3538726890187307,8,100,100
-4493480419374664761,1,0.7880256816008363,2.2288732128364104,8,100,100
7731441833317883667,1,0.3689953209069696,1.1069859627209089,9,100,100
6650670645106879579,1,0.38977456539120736,1.4053521813896896,13,100,100
679675492540635278,1,0.4233200099743496,1.3386554106441413,10,100,100
1235766574637230471,1,0.5853261667684789,1.655552406911678,8,100,100
8673597329379366540,1,0.610168823677701,1.725818051564485,8,100,100
2553200801763610589,1,0.6620618458665619,1.872593683108515,8,100,100
-3068964556195854112,1,0.30961544773872474,1.116334372497713,13,100,100
-6623711919389049364,1,0.33847667104856943,1.0154300131457084,9,100,100
1820568672329882441,1,0.5471732855075807,1.641519856522742,9,100,100
-5464569500564727193,1,0.5194223651882878,1.4691483068983744,8,100,100
-990874493184949390,1,0.5965640657491836,1.7896921972475508,9,100,100
9084036820489132995,1,0.8259354215485251,2.7393178943404757,11,100,100
-4196522165560861395,1,0.6909052130616969,2.2914733574262036,11,100,100
-9091131158779765155,1,0.4991203320648883,1.497360996194665,9,100,100
1660239532499962258,1,0.39514466942555476,1.1854340082766643,9,100,100
-5997263588639648937,1,0.6281052159319122,2.083189330111311,11,100,100
-7266206254199969652,1,0.40595328568718375,1.1482092846174698,8,100,100
-5428517858137254570,1,0.6150257450543059,1.7395554997288338,8,100,100
8388876702373132421,1,0.4531968125139059,1.3595904375417178,9,100,100
8165783347919842631,1,0.5861531433624871,1.657891449941701,8,100,100
3639811733794772980,1,0.5152621764820412,1.4573815163175639,8,100,100
1272180233249547778,1,0.6516537897350719,1.954961369205216,9,100,100
-7254435502259833325,1,0.7668944926139522,2.169105184727769,8,100,100
-48009583706115394,1,0.44808405191802697,1.4861266747542243,11,100,100
1295659285338066525,1,0.5466088893184662,1.5460434091757378,8,100,100
7610346913791631994,1,0.44249222013053036,1.399283262517085,10,100,100
-492805729779315251,1,0.3947759808962074,1.116595092565117,8,100,100
-1645421648281363818,1,0.3641306180251855,1.0923918540755564,9,100,100
-6258703286029316013,1,0.5263870575356914,1.579161172607074,9,100,100
6113879938573233819,1,0.3477286830314112,1.0431860490942335,9,100,100
2249976103076167615,1,0.48193274273910763,1.445798228217323,9,100,100
-2958257411514442573,1,0.41741931893065276,1.38442326113867,11,100,100
-2125218903099578559,1,0.3842336770403447,1.2150535731890342,10,100,100
-8562321650922147544,1,1.0322977053491018,3.4237441605878254,11,100,100
-8063174143676341279,1,0.45064324234457465,1.274611570230966,8,100,100
1838998822433301021,1,0.337401770954053,1.1687940197122737,12,100,100
6239599976152067958,1,0.5494365454895854,1.6483096364687562,9,100,100
707951709479092338,1,1.0361684844229002,2.9307270471488813,8,100,100
-1355068025952894050,1,0.5066596412052008,1.5199789236156023,9,100,100
2430571303956554647,1,0.35803238689247574,1.1321978186868382,10,100,100
-2578020881292839975,1,0.8120607433424527,2.2968546334113475,8,100,100
-6145324631910717254,1,0.4053279485384909,1.2817595167051483,10,100,100
-2588416330788697959,1,0.33109217134888236,1.047005376913212,10,100,100
-8845980588170293735,1,0.8293958391605084,2.3458856886332105,8,100,100
7307927301016455000,1,0.6845621746329112,1.8111812710402522,7,100,100
-5920460416956230657,1,0.3032183335407671,0.9588605623094523,10,100,100
1045587930363611824,1,0.6177845193718178,1.7473584918395377,8,100,100
-3908324558707430059,1,1.2640409506673413,3.34433800246745,7,100,100
721701644440919410,1,0.3636128861519196,1.0908386584557588,9,100,100
-2493159639359593881,1,0.6393339781563084,2.214717866343714,12,100,100
-6461190633092795393,1,0.3348205395672637,0.9470154960342038,8,100,100
4315487313414617911,1,0.4969629045338011,1.4908887136014033,9,100,100
-7189808925421298988,1,0.37945666621953006,1.1999473385879893,10,100,100
3762386401461912287,1,0.4613658788134278,1.4589670117356546,10,100,100
-6785712363305829381,1,0.4661878505552618,1.4742154252528195,10,100,100
-5399951818200311972,1,0.4172772279405539,1.1802382300459615,8,100,100
-3006022539152295861,1,0.8435613418486757,2.385951780672088,8,100,100
-6206949471155505309,1,0.5162931945732285,1.4602976758527821,8,100,100
8305544832051449987,1,0.46708691707966565,1.321121305882201,8,100,100
-3367974312458918428,1,0.7378022661835338,2.3331356239737935,10,100,100
-1940026957961560269,1,0.627737121024177,1.9850790742731694,10,100,100
2589956170709381462,1,0.38693457740646414,1.2235945700791542,10,100,100
7266472873454190772,1,0.3114678309127931,0.9344034927383794,9,100,100
-2803813985699536285,1,0.4058904691228022,1.5187030720144732,14,100,100
-4661782647356616480,1,0.8357297295878806,2.3638006361231603,8,100,100
-7473079823746712232,1,0.6266914007192592,1.7725509566395368,8,100,100
-2843301750496557202,1,0.34266878711378357,0.9692136922765032,8,100,100
5808068606875657687,1,0.5901522352440774,1.957313533494159,11,100,100
-1552929522325671426,1,0.536166299844935,1.4185626907633873,7,100,100
-5515731733465595941,1,0.6782451487589638,1.918366975977368,8,100,100
-4398982917624272932,1,0.5978780657373015,1.9829372144340696,11,100,100
2882991593338548947,1,0.6927859207465792,1.9594944898818891,8,100,100
3633132437115080016,1,0.44027320797233016,1.2452806837279593,8,100,100
2021155107689517240,1,0.3772781463257518,1.1318344389772554,9,100,100
5477666985557256896,1,0.4190739411901595,1.185320102536537,8,100,100
-5885700212951253792,1,0.6968976928835348,2.2037840056284863,10,100,100
-3221719825543705501,1,0.5309184766113619,1.5016642202765018,8,100,100
-1035859206412272346,1,0.9105435798026971,2.731630739408091,9,100,100
5221068358210605075,1,0.45572703719061364,1.5114755891816065,11,100,100
-4284983208988782362,1,0.38934205286077833,1.168026158582335,9,100,100
-6977388392264251155,1,0.4116467520776996,1.2349402562330987,9,100,100
2820781212438170045,1,0.29733409044173714,0.8409878065171463,8,100,100
4110377218953394466,1,0.5161343794575821,1.6321602178035812,10,100,100
4054021782177926085,1,1.0266185682873317,3.079855704861995,9,100,100
1432415840555979418,1,0.3396848121115213,1.0741776928387572,10,100,100
-7970208570896369740,1,0.515383419982255,1.4577244447222677,8,100,100
2084692071131698052,1,0.42920694792822434,1.2139805736497153,8,100,100
5247244872294608867,1,0.390464547923204,1.104400518597749,8,100,100
-3673597106452186217,1,0.3786240266983956,1.135872080095187,9,100,100
5663643397329515522,1,0.6647422002847063,1.880174870248728,8,100,100
-8609941725824758775,1,0.6338401905408875,1.7927707876801398,8,100,100
-5897904783262942810,1,0.7786335718561321,2.202308314875896,8,100,100
-2076313778777999079,1,0.5464115550785924,1.6392346652357772,9,100,100
3941159032520192855,1,0.6761262133590544,1.9123737216166796,8,100,100
-8126872169913866533,1,0.3038217875960717,0.8593377851256049,8,100,100
-8656095025711425647,1,0.39324849714789883,1.4178776204659036,13,100,100
-8330611414821605036,1,0.5365898761275042,1.9347023122725868,13,100,100
4254382476401246877,1,0.9762021454083375,2.7611166273083665,8,100,100
-5418724931840216317,1,0.4899944133307293,1.385913489638731,8,100,100
-884384663469187004,1,0.40696651869357725,1.1510751403364414,8,100,100
393704108593303736,1,0.6946533726649355,2.0839601179948066,9,100,100
-3957467434839712384,1,0.32725416914894706,0.9256145687071597,8,100,100
1414907858870447882,1,0.34523243193149716,0.9764647748171394,8,100,100
6544909363432317292,1,0.5918639945632264,1.775591983689679,9,100,100
3394962961777206676,1,0.47957010858966065,1.5165338408776077,10,100,100
8235915696920585232,1,0.49738714324674604,1.4921614297402381,9,100,100
-3871391678897398608,1,0.3464601676877517,0.9799373359321504,8,100,100
1177557344742401953,1,0.5468738165309746,1.54679273648968,8,100,100
8425169308906108557,1,0.9331725106333,2.6394104411427284,8,100,100
5383324958842370612,1,0.4458811716300822,1.2611424002521359,8,100,100
2300290364726194411,1,0.39223458090530755,1.1767037427159226,9,100,100
7998246711381278709,1,0.37270713937867006,1.0541749826051894,8,100,100
-8345502221861812332,1,0.6375202483978483,1.803179563143403,8,100,100
-3136694856001889841,1,0.5416015340657678,1.5318804697557655,8,100,100
-6066353534515071269,1,0.6529854070537171,1.8469216373741657,8,100,100
9108121318583109699,1,0.7004136788131988,1.9810690476985175,8,100,100
4803144194574208895,1,0.6732088599788144,1.9041222001835385,8,100,100
9079807441381220530,1,0.5626938606648213,1.7793942250942634,10,100,100
-5346815002995256804,1,0.4335528828027457,1.3710145957887223,10,100,100
8245101260427711848,1,0.6082983083495112,2.0174972494032417,11,100,100
1231213979059064331,1,1.1529241239730401,3.260961865019586,8,100,100
-4408792231413778149,1,0.4707614464700613,1.4122843394101838,9,100,100
-765122276900360506,1,0.45674176248575843,1.6468058442881968,13,100,100
-5351326942823585623,1,0.47193207947556964,1.4157962384267089,9,100,100
-5629470494465927414,1,0.6748511760503364,2.024553528151009,9,100,100
7967011061476064647,1,0.3396318389751004,0.8985813832476498,7,100,100
-1481253790678808851,1,0.8879048129632454,2.6637144388897362,9,100,100
368023244043492784,1,0.7994896211520451,2.2612981304195,8,100,100
7736324065827735299,1,0.36616555358941333,1.0356725839200014,8,100,100
401135311588492056,1,0.6127095529479767,2.032127692594834,11,100,100
4621254900890805646,1,0.6055038796506191,1.712623597342864,8,100,100
2107282500378299197,1,0.5089246369100253,1.526773910730076,9,100,100
4140904161283792538,1,0.6860955771917983,2.0582867315753948,9,100,100
880912729690786626,1,0.3406576948699002,0.9635254644235368,8,100,100
-5241260077753889012,1,0.609772572710352,1.7246972845802282,8,100,100
-1349904123912033337,1,0.35980345016693377,1.0176778380294196,8,100,100
-8590372793827111765,1,0.8246664757610417,2.473999427283125,9,100,100
6708395698226734017,1,0.4814705335978476,1.361804316994174,8,100,100
-5467022680404303503,1,0.23782028091516516,0.7887606393325219,11,100,100
-6924123465723318944,1,0.44165639884780483,1.4648085612377215,11,100,100
-9105033901561028855,1,0.6655959082411151,1.9967877247233454,9,100,100
-901645742448395577,1,0.4700543117034737,1.3295143653260058,8,100,100
3341682738047765749,1,0.5335076841983846,1.5089876052472355,8,100,100
1126092738424883382,1,0.4895992291727603,1.3847957400470614,8,100,100
5042393955570388615,1,0.49505347658528226,1.6419066329943737,11,100,100
727049655801512035,1,0.3854038804244248,1.1562116412732744,9,100,100
-5315403375208935243,1,0.3773290595446472,0.9983188539930192,7,100,100
-7270466231196388783,1,0.6290896963873844,1.8872690891621533,9,100,100
-6020972041591792759,1,0.886760626748498,2.508137809852384,8,100,100
-399600312926714168,1,0.8309152510159886,2.3501832343389117,8,100,100
6140938122671246509,1,0.7042205057209024,1.9918363801834802,8,100,100
8578798595623546881,1,0.6818809968348233,2.1562970431841073,10,100,100
39585234461507019,1,0.3805627393143411,1.0763939745443958,8,100,100
-4100561626433649738,1,0.5571452853719675,1.6714358561159024,9,100,100
5140812151893660646,1,0.35596136182806365,1.2330863284352298,12,100,100
734930079099768907,1,0.6446972568284478,2.038711732840437,10,100,100
8627019408459060912,1,0.8583378965214558,2.4277461887188743,8,100,100
5048678450739646977,1,0.5202166205337689,1.471394800261508,8,100,100
977258897050207208,1,0.5247064290028568,1.5741192870085703,9,100,100
3686953045891345130,1,0.31738419355823433,0.952152580674703,9,100,100
-4985601330403557463,1,0.5468801238952572,1.5468105764099027,8,100,100
3489293868950041430,1,0.9941174783796641,2.8117888410333265,8,100,100
-4862397688601840034,1,0.5656477977561872,1.6969433932685618,9,100,100
-8770313100683169292,1,0.5724688537262177,1.6191864339515933,8,100,100
-6784932534385679512,1,0.5137183977502873,1.4530150506780648,8,100,100
4224601773732475392,1,0.613502626678242,1.9400656507992258,10,100,100
-797655148504316163,1,0.5926987498237671,1.7780962494713013,9,100,100
-4061937427304091491,1,0.4800038929177512,1.5179055873676597,10,100,100
-4355958652069551197,1,0.33325823438262414,0.9997747031478724,9,100,100
4780668309847462157,1,0.6164157156402098,2.5415471048752853,17,100,100
-2740130627395520747,1,0.8018780521985208,2.2680536335769377,8,100,100
-7412215463544563815,1,0.2847378301085827,0.8542134903257481,9,100,100
-7420164429567262320,1,0.5417102767013373,1.7966497328979385,11,100,100
-439697360305450054,1,0.5473276060238067,1.730801861322524,10,100,100
-5844763149996761451,1,0.5271081151791797,1.581324345537539,9,100,100
6984114197149540274,1,0.44014082977261276,1.391847513317907,10,100,100
-2983047902734835380,1,0.5321619619783895,1.5051813280178277,8,100,100
-7127191395680525306,1,0.38093040912638926,1.077433901813743,8,100,100
6966724658656631846,1,0.3178718787759122,0.9536156363277366,9,100,100
-63158432259950884,1,0.9034359734088498,2.555302812661069,8,100,100
-7126332217470096567,1,0.46331659593005653,1.4651357208948776,10,100,100
-2418289399533309074,1,0.44459921614018383,1.4059461689284762,10,100,100
-4320601749510143390,1,0.44143951018200084,1.2485794845334433,8,100,100
-6692306584837169986,1,0.7900059226855982,2.4982180807093752,10,100,100
-7960899459758215964,1,0.3295547130444339,1.1882264159525275,13,100,100
-2572171792832377300,1,0.6282847897746666,1.7770577414641249,8,100,100
4099693888348403940,1,0.5883806410573342,1.9514378202959568,11,100,100
-2818641123845859402,1,0.904625024067558,2.5586659557968563,8,100,100
8591121950961053247,1,0.7117774708594554,2.0132107053621247,8,100,100
1946032926247858555,1,0.3739752285669337,1.0577616804618717,8,100,100
6835140724294656040,1,0.5199836404839462,1.8012761688456476,12,100,100
2739777794684718461,1,0.9239285322547884,2.613264521956379,8,100,100
7101435234168784343,1,1.020622206627287,2.8867555333429293,8,100,100
-7400738836145116797,1,0.40127579223378196,1.1349793352580455,8,100,100
-5296612842451975582,1,0.7835879488456409,2.216321409139241,8,100,100
-9021782448472490002,1,0.4715761415808412,1.333818750230401,8,100,100
-8267355053228814878,1,0.4746974002705454,1.501124984215553,10,100,100
-7379958992735098134,1,0.7449122504277074,2.1069300146654544,8,100,100
-8560448096715212152,1,0.6929173553630628,2.400336129870167,12,100,100
3090945973291583705,1,0.3944621975400409,1.1157075792092417,8,100,100
1746623296513150549,1,0.5601451052707007,1.7713343528502021,10,100,100
3948800614387667817,1,0.38898465943262645,1.1002147618493996,8,100,100
-5347462577828124233,1,0.41930780115191446,1.1859815583957567,8,100,100
3916958238202074718,1,0.40367904050588554,1.1417767478583627,8,100,100
-615063770863490958,1,0.7932528136439843,2.24365777489188,8,100,100
-2996239454366529598,1,0.503042925129793,1.4228202543487736,8,100,100
8234800503030634221,1,0.48162549991589837,1.362242627931571,8,100,100
5775847085575861217,1,0.46083181113672494,1.3034291945650263,8,100,100
4532734388992629087,1,0.4727931716891113,1.3372610312002648,8,100,100
-4214879879572322516,1,0.2867298643539919,0.8109945258136264,8,100,100
1912699037023512012,1,0.4149929323040724,1.2449787969122172,9,100,100
8872429967753387351,1,0.5836314771678333,1.6507591008771865,8,100,100
4849734768602711698,1,0.3759589116198916,1.1888864673568014,10,100,100
5845675216709998512,1,0.7900883250588101,2.498478659893328,10,100,100
8471539080229799212,1,0.7938608094960723,2.3815824284882168,9,100,100
-1603366021753641418,1,0.6025276740355784,1.8075830221067353,9,100,100
3833296131353694795,1,0.9770582512218343,2.763538060212914,8,100,100
-8257647006380472248,1,0.45421082602044444,1.5064468856272095,11,100,100
-3922312995339970676,1,0.5046229636547763,1.513868890964329,9,100,100
-8138754574935543360,1,0.6603578649578357,1.981073594873507,9,100,100
1995260952169187169,1,0.40820285950154384,1.2246085785046315,9,100,100
-1553714494570907034,1,0.49921481357559694,1.411992719792331,8,100,100
8461933354431377765,1,0.505898625716717,1.5176958771501508,9,100,100
1526851385451785584,1,0.5846925885398894,1.6537603770642866,8,100,100
-147824164339962527,1,0.8298162977187741,2.874567977195237,12,100,100
5200634876381004844,1,0.7754433648014237,2.326330094404271,9,100,100
7639908126785658364,1,0.7534869248193228,2.131182856300566,8,100,100
3532138327913913061,1,0.4291808409937303,1.2139067320880483,8,100,100
-5569779348654685882,1,0.994649873975813,2.8132946831785692,8,100,100
424470430202051794,1,0.7816833437969601,2.210934372557624,8,100,100
-7833190917154837883,1,0.4788662949299955,1.3544384177067084,8,100,100
-5132068226904603039,1,0.48593343248963367,1.3744273012747015,8,100,100
2850182005422572459,1,0.3269114018791421,1.0337846230167382,10,100,100
-2477167038612241272,1,0.33185728997189146,0.9386341605012597,8,100,100
-1027154054934448204,1,0.47856160913078566,1.7254784201896032,13,100,100
-8667296158373579891,1,0.41185754774438527,1.1649090595716685,8,100,100
-4572164827162435567,1,0.7283445563299696,2.185033668989909,9,100,100
-1446321586719067545,1,0.4175632503548983,1.2526897510646948,9,100,100
-6563578559385954477,1,0.5886519757751866,1.664959215317975,8,100,100
-3377478460936037554,1,0.6198190756863478,1.9600400163891516,10,100,100
7156280346598047313,1,0.4003860892039819,1.3279304291673748,11,100,100
-7941230470451283358,1,0.5256320327569667,1.3906916398042906,7,100,100
-871144285163591514,1,0.5153911449050437,1.4577462941034198,8,100,100
-6780085364562521217,1,0.6762627915210252,2.0287883745630757,9,100,100
-2288161293511742339,1,0.6164730240634541,2.0446097141942126,11,100,100
6003782495825457388,1,0.4873530640684722,1.3784426257394347,8,100,100
2555622121352519403,1,0.4335782312919145,1.3007346938757434,9,100,100
8757910278890519293,1,0.9044081073936374,2.8599895536860642,10,100,100
5947334106839868987,1,0.47354331583884307,1.339382759260836,8,100,100
-143910138373835487,1,0.3723643171436091,1.0532053348965769,8,100,100
125477931049398288,1,0.7548955286579999,2.2646865859739997,9,100,100
-323497298606386990,1,0.5416716517603447,1.7129161635082442,10,100,100
6105881907714742536,1,0.6444552066705879,1.9333656200117635,9,100,100
7260412658290703628,1,0.571166338581028,1.713499015743084,9,100,100
-5246130758763287138,1,0.5950477598796867,1.6830492245631639,8,100,100
5539661193656776629,1,0.4038518973932167,1.2770918331431818,10,100,100
3084892010835180644,1,0.5488214164081127,1.5523013808103299,8,100,100
8451928604492906682,1,0.46284873615658273,1.3091339199997714,8,100,100
399615701299614714,1,0.3353311014993216,1.254694092939979,14,100,100
-1069060288781198500,1,0.641575834494596,2.2224838845060826,12,100,100
6968683046071539282,1,0.5664406069708356,1.699321820912507,9,100,100
9042479926098597876,1,0.504844951372143,1.4279171542521407,8,100,100
3666378453395959871,1,0.6377447077073866,2.0167258420736816,10,100,100
-7753262771850692008,1,0.38082630468947276,1.4249215560191895,14,100,100
-4406069185795502472,1,0.8098843140322096,2.2906987617151633,8,100,100
-8841522860042928214,1,0.582484707354348,1.6475155460308846,8,100,100
9184693610030084119,1,0.34925062006858926,0.987829927136424,8,100,100
-3953103622886954452,1,0.4912767182144651,1.389540395554084,8,100,100
7850311705769748982,1,0.9847738067184129,2.785360946661921,8,100,100
-8897586586766550811,1,0.9106312812187706,2.731893843656312,9,100,100
9135419436386831823,1,0.46739954728986616,1.4021986418695984,9,100,100
-182186642679056699,1,0.33155117114034327,0.9377683256947132,8,100,100
-2995896826171159010,1,0.8729762683257891,2.4691497565923703,8,100,100
-869357891387711290,1,0.356172440991231,1.1263161533142103,10,100,100
-6521951182345307568,1,0.5476800567963899,1.9746885273284134,13,100,100
8608239048460101604,1,0.5233464173216767,1.48024720239137,8,100,100
-8732099681181340922,1,0.49297218402984644,1.3943358970553883,8,100,100
3334756723339832444,1,0.4462460190451886,1.4111538169656732,10,100,100
-3960343846875161985,1,0.5502882843171908,1.556450309792786,8,100,100
8781040814630497721,1,0.483650007901689,1.3679688012328464,8,100,100
3930269280264459148,1,0.40518633822057354,1.1460400295996542,8,100,100
-3052646461143338464,1,0.8573240117017588,2.4248784893934747,8,100,100
-8307917963205240524,1,0.551420332232439,1.5596522248227866,8,100,100
-1208668804527730613,1,0.25882580278026185,0.7764774083407855,9,100,100
-6579157870335139058,1,0.3802122899840034,1.0754027541526194,8,100,100
-3687227317070543856,1,0.5012052715481806,1.417622585112654,8,100,100
-5088685478199351240,1,0.4333958466956933,1.3705180040155507,10,100,100
3689342648861016650,1,0.5330897168682769,1.507805415113501,8,100,100
-5822434268127977093,1,0.4689259618235269,1.4067778854705808,9,100,100
-6138941776720662907,1,0.5867515075792646,1.6595838795229119,8,100,100
2398620722121614226,1,0.582956200171862,1.6488491291050642,8,100,100
-7411801881411138320,1,0.3000609403880797,0.8487005028704943,8,100,100
2762057807250995453,1,0.4377849590846741,1.4519684481449544,11,100,100
-7595985597117567920,1,0.5101674965241421,1.613291277202324,10,100,100
-7239638264716799870,1,0.7236252584849577,2.046721309250328,8,100,100
-6844644065172055993,1,0.42929013238334673,1.2142158548189408,8,100,100
1375436454267855179,1,0.45806727906385497,1.29560991706289,8,100,100
-6623796592636314375,1,0.5198964836312947,1.4704893163629178,8,100,100
-2238538846084549242,1,0.3847057143708761,1.0881120775714461,8,100,100
2969307642936589813,1,0.46216069261361264,1.4614804336599727,10,100,100
1253850645098546973,1,0.5633707598087115,1.5934531383318307,8,100,100
5231157158995140864,1,0.6930076690439528,2.0790230071318585,9,100,100
6275747421372480481,1,0.49188795937352753,1.4756638781205826,9,100,100
6427974335558846199,1,0.5865164714015199,1.6589190968224818,8,100,100
2372101780857246558,1,0.3909697703422136,1.409661554125231,13,100,100
122680116599428543,1,0.45343333127708607,1.503868227287016,11,100,100
1563058980825104994,1,0.9104919918594467,2.5752602466394467,8,100,100
-8894568904602184825,1,0.35649086567452476,1.2349205835649775,12,100,100
6951686118540866488,1,0.9462788217268565,2.6764806869451054,8,100,100
-8677149272005975194,1,0.24289233130835594,0.8414037171898504,12,100,100
-2533299618458938546,1,0.5826277185113289,1.6479200426664307,8,100,100
-1765381134332051250,1,0.5779065203104562,1.528996933784165,7,100,100
7170477606577372281,1,0.5817445408714644,1.6454220390738687,8,100,100
8699154667554046238,1,0.5007205699884817,1.5834174724613532,10,100,100
1386870410247751396,1,0.7255943277699362,2.0522906782264654,8,100,100
-2015413525467370244,1,0.7010608554892444,2.103182566467733,9,100,100
-3614729606216025524,1,0.7844309841637698,2.2187058731001557,8,100,100
-4755839211985604556,1,0.5634106107216124,1.5935658537348252,8,100,100
-4223268165267258116,1,0.4179314007475078,1.6186413549522356,15,100,100
4221609105866409059,1,0.8235340281137842,2.4706020843413525,9,100,100
4528129054565819495,1,0.46040543546491514,1.4559298231907958,10,100,100
-3122279817334284547,1,0.49284135077916297,1.478524052337489,9,100,100
-2688837303780646699,1,0.4182492093254324,1.1829874085597003,8,100,100
3558247428225480810,1,0.4288638710782789,1.6046616711405095,14,100,100
1517159530636313560,1,0.6407603212830157,1.9222809638490472,9,100,100
-3665303379536541358,1,0.8656936668288524,2.4485514489797175,8,100,100
7736944505911907596,1,0.992778786503363,2.808002448618719,8,100,100
4487165569666098235,1,0.2836727490586672,0.8023476979888535,8,100,100
-8803412346025206712,1,0.49121063625242134,1.473631908757264,9,100,100
-7651504541245654469,1,0.5556605816765872,1.6669817450297615,9,100,100
411439863257063955,1,0.4550548788476347,1.2870895625807413,8,100,100
4680477067748136194,1,0.4530268891276792,1.3590806673830376,9,100,100
-681960337772681641,1,0.5511168339394118,1.8278477538256335,11,100,100
8309691067708780478,1,0.6088198740061086,2.019227086989711,11,100,100
-4588274882758627121,1,0.22404776788753655,0.6721433036626097,9,100,100
-1618835960549072056,1,0.3777287216218328,1.1944830979886827,10,100,100
-54827568334191994,1,0.3103400547881808,0.9310201643645423,9,100,100
-5156352038076430960,1,0.6464856621263335,1.8285375825176227,8,100,100
-2705740286934322140,1,0.692971073694169,1.9600181815010789,8,100,100
-2691673669434715899,1,0.4821081694324182,1.2755383213507703,7,100,100
4279621318848227185,1,0.75045732141928,2.1226138438666617,8,100,100
-2416050412286516070,1,0.9431367275809076,2.6675935026341975,8,100,100
-5327689355932383342,1,0.5181283142642313,1.4654881781639704,8,100,100
4154217285320778330,1,0.5752803561799492,1.9079890907109038,11,100,100
-7710543198761766357,1,0.40273937718812786,1.139118978642288,8,100,100
1554661834962795407,1,0.7355048005148991,2.0803217281573763,8,100,100
-797895912903430623,1,0.2486113994939817,0.7458341984819451,9,100,100
4812993244461325647,1,0.5693951468647214,1.6104926780910185,8,100,100
-4822789605010746268,1,0.2727009521256948,0.9446638087082228,12,100,100
-7174075151751540197,1,0.8420523245280976,2.381683635150853,8,100,100
4015412699495755276,1,0.7203836243525973,2.278053042041348,10,100,100
-3470416258826993558,1,0.2671787848147177,0.755695722126673,8,100,100
-4397535387246049372,1,0.639783407682124,2.121921510376588,11,100,100
8436557222767743855,1,0.4997326888715482,1.4134574923266356,8,100,100
2510365221141512198,1,0.4483670628747407,1.3451011886242221,9,100,100
-8803970784247708599,1,0.6200773744483298,1.753843665331056,8,100,100
3721977521704338106,1,0.4256947281707233,1.3461649289457291,10,100,100
4925786943431569070,1,0.46869910332512205,1.4060973099753662,9,100,100
5801776011183642395,1,0.5166559771100532,1.4613237798203211,8,100,100
-4662097621067940534,1,0.6271584127546814,1.773871866148108,8,100,100
7220479079100512397,1,0.7337605999535647,2.201281799860694,9,100,100
5568154979647577862,1,0.633254156553942,1.79111323325544,8,100,100
-5783709578684964402,1,0.5002178031730456,1.4148296027755933,8,100,100
715203496023224561,1,0.39298929583524417,1.303398040911483,11,100,100
-5299768921323223297,1,0.42721394229823095,1.350969105842159,10,100,100
43160083079611008,1,0.7831834873019929,2.2151774191382705,8,100,100
6555731993021704378,1,0.23644853574378144,0.6687774521042306,8,100,100
-6649032632605521478,1,0.45359474646298914,1.2829596845382896,8,100,100
6764238460552413621,1,0.5097264879623705,1.4417242247543813,8,100,100
-3561851198953809001,1,0.883328596285721,2.929669520471059,11,100,100
8290965556862311314,1,0.4370596265232291,1.2361913027897407,8,100,100
-4935227318722271793,1,0.5625010446658766,1.5909932124310335,8,100,100
8779939797020991764,1,0.6433510025802538,1.819671426430646,8,100,100
3351550121547137590,1,0.6589639000184171,1.9768917000552513,9,100,100
5410430796163210021,1,0.8728230115356476,2.618469034606943,9,100,100
5891951545532693518,1,0.2969208838832214,0.8398190818789174,8,100,100
1113603463099876089,1,0.5642375723797011,1.5959048545196883,8,100,100
-6469829677076558128,1,0.3103962714005279,0.8779332334493333,8,100,100
-8490030928485290851,1,0.4910729130838511,1.3889639475944928,8,100,100
2427033971503973493,1,0.8178747113099243,2.3132990181129496,8,100,100
-2656593110856825088,1,0.6068121231223497,1.9189084208691505,10,100,100
4970149877727303721,1,0.403983672746114,1.3398622639285849,11,100,100
-5493216850481915341,1,0.4857350739000377,1.3738662584594619,8,100,100
-4324658449501034663,1,0.560251688212422,1.58463107162486,8,100,100
7361601890325804635,1,0.5636350248705285,1.5942005928007965,8,100,100
1985972772054103449,1,0.8039415279063173,2.2738900242401243,8,100,100
-5099721202170828877,1,0.35861285239009694,1.1340334117624642,10,100,100
-7557360761999870489,1,0.39207152475324397,1.1089457354526726,8,100,100
-5046198786924436882,1,0.6353756538837942,2.3773580087306216,14,100,100
445629182620226320,1,0.32218727226798544,0.9665618168039563,9,100,100
9054614851585194300,1,0.49133368127244426,1.3897015114123805,8,100,100
206662831932779382,1,0.7014906919297724,2.7168617673635262,15,100,100
-3417842242085643088,1,0.35975052825344056,1.1376310587296286,10,100,100
4772708164879245285,1,0.30298995964077763,0.95813838062735,10,100,100
6009914847781021092,1,0.656693845805639,2.076648278161231,10,100,100
-5706947999947789700,1,0.5801123993492419,1.7403371980477256,9,100,100
4455565431463502573,1,0.3668496692832128,1.0376075553048083,8,100,100
3666015088455236161,1,0.6811352644772302,2.2590701037504632,11,100,100
-1650039513825999871,1,0.5795310364468574,1.6391613031185646,8,100,100
3180268620186768343,1,0.5910278271255872,1.671679137721813,8,100,100
3495000122414481200,1,0.5074546858702651,1.8987215738395276,14,100,100
-8444629518214485085,1,0.47642444541191603,1.2605006010717974,7,100,100
-9071519294601429265,1,0.5342774809973141,1.5111649193938703,8,100,100
-2585586644740675063,1,0.22457499002809483,0.7101684739983809,10,100,100
-2991068842574322860,1,0.588950243230062,1.8624241971171582,10,100,100
312978361229951858,1,0.4774689828905829,1.4324069486717488,9,100,100
-1038608014894415164,1,0.4823335050766801,1.6708522739711817,12,100,100
-1839761359348840490,1,0.32651852834905193,0.9235338623146664,8,100,100
-1306144606027688035,1,0.38105403209681665,1.204998653016848,10,100,100
3412995836408781633,1,0.22235579036024902,0.6670673710807471,9,100,100
3657794881426051628,1,0.5458325792397453,1.4441372621453232,7,100,100
-7834060278215448918,1,0.4254270314018871,1.2032893552173467,8,100,100
2816191689648146006,1,0.6351234645432184,1.9053703936296553,9,100,100
842930104512822408,1,0.6607808933524695,1.8689706022721444,8,100,100
-4995478168071041135,1,0.5292518683716108,1.6736413599539204,10,100,100
-2178335041559923081,1,0.3782112994855604,1.0697430983504639,8,100,100
9221471537121568124,1,0.5582684087698343,1.5790215102534932,8,100,100
3337030736311711732,1,0.3864780858568653,1.338799361432115,12,100,100
3523369258403668028,1,0.5204002039931327,1.4719140526976273,8,100,100
-6313785055524250298,1,0.32339204868268034,1.072570085664798,11,100,100
9160769170670284700,1,0.43224141079311035,1.222563330725794,8,100,100
8946708267955940543,1,0.5507422846976341,1.5577344167834768,8,100,100
-6290318353369318083,1,0.4096956009025722,1.0839526732253757,7,100,100
2588909480684195421,1,0.47820240724089613,1.3525606597590747,8,100,100
1849359896434551515,1,0.533947698375785,1.5102321532818677,8,100,100
5300242420592117425,1,0.6958332988515715,1.9681137767734072,8,100,100
-4580406292364641039,1,0.47641221311286786,1.5800805564382174,11,100,100
-7407287633580533173,1,0.41947791320070643,1.3265056338486445,10,100,100
-3707717697063996675,1,0.5156608248207847,1.546982474462354,9,100,100
7895967355692897338,1,0.6636436393251364,1.8770676706324934,8,100,100
6444438003550358990,1,0.6978012323526721,1.8462085253595693,7,100,100
-8437777092286894905,1,0.4457885071138768,1.2608803054209992,8,100,100
6892378006065047200,1,0.496265904778324,1.488797714334972,9,100,100
-1850565398832307454,1,0.48651901418228255,1.3760835764179444,8,100,100
5586010897525678782,1,0.508874980563047,1.4393157981292126,8,100,100
-4939531484190960867,1,0.4549735469456693,1.2868595212231153,8,100,100
3430328989607751143,1,0.6720697392563423,2.0162092177690267,9,100,100
-6561142121338395840,1,0.3095606396433429,0.8755697099210119,8,100,100
-1981316884718626551,1,0.45165044634038365,1.6284488428664503,13,100,100
3251785579051939642,1,0.6607178068843335,2.0893731603857733,10,100,100
-706472864105638560,1,0.7926393946500176,2.24192276397051,8,100,100
-3097039704096306929,1,0.25544293017118586,0.7225017125208291,8,100,100
967535008285364627,1,0.7096555645825118,2.2441279382934556,10,100,100
-7220508234517476153,1,0.3658459661285673,1.156906525751086,10,100,100
-4710659144944153428,1,0.3485378062529269,1.0456134187587807,9,100,100
-8647802462333931851,1,0.5610821142606275,1.6832463427818825,9,100,100
4408037170347760052,1,0.5737827753222757,1.814460452191045,10,100,100
-7798536101573068976,1,0.4365204533634622,1.3095613600903866,9,100,100
8503458167621021690,1,0.3562083436023636,1.0075093411058362,8,100,100
-2767644120807043936,1,0.3920420621176303,1.176126186352891,9,100,100
-8879707587083043737,1,0.37344801973548253,1.1203440592064475,9,100,100
-5068909489107969293,1,0.5532242747695236,1.659672824308571,9,100,100
-7211534808705539000,1,0.6641119044805084,1.878392124499521,8,100,100
-3517086477049970768,1,0.37897368534256676,1.4179896891549582,14,100,100
-4126895650984816331,1,0.5386878969441828,1.6160636908325485,9,100,100
-6799457964994954673,1,0.5516896593024972,1.5604139968131676,8,100,100
8647896189385926652,1,0.5672957456577822,1.7018872369733464,9,100,100
-8337364954547703305,1,0.40575930901650237,1.345751383201609,11,100,100
-5596204188938390305,1,0.5144893984044251,1.6269583309677826,10,100,100
-4940393426762133109,1,1.392856611719199,3.9395934214686545,8,100,100
-1152747432184260509,1,0.4316434590153534,1.220872067698296,8,100,100
-1817925649759485503,1,0.4202407671750233,1.1886203848019843,8,100,100
-4999508381247873242,1,0.5621504603769389,1.5900016103186925,8,100,100
6107683449211755901,1,0.5442475782367607,1.6327427347102823,9,100,100
-7481192799441424952,1,0.53926112410751,1.61778337232253,9,100,100
-4557178678984219157,1,0.35170419533426667,1.1121863198930475,10,100,100
-1202133112462617734,1,0.8432438620779217,2.385053812276929,8,100,100
5733542318101225635,1,0.39952587397626943,1.1985776219288082,9,100,100
-1396681019964907050,1,0.5895167710836056,1.6674052258256606,8,100,100
-1498297007612926495,1,0.5061950446194419,1.7535110716409361,12,100,100
-3195278192636381150,1,0.28738009952496596,0.8621402985748979,9,100,100
-57107155953165545,1,0.3631214836178108,1.0270626538426955,8,100,100
5471270306772590945,1,0.4414133548800995,1.6516175399077915,14,100,100
-5813720994065153242,1,0.5523621722038087,1.6570865166114261,9,100,100
2087480897245211845,1,0.5381037382654785,1.5219872092374038,8,100,100
1420280321169367691,1,0.29572578475280326,0.836438831081682,8,100,100
3961418564369917393,1,0.5251656592516928,1.4853927956127029,8,100,100
-406004887511982867,1,0.4842096849376273,1.5312054695154282,10,100,100
-3631535870214024923,1,0.5751793222128548,1.6268527965399675,8,100,100
-5916692314397069198,1,0.5471899446484353,1.730366537830519,10,100,100
-6639749536951256729,1,0.9468112835189348,2.8404338505568045,9,100,100
-4509827222488233125,1,0.43941184210419654,1.4573642086985108,11,100,100
-6166268832663122310,1,0.46309709335787846,1.3098363802445423,8,100,100
-6917203663250576190,1,0.511211437783008,1.5336343133490242,9,100,100
-8935678131443220900,1,0.3954745487918202,1.118570940949545,8,100,100
-2169053749670681926,1,0.3917023075398893,1.175106922619668,9,100,100
6866667987995713429,1,0.8272932790707803,2.6161310548129735,10,100,100
-7958766554770240476,1,0.33727340110154774,0.9539532361310192,8,100,100
8186256952519372497,1,0.5609046427909771,1.586477906066072,8,100,100
-5579758991792874991,1,0.2924222088634987,0.877266626590496,9,100,100
1040809103599943115,1,0.5374321241497392,1.6995096000555594,10,100,100
7151006748987902917,1,0.47502960010400036,1.3435866059914903,8,100,100
-3646497657796858184,1,0.27585172633812977,0.9555784107464532,12,100,100
-1689427205707609024,1,0.7923296996981326,2.627860324153676,11,100,100
-7526456919656813963,1,0.42721954366402465,1.2816586309920739,9,100,100
-7152043882592146175,1,0.29875919930344386,1.1570894034285006,15,100,100
-8646994963480310774,1,0.4337805849242575,1.371734653120752,10,100,100
-6929040480644444753,1,0.7809852062810944,2.4696920707446983,10,100,100
-9112695674661729031,1,0.3657968912472087,1.2132110377454306,11,100,100
-1799650040325682552,1,0.5408993239670178,1.5298943196651902,8,100,100
1970050246851200187,1,0.5596585004081528,1.6789755012244585,9,100,100
7500415742905558037,1,0.43645475888886587,1.4475566731994014,11,100,100
-1126518888860236937,1,0.6179967667036544,1.8539903001109634,9,100,100
7085298416772572112,1,0.9028328013199226,2.553596784363857,8,100,100
6382461562455946515,1,0.6450688222561151,1.8245301541972747,8,100,100
4334146231602845740,1,0.4987758734220742,1.4107512095559671,8,100,100
-8131669786162159508,1,0.4437317758201273,1.403203081782832,10,100,100
2305310522305735988,1,0.4775559010254067,1.43266770307622,9,100,100
5097994110961197285,1,0.6213742488558497,1.7575117800826747,8,100,100
-9113887151201050844,1,0.5354143788050891,1.5143805519914457,8,100,100
-4000519066255514495,1,0.711205839084568,2.0115938865446665,8,100,100
7292756973410605168,1,0.5604239014747893,1.5851181642873804,8,100,100
9003279309824926808,1,0.4888583919790396,1.2933977315034715,7,100,100
2709408338934879681,1,0.38476188572142345,1.1542856571642703,9,100,100
7161774919123245008,1,0.5230494151640085,1.9570717078962023,14,100,100
-205557174120673510,1,0.6047278180409598,1.912317269473296,10,100,100
-4450328094464900149,1,0.8100500770047301,2.6866321668231885,11,100,100
1469190792130161395,1,0.4170460369151148,1.383185224752143,11,100,100
-589876355450589177,1,0.8835771734064913,2.3377254649669696,7,100,100
4120286049894762478,1,0.3404067903978872,1.2736855818002633,14,100,100
2866558948748183131,1,0.7053904109412897,1.9951453718422056,8,100,100
-3498304267651438803,1,0.6229936835938678,1.8689810507816034,9,100,100
-175389990003797192,1,0.3218550760192944,0.9103436272502193,8,100,100
3889711795622420631,1,0.48030930286620316,1.4409279085986095,9,100,100
1545502149392780344,1,0.5190607175802596,1.468125412994228,8,100,100
-3333441654744127532,1,0.7084201568025874,2.0037147872173877,8,100,100
6260792132837226445,1,0.3638410520143988,1.0915231560431964,9,100,100
-162686959059189829,1,0.3626487763618585,1.0257256358178957,8,100,100
-8546165288847921785,1,0.406604802494738,1.2857972834462863,10,100,100
6877420593608330736,1,0.42391757192169927,1.1990199590798782,8,100,100
-8127435623269904873,1,0.3923747923657872,1.109803505794047,8,100,100
198639505822271008,1,0.40019907403216465,1.200597222096494,9,100,100
3787260675980992288,1,0.4373946471035102,1.3831633212126624,10,100,100
-1870657887579279872,1,0.5015554132075277,1.418612935279455,8,100,100
5885624434221689257,1,0.680706453263046,1.9253285963989741,8,100,100
-1170854568854448296,1,0.48136907959595243,1.4441072387878573,9,100,100
3008230988219650182,1,0.31545302951129894,1.1373820729034434,13,100,100
-3841428638386376518,1,0.6681948404825203,2.004584521447561,9,100,100
2185141434780393059,1,0.6159237736871206,2.133622539231295,12,100,100
8003125522498595852,1,0.6104690984791177,1.7266673569576898,8,100,100
1658430556042744402,1,0.511086321875955,1.6161968580859583,10,100,100
6859223548753032695,1,0.7172012830956568,2.267989595377493,10,100,100
-7841621418888894746,1,0.3354111708737286,0.9486860536421333,8,100,100
5775779727421141152,1,0.7323646901926084,2.0714401549471138,8,100,100
-7652456255095806751,1,0.34068864269266397,1.2283703701966298,13,100,100
4802880117185357735,1,0.5836454140942957,2.4064316902181395,17,100,100
5309299090805303059,1,0.5865018436592305,1.7595055309776915,9,100,100
368270329361751897,1,0.3443434291731629,1.0330302875194888,9,100,100
3321509593974283554,1,0.5261476779691894,1.5784430339075681,9,100,100
8047650128662442605,1,0.5666363189800003,1.6026895344693675,8,100,100
-7618764223477729701,1,0.9986049679571888,2.9958149038715662,9,100,100
2866956562172418178,1,0.639615628208818,1.9188468846264541,9,100,100
5886880708233760403,1,0.6418545260427768,2.0297222287830365,10,100,100
3409614310728243373,1,0.488904248355817,1.3828300374532407,8,100,100
-3579883468557470745,1,0.680094818925199,1.9235986332473816,8,100,100
-8513762403968181215,1,0.40505851150243916,1.1456784810428156,8,100,100
-3025738975465096920,1,0.6005213824040587,1.5888302348178587,7,100,100
8990508931050743063,1,0.30121635494184673,0.8519685087346954,8,100,100
52788567160752465,1,0.7364103567806252,2.328734019963997,10,100,100
4603850508087119535,1,0.3986572836439175,1.1959718509317525,9,100,100
816640605884593199,1,0.5118613479975674,1.5355840439927022,9,100,100
8243238313991869281,1,0.47270309144754313,1.3370062458016099,8,100,100
-7859276416732559589,1,0.4044335474984427,1.213300642495328,9,100,100
-5650283533493223510,1,0.28957160262258536,1.044065261174014,13,100,100
-2708719772308157769,1,0.6531954958173417,1.847515858131806,8,100,100
4974688063730314444,1,0.471871636015245,1.5650211658737214,11,100,100
2612802367065212769,1,0.4753106298257443,1.4259318894772328,9,100,100
-4506826905380369645,1,0.34207368280356903,1.026221048410707,9,100,100
2125501437545805210,1,0.40833216617851786,1.4145041163717016,12,100,100
138077025326896522,1,0.7616700460318103,2.1543282183030517,8,100,100
-3152004327095511921,1,0.5318926200210964,1.595677860063289,9,100,100
-4619956617276112301,1,0.6486465266695293,2.151317150530086,11,100,100
2707110029062391937,1,0.5548285386814795,1.6644856160444386,9,100,100
8406879802926686547,1,0.3123467310838181,0.9370401932514544,9,100,100
8177487470348417331,1,0.852513498791461,2.557540496374383,9,100,100
2607445319782135485,1,0.4666379463398319,1.3198514248634379,8,100,100
-1425958025240075580,1,0.6489520578577221,1.8355136031046404,8,100,100
3589141398234609998,1,0.40214761231979984,1.2064428369593996,9,100,100
-3841518502787232257,1,0.38091590535473124,1.0773928789525744,8,100,100
-4453964189159755596,1,0.7500727685594627,2.250218305678388,9,100,100
761990416318862850,1,0.7060852388587383,1.9971106419709481,8,100,100
-6164724462695719308,1,0.33860371530724453,1.0158111459217336,9,100,100
-7932902618800910217,1,0.38934880641629843,1.3487438291586562,12,100,100
-3966512856246462772,1,0.45830684977831154,1.296287525369954,8,100,100
4234402022667952586,1,0.30358634179197075,0.858671843826878,8,100,100
-2941767736395900624,1,0.2920278804740625,0.8259795783149766,8,100,100
3301025827511027568,1,0.5717427383035554,1.6171326693944386,8,100,100
8245607961889977889,1,0.5507939297558734,1.8267768018056003,11,100,100
-5914888136720109243,1,0.42668315876020796,1.2068422199097573,8,100,100
672612415692803688,1,0.5387973091568776,1.6163919274706329,9,100,100
-7987840227091021943,1,0.3246735771910491,0.9740207315731474,9,100,100
-5110196043658506427,1,0.36079387387994283,1.0204791793242862,8,100,100
-9084214106247439362,1,0.3807947230849677,1.2041786459215977,10,100,100
-1991699202691151485,1,0.33468905662722725,1.1100380222705242,11,100,100
3741881763057304828,1,0.4642063490695757,1.3129738291877864,8,100,100
221839630882197971,1,0.44861704514070355,1.268880619099452,8,100,100
-7149405112933802177,1,0.7091017085002703,2.127305125500811,9,100,100
-9174794329174540234,1,0.4194225622310146,1.1863061517447486,8,100,100
-761813643827939396,1,0.7951356940551925,2.3854070821655773,9,100,100
342892876431187521,1,0.3255126541202742,1.127608910885819,12,100,100
-3776327257560626657,1,0.46754158809568586,1.3224073097167484,8,100,100
-5110920186425612977,1,0.6711169981572842,1.8982055214663016,8,100,100
375030001683269400,1,0.4316438362727872,1.2949315088183615,9,100,100
-9061337068921220831,1,0.3574119222048857,1.0722357666146571,9,100,100
-4760714128577020691,1,0.4061762621975127,1.1488399574274655,8,100,100
-1786255521974365765,1,0.4595099096477771,1.5917890201826683,12,100,100
-2771200966102924947,1,0.36193837191691913,1.2537912987377289,12,100,100
4397557184825997693,1,0.44459254352163224,1.3337776305648967,9,100,100
6970277768043476919,1,0.7186258611663876,2.8745034446655504,16,100,100
4078293334845928549,1,0.437458894109518,1.237320602060832,8,100,100
3017224978639832302,1,0.5200852696104534,1.5602558088313603,9,100,100
7908620230025475648,1,0.5140522727392441,1.4539593917531048,8,100,100
-8699395665588658394,1,0.5435098902338628,1.537278116105282,8,100,100
408119455301454791,1,0.2255328665811537,0.6379032773598987,8,100,100
5689845196514002959,1,0.8717211298823794,2.4655996889737186,8,100,100
-8280050976723604288,1,0.5264047321736288,1.4888974230746452,8,100,100
-443487675951245162,1,0.5708604022265515,1.6146370461010988,8,100,100
-4083410487800156684,1,0.7342723491815749,2.0768358293762725,8,100,100
-9116200031522845721,1,0.7126217595373853,2.0155987143598977,8,100,100
-6748031527660033080,1,0.39787828422175303,1.1936348526652591,9,100,100
4615123209961949460,1,0.61926839927257,1.8578051978177101,9,100,100
-7808264315382150159,1,0.42326385369207165,1.1971709647072584,8,100,100
-4575765711135126364,1,0.4779371475160795,1.3518103919583007,8,100,100
-4140198348398149452,1,0.39815411950928215,1.1944623585278464,9,100,100
-8494773684100646079,1,0.40749872862218295,1.152580457334569,8,100,100
-5933482706139055665,1,0.29667393847420453,0.9381653679911454,10,100,100
-7741246442401188030,1,0.34162421865500997,0.9662592065140537,8,100,100
5992565303903085525,1,0.5183975085565997,1.6393168603954815,10,100,100
6507994360476796633,1,0.616530011372742,1.849590034118226,9,100,100
1526227322023924004,1,0.6032556858306797,1.5960645216936897,7,100,100
-4817942769306366,1,0.5293594696191875,1.5880784088575624,9,100,100
495119532284423434,1,0.511985396670145,1.4481133834157758,8,100,100
6890568260701803101,1,0.8985852510083462,2.6957557530250384,9,100,100
1216035419151451796,1,0.5983116138104491,1.9843751307212816,11,100,100
-742524732043538596,1,0.4704518333256067,1.3306387262647197,8,100,100
-2604315029865534126,1,0.7266657574152893,2.179997272245868,9,100,100
6643064346892104767,1,0.8130623429219798,2.4391870287659394,9,100,100
-1695994299451346560,1,0.611891804086533,1.835675412259599,9,100,100
-9173143921988040681,1,0.5118877366736552,1.4478371592327015,8,100,100
-3310825619508832905,1,0.5233563614622031,1.5700690843866092,9,100,100
-6103669093953061571,1,0.5347401508489934,1.5124735473521624,8,100,100
-5678172831895804255,1,0.4650265654210479,1.3152937513644507,8,100,100
-6741878929859179233,1,0.6242981913763083,1.7657819384187383,8,100,100
-5532705132329550514,1,0.5298353575985424,1.4986006970813148,8,100,100
5334103133798533576,1,0.6359320293953612,1.7986874014367313,8,100,100
-5439302589058751321,1,0.6994601820139654,2.2118873077600716,10,100,100
959994126998667599,1,0.5608530691488904,1.6825592074466713,9,100,100
-4386883572230794047,1,0.5414702974289968,1.6244108922869902,9,100,100
7889765947114576611,1,0.5900945435713296,1.866042792522872,10,100,100
5087085863882706682,1,0.5579610162887921,1.5781520730221705,8,100,100
7067579274922376368,1,0.5241148184070626,1.5723444552211878,9,100,100
2203000262224549878,1,0.3492940740091311,1.1045648470682758,10,100,100
9174262872430218209,1,0.44363063363701244,1.2547769175472656,8,100,100
8691806777436468120,1,0.41516862967413176,1.0984329462732236,7,100,100
-3009794092135035874,1,0.6760308528902568,2.24214068574093,11,100,100
5746962332607207146,1,0.35880531791443704,1.3896470208132725,15,100,100
-7708737981856410881,1,0.38169566810718564,1.0795983810724832,8,100,100
-4582192160196283626,1,0.7855243740654864,2.2217984467560945,8,100,100
-4974219768994406746,1,0.4776812375876321,1.4330437127628963,9,100,100
-7675832438360941417,1,0.5365068067915031,1.517470404940051,8,100,100
-6968012546163723286,1,0.4564636756779293,1.581236556167631,12,100,100
-8787172418860604319,1,0.3910387269336284,1.2365730304428963,10,100,100
-7798626664745014592,1,0.847468704277015,2.542406112831045,9,100,100
8934921051293623657,1,0.6064328981866817,1.8192986945600451,9,100,100
307204347909197740,1,0.29715736661488906,0.8914720998446672,9,100,100
-5560135748914851951,1,0.5637166320910806,1.594431412876981,8,100,100
-5113798440195778228,1,0.34201262406246685,0.9673577829039028,8,100,100
-3857386299277171771,1,0.43728356947175007,1.5147947192802917,12,100,100
-4324827789994310825,1,0.2865038363622746,0.9060046812809581,10,100,100
-2715656660597336535,1,0.7565085923252605,2.139729422636324,8,100,100
-756320433386779848,1,0.35348757638589845,1.0604627291576953,9,100,100
1245550907883084948,1,0.8312045187994934,2.351001407184092,8,100,100
383932028832388930,1,0.4754730757727346,1.3448409446021032,8,100,100
2417649759274997010,1,0.5170013395642621,1.6349017863811925,10,100,100
-4355203812220215721,1,0.4175268527102258,1.1809442755155102,8,100,100
8608494880790531606,1,0.5185375099435195,1.4666455583225981,8,100,100
-6595105775114924710,1,0.6644184869826694,1.993255460948008,9,100,100
-6548404710627515826,1,0.2736347911253478,0.8209043733760433,9,100,100
3670164438986617751,1,0.39797932437900463,1.1939379731370139,9,100,100
-6613286841018442641,1,0.5372138624547363,1.611641587364209,9,100,100
5289739587142699858,1,0.45513646696078586,1.287320328613035,8,100,100
-5008854027301294620,1,0.5887079743070983,2.202743540718878,14,100,100
-8730201156743095683,1,0.28101263254601877,0.7948237522894935,8,100,100
3407155431468414287,1,0.5479490990802539,1.5498340948188278,8,100,100
-8587207002552933804,1,0.7401258152637076,2.0933919316167584,8,100,100
6470285908863029568,1,0.5671902322706434,1.6042562378453797,8,100,100
-5045876598104505054,1,0.3304274180175103,0.9345898718805742,8,100,100
8154146480076774460,1,0.3688122049758114,1.043158444491037,8,100,100
-1961652657738314279,1,0.5127682960653948,1.4503277573012479,8,100,100
8198071635810466722,1,0.7989006532746524,2.2596322776994784,8,100,100
38225765726045934,1,1.0045453897546222,3.0136361692638665,9,100,100
6100994987478424644,1,0.5908755034987547,1.8685124046548551,10,100,100
3383302525359750725,1,0.5117013031314264,1.535103909394279,9,100,100
5350481914189388989,1,0.3796456545370562,1.200544972122535,10,100,100
-1802676659503703071,1,0.5582996417968751,1.8516704324300555,11,100,100
8021172616684433856,1,0.34486373753563926,1.0905548930111235,10,100,100
-7834919697351633361,1,0.4502676810379782,1.5597730011279916,12,100,100
-6957798555687074283,1,0.7001576126145936,2.100472837843781,9,100,100
-7156073675364108482,1,0.45762145350648487,1.3728643605194546,9,100,100
-4632750421607679149,1,0.4004514986292278,1.2013544958876834,9,100,100
-8285005484162479517,1,1.0436805400934503,3.300407656289987,10,100,100
5120172525391510729,1,0.5777890009870101,1.7333670029610304,9,100,100
-484257363700658207,1,0.7944773561685802,2.3834320685057406,9,100,100
3490753669024343526,1,0.45197871753376406,1.4292822013285764,10,100,100
7481045550868605243,1,0.48490594259601116,1.5334072295542567,10,100,100
-8812778490478590505,1,0.6333722139695479,2.0028988028072883,10,100,100
1263389630743803961,1,0.532062612109949,1.5049003241550905,8,100,100
2827421782024911739,1,0.5830553016691404,1.843782755111058,10,100,100
-5388748526224800697,1,0.43879953420173085,1.3163986026051926,9,100,100
7651203280269560184,1,0.6678030716226083,2.2148522224190255,11,100,100
-3783527244651039711,1,0.4491658616334823,1.2704329065541355,8,100,100
3367058652368460203,1,0.687503787973681,1.9445543622705128,8,100,100
8057366203415601013,1,0.6125779667646799,1.732632137219091,8,100,100
732021851808830834,1,0.524863728557424,1.4845388066472396,8,100,100
774735201568901341,1,0.437721268920063,1.2380627100918278,8,100,100
-3762541613423151425,1,0.36259949715652806,1.0877984914695842,9,100,100
7386825770531278499,1,0.333502874960399,1.0546286910891982,10,100,100
6000911296262491450,1,0.8400148957202962,2.375920916246128,8,100,100
-4747897492335785152,1,0.6483612273388204,1.9450836820164612,9,100,100
-4780610811750359101,1,0.5100700811817758,1.6129832228414012,10,100,100
-7130774985408690253,1,0.9727993803827061,2.751492154410733,8,100,100
155738414467677300,1,0.5052167502438293,1.515650250731488,9,100,100
3265576826448545969,1,0.3553994965687885,1.005221576216302,8,100,100
374588260740055930,1,0.9022898723733869,2.5520611494046657,8,100,100
8754676645953693494,1,0.7328406950345072,2.072786499953451,8,100,100
2364081827403261314,1,0.48916872722967647,1.4675061816890294,9,100,100
-6409493268585659542,1,0.5925070772298865,1.6758630888410968,8,100,100
6966180498093881232,1,0.44471437601629044,1.2578422038890524,8,100,100
2069203741741768591,1,0.3805562464650715,1.2034245166340276,10,100,100
2457812710477094129,1,0.9957064669381873,2.8162831793731646,8,100,100
-5199777322387956321,1,0.29771992818418636,0.8420791204536404,8,100,100
-5336706154408322897,1,0.6918607600976768,2.3966759765047967,12,100,100
-7660453865374723850,1,0.5080760150283409,1.6066774319914963,10,100,100
383673612158153905,1,0.5312590326459129,1.5026274582021217,8,100,100
991426739405022772,1,0.600582118782673,1.6987027554024505,8,100,100
4507340438181247480,1,0.466964306293386,1.400892918880158,9,100,100
6171354912254325767,1,0.4753043774788106,1.3443637937716701,8,100,100
-3564100537536913350,1,0.9287741904665568,2.7863225713996704,9,100,100
8024690833118864649,1,0.42671145111059267,1.280134353331778,9,100,100
1269205631249308560,1,0.4173270513784849,1.1803791520092537,8,100,100
-4315337576053482251,1,0.31860283369842257,1.007510623470863,10,100,100
-6345274230328783167,1,0.7606896274211847,2.1515551757111524,8,100,100
-53407835365300400,1,0.893084726370321,2.362880085686038,7,100,100
6155560793917430810,1,0.6858904796188058,1.9399912371590042,8,100,100
-9106352059962090621,1,0.5451094339006822,1.7237873851711594,10,100,100
3062489952282448886,1,0.2504592406780195,0.7084057099770448,8,100,100
8060354377497346929,1,0.40999768476815035,1.1596485726813743,8,100,100
7919435139824322376,1,0.6527358588042926,1.8462158083365605,8,100,100
5017466933372505180,1,0.6304232089432089,2.0908772431964486,11,100,100
-6847324909293248286,1,0.7098819508585726,2.007849365176129,8,100,100
7652507160044995242,1,0.5586237919245938,1.7665235376416921,10,100,100
-7658018667914411678,1,0.5330962676988685,1.5992888030966057,9,100,100
-2967147012681420067,1,0.8007863393990895,2.5323087516497544,10,100,100
2325344380521873006,1,0.5497504747793888,1.454503039405949,7,100,100
-69082125495738845,1,0.5750761596935315,1.6265610088720563,8,100,100
4016735717252895786,1,0.2620757942338902,0.869207076108201,11,100,100
-1573037454259239459,1,0.523222925634248,1.4798979151529656,8,100,100
-6645277989185145910,1,0.8152626760579875,2.3059110667555784,8,100,100
864933336937104933,1,0.715520243815738,2.3731121786404166,11,100,100
3358975644387484941,1,0.8717164344196111,2.6151493032588333,9,100,100
82962824946062598,1,0.2804308930421049,0.8412926791263147,9,100,100
-4012737301753236219,1,0.3817307320697003,1.145192196209101,9,100,100
5885483358536848428,1,0.2818745516606101,0.7972616276925408,8,100,100
-2619483654181496975,1,0.6345042873087493,2.197987326478068,12,100,100
412587473447045913,1,0.7662929090995881,2.167403649597942,8,100,100
2326399182617564061,1,0.37180524882044486,1.0516240508867527,8,100,100
3207148745645754275,1,0.7611264265765874,2.1527906302903594,8,100,100
-7785592577648277422,1,0.7453883211948737,2.1082765461366066,8,100,100
-8871133363631413845,1,0.6963347004023106,2.089004101206932,9,100,100
1408626099204646959,1,0.5938787818149243,1.7816363454447728,9,100,100
5781667698677140572,1,0.4343058335447877,1.2284024000335814,8,100,100
5977557104954330791,1,0.6564924517115918,1.8568410576121945,8,100,100
-5510503624861666842,1,0.46377808983938834,1.3117625291647015,8,100,100
4863819055370896563,1,0.6839891638246393,2.1629636525599065,10,100,100
6682685195140867582,1,0.35838544134530337,1.3409555339218935,14,100,100
-3438450592166624904,1,0.44077837180719787,1.4618964749882422,11,100,100
2846433786227545111,1,0.6084154726869945,1.8252464180609833,9,100,100
326113684132323859,1,0.6098326880931801,1.7248673165596338,8,100,100
-2114090333732305933,1,0.41292885289858866,1.238786558695766,9,100,100
3942917706148956778,1,0.6145626042668272,1.6259798159702272,7,100,100
1292686946061535605,1,0.5172390220670796,1.4629728799917212,8,100,100
-2145254819181941042,1,0.5382746474726944,1.5224706134749622,8,100,100
2186130823211158111,1,0.4213594555850087,1.1917845134449263,8,100,100
7250950515949733012,1,0.43833027077319836,1.2397852274522565,8,100,100
3438412115171309166,1,0.3454892813910497,1.036467844173149,9,100,100
-4065453887946687683,1,0.731900487691021,2.195701463073063,9,100,100
-2845885818560224009,1,0.2551968126410877,0.8463920752251136,11,100,100
-1647090791708361428,1,0.38162268602069505,1.2656992610182523,11,100,100
-3329198403170464177,1,0.8230080133906124,2.602579854884692,10,100,100
-8111256428109698206,1,0.7994911443854312,2.2613024387741265,8,100,100
6775520303477184949,1,0.4352399004746146,1.2310443402742322,8,100,100
-148617601450369948,1,0.4845343188992509,1.5322320522400026,10,100,100
-8071040109351293643,1,0.43462016192688835,1.303860485780665,9,100,100
7965161300531640273,1,0.601942448471556,1.7025503487930849,8,100,100
-7888688422609882552,1,0.54328917758595,1.718031229291301,10,100,100
-5605569397330843145,1,0.557718722080685,1.7636614554934071,10,100,100
-2824920499020509981,1,0.7310517311336193,2.193155193400858,9,100,100
-4963196883435353600,1,0.24293547511995986,0.7682294258342403,10,100,100
4426807211816319683,1,0.5014675916884612,1.5044027750653837,9,100,100
6883807461134642012,1,0.6678650553165338,1.889007638127399,8,100,100
3129235235303130512,1,0.38287769954689255,1.082941670858853,8,100,100
2851985740934087474,1,0.657283004302425,1.8590770780036459,8,100,100
3540600415751443287,1,0.5201840383152083,1.6449663635403555,10,100,100
6720404321434937899,1,0.45983335100616984,1.3795000530185095,9,100,100
-7599663597240725617,1,0.4726232372315385,1.4178697116946155,9,100,100
-6357015709702983334,1,0.42113453296138087,1.3317443255092187,10,100,100
-1203900231472254302,1,0.7603071107439593,2.2809213322318778,9,100,100
2269457951575222809,1,0.5958148035094674,1.7874444105284022,9,100,100
-1298749970916926301,1,0.4011590057517824,1.2034770172553473,9,100,100
-700726966392515403,1,0.39163190762777617,1.2988960935324585,11,100,100
5427904847062165670,1,0.8926812566937795,2.6780437700813384,9,100,100
5607113578932933503,1,0.5804013341813415,1.6416228768373846,8,100,100
3228272089904198767,1,0.6292893578448444,1.9899876780944568,10,100,100
-7500107406632248079,1,0.44739299171315844,1.2654184731828448,8,100,100
6933855891752284994,1,0.9178615314795333,2.596104452397791,8,100,100
-5373789588124532192,1,0.6873290669122777,1.8185017799159604,7,100,100
-46767435916962845,1,0.5497355067060106,1.5548868186033715,8,100,100
-3532695488435465379,1,0.6407301631223818,1.9221904893671455,9,100,100
-5571107152069612154,1,0.26247737849025443,0.830026350299292,10,100,100
2489736662676166368,1,1.016895518869427,2.8762148686031392,8,100,100
8302893360977869864,1,0.6790323623815463,1.9205935523404503,8,100,100
-3568329232738007720,1,0.40116417316550634,1.134663628857696,8,100,100
3021670305169097977,1,0.6564512241953492,1.9693536725860477,9,100,100
-977566290948055508,1,0.8609185733315285,2.7224635716703256,10,100,100
4231624572554767327,1,0.3641419180846276,1.2077221127270412,11,100,100
-1974900292590751006,1,0.5177413945026517,1.553224183507955,9,100,100
1651201329498387516,1,0.41776470087534345,1.1816170117173,8,100,100
8411283366478479787,1,0.5132727383787611,1.4517545356232429,8,100,100
-2251444100448858273,1,0.42012459476703884,1.3933956460423775,11,100,100
3393143616794722345,1,0.6372256668817475,1.8023463607928147,8,100,100
4158626589948523812,1,0.6951631480927661,1.9662183041895325,8,100,100
5808757890776454904,1,0.34401457671188024,0.9730201600799611,8,100,100
2091209941844336137,1,0.9545478284691256,2.6998689699096485,8,100,100
-7768707715798932743,1,0.462352431722892,1.3077301590773887,8,100,100
-1142461554475441558,1,0.5405316460127079,1.5288543693660488,8,100,100
-615658854341221497,1,0.3162349384631709,0.8944474777416749,8,100,100
904286905653349648,1,0.5231895227035488,1.47980343739773,8,100,100
-2236929286975505968,1,0.6069278440948808,1.8207835322846422,9,100,100
-6808234823996346761,1,0.4516330386555867,1.277411136965006,8,100,100
-5822234519560619906,1,0.35752654500870285,1.0112377777194048,8,100,100
-1162755514837062921,1,0.42891207792890357,1.2131465553453626,8,100,100
5631771776984363249,1,0.9701398576201138,2.9104195728603415,9,100,100
-1962800525324943419,1,0.496689648781251,1.4048504751935489,8,100,100
3879073308876760218,1,0.4675178690181591,1.5505813543197553,11,100,100
440666317880851494,1,0.5119579972126748,1.448035886047064,8,100,100
-4591525241120066266,1,0.5685499777901517,1.608102178955509,8,100,100
1625925727143955099,1,0.29630191082877244,0.9369889132790303,10,100,100
487318346092568367,1,0.7548003221395178,2.2644009664185534,9,100,100
-4217968561155632067,1,0.5557336121474383,1.5718520227309936,8,100,100
-8489723227411518336,1,0.5343451597353147,1.8510259308801449,12,100,100
6505668363474913003,1,0.6651873690500928,1.9955621071502785,9,100,100
8712113408584257254,1,0.5912760699411115,1.8697791069669332,10,100,100
-1306735482739199442,1,0.8306980022101113,2.7551135874287596,11,100,100
-669420852063363253,1,0.5213464884749517,1.564039465424855,9,100,100
-640447943715933052,1,0.4805509668997186,1.6646773805933248,12,100,100
-8536821699934529885,1,0.6925976915083417,2.077793074525025,9,100,100
7605791551927188907,1,0.6262894012446041,1.8788682037338122,9,100,100
8191315791965178010,1,0.7155074247551134,2.0237606081346566,8,100,100
-8478293574423340977,1,0.4908007260242107,1.388194086332001,8,100,100
-1947160232279655847,1,0.5213925300151886,1.6487879498457023,10,100,100
7360961230712880690,1,0.4788277233665253,1.3543293208503453,8,100,100
-9084968973658812961,1,0.6460827463658789,1.827397964651765,8,100,100
-3830954064117387262,1,0.4468673667007443,1.3406021001022328,9,100,100
5047777800308618185,1,0.7661512805534144,2.167003063576306,8,100,100
944933287252858116,1,0.3265261347588357,0.9235553764904206,8,100,100
-8852557036013274538,1,0.5614270612023833,1.8620429091602027,11,100,100
-1968162408871542457,1,0.39817693593463693,1.5927077437385477,16,100,100
-360439982572138359,1,0.38834196282215416,1.027456257278111,7,100,100
6753824613504854238,1,0.7692862260992674,2.1758700285927985,8,100,100
8275563754812893995,1,0.519947390379888,1.5598421711396642,9,100,100
4398085585035183880,1,0.6604393450589899,1.9813180351769697,9,100,100
-3851622452922799135,1,0.43093556634056923,1.2928066990217078,9,100,100
7126679930370866127,1,0.8908668156330594,2.5197518658728084,8,100,100
3282846972677187617,1,0.6433091467353419,1.9299274402060258,9,100,100
7446530267654703482,1,0.71495415574169,2.14486246722507,9,100,100
7323199689457042710,1,0.36110000418651844,1.0213450465871117,8,100,100
-7749124785328257366,1,0.3108741682082508,0.9326225046247524,9,100,100
-6977413069944627011,1,0.5145443442259228,1.6271320849116242,10,100,100
8437025864825691213,1,0.5516005343156499,1.5601619132828761,8,100,100
796394092846537032,1,0.4472361076339655,1.2649747379978147,8,100,100
-697559441610811365,1,0.6076472395386971,1.7186859345883967,8,100,100
6274190245996489274,1,0.4048636760993232,1.1451274033037817,8,100,100
-3622973496407799442,1,0.8111511232937367,2.43345336988121,9,100,100
7731839063252074715,1,0.4128735016916317,1.4302357640575616,12,100,100
7049986611922892520,1,0.24739283872250092,0.6997326155106812,8,100,100
-3828599272906676728,1,0.5888813511810731,1.7666440535432193,9,100,100
6799720632386663311,1,0.42070559707687016,1.1899351223047612,8,100,100
7662094105996254842,1,0.7235311645528826,2.0464551714205723,8,100,100
-8545373027003073264,1,0.643905060895131,1.821238539997136,8,100,100
-2162027628739835263,1,0.48613690073178695,1.3750027963698324,8,100,100
-6429274578892312004,1,0.4230695444509504,1.2692086333528512,9,100,100
4995915742862453716,1,0.3095363768660397,1.2381455074641587,16,100,100
6355650240993138460,1,0.3208110903883714,0.9073907899738716,8,100,100
4294426664193526321,1,0.34576138093838676,1.0372841428151602,9,100,100
-4288526392395351207,1,0.6327696123127207,1.78974273518043,8,100,100
7820974258884345580,1,0.34717923560566905,0.9185499177781014,7,100,100
-8851004993639469397,1,0.6438799132397152,1.9316397397191454,9,100,100
-2646224730390665013,1,0.5495553880595637,1.822669023711731,11,100,100
2401111519323504603,1,0.5491644068750999,1.553271504350686,8,100,100
8819484426945956134,1,0.44411557968485854,1.256148552103032,8,100,100
-7688684232647280023,1,0.7312693247884082,2.0683419937263654,8,100,100
2052372749048969503,1,0.3642698025553817,1.0303105902735807,8,100,100
1894378022842692705,1,0.508088397722906,1.6851385755797441,11,100,100
2319296994210297156,1,0.42487075364381105,1.2017159641175115,8,100,100
-3623357273990645372,1,0.22217270952578863,0.6283993180010968,8,100,100
8048850625205399051,1,0.6693852324382775,1.8933073483329574,8,100,100
1560353294018998289,1,0.7391874245538544,2.0907377618794,8,100,100
-5922157747344512016,1,0.8586081560936311,2.428510598223537,8,100,100
-1174766358277189968,1,0.2825098588673164,0.7990585478285357,8,100,100
7670179397945661232,1,0.45780654627062267,1.4477114139504317,10,100,100
9044332903622088569,1,0.7502239551500028,2.372416453494018,10,100,100
-3067597637537659614,1,0.6410924980682381,1.8132834110074993,8,100,100
-7286162320826223772,1,0.6768895274219183,2.140512630968264,10,100,100
-6581602323529278364,1,0.3668822256209622,1.1601834659940238,10,100,100
6387715514911245636,1,0.6770212691889766,1.9149053218041938,8,100,100
6134810927991933545,1,0.5331586527604233,1.5080003952607164,8,100,100
-367502240332408050,1,0.5719558744974577,1.617735509586537,8,100,100
-4811344085034464765,1,0.4940662928689546,1.4821988786068638,9,100,100
-8242745443962025956,1,0.6091287408538013,1.7228762530933845,8,100,100
5845807154439238035,1,0.5505308422890932,1.5571363673398384,8,100,100
3193230238566260403,1,0.3332671946717943,1.105322239660672,11,100,100
-2233716516755158473,1,0.6704704769244547,1.8963768832746424,8,100,100
8604621028722255848,1,0.25701704982744783,0.8127592749517215,10,100,100
-4980698598066642503,1,0.34821045812009244,1.1011381527501654,10,100,100
-952153851564315942,1,0.705905751081351,2.341224513690857,11,100,100
-3871738533693861685,1,0.6842283233910952,1.9352899493989817,8,100,100
-185497462120044762,1,0.5925149894544938,1.675885467991793,8,100,100
5314259544887666328,1,0.6683071230495748,2.0049213691487244,9,100,100
-8823580393386007440,1,0.6363154040056582,1.9089462120169747,9,100,100
3271670088178834297,1,0.701665853639957,2.218862253868612,10,100,100
8291754834356231651,1,0.4557517488540356,1.2890606086092677,8,100,100
5720518677520402896,1,0.5787752950051959,1.6370237435256743,8,100,100
4045097490512529967,1,0.5655888680417566,1.6967666041252696,9,100,100
-5505347800313030146,1,0.505923705367375,1.5177711161021248,9,100,100
-1370124260136810840,1,0.7522802660605723,1.9903465002177783,7,100,100
2583091294435214055,1,0.827803449791316,2.3413817313482292,8,100,100
5926451171962710091,1,0.5197573184962091,1.4700956979200226,8,100,100
635724680088526182,1,0.383402734323357,1.1502082029700709,9,100,100
-4887988479525619894,1,0.4245604611710322,1.4707205792662024,12,100,100
-2220043645903365359,1,0.5307803328663557,1.5012734907610124,8,100,100
3404310205450933296,1,0.31462528571369003,0.8898946922436209,8,100,100
2664855463858456128,1,0.6764412344174224,2.3432611726911694,12,100,100
-6366875417969616024,1,0.6851079559598617,2.1665015839354926,10,100,100
931162642176384371,1,0.369884087695582,1.1696761873715007,10,100,100
-2124412323407855375,1,0.3909828322212034,1.1058664479645404,8,100,100
-3389550037779564189,1,0.40542404566539286,1.3446394404600217,11,100,100
-669282137845772580,1,0.5567508135130904,1.7606006598530173,10,100,100
-6310472260793586548,1,0.6946154053749465,1.9646690538290694,8,100,100
7947915033191643482,1,0.43716123386992134,1.2364786917651984,8,100,100
4812746404622041153,1,0.9047752091339509,2.5590907433123737,8,100,100
2302695998170460585,1,0.4976266186211668,1.4928798558635004,9,100,100
-5320197760765053162,1,0.3186239283927312,1.0075773307514233,10,100,100
3949490944641073715,1,0.3943039057006786,1.1152598622771632,8,100,100
-9114841526695748133,1,0.4017320430458906,1.1362698074307012,8,100,100
761401003451322495,1,0.383123288347433,1.48383011531383,15,100,100
6482899604848412157,1,1.1081335608576453,3.504226003982969,10,100,100
-4868797225316229872,1,0.6550388113110691,1.8527295416737295,8,100,100
3291300585380050371,1,0.47732874371705736,1.5094460228126882,10,100,100
-6924332891355655886,1,0.5705377353564595,2.1347567319297727,14,100,100
6611004415806360567,1,0.45037521643054496,1.2738534784655895,8,100,100
8213925251473849705,1,0.3791494753623301,1.1374484260869904,9,100,100
9150086599402447290,1,0.5382166475643382,1.7019904809234245,10,100,100
-642266110876282155,1,0.5333022816902501,1.8474132953598448,12,100,100
-8042459642667284727,1,0.2753917741206335,0.8708652550958158,10,100,100
5332125251286022299,1,0.7519618108894197,2.255885432668259,9,100,100
5043776788010821119,1,0.5567646184906846,1.7606443150252626,10,100,100
7827925393192031605,1,0.45860444327097016,1.3758133298129105,9,100,100
7208993721798634442,1,0.5086688628544718,1.5260065885634153,9,100,100
2558692652048911744,1,0.2422397014550165,0.7267191043650495,9,100,100
-9171291655587993803,1,0.45170811784980275,1.2776234929944308,8,100,100
-3012774675836469091,1,0.40530937410789586,1.146388027640674,8,100,100
-5905826010292332027,1,0.634628380881315,1.9038851426439451,9,100,100
-7577105018561805159,1,0.3186125291045789,0.9011723196033758,8,100,100
8882186692898068062,1,0.6586356331874944,1.8629028902318914,8,100,100
-2837432231972339561,1,0.46941204624148686,1.4844112272433803,10,100,100
336291302861123268,1,0.669230284385095,1.8928690890564095,8,100,100
-7386059312149145810,1,0.9206199180277126,2.6039063477311966,8,100,100
-7260536116740950734,1,0.39994440832167655,1.1998332249650296,9,100,100
-7186473871494873250,1,0.31061048446048994,1.0301784329059616,11,100,100
-6670293840808868876,1,0.5906618854869983,1.8678368851884681,10,100,100
3481617486252624372,1,0.4515030336849051,1.2770434273795783,8,100,100
-7521816944277648300,1,0.738789302232791,2.861318663903798,15,100,100
2423959619135824885,1,0.3748088295328326,1.0601194600450348,8,100,100
-8015489576257556466,1,0.27199691637748624,0.9422249573357389,12,100,100
-6605467904621246986,1,0.5227685158797913,1.653139199206043,10,100,100
9024634732820885553,1,0.40002777741834183,1.2000833322550255,9,100,100
5284318139689912691,1,0.5777077395780752,1.634004240798436,8,100,100
-2984295943477787630,1,0.5261216581762698,1.4880967689022047,8,100,100
-8701555914164401108,1,0.42695023523368353,1.4789989994564472,12,100,100
7925778961305870115,1,1.0378338661649453,2.9354374580411386,8,100,100
261255046711108270,1,0.6428476551524777,2.226889600501216,12,100,100
-238007189247244152,1,0.692031959811367,1.9573619663217359,8,100,100
-1805187788207385774,1,0.5401968028491124,1.5279072898795998,8,100,100
606788272405730209,1,0.4149320788884636,1.3121304435562122,10,100,100
-3605586579678909970,1,0.7005729860613434,1.9815196366403385,8,100,100
8088755962832501528,1,0.3140172421642176,0.8881748853752662,8,100,100
6323249829540039961,1,0.33265167550454494,1.1523392063935742,12,100,100
-5885370207374976213,1,0.6437908031916805,1.8209153704094854,8,100,100
8558836487193841714,1,0.644736926649637,2.138350474183737,11,100,100
7228337124900207462,1,0.6857012778016783,1.9394560936073897,8,100,100
6993292967071252788,1,0.6815187046138546,2.0445561138415638,9,100,100
3705869510298215764,1,0.5960404820160321,1.5769748867414877,7,100,100
-1723838191101966019,1,0.6772413049447131,1.915527676904133,8,100,100
2884451201051927482,1,0.4187059778718855,1.3240645600032195,10,100,100
6473115194547477200,1,0.8178977411462461,2.4536932234387385,9,100,100
-7488770171179079318,1,0.6603369878314427,1.8677150478556475,8,100,100
5859413258919157682,1,0.6313673984917612,1.7857766755745341,8,100,100
2235669100105878451,1,0.4081871824342102,1.2245615473026306,9,100,100
7239240734615620834,1,0.5555964373093779,1.5714640336981907,8,100,100
8253695488831493154,1,0.7640170054302168,2.2920510162906504,9,100,100
5968050516555922264,1,0.5720100115571717,1.716030034671515,9,100,100
-6341432315511430866,1,0.6224578810288616,1.9683846515733159,10,100,100
5581809636423550415,1,0.5979044101507432,1.7937132304522296,9,100,100
931519102588848068,1,0.4309642228470595,1.2189508976957848,8,100,100
-3019306385826501853,1,0.4902589627901768,1.4707768883705303,9,100,100
1456467915355802324,1,0.5325737599325442,2.0626493028458106,15,100,100
7445776520089186156,1,0.35446888307055596,1.002589403755246,8,100,100
-3637168774771750792,1,0.4861249567343764,1.4583748702031292,9,100,100
5759635759656080369,1,0.32441453072744714,1.0759612749621648,11,100,100
-4315598349976717359,1,0.4990777645998206,1.7288560904295787,12,100,100
4521385007545888002,1,0.6034128902646423,1.7067093862460108,8,100,100
-2861479968926131209,1,0.5212238487618613,1.4742436719026546,8,100,100
-7638547856601272381,1,0.7186585728582036,2.4895063229706964,12,100,100
8584124893805263325,1,0.36443316548010807,1.3139824646181826,13,100,100
-6504320449079112987,1,0.5995876430837872,1.6958899533608212,8,100,100
-3511538312322036850,1,0.7453004153004502,2.2359012459013505,9,100,100
-2488207579106123244,1,0.5582278703561403,1.674683611068421,9,100,100
2400656419435043347,1,0.350103258942457,0.9902415540548846,8,100,100
1584476968283352496,1,0.8049234888276368,2.4147704664829104,9,100,100
5489329007809486422,1,0.6325209956799,2.000207014226008,10,100,100
-7948175475051968533,1,0.7062418024139725,2.1187254072419175,9,100,100
-9029235377260226526,1,0.4232358188967976,1.1970916703318686,8,100,100
-2177547156893697659,1,0.6778848035971717,1.9173477659474845,8,100,100
3670630515927162191,1,0.3091011739414175,0.9273035218242526,9,100,100
-430681502821141927,1,0.28874123787697414,1.258593876738569,19,100,100
-8038497492477893316,1,1.1172175587192505,3.159968447324248,8,100,100
1571979908134933211,1,0.685590339842936,2.168027015712564,10,100,100
-3154502171866752503,1,1.0643047727742367,3.1929143183227104,9,100,100
-5964621665234750052,1,0.4329807020679463,1.3692052014334875,10,100,100
1874882077518548664,1,0.25731772836635225,0.7719531850990567,9,100,100
6738364668069611774,1,0.40633836817516583,1.3476719051623147,11,100,100
2991594859480592764,1,0.885537998385237,2.656613995155711,9,100,100
-5833600608068734414,1,0.46341290233422966,1.6708589810776509,13,100,100
-6921081224195121252,1,0.5870187767846133,1.5531056982974232,7,100,100
-1460267393847000184,1,0.7465355788941478,2.111521480932307,8,100,100
7245400737270602312,1,0.3929364342445558,1.1788093027336675,9,100,100
-4334588515727274980,1,0.3661032239803441,1.0983096719410324,9,100,100
-3174453473256452321,1,0.5605412938964754,1.5854502001971174,8,100,100
-2352645543110896817,1,0.5227809313579657,1.4786477665529463,8,100,100
-3360386181676384710,1,0.4103937491931039,1.16076881204406,8,100,100
4023582807293536107,1,0.38955215672662885,1.1018198865889761,8,100,100
7025171026050415507,1,0.4827361982428309,1.5265458954579183,10,100,100
-5669874274409824969,1,0.5897582254448519,1.7692746763345557,9,100,100
-6356361199335392559,1,0.6243583858303535,1.7659521940453193,8,100,100
-698013728982468148,1,0.44563293954050254,1.3368988186215076,9,100,100
8276531352488547585,1,0.4427317350481361,1.1713580684535072,7,100,100
8140195094045846254,1,0.49562928820817737,1.401851322586656,8,100,100
-6530583250611632603,1,0.5354242132137023,1.6931600281589219,10,100,100
7526882393430764325,1,0.9631826912035025,2.8895480736105075,9,100,100
-1754662244330903280,1,0.5692163627831948,1.6099870003453558,8,100,100
8201675243471489715,1,0.30671239581368537,1.0624829057209577,12,100,100
-2690205148564828701,1,0.5268191134269499,1.747261331624875,11,100,100
-6380999293974962803,1,0.404334459961069,1.14363055402349,8,100,100
3645002664289033934,1,0.2706891860128202,0.8559943657775044,10,100,100
7503085205116129029,1,0.7350678196082385,2.0790857595079815,8,100,100
5459315474480941910,1,0.47719655709419523,1.5826819311308538,11,100,100
5799351037802025107,1,0.883517777886969,2.4989656481709828,8,100,100
-1739354868972292379,1,0.5136083701689302,1.4527038456824843,8,100,100
2893883059670181294,1,0.7510773302259153,2.7080478259681366,13,100,100
7649956348185896549,1,0.5325648367522476,1.597694510256743,9,100,100
4553478437083123907,1,0.4198014901106908,1.1873779216379474,8,100,100
3452174637681811719,1,0.5389280907547451,1.6167842722642354,9,100,100
-3711841379314141432,1,0.6554884738121086,1.854001379288651,8,100,100
3931172626734106578,1,0.4116457889486303,1.234937366845891,9,100,100
-3496151029155316469,1,0.6099658611017521,2.1129837246214707,12,100,100
-2476597336771777204,1,0.6880467621062605,1.9460901250351363,8,100,100
-5371101963717574109,1,0.950625361315125,3.1528676396783024,11,100,100
1808509974163799982,1,0.3782093885352023,1.2543786339610092,11,100,100
-2343862423445211062,1,0.7955403345828285,2.3866210037484854,9,100,100
-7799540469311883081,1,0.586650491750076,1.659298163611606,8,100,100
-1751703926769485559,1,0.28469064858940124,0.8540719457682037,9,100,100
-883132327242171352,1,0.8276110327175175,2.340837493677433,8,100,100
1137691753627896075,1,0.4767850855140567,1.3485518685423898,8,100,100
-2476047649713267137,1,0.4456114614359759,1.2603795446233053,8,100,100
-4358225890026249637,1,0.8619810644152747,2.438050623609756,8,100,100
-8608305895903834015,1,0.6049898581119807,1.711169724880275,8,100,100
9194323363561605127,1,0.504357425014772,1.513072275044316,9,100,100
-843171706802084499,1,0.8124841017413027,2.298052071790144,8,100,100
5079480664142182018,1,0.5966650388838791,1.6876235803669042,8,100,100
-5072811006979753732,1,0.7444211284752413,2.105540912013541,8,100,100
1418980885449092766,1,0.5244680160775747,1.5734040482327238,9,100,100
-1990486493370215386,1,0.6217692113975839,1.7586289028489743,8,100,100
349564332911685580,1,0.49218268937732085,1.392102868965343,8,100,100
-5038214436143490980,1,0.3972572182408378,1.256237626583636,10,100,100
865645319465568427,1,0.4805689778296802,1.7981244657508255,14,100,100
-6903794733230215680,1,0.534663398774407,1.6039901963232213,9,100,100
-5433998283119941152,1,0.4825691729722174,1.7399278971095808,13,100,100
-4909152415906044199,1,0.4687348345947482,1.3257823204812047,8,100,100
6894471564888472556,1,0.5647194587506551,1.5972678350023404,8,100,100
6509276970207510855,1,0.3538518727056544,1.0615556181169632,9,100,100
7326776183645017870,1,0.4101114577771685,1.2968863011078275,10,100,100
-4890930836461023071,1,0.6193846618907596,1.8581539856722789,9,100,100
-1200500192885939986,1,0.5262997273371806,1.6643058703110754,10,100,100
1594936803951618131,1,0.3371422145673317,1.0661372934259674,10,100,100
-6566273776626108233,1,0.4480695634406504,1.2673321070087196,8,100,100
4158045191321106825,1,0.5321832023037218,1.5052414047301361,8,100,100
-360761310676249187,1,0.31860910726513303,1.1487614730742433,13,100,100
6239127056471198000,1,0.5519115814614343,1.6557347443843027,9,100,100
1138562110300004921,1,0.30603883481583954,0.8656085416188393,8,100,100
3566841459086577803,1,0.743464362734861,2.3510407454077717,10,100,100
9001337721743635969,1,0.5648369539729333,1.7861712811861623,10,100,100
-9007700866621752486,1,0.607412059108468,1.8222361773254039,9,100,100
-5599841854366206795,1,0.953446250448105,2.8603387513443153,9,100,100
7797682917941177177,1,0.49520043692690385,1.4006383479902198,8,100,100
-121543294337245966,1,0.35875983459181904,1.1344982102954124,10,100,100
-5999099158076629154,1,0.435243239805095,1.443538518972178,11,100,100
-6073363780570192926,1,0.4473937251403308,1.483837119849871,11,100,100
-7501794310019878147,1,0.5063411462387855,1.4321490323968582,8,100,100
1479606314513201116,1,0.5995024603970647,1.6956490203391363,8,100,100
1181577210082200785,1,0.3156089771371255,0.8926769917480459,8,100,100
-8110491057502407525,1,0.3771978110568569,1.0668765201881025,8,100,100
-7188019528939738389,1,0.3096072252560803,1.0268509985574643,11,100,100
8865621118691714081,1,0.5038321148345857,1.511496344503757,9,100,100
-7573378944644094446,1,0.8983178729755551,2.5408266385683627,8,100,100
-3046661772970959585,1,0.5355568023457457,1.6066704070372368,9,100,100
-7406978838748117780,1,0.368764442185299,1.3295991048669713,13,100,100
4745278472281858937,1,0.7374456005769636,2.0858111396966286,8,100,100
2559894931219858947,1,0.40209591617204293,1.1372989960506765,8,100,100
-4570642538774050309,1,0.4700615717755838,1.4101847153267513,9,100,100
4617631458298630030,1,0.9395421896012167,2.9710932769616116,10,100,100
2599010403973936603,1,0.46849341037887426,1.3250994696804563,8,100,100
-8942108193077001272,1,0.5277768267610555,1.5833304802831665,9,100,100
-1253698769052356654,1,0.5580140619810543,1.7645954022625014,10,100,100
-8459982881392352890,1,0.6352245879039017,1.9056737637117052,9,100,100
179186243111231895,1,0.39615631969336185,1.534306828667212,15,100,100
-8616332536087642849,1,0.7121595281556817,2.1364785844670453,9,100,100
3245943872661586074,1,0.5916604840399814,1.6734685616991438,8,100,100
-2339037730758586783,1,0.3752101611148448,1.1256304833445343,9,100,100
9068910083751894052,1,0.3219055023303315,1.2044601006374611,14,100,100
6253235947663530208,1,0.5292813494315973,1.4970337253545964,8,100,100
3853048454658088186,1,0.594004851121375,1.6800994331425196,8,100,100
-3108202159212729275,1,0.8737620137162914,2.4713721801680113,8,100,100
5383848905449529475,1,0.3923398060025862,1.109704549415373,8,100,100
7245410484148588489,1,0.8632166298798193,2.2838565302372893,7,100,100
4196007967636880374,1,0.6006111306589293,1.698784813380194,8,100,100
2189116521967489831,1,0.3714429284992705,1.0505992542624965,8,100,100
3856501239081640240,1,0.45585611518193553,1.3675683455458065,9,100,100
-7589752103900139595,1,0.5407951314606457,1.6223853943819373,9,100,100
6286348579986349044,1,0.8008255813847551,2.265076796579279,8,100,100
5412383659838279956,1,0.2614461113666176,0.7394812730487546,8,100,100
56571733276018082,1,0.361162874810624,1.0215228715656814,8,100,100
-2576326417606820265,1,0.7704728866789059,2.179226411564115,8,100,100
5481845570485096720,1,0.4453795742122191,1.6664577737693822,14,100,100
-446813193459482347,1,0.2924679924600718,0.9248649988707792,10,100,100
-7112761391551973004,1,0.4731320770674345,1.3382196003650366,8,100,100
6211806776334195461,1,0.3548064167184167,1.06441925015525,9,100,100
-3890946948398673447,1,0.5464275529888181,1.4457114147219816,7,100,100
2907247217585339527,1,0.6037379358394905,2.176808084612071,13,100,100
678290876476263340,1,0.4009988977042531,1.2029966931127594,9,100,100
2946950079573925680,1,0.5575996560300411,1.577129991864514,8,100,100
6049408568374602010,1,0.487238192225821,1.7567622854345772,13,100,100
-4555024982272111331,1,0.4971395344524185,1.4061229440289136,8,100,100
-1709670072619860200,1,0.650568876178053,1.5935617891721203,6,100,100
-6662319555387210814,1,0.44998455361446865,1.349953660843406,9,100,100
-288635217092132096,1,0.31088938388384935,1.1632415596786043,14,100,100
-8422816898726928201,1,0.5037328427396716,1.8847957119975283,14,100,100
6295886493525876205,1,0.47660285967366084,1.3480364560325846,8,100,100
2080784180674505370,1,0.4417058464914992,1.3251175394744976,9,100,100
4361320477496341417,1,0.5123587535681682,1.4491693961933558,8,100,100
4934820326618154687,1,0.7655745348871307,2.296723604661392,9,100,100
1761143608984220497,1,0.7196706667241614,2.0355360346467934,8,100,100
-990114323217115535,1,0.685337246376725,2.2730065010869525,11,100,100
5899926066008847415,1,0.9576422894368392,2.5336833428084136,7,100,100
-8556631616283092905,1,0.4215865614486848,1.3331737650963797,10,100,100
-2149990287551487626,1,0.39548935709612626,1.1186128251591156,8,100,100
-3668770803031688852,1,0.45261890111189684,1.3578567033356905,9,100,100
5387196407915878219,1,0.5516296358867014,1.5602442249558108,8,100,100
2288498334840881195,1,1.3237847351501901,4.186174894837361,10,100,100
6624623173637345663,1,0.4280341941885846,1.210663525161871,8,100,100
-5047601973359583655,1,0.6659076289180734,1.8834712002072995,8,100,100
2935324202275133369,1,0.5975322836404375,1.6900765189601479,8,100,100
-8484715964205602850,1,0.7968429359880745,2.108248242603006,7,100,100
-3379515158732888606,1,0.5805514522461779,1.642047474843882,8,100,100
-6210591518727488034,1,0.7545954948550148,2.134318365859198,8,100,100
-6508120514340575252,1,1.04646313666481,2.9598447207897283,8,100,100
4819571340157350162,1,0.7869065291257467,2.488416937694987,10,100,100
-4208163351706404025,1,0.6293920283643802,1.7801894851248368,8,100,100
3569173576859969671,1,0.4306841411224122,1.2920524233672366,9,100,100
6408651069872812160,1,0.8479655418977629,2.3984087395537346,8,100,100
-5380269362029012776,1,0.6543193943914382,2.1701319242489756,11,100,100
-5577984334495004321,1,0.5718495321875701,1.7155485965627102,9,100,100
1798186202597204816,1,0.4325003901066972,1.2975011703200916,9,100,100
-3064532954554248610,1,0.4291942352699659,1.2139446168222696,8,100,100
7919669341526121072,1,0.42323643105579595,1.338391110897138,10,100,100
-3182539626890716082,1,0.5473406681382541,1.5481131922389408,8,100,100
2194450843625273882,1,0.5714797141990043,1.6163887248826645,8,100,100
6139648639041547287,1,0.3705188030252617,1.047985432705141,8,100,100
-5392914733299800961,1,0.5178441937367309,1.4646845639572907,8,100,100
4545693644404505769,1,0.9360722475842161,2.476614376297118,7,100,100
-4058347494892137759,1,0.5876334045160451,1.8582599874697778,10,100,100
-5806131317346577005,1,0.9943045116357918,2.8123178509681876,8,100,100
-9184816168926371714,1,0.6578941056628219,2.18198790027001,11,100,100
-8326256327754580516,1,0.4289129947488371,1.2131491485037311,8,100,100
-4557763374561752540,1,0.6037175619033871,1.9091225590584018,10,100,100
6974261063986286954,1,0.3741107162071054,1.295957536253376,12,100,100
4163277601737103041,1,0.43512224755827894,1.230711567574363,8,100,100
859480179431647620,1,0.42660673252079084,1.2066260538611475,8,100,100
-5568985560326319227,1,0.22775803789044977,0.7202341551447526,10,100,100
-4494284863354962606,1,1.1703414524289075,3.310225509264775,8,100,100
6673754894152524524,1,0.431999966015987,1.22188042176905,8,100,100
-3818411555568642797,1,0.5260784701815523,1.4879746148064823,8,100,100
528699967035424922,1,0.7391818827214099,2.0907220872101933,8,100,100
-5256119139541367357,1,0.34716433256569457,0.9819290149732177,8,100,100
-8819000866108814075,1,0.40880460128566115,1.1562740229974153,8,100,100
6311896026639308520,1,0.564442961452303,1.5964857825437622,8,100,100
441237563640079561,1,0.6673538791039503,2.1103582633171314,10,100,100
2523812931958274518,1,0.6275128404191873,2.0812246428006085,11,100,100
1615841597487868809,1,0.3004243447272762,0.9012730341818286,9,100,100
1001077900635719135,1,0.5400626483527774,1.707828047977359,10,100,100
4536708205995755137,1,0.5326127985115336,1.5064564862969991,8,100,100
3082984887343452502,1,0.964458675120531,2.7279010774076835,8,100,100
-3483273899886994202,1,0.5025876778278433,1.4215326205314713,8,100,100
7232769454547516387,1,0.4473427423121136,1.2652763464139274,8,100,100
-2104990529982780607,1,0.44210457979429335,1.32631373938288,9,100,100
-3140736025180669605,1,0.32627494467757673,0.9228449036511207,8,100,100
-2934770478441635359,1,0.335252275487383,1.1119060079045124,11,100,100
-5409542011879791441,1,0.6787965064858479,2.351420074467491,12,100,100
-6753950076705134588,1,0.3234626116170779,1.1662610318808682,13,100,100
5946826290905057496,1,0.6915111158839112,1.9558887972295607,8,100,100
-4153878831646153158,1,0.6074478720695908,2.0146766713546405,11,100,100
-1435012663160988656,1,0.7655662112970283,2.165348237821688,8,100,100
6275286421599408118,1,0.44551611215421727,1.3365483364626518,9,100,100
-9007647084131683414,1,0.7631135124621288,2.643502751053505,12,100,100
856074427204807174,1,0.7746469235679411,2.4496486609170622,10,100,100
5502529236111136617,1,0.5683433733583412,1.6075178133764836,8,100,100
3744563131136651799,1,0.4101796816307585,1.160163337544194,8,100,100
-756037188760729887,1,0.7765158623317947,2.1963185278149266,8,100,100
-3390429517680897961,1,0.2707063595996488,0.9377543375172052,12,100,100
915959770155760611,1,0.9100573220341963,2.5740308147153996,8,100,100
-4213965956906592016,1,0.6868407945579644,1.9426791337099723,8,100,100
-7065789779493723211,1,0.42487518075178415,1.2746255422553525,9,100,100
2573967987370034408,1,0.5860075156511835,1.6574795525729349,8,100,100
13284020083406348,1,0.4343763385354453,1.2286018182615874,8,100,100
-3624909965543818579,1,0.7506494170492536,2.251948251147761,9,100,100
-841043082873496835,1,0.49797073882602944,1.4084739450254424,8,100,100
-2170025731238914300,1,0.7616559703240466,2.28496791097214,9,100,100
2824964387997360953,1,0.520387975041147,1.4718794639981236,8,100,100
925477157631351907,1,0.5502765424174045,1.740127217001256,10,100,100
3456515811667569969,1,0.33765029886291115,1.169654945642756,12,100,100
-179213898053794449,1,0.34019902202103597,0.9622281416964247,8,100,100
8156836534177282857,1,0.8034681955339837,2.2725512381191955,8,100,100
-5682789668010224922,1,0.7701136929378506,2.1782104582438753,8,100,100
6745781842720674626,1,0.5554570803239404,1.469601298507175,7,100,100
8705798318702071251,1,0.34243639683420574,0.968556393306218,8,100,100
8240661132203400446,1,0.41016103153378947,1.1601105871040476,8,100,100
-803829637436872336,1,0.5421011649230986,1.533293639225,8,100,100
-3687274071065359955,1,0.3955210276905039,1.1865630830715117,9,100,100
-1543627704801036903,1,0.49415562695512605,1.3976831791258382,8,100,100
-4490685022676640653,1,0.7099545453730566,2.1298636361191696,9,100,100
-1319284842230670535,1,0.6626444463705506,1.9879333391116518,9,100,100
7251454935894005766,1,0.859072983395051,2.577218950185153,9,100,100
-7111071599274021474,1,0.7081397425603857,2.124419227681157,9,100,100
6845872770213021284,1,1.1952539369551234,3.3806886562435436,8,100,100
3401988161416483294,1,0.5957586507760134,2.1480383631741606,13,100,100
-8442771270039281816,1,0.3644964980480519,1.1526391329869619,10,100,100
-3571678915887842184,1,0.6957273218457571,1.967814028535562,8,100,100
-8357015894928823745,1,0.4605538228417783,1.381661468525335,9,100,100
-1183185262657887006,1,1.254036142796242,3.31786776892554,7,100,100
8406304470331294558,1,0.5485605568507795,1.5515635585626193,8,100,100
1728429312103042571,1,0.3765327654814911,1.1295982964444733,9,100,100
4660814629349340979,1,0.43057050103050404,1.361583476536269,10,100,100
-6065238610566101649,1,0.4922359286894164,1.3922534524797767,8,100,100
-3272212378046518384,1,0.4083864801096163,1.1550913977216593,8,100,100
5995263309509719627,1,0.5770779287888662,1.6322228668787795,8,100,100
-4189575497415347787,1,0.2889776627789143,1.1559106511156572,16,100,100
-557381569383777950,1,0.48849133941025835,1.292426601688389,7,100,100
7189427191376660295,1,0.5857181921544341,1.549664674806976,7,100,100
-3759715711091585135,1,0.5366241470097237,1.5178022931960897,8,100,100
3436354660383840057,1,0.44603610316568815,1.5451143853860103,12,100,100
1304033644700610725,1,0.29169338818057794,0.9224154850622649,10,100,100
872608031517954735,1,0.8934201639890088,2.526973825621702,8,100,100
8996432963126241859,1,0.32660306255197163,0.9237729611471732,8,100,100
-1377868230390322565,1,0.42749051469778615,1.417825638688467,11,100,100
-3656488870637406723,1,0.29919947579390266,0.9461518182371482,10,100,100
-5498787017802318880,1,0.29855663204553945,0.9902003271672516,11,100,100
-1147666385243276508,1,0.8362606578198212,2.3653023279356744,8,100,100
-5625853696918922510,1,0.52582377122383,1.6628007649266063,10,100,100
4600339055888310885,1,0.6242886596162092,1.8728659788486275,9,100,100
8821936092463844229,1,0.4020220969123391,1.1370902036542014,8,100,100
2798334886299358608,1,0.3656856757269051,1.3184984545360534,13,100,100
-8261025740778392137,1,0.6406273025586453,1.8119676394098567,8,100,100
2519104274787630357,1,0.5108714320868928,1.5326142962606784,9,100,100
8507613614759605450,1,0.3476935497822553,1.2044457873736898,12,100,100
7900569224489556537,1,1.0380154079520858,2.935950935756162,8,100,100
-8180901246022473101,1,0.3505529552110685,1.0516588656332055,9,100,100
-2626070203629177044,1,0.7435258505942388,2.1030086837707285,8,100,100
-8114956116474003963,1,0.6445949889799647,1.8231899513064038,8,100,100
-1345539499540991741,1,1.1106959766176907,3.141522627611937,8,100,100
-1021449407380886303,1,0.5092666871324792,1.440423711615136,8,100,100
-6783689078013156189,1,0.36945456808385746,1.0449753217297706,8,100,100
-2731788031402991963,1,0.4115569688159528,1.301457408373302,10,100,100
-5456717084810760438,1,0.7271950823564189,2.056818295918935,8,100,100
-3482640267887287179,1,0.33602197663008815,0.9504136732113717,8,100,100
4434170099700926382,1,0.7070985242163736,2.236041866667468,10,100,100
4162727096067720431,1,1.3916514335300192,3.936184662788226,8,100,100
7944215836147706635,1,0.41564133724884217,1.314373315424525,10,100,100
-8106231750225527185,1,0.5992483063374773,1.8949895320247419,10,100,100
2614662156831325801,1,0.44023620903510496,1.3921491290289294,10,100,100
-2956945616169243786,1,0.45352313624957996,1.434166082131547,10,100,100
9110560374922569250,1,0.5951355062887859,1.9738411737780992,11,100,100
-6051165465962762790,1,0.30067340589919883,0.8504328169351152,8,100,100
3476954616578294828,1,0.42319694330742796,1.465997214832622,12,100,100
-4571808575091451146,1,0.4048959825491459,1.2146879476474377,9,100,100
-910448024442068927,1,0.429037278533481,1.213500676131384,8,100,100
-8324362119000351167,1,0.6570794564194019,1.8585013576501186,8,100,100
-7091999076231853846,1,0.314938555992803,0.8907807543984408,8,100,100
7557096153544508604,1,0.4126019815556329,1.3047620288145836,10,100,100
354384630443669866,1,0.5166668248947176,1.4613544619887096,8,100,100
-3828522906078098843,1,0.8009318253701085,2.4027954761103256,9,100,100
4342416546476682169,1,0.6164673951030161,1.7436331018309974,8,100,100
4347003920639954955,1,0.5499427657860475,1.5554730358071978,8,100,100
4636904826140907897,1,0.39355149108138066,1.180654473244142,9,100,100
-6007347717208405010,1,0.6836506279504605,2.0509518838513814,9,100,100
8871621576322140311,1,0.25605779076444835,0.8097258314464841,10,100,100
4636751806530972360,1,0.3678425384902247,1.2199956821039395,11,100,100
-6315513254201568043,1,0.5840965505516563,1.752289651654969,9,100,100
-7010823972580044526,1,0.36744158369401414,1.039281742079847,8,100,100
8964723757722476053,1,0.4102731396923148,1.1604276768605262,8,100,100
94252182840171749,1,0.3438793219495569,1.0874418975949336,10,100,100
4829691411461345124,1,0.6140631874802299,1.8421895624406897,9,100,100
4391420290323331667,1,0.5493613297506112,1.553828486353265,8,100,100
5334935418621625011,1,0.7039586589388618,1.991095765642629,8,100,100
5261924370485745427,1,0.41596878548174565,1.379612385942785,11,100,100
7888244330453297256,1,0.5023161863990033,1.4207647268100043,8,100,100
-1759738230742486316,1,0.3765830887387285,1.1297492662161854,9,100,100
2422433685347271452,1,0.42275159686353664,1.1957220835985936,8,100,100
-5528549006889617385,1,0.8932518995735835,2.5264979019849836,8,100,100
-8802670893259547052,1,0.2445504354056976,0.6916930848699662,8,100,100
-7643689956488334537,1,0.6056585985922152,1.713061208593986,8,100,100
4263465133313804929,1,0.3780492181059832,1.1341476543179496,9,100,100
1160019787812415129,1,0.5763518227661563,1.6301691289087052,8,100,100
-6171603303439929107,1,0.7638880600788608,2.2916641802365825,9,100,100
3120027972132192848,1,0.2546829384715668,0.7640488154147004,9,100,100
-3813617085943815709,1,0.6324327856380646,2.0975422550807274,11,100,100
-7857558207143437855,1,0.443688328985611,1.2549401046362134,8,100,100
-3483923384843656774,1,0.23806394674123846,0.8246777024123925,12,100,100
2247119108106208589,1,0.3594916643604291,1.016795974597191,8,100,100
7220236762763167412,1,0.46523493218102996,1.3158831015602794,8,100,100
-4282773008318514131,1,0.6138269751328244,1.8414809253984732,9,100,100
-190087285352605789,1,0.4404365092929769,1.2457425696127833,8,100,100
-5758670467844806039,1,0.6860030667545644,1.8149935132602186,7,100,100
6018384465892488463,1,0.3691626011495286,1.0441495145331858,8,100,100
-2903159633555393654,1,0.5878226180186462,1.6626134373432577,8,100,100
-1109975763181860838,1,0.4788271576985062,1.4364814730955187,9,100,100
-3056160293645756523,1,0.39673983821206343,1.2546015272768254,10,100,100
-166638350054349413,1,0.6973596552157605,1.9724309645159082,8,100,100
-8593350373043591071,1,0.7072827866620587,2.0004978186610396,8,100,100
3061118309240822442,1,0.589994631156848,1.6687568182186527,8,100,100
-481075878222848375,1,0.3217569181659334,1.0671469712574884,11,100,100
2972037497414613725,1,0.5327786885875944,1.6847941447343555,10,100,100
3971254008994892326,1,0.4183345617669645,1.183228821720493,8,100,100
-7933532990953726724,1,0.41058795992682096,1.1613181229512222,8,100,100
-2060955697040044947,1,0.39345403211434415,1.2442108960583627,10,100,100
8447407915117924590,1,0.45551843760432237,1.366555312812967,9,100,100
8266535662369600977,1,0.548102119240963,1.4501419005790583,7,100,100
3156228666789765850,1,0.4991361342063589,1.4974084026190766,9,100,100
8876987501924203805,1,0.5956974729199986,1.6848868905496832,8,100,100
1648782112508849492,1,0.6924192283874957,1.831969081312549,7,100,100
5135732889377663205,1,0.47487947232339867,1.5017007466008319,10,100,100
-7137569206325780281,1,0.45997590767737456,1.3799277230321236,9,100,100
-3688060931787394485,1,0.625081407727607,1.976680971443614,10,100,100
-5283919567456439969,1,0.47484563237379845,1.50159373528419,10,100,100
-5258550736569772610,1,0.5329969774688507,1.7677509886576888,11,100,100
4439090166036254891,1,0.6990597703952105,1.977239616404657,8,100,100
-3455906604526881810,1,0.42717612374420777,1.5402054178136912,13,100,100
-4105575702264426730,1,0.2924434735845706,1.0130539091808064,12,100,100
-8370611067273607785,1,0.4206905367333266,1.3303402861560438,10,100,100
4706371991788687455,1,0.506676459371694,1.5200293781150822,9,100,100
-2144372317054531519,1,0.36114159091578624,1.0214626716202022,8,100,100
-2080758091182755885,1,0.606285299854248,1.7148337874426325,8,100,100
-5973855757498899098,1,0.7663205759286273,2.298961727785882,9,100,100
6561363304616030977,1,0.7150680894314445,2.0225179801883324,8,100,100
-6757215892586761613,1,0.578938275035215,1.6374847206633723,8,100,100
724392619251917057,1,0.46683751754593694,1.8080539308402266,15,100,100
520626443804544640,1,1.0144281041277219,3.043284312383166,9,100,100
-576817455929737943,1,0.6352715212480857,1.9058145637442572,9,100,100
-8487685453844478575,1,0.42337189661595026,1.1974765562437935,8,100,100
8859724967020264043,1,0.29509989090824834,0.885299672724745,9,100,100
-8675505369105430864,1,0.5804442869877545,1.641744365720127,8,100,100
-5698275898661328562,1,0.4701908176256359,1.3299004623789377,8,100,100
-2742008795878689291,1,0.8443974543659993,2.388316663995426,8,100,100
4690507646309358,1,0.3766716798300956,1.1911404383448077,10,100,100
-808223996634276109,1,0.50820803496191,1.4374293911002265,8,100,100
-294507897951263620,1,0.8741071976897047,2.899085601285763,11,100,100
4124653034104785218,1,0.4768383657650585,1.2615957313888004,7,100,100
1217788761151094355,1,0.744720939257301,2.234162817771903,9,100,100
-8778173948810979409,1,0.7748391344500218,2.191576025193302,8,100,100
-8783522469326134841,1,0.37665581431158557,1.065343521892253,8,100,100
3539959618710834636,1,0.4745278214962877,1.3421673617668184,8,100,100
5491105864571269593,1,0.4725735567851821,1.3366398664489931,8,100,100
-192186706165117365,1,0.8332644791312405,2.3568278548623063,8,100,100
-6821663518687506172,1,0.5898974838139937,1.8654196348545302,10,100,100
1182670902536047547,1,0.6331118600931537,1.899335580279461,9,100,100
-6246447007183166992,1,0.37004377288029094,1.1101313186408728,9,100,100
935187984029044880,1,0.5557916416874137,1.5720161550558964,8,100,100
5840681590379410641,1,0.6240771931144693,1.6511530518881168,7,100,100
3611220285690789892,1,0.7642693678459966,2.1616802106282407,8,100,100
3206286969480245997,1,0.9097358614976028,2.573121587014163,8,100,100
8594912800575226335,1,0.5194186152000199,1.46913770032984,8,100,100
-4862112166807619471,1,0.3970862151104127,1.1231294216810919,8,100,100
7118685829005059835,1,0.5993862406420171,1.8954257185945589,10,100,100
5784978699074826129,1,0.48148914726174724,1.3618569643860388,8,100,100
-5117526355389369643,1,0.650998150419385,1.841300826805789,8,100,100
2597744391351340195,1,0.5203056410619938,1.725658587707967,11,100,100
2100519550940537711,1,0.5480953657128255,1.5502477993298387,8,100,100
6714980332279571793,1,0.5877489584185709,1.9493427659965974,11,100,100
7398719057599892432,1,0.6902719935539743,2.070815980661923,9,100,100
808110083877743756,1,0.5121897102002685,1.4486912693463299,8,100,100
642611711832357113,1,0.7523507501086376,2.1279692689304133,8,100,100
8805467655030719570,1,0.4851812637657463,1.3722998468536727,8,100,100
-4892099832556315123,1,0.4288644714719941,1.2130119039513267,8,100,100
-7427639380732429546,1,0.4793943158662928,1.2683581397201567,7,100,100
6481937028133680319,1,0.4339471541153998,1.3018414623461994,9,100,100
-6423786628618031590,1,0.6558086430627399,1.8549069546816461,8,100,100
-3243867296652057506,1,0.5055492025271864,1.4299090773216991,8,100,100
3629811400536682143,1,0.5944544152346104,1.681370992474707,8,100,100
-2581207492104605780,1,0.5431657204748717,1.5363046570234342,8,100,100
290501655410619023,1,0.6142819230297123,1.7374516533384896,8,100,100
-190124716159344653,1,0.53364460658825,1.60093381976475,9,100,100
-2404023371580715665,1,0.4205217983852801,1.3947130214094552,11,100,100
-6675359843388301844,1,0.5159944053274552,1.4594525722454545,8,100,100
5897176953881699838,1,0.3732775712006699,1.1804073244497901,10,100,100
7144851481913079505,1,0.42709017354141204,1.3505777146674436,10,100,100
-8723650390763936267,1,0.6628743919646971,1.9886231758940913,9,100,100
597644313212908236,1,0.40313575233340676,1.14024009685477,8,100,100
-2377230200088882546,1,0.27679977927751553,0.7829080038322833,8,100,100
2924001273855537393,1,0.3265402168522262,0.9235952066653396,8,100,100
-4879461242404680571,1,0.6577989368534789,1.7403723995969858,7,100,100
-2451075907402346071,1,0.5146134383716293,1.5438403151148878,9,100,100
1044801719351372838,1,0.9052203007805498,2.560349652598612,8,100,100
-5780171098555981039,1,0.6568048290772128,1.857724594226274,8,100,100
2642673411796639158,1,0.5671052016563578,1.6040157349495006,8,100,100
-7001412712537175222,1,0.8356683180695003,2.3636269381188013,8,100,100
2034216892292016463,1,0.7761875521998048,2.1953899265322776,8,100,100
1513901662465389550,1,0.6003106564824577,1.800931969447373,9,100,100
627705188907378524,1,0.6287335095311656,1.9882299313896679,10,100,100
5561488253346813912,1,0.8081238544375225,2.4243715633125675,9,100,100
4422397627510876236,1,0.5353478580970241,1.5141924030163976,8,100,100
-1661860514952228298,1,0.2610850045671918,0.7832550137015754,9,100,100
8496031343965826434,1,0.8354298715992136,2.5062896147976406,9,100,100
-741963898207919854,1,0.7654515020834477,2.538715427624741,11,100,100
297701731912146574,1,0.6890531910385912,1.94893673592647,8,100,100
-4129187789692383471,1,0.36236800998821744,1.201838725158675,11,100,100
4500427599248578420,1,0.4384142600025657,1.2400227848667857,8,100,100
3473178854312013921,1,0.6841559901284759,1.9350853600369682,8,100,100
-8613969035310364657,1,0.5705563166252116,1.6137769621380242,8,100,100
7534512291321015367,1,0.7911379030985023,2.237675904538627,8,100,100
-8058076776215781381,1,0.6302382734663855,2.0902638816094,11,100,100
-8735101703461854871,1,0.5080740394741196,1.4370503946279662,8,100,100
3718669838913935519,1,0.40844299586942906,1.1552512484296893,8,100,100
2078231053651672028,1,0.4420698475830785,1.2503623479363932,8,100,100
5303473428283659539,1,0.4468548273533293,1.2638963145099325,8,100,100
7425735957220793913,1,0.2993007518311418,1.0368082178302025,12,100,100
-2890457345158505121,1,0.3440032855276744,1.0878339048486891,10,100,100
-5220904500718696060,1,0.28250041203827636,0.8933447419770038,10,100,100
5216439026281226508,1,0.4940858497639077,1.3974858194255075,8,100,100
-6740292952182226606,1,0.4144868121965983,1.4358244355835352,12,100,100
-5449506302169527086,1,0.7176460174236455,2.1529380522709367,9,100,100
4806883746692973837,1,0.9896910543063209,2.6184764044798454,7,100,100
8172213600215203638,1,0.4456361133521954,1.2604492707718173,8,100,100
-2021114858322459628,1,0.32773163886147505,0.9831949165844251,9,100,100
-3606577844394263587,1,0.3899722873783903,1.1030081955203555,8,100,100
-7977817163213920649,1,0.4136808917446824,1.2410426752340473,9,100,100
2474754962528450708,1,0.7880747342484274,2.2290119546753977,8,100,100
-6031447697346058052,1,0.5284451866215933,1.494668699782077,8,100,100
-4374821084460764102,1,0.6858582795323905,1.9399001615611682,8,100,100
2457830565338261999,1,0.4891603870914106,1.3835545072006918,8,100,100
-940297121073974378,1,0.29340527161660573,1.057887751305111,13,100,100
4925855334925559689,1,0.2812821785720987,0.9743900491010734,12,100,100
-5995586345013547724,1,0.8009036752422877,2.2652976793642003,8,100,100
6744417834211183281,1,0.4092760924381657,1.475665937107346,13,100,100
-2279466021312477251,1,0.5823321727639829,1.6470841130580338,8,100,100
-3675412979271667900,1,0.4517390508290792,1.3552171524872376,9,100,100
-1766621284729225876,1,0.5208336971437374,1.5625010914312123,9,100,100
3032857485336462006,1,0.623718711812787,1.8711561354383612,9,100,100
-5525987740463097828,1,0.5069482027591226,1.4338660475252336,8,100,100
-2806456805224983577,1,0.3385663309458762,1.0706407448353186,10,100,100
-7952073786407766224,1,0.564003031706541,1.9537638130772186,12,100,100
-7313285757441457214,1,0.8481606151906727,2.244022059634072,7,100,100
-546699776466506676,1,0.5558582889204038,1.5722046618974748,8,100,100
1806803385644105810,1,0.626948216741509,1.880844650224527,9,100,100
7141244409479894265,1,0.6112509414371435,1.728878742787462,8,100,100
-5303968491379657883,1,0.7580946112729108,2.2742838338187323,9,100,100
-5530350560330386814,1,0.7493108597241512,2.4851829730436377,11,100,100
-3846202764564492626,1,0.33841918131392473,1.0152575439417741,9,100,100
-1683555754361224271,1,0.5357912365296508,1.515446466601766,8,100,100
-1517629071499455945,1,0.4221701930751724,1.4001801281022423,11,100,100
7725028157332755024,1,0.43863205885249235,1.2406388130416566,8,100,100
-4840976141866614246,1,0.6102152366150245,1.7259493271753499,8,100,100
-61344166440872027,1,0.7657200892061146,2.165783470273647,8,100,100
-874112667308992301,1,0.30397455028138815,0.859769863248403,8,100,100
1797600234010386283,1,0.3405629205438624,1.0769545155175548,10,100,100
2725109744985341457,1,0.40793205794585513,1.3529575761639185,11,100,100
1035731054656369701,1,0.24260997223417569,0.6862046262010626,8,100,100
-1640174119515040024,1,0.6019393078645049,1.8058179235935148,9,100,100
-6921602845241401172,1,0.3400999670731581,1.0202999012194742,9,100,100
-3893348953696306944,1,0.43175528300603894,1.2952658490181168,9,100,100
-4486346113071290681,1,0.3590974013254643,1.0156808303348117,8,100,100
-500217294391981580,1,0.4259600912092581,1.2047970760356268,8,100,100
-5750359108731767788,1,0.3660648050416311,1.21409960727769,11,100,100
3388108729641557169,1,0.48220754008628325,1.524874131579602,10,100,100
-1150843845400741665,1,0.488027335069094,1.3803497521270232,8,100,100
-4292646965691622618,1,0.4239420280803189,1.1216451766088853,7,100,100
-4614331387676132689,1,0.27846006924200545,0.7876040130027906,8,100,100
-1462294026599658682,1,0.39045785743950423,1.234736159818154,10,100,100
3249459102077691325,1,0.5755014900288836,1.6277640247295437,8,100,100
-7246543989444790721,1,0.4501288349361954,1.4234323589163507,10,100,100
6940012775146301301,1,0.6465958777285483,1.8288493193164972,8,100,100
7085837923041534011,1,0.6752701329555441,1.9099523605824271,8,100,100
-2399876586200108780,1,0.6006103968224467,1.8992968403364885,10,100,100
3687666420668951314,1,0.26419348996943925,0.7472520332109226,8,100,100
8127742235395621028,1,0.38865983737021,1.401332972351787,13,100,100
-6813088678785297651,1,0.6056706611160124,2.008782329448311,11,100,100
-9055397676480255392,1,0.5627706883027829,1.6883120649083487,9,100,100
7292212209382835642,1,0.4193838334915879,1.1861966103276471,8,100,100
-4715164962383494531,1,0.623213194160239,1.869639582480717,9,100,100
6497919001460648624,1,0.5339585380060577,1.5102628123861532,8,100,100
1378811449348597767,1,0.6710666736874159,1.8980631823706877,8,100,100
-4657262659143356228,1,0.43908959804876724,1.4562954460757294,11,100,100
-8960665394724108943,1,0.938555287405377,2.6546352329713248,8,100,100
5313696878108324135,1,0.6780445179508161,2.1441650317155037,10,100,100
5149365160001660931,1,0.5853735180805475,2.1105942347381603,13,100,100
8248739409611025713,1,0.740093408852609,2.0933002724445915,8,100,100
-2414430002131933153,1,0.47816028900674407,1.58587826828327,11,100,100
-4186028464937625373,1,0.6184586575559564,1.6362878040679185,7,100,100
-3913009549441219375,1,0.8555827023920425,2.4199533229093,8,100,100
-1928944663812887509,1,0.541847404275816,1.5325758957270328,8,100,100
-7418074182739891338,1,0.2881992064021199,0.8645976192063597,9,100,100
2569835778241321901,1,0.5651566114042332,1.5985042894253754,8,100,100
1417501388376141846,1,0.44686078441192395,1.2639131636160452,8,100,100
-5792696101395039009,1,0.48006146501852076,1.3578188692037785,8,100,100
780783468905798937,1,0.7619945997228665,2.1552461947662716,8,100,100
-6768216818032273022,1,0.5118046434604326,1.535413930381298,9,100,100
2853329791692742500,1,0.41758468534021437,1.1811078508948651,8,100,100
-540099653710497476,1,0.6143799194953925,1.9428398942763272,10,100,100
-2660133539446503860,1,0.4029328961229885,1.2741856959566729,10,100,100
4966962956719468675,1,0.5351126194939637,1.513527047770714,8,100,100
-1306252468876183862,1,0.7403119627059401,2.0939184360915712,8,100,100
2413598024265936396,1,0.9082276441385484,2.8720679894066885,10,100,100
2975062829471917139,1,0.4427121089352618,1.2521789373660848,8,100,100
-410839729942974549,1,0.9211246477883803,2.6053339390769357,8,100,100
8074260234894770027,1,0.6753687280295563,1.9102312295641297,8,100,100
8656361540160180772,1,0.28363572721841285,0.8022429844116702,8,100,100
7064444501204305939,1,0.4968718114860385,1.6479373676033902,11,100,100
7521184524904521337,1,0.8896278223272404,2.668883466981721,9,100,100
1967062257672317519,1,0.42921226876648394,1.3572883689904385,10,100,100
6386457030522066722,1,0.6801543368661818,2.150836864938565,10,100,100
2703740937449006004,1,0.2666419647679894,0.9976828770980645,14,100,100
4846756351029637947,1,0.4998310709514871,1.4994932128544614,9,100,100
-8015406791162235217,1,0.7468203177211391,2.476922779695026,11,100,100
2582277903839586571,1,0.610539292801568,2.114970150298974,12,100,100
-623264104864626687,1,0.6057429288712147,1.8172287866136443,9,100,100
-8151770358019076147,1,0.7195064477362183,2.035071553206897,8,100,100
-7024996034072466121,1,0.45610150549222633,1.2900498697717864,8,100,100
-7810104053884325893,1,0.7342383219926218,2.2027149659778655,9,100,100
1403722359988146414,1,0.5723855386254757,1.8100420017987868,10,100,100
-3961977244164953797,1,0.45124948538620796,1.426976166799283,10,100,100
-4188279367616052128,1,0.6587972419836096,1.9763917259508288,9,100,100
-4404633072378727149,1,0.33554451750276804,1.209822963057054,13,100,100
-6524820325265439943,1,0.4873338885602603,1.4620016656807808,9,100,100
-4600797247871126806,1,0.7530703514064031,2.259211054219209,9,100,100
6811938153834854976,1,0.5378507096120555,1.8631695118701088,12,100,100
1240648877070964604,1,0.48097135154917603,1.442914054647528,9,100,100
-8264302674261927775,1,0.5104096236870415,1.4436564243679235,8,100,100
-6994810367477840401,1,0.7105567144304832,2.0097578847657114,8,100,100
5790387436496242011,1,1.2722572256951843,3.816771677085553,9,100,100
-1960798380924242840,1,0.5979239605844943,1.7937718817534827,9,100,100
4399033824507201862,1,0.41106902598988404,1.1626787832527847,8,100,100
-7261007929947434226,1,0.5892618454615496,1.7677855363846486,9,100,100
-3270371413280430670,1,0.3512379894057489,0.9934510564765352,8,100,100
-8651120381457272918,1,0.44940699658681754,1.2711149391968732,8,100,100
1936406843837831503,1,0.5822138899567791,1.5403931626731637,7,100,100
118314051481132129,1,0.9897075196901441,3.1297299796167994,10,100,100
2272224923601818339,1,0.3994844669244667,1.129912702163934,8,100,100
-710042703838664106,1,0.4764290953400603,1.4292872860201808,9,100,100
1620482883034848811,1,0.6674849784214372,2.1107728357600837,10,100,100
-7071931288590370994,1,0.5544909726572752,1.7534544155991372,10,100,100
6178378948574379531,1,0.26641103320574705,0.753524192650793,8,100,100
-3062630765642710071,1,0.5122461282323955,1.5367383846971865,9,100,100
334155288320726781,1,0.42702644729208666,1.2078131865049373,8,100,100
2617288598166520625,1,0.6936285455337178,2.0808856366011534,9,100,100
-7948461678669967065,1,0.295793253881485,0.9810352386432216,11,100,100
1968888225999652352,1,0.5177614452797362,1.5532843358392086,9,100,100
-7109834982590794536,1,0.3194619088214464,0.9035747282337733,8,100,100
1581103709270230761,1,0.6082430007396064,1.7203710017289198,8,100,100
8057227130837067256,1,0.5233254310183403,1.4801878441617649,8,100,100
1289587586833805381,1,0.617163812949226,1.6328619672520364,7,100,100
4612967019274966593,1,0.3765517611612816,1.065049215139518,8,100,100
50629096838677708,1,0.70810536901782,2.0028244329084126,8,100,100
600454963900117605,1,0.7439798354808383,2.231939506442515,9,100,100
-7112125486308168977,1,0.4747633235395644,1.3428334621339555,8,100,100
8648972235978427843,1,0.7906352324797182,2.091824202907072,7,100,100
-8300170972886988256,1,0.7698925476065487,2.17758496479031,8,100,100
529451961210638940,1,0.5018742814704742,1.4195148309235934,8,100,100
-537783784851069588,1,0.4336514930984991,1.2265516457664802,8,100,100
-983490336838536989,1,0.36838246262397517,1.041942949566451,8,100,100
1711015496051400828,1,0.44916293126128043,1.6194799797002537,13,100,100
1058096462449787239,1,0.7248936771508219,1.917888396704219,7,100,100
846559100871689657,1,0.7291328443645065,2.1873985330935195,9,100,100
5498961715583740449,1,0.7771142323525165,2.3313426970575497,9,100,100
-5284187433372411876,1,0.6485050226297152,1.8342491965400285,8,100,100
-5305503537128334139,1,0.674769135370017,1.90853532542209,8,100,100
-2173967855796890305,1,0.40915158982770966,1.8749681310970034,21,100,100
-7100694549850379381,1,0.44174041881671355,1.249430582677935,8,100,100
-7411221515567926077,1,0.4968694555004359,1.5712391791490552,10,100,100
-6636267463020063717,1,0.6403473239543023,1.8111757403309845,8,100,100
6288315334279365140,1,0.41403655114247356,1.2421096534274207,9,100,100
-3390022258811951766,1,0.44396878014562097,1.2557333403043522,8,100,100
-8507241685622898159,1,0.5682528636436431,1.7047585909309293,9,100,100
7144377451216943464,1,0.4698699992567015,1.4858594018328002,10,100,100
-7217152280421710120,1,0.5278805297006144,1.5836415891018432,9,100,100
2763489882405507719,1,0.46590783644186123,1.7432674977785554,14,100,100
-605400456571106559,1,0.4854148986752358,1.3729606661689604,8,100,100
1257025869364745938,1,0.5721968447187028,1.809445299272789,10,100,100
-8796184566835197124,1,0.574893223910224,1.6260435883404627,8,100,100
-9026025399127295269,1,0.4473619127729391,1.3420857383188172,9,100,100
4650576762802444434,1,0.5521811126617019,1.6565433379851056,9,100,100
-444064033827382038,1,0.3176494298916172,0.9529482896748517,9,100,100
-2916130398829013896,1,0.5133613895068115,1.5400841685204347,9,100,100
2279378012257588965,1,0.5312818665722262,1.6800607779139085,10,100,100
6567653358561470602,1,0.5357020991160526,1.5151943479233152,8,100,100
-155059923304301599,1,0.5453191757706605,2.112012086127323,15,100,100
-4084080832179911469,1,0.29115292363167955,0.8734587708950386,9,100,100
3516337004074803383,1,0.4824172539686123,1.7393801453523652,13,100,100
-6232383430292436186,1,0.5837093599554134,1.7511280798662403,9,100,100
4943148846276714353,1,0.6041524309244826,1.7088011231081557,8,100,100
-8762700806371259433,1,0.6948033204096024,2.084409961228807,9,100,100
5707336855313639384,1,0.5609044714008029,1.7737356793993129,10,100,100
-433420178084321713,1,0.4862276630501084,1.6843420328965364,12,100,100
7268743329939369574,1,0.4041504903970786,1.278036067128777,10,100,100
1369269614963833289,1,0.8400577970421953,2.22258401789442,7,100,100
-2387401775886344841,1,0.5158968400827986,1.459176616061035,8,100,100
1441682718751489437,1,0.691187525613899,1.954973545732554,8,100,100
-809014623498339824,1,0.5149529722708917,1.544858916812675,9,100,100
2834148403222301376,1,0.5024363991010857,1.421104739677313,8,100,100
4368292381727702372,1,0.7502856541011724,2.122128295367694,8,100,100
5222049511537828105,1,0.36376417425114776,1.0912925227534434,9,100,100
8044430683287640999,1,0.5431036303739186,1.629310891121756,9,100,100
-6734457224815605866,1,0.5263122815718266,1.488635933284809,8,100,100
-6933976689616363296,1,0.5600751137541222,1.5841316436374675,8,100,100
-3980675531365632197,1,0.5223332742368034,1.8094155389239022,12,100,100
-4236810533552893935,1,0.41555942737018164,1.2466782821105449,9,100,100
-6813745963210586648,1,0.6348477546058409,1.7956206092113736,8,100,100
-7881319014566609732,1,0.5607424909620363,1.586019271434769,8,100,100
7180448972698746866,1,0.4773455508138371,1.3501371037987677,8,100,100
-4273355057911638849,1,0.9011504882672265,2.849688057497278,10,100,100
-8662977209224076028,1,0.4067015061530853,1.1503255716785161,8,100,100
1903933421559771537,1,0.42605301750739044,1.2781590525221713,9,100,100
-9027923277933135227,1,0.566921705006136,1.6034967280467132,8,100,100
8570004310317596224,1,0.43263582294349673,1.2979074688304901,9,100,100
-3523295608690674518,1,0.5385073455099995,1.523128782915551,8,100,100
-9013145782720923498,1,0.5237808022213714,1.4814758284242462,8,100,100
-6362591109919444886,1,0.3757350637775825,1.062739246106754,8,100,100
-670484742420786064,1,0.4527018617506661,1.197736544248206,7,100,100
-2718662672337183175,1,0.4251122409859528,1.202398993466308,8,100,100
-338551269348428101,1,0.35046007226547077,1.1623445637054053,11,100,100
947848680371832085,1,0.8504203453443264,2.6892652598350417,10,100,100
-4470337805257249049,1,0.5900950890604167,1.6690409560780017,8,100,100
8596954166634302139,1,0.2928084525229618,1.0557358894608018,13,100,100
-2106067522070291515,1,0.5166539664902697,1.549961899470809,9,100,100
-978564344199500735,1,0.454578535599598,1.363735606798794,9,100,100
5387836198074623698,1,0.41902023173231,1.1851681892491,8,100,100
-1970505664005495754,1,0.5460903558435631,1.544576775030233,8,100,100
-8530712842192058004,1,0.5629365152593524,1.5922249092696499,8,100,100
4685335534970876225,1,0.1867410778287227,0.6987211332719678,14,100,100
7976759862020569368,1,0.7170233479790601,2.0280482865003,8,100,100
7141776782438186886,1,0.5630358634496537,1.9504134439564258,12,100,100
2665722792316164764,1,0.40705837796869165,1.0769752371904917,7,100,100
-5934025046166012308,1,0.36464925019017147,1.3643925605556342,14,100,100
1920809901360392439,1,0.6591052661785914,2.186004865261711,11,100,100
7148899236080079627,1,0.6196986254404735,1.8590958763214205,9,100,100
2486256954907333677,1,0.3908837438010109,1.1055861835891196,8,100,100
-3617401031371000266,1,0.6512750687528188,1.8420840701314127,8,100,100
-3159168804915677632,1,0.461653876685297,1.305754347060927,8,100,100
-810039436316719608,1,0.27246392088918714,0.9036605944985105,11,100,100
4152870181684109972,1,0.7787754836666376,2.2027097020900515,8,100,100
-7547246972402356234,1,0.3520739032784707,0.9958153779480932,8,100,100
2288958821394032310,1,0.48679141440044915,1.5393696149203084,10,100,100
-660752919370870385,1,0.5661389046587532,1.7902884107545713,10,100,100
696323983676971285,1,0.5463557807476235,1.5453275100284607,8,100,100
1752823451229246346,1,0.6419907845072202,1.815824148737308,8,100,100
-6757303483832015040,1,0.39276596108551987,1.110909898011291,8,100,100
258815478590314285,1,0.6115261155284484,1.8345783465853451,9,100,100
2315190671547089776,1,0.5031107820485253,1.509332346145576,9,100,100
-3376943682605053971,1,0.4607012107226522,1.3030598008113599,8,100,100
1386211170777578388,1,0.30574527955599917,0.9172358386679975,9,100,100
6040524863810634218,1,0.7648953215290581,2.023722799762677,7,100,100
-1395022712098393152,1,0.36860053000023496,1.3290081110790495,13,100,100
-5059481908479479020,1,0.6399548489179827,1.8100656532924726,8,100,100
7713134180743753360,1,0.6786580941388413,2.035974282416524,9,100,100
2443790763872940185,1,1.1347307464548628,3.4041922393645887,9,100,100
5737100988225307635,1,0.9508764861682136,2.689484845761521,8,100,100
4817000175519458088,1,0.502347946342056,1.4208545574944151,8,100,100
5800319560583578555,1,0.5361873928738049,1.5165669659512118,8,100,100
3009055951839929031,1,0.6265413882952802,1.7721266574305057,8,100,100
-6648430884416100076,1,0.38821014390986824,1.0980241011362935,8,100,100
-2045034299395040096,1,0.8426045591129449,2.383245590429858,8,100,100
7240740761619918107,1,0.44548209380302295,1.2600136377011968,8,100,100
-6762319294735732431,1,0.36815694600174886,1.1044708380052466,9,100,100
4987105805278487511,1,0.6754688687207753,1.9105144702114643,8,100,100
-7087795931038499244,1,0.9258170141379124,2.927690461212113,10,100,100
-7780747865508634865,1,0.344007961054442,1.2871599285883952,14,100,100
2495778161613654826,1,0.55782562305901,1.5777691231385478,8,100,100
-3380619669893995960,1,0.6099688618296762,1.7252524740496173,8,100,100
5694395508556331288,1,0.3501678446428307,0.9904242300016922,8,100,100
8201308341539444437,1,0.7652449806906991,2.164439660461448,8,100,100
5670843179168735516,1,0.40797881094198,1.2239364328259401,9,100,100
2132653272854486202,1,0.5472342847434449,1.54781229455944,8,100,100
2159708893429499101,1,0.8454836862681532,2.3913889917712425,8,100,100
5317704196143264997,1,0.4291052638497126,1.213692967643898,8,100,100
3921127773262449242,1,0.5932838958550538,1.7798516875651613,9,100,100
-5714316124464953587,1,0.36272188536030325,1.0259324192921597,8,100,100
2760865417584086994,1,0.3903861679522267,1.17115850385668,9,100,100
-2436759127488351815,1,0.3672251843435697,1.1612679967008854,10,100,100
-120603257000281706,1,0.52258778977482,1.4781014796602607,8,100,100
-7125765339227485363,1,0.8885730852645163,2.6657192557935487,9,100,100
-6310785525305466794,1,0.4426185482374541,1.2519143077505952,8,100,100
-2323254416620274187,1,0.46964515533576273,1.2425642854647276,7,100,100
-8694484954438976588,1,0.43479966447275253,1.3749572656108924,10,100,100
2186848997901572968,1,1.046140114769087,2.9589310768979784,8,100,100
-7704334616429478492,1,0.4364650950866406,1.1547780975594106,7,100,100
-6556758309916148158,1,0.7000290871562259,1.9799812582239844,8,100,100
-5912222733412610521,1,0.60014639139543,1.697470332241378,8,100,100
8008628659075225185,1,0.6698875564177778,2.5944633498376346,15,100,100
2587222824709879949,1,0.6176235942771321,1.7469033269366763,8,100,100
-2739148160929379080,1,0.570951416339281,2.1363045844349147,14,100,100
-5993215809815067112,1,0.7565779973385807,2.5092853418105783,11,100,100
4809604144385026964,1,0.21668884156253762,0.7186755837197057,11,100,100
7459040128205777832,1,0.6992967384345873,1.9779098632349286,8,100,100
3940516971600481092,1,0.44260505464883665,1.467954896584938,11,100,100
-509760957489171583,1,0.33586451051051863,0.9499682917675528,8,100,100
1527172332343207244,1,0.775236067604213,2.3257082028126392,9,100,100
-633331029414807997,1,0.68436374045615,2.05309122136845,9,100,100
-3161293090351749948,1,0.5212751063542161,1.47438865026722,8,100,100
-7361157315787197953,1,0.5047133635319248,1.7483783777925492,12,100,100
-5909700639561199972,1,0.4578378053941909,1.3735134161825726,9,100,100
7787924008384793948,1,0.3763603428412608,1.248246043173983,11,100,100
-8583195959972444973,1,0.44336192586512163,1.1730253966337674,7,100,100
-3387413516873492047,1,0.6112313295465652,1.7288232719841827,8,100,100
1126781963055247575,1,0.3295420247341295,1.0929672486971262,11,100,100
-5747462504802275157,1,0.363916056369244,1.2069730141626078,11,100,100
-7935317042605499147,1,0.42898803449601136,1.2133613929600728,8,100,100
-6826964542041014428,1,0.6068543233988497,1.7164432290708032,8,100,100
-7548266221324907187,1,0.3360195342182021,1.1144507172317635,11,100,100
-8620658749418398550,1,0.3237865348863924,0.9713596046591773,9,100,100
-7973366008778311705,1,0.46683307339255137,1.400499220177654,9,100,100
6690486896651180433,1,0.3368680211207759,1.0652702176153594,10,100,100
-3017009251850848099,1,0.33274607903930503,1.1526662298308115,12,100,100
5349649592988849637,1,0.4791271669368267,1.659745192842238,12,100,100
-1704866165577324298,1,0.7693901386076099,2.4330252472726976,10,100,100
-2439830460330032710,1,0.4737170509590206,1.3398741563872671,8,100,100
8933957838584226539,1,0.4435830052803636,1.254642204211413,8,100,100
4829290919806717186,1,0.9508747022118003,2.689479799970812,8,100,100
7979894458528973979,1,0.5043476638703916,1.42651061279339,8,100,100
999232156683206243,1,0.45801462018696715,1.4483694014477515,10,100,100
-6985190110856484886,1,0.8380802326675165,2.370448862790402,8,100,100
1669639797654860786,1,0.49452270821475874,1.3987214417175693,8,100,100
4218803091880218040,1,0.5141829290812986,1.6259891898737329,10,100,100
2660041178468341920,1,0.2774417241523941,1.0380918765741036,14,100,100
-8321209347152883639,1,0.6613273416696521,2.091300678620482,10,100,100
2158332206815243051,1,0.501007963088804,1.6616554305457905,11,100,100
8623303780536908744,1,0.6468041020570413,2.0453741624402504,10,100,100
3360599680887507427,1,0.5524757603259666,1.562637426270739,8,100,100
-1175663468303603443,1,0.4839690927476385,1.280461861651805,7,100,100
1848338641690434346,1,0.7678280689708772,2.1717457374187177,8,100,100
2410486337128209791,1,0.31787878685687593,0.8990969831274007,8,100,100
2325365655243412661,1,0.37462477362057933,1.0595988713103477,8,100,100
6026803913173287725,1,0.5894241343340143,1.768272403002043,9,100,100
-2000732806386579353,1,0.4919633182597827,1.391482393746112,8,100,100
-5686897399399824616,1,0.5666446836719689,1.8793478051895454,11,100,100
8656201649638620056,1,0.4374371080546806,1.237258981792389,8,100,100
-8708306313198620712,1,0.6676190702203122,2.21424195880671,11,100,100
-1143179819710405000,1,0.6714211681331447,1.8990658440765589,8,100,100
5593539598837565488,1,0.34335684756527984,1.1894230102194936,12,100,100
-7236744932499191583,1,0.6633825658881645,1.9901476976644934,9,100,100
3870149834336375200,1,0.5055395824100918,1.4298818675215657,8,100,100
4960429497962907269,1,0.49680118634496084,1.4051659510641739,8,100,100
-6237057809198655510,1,0.5377439206640582,1.4227366831139452,7,100,100
6499362420651487884,1,0.41819177322382955,1.3224385021319174,10,100,100
8362372873209847586,1,0.4493994479009303,1.348198343702791,9,100,100
1591241936853027537,1,0.5883753868036912,1.6641769035685918,8,100,100
-2348664484093653457,1,0.4352756924317412,1.3058270772952236,9,100,100
-8097791269930113460,1,0.6686018048550302,1.8910914805062264,8,100,100
-3683226279673723410,1,0.20516595484103448,0.6804584919627114,11,100,100
8501214307178562243,1,0.4106814996562664,1.161582693259227,8,100,100
-2581041993471123082,1,0.8472207615680426,2.3963021826671764,8,100,100
1897001302383216897,1,0.6917184319770776,1.956475175690869,8,100,100
-102951903581019414,1,0.6742134847746023,2.022640454323807,9,100,100
-585296737313877896,1,0.3904010921094793,1.1042210384529871,8,100,100
741155200099012504,1,0.4293810917710032,1.2144731268182387,8,100,100
7798413250018014869,1,0.4230870278833505,1.3379186565825556,10,100,100
2170911383854180174,1,0.5569526199113712,1.6708578597341137,9,100,100
-5562749858832838419,1,0.7685844430612376,2.1738850864123482,8,100,100
4584544205899498432,1,0.43305981437893754,1.3694553765271793,10,100,100
-205249004859916196,1,0.9006315263493814,2.5473706385281534,8,100,100
-4923245374472202418,1,1.0627844328323226,3.0060083175809367,8,100,100
5244306568976035785,1,0.6277429204873279,1.7755251036737492,8,100,100
-5370564439923715398,1,0.7848362073949215,2.936588192806853,14,100,100
-4142777293578935639,1,0.5499721326709146,1.6499163980127438,9,100,100
6036394278892868009,1,0.47289949473000253,1.2511744581836868,7,100,100
8375475968216509228,1,0.6876037141804857,2.2805235243914477,11,100,100
242696097585979862,1,0.4747234303569655,1.5012072985763316,10,100,100
-246688421312857578,1,0.6339311296282301,1.793028002261479,8,100,100
-8389564789156984996,1,0.6765528577401773,2.029658573220532,9,100,100
4002447563682449514,1,0.39715044735033367,1.2558999873818384,10,100,100
-7541177406537197588,1,0.4868204799912678,1.6146008723917538,11,100,100
-3180128562872465359,1,0.8661729437938935,2.449907048947906,8,100,100
-7458001694318626477,1,0.450769356856036,1.6252720295523626,13,100,100
-6607270522907148588,1,0.5455613236925743,1.5430804461445133,8,100,100
2401393503239600163,1,0.5245417437636399,1.483628096122745,8,100,100
2665284405582513133,1,0.5268584797961956,1.666072800729783,10,100,100
-4296697186436468601,1,0.6393941778349385,1.9181825335048153,9,100,100
9035995406613062450,1,0.6974344350248375,1.9726424737562847,8,100,100
-818634493725476884,1,0.9163802621777032,2.7491407865331094,9,100,100
-2655965635570413089,1,0.6522940123108657,1.844966077729578,8,100,100
4799707490896439919,1,0.3783409918062222,1.070109923628095,8,100,100
1122552377134681340,1,0.421691921217886,1.1927248682590024,8,100,100
-5308719801906793456,1,0.44170641542547756,1.3251192462764327,9,100,100
5491596526783187107,1,0.4048804879722629,1.2803445221527592,10,100,100
1221370323871670971,1,0.5478581625376998,1.5495768874352371,8,100,100
-4667115783888681303,1,0.548808265666447,1.552264184895892,8,100,100
-1614482740371693064,1,0.44880872049221426,1.2694227588628102,8,100,100
-7922553386334138219,1,0.3842025188120134,1.086688825603707,8,100,100
6369733897911711471,1,0.5833420756049407,1.649940549646757,8,100,100
8373672688195650620,1,0.5095206222168046,1.5285618666504137,9,100,100
-6681607784172599002,1,0.5598010864596031,1.4810944584358774,7,100,100
4761691645594040653,1,0.4398399451446727,1.319519835434018,9,100,100
7322963168837066879,1,0.8169440853264596,2.3106668103383243,8,100,100
6427204242479957154,1,0.49210113824151874,1.4763034147245562,9,100,100
-62453431347748888,1,0.4367807768001122,1.634284019915,14,100,100
-8750477404437153494,1,0.5339544255350065,1.6018632766050196,9,100,100
-2735858160795120633,1,0.7208774913696915,2.038949450209023,8,100,100
4879306988669369312,1,0.36074077606282456,1.2496427050052776,12,100,100
8466241318656846642,1,0.5446449782288292,1.5404886297792186,8,100,100
-5590188699529205461,1,0.5763861805754622,1.630266307468493,8,100,100
574941888966759014,1,0.5605304887941631,1.5854196387526516,8,100,100
-1521271288817701127,1,0.7539809703304332,2.2619429109912996,9,100,100
-1039113752601505401,1,0.48292162496948415,1.365908623190196,8,100,100
8274200679836457707,1,0.6804622365963032,2.1518105293767,10,100,100
-7239379086875708800,1,0.6201128449150032,1.7539439909611227,8,100,100
5801282532935116965,1,0.39392810276205303,1.245710039076954,10,100,100
-794169316362386713,1,0.8612051059908554,2.8562942041099206,11,100,100
8381361532523104222,1,0.819911048960489,2.319058650758949,8,100,100
-5191624248156527820,1,0.6152431911520938,1.7401705301699875,8,100,100
2940421552108738585,1,0.5257356533426841,1.487004982360608,8,100,100
94056898116713667,1,0.5155749856651316,1.9291049535498084,14,100,100
8503079873001884562,1,0.7676344856975718,2.1711982012376034,8,100,100
30832753299209511,1,0.5926862976934779,1.6763700008616282,8,100,100
-8896412159915486534,1,0.2979858356539453,0.988307209704645,11,100,100
8614613176929347811,1,0.8645689804731316,2.8674509136094817,11,100,100
-8640819188729318879,1,0.7368506897900003,2.0841284778899776,8,100,100
-1376743926738532781,1,0.427757120195231,1.2098798415635077,8,100,100
-2344812024444984978,1,0.4702091932363669,1.329952436454763,8,100,100
-5454105752719088195,1,0.23484521438141326,0.7788934599137237,11,100,100
6770327947612034110,1,0.34799818810715544,1.0439945643214663,9,100,100
8954608607400550507,1,0.8150870178524364,2.3054142303223135,8,100,100
-3959382188730933524,1,0.6561511017825314,1.8558755742138102,8,100,100
8999358064089801344,1,0.5713099838870812,1.8948208555374375,11,100,100
1321288238189971062,1,0.7800714705382906,2.2063753065111498,8,100,100
-2682066381368523283,1,0.497596339075045,1.40741498261426,8,100,100
-7080067704160201816,1,0.9982407708044225,2.8234512731707735,8,100,100
5448455179307205800,1,0.3435739855044558,1.1901751981053006,12,100,100
-3505420243987957174,1,0.5828827312423915,1.7486481937271745,9,100,100
-4020881077824348479,1,0.7298770378711076,2.064404011644043,8,100,100
4037111734078964176,1,0.6329404198561801,1.790225851869462,8,100,100
-3248405779727438619,1,0.2083876556896538,0.6251629670689615,9,100,100
-1078468414508223352,1,0.6999385498754509,2.0998156496263527,9,100,100
-5921910111327934007,1,0.6044467681224851,1.7096336344228076,8,100,100
-6525373399334681447,1,0.6596147901600696,1.7451766958635992,7,100,100
-5317794544664152038,1,0.2628188171534344,0.7884564514603032,9,100,100
-2371734575593491066,1,0.7733463605616774,2.320039081685032,9,100,100
8961389106135079118,1,0.5879459193089753,1.763837757926926,9,100,100
-6305182304102816415,1,0.7389832800921122,2.5599131741268817,12,100,100
-7097526880432006451,1,0.5869823445473537,1.660236785064849,8,100,100
-5197760605269733044,1,0.6989166637398875,2.0967499912196623,9,100,100
7665272343213005574,1,0.544570356535034,1.6337110696051023,9,100,100
4025397892996494133,1,0.48604499220518643,1.4581349766155594,9,100,100
-6114537875792757808,1,0.4413886107801307,1.2484355192845604,8,100,100
2616414938385024442,1,0.6876462502180195,1.944957306346652,8,100,100
160462365288125381,1,0.6099860767275233,1.7253011651336376,8,100,100
6000036608288522760,1,0.642197310611371,1.816408292772256,8,100,100
2671224536023294435,1,0.5388911648983498,1.5242143880845647,8,100,100
-2178572270958647875,1,0.8390930310993672,2.6534451470485,10,100,100
-6585266924658658641,1,0.3518168589147151,1.218729349199156,12,100,100
8994451039998350514,1,0.3854730772803861,1.2784695641227113,11,100,100
-2699105041618129293,1,0.46821190693528586,1.3243032577049014,8,100,100
5394700092255899654,1,0.27628394219847535,0.828851826595426,9,100,100
6723598984918766083,1,0.6879766703234647,2.063930010970394,9,100,100
-4895283309082201871,1,0.4355431407511057,1.1523388356674273,7,100,100
4963386029186948759,1,0.5532534234467159,1.4637709704351218,7,100,100
-7517257067402116180,1,0.7785496685030181,2.6969751641262683,12,100,100
-1086887255958179153,1,0.5512461339626673,1.5591595177114803,8,100,100
-4168996357545061306,1,0.6590715452982973,2.0841672241494575,10,100,100
3513199617607326350,1,0.7572267879359947,2.271680363807984,9,100,100
4483072853384451290,1,0.5473453694906522,1.5481264896715863,8,100,100
-6078080611976259372,1,0.7748408823634757,2.191580969039127,8,100,100
-3550334946833988967,1,0.5669203195638045,1.963869594655387,12,100,100
-2670068388950448848,1,0.38181001760347766,1.3226286986559814,12,100,100
7869891430463006813,1,0.8765660207199244,2.4793031096350653,8,100,100
-5133167812452623081,1,0.4113627193560667,1.4250022605288095,12,100,100
8453584875549289184,1,0.28980166240552757,0.8694049872165828,9,100,100
8900121582493444902,1,0.5731900642478921,1.6212263253537496,8,100,100
3586116062503618986,1,0.33652814414993526,0.8903697785948248,7,100,100
-7545502143930418636,1,0.7358201836850434,2.3268677287682062,10,100,100
-1343566469969075045,1,0.7792271073292838,2.3376813219878514,9,100,100
783556861472151506,1,0.6475291010683968,1.8314888735243708,8,100,100
-6335002763239558761,1,0.344719472271022,0.9750139057995508,8,100,100
-3302931344729208661,1,0.46827643552645404,1.3244857721224832,8,100,100
-6557643122581861592,1,0.5522804071324056,1.5620848839991652,8,100,100
8709795619124569529,1,1.0535400782255726,2.9798613342604328,8,100,100
-4531784352114860609,1,0.6397054656073408,1.9191163968220222,9,100,100
1772723147071903143,1,0.538902830406797,1.6167084912203908,9,100,100
-7844682502983650570,1,0.3178732121801826,0.8990812155606296,8,100,100
-2595540833672638429,1,0.639088786331096,1.8076160583799943,8,100,100
-4532511650076260586,1,0.6397022118132775,2.022916013577428,10,100,100
2183624567089156828,1,0.4765109013475451,1.6506821829887781,12,100,100
5352737830693782219,1,0.4397281434784199,1.3191844304352596,9,100,100
7841433283925812216,1,0.42390961529988247,1.1989974543549102,8,100,100
-4026707493021021386,1,0.4973310387849005,1.4066646000774121,8,100,100
3538967566394825954,1,0.3081176101990011,1.2324704407960043,16,100,100
-2747511819805793438,1,0.6018144386804145,1.7021882824275871,8,100,100
1363297784260397473,1,1.11104316865534,3.1425046349887196,8,100,100
4851693927383601541,1,0.7839537438625475,2.2173560336871563,8,100,100
8206894256987926051,1,0.6459706430370138,1.8270808885556287,8,100,100
-5503899316114775315,1,0.5287633413365531,1.4955685772077352,8,100,100
3639609258876038704,1,0.3022910504649355,0.9559282357540978,10,100,100
2359658229173951404,1,0.6780322677346037,2.248778627829476,11,100,100
2587786607883184601,1,0.44241351767512443,1.3272405530253732,9,100,100
247653536723454776,1,0.38506268510175534,1.0187801039500208,7,100,100
-985256026739777797,1,0.2925949174978807,0.8777847524936421,9,100,100
2099666824872412342,1,0.5108872540033339,1.4450073669101262,8,100,100
3762492049149131690,1,0.5824443439049416,1.647401380955735,8,100,100
7362421500766179608,1,0.6592628921303835,1.9777886763911505,9,100,100
-6964471500183169485,1,0.7586880624148883,2.276064187244665,9,100,100
6826315949905463183,1,0.37219935428900003,1.4415219006304512,15,100,100
-6274396176385651014,1,0.5661964397136581,2.1928693816929297,15,100,100
-7016452160644213944,1,0.3759769597077327,1.1279308791231981,9,100,100
-4075548878573732202,1,0.48790694808644447,1.4637208442593335,9,100,100
4858820827974124321,1,0.5913442407211912,2.0484765393846875,12,100,100
-3544503363195287207,1,0.48107878223422623,1.5213046858403023,10,100,100
-2465507311290977473,1,0.826745994395634,2.338390795823873,8,100,100
-6704047762899795587,1,0.6294149054367494,2.1803571905152204,12,100,100
-7326258434600160970,1,0.4649335620374139,1.3150306980714872,8,100,100
-3528295619346295605,1,0.6140868673037888,1.8422606019113665,9,100,100
3270328834842492840,1,0.5749302180938537,1.724790654281561,9,100,100
755688055592691244,1,0.45940322953177426,1.2993885556036704,8,100,100
5950194603715343647,1,0.6166289402434546,1.8498868207303638,9,100,100
1821828903938232082,1,0.6792416538909288,2.0377249616727866,9,100,100
-2331795070600548409,1,0.44773476430956266,1.7909390572382506,16,100,100
247271900115958795,1,0.5602474991451342,1.5846192231533156,8,100,100
-8259249387571076187,1,0.6145426586299771,1.7381891249826658,8,100,100
2600922539240252155,1,0.38702952199764895,1.1610885659929469,9,100,100
4529324838394677030,1,0.3257076529684117,0.977122958905235,9,100,100
-6538718353517315670,1,0.5826847768165175,1.6480814279245182,8,100,100
-2354077055159892721,1,0.37401981107141713,1.1827544930115403,10,100,100
-5007717299576369365,1,0.7199065045538962,2.0362030847614565,8,100,100
2512538467785431188,1,0.25581300434794274,0.7674390130438282,9,100,100
3459279754901352109,1,0.3773494685204127,1.1932837943785122,10,100,100
-7872935818476565896,1,0.793950596292431,2.245631402261924,8,100,100
3721985041881741539,1,0.651119702671084,1.8416446284915684,8,100,100
-3668383906557134183,1,0.39392920700754924,1.1817876210226477,9,100,100
5488568415660310672,1,0.5082755208399382,1.6857591927485416,11,100,100
-8875298975150450475,1,0.7143629306062633,2.0205234898399356,8,100,100
-5828652269707130682,1,0.44793382463515835,1.2669481796893851,8,100,100
7542276050230226120,1,0.3478434487231809,0.9838498455339054,8,100,100
5258379592827446861,1,0.37458423908596067,1.1845393711127046,10,100,100
-4848215333786211328,1,0.3645272814374129,1.0310388505275672,8,100,100
-4339135055264961047,1,0.6257320730141559,1.769837568136902,8,100,100
6751572429026732591,1,0.3946879954180747,1.1840639862542242,9,100,100
6269166788042292989,1,0.7246123599618203,2.049513253842363,8,100,100
-208304674804885940,1,0.5771247300479726,1.7313741901439177,9,100,100
3939223501262321689,1,0.3567637704641462,1.2863300676363443,13,100,100
-3223363211136701041,1,0.5832507376635931,1.5431364038528412,7,100,100
-5432265529402411338,1,0.5581960948387402,1.5788169755692898,8,100,100
-6495669585670087917,1,0.8738152981909435,2.4715228914214453,8,100,100
2039819273124519847,1,0.9549456561433257,2.864836968429977,9,100,100
4776248909167365587,1,0.6223474741717608,1.7602644769646874,8,100,100
2521604106622763190,1,0.3260120399796281,0.9780361199388842,9,100,100
1406381034161317473,1,0.4897700139367201,1.4693100418101603,9,100,100
-8942352564162001999,1,0.6479106697153968,1.8325681126354982,8,100,100
5154355080358500548,1,0.5036410900951269,1.59265296795067,10,100,100
3544228735423605350,1,0.26466169003990553,0.7939850701197166,9,100,100
4157045771687111913,1,0.4651656568019492,1.3156871611990104,8,100,100
7520255501553661132,1,0.4898642531022602,1.3855453409179659,8,100,100
-8525644865487690680,1,0.37919289064597644,1.1991132069844426,10,100,100
7915875389943684187,1,0.36242211165078775,1.1460793472243362,10,100,100
-3717635930026271815,1,0.3854081368620867,1.2782541811214836,11,100,100
-3766700115639007438,1,0.551617376912991,1.5602095513420466,8,100,100
1935987542528024589,1,1.02531127370492,3.0759338211147598,9,100,100
6757643541326593409,1,0.2767733431962236,0.9179533313541383,11,100,100
-5974603066256812381,1,0.5131930985619338,1.5395792956858014,9,100,100
-5757680681069249611,1,0.3886229808623107,1.165868942586932,9,100,100
3415109101198677479,1,0.4529745422239979,1.3589236266719937,9,100,100
-5586737224663887799,1,0.5722789171208701,1.618649212105046,8,100,100
-5909863172894326381,1,0.3813320282083162,1.078569852118881,8,100,100
4622002610284785356,1,0.541962240196543,1.5329007007601125,8,100,100
4265679604527061995,1,0.39172724412307797,1.1079719627797864,8,100,100
-4206466522516452259,1,0.3982888791718737,1.3209747703843029,11,100,100
4518039637911995700,1,0.6368453875908515,2.112177200107311,11,100,100
-3567115157858987177,1,0.36156814563319895,0.956619395348229,7,100,100
3367615867893434959,1,0.6980582324242276,2.2074539538917612,10,100,100
3625964350602687728,1,0.603877325686694,1.7080230079914347,8,100,100
7831252342366317155,1,0.4910776482919291,1.388977340785462,8,100,100
-9160538222830319507,1,0.6176078727464369,1.7468588597328154,8,100,100
463088151775471035,1,1.188477870550993,3.36152304622702,8,100,100
3783809759796619583,1,0.5971849854929844,1.689094211459517,8,100,100
-5391094546954047064,1,0.44229227171090285,1.5321453727966852,12,100,100
2984664437473690360,1,0.45410596551928734,1.2844056303838105,8,100,100
6737188759386858521,1,0.6451792673842086,1.935537802152626,9,100,100
-2005018562817640270,1,0.7041732456775363,1.9917027085949064,8,100,100
8920897508558685710,1,0.3050615653691139,1.0117747502878274,11,100,100
-8391076900883957367,1,0.7670969860852678,2.169677922754622,8,100,100
-672565807053312456,1,0.7040706109479031,1.9914124137416713,8,100,100
1476724832048145426,1,0.453479989622596,1.360439968867788,9,100,100
-209840839050634882,1,0.33252326612067207,0.9405178255049048,8,100,100
3332043163436198114,1,0.4412481860456594,1.2480383381565965,8,100,100
8794347129431141241,1,0.8751441708872677,2.475281511001063,8,100,100
3433644627381513494,1,0.5150025738304125,1.7840212478060327,12,100,100
385396631027554806,1,0.6655617463216011,1.8824928964894596,8,100,100
-5357027503592759628,1,0.45391895239953395,1.3617568571986018,9,100,100
5957290356765089492,1,0.5062508673866883,1.431893685242796,8,100,100
-8601162877240793614,1,0.7190997024776142,2.0339211038845995,8,100,100
-2754699403432135938,1,0.49677354658201106,1.4903206397460331,9,100,100
148125246706236850,1,0.40466417661317333,1.1445631335457824,8,100,100
4463868541189641729,1,0.5635747014750683,1.7821796883106718,10,100,100
-5797358476391548545,1,0.5195567653853673,1.6429827523674911,10,100,100
-5747192338428587830,1,0.5781012447087105,1.8281166514578888,10,100,100
-1402493466405577008,1,0.36970860081190277,1.045693834788347,8,100,100
6197521304555337962,1,1.3480356426302813,3.5665670688508646,7,100,100
-118339987108071827,1,0.5135099321195098,1.358619576149882,7,100,100
-6685394139786866950,1,0.22873970031836957,0.6862191009551087,9,100,100
2228135746120730374,1,0.4228632162372185,1.337210902013907,10,100,100
8739783944295820015,1,0.4843187466933259,1.3698602801704822,8,100,100
-1079566302740046945,1,0.6211370981615337,1.756841016626219,8,100,100
4046188464181566923,1,0.9328179812139861,2.6384076805166203,8,100,100
8269610119191017461,1,0.35682922009530954,1.009265445019602,8,100,100
-2870625947225166587,1,0.486659006992058,1.3764795358783828,8,100,100
6406757403458910007,1,0.34604362788329085,0.9787591834506769,8,100,100
8089124828320202891,1,0.5961480035043715,1.7884440105131145,9,100,100
7199176170473471056,1,0.40059462092874093,1.4443644464336352,13,100,100
2628266223737047544,1,0.3955855701819278,1.1188849568607524,8,100,100
-3271742901735284186,1,0.6050697260237317,1.815209178071195,9,100,100
6422621848582816974,1,0.42679146332578116,1.2803743899773434,9,100,100
-3933937561305252086,1,1.0505912992076072,2.971520927701137,8,100,100
682919889364680784,1,0.4047577499711052,1.2142732499133155,9,100,100
-5433447827204360721,1,0.41105943725828253,1.162651662224231,8,100,100
8445476073715597159,1,0.5174755359943907,1.552426607983172,9,100,100
-6449874682390453552,1,0.5104392785561125,1.6141507274504592,10,100,100
1239108860902040074,1,0.3048628880134008,0.9640611001791918,10,100,100
4330923083289385708,1,0.5695646072425036,1.6109719844201076,8,100,100
-857835504590727521,1,0.5951221318561748,1.5745451606020286,7,100,100
4932627075881746000,1,0.6930902224826541,1.9603551851663106,8,100,100
-1115529914633169760,1,0.44512851878731774,1.2590135765361437,8,100,100
5721934470095296805,1,0.560915898744848,1.7737718158341016,10,100,100
1304616938686021036,1,0.5408197857499344,1.5296693516145374,8,100,100
-2746415073676247821,1,0.5388405080134612,1.703963300884749,10,100,100
-1216737595947309468,1,0.3447306104240983,1.0901339081203347,10,100,100
-7540011525486431577,1,0.25791176731430004,0.7737353019429002,9,100,100
6060799788246719820,1,0.6240178573970644,1.9733177299928744,10,100,100
3816522702247720738,1,0.3918671238828786,1.5674684955315143,16,100,100
-2596855522992972383,1,0.667898535292494,2.2151688395931464,11,100,100
1699734088588348657,1,0.603881630575487,1.708035184055666,8,100,100
4958117847732027226,1,0.38546643489620286,1.0198483254980224,7,100,100
-3261964206564347017,1,0.595348791452274,1.6839006704284747,8,100,100
-4781434911431225969,1,0.8738072477340451,2.471500121290787,8,100,100
-3864410113391698092,1,0.35546082710594107,1.0053950451711595,8,100,100
-842632627374116064,1,0.41006223193625263,1.4785004033773659,13,100,100
-2302507575172622492,1,0.7446283436882938,2.2338850310648812,9,100,100
-4215409051130078438,1,0.29670169158019527,0.8391991124235026,8,100,100
-5112886648168358886,1,0.3098137793387316,0.8762856971017994,8,100,100
2230813397550091681,1,0.4353239437193001,1.2312820504671524,8,100,100
-9069420418322435600,1,0.3732954110672164,1.2931332364014563,12,100,100
4362465373844923287,1,0.46349638366128726,1.3109657437693518,8,100,100
-7570809227882942855,1,0.6877348455937881,2.174808538340586,10,100,100
9213556169304128470,1,0.7628211649827124,2.1575840743675925,8,100,100
-8999574577662585246,1,0.5624169819371089,1.6872509458113265,9,100,100
-9206918883583141387,1,0.4765235233094815,1.5804497305957255,11,100,100
-5179973422274129485,1,0.5160272759254456,1.4595455443364171,8,100,100
-6511207903578958117,1,0.41017919119440377,1.1601619503807052,8,100,100
-214067278711688375,1,0.5697292223325391,1.8016419921272921,10,100,100
-238459935860614485,1,0.7000140633032158,1.9799387643506123,8,100,100
-6642144296187590298,1,0.6741546344889694,1.9067972544619547,8,100,100
7727336515230305472,1,0.6742239822527517,1.7838289849964073,7,100,100
5112577775280857760,1,0.7795127621856279,2.465035793675758,10,100,100
4370113190341229231,1,0.546748863851326,1.5464393169412523,8,100,100
-7864908887069138646,1,0.7872078354956463,2.361623506486939,9,100,100
-1220102027845540032,1,0.571637948323642,1.61683627857285,8,100,100
4139137227037987450,1,0.37134598562937643,1.1140379568881293,9,100,100
1415169162843038128,1,0.481344412500153,1.361447592660452,8,100,100
4699172701776513306,1,0.7611907113682422,2.1529724551387845,8,100,100
2050154805518294231,1,0.9545930038502325,2.699996745182942,8,100,100
5447835281184808502,1,0.6323753265669123,1.673107849349307,7,100,100
-4676769022494521277,1,0.413288303370452,1.1689558475933188,8,100,100
-4455390911552247771,1,0.4308721781066276,1.2926165343198828,9,100,100
4786480729521508253,1,0.3268218085608876,0.9804654256826628,9,100,100
4623952391003144676,1,0.5172343489563344,1.4629596624385324,8,100,100
-7929704259902855642,1,0.6381015596186974,1.804823759568372,8,100,100
-1956937082961125894,1,0.6814677501879771,1.927481869271435,8,100,100
-364611191113383776,1,0.6608798852909831,1.7485238229648348,7,100,100
4755841662000021889,1,0.515902042507164,1.4591913307392246,8,100,100
4997414854357445106,1,0.7680876090264706,2.172479827551916,8,100,100
4065081363066767701,1,0.5402667722468583,1.5281051932220862,8,100,100
-7519415659084772402,1,0.7117218914323589,2.013053503002947,8,100,100
6932591159818335743,1,0.6130701847086022,2.12373741704187,12,100,100
-4090546459121168273,1,0.45472224691916313,1.5752040699917418,12,100,100
2397229138281087747,1,0.36701389644117755,1.1010416893235326,9,100,100
8444957091124890090,1,0.4004817122279605,1.1327333378303615,8,100,100
-4959535445500270711,1,0.3250714309354039,0.9194408527377542,8,100,100
-6498581634896459255,1,0.6178522705886715,1.634683454954212,7,100,100
-5328642298001482162,1,0.5280657084764052,1.5841971254292158,9,100,100
-3141189561116383715,1,0.5109745907891398,1.5329237723674192,9,100,100
-5327098669371634148,1,0.4958710730533753,1.5680820166404112,10,100,100
-655369828366584363,1,0.9522150593651874,2.856645178095562,9,100,100
-2238789099902651768,1,0.4014827342272422,1.2044482026817265,9,100,100
3733377308406090793,1,0.6270426332873024,1.7735443923620844,8,100,100
745054988518147111,1,0.6011028183117676,1.7001755160743846,8,100,100
-7740508246322383978,1,0.26813032996243596,0.7583870982329,8,100,100
3310046312229223821,1,0.8530635584971226,2.41282810798577,8,100,100
-7725870224735001558,1,0.265149496604759,0.7954484898142771,9,100,100
-3750910879200288082,1,0.7327039836318785,2.0723998217139936,8,100,100
-73662124529443996,1,0.30040986385059426,0.8496874074563308,8,100,100
7112867537634508151,1,0.7204739388039385,2.0378080311857865,8,100,100
-692670788935754589,1,0.5046338309466599,1.4273200155141164,8,100,100
-7517165057353832320,1,0.6132212710943354,2.033824869684722,11,100,100
4395690012665025846,1,0.40922303398885984,1.2276691019665795,9,100,100
-7272006709085495000,1,0.4300496174688379,1.2163640030355842,8,100,100
-5480302523895902683,1,0.48756002590339004,1.3790280022071035,8,100,100
-4843780094930145968,1,0.36470184470551514,1.0315325900100518,8,100,100
-792414427110574933,1,0.4492357361699773,1.347707208509932,9,100,100
-7188045936734886439,1,0.369778864642591,1.2264177494230912,11,100,100
7711768943945808536,1,0.3824688010251007,1.1474064030753022,9,100,100
3337906566482902344,1,0.6298596051920033,1.9917909585411475,10,100,100
-3467407291705937176,1,0.7155964037890006,2.1467892113670017,9,100,100
4968007414835557713,1,0.5166438050661031,1.4612893520810493,8,100,100
4989486900121221203,1,0.4049421748354688,1.3430412557197464,11,100,100
-8701690416640742384,1,0.6158485469451859,2.0425385579027546,11,100,100
-5509150934734232923,1,0.6875309518633587,1.944631193352891,8,100,100
8247258087161077824,1,0.5032757788130706,1.423478864022653,8,100,100
-7324756877860518145,1,0.5707354552251608,1.6142836426132097,8,100,100
-7106148347954810113,1,0.3745759266031022,1.0594607110811523,8,100,100
-5286459812429533841,1,0.6890554035886155,2.0671662107658464,9,100,100
3638855475095954481,1,0.4414324935479883,1.4640659513696581,11,100,100
-6147599185753994628,1,0.5014286222288464,1.4182543162361798,8,100,100
1257733386523271434,1,0.46626628114169416,1.615193777587217,12,100,100
-7642193354619325748,1,0.4402455360256566,1.6472479618646512,14,100,100
6807728866604840578,1,0.5349302612023055,1.5130112606321653,8,100,100
4027252066284192082,1,0.4054660258316165,1.2163980774948495,9,100,100
-238816829582767310,1,0.9037422031499661,2.7112266094498985,9,100,100
3315747073103838967,1,0.2408776235535861,0.8344245648025216,12,100,100
-9180046745624418795,1,0.6079979009577793,1.8239937028733377,9,100,100
2704379965143304673,1,0.41180678601137577,1.1647654837091252,8,100,100
4410239745972720800,1,0.33664537620557855,0.952176913480244,8,100,100
-1963709915438037640,1,0.528376346875003,1.4944739915755605,8,100,100
-3230083976741914775,1,0.768763236356241,2.1743907902176587,8,100,100
279431359883897475,1,0.5236513907712961,1.4811097975686007,8,100,100
-4173762245650168251,1,0.7644582441751768,2.1622144335609166,8,100,100
-8887362907516777854,1,0.865961337625416,2.2911183443536913,7,100,100
-3411146310857020827,1,0.32129997738760974,1.2021944337626502,14,100,100
-8312830544600884691,1,0.4235460139597659,1.3393700979983323,10,100,100
3925882416211767460,1,0.7530778088650549,2.381441131342516,10,100,100
6274684192655416165,1,0.8983563932511126,2.3768276052473882,7,100,100
6227087368773423565,1,0.3399787143273831,0.9616050174399066,8,100,100
-1468916712517979244,1,0.3986003780939616,1.1958011342818848,9,100,100
-4407542796851471390,1,0.5258655469010582,1.487372376824443,8,100,100
6608663076176200932,1,0.2871646883467772,0.8614940650403317,9,100,100
9190398452898862686,1,0.8752872359251611,2.4756861600348437,8,100,100
6553550703403376043,1,0.6113704351441275,1.7292167220295316,8,100,100
8237256932247211406,1,0.3199518741828228,1.1971502934483256,14,100,100
3503887691661251259,1,0.6178217879647727,1.7474639033387527,8,100,100
3858850481050703198,1,0.292733615444192,0.8279756982473729,8,100,100
4748428398741698197,1,0.45076943719389084,1.3523083115816725,9,100,100
2001497589449900391,1,0.6762422151792018,2.0287266455376054,9,100,100
3605119549089919853,1,0.4026261746616101,1.1387987935456954,8,100,100
2144895851798232321,1,0.3005464771691588,1.202185908676635,16,100,100
4787790656673651071,1,0.4383669017154678,1.2398888354029765,8,100,100
-54627206705585431,1,0.884257447541489,2.652772342624467,9,100,100
3414206537136020945,1,0.33211775411960653,1.197467591970183,13,100,100
2598517009732869547,1,0.3629369845836421,1.0265408117699633,8,100,100
-5150532541135217854,1,0.5556114878021812,1.5715066029202762,8,100,100
-662212570716090456,1,0.5878016179014878,1.7634048537044633,9,100,100
-853858385149275803,1,0.5997300270223148,2.2439842856781795,14,100,100
-258742810134157933,1,0.8160833653922958,2.580682195215086,10,100,100
-1160220136301061687,1,0.4711733184934559,1.3326793944835664,8,100,100
7543835609085494827,1,0.9029776968924513,2.554006610931453,8,100,100
4390313641571102751,1,0.688244023796575,1.9466480653506952,8,100,100
-5533525708521658446,1,0.40913432898083735,1.356945058083267,11,100,100
3786186278285228627,1,0.5971878776978736,1.7915636330936209,9,100,100
5953269400115400632,1,0.46772881551850237,1.4790883843311773,10,100,100
-130483627361524112,1,0.6034232711560709,2.090319528223452,12,100,100
431801797999932519,1,0.5877160932600449,1.6623121398265728,8,100,100
3772047446710562178,1,0.6107437331275369,1.9313412633570488,10,100,100
4998176514573474377,1,0.4049963178772382,1.4029483988833844,12,100,100
2619943629840823953,1,0.925857954233124,2.6187217514149848,8,100,100
5426752793034837431,1,0.46716454857967427,1.32134088092256,8,100,100
-4228099803406879978,1,0.5627815089825032,1.7796713934112203,10,100,100
-304133364379154756,1,0.5777367174405671,2.001338696010253,12,100,100
6068780420678571789,1,0.461974926107928,1.385924778323784,9,100,100
-3159940867146838068,1,0.47086165380022876,1.331797873611417,8,100,100
-4943355423291052943,1,0.7577784518724271,2.1433211278241484,8,100,100
1620255561707873896,1,0.8863437926641672,2.506958825021744,8,100,100
-415230248773077517,1,1.1026116934160803,3.118656821720372,8,100,100
9127995218309094529,1,0.3886410606671506,1.1659231820014517,9,100,100
-269215781555322582,1,0.5828465696342026,1.7485397089026076,9,100,100
-8186909906465251042,1,0.7159476813554021,2.2640253585995374,10,100,100
-4738359696211716845,1,0.5137828773997689,1.6247241153783185,10,100,100
-5379482141625177058,1,0.4670471437823354,1.3210088100091915,8,100,100
-2489531128532899517,1,0.5304052874341816,1.5002127020876388,8,100,100
-2821646416986236325,1,0.3949891223739656,1.1171979477022167,8,100,100
8296915731605249101,1,0.4335017066900238,1.3005051200700715,9,100,100
7391567824394174311,1,0.45894457606975037,1.376833728209251,9,100,100
8537627728983591009,1,0.4627582242880828,1.3088779137757947,8,100,100
5587827548635136488,1,0.3750344377209914,1.0607575763639878,8,100,100
-8295568718526844996,1,0.535177901333952,1.5137116926976903,8,100,100
8559430395682833487,1,0.7929614604772963,2.378884381431889,9,100,100
5685992792664168863,1,0.7210545694413787,2.039450302630181,8,100,100
6642456565280311603,1,0.848889909716163,2.40102324656454,8,100,100
7400705299036828618,1,0.753557664807173,2.260672994421519,9,100,100
162787491311331424,1,0.5054550562675708,1.429642791487309,8,100,100
-4301354007950201062,1,0.6405306811053092,2.309466214233065,13,100,100
513882543724953718,1,0.5079136301295238,1.5237408903885716,9,100,100
3409443282188508274,1,0.8088244492675667,2.2877010114662846,8,100,100
8484977226325635875,1,0.6619984325169871,1.9859952975509612,9,100,100
4446181832911115243,1,0.44135967321089525,1.2483536714788106,8,100,100
-6439772598337249606,1,0.34680996761461846,1.0967094129114272,10,100,100
-6268413882823114872,1,0.8471101211590705,2.5413303634772113,9,100,100
7190816624184861931,1,0.40453982348388484,1.2136194704516545,9,100,100
-9210201935003036054,1,0.4070011315044522,1.2210033945133567,9,100,100
-4563043771405639111,1,0.5661167744528247,1.7902184288987488,10,100,100
-6127337494995991236,1,0.6004821161612828,1.8988911812674585,10,100,100
-8368947694846534347,1,0.37193121570907417,1.1761497745560718,10,100,100
6502751678104530803,1,1.038169451171601,3.1145083535148035,9,100,100
2959160849143688108,1,0.7704373886321575,2.3113121658964726,9,100,100
9154271639242690791,1,0.5202433949752828,1.875764236304847,13,100,100
5537883514530651719,1,0.34683752919894234,0.9810046754662373,8,100,100
2003702276774280169,1,0.9630584764266245,2.5480132266376088,7,100,100
7231939264625648444,1,0.4431249293923119,1.3293747881769358,9,100,100
-6586782848371215108,1,0.5157788548726149,1.5473365646178447,9,100,100
-350410445203121177,1,0.6090072615837523,1.8270217847512569,9,100,100
5042908548838760511,1,0.46243526256868017,1.3079644400883816,8,100,100
-4280032514854961256,1,0.6114886266847492,2.118258739337007,12,100,100
-9215089649150954539,1,0.7983914142840037,2.258191932325349,8,100,100
-8766305893176525299,1,0.5645624775002308,1.5968238249755635,8,100,100
2607564160784977798,1,0.27319776655525596,0.8639271939855819,10,100,100
-4363089846845359197,1,0.692247041708002,2.295923699578948,11,100,100
181907136529869676,1,0.7084034617888272,2.00366756658762,8,100,100
-429084175072262504,1,0.5392235464560885,1.525154505098238,8,100,100
-6062914836450809611,1,0.479738261663551,1.5170655875866599,10,100,100
2045821780783291097,1,0.6124202531423789,1.8372607594271366,9,100,100
-7077755070880327663,1,0.7595973063733635,2.1484656252305636,8,100,100
1404004614225714154,1,0.5188742346911664,1.5566227040734992,9,100,100
-1159444641283958233,1,0.39854268416584715,1.2603026267612005,10,100,100
-8376221526312156743,1,0.4146025523777022,1.2438076571331067,9,100,100
-6457418489963570311,1,0.6396940410012429,1.8093279771064172,8,100,100
2127833165695053199,1,0.5848250575983516,1.6541350561424306,8,100,100
-1282705940314579182,1,0.5540196122111347,1.5670040988193392,8,100,100
3129918521775575393,1,0.8359521688099771,2.3644297892525454,8,100,100
8815644747440292961,1,0.3779884989039527,1.1953045858845497,10,100,100
830007424523726178,1,0.6492113891771063,1.8362471028426828,8,100,100
5063898393705140943,1,0.41694747755539235,1.382858340336366,11,100,100
7425992917613900922,1,0.34251602376077106,0.9062122189256905,7,100,100
-2528860434116603067,1,0.640250362527078,1.8109014920001691,8,100,100
-7289532534071734191,1,0.8307163421606022,2.3496206351369846,8,100,100
2208527718009071773,1,0.5819428012267057,1.8402647198150195,10,100,100
328472203961231282,1,0.7112302250687479,2.0116628605237845,8,100,100
8778026152935334715,1,0.4406897059691573,1.2464587179595876,8,100,100
-52773941091572330,1,0.2889202034269739,1.1556808137078955,16,100,100
752375842086563381,1,0.5409277072608802,1.7105636044371826,10,100,100
-2487379630705254954,1,0.5958808500320906,1.7876425500962716,9,100,100
-8143967475611663023,1,0.39150572717146936,1.1073454182252656,8,100,100
-5097620121136074569,1,0.4003960201543884,1.2011880604631653,9,100,100
-8559853280901878157,1,0.6103968495350922,1.7264630060846737,8,100,100
558749887041625113,1,0.5586878942956514,1.5802079944931526,8,100,100
7254854077369523551,1,0.5794067898437365,1.6388098806561398,8,100,100
-233521845387016208,1,0.5313815793338946,1.6803760973525663,10,100,100
2006352548707019363,1,0.6575670853324188,1.7397589781311686,7,100,100
2060615784891988749,1,0.7593505130289366,2.27805153908681,9,100,100
-1540038414049014289,1,0.6310762539085126,1.893228761725538,9,100,100
-2858622687525782780,1,0.706965194796041,2.120895584388123,9,100,100
8678199619683584430,1,0.9005422652614498,2.3826108789845573,7,100,100
-6223364939980539602,1,0.4913256629753273,1.473976988925982,9,100,100
-4793734098995798409,1,0.6271060916489384,1.7737238797134278,8,100,100
2653788963914280518,1,0.5600752509115077,1.8575594616376272,11,100,100
4434391065812068448,1,0.5200128608338893,1.4708184807994384,8,100,100
5098852667006428558,1,0.5480413505856473,1.7330589198054993,10,100,100
-6352657938700207654,1,0.31433923589939045,0.9430177076981714,9,100,100
7137222132487631116,1,0.8795130939410799,2.9170149308071633,11,100,100
-6678526114871037906,1,0.5972555420059973,2.313160767619312,15,100,100
6803107735334307748,1,0.7079435365042875,2.0023667014374715,8,100,100
5566833154665413059,1,0.3353893694763851,0.9486243899785296,8,100,100
5246532867691624166,1,0.7227276335392381,2.0441824425060053,8,100,100
254708509269681632,1,0.7863285060096242,2.486589068107812,10,100,100
6093685191751371655,1,0.5952776272578335,1.6836993876906083,8,100,100
-6518621499578430,1,0.501493785949268,1.5858625960206332,10,100,100
-5140143524113366452,1,0.3678704249084656,1.1036112747253968,9,100,100
-6287349992771361991,1,0.47316458909250725,1.338311558258633,8,100,100
-3594986556311127163,1,0.4521216038936493,1.356364811680948,9,100,100
-3537976843589075640,1,0.4118131703908267,1.3022675888900257,10,100,100
4942097740796028165,1,1.1031145021874607,3.1200789796879045,8,100,100
-3953770284200032866,1,0.4751859354690452,1.646092366549064,12,100,100
-62182166382367215,1,0.6170573942255818,1.5114757578640785,6,100,100
290230418974286204,1,0.8140332539691006,2.442099761907302,9,100,100
-5438275526207282175,1,0.48351673590851185,1.3675918511123752,8,100,100
7171357286103335716,1,0.39185628370517317,1.1083369418339504,8,100,100
7885400263101331663,1,0.4855659562744045,1.3733879215798483,8,100,100
-5531273897177685274,1,0.40875440932838053,1.2262632279851415,9,100,100
9122843542459324665,1,0.6430883889546817,1.81892864292875,8,100,100
6532431941775011623,1,0.5996704687283179,1.8963245267222604,10,100,100
-3039770691052884657,1,0.5443416045703342,1.539630559494598,8,100,100
-650860523584737137,1,0.49394441564856506,1.7110736480364686,12,100,100
-7131606088645665042,1,0.3419533825460468,1.0813515424443756,10,100,100
3927791153055745900,1,0.6480557653363977,1.8329785050256193,8,100,100
-401342839125326849,1,0.6340640456425172,1.793403945521602,8,100,100
-4974374116224069035,1,0.582591744682715,1.6478182933137981,8,100,100
-896252695322165622,1,0.5217656462302918,1.475776106558482,8,100,100
-7633499264916182965,1,0.7804246362670603,2.467919392712358,10,100,100
-2781621905864942961,1,0.4257717989703372,1.2773153969110116,9,100,100
905218973914685932,1,0.5016578622507449,1.504973586752235,9,100,100
2374955728533730512,1,0.47421242527910096,1.422637275837303,9,100,100
-1051645042051550437,1,0.25704440665289413,0.8128457848296835,10,100,100
-8764391356528927722,1,0.7836959955606491,2.21662701139871,8,100,100
316306358491394801,1,0.7580180654415308,2.1439988573424587,8,100,100
-3668826723083488071,1,0.3872057793426642,1.0951833291512796,8,100,100
-1155963201271699155,1,0.6964038248555656,1.9697274679984769,8,100,100
-4511976375429146985,1,0.6632526376806015,1.9897579130418044,9,100,100
2682446288539432825,1,0.5430460053452384,1.4367646806105532,7,100,100
8828798649155876489,1,0.4846414127030984,1.6788471005074461,12,100,100
2002369796873604439,1,0.5016187193934452,1.4187919922128682,8,100,100
-87542298248277676,1,0.37304888671138137,1.0551415900308396,8,100,100
8243977560772412166,1,0.6622050597593139,1.8729987531674153,8,100,100
-8410973083190269201,1,0.5357782122822192,1.5154096284670513,8,100,100
6151552415519464928,1,0.3950396669483594,1.1851190008450783,9,100,100
-3441986457857310559,1,0.29616877544895065,0.888506326346852,9,100,100
3162470461538183775,1,0.8072964272201814,2.5528954569321276,10,100,100
-4852427694562422442,1,0.4484449685899527,1.4181075059869181,10,100,100
-5609315510421662357,1,0.42605210053865195,1.2781563016159558,9,100,100
6674855739664807966,1,0.31608820673660554,0.8940324577461966,8,100,100
1638356652310050252,1,0.3258110028332087,1.3433531786697344,17,100,100
-5922507477400231116,1,0.6653451653557837,1.7603378435505517,7,100,100
-3630752226466143872,1,0.5328229754009675,1.5070509563120684,8,100,100
-1070983144757027940,1,0.383484387257833,1.150453161773499,9,100,100
-5398205783788743141,1,0.7720845935695844,2.1837850070508504,8,100,100
-7440940560052927411,1,0.3331664272555022,0.9994992817665067,9,100,100
7563739591912589366,1,0.6086884340635389,1.7216308774245963,8,100,100
6791239118677028081,1,0.6715735691491141,1.8994968992439658,8,100,100
-2139198256430053010,1,0.2769678579550762,0.7833834021229875,8,100,100
-7691633053065258242,1,0.5859322798278082,1.6572667535293475,8,100,100
2495269929850112379,1,0.37079458955710753,1.1725554470677446,10,100,100
5962564049048788161,1,0.2572939688469966,0.8136349697809164,10,100,100
-4910372080249478516,1,0.5342543956923976,1.602763187077193,9,100,100
-8842282128789080467,1,0.7119135785296912,2.0135956759885056,8,100,100
-5672128806121357667,1,0.5402946802425748,1.528184128954168,8,100,100
2724500209406456322,1,0.5630696102780318,1.5926013588306513,8,100,100
-4547127923817070812,1,0.8117962057358288,2.296106408069257,8,100,100
5595693232563592396,1,0.6898753843127894,1.9512622496849958,8,100,100
-5806223758821447327,1,0.7509944196863445,2.124132987173881,8,100,100
5945042922784369602,1,0.5559060598259271,1.5723397784224307,8,100,100
5599628608996678604,1,0.45262946921496106,1.3578884076448832,9,100,100
5771008770822557250,1,0.34614541000612925,1.1480344478940623,11,100,100
-8453410839256870377,1,0.9688526175518879,2.7403290233651068,8,100,100
2103259720749830494,1,0.5497789186737788,1.5550096061905458,8,100,100
4792037586113605312,1,0.4364488690303749,1.4475371387487184,11,100,100
4788488129726056851,1,0.5499597386739085,1.9051164190010237,12,100,100
-6887168439468953098,1,0.5040052340088214,1.4255420748846013,8,100,100
915760671069450253,1,0.47772529928029545,1.3512111946618792,8,100,100
7145278621770786719,1,0.4725289620056537,1.4942677803330318,10,100,100
-5513859560730205252,1,0.7172754140989906,2.151826242296972,9,100,100
3002895297098112387,1,1.0874837410524847,3.0758685109133097,8,100,100
-650067327226916973,1,0.6337902447982232,1.7926295197868227,8,100,100
-2557146273859880979,1,0.5807126597656964,1.7421379792970892,9,100,100
-5135382391124779703,1,0.4519540687996581,1.3558622063989743,9,100,100
-7754207114389239124,1,0.37219766357241774,1.1165929907172532,9,100,100
1745927932171268910,1,0.2738626439453719,0.7746005305897979,8,100,100
8711130586983187363,1,0.45920271470386437,1.377608144111593,9,100,100
-7899578924345663688,1,0.4054167599835571,1.1466917607642086,8,100,100
3078122651047606120,1,0.3731235790072773,1.1193707370218318,9,100,100
-5312375820836705402,1,0.43385979427043336,1.2271408104512955,8,100,100
127335908943434719,1,0.32401959846756184,0.916465821255021,8,100,100
6016777687189722833,1,0.7735164058257084,2.320549217477125,9,100,100
-6106094366950845312,1,0.3585969836963156,1.0757909510889467,9,100,100
224481519797310063,1,0.6673555971934064,2.0020667915802193,9,100,100
1168611404834933720,1,0.482868250117309,1.3657576563105245,8,100,100
5865749619390322143,1,1.006744727009287,2.847504093568266,8,100,100
2108497728693370180,1,0.6210373652247355,1.9638925861800118,10,100,100
-4299405251263153500,1,0.5641833853126256,1.784104515612285,10,100,100
-8701859223441989708,1,0.5952830270949443,1.8824502180597504,10,100,100
-8761147021159370781,1,0.422417712982111,1.1947777173718537,8,100,100
-3764960660689210857,1,0.4309955230317883,1.3629275141160104,10,100,100
-2005293968477426585,1,0.38296091947966204,1.0831770523740178,8,100,100
-4344289449772796415,1,0.5517584910671447,1.5606086824433405,8,100,100
-2781030322960077428,1,0.5104015471812985,1.5312046415438956,9,100,100
6230474637541580661,1,0.7208380073808262,2.038837772623923,8,100,100
-609626293868508634,1,0.35904280643679876,1.0771284193103963,9,100,100
2994235202054387937,1,0.7184547082186105,2.0320967846271274,8,100,100
-2396453956760763463,1,0.46190287849880723,1.3064586305443702,8,100,100
4402349211619821774,1,0.5207952867085195,1.5623858601255585,9,100,100
-5776083829041368777,1,0.3815885996648102,1.4277738026445612,14,100,100
-2805205851648602009,1,0.6076464481658079,2.4305857926632317,16,100,100
-831281928208870199,1,0.546538234060497,1.7283056479973864,10,100,100
-5930663427773699914,1,0.7058832440692491,1.9965393144292995,8,100,100
7508410452228591285,1,0.6714344342340607,2.4208912807430596,13,100,100
-7328312033551523066,1,0.28289161914357785,0.8001383289490642,8,100,100
-7719858634210704879,1,0.6535809134710396,1.9607427404131188,9,100,100
5252163075024024285,1,0.575670729394972,1.5230815870382564,7,100,100
-502212435200278163,1,0.517349079664518,1.552047238993554,9,100,100
2731347336210276866,1,0.3726526832385535,1.1179580497156605,9,100,100
2089283196769847164,1,0.5688345486876714,1.970500678855118,12,100,100
-8483657726604884505,1,1.00671024677335,2.847406568733674,8,100,100
5541331101083773298,1,0.3527882887204401,1.0583648661613203,9,100,100
-1957357274111137463,1,0.4156557984074264,1.175652134773599,8,100,100
7466936453013142897,1,0.2897966290002612,0.9611466839036928,11,100,100
8170407552989548681,1,0.30064765982687564,1.164403379585722,15,100,100
7717721542947136563,1,0.5350539489255061,1.6051618467765183,9,100,100
-2887305921827099995,1,0.42464612903544086,1.3428489673257538,10,100,100
5947404711755869084,1,0.6448747343039123,2.1388075304662073,11,100,100
4772715640841435563,1,0.47829776879477637,1.3528303829647275,8,100,100
-4184569725653603290,1,0.41704259401907706,1.3188044784051984,10,100,100
-607682892363845674,1,0.39049799765183285,1.2348630943148753,10,100,100
8902584352921128052,1,0.5389872387014296,1.5244861258351732,8,100,100
7445964494921730935,1,0.6921575494400537,2.076472648320161,9,100,100
1670413326104963398,1,0.8218907065152586,2.5990466203132083,10,100,100
-3260969151303083787,1,0.5307145009196953,1.5010872898974033,8,100,100
-210743135049546065,1,0.5019473713211396,1.4197215602397593,8,100,100
-7670218816774864565,1,0.3077933642129231,0.870571100156715,8,100,100
-2262963160839748892,1,0.3733290085301894,1.1199870255905682,9,100,100
4894845942826133984,1,0.5585552444680285,1.5798328041226113,8,100,100
-9110277226315518141,1,0.6651026866311771,2.103239367651742,10,100,100
5246701713381710934,1,0.4833957646609686,1.3672496927545095,8,100,100
-8983000358571328855,1,0.4344293393586807,1.3737861947756638,10,100,100
-1422865462659901895,1,0.9132799425770012,2.583145762071433,8,100,100
-8854316210174798554,1,0.2843547969572096,0.8992088219794995,10,100,100
-7877705911452306604,1,0.45790215986270366,1.2951428894355372,8,100,100
-3166925328804587027,1,0.9798327739891212,2.7713855956661337,8,100,100
-3555802762282294033,1,0.4435062079689425,1.3305186239068276,9,100,100
3308502966192156971,1,0.7175432064313331,2.0295186682477375,8,100,100
-4592074962742868319,1,0.4462040952081552,1.2620557660595777,8,100,100
7520665245453340363,1,0.8478592767870258,2.3981081764321117,8,100,100
-3324463081170075760,1,0.6331573731926204,1.8994721195778614,9,100,100
-2708185687405470163,1,0.40087100557698196,1.267665425545324,10,100,100
6632582590560309922,1,0.7281565824404136,2.4150221725823413,11,100,100
8828808134313792805,1,0.5159463926212513,1.4593167718048947,8,100,100
-4551324548980167305,1,0.5015983388621136,1.5861932213612304,10,100,100
1373042882620791699,1,0.8904945000610072,2.518698798409851,8,100,100
-7512432260003991248,1,0.7099334413981767,2.007995002415013,8,100,100
-8835467509330677214,1,0.4963757381816089,1.4891272145448267,9,100,100
4633836452694031700,1,0.6559078224648082,2.0741626541101503,10,100,100
2642311386031280644,1,0.3787256945879607,1.3119442903163225,12,100,100
4393532674001821363,1,0.28918968506001025,0.8675690551800307,9,100,100
7793569975484592663,1,0.3719951378487726,1.1763519141104304,10,100,100
212062497773076386,1,0.7251342804510849,2.1754028413532547,9,100,100
-3906127952699306397,1,0.5948255592723775,1.6824207463383152,8,100,100
-3514738412844356425,1,0.4039866359811493,1.2775179139697637,10,100,100
6856736503190948505,1,0.29281192334316014,0.8281971864328963,8,100,100
8094156554758065610,1,0.6524290214101225,2.26008042682955,12,100,100
-1881151453019704272,1,0.6045982249913363,1.7100620191388956,8,100,100
262152729087389306,1,0.509305474526552,1.6105653242967708,10,100,100
2651228173442336905,1,0.47029874257915055,1.4108962277374517,9,100,100
2116567548156038668,1,0.4018503269574983,1.1366043648547133,8,100,100
850862139752421002,1,0.4842251861997738,1.3695956511327148,8,100,100
655680398671543375,1,0.823127909619602,2.730006430677791,11,100,100
-3800389665119215738,1,0.3529244871028969,1.2724873346163241,13,100,100
791658849820278329,1,0.46457986575027044,1.3140302938990085,8,100,100
276650059080349378,1,0.5552016677904227,1.6656050033712682,9,100,100
6999425735966102184,1,0.4952130426094687,1.4006740022447122,8,100,100
-4045754249699559936,1,0.37757817972710644,1.1327345391813193,9,100,100
-7147212879637582716,1,0.6913621596472062,1.955467485369264,8,100,100
-8174005580696755005,1,0.7204210909012744,1.9060550457706293,7,100,100
4978136849089400743,1,0.41274140684253174,1.3052029302846064,10,100,100
2348406676378910440,1,0.49008532787538717,1.3861706348028753,8,100,100
-1760198351231059391,1,0.6739346766436918,2.0218040299310753,9,100,100
-7190189551227717571,1,0.5171268682174968,1.5513806046524903,9,100,100
-1420529749851954146,1,0.29382575924585763,0.8310647474001274,8,100,100
8122500623623439612,1,0.8714735927557128,2.7558414737980668,10,100,100
792525720003133998,1,0.5122080008476334,1.5366240025429003,9,100,100
-9007193441461448929,1,0.4243532281415914,1.2730596844247741,9,100,100
4214037280562779249,1,0.5539192935834698,1.7516466076352566,10,100,100
-5915711339518088681,1,0.5027067498572695,1.5081202495718085,9,100,100
1358998521849298292,1,0.7864148086954749,2.2243169762163673,8,100,100
-3891283240439874779,1,0.4930278985562975,1.5590911094443416,10,100,100
2406793433987040085,1,0.5033864077482159,1.4237917699035996,8,100,100
-4717538779493522205,1,0.5965884647867535,1.7897653943602607,9,100,100
-3955688872570786450,1,0.4163377760695986,1.316575648349077,10,100,100
-8200524346678035786,1,0.5812378891398006,1.7437136674194016,9,100,100
-4998204550403341548,1,0.40991418478496294,1.1594123990640113,8,100,100
5394374399953478492,1,0.48508743031124263,1.6088529968600647,11,100,100
5946226246535363009,1,0.6542873965201574,1.8506042196971795,8,100,100
8729660659783157774,1,1.02488429161592,3.07465287484776,9,100,100
-1245460734275148635,1,0.5078917430322635,1.4365347824270758,8,100,100
6329236042782310562,1,0.5194368869474674,1.558310660842402,9,100,100
2462933733852613450,1,0.39056882422273814,1.1046954565118194,8,100,100
5198219223685349505,1,0.3456984454685544,0.9777828601458509,8,100,100
8246751587584816940,1,0.31430152497826636,0.8889789585976209,8,100,100
2063630837763155157,1,0.33057604047819317,1.2369022837457129,14,100,100
-8590159301829297488,1,0.39359347360516417,1.11325045686792,8,100,100
3958561317935073446,1,0.5813703233671328,1.6443635921340622,8,100,100
-4912094549946577891,1,0.5255711499354886,1.5767134498064659,9,100,100
7225246507845889689,1,0.5954517405525882,1.7863552216577645,9,100,100
7686731775706637405,1,0.5285407346594438,1.5856222039783316,9,100,100
577086268295892711,1,0.5105325252832349,1.444004042576272,8,100,100
-4836564614342722555,1,0.40181867719599085,1.2054560315879725,9,100,100
3327154470425561734,1,0.44711818078784255,1.2646411905075048,8,100,100
5431106884078180668,1,0.333568263985014,0.9434735258097113,8,100,100
5937095086392469544,1,0.3070836618756301,0.8685637588154197,8,100,100
-5469319068431200457,1,0.7431114895265165,2.3499248623441518,10,100,100
-5872728484035020224,1,0.3475232987395852,0.9829443246363163,8,100,100
-305293808758784241,1,0.6948315780670972,1.9652804825351777,8,100,100
-7918824368941295278,1,0.31241257560066676,1.0822289077276155,12,100,100
-470530229261271567,1,0.4361970364124501,1.3793761436787442,10,100,100
8400103620385982906,1,0.824319936372817,2.3315288675059294,8,100,100
5879498265114468941,1,0.4309992377467051,1.2929977132401154,9,100,100
-3719504051567690629,1,0.6433626415399165,1.81970434637986,8,100,100
-8991697877743091215,1,0.554267176791989,1.6628015303759671,9,100,100
401376594985142922,1,0.2943034317724685,0.8324158093311396,8,100,100
-989602339473743330,1,0.7925417025178301,2.2416464488939565,8,100,100
220920897208850267,1,0.4790905724677633,1.3550727703780021,8,100,100
7301903026209075930,1,0.39969323449042776,1.1305031860102654,8,100,100
-666657317141080813,1,0.45263599705353963,1.2802479317027682,8,100,100
-411215153585483702,1,0.7143781466625158,2.0205665273461717,8,100,100
2621765653377613053,1,0.5650244914758143,1.598130597836116,8,100,100
-7724155321692870296,1,0.4833942322209558,1.3672453583596103,8,100,100
4627822721813414124,1,0.4462981733305609,1.2623218591728351,8,100,100
-7785459707171178169,1,0.35031339602178063,0.9908359114699584,8,100,100
3996867789481250645,1,0.3891617589373817,1.1007156748924285,8,100,100
-3408555489276863533,1,0.6049758429236081,1.7111300839413237,8,100,100
-8421380529906453957,1,0.8060382541876361,2.2798204617273745,8,100,100
7746587568860068043,1,0.5755752226587648,1.7267256679762946,9,100,100
-6365389491125707193,1,0.6038718236567533,1.90961037755489,10,100,100
9013608341219585037,1,0.4153226464211921,1.3133655265397466,10,100,100
-9013124029687153612,1,0.564037657369897,1.783643683394532,10,100,100
3992638852618321489,1,0.7121540215148554,2.014275751449699,8,100,100
8328979351633007967,1,1.2515359732955702,3.754607919886711,9,100,100
4457628212673375600,1,0.5817956569669654,1.7453869709008965,9,100,100
2222271438685432371,1,0.4191511786184894,1.1855385629738708,8,100,100
2527058148876654338,1,0.4743632675210102,1.6432425611815542,12,100,100
30060302133795711,1,0.7295422759974655,2.3070152415351792,10,100,100
-1023815510652786806,1,0.8150843154853272,2.938828293308814,13,100,100
3586777849199312604,1,0.3673709799628637,1.039082044571553,8,100,100
4453919790338848075,1,0.39949108344069795,1.263301728600981,10,100,100
-1080511145494840161,1,0.423378887895721,1.1974963305691337,8,100,100
-9149999098129224852,1,0.3733724839371932,1.180707464876163,10,100,100
7989168535737352501,1,0.5570353472460716,1.7615004345203882,10,100,100
2021275188378253384,1,0.4774185917809063,1.350343694851244,8,100,100
-8012043108926909003,1,0.5541015419474346,1.5672358311078127,8,100,100
2134935346931810467,1,0.5441636756653722,1.6324910269961166,9,100,100
7495913317504035048,1,0.562832480527315,1.5919306546116399,8,100,100
1931006045195414458,1,0.6954302044299221,1.9669736535773799,8,100,100
9175387817365652217,1,0.6354604406239622,1.9063813218718868,9,100,100
4683711786377246675,1,0.4779627838735333,1.3518829025271026,8,100,100
-7716384782891686197,1,0.3665769521517215,1.0368361947727154,8,100,100
4101779223835406906,1,0.5224712172094794,1.4777717626544502,8,100,100
-6716063774607050486,1,0.5260647833090876,1.4879359024851502,8,100,100
-3648204134294388316,1,0.663800989990791,1.9914029699723728,9,100,100
-3500417136000424599,1,0.4091472811256136,1.2274418433768408,9,100,100
-4386744511149253328,1,0.6990846040788831,1.8496040077867753,7,100,100
-7247859767447226975,1,0.4337565907247163,1.2268489067432193,8,100,100
4035466328204759497,1,0.5994026214356758,1.8954775192124018,10,100,100
6023091472277219688,1,0.4641317205651143,1.392395161695343,9,100,100
8573317687833244668,1,0.6741391864560672,1.90675356082667,8,100,100
3000814311952159323,1,0.38038676557286677,1.1411602967186003,9,100,100
3368242235036034756,1,0.7373955488087809,2.2121866464263427,9,100,100
8182577161213711576,1,0.31755754208075,0.95267262624225,9,100,100
-7079596048178259998,1,0.42151810997066685,1.1922332558127817,8,100,100
-1849339712877308544,1,0.3860704649767959,1.2804508749660775,11,100,100
-180408906397217772,1,0.559896776695643,1.7705490689449155,10,100,100
4007628111532937669,1,0.841290987227942,2.5238729616838262,9,100,100
2171490380516856284,1,0.3425624897607271,1.0832777085820067,10,100,100
-537142190351762074,1,0.47787785338467703,1.433633560154031,9,100,100
1346514208145302311,1,0.406737667255768,1.1504278507222045,8,100,100
-597157194827193239,1,0.3487606157762249,1.0462818473286748,9,100,100
3999439599908078031,1,0.8737443858189583,2.3117103543158346,7,100,100
-5806085015371086410,1,0.3785294870311705,1.1970153405536668,10,100,100
3810524430141178378,1,0.5280509398960919,1.4935536016498263,8,100,100
4372466370100389800,1,0.6507120400413241,2.057732147425271,10,100,100
5981580759251368887,1,0.6094074245413938,1.8282222736241815,9,100,100
-6682779637940757422,1,0.6184531553330659,1.7492496799289126,8,100,100
7319511398668914637,1,0.49084406237284306,1.5521852130679363,10,100,100
-3501307958544771969,1,0.796807490176983,2.519726525641509,10,100,100
4981645149989165276,1,0.5572585591610978,1.5761652242282285,8,100,100
-473298815511751233,1,0.7258055717513638,2.052888166433475,8,100,100
-4847378126974715981,1,0.6377095301961081,2.0166146010156254,10,100,100
226144939386055094,1,0.5021740347967611,1.4203626613623963,8,100,100
-5920883115391683620,1,0.5253706471724537,1.8942508070039819,13,100,100
-135732139178588796,1,0.6724397651937402,2.126441247281035,10,100,100
-8926160736150682089,1,0.763471710774408,2.414309535152445,10,100,100
5149071639182381211,1,0.3770609919450911,1.1311829758352732,9,100,100
-967370733910602508,1,0.2975949691078115,0.8927849073234346,9,100,100
8678041286576950096,1,0.5258608403765893,1.6629179878802587,10,100,100
840915130257690270,1,0.3964602686426392,1.1213589777130022,8,100,100
1007346118881690183,1,0.2713772686749783,0.9400784347286647,12,100,100
-196184044505676249,1,0.42344265386041574,1.197676687953312,8,100,100
-8739769755016867598,1,0.6105662436192617,1.7269421249071102,8,100,100
5613614617344712290,1,0.4439172068596304,1.2555874690233442,8,100,100
3712954114226810171,1,0.2919183162139111,0.8757549486417334,9,100,100
2602860738067542013,1,0.44551335157756067,1.4088369190004613,10,100,100
-4070230278871020129,1,0.6518917963305911,1.9556753889917733,9,100,100
7559558584911442009,1,0.9424026688382834,2.665517270975402,8,100,100
-2073554646069014687,1,0.40977981895245563,1.1590323550987085,8,100,100
4444109792222284797,1,0.7421647341336559,2.099158865053677,8,100,100
-6873774609804680332,1,0.833384885974138,2.3571684168427627,8,100,100
3504154370876797121,1,0.8072395366067183,2.283218201505987,8,100,100
-8472133976200426186,1,0.6547571325808381,1.9642713977425144,9,100,100
-5231025287650803989,1,0.5024086293017697,1.329248289665321,7,100,100
5326044460614824108,1,0.6185450024088713,1.7495094626894494,8,100,100
2186467898413587652,1,0.6952201046359182,2.1984790057900874,10,100,100
-7682883655701584513,1,0.6114461356131994,1.7294308352896106,8,100,100
7180507028349679553,1,0.44464654876933096,1.3339396463079929,9,100,100
-7204733601936772689,1,0.4426547010118822,1.3279641030356466,9,100,100
3752577279185437554,1,0.388517632969055,1.2286006313195406,10,100,100
3594387380400782326,1,1.812262237094077,4.7947951897845025,7,100,100
5537501178739502647,1,0.5659738424434924,1.6008157678640005,8,100,100
6491976292304349375,1,0.5270644533082867,1.49076339622668,8,100,100
-1262183951566653064,1,0.7438874558691528,2.1040314579387465,8,100,100
8478328189158711404,1,0.5846915911895154,1.653757556131436,8,100,100
1103459134818429292,1,0.5881851351841552,2.0375330767914503,12,100,100
-3167405465748609435,1,0.6314895515098742,1.7861221764843347,8,100,100
-5987148104519601828,1,0.8516850611159738,2.408929128601537,8,100,100
8337633388161329291,1,0.7861686280126242,2.3585058840378728,9,100,100
-8073450122841052492,1,1.1059484481863857,3.317845344559157,9,100,100
-5554050511983168610,1,0.7843447783026631,2.480315970296232,10,100,100
-3675578875838224176,1,0.44625149587461194,1.411171136221007,10,100,100
-121762472632890878,1,0.868742625025822,2.4571752050462434,8,100,100
-381899260580082497,1,0.9032866588325779,2.7098599764977336,9,100,100
-8150138514913460417,1,1.2014693548364745,3.39826851277079,8,100,100
-6392193068101126413,1,0.6859938158188215,1.9402835160700969,8,100,100
-2523329639331357138,1,0.6621004096742299,1.8727027580281568,8,100,100
6213776374996335421,1,0.43384431444107324,1.227097026882047,8,100,100
4703538105621949128,1,0.7335942288344056,2.0749178153924968,8,100,100
5969361192648174710,1,0.46021059210330806,1.3016721218005014,8,100,100
49074211994252723,1,0.9304145613296756,2.6316097825236824,8,100,100
-7211019319509816376,1,0.48756363957829235,1.3790382232232172,8,100,100
-7596820118423504164,1,0.385981597977098,1.2205809845190696,10,100,100
8783086750882508716,1,0.4148616089153121,1.4958048031656461,13,100,100
293265271089548148,1,0.47837606788974635,1.5865939258758706,11,100,100
4565369476718707654,1,0.6050046095722345,1.7112114483105865,8,100,100
6599922036642809886,1,0.5805865960045701,1.6421468764033842,8,100,100
-5344117971521793043,1,0.4749397966597051,1.2565725896891649,7,100,100
-5899326550400808300,1,0.9959466125012951,2.9878398375038855,9,100,100
-7300581576505492116,1,0.3866487225975459,1.1599461677926377,9,100,100
8164039669287981543,1,0.39428994363094577,1.1152203715804134,8,100,100
-3877133029714923608,1,0.8208126334547073,2.3216087167976465,8,100,100
1207214261651722831,1,0.825002169076668,2.3334585129908905,8,100,100
-957279769121838526,1,0.3945002685123484,1.4760848437635317,14,100,100
1536609588322289292,1,0.3909688896395759,1.1058270123884761,8,100,100
-4314452980316988296,1,0.6635735709442313,1.8768694873233542,8,100,100
-2145068565263920211,1,0.74502515025025,2.107249343585913,8,100,100
783521650646872971,1,0.46584641346013506,1.3176126317963748,8,100,100
-3516917231575068281,1,1.0401617174137627,2.942021615655668,8,100,100
2140918549329560844,1,0.42932118023939575,1.2143036714171551,8,100,100
2086349402018177348,1,0.3038505661704078,0.9115516985112233,9,100,100
4015013995342768522,1,0.4439132683593212,1.2555763292622388,8,100,100
2804522339558582840,1,0.5337489726049703,1.5096700719213092,8,100,100
6094304179459436493,1,0.7922705750151862,2.2408795845112137,8,100,100
2357166747428240605,1,0.4355369810284876,1.4445127483956315,11,100,100
-7457784635066215086,1,0.30962614252502435,0.9288784275750731,9,100,100
-625904610032987930,1,0.7594171401849785,2.1479560382963734,8,100,100
-8958754433250787836,1,0.38395831815040676,1.1518749544512203,9,100,100
-5688621625853850954,1,1.0321742143999648,2.9194295454724504,8,100,100
8926734078882818130,1,1.0818250678592436,3.0598633661634724,8,100,100
-887321498113526732,1,0.40387608754193616,1.2771683291100735,10,100,100
1591957827404197012,1,0.4330257505548573,1.224781778582936,8,100,100
4911250092676660575,1,0.44758236976241583,1.4153797289849108,10,100,100
7363842839388492566,1,0.46096007122576044,1.3037919688798767,8,100,100
4221620778302329707,1,0.559762648846077,1.5832478594160209,8,100,100
163812951030211182,1,0.5353079817478902,1.6059239452436704,9,100,100
7920718418002827464,1,0.5938110879899763,1.6795513882458957,8,100,100
2121259092705466941,1,0.38243592278056265,1.147307768341688,9,100,100
-950208456725712687,1,0.3530026936796442,1.0590080810389326,9,100,100
-2595528603820801676,1,0.7480991010962216,1.9792841775315702,7,100,100
-2780058936079627043,1,0.43009150937762347,1.2902745281328705,9,100,100
-1131433347726120293,1,0.5216492119082763,1.649599649261983,10,100,100
8436925453019236967,1,0.5747638924905975,1.7242916774717922,9,100,100
-8525225031162133311,1,0.7677242688022068,2.171452146206097,8,100,100
397449176796216647,1,0.6330577860602972,2.192976499167006,12,100,100
485136161994804620,1,0.27917064955693094,0.7896138376398365,8,100,100
3484811543814230737,1,0.6001633240867773,1.897883072212011,10,100,100
1909856162376935932,1,0.4101894996063903,1.478959273487756,13,100,100
3328699605599039876,1,0.3796277223380629,1.3150690061023507,12,100,100
-4800422931691649309,1,0.3269088728814746,1.1786867035782957,13,100,100
-65592535030514367,1,0.6148855159442339,1.7391588719102273,8,100,100
1326444533965480798,1,0.48851192983224645,1.544810362434256,10,100,100
4394179002166137256,1,0.7246619721853794,2.0496535784011964,8,100,100
3295179862792491831,1,0.3817497916226731,1.1452493748680193,9,100,100
9000787083586859121,1,0.5117702276124759,1.697349823865363,11,100,100
2239998949300071297,1,0.8637535945372947,2.443064095886307,8,100,100
5287307031252764063,1,0.7417637847534104,2.3456630456476564,10,100,100
-7490593472298881761,1,0.47888445261082274,1.4366533578324683,9,100,100
-4604487488070072645,1,0.5676272786399611,1.7028818359198832,9,100,100
-554960551236863452,1,1.0151609755492081,2.8713088392271846,8,100,100
9137688291399976540,1,0.4388704200225204,1.2413130002404502,8,100,100
965576895333077864,1,0.4364684964493531,1.3094054893480593,9,100,100
487008727500590945,1,0.3094958431648847,1.0721250501858983,12,100,100
-3248419305586561643,1,0.9506018336432467,2.6887080111100246,8,100,100
-8586146646617183692,1,0.5329386645799202,1.6853000332410508,10,100,100
-8971984320393004645,1,0.4644235811048129,1.7377139228328298,14,100,100
-2862836535536529031,1,0.5150376926629345,1.4567465801945358,8,100,100
1738689315650258128,1,0.5992582641801074,1.6949583291353343,8,100,100
-3681457357452826929,1,0.33071555080303383,1.0968593943493827,11,100,100
-6853772166146366548,1,0.38367970292415454,1.2725216142744462,11,100,100
234031674142875462,1,0.4145961377038679,1.2437884131116037,9,100,100
507629617248478608,1,0.6006166837229034,1.6988005198169638,8,100,100
8070938625005340407,1,0.7334170454111062,2.2002511362333186,9,100,100
-7971904342391954622,1,0.4766808029544077,1.430042408863223,9,100,100
-3207884824372475669,1,0.6880496308781789,1.9460982391474453,8,100,100
-3579749747326606936,1,0.5882302357695932,1.8601473336097636,10,100,100
3671713059510817448,1,0.5007763328265967,1.8055747455451148,13,100,100
3879893366610892216,1,0.6743917393437807,1.9074678882647118,8,100,100
612101885390099706,1,0.5922762227236325,1.7768286681708974,9,100,100
-4557617869928757559,1,0.5160709316533909,1.9987341237553293,15,100,100
-8633454031635852635,1,0.7484134383205331,2.2452403149615994,9,100,100
-6735974575142510437,1,0.4711987792553016,1.4135963377659049,9,100,100
5153412854745122443,1,0.45021554780084977,1.4237065690710964,10,100,100
1929845448734371465,1,0.4084832440296294,1.155365087417721,8,100,100
7904461242156377970,1,0.38076111488927067,1.142283344667812,9,100,100
7535163478939500916,1,0.5793713284056017,1.738113985216805,9,100,100
622815458524660493,1,0.5027695986945646,1.589897070163643,10,100,100
6928560941950865925,1,0.8627964066528151,2.4403567597103666,8,100,100
-4536664682805638296,1,0.5616366035267323,2.246546414106929,16,100,100
-1216947466300026388,1,0.6440493506819347,2.136070042684003,11,100,100
9082916566110104193,1,0.7038688867219793,2.225828856168503,10,100,100
-209679455774804345,1,0.6601620118606393,1.8672201410736482,8,100,100
-2627255930426273429,1,0.7985744881915301,2.25870974353123,8,100,100
2478513139835853661,1,0.46363338158419093,1.3909001447525728,9,100,100
2853361815711557929,1,0.35286937816993186,0.9980653207081565,8,100,100
-3438259129923724201,1,0.5049286328354268,1.5147858985062803,9,100,100
-5380665966547463574,1,0.8056658350261507,2.278767101269254,8,100,100
3133359932680890190,1,0.7308664726582483,1.9336909282487134,7,100,100
-6495065283955583788,1,0.4477923536040849,1.3433770608122548,9,100,100
-7269153655495514095,1,0.3933458827676483,1.1125501642272515,8,100,100
6130669813848170240,1,0.37148270154470475,1.0507117494230365,8,100,100
3676408514095749903,1,0.45965331685127053,1.3000959093616886,8,100,100
-8449853331277382978,1,0.8572048642066664,2.7107197922684105,10,100,100
-2886880623254107349,1,0.4607337287844958,1.3031517757795226,8,100,100
-2314178162307645387,1,0.587150395931955,1.5534539298290633,7,100,100
-2610804151027265016,1,0.6084488745074264,1.7209533006780955,8,100,100
-475658896302324177,1,0.6074506619977244,1.7181299293393932,8,100,100
-1964042920152537993,1,0.4502297424665723,1.2734420159599449,8,100,100
6681391145125211283,1,0.50434625632428,1.4265066316517883,8,100,100
5924409322517329509,1,0.6744787216921665,2.132888993866064,10,100,100
-8553693310037121209,1,1.0132689016143501,3.0398067048430506,9,100,100
1422142654424615694,1,0.3068934670435635,0.9206804011306906,9,100,100
224265665252699398,1,0.6576691546691994,2.1812418222279466,11,100,100
-1792372697270761928,1,0.6345921535821561,1.7948976603428706,8,100,100
5124224387575605668,1,0.3547572476638228,1.1218409190701277,10,100,100
-786101934245206512,1,0.7452320080794315,2.107834425880936,8,100,100
3489468194518707635,1,0.6534586152798719,1.9603758458396157,9,100,100
8931416196346701703,1,0.8403592352856327,2.3768948556128495,8,100,100
4179542839763804852,1,0.4240245313928142,1.1993224861492282,8,100,100
6418191971951171202,1,1.0430276710760922,2.9501277567324666,8,100,100
-5070492083828101308,1,0.6040886160150928,1.8122658480452782,9,100,100
192988216286354989,1,0.6515050138767585,1.8427344531571668,8,100,100
-8447750194723152954,1,0.2950436607542782,0.8345094930618134,8,100,100
-5633871911927463281,1,0.29319416311559815,1.243917485660125,18,100,100
-7786661706827367176,1,0.29015293707133694,0.9175441509329305,10,100,100
-4991609438805368588,1,0.42265697057472307,1.1954544400365992,8,100,100
8071957984101194185,1,0.44920549912428065,1.2705450183082665,8,100,100
8099451776835363097,1,0.3766807172362468,1.0654139579998503,8,100,100
-6726269601434213805,1,0.29556050390066974,0.934644378713197,10,100,100
7289891818842439933,1,0.40548083340002955,1.1468729877533346,8,100,100
1266845414956490286,1,0.6896605713999597,1.9506546670156029,8,100,100
5180907331378248267,1,0.4353206151345089,1.231272635807642,8,100,100
-716820847901797485,1,0.44798128071792154,1.48578582124422,11,100,100
-7662982843987342734,1,0.5428500636095206,1.7166426289733707,10,100,100
5317272579482100400,1,0.8835143889020117,3.060583621592905,12,100,100
-7309908774381727473,1,0.6657988382121255,1.9973965146363764,9,100,100
-3192439419107401366,1,0.5651007608492963,1.6953022825478887,9,100,100
4755967633085485251,1,0.6023624745256351,2.086644820902627,12,100,100
5834580090848416255,1,0.33715088481821537,1.011452654454646,9,100,100
1226703133414666303,1,0.4837595444536751,1.67579221928028,12,100,100
3353719125120887317,1,0.6891814533890969,2.1793831138547164,10,100,100
-5505526601814001510,1,0.48076648116315085,1.3598129559906342,8,100,100
-5754017470190324530,1,0.8404634256859903,2.223657210410546,7,100,100
6922062280700445065,1,0.5875520516161313,1.7626561548483939,9,100,100
-6204074719106940551,1,0.6049898842296991,1.8149696526890973,9,100,100
6074154459961332652,1,0.8589339401440074,2.576801820432022,9,100,100
-39770023236574383,1,0.504359171709272,1.513077515127816,9,100,100
-2862870315380907174,1,0.5693495581333067,1.6103637336865024,8,100,100
-5987012970810649688,1,0.5185952756398757,1.8698218575329528,13,100,100
6852421874653422379,1,0.4000469012402666,1.2001407037207998,9,100,100
-1808109540564446637,1,0.48227328226562466,1.3640748331004686,8,100,100
6167977299946660363,1,0.4513248413547252,1.4272144632950856,10,100,100
-1365490014946172719,1,0.31184046289080725,0.9355213886724217,9,100,100
4211727769148733625,1,0.5408558084703119,1.5297712392539604,8,100,100
-4322775683193696877,1,0.5038317480986637,1.5932558814959865,10,100,100
-1760246343920980302,1,0.41263098200796855,1.4877621634747893,13,100,100
-3481264047146484325,1,0.4580291356677489,1.3740874070032467,9,100,100
5995366384308385761,1,0.7492628578999504,2.247788573699851,9,100,100
3478885032230619126,1,0.6542726704703179,1.7310427756905744,7,100,100
9213750946374648615,1,0.6568469206152805,1.7378536013866175,7,100,100
5463121302494290567,1,0.3947446708229758,1.1842340124689275,9,100,100
-4131715329920082142,1,0.6639462030802079,1.8779234501643027,8,100,100
6598527926553121211,1,0.4082131020251741,1.1546010104447864,8,100,100
2049285453792271740,1,0.5555811240701142,1.5714207213168896,8,100,100
4960940645487006943,1,0.3968747399078208,1.1906242197234624,9,100,100
-7947999078634343991,1,0.6499005448644913,1.949701634593474,9,100,100
-2546973827971050809,1,0.3345477103026792,0.9462438183418284,8,100,100
-1571127771993384414,1,0.49977960527057147,1.4135901919422285,8,100,100
-4113519508871998176,1,0.7463337382251634,2.1109505893092746,8,100,100
-3599790914416110013,1,0.5668603652800781,1.6033232331017064,8,100,100
1560870673941393058,1,0.986243485237689,2.7895178252504986,8,100,100
973030756096044645,1,0.5310876882788638,1.9148638918570788,13,100,100
-8187966458371270447,1,0.7417154524932953,2.2251463574798858,9,100,100
-8906820469635327000,1,0.39743090717082785,1.1241043580544547,8,100,100
1902187289307860339,1,0.5464056421686699,1.5454685394242267,8,100,100
6271736351201789923,1,0.7309999395937959,2.311624778561896,10,100,100
8014785857500794333,1,0.5260201538885185,2.037267295779695,15,100,100
8998592255416737674,1,0.47443646797527694,1.3419089749900506,8,100,100
6568482674046567216,1,0.6160742564592667,1.742521137827231,8,100,100
5636763360153412652,1,0.6673009222608325,2.0019027667824973,9,100,100
7409420422727005531,1,0.2696566342599553,0.8527291504364519,10,100,100
-1661377416561641,1,0.5336458080456891,1.5093782784835257,8,100,100
-2217498512577759142,1,0.37548361551166715,1.0620280430109688,8,100,100
9165911896977093118,1,0.41852619795740637,1.323496045995915,10,100,100
-4949067180314115176,1,0.42014970242329724,1.188362814788094,8,100,100
4883994053061744542,1,0.6392001602144785,2.1199870973664825,11,100,100
6105900352029061514,1,0.9821672332193121,2.77798844347442,8,100,100
2701389948222279461,1,0.552082486365345,1.5615250795330604,8,100,100
-3800599398414076308,1,0.7259612466613796,2.2956910324652675,10,100,100
4440863336369184746,1,0.4704010289213811,1.8218553510513424,15,100,100
-2226177198374409130,1,0.8508107439415568,2.4064561861897844,8,100,100
-7224685730225939359,1,0.47805727879023313,1.4341718363706994,9,100,100
-7036082884504588775,1,0.5726270630283288,1.7178811890849863,9,100,100
-5077669686985410335,1,0.29009372851361953,0.9173569170335698,10,100,100
2448193027406299683,1,0.4957138261632931,1.402090432031976,8,100,100
-2542584630840698502,1,0.5032373890851379,1.4233702814748566,8,100,100
-2465593609116005437,1,0.6190993665574459,1.7510774412842645,8,100,100
3490108694360576436,1,0.32314554973638304,0.9694366492091491,9,100,100
2882676186848375949,1,0.3851312322235098,1.0893156238078991,8,100,100
7807910310578799346,1,0.4933467198132132,1.6362459611730225,11,100,100
4878459371808324598,1,0.27574084710228797,0.7799128913446033,8,100,100
8996024792914181521,1,0.35653976448310926,1.0696192934493278,9,100,100
8880584810117946827,1,0.4776529300251649,1.4329587900754948,9,100,100
2086299268305905580,1,0.3440204530864842,1.2872066694923618,14,100,100
6914146325128869245,1,0.4618226068614504,1.3854678205843511,9,100,100
6790293813653816321,1,0.7133358487245699,1.8873092569924035,7,100,100
1806236654942286909,1,0.6550251743390255,1.852690970492102,8,100,100
874229149946763980,1,0.5606445979903341,1.5857423882982844,8,100,100
-5505435431090988506,1,0.42233106817743044,1.1945326488560768,8,100,100
-3054053032049520335,1,0.5071986268874445,1.4345743539224705,8,100,100
1715665183727762386,1,0.46623851831020124,1.5463382280461835,11,100,100
1859463099684131777,1,0.48425987246358027,1.3696937587021212,8,100,100
1640568674664728982,1,0.5619632802428193,1.589472184950135,8,100,100
-1603097501726154816,1,0.6080609727980014,1.7198561489614226,8,100,100
-6118508180338451872,1,0.44339275517985116,1.5986753139702046,13,100,100
626490903467167557,1,0.5548739786982184,1.569420612165881,8,100,100
4337112905614324482,1,0.37305669221117277,1.1797088437557028,10,100,100
232951934943237497,1,0.8079266945960848,2.2851617778020974,8,100,100
-1493012327742010140,1,1.0655409296739722,3.1966227890219168,9,100,100
4045165536748713167,1,0.3204725484059336,0.9614176452178007,9,100,100
9021147005098238752,1,0.5411066671359658,1.5304807747083735,8,100,100
3656588928554690768,1,0.8009476742659339,2.4028430227978017,9,100,100
-6888259864192677951,1,0.4293297010760344,1.2143277719826293,8,100,100
8709541861986676172,1,0.6552377864597576,1.8532923283814304,8,100,100
-6879428134571341185,1,0.3876025863821508,1.0963056689450537,8,100,100
5878644082687929653,1,0.6232049160181045,1.7626896887407781,8,100,100
-955061125990102170,1,0.5947281009877025,1.8806953876277754,10,100,100
-6904730245667046745,1,0.48202845582455456,1.363382359353691,8,100,100
-8462483325467237721,1,0.36949319347556014,1.2254702853486268,11,100,100
-1846801835339533844,1,0.46446346639192276,1.313701066796555,8,100,100
-7288463435652821508,1,0.7494201961941542,2.1196804107481575,8,100,100
3485918043925379072,1,0.4788885814224944,1.4366657442674833,9,100,100
-4567669466013321234,1,0.4028573931429751,1.1394527781701307,8,100,100
-4012722203376740214,1,0.49582248852783856,1.4023977756112953,8,100,100
-2392765731272022771,1,0.691704934363651,2.187363061366409,10,100,100
-8491718471667155912,1,0.2888000564826162,0.8168499133836634,8,100,100
-110212191849231958,1,0.5804444746083571,1.83552659502218,10,100,100
1663459261453389197,1,0.4817670293642096,1.3626429336621249,8,100,100
2292298516180745088,1,0.6082165801385377,1.7202962729842053,8,100,100
-7347271582582615586,1,0.45616217802871517,1.8808048424242003,17,100,100
3961675470301104495,1,0.7390221509664119,2.0902702975816734,8,100,100
-6982650788229736528,1,0.756267298348672,2.1390469402079035,8,100,100
829203627268449957,1,0.5200947755949936,1.5602843267849809,9,100,100
7531019029980272482,1,0.4877890984800186,1.3796759172963753,8,100,100
-1291131846569359880,1,0.4430543043724276,1.715941942299924,15,100,100
-314328813781870598,1,0.5986477891694345,1.7959433675083034,9,100,100
-8213389927854249288,1,0.6371120462763914,1.8020249931906955,8,100,100
2804165709523013948,1,0.4711949515591322,1.3327405820333167,8,100,100
-7419892957284528636,1,0.6837156895424822,1.9338400019165018,8,100,100
1508108513917118249,1,0.44205415633419365,1.4661277735776281,11,100,100
-7445988054918195242,1,0.2550751617681204,0.7652254853043612,9,100,100
-3061814766630657819,1,0.5328565050703252,1.5985695152109756,9,100,100
7215144063467710058,1,0.6195251519996504,1.7522817443783179,8,100,100
-150430669186341127,1,0.66792316860125,1.8891720073181986,8,100,100
-545110393831089275,1,0.5708353226756556,1.8051397885322342,10,100,100
-6122045853501578470,1,0.7348426871711685,2.2045280615135057,9,100,100
-6887637884133645815,1,0.7282407552163156,2.0597759053994777,8,100,100
-1548843283440971356,1,0.5591244110757887,1.5814426503945,8,100,100
6893902382786010486,1,0.545991601763703,1.5442974563120775,8,100,100
-7149228835868086902,1,0.6720424440445298,1.900823077716272,8,100,100
-8886358107927092476,1,0.3972823979944533,1.1236843106717231,8,100,100
-6897125142172470802,1,0.5079964304348036,1.4368308831160395,8,100,100
-2254948795897366221,1,0.41208078702098544,1.165540475596913,8,100,100
7497835616804822162,1,0.23389569433757923,0.7396431290132985,10,100,100
-3044484109258746343,1,0.6186511979074325,1.636797217955269,7,100,100
-1891555139625059174,1,0.36860037651290023,0.9752249294179075,7,100,100
8615507781987195502,1,0.7345279241071517,2.2035837723214553,9,100,100
-5987368326243971750,1,0.5625075658302595,1.5910116570692592,8,100,100
5421373664839595456,1,0.6036994530453691,1.8110983591361074,9,100,100
-5936128988192114634,1,0.8409051324312203,2.659175514608181,10,100,100
-6260385862434727177,1,0.5238431389791031,1.4816521434006835,8,100,100
-2679276909620887983,1,0.5295219159033719,1.5885657477101158,9,100,100
-6043912590688854854,1,0.44904900452406454,1.4893270604889266,11,100,100
-1749561716443925397,1,1.041020447012347,2.944450469745126,8,100,100
1637466654052277256,1,0.5705433434370027,1.7116300303110081,9,100,100
-2289778540225773934,1,0.22886510484456896,0.8251848706815352,13,100,100
7752247882294987981,1,0.5500245758523374,1.5557044296177698,8,100,100
4215851775478903224,1,0.3937111759245586,1.1811335277736759,9,100,100
-2105166672791395902,1,0.38717877512006393,1.2841267238626426,11,100,100
-3305347726820861984,1,0.4076894059711311,1.3521527906091202,11,100,100
-5998071985977695780,1,0.529786276637298,1.7571022986853466,11,100,100
-8549272344435720633,1,0.6575520069341914,1.8598379323439618,8,100,100
-5476828546252817553,1,0.6185918142451783,1.749641866557019,8,100,100
-7381351226759672949,1,0.6071912433434888,1.7173961825810884,8,100,100
6188320105404938268,1,0.320908428974467,0.9076661050710687,8,100,100
-29131571727052473,1,1.283569126850233,3.6304817348699823,8,100,100
981159256080272274,1,0.6290003487614568,1.7790816479117182,8,100,100
4155947363378300476,1,0.3819085745531754,1.0802005714393539,8,100,100
-4093141150024932073,1,0.6176865687738032,1.8530597063214098,9,100,100
-5304258274340484401,1,0.40137735648110334,1.269266647697633,10,100,100
-583539944390774970,1,0.2688880787809221,0.8502987646145052,10,100,100
8822853518747458834,1,0.4471219260680266,1.4139236781763782,10,100,100
-7401079998425206681,1,0.5947995314202263,1.682347128455292,8,100,100
-4452107899340402990,1,0.5625515793185248,1.5911361460133238,8,100,100
-4989821726385625117,1,1.3368885601852492,4.227612828008484,10,100,100
-9159545440783312998,1,0.2509883948041108,1.094033048952608,19,100,100
-4605999971424952571,1,0.5550012998237427,1.8407310696748949,11,100,100
5286603374327496790,1,0.7711140063643935,2.181039771872757,8,100,100
-4158613049670590742,1,0.5621511651736067,1.5900036037847052,8,100,100
8097984556676042823,1,0.36861189343502404,1.1656531558819438,10,100,100
8309957381355393787,1,0.5863188870111945,1.6583602437734593,8,100,100
6420817048991959463,1,0.2790074837132358,0.8370224511397074,9,100,100
-1791791886993731894,1,0.584082598674356,2.5459570223021415,19,100,100
-7497384354153692932,1,0.47083348435268974,1.4125004530580691,9,100,100
633934874030893229,1,0.4813273803719675,1.3613994185271,8,100,100
1469002612195289011,1,0.5760412512821144,1.8216023802648702,10,100,100
-8509307336047563350,1,0.48012160709879714,1.5182778322926662,10,100,100
-297186101250045033,1,0.25858868815359914,0.7313992597261736,8,100,100
-2168523086395025684,1,0.4542706255773027,1.5736396077719723,12,100,100
8443917868894507731,1,0.46665041167279225,1.3198866821493018,8,100,100
-2610890604786289906,1,0.7926332717479493,2.5065264879547122,10,100,100
-7965755732893070949,1,0.5593550183414193,1.678065055024258,9,100,100
-5641177252534716432,1,0.8146583591610865,2.304201800452441,8,100,100
6742944450847978764,1,0.5788287724909267,1.6371750006968786,8,100,100
-836369098383931127,1,0.6180059371772638,1.747984755966363,8,100,100
-5104257656799639605,1,0.8788539586071598,2.485774375215056,8,100,100
-3570340040806387085,1,0.5556243116017777,1.6668729348053333,9,100,100
7727886809978555590,1,0.7131270145967371,2.0170277914746837,8,100,100
7545824345967327590,1,0.5941590478696216,1.8788958836650191,10,100,100
7369766582198591289,1,0.4572334292796366,1.2932514337152432,8,100,100
-5577747054980410231,1,0.3235873191347754,1.0232729504136762,10,100,100
-119485654079621904,1,0.5000616136421113,1.500184840926334,9,100,100
262262048725049866,1,0.3525394659030969,1.2212325332347194,12,100,100
-9097257584827096898,1,1.1124257389500305,3.3372772168500915,9,100,100
2538238001006160441,1,0.6113910966653707,1.7292751616366546,8,100,100
-8064504868417271036,1,0.5719556637349376,1.5132524471975293,7,100,100
6448554282399987833,1,0.7726418324432492,2.317925497329748,9,100,100
-1819524204953903114,1,0.5069439993418992,1.4338541584659426,8,100,100
-996109856805533605,1,1.1043802272003962,3.123658990646961,8,100,100
-5345561005601965363,1,0.33288215640315066,0.998646469209452,9,100,100
2043124198932986557,1,0.4680370615053948,1.3238087201483597,8,100,100
7574588767713724767,1,0.6595345775223769,1.9786037325671306,9,100,100
1175849614263069793,1,0.6846184788427917,1.9363934756614278,8,100,100
-4731698318514637994,1,0.531649822970413,1.4066132161512277,7,100,100
271893039809445957,1,0.3375680117719158,1.067483782413786,10,100,100
1122064012838417525,1,0.9813006345473175,2.7755373322842813,8,100,100
-5894891296682098796,1,0.6013454997595152,1.9016214399323046,10,100,100
3530673572028065618,1,0.6793697023102666,2.0381091069307997,9,100,100
-6028491970072830412,1,0.47387518611584467,1.3403214301542044,8,100,100
-9040713890745201020,1,0.37499371633984957,1.2990163384393818,12,100,100
-4900709700910146568,1,0.5522895431946933,1.562110724685553,8,100,100
-7416372850786489585,1,0.6518582499912798,1.8437335557649188,8,100,100
-2152854276343324860,1,1.2215768952202408,3.6647306856607225,9,100,100
8096312441847908820,1,0.9749901088529663,3.083189440110872,10,100,100
611182795427710738,1,0.7844786602282292,2.218840721374074,8,100,100
-3243493129088573405,1,0.5729798286226646,1.7189394858679938,9,100,100
7508519961751182212,1,0.46484952262742973,1.3147929987247402,8,100,100
8905159142292415847,1,0.5399776399157022,1.6199329197471068,9,100,100
3404260062825523116,1,1.0056368195121124,2.6606649336789965,7,100,100
-3357684877086262680,1,0.4656927067068419,1.3970781201205256,9,100,100
-4335649680159445154,1,0.9555845588364161,2.702801286201541,8,100,100
3312508149367167238,1,0.5175187827791614,1.4637641627782116,8,100,100
-6575849975826897888,1,0.4873585715379031,1.3784582032153616,8,100,100
8573185297698594954,1,0.31807337240859956,1.1018384830929422,12,100,100
-933003053292968328,1,0.5527317174905253,1.658195152471576,9,100,100
-6663039973184444389,1,0.6617380534501266,1.7507943224970026,7,100,100
574563613247723855,1,0.6888688735897285,2.0666066207691856,9,100,100
1321163373376327304,1,0.90868826483323,2.5701585361928574,8,100,100
-3889559588364820362,1,0.7425222640085808,2.2275667920257423,9,100,100
-4887104703941291395,1,0.6590439405152824,1.8640577577530393,8,100,100
785231965701906376,1,0.7568144784850378,2.140594599347723,8,100,100
8630553478472896289,1,0.5050267249231729,1.4284312874944352,8,100,100
1438722279560276917,1,0.85912997104047,2.429986513773274,8,100,100
-1772145484795219684,1,0.6930677606883795,2.191672696607787,10,100,100
4505568698554957347,1,0.9647830674403217,2.728818597444039,8,100,100
-1007388282722118509,1,0.5229116231178392,1.5687348693535177,9,100,100
8778961575955481107,1,0.3507409018176257,1.1632759699599466,11,100,100
4525459824400507090,1,0.6613253113413435,1.8705104488790754,8,100,100
1977733068139177948,1,0.4966345903746318,1.4899037711238954,9,100,100
4830017218464180368,1,0.6011744660325451,1.7003781664312578,8,100,100
-8613047377705831246,1,0.42930040867643765,1.287901226029313,9,100,100
5122063092913502616,1,0.6065993450479191,1.715722041386808,8,100,100
2167838419931791436,1,0.4699344496549565,1.329175344256752,8,100,100
1374215247607455554,1,0.9131531486227238,2.5827871346119013,8,100,100
-4119450903184873138,1,0.7852149960061547,2.4830678402994666,10,100,100
2016955300239452463,1,0.47335804461840664,1.4200741338552199,9,100,100
1486693440280960399,1,0.7432205925910164,2.102145283754368,8,100,100
-4770108611701889602,1,0.6395917145803541,1.8090385542819971,8,100,100
-5034867241648723857,1,0.3804730259716931,1.1414190779150792,9,100,100
7644006829197196438,1,0.3805577762027079,1.203429354089181,10,100,100
8876674113087467249,1,0.34123179022964456,0.9651492513112286,8,100,100
3647862145696987307,1,0.32240991515720596,1.0693127172667705,11,100,100
-8685778984095288020,1,0.31026879845844885,0.9308063953753466,9,100,100
857743025447215200,1,0.6037963816544043,1.7077940636949203,8,100,100
-4621742027247512104,1,0.566181517728536,1.7904231651131768,10,100,100
1483141048652302268,1,0.4784050412108828,1.35313379517618,8,100,100
7649235002594425144,1,0.6420018913782459,1.8158555637125882,8,100,100
2981994957695109288,1,0.41687706835153654,1.5030716455065711,13,100,100
-718831195972164438,1,0.4595481332352796,1.3786443997058389,9,100,100
-1820824318187864648,1,0.641235635676744,1.8136882653019686,8,100,100
-4529781747422920206,1,0.6369515942464501,1.9108547827393503,9,100,100
8427829159462458517,1,0.5135574169873696,1.6240111469529357,10,100,100
7218349169257709185,1,0.39352923867676254,1.5741169547070502,16,100,100
4185249619687307162,1,0.4744180112510828,1.4232540337532484,9,100,100
-2462157475610528016,1,0.6204777073983209,1.7549759779057406,8,100,100
-2240815675670342594,1,0.306427784744572,0.969009738152645,10,100,100
-5745328403890600756,1,0.4763681243416718,1.4291043730250155,9,100,100
-4000357335593381686,1,0.7038221241161013,2.2256809798246038,10,100,100
-6253228112074176668,1,0.6247196339241496,2.0719606248945848,11,100,100
1262753130708116492,1,0.29142183563485113,0.8742655069045534,9,100,100
5541003150492151688,1,0.5535010610228466,1.6605031830685397,9,100,100
8915527588159181813,1,0.48195316957814394,1.5984578300132322,11,100,100
8225437341705058448,1,0.5087152405116853,1.6086988404572866,10,100,100
-257140398671649573,1,0.5308424015545723,1.6786710675061562,10,100,100
4605153791779286341,1,0.3803130103929657,1.2026553366370603,10,100,100
-2510016184739842730,1,0.5544068932343874,1.5680994949704063,8,100,100
5962620607934830883,1,0.2775086279380886,0.8775593346325963,10,100,100
8739248487785816883,1,0.3738941147402789,1.0575322559143692,8,100,100
3715973781115580712,1,0.4347390940178549,1.229627845707685,8,100,100
-5518700618917854479,1,0.8842489496271002,2.7962406994331337,10,100,100
-2304209691953501971,1,0.5618742494812005,1.5892203679290355,8,100,100
-4940728134762297045,1,0.3432957551518648,1.085596497347376,10,100,100
-6370942824098828676,1,0.735534874910067,1.9460423596270395,7,100,100
-6344997496167479730,1,0.5636044909307123,1.5941142297771949,8,100,100
-5926524226389274652,1,0.3630653040386392,1.0269037539971095,8,100,100
6524376515175091641,1,0.5453517944868151,1.5424878080555178,8,100,100
8747925458925205302,1,0.3214033222020785,0.9642099666062355,9,100,100
-4401353766639374762,1,0.6567311305242443,1.8575161432400031,8,100,100
4228516843952007078,1,0.3948044848339061,1.2484814025245472,10,100,100
5823338568394040738,1,0.6134528262926172,1.8403584788778515,9,100,100
-5657008280291378865,1,0.3337179735797113,1.0553088926477825,10,100,100
3919136679750435628,1,0.5433068663304184,1.5367038777898079,8,100,100
-1405706666195794114,1,0.5671938707493434,1.6042665290172275,8,100,100
3439514276082016434,1,0.515719129426608,1.4586739744207093,8,100,100
-4459527988363981258,1,0.7263951874240393,2.0545558513952455,8,100,100
-9099587918329365121,1,0.7120235608709874,2.1360706826129623,9,100,100
-6380032907220368330,1,0.5164990577799513,1.460879944930664,8,100,100
5667307929462765911,1,0.8959299193733382,2.5340724858272172,8,100,100
-4122306166606005151,1,0.38721191397998656,1.0952006805258825,8,100,100
-1156576555638524094,1,0.6586041479849184,1.862813836630897,8,100,100
6050566043819282450,1,0.4966081881034257,1.7203012264997108,12,100,100
6532468941704099725,1,0.7762149323218164,2.1954673692120537,8,100,100
6875312518435352615,1,0.46757086097052364,1.5507571087426568,11,100,100
-4905722927246323493,1,0.45960351293965684,1.299955042627162,8,100,100
-3924740841159573888,1,0.633272124847463,1.79116405526422,8,100,100
2262249278521814304,1,0.4115090842705916,1.163923456030407,8,100,100
-6513465328331177702,1,0.4001942457862283,1.2655253231777235,10,100,100
1716701923332638416,1,0.6758151037908764,2.027445311372629,9,100,100
-152495352161244298,1,0.2639681317047472,0.7466146237822818,8,100,100
-842461184964913955,1,0.34594354438157815,0.9784761045596931,8,100,100
2728023145629199353,1,0.6772988917597317,2.031896675279195,9,100,100
3363443345764139061,1,0.4149180426557818,1.17356544639421,8,100,100
4433425932576904875,1,0.5391063841699483,1.4263414227209315,7,100,100
-1614616609421080171,1,0.43073279447872975,1.4921021690465661,12,100,100
-3852761648287008363,1,0.5768207095310827,1.6314953409530575,8,100,100
2552994876090829425,1,0.5015765489717311,1.5861243156776565,10,100,100
4135923720747601060,1,0.46851547717689773,1.6229852212055271,12,100,100
3619682122750267973,1,0.40313334527127087,1.1402332886549338,8,100,100
8374523129726648400,1,0.4516571332691942,1.277479286823694,8,100,100
5630405808974832752,1,0.6258417648614327,1.8775252945842982,9,100,100
-8044515995376796593,1,0.7845750853493881,2.3537252560481643,9,100,100
-7748499449428844107,1,0.35160136052308183,1.1661297886335396,11,100,100
-8064781154067294894,1,0.6456211922561781,1.8260924924883493,8,100,100
9027949031903925020,1,0.3768741273258006,1.0659610043433438,8,100,100
-7349511678261606478,1,0.3823802280896132,1.1471406842688396,9,100,100
6297529708719535645,1,0.6799981159532981,2.1503428510357017,10,100,100
2168244405796820389,1,0.5307280034613691,1.501125480852526,8,100,100
7655212792218160814,1,0.3043632917368161,1.009458838648497,11,100,100
-439246273981840720,1,1.1891236627555803,3.567370988266741,9,100,100
474752531086283905,1,0.3433071534381861,0.9710192649039678,8,100,100
4848253033566014102,1,0.4631642430949588,1.3894927292848764,9,100,100
-8312196709164108474,1,0.4233082577145131,1.1972965582487796,8,100,100
2434421086128728828,1,0.6973841635267687,2.092152490580306,9,100,100
979017841265121724,1,0.6498353213874679,1.8380118496304725,8,100,100
-3376460054567901297,1,0.6985497387005408,1.975797028924973,8,100,100
7990978570943986727,1,0.22290214130133618,0.7392827676633138,11,100,100
4027129380881798004,1,1.017530685639857,2.87801139152536,8,100,100
6577074611046731975,1,0.3501558098743861,1.2129753065357294,12,100,100
3866472123646407950,1,0.5059724979805312,1.5179174939415936,9,100,100
8173147612903404372,1,0.45720036548294746,1.2096384663957183,7,100,100
3197346469082625996,1,0.7288850740263241,2.0615983141986898,8,100,100
-7774104594468132178,1,0.33896079793649697,1.0718881589874325,10,100,100
-7656312023843247664,1,0.8224440265680577,2.3262229933305707,8,100,100
5873886907880633611,1,0.6130321618734094,2.2103188931431177,13,100,100
-7807364303551152845,1,0.2798986220296283,0.9283187086097812,11,100,100
-7888615248235116027,1,0.4289418251630632,1.3564331512250056,10,100,100
-8405809596097828654,1,0.7079407421626144,2.0023587978456874,8,100,100
-1376363199690610351,1,0.6889602443326711,2.1786835893973544,10,100,100
7716838643731069478,1,0.41025234957056866,1.297331840078598,10,100,100
7840336994753261548,1,0.4691746257736818,1.4836604378019735,10,100,100
2060954965551160620,1,0.4472077982905393,1.3416233948716179,9,100,100
2242140472798653029,1,0.986527514810787,3.119673921227582,10,100,100
-915174657703741274,1,0.4625987480847409,1.3084268469565108,8,100,100
-6538431328241772659,1,0.6179234285898697,1.8537702857696092,9,100,100
-3984944630289160951,1,0.23272932271495606,0.6582579290907914,8,100,100
-5550628366155000278,1,0.7204297083773457,2.037682928647472,8,100,100
7047171381980348998,1,0.5962379782734502,1.6864156705524562,8,100,100
4707650161638664127,1,0.467594610925947,1.3225572809280899,8,100,100
-3309769861589542806,1,0.7438054231528595,2.1037994343788657,8,100,100
-3213801163831738783,1,0.4444207201902644,1.2570116197853807,8,100,100
218459979141227855,1,0.4162985322800315,1.38070603234852,11,100,100
-2117456332411837914,1,0.5977112215349736,1.6905826317546986,8,100,100
2549781487592370517,1,0.4064753896696247,1.2194261690088741,9,100,100
8262763985798905602,1,0.41368503388803185,1.3081869410101221,10,100,100
-1317159412450050351,1,0.4857629103802914,1.4572887311408742,9,100,100
-1515062910381536704,1,0.6561853252050458,1.8559723726703514,8,100,100
-4085484446469664255,1,0.45432747602147006,1.5068337699124061,11,100,100
4948163830777773603,1,0.21628088788820923,0.6117347298672008,8,100,100
3018940836728242465,1,0.4233266992858433,1.26998009785753,9,100,100
2935319781967341870,1,0.35253130417582695,1.1692140628058678,11,100,100
7612269542840566287,1,0.4594269497267765,1.299455646446619,8,100,100
8024325292167398812,1,0.473490588201234,1.3392336229803987,8,100,100
-300418879339668137,1,0.41915287564082976,1.2574586269224892,9,100,100
-6406922117095269900,1,0.4404454346891146,1.3928107586405383,10,100,100
-1907154992723778027,1,0.773147268923525,2.319441806770575,9,100,100
-8535366667716815409,1,0.5848100754185954,1.7544302262557863,9,100,100
-5956093600274356762,1,0.43852029251298696,1.315560877538961,9,100,100
3498931945376157885,1,0.6174432260047451,1.7463931684226133,8,100,100
3357512011775788766,1,0.5589716783799397,1.581010657094725,8,100,100
2116141921441981236,1,0.49142844997927876,1.6298837798872046,11,100,100
-8116416387449865278,1,0.9274583915025345,2.7823751745076035,9,100,100
8935708519037298174,1,0.7173790277888938,2.029054300922158,8,100,100
-8407149358383992973,1,0.38930997968264286,1.1679299390479285,9,100,100
-8997218697282168906,1,0.28750864007982313,0.9535582831301095,11,100,100
-5920170617068078715,1,0.2794445712856332,0.7903886052873553,8,100,100
1786134946107728080,1,0.6891299959157954,1.9491539729244671,8,100,100
650653481908796309,1,0.47296593511012025,1.4188978053303607,9,100,100
7906044855466862807,1,0.4892886092713697,1.3839171742924823,8,100,100
-5713047283752989880,1,0.4143150042140016,1.1718597961082142,8,100,100
4742737905897396855,1,0.3700002943336621,1.2271521486258183,11,100,100
1950476408603913620,1,0.5094708352558853,1.528412505767656,9,100,100
8720830052686096605,1,0.646797776477055,1.940393329431165,9,100,100
-5155924704857757626,1,0.6426577343674089,1.8177105678127112,8,100,100
-6161599016038622814,1,0.5746478001181063,1.817195900778392,10,100,100
-7906677760877364251,1,0.39318071548943073,1.1795421464682923,9,100,100
4503945526749005199,1,0.5351631635339258,1.6054894906017774,9,100,100
4529006362091352323,1,0.3772966155069856,1.1318898465209568,9,100,100
-8302436839907560596,1,0.5332067160055233,1.6861476862760116,10,100,100
-2630634263996425534,1,0.38795458918073394,1.2268201305260362,10,100,100
-6550017725915279762,1,0.6637618518394716,1.8774020261145232,8,100,100
-4653356824690315222,1,0.5002225300316739,1.5006675900950217,9,100,100
4140022684948858824,1,0.4913523722896151,1.5537926301621865,10,100,100
-7247674666959179314,1,0.4746563002876148,1.3425307546651626,8,100,100
-8956584047754807260,1,0.5208658327798112,1.7275165334466323,11,100,100
-6287716639221971493,1,0.5661921682660628,1.6985765047981882,9,100,100
-1231756587095429725,1,0.504501814888252,1.4269466177136132,8,100,100
1058870616212787870,1,0.25012937941678426,0.8664735872310865,12,100,100
1635960264719528344,1,0.5647887354671246,1.597463779146316,8,100,100
3810182817325995131,1,0.2643442395345658,1.0238008373832377,15,100,100
4372485797668590613,1,0.6617232205789952,1.8716359061600367,8,100,100
8502245515611017838,1,0.8983293398598049,2.540859071814811,8,100,100
2814455308269804984,1,0.5196751995411965,1.5590255986235895,9,100,100
-1816697655893439852,1,0.39840138861349067,1.195204165840472,9,100,100
-7485924542676261125,1,0.4965567194109583,1.5702502207997717,10,100,100
4755249766546999779,1,0.42943357659252596,1.3579882057847517,10,100,100
568960062944380214,1,0.7122634662356916,2.0145853078667724,8,100,100
-4027277962856739829,1,0.7585538927388858,2.145514405804477,8,100,100
7241773603097596094,1,0.47655025766722425,1.4296507730016728,9,100,100
4462436999507894119,1,0.4117553395340734,1.3656379666599125,11,100,100
5483951536031058832,1,0.46651542338609314,1.3995462701582795,9,100,100
-3503570802334721528,1,0.3214302674748823,0.9642908024246469,9,100,100
6896445829394726455,1,0.4252154331317503,1.4729894686931961,12,100,100
-6183656569086587940,1,0.3267887683635368,1.0838357303642145,11,100,100
2353002789142280634,1,0.4809184131451103,1.442755239435331,9,100,100
88151291959238719,1,0.32763518925710783,0.9266922563161554,8,100,100
-8272786402625240989,1,0.40006958913269847,1.3858817098820786,12,100,100
6263429495730577801,1,0.3670598665911179,1.0382020830720358,8,100,100
9207945076687381878,1,0.992316207965377,3.1379793762719115,10,100,100
-5994662623630406407,1,0.5655618951713228,1.6966856855139685,9,100,100
7311427168242065538,1,0.4417551595866598,1.3252654787599794,9,100,100
-3095089351077634994,1,0.45588397050710705,1.2894345879192939,8,100,100
-7498252132496925350,1,0.5785965831790982,1.829683049237018,10,100,100
-8920882197991857720,1,0.492712409741035,1.558093446211804,10,100,100
-4609734981388290529,1,0.5584647362904103,1.5795768083380246,8,100,100
-4179034798475494558,1,0.6867543436969586,1.9424346137497457,8,100,100
7642750593325501610,1,0.788242961970305,2.2294877745270902,8,100,100
-681131668300188502,1,0.5565951597205522,1.574288847256048,8,100,100
-520716417787843787,1,0.39024177900469903,1.1037704329460991,8,100,100
4277723605836806053,1,0.5281558083680961,1.4938502144805739,8,100,100
1804805191899014473,1,0.5494875277385385,1.737632133508733,10,100,100
-2646180533538106007,1,0.6517504343211987,1.9552513029635963,9,100,100
-4706522276130240104,1,0.280789131013402,0.8879331962217735,10,100,100
-6645466870024991536,1,0.4240682516982273,1.1994461458469607,8,100,100
-8735716130537381137,1,0.8097603543361047,2.2903481507483248,8,100,100
-5594638226961585208,1,0.25362536579025297,0.878584039273919,12,100,100
7598850331930825778,1,0.3914308707573598,1.29822932966426,11,100,100
-6992942632997814161,1,0.575154367805858,1.992393174469807,12,100,100
5004379952582843572,1,0.4183732372335309,1.1833382124591916,8,100,100
2765103089158868691,1,0.46297176901078363,1.4640452824314363,10,100,100
2230215233867847523,1,0.5153246089263072,1.45755810193639,8,100,100
6967337893340565499,1,0.6042293750838906,1.709018754055716,8,100,100
-4101861573104344776,1,0.8706947975809604,2.462696782853382,8,100,100
3037759936775887442,1,1.0183402325971784,2.880301136098204,8,100,100
-5961938308008610407,1,0.44749695531088435,1.342490865932653,9,100,100
8374905485813932507,1,0.5184156945804487,1.6393743696524263,10,100,100
7780521222993866551,1,0.5789567242370462,1.6375369028862619,8,100,100
4043773118384029601,1,0.6986619686015001,1.8484858194183869,7,100,100
-5136638282671154295,1,0.400805824942727,1.1336500670242822,8,100,100
2176865475755394887,1,0.6683980562673806,1.8905151924742896,8,100,100
-4045593510381214839,1,0.8978633692148378,2.5395411078032506,8,100,100
-4867406118701628228,1,0.9454921464023629,2.8364764392070887,9,100,100
-2731574907977254850,1,0.3484369325393725,0.9855284712577197,8,100,100
-3414469659872227696,1,0.6929589082542826,2.1913284749871877,10,100,100
2909718521546091074,1,0.5081646726893326,1.6069577921322533,10,100,100
5382504598045412852,1,0.4721394595012419,1.6355390642285186,12,100,100
-7351943134028343101,1,0.4216747984958508,1.1926764378875485,8,100,100
6306983580664816261,1,0.4882813244265439,1.3810681425150313,8,100,100
437873365564208505,1,0.3264516957151757,0.9233448310801926,8,100,100
-6497998034447212269,1,0.474171966227983,1.3411608510734616,8,100,100
-7126877452951153761,1,0.926904599484865,2.931129708058308,10,100,100
1683176729450562938,1,0.19998505394661187,0.7745387834256197,15,100,100
5576189469752881407,1,0.5356491366344739,1.6069474099034218,9,100,100
-4099069883368489743,1,0.37155775894813897,1.1749688005839276,10,100,100
-6231451882166414124,1,0.42938254337321735,1.3578268245754055,10,100,100
-2303737956341798072,1,0.8290540445583853,2.487162133675156,9,100,100
697242153219925083,1,0.5097233846658392,1.4417154473062959,8,100,100
4799891971881447876,1,0.36678231144304224,1.1003469343291268,9,100,100
9102989464711848269,1,0.40976336919989503,1.0841319712868662,7,100,100
1144002146671859813,1,0.7070974285475694,1.9999735467422266,8,100,100
4710504982223519237,1,0.5075704160297739,1.522711248089322,9,100,100
2005001570332188484,1,0.6888696443018429,1.9484175873575924,8,100,100
-7745514860201612020,1,0.9727156627488014,2.5735637400107034,7,100,100
-5277115500235604313,1,0.591625366543319,1.962199357280672,11,100,100
-4446263371945400526,1,0.7481481876053117,2.116082627152565,8,100,100
-4747636381812899990,1,0.26877608144159776,0.8063282443247932,9,100,100
-6755688042837129655,1,0.48377567327273047,1.3683242365769415,8,100,100
-8583924588079482045,1,0.5502500041320993,1.5563420370789331,8,100,100
4200551526554004881,1,0.662629828884623,1.9878894866538688,9,100,100
-7920270611924905378,1,0.3183189842282092,0.9003420493127217,8,100,100
-7420102423245601244,1,0.3884408098616731,1.1653224295850193,9,100,100
1006771070032588305,1,0.5045288516830139,1.5135865550490415,9,100,100
-7703139920232587056,1,0.34165282857620183,0.9663401275911896,8,100,100
8004203303826747554,1,0.7539062855936519,2.132368987689733,8,100,100
2875238077966112272,1,0.6902190610913288,2.0706571832739864,9,100,100
8344337447496019475,1,0.460153019182579,1.5261549107778254,11,100,100
4070560720442137308,1,0.6683418562283138,1.8903562347593812,8,100,100
2801530028822867090,1,0.6396102753581817,1.918830826074545,9,100,100
-8727803378336509688,1,0.42954922668355555,1.2149486841655186,8,100,100
1831272301692468184,1,0.8198637816286193,2.318924958555374,8,100,100
-4582033789514611244,1,1.0064203952633504,2.8465867448606423,8,100,100
173239676957514677,1,0.8473429062537866,2.3966476600094784,8,100,100
-5676056553656867109,1,0.4689420476481645,1.4068261429444935,9,100,100
-2620470964003432710,1,0.31465787914991605,0.9950355818317413,10,100,100
1234828657897729041,1,0.5343787347087737,1.6898539348386001,10,100,100
-3175143897072776993,1,0.3494394599358779,0.9883640469392967,8,100,100
7947394468470381462,1,0.32870942919719043,0.9861282875915712,9,100,100
-3371237739446534800,1,0.7276489836574167,2.058102122670635,8,100,100
1026164512758803071,1,0.35568954008439385,1.0060419431631968,8,100,100
-4416525809873383968,1,1.181777291349259,3.3425709462613256,8,100,100
7613785541263384862,1,0.8839935624759895,2.6519806874279683,9,100,100
-8913409882130887807,1,0.7494509258859893,2.3699719203217717,10,100,100
227878627167846824,1,0.519325849474302,1.468875319234973,8,100,100
-2115221849889045048,1,0.40115028686475146,1.2034508605942544,9,100,100
-2861795212072688014,1,0.4378139227671201,1.3134417683013604,9,100,100
2412753499000534238,1,0.7519525079451505,2.1268428699929887,8,100,100
3416886978084754046,1,0.48399956117711923,1.2805424735390498,7,100,100
-2826799963134723425,1,0.5842758791190894,1.6525817448353588,8,100,100
6575157509027268078,1,0.38533831704161065,1.0899013481245388,8,100,100
-867126986063089693,1,0.697994691415424,2.093984074246272,9,100,100
4349994352630805367,1,0.5556864574125395,1.7572348703337815,10,100,100
1625215298723027463,1,0.4443312227599143,1.2567584828257834,8,100,100
-2520450020268723528,1,0.5172777443399348,1.7919026696427824,12,100,100
5917538688218505304,1,0.6565893812276594,1.857115215684629,8,100,100
-3353695272638881438,1,0.34360674233559924,1.1396146397635087,11,100,100
4843624013582847232,1,0.4859076756298079,1.4577230268894237,9,100,100
-5841699026388864295,1,0.4689886108310199,1.4069658324930596,9,100,100
-2573515732086036496,1,0.5218331382499276,1.475967002817524,8,100,100
-5119208294188191712,1,0.8263387919720018,2.3372390534436094,8,100,100
-8837331735300640125,1,0.7272665446694683,2.1817996340084047,9,100,100
4969587221470174899,1,0.5676982797794341,1.605693213199903,8,100,100
4766659474950899734,1,0.40220449566379574,1.2066134869913872,9,100,100
8698170260291859686,1,1.0063543779283326,2.846400019639575,8,100,100
3892855810194680002,1,0.7112925533337431,2.011839151479135,8,100,100
5377447814832788109,1,0.739443979328214,2.091463408362182,8,100,100
6560113705390530250,1,0.6439141229732118,1.9317423689196354,9,100,100
1969005752030050943,1,0.32382784476875515,1.1217725600900228,12,100,100
7651063123716449392,1,0.8465266823371607,2.394339030143827,8,100,100
-1073999318470029190,1,0.40841462287237684,1.1551709974752165,8,100,100
1149869292501297867,1,0.5396775433742561,1.6190326301227684,9,100,100
6789600486917720018,1,0.5575721001539721,1.763197796250072,10,100,100
3568339728962480520,1,0.2574076448184273,0.772222934455282,9,100,100
6415394421167274156,1,0.8945459252661911,2.3667460545805126,7,100,100
462889505942009615,1,0.6632949306833866,1.876081373651535,8,100,100
-5611009568522294798,1,0.6033882166921585,1.706639598844333,8,100,100
6920312499280332266,1,0.38817788924055124,1.0979328711546974,8,100,100
-5715283447319847783,1,0.49167522210353054,1.3906675347632333,8,100,100
-3085601502588501742,1,0.6962100929737248,1.9691795114889503,8,100,100
398275028684265816,1,0.35963515603413776,1.0172018303392838,8,100,100
4932493826204797977,1,0.5652575570541426,1.6957726711624277,9,100,100
-7986672356133785447,1,0.5739237881826226,1.51845961503533,7,100,100
-1942759016224330552,1,0.4419052327297353,1.325715698189206,9,100,100
-3193543761388929755,1,0.5877926709842984,1.6625287343390027,8,100,100
8673636532973439648,1,0.5019003533430878,1.4195885733152869,8,100,100
6100353181901324130,1,0.4892957168565139,1.3839372775790957,8,100,100
-4413846517642165595,1,0.6793647647468944,1.9215337282069307,8,100,100
7313088452108061108,1,0.4681005514020545,1.480263916411217,10,100,100
-3828292899881958336,1,0.52087859965331,1.4732671599592335,8,100,100
1842853471479184637,1,0.5128212245796663,1.4504774617466858,8,100,100
8672926824222295163,1,0.4381550220888664,1.4531958082786522,11,100,100
2131545666140523184,1,0.5383203467018348,1.522599870414243,8,100,100
698663644961638519,1,0.9400532346890724,2.658872067699969,8,100,100
2974968448788660466,1,0.7300500212335744,2.064893282478574,8,100,100
-3439314506856778247,1,0.5826367171350858,1.6479454946179501,8,100,100
-4649222424850738044,1,0.44508984224021714,1.3352695267206514,9,100,100
8769350245123311487,1,0.42182552968732606,1.2654765890619781,9,100,100
-3363197822832281011,1,0.34613039894249237,1.2951013639901878,14,100,100
379876221070745913,1,0.35500861734076294,1.0041160028052547,8,100,100
6558912563427948450,1,0.5509988601874928,1.5584601218585383,8,100,100
-1542438978973251944,1,0.5119173462126196,1.8457442405690512,13,100,100
49980386055659490,1,0.632673220277014,1.7894700973320277,8,100,100
4335875204582139169,1,0.6240152887969828,1.7649817690897134,8,100,100
713995684659861440,1,0.5487330487504798,1.8199416327731393,11,100,100
-7074768864593251603,1,0.6374085031510598,2.0156626699159625,10,100,100
4499439581461449496,1,0.5282279932402252,1.3975599056563435,7,100,100
509869149598566376,1,0.34839839982754256,1.0451951994826276,9,100,100
-4294234853905187233,1,0.314645880146782,1.0899653016129078,12,100,100
6293869631405974392,1,0.4647637945115356,1.4697121646389164,10,100,100
-1347997828376989862,1,0.3607942298840587,1.020480186255984,8,100,100
-8379997639689853414,1,0.3048323909909979,0.9144971729729937,9,100,100
7024722536580699797,1,0.855380441261819,2.419381242042294,8,100,100
-2022188332717125367,1,0.735631908154895,1.9462990854617601,7,100,100
6249576328196087357,1,1.005248705508052,3.0157461165241557,9,100,100
-5641076493485541201,1,0.4502238963705299,1.4932237359129,11,100,100
-8717155852775711477,1,0.6065740637340841,1.7156505350330078,8,100,100
-2040451709268773072,1,0.6525987492065439,2.0636984456696807,10,100,100
6387755642047151606,1,0.46712686263853725,1.4013805879156118,9,100,100
4373248138317976837,1,0.44867605318219267,1.346028159546578,9,100,100
5742632280840026916,1,0.3853487700505621,1.0899309136985922,8,100,100
1739489606785270250,1,0.2580853951906879,0.8940340343235276,12,100,100
6472250630159823168,1,0.450834865647921,1.2751535627798842,8,100,100
-4133208205687597496,1,0.296221703308779,0.9367352748303777,10,100,100
-6829267781433210628,1,0.44904776591677703,1.347143297750331,9,100,100
-3329546612280551275,1,0.5771400470807606,1.7314201412422818,9,100,100
-8832089128412761966,1,0.4141313329384345,1.1713402952903635,8,100,100
13063234223531181,1,0.5475291169113308,1.548646205860336,8,100,100
2326511428644030961,1,0.891983486529018,2.522910288124353,8,100,100
-3305479041695728617,1,0.505694178505244,1.430319131310474,8,100,100
773544712724626881,1,0.6805960217093358,1.9250162487970321,8,100,100
8405452747372355331,1,0.3513393841942384,1.165260911446811,11,100,100
-9210399369423145526,1,0.78625000150589,2.223850831090992,8,100,100
-3100558465225155405,1,0.3725698167832529,1.3940286070560721,14,100,100
-1014810535517666778,1,0.33601521967163955,0.950394561646815,8,100,100
2198497079547906531,1,0.5881294071560141,1.6634811680609665,8,100,100
-575607009518681563,1,0.6723848685418636,1.9017916004527085,8,100,100
687278491555694736,1,0.540604195460271,1.5290595701914218,8,100,100
7882368422779938682,1,0.6515818975729766,2.060482878465145,10,100,100
-672240560073006202,1,0.596645246919889,1.6875676002391022,8,100,100
6460577503260443185,1,0.8646212896601101,2.445518308307688,8,100,100
-4737148245416183382,1,0.3742502947248219,1.1227508841744658,9,100,100
-5263729776827231880,1,0.6477671871351427,1.943301561405428,9,100,100
-1332416569727105448,1,0.3393535884417475,1.0731302716273126,10,100,100
6055143568805214787,1,0.5848992825896658,1.654344996121198,8,100,100
-4054411895868821486,1,0.5275160482359386,1.4920406995694484,8,100,100
-319351907558296353,1,0.5039106166747142,1.5117318500241423,9,100,100
-5502045343868512413,1,0.5259610220958693,1.6632347902930946,10,100,100
-6059152351404324226,1,0.3106413108490608,1.030280672470493,11,100,100
7463353060193315010,1,0.47649622615957105,1.347734850908926,8,100,100
5768413567691352150,1,0.5795788628751304,1.6392965766855716,8,100,100
-7649164149053042082,1,0.6100352948556912,1.8301058845670735,9,100,100
3095947819735369281,1,0.27254007554412496,0.7708597422493788,8,100,100
-8268200455519934750,1,0.5403306185870881,1.70867544426291,10,100,100
8535692499888026163,1,0.3452709007324449,0.9765735810171963,8,100,100
-4829972042995259834,1,0.44378249731874364,1.331347491956231,9,100,100
8423232783444896189,1,0.7219488152980037,2.041979611867251,8,100,100
-1418745885499443367,1,0.6378455184940254,1.9135365554820762,9,100,100
-705354135525803998,1,0.4122183134625391,1.1659294591145732,8,100,100
-8401226111995893976,1,0.7160495093054915,2.4804682617037495,12,100,100
-5325827848883062343,1,0.5134644181688782,1.4522966879408759,8,100,100
-1629181548149997027,1,0.41361131614499513,1.169869465686476,8,100,100
-4963751401038726123,1,0.4483963446806746,1.2682563839318621,8,100,100
-7031721107998789611,1,0.3232151162828981,0.9696453488486944,9,100,100
6329308132671698183,1,0.33679034303482364,1.010371029104471,9,100,100
1656944812130008632,1,0.9613505953289465,2.7191101002192903,8,100,100
-2936842869773541021,1,0.7340608594310934,2.076237646029405,8,100,100
-3958919916665789876,1,0.2987418277204345,0.9447046079582008,10,100,100
3590739011570700516,1,0.49407536258493995,1.3974561572040531,8,100,100
5330941236576658337,1,0.42758683762983307,1.2827605128894992,9,100,100
-4150950878909925875,1,0.5310647663210489,1.5020779900594519,8,100,100
5042420266348695326,1,0.41781421285369585,1.2534426385610875,9,100,100
8842351414908532383,1,0.6486029607163988,2.1511726586099176,11,100,100
-5314224536933549146,1,0.5836199308139025,1.650726442856537,8,100,100
4759231716806015819,1,0.7837744720772494,2.351323416231748,9,100,100
4622739769079448525,1,0.6043351179833663,1.7093178401408422,8,100,100
-4770735948676860412,1,0.7968888650353166,2.39066659510595,9,100,100
-500934271618513566,1,0.8549561722959421,2.41818122819102,8,100,100
309326971063268558,1,0.46949964175828635,1.3279455218077563,8,100,100
5686090775152017340,1,0.5726365891842911,1.5150540065978935,7,100,100
8631846294127398098,1,0.3434262050155828,0.9713559936147205,8,100,100
-4761123274128240441,1,0.4743303520202621,1.5731758043284048,11,100,100
5466504470632401685,1,0.6089060576480464,1.7222464098740018,8,100,100
4369041552836140702,1,0.678570411854062,2.035711235562186,9,100,100
195490929664455676,1,0.5685107814765981,1.705532344429794,9,100,100
-4445309380336250096,1,0.4046859135097337,1.279729223676664,10,100,100
-3034279688153852934,1,0.6190739983510581,1.8572219950531745,9,100,100
9102249431003787564,1,0.7963609089619668,2.252448795995558,8,100,100
2175923015182925220,1,0.7833733865583231,2.215714535345844,8,100,100
-6020931753751770134,1,0.5281481599203249,1.4938285814034358,8,100,100
-1546574293518408374,1,0.6573112730343288,1.8591570340517447,8,100,100
-1709785335817970381,1,0.5514194752230487,1.7437414878796182,10,100,100
-7412359102930216966,1,0.4701060123858876,1.2437835986093089,7,100,100
7794268664348856802,1,0.43188301998254525,1.2215496484359318,8,100,100
-7594554052838312344,1,0.5208972451437925,1.949019025042468,14,100,100
2791218611688215276,1,0.70460953325272,1.9929367162067462,8,100,100
2106702601056589160,1,0.5648432710674051,1.5976180291174136,8,100,100
-3470271322559202975,1,0.9156285907709154,2.5897887423295862,8,100,100
8105229466199454741,1,0.65092092493784,1.8410824001590658,8,100,100
-5944723802179969928,1,0.36350280351971676,1.2592106487797525,12,100,100
-8626616948577264740,1,0.35552960353877155,1.2818802155044242,13,100,100
-5639954997261318738,1,0.4452671546286564,1.259405697910248,8,100,100
7401704085333593674,1,0.34014829014318293,0.9620846502770158,8,100,100
-6507388288238236946,1,0.5329250379636495,1.5987751138909485,9,100,100
-154559795595405963,1,0.45075239201267975,1.3522571760380393,9,100,100
8162237308879605082,1,0.5683496551767642,2.3433656605771738,17,100,100
-8747820874274533325,1,0.6130366609066871,1.9385921376494348,10,100,100
-6644654293592280264,1,0.4661128049264397,1.473978110137302,10,100,100
7780761530378903845,1,0.7919495112227949,2.2399714789720404,8,100,100
2946049031450343765,1,0.8610979866818742,2.435552902595347,8,100,100
-1411212211687665442,1,0.40143918606363854,1.2043175581909156,9,100,100
6364540597666625714,1,0.42160240627763984,1.2648072188329196,9,100,100
1770991828175209436,1,0.8898473303924116,2.516868326164882,8,100,100
8494241985125039955,1,0.4408611204577024,1.2469435513485632,8,100,100
8926123775493842605,1,0.5426664558539811,1.5348925234272812,8,100,100
3800091241223246741,1,0.3771045197808395,1.2507141988602004,11,100,100
-213962633033101044,1,0.5047853008527184,1.427748437104995,8,100,100
-114276270542337893,1,0.7333553476169044,2.0742421572773235,8,100,100
3243303723531552658,1,0.44444735629517096,1.6629697337139762,14,100,100
1617256031499766024,1,0.5640518107589897,1.5953794413129314,8,100,100
6005272925539253832,1,0.6327898346369982,1.8983695039109947,9,100,100
9026235282750874915,1,0.4225154733963078,1.4636365338128428,12,100,100
-4896625588359569841,1,0.5309699357663752,1.501809768746358,8,100,100
-8299677311763995761,1,0.37550112237113625,1.1265033671134088,9,100,100
-1540406704634823268,1,0.3248451238012813,0.9745353714038438,9,100,100
-6448136642049535265,1,0.4388379951500891,1.241221288851749,8,100,100
-5327576418958528583,1,0.5612714800158892,1.7748962625438895,10,100,100
3233660278707547741,1,0.2544649862107021,0.7197356692965152,8,100,100
-267778391443042865,1,0.6159650827970022,1.8478952483910067,9,100,100
6995595588326825184,1,0.2918914269485193,0.9680943427096712,11,100,100
1853089893632674717,1,0.6104992788930038,1.7267527200589614,8,100,100
-7771087487277998243,1,0.47541463436052994,1.344675647326615,8,100,100
4114846783355851134,1,0.6806132187201415,1.9250648892888598,8,100,100
-8144350040607084167,1,0.38036620314640923,1.261531978768739,11,100,100
1558385496666206104,1,0.4932895218981766,1.4798685656945298,9,100,100
-1997911174467247333,1,0.42447492632569034,1.4704242778703032,12,100,100
-4695934013609552120,1,1.0231818754811846,2.8939953701596615,8,100,100
675487474465877656,1,0.653163209698558,1.8474245391976853,8,100,100
2161540125599264802,1,0.560454773714862,1.5852054841686039,8,100,100
7245373412806135743,1,0.382585141990798,1.0821141931316458,8,100,100
1926852878923265818,1,0.4456368145842884,1.3369104437528652,9,100,100
7244754914559399607,1,0.4637452845305491,1.3116697417393448,8,100,100
-314557607074267360,1,0.2744760453134977,0.823428135940493,9,100,100
-8357504091804676944,1,0.7273170271418185,2.1819510814254555,9,100,100
-7032625578891912925,1,0.569755389343054,1.6115115976882204,8,100,100
-629468292026807592,1,0.7073461351157889,2.000676995145881,8,100,100
-2032163577413472624,1,0.5198523811660483,1.6439175715467318,10,100,100
-4302870550911789115,1,0.6117653573024104,1.7303337305741824,8,100,100
1765824237608321697,1,0.6302483632125048,1.7826115658371375,8,100,100
-3702952402917341410,1,0.39449406104010515,1.2474997562962256,10,100,100
7916938687432686825,1,0.24942659748619617,0.8640390792102467,12,100,100
-4391778766130575647,1,0.3743510011365722,1.1230530034097166,9,100,100
-570410907507296691,1,0.3906278922600178,1.1048625261506668,8,100,100
6409207559602374319,1,0.42144306355205624,1.33271998490359,10,100,100
-3267808081082184354,1,0.5492102107194592,1.6476306321583776,9,100,100
-1828766663230427956,1,0.34113803213255806,0.9648840633662646,8,100,100
7778344647152444091,1,0.7128491370309481,2.364253119660296,11,100,100
-1455293917315912060,1,0.39671697881046947,1.1901509364314085,9,100,100
4096998143061999225,1,0.546139423552804,1.4449490958888909,7,100,100
-6999142513501450213,1,0.4957265528758403,1.4021264286109532,8,100,100
5033460011079589961,1,0.4424619755247579,1.2514714532430102,8,100,100
-4738241640343325203,1,0.4369254751584388,1.2358118654307462,8,100,100
-1222913056317238535,1,0.373613601992994,1.1814699471174852,10,100,100
405306501188588332,1,0.602824799960252,1.7050460156772727,8,100,100
7122475437314346990,1,0.48020415668235694,1.358222462176248,8,100,100
-302659213470950411,1,0.6951742716290504,1.9662497663012823,8,100,100
-3793264343785361305,1,0.3106837563499539,0.878746363678246,8,100,100
-731721018997235652,1,0.5427619570236537,1.5351626415260282,8,100,100
-4573206392763532734,1,0.5515335026993987,1.5599723192412556,8,100,100
711516285237606965,1,0.5050003932424878,1.4283568102545452,8,100,100
-7099544573544352116,1,0.7403994057809744,2.455627023977587,11,100,100
-3895243560591751094,1,0.9275997284863012,2.623648232957856,8,100,100
-1913011992962925542,1,0.8678539432415442,2.454661633382324,8,100,100
1797196083988800208,1,0.5965838929787365,1.6873940650877366,8,100,100
8801063505582892332,1,0.6628661067762258,2.296235551103599,12,100,100
1921393375386929492,1,0.5341382640585209,1.6890934998733798,10,100,100
6224204222359232909,1,0.9015254460450637,2.385212130831817,7,100,100
4376322071884091490,1,0.6569129663182639,1.8580304525320581,8,100,100
-5512443761941910389,1,0.26887182376316815,0.8502473617349963,10,100,100
-8707817672606798543,1,0.622460773338544,1.8673823200156319,9,100,100
7582181285080123030,1,0.8124763507601003,2.437429052280301,9,100,100
3260694770883064248,1,0.8216166811024658,2.3238829069741547,8,100,100
-839949286417644658,1,0.5181278552275784,1.6384641416971277,10,100,100
9216473573467363458,1,0.37207642457495393,1.0523910517463797,8,100,100
-1657821675850960679,1,0.5217397412094972,1.6498859280488247,10,100,100
8441736923761076256,1,0.4808837706850239,1.4426513120550717,9,100,100
-2067912000702442501,1,0.4072027001990553,1.2876880019997148,10,100,100
2544732396833362397,1,0.38185474846960615,1.0800483282845679,8,100,100
1857183105596919749,1,0.43984789042753336,1.390921157771178,10,100,100
9164093123538415117,1,0.7637077396003202,2.160091686064146,8,100,100
8350817339252450396,1,0.5957052148416256,1.6849087880108107,8,100,100
4576029033081123722,1,0.7857533467598433,2.22244607933564,8,100,100
5181405046349041195,1,0.3724394288925507,1.0534177830046705,8,100,100
-1462193421368494993,1,0.6768178109710963,1.9143298550619883,8,100,100
5956341440863920275,1,0.33884552665634504,0.8965009963993966,7,100,100
5086888352793022663,1,0.5314860270474383,1.503269495324562,8,100,100
-2201365513574677052,1,0.4314906514812714,1.4310925915093866,11,100,100
8673976639908340373,1,0.41254056911659387,1.1668409357476046,8,100,100
5344329750778430382,1,0.3282861295670233,0.9848583887010699,9,100,100
-5528141383047151382,1,0.42251135709757215,1.5808927402800133,14,100,100
-4275334955281863621,1,0.4895258063716294,1.384588069004768,8,100,100
-490799542353254204,1,0.950624225932845,2.6887713460693097,8,100,100
-6873948815061621131,1,0.5796886974312869,1.639607235723439,8,100,100
1198919394209328975,1,0.40383850028015766,1.14222776820922,8,100,100
1694720110018665520,1,0.4729190641454779,1.4955013916149817,10,100,100
-6781641950264923340,1,0.29460702912178666,0.8332745123089522,8,100,100
-340214265983121820,1,0.40399790564872706,1.1426786346775117,8,100,100
-8178817358558643290,1,0.5853642323670554,1.9414335244559346,11,100,100
-3047614307520855675,1,0.5077727228398234,1.5233181685194703,9,100,100
-1806964831019508716,1,0.7897605489865801,2.2337801588080857,8,100,100
8657426320843786735,1,0.45835363467449936,1.375060904023498,9,100,100
1614831731089808112,1,0.41503892765860884,1.312468329035059,10,100,100
-1313417665177324015,1,0.1964136018836238,0.7607066090638888,15,100,100
4099689812851645908,1,0.3727958033314878,1.0544257621343263,8,100,100
-4861369907584367396,1,0.2816712828562583,0.7966866966926975,8,100,100
-812198783780116130,1,0.8376532249636979,2.6488920802707,10,100,100
-4292822771764772074,1,0.6022431696272581,1.7034009166668578,8,100,100
2604701760690995717,1,0.7068247432316838,1.9992022761982555,8,100,100
-674711362229269117,1,0.4512731844607895,1.276393315599488,8,100,100
5890287813209879887,1,0.4072853371187144,1.2218560113561432,9,100,100
-1488737199731276976,1,0.6353702046612684,2.00921700413694,10,100,100
-923766602881761866,1,0.35081630551285675,0.9922583543158106,8,100,100
9162835064542144334,1,0.5173784344993244,1.5521353034979732,9,100,100
8669349226887498197,1,0.34911476171725103,0.9874456616903756,8,100,100
2695476343607323163,1,0.43834070487782206,1.3861550185775973,10,100,100
-7748539760483478916,1,0.5169047985484542,1.462027553125913,8,100,100
-8501176465699853090,1,0.6530296186275173,1.9590888558825519,9,100,100
5071198236499943720,1,0.39838286206568485,1.1951485861970546,9,100,100
3472467800623517596,1,0.7388568737395586,2.4505110239691095,11,100,100
3730185513658757689,1,0.5245783990572364,1.4837317729494186,8,100,100
-5685527302664822015,1,0.7701582298380851,2.178336427620551,8,100,100
-3661229465343358219,1,0.762261344781817,2.286784034345451,9,100,100
-8831033545239415234,1,0.7718675148897957,2.315602544669387,9,100,100
6195301474623246200,1,0.4410500200202703,1.5278420867087572,12,100,100
-4529278237583258345,1,0.5147269652801949,1.6277095833918254,10,100,100
-3795945600324721385,1,0.6245342613287854,1.7664496450756624,8,100,100
1983812728460162588,1,0.47185070718479416,1.4155521215543825,9,100,100
-8543188814492048862,1,0.38476890650108986,1.0882908119066133,8,100,100
4041116188558116374,1,0.6622871499621324,2.094335858941837,10,100,100
4283137884849169842,1,0.6979659492919308,1.974145823126521,8,100,100
6004569555070547501,1,0.5691490388408481,1.7074471165225442,9,100,100
-6986039016501382694,1,0.31833461474308594,1.0066624406603684,10,100,100
5916647275583863817,1,0.38279935556804034,1.210517850439666,10,100,100
-4360618032625248256,1,0.35792223543647056,1.0737667063094116,9,100,100
1048644244082571903,1,0.6676264926646396,2.4980295978846274,14,100,100
-1165548486378713324,1,0.6158331490117549,1.74183918298271,8,100,100
3336417966309929858,1,0.5770589549362158,1.824820641794907,10,100,100
8351796688780244627,1,0.49344085078650207,1.4803225523595063,9,100,100
-2887210191352058065,1,0.3371923247409844,0.9537239175536261,8,100,100
6603427148580603987,1,0.6584297148314098,2.1837643149164903,11,100,100
5582056624465377910,1,0.656600722397833,1.9698021671934989,9,100,100
-6042173917885874456,1,0.4450706199815648,1.3352118599446943,9,100,100
-1811015353645786625,1,0.47484110546612146,1.4245233163983644,9,100,100
-938579502513689084,1,0.36852030277106307,1.0423328203773534,8,100,100
4899273982923188024,1,0.6391761424480297,2.021252436176006,10,100,100
-3385826425618729333,1,0.5171104611641247,1.5513313834923743,9,100,100
-5299265419199071107,1,0.6225748976509148,1.7609077277019305,8,100,100
3842025134593931179,1,0.43398719424419346,1.3019615827325803,9,100,100
-6164290053778905339,1,0.7317872224258094,2.4270636431627604,11,100,100
-6614828700437995128,1,0.347449395881507,1.1523592797746134,11,100,100
-197952149546083169,1,0.615302391277201,1.740337973409629,8,100,100
8568799489587943106,1,0.47700480331731576,1.3491733243369175,8,100,100
-3984873889786766143,1,0.2669774217573948,0.7551261813934192,8,100,100
2395624415583521343,1,0.561925868215906,1.5893663677584215,8,100,100
1135104210639387334,1,0.7249596980538431,2.050495674323298,8,100,100
-4037718094928835681,1,0.4802710776007428,1.3584117431170233,8,100,100
8661958888800151358,1,0.543321535266635,1.718133553262066,10,100,100
5266512537031509859,1,0.597921069443708,1.890792440445824,10,100,100
-6169582485043457806,1,0.47039184064426687,1.4875096091948494,10,100,100
254636784173293645,1,0.4670510922617377,1.401153276785213,9,100,100
3090035674092990048,1,0.6874509302260609,2.0623527906781827,9,100,100
6355383105951327521,1,0.6789224807768419,1.9202827602291936,8,100,100
1281418930900415678,1,0.2616600954577575,0.7849802863732724,9,100,100
-7355794569438563015,1,0.7054972083629375,2.230978061317274,10,100,100
5800916615454484312,1,0.3574261232527914,1.0109537421010701,8,100,100
4265093178578688521,1,0.5253132182219955,1.4858101554068068,8,100,100
-4847684627369882866,1,0.5799129847541891,1.7397389542625672,9,100,100
-5811972889663837110,1,0.39209122046494965,1.3582438300939654,12,100,100
-4850551424394359011,1,0.7076537201560718,2.001546977016983,8,100,100
4876639228548160552,1,0.6253399395305533,1.9774985207885143,10,100,100
-9111658689485024638,1,0.4626220148410302,1.4629392626338744,10,100,100
-1444462986643324532,1,0.6688869892918597,1.7697086288729849,7,100,100
4737702628983697607,1,0.44648917941685956,1.3394675382505787,9,100,100
-1623642540121366108,1,0.5466448180829253,1.7286426962704426,10,100,100
-960416319149498552,1,0.5670095308335825,1.7930415724575919,10,100,100
-2307705967297462423,1,0.6830276243851604,1.93189385976194,8,100,100
-8855134068594829495,1,0.4349455900701652,1.5682186270349214,13,100,100
-4907091518570783051,1,0.4846492147218577,1.3707949849062429,8,100,100
-988214205461272014,1,0.33140783305367344,1.0480035868704434,10,100,100
4886593405090424218,1,0.5268340183562299,1.490111627757793,8,100,100
-7453607188796204550,1,0.2787815725283927,0.7885133616187033,8,100,100
2053987756619676896,1,0.6604962363795089,1.981488709138527,9,100,100
2991594206698703500,1,0.8043974429989257,2.413192328996777,9,100,100
8408040575802921236,1,0.5192031020238321,1.7220018794016654,11,100,100
-4805481590203435286,1,0.538129458112196,1.522059955949504,8,100,100
-4647413681028263637,1,0.6398139451147535,2.1220227915826806,11,100,100
-1452879536450036456,1,0.37006539232458885,1.0467029935807077,8,100,100
7232363528344228164,1,0.277073438280349,0.7836820283788286,8,100,100
808513585307058045,1,0.5791876193916703,1.6381899730045728,8,100,100
-8770678861271889883,1,0.8079876469408452,2.423962940822536,9,100,100
832516895341299907,1,1.0421129350990863,3.126338805297259,9,100,100
-6906833376299356140,1,0.3270332209496884,1.0341698487421094,10,100,100
-7832943475730888941,1,0.6457002389729989,1.8263160703663273,8,100,100
-101553373325476564,1,0.8881462453575235,2.808565030656521,10,100,100
6249183805474654131,1,0.4805790060121529,1.3592826961883357,8,100,100
-181266866927058685,1,0.36627609824493934,1.098828294734818,9,100,100
-5534254713752818189,1,0.6216396647643548,2.1534229667438938,12,100,100
639233769228655997,1,0.7684640718820422,2.1735446253040744,8,100,100
-3844569696470952559,1,0.8211585333147382,2.3225870693442037,8,100,100
-6514081164296147266,1,0.8612171078504689,2.5836513235514067,9,100,100
-1534897927286362423,1,0.5145220749943468,1.7823567510119456,12,100,100
7130798280299111593,1,0.561593293448558,1.6847798803456742,9,100,100
5701940288539773578,1,0.36722929192648524,1.1612809860185764,10,100,100
-3844927423167282666,1,0.601500148042499,1.804500444127497,9,100,100
-6206316074279573581,1,0.5305971383587854,1.500755338446696,8,100,100
7935834643953299678,1,0.4400497346860332,1.3915594453606652,10,100,100
-6219356231820156570,1,0.7644807910031556,2.417500527017131,10,100,100
-5792397366421508901,1,0.255866380754466,0.9909662315164128,15,100,100
-5937374659155907701,1,0.563487846639074,1.7819050292031295,10,100,100
-33893820184801901,1,0.34444181040591526,1.0333254312177458,9,100,100
5300589339875074969,1,1.0600085937282893,2.998157058965158,8,100,100
8011906631863979462,1,0.28711388906492075,0.994591686838274,12,100,100
8061975321376788325,1,0.507386731415421,1.4351063938716868,8,100,100
-251378875410376451,1,0.7024490323094723,1.9868258967358245,8,100,100
-7761526577199460724,1,0.28812061721490745,0.8643618516447223,9,100,100
-9020813688088702981,1,0.7581809105986737,2.144459453002055,8,100,100
-1455554555213124246,1,0.6088285982296212,1.722027321553861,8,100,100
-7894460577567264855,1,0.4829674634669027,1.6018218622693954,11,100,100
-495002941802280534,1,0.7810673572922572,2.2091920996192442,8,100,100
-3706686377623858720,1,0.3155872272707069,1.0932262237053014,12,100,100
7034136828902662702,1,0.6677501564287512,1.8886826549965916,8,100,100
3843561892347404574,1,0.7243357339308191,2.173007201792457,9,100,100
2414926870809718003,1,1.005093466717411,3.015280400152233,9,100,100
8994445468474613492,1,0.4205359577287794,1.1894553097711968,8,100,100
657309757053059239,1,0.4987476638003353,1.410671420696662,8,100,100
-9015193196211560701,1,0.5085810672499446,1.4384844857421095,8,100,100
-242329572621714007,1,1.1977182976931806,3.387658921000224,8,100,100
-4870922038126296408,1,0.47054460907411433,1.560619915423298,11,100,100
-623156938356407945,1,0.571118635701767,1.713355907105301,9,100,100
1763650092175484729,1,0.6507509411055115,2.158296703617646,11,100,100
-88437718346179973,1,0.7478170359850318,2.115145988927362,8,100,100
7832510268451174356,1,0.29146526002701206,0.921694080498588,10,100,100
-589390336446386467,1,0.5620492114379894,1.5897152350734158,8,100,100
2710308338113287179,1,0.27323121930506805,0.8196936579152041,9,100,100
-7648252518145828938,1,0.5061528331407396,1.4316164025224,8,100,100
3908827865268118900,1,1.1510431185613963,3.255641578291498,8,100,100
-1421207742856227052,1,0.5496970307587143,1.8231387993991066,11,100,100
-4017549471362073279,1,0.631670081174184,1.78663279148369,8,100,100
7423204695517647089,1,0.30762665295180186,0.9728008923018542,10,100,100
-1136437765679252826,1,0.525234302129501,1.485586946990216,8,100,100
-3763591979484544658,1,0.49386850403128524,1.5617493373589106,10,100,100
9101135230293506355,1,0.5379997303570838,1.5216930304481122,8,100,100
-6316646297854428280,1,0.31338567655315314,1.2535427062126125,16,100,100
-2575341669873834442,1,0.32060828207366276,0.9068171614354255,8,100,100
-966471428111303663,1,0.5081886652179167,1.5245659956537503,9,100,100
2162155846997726979,1,0.34659045035862746,1.0397713510758824,9,100,100
-1666567199951009327,1,0.557769052493081,1.6733071574792429,9,100,100
-7016461561312774329,1,0.7834037599391888,2.3502112798175663,9,100,100
5172590012844024730,1,0.5149553414766288,1.456513655865434,8,100,100
-1843659719946720628,1,0.8924998827335127,2.524370877156261,8,100,100
-5150093223057810909,1,0.5376891477620548,1.520814570211858,8,100,100
-2860994312599008931,1,0.7384168181396844,2.449051524657432,11,100,100
-2578130628212469607,1,0.29125655505569775,0.8237979405796677,8,100,100
4056110773661320482,1,0.8678700243476842,2.6036100730430527,9,100,100
3963505479189304296,1,0.510934213650934,1.3518048656347144,7,100,100
-5843704570039861125,1,0.5684410641000389,1.607794124520138,8,100,100
6957376941121874185,1,0.3449463581088914,1.194929236260897,12,100,100
-7563763230366532370,1,0.721382781606152,2.0403786268196975,8,100,100
-9154246193968918268,1,0.7815329698275506,2.344598909482652,9,100,100
6675500855323269030,1,0.6122992637619975,1.8368977912859925,9,100,100
3467736470356437808,1,0.613370744242892,1.8401122327286759,9,100,100
372320807804863426,1,0.46225442704700853,1.8490177081880341,16,100,100
564398026658695704,1,0.450941555062234,1.2754553260132504,8,100,100
7227038839786223073,1,0.7672241826247056,2.170037688896942,8,100,100
-6356823143980586984,1,0.2821458020351855,0.8922233666861572,10,100,100
7760224911122318207,1,0.39072959101018384,1.2355954568182321,10,100,100
-2038806234474492986,1,0.4349518288330441,1.3048554864991324,9,100,100
-7171742742728500326,1,0.5733380261973221,1.6216448249449475,8,100,100
7105210423856605723,1,0.5148023565147118,1.5444070695441354,9,100,100
-5096744920905742852,1,0.5221504068879301,1.4768643740390817,8,100,100
-5975305975540345558,1,0.33651185352718566,1.009535560581557,9,100,100
3036516634675152081,1,0.22750814095563082,0.7545591403011158,11,100,100
937294713266368421,1,0.5112851439478533,1.4461327696218687,8,100,100
126799516462750547,1,0.45275395965062226,1.2805815803120622,8,100,100
551945979957423155,1,0.3449852673467976,1.2438620706985313,13,100,100
2965830991981552118,1,0.7495554624675528,1.9831373475391534,7,100,100
1681931166694925579,1,0.4104873751068395,1.2980750560815164,10,100,100
-3861624794055848318,1,0.30166810920883164,1.045008984345866,12,100,100
-8960310661363458331,1,0.6527143997749564,1.9581431993248692,9,100,100
438477340432825259,1,0.6128382684406135,1.8385148053218405,9,100,100
-7653503407029464480,1,0.8669712008957315,2.6009136026871946,9,100,100
-2822354588209979805,1,0.3023168029178396,0.8550810456393656,8,100,100
-4120780068976019993,1,0.42943634681374326,1.2146294116799037,8,100,100
-3547290700348560268,1,0.4947922471741531,1.3994838130214962,8,100,100
-4644191776784892207,1,0.808016293895081,2.2854152028897365,8,100,100
4412299782090974073,1,0.5623567379046925,1.6870702137140776,9,100,100
-3689543941790280384,1,0.6128703611480664,1.7334591534241846,8,100,100
-1910486925542464238,1,0.24877248533615004,0.7036348454152906,8,100,100
6102390292091722844,1,0.6090485189752938,1.7226493513562156,8,100,100
-1322703284901014483,1,0.5529719365430968,1.748650801630282,10,100,100
8058721648023483854,1,0.440324038323489,1.320972114970467,9,100,100
-2124956881497920682,1,0.37458002454594025,1.2423413953809996,11,100,100
6576710062950930232,1,0.37770729335916103,1.1944153358723395,10,100,100
-6610046242698220989,1,0.5024913681628241,1.6665753285884246,11,100,100
-8600729953929063127,1,0.303601733472631,1.135973668685243,14,100,100
4824305083732002635,1,0.5935732289825931,1.5704471487935383,7,100,100
757014104871354895,1,0.6230709787822107,1.8692129363466323,9,100,100
367345958259379734,1,0.7242487592315272,2.0484848356742242,8,100,100
8919915435692569593,1,0.4197602806769482,1.1872613637577545,8,100,100
-5550489214924297810,1,0.6473708192005525,1.8310411847960044,8,100,100
755240175807432425,1,0.8593815408690052,2.5781446226070157,9,100,100
-1040819915830091087,1,0.6575345523181447,2.0793068255844855,10,100,100
-5343657753371079351,1,0.4195405768729,1.3914586778166653,11,100,100
3067625060905168685,1,0.5020097585699701,1.664978010273492,11,100,100
1746307086223407636,1,0.5865785535030271,1.9454609720389509,11,100,100
7282662781942851493,1,0.32155323004501196,1.0168405959263251,10,100,100
-4687619131844372750,1,0.6574365083209073,1.8595112529332787,8,100,100
1901231489201812251,1,0.7504163542622265,2.2512490627866795,9,100,100
7615159562451624463,1,0.602479964463942,1.7040706736059343,8,100,100
6991912623824494070,1,0.3197366154398038,1.0604463851519843,11,100,100
-476557759911131164,1,0.5410860742863278,1.7945794876941183,11,100,100
-3546210491484128828,1,0.4085981080527783,1.225794324158335,9,100,100
6593405658800328485,1,0.5903253511159385,1.6696922355216393,8,100,100
7840097556378305400,1,0.6799280012718046,1.9231268016716345,8,100,100
5960006594901220073,1,0.6850233483809371,2.0550700451428114,9,100,100
-8991826524859894284,1,0.38647352291612713,1.0931121952121923,8,100,100
-1458378046717083119,1,0.5274816288997141,1.5824448866991423,9,100,100
4742300168930843554,1,0.8173246011241632,2.311743071541944,8,100,100
8231050881946082043,1,0.37031802066293534,1.110954061988806,9,100,100
-6898781019949067297,1,0.631861571520083,1.7871744079721577,8,100,100
-4992337115394137897,1,0.7533522072439666,2.2600566217319,9,100,100
-7923668927509884710,1,0.8598541602133509,2.579562480640053,9,100,100
-1743575193153260210,1,0.7789950203602986,2.698517908214378,12,100,100
2718977858882418406,1,0.6396952810077935,1.8093314843745796,8,100,100
5998909057210181252,1,0.47824893706866134,1.434746811205984,9,100,100
4576705134862122188,1,0.519117074214031,1.557351222642093,9,100,100
8048985684643900736,1,0.6137330362450546,1.735899167068349,8,100,100
-3522861715582315972,1,0.9759962991007544,2.7605344060284693,8,100,100
-3044253303143861945,1,0.6000249364913545,1.897445452210561,10,100,100
-2368793565002959766,1,0.5565956043579772,1.6697868130739315,9,100,100
804600793856177571,1,0.3581755473521348,1.0130734335515916,8,100,100
-4483306756470613271,1,0.9449639342109792,2.8348918026329377,9,100,100
-8477107717826021586,1,0.4884987953892665,1.4654963861677994,9,100,100
7562362388361947487,1,0.3422807367827896,1.185695253119802,12,100,100
-6281647839700004603,1,0.580420166526585,1.7412604995797551,9,100,100
446906951399425007,1,0.43258218451407915,1.2977465535422374,9,100,100
31162199496959700,1,0.4495348244530958,1.2714764910011531,8,100,100
1497662360430022802,1,0.666004840007247,1.8837461546887442,8,100,100
6782435362464595843,1,0.8476770661580499,2.397592806946699,8,100,100
1802152949945015935,1,0.3512442268123517,1.053732680437055,9,100,100
8916586607977434929,1,0.48215404531601913,1.3637375800779323,8,100,100
1610806156452413983,1,0.5599999525071376,1.5839190555277665,8,100,100
-4677313968069835041,1,0.5157166839392314,1.3644580926701046,7,100,100
-5482738250175539379,1,0.6396364420387523,1.9189093261162566,9,100,100
674015829083223918,1,0.6617594707989846,1.8717384372655324,8,100,100
4470784356875294379,1,0.9058770367881049,2.717631110364315,9,100,100
-3617799052861909225,1,0.3970820487811764,1.5883281951247057,16,100,100
4621851948688320661,1,0.4386994645974392,1.3160983937923176,9,100,100
-7920845757341586422,1,0.4517984697989199,1.4984460051797333,11,100,100
3465312905497416777,1,0.5549044182092171,1.6647132546276513,9,100,100
691675610954543665,1,0.8304750883001014,2.3489382661739944,8,100,100
5022812316527059913,1,0.5199750979264952,1.5599252937794856,9,100,100
-6625072452848189971,1,0.4100009492522775,1.2965368424683066,10,100,100
3947733653823142316,1,0.6079745225482479,1.7196116307300786,8,100,100
1246390219974509792,1,0.6897352330661433,2.1811343189560954,10,100,100
8608894612229934549,1,0.5856919256436245,1.8521204922038335,10,100,100
-362624903252296285,1,0.6537516826889435,1.9612550480668303,9,100,100
7825836919574454752,1,0.9839506505853871,2.7830327095273697,8,100,100
-5510497742573585649,1,0.5919027701052825,1.566027530028814,7,100,100
-7111119941818636678,1,0.6134360148092066,1.9398550055738732,10,100,100
955630942336284352,1,0.25637451194070077,0.7691235358221022,9,100,100
4511024626932155626,1,0.3151437849896728,0.8913612296599719,8,100,100
-8072062056367396685,1,0.46595245694383314,1.317912568062069,8,100,100
-6455807413085849211,1,0.7368093313402879,2.0840114985289735,8,100,100
4788862251647323451,1,0.469884392881946,1.3290337623221917,8,100,100
6007054438735952873,1,0.6457376549874453,1.8264218988364873,8,100,100
-4669689410596767467,1,0.5777094101057144,1.8268775616463533,10,100,100
2008236161022623288,1,0.44382332083099624,1.2553219192333207,8,100,100
6948426368526765751,1,0.5546778867130793,1.568865980276168,8,100,100
6510904125066830744,1,0.4344911986981898,1.3034735960945694,9,100,100
4462976874534268376,1,0.4420010834243003,1.326003250272901,9,100,100
2768329996961363403,1,0.4083319848386611,1.2249959545159834,9,100,100
-5811906552495869353,1,0.7306616959003566,2.066623359697621,8,100,100
-4212884479837818807,1,0.32790481046693626,1.0369260568013392,10,100,100
5756668607926552495,1,0.6408946437758845,2.026686814534051,10,100,100
-2388393767150906252,1,0.5757054195868921,1.6283408246229523,8,100,100
4376902178587305421,1,0.9013781217783411,2.5494823292906346,8,100,100
7882377647132382238,1,0.3549992711569083,0.9392397870903644,7,100,100
2989992502601936350,1,0.46218278221098447,1.5328868731563818,11,100,100
127469851153985336,1,0.4279156502152243,1.2103282321721434,8,100,100
-3514987708682950394,1,0.4773675625752741,1.3501993624618795,8,100,100
5457626066017413026,1,1.1742425566643668,3.3212594983008104,8,100,100
983467381457489782,1,0.6226826223838596,1.9690953461395422,10,100,100
-833710545180024896,1,0.5199011037681399,1.5597033113044196,9,100,100
2030228730753816282,1,0.46089710314030374,1.3826913094209112,9,100,100
-1359372926763277919,1,0.42672534166537335,1.2069615311829276,8,100,100
1745704074923592046,1,0.7420616343410644,2.0988672548037557,8,100,100
5553058384064930582,1,0.24986275830422974,0.7067186030515848,8,100,100
8888637092785717315,1,0.5310488334461112,1.5020329250838027,8,100,100
2555767792685925857,1,0.4163407007774596,1.177589331214804,8,100,100
-7167510445409563954,1,0.39576327477662115,1.119387581356575,8,100,100
-8063213531609357315,1,0.37042683307560736,0.9800572792632924,7,100,100
-8354963633596191594,1,0.8418441034956997,2.381094697134876,8,100,100
-4289879227537219223,1,0.9027927567517388,2.553483521221007,8,100,100
-8632724300237885128,1,0.4342747570127797,1.302824271038339,9,100,100
-8264967780463472394,1,0.39381758972005304,1.181452769160159,9,100,100
1208784703146236818,1,0.46384337406358034,1.391530122190741,9,100,100
7175897516059555615,1,0.8069733978785096,2.2824654475081765,8,100,100
7858257573578889255,1,0.4580543159835795,1.2955732519350187,8,100,100
1708836364879926969,1,0.32566780646587734,0.9211276574646803,8,100,100
-2407452149059862405,1,0.5131797176768647,1.6228167568610652,10,100,100
3808058542574693217,1,0.6069947801822538,1.716840500846838,8,100,100
8506646607432824174,1,0.3603103560558082,1.0191115843952057,8,100,100
-2661228540574999099,1,0.5862583868254168,1.8539117997443677,10,100,100
-2681081243915410641,1,0.9483876021304206,2.6824452186386796,8,100,100
-3193080151734219765,1,0.4305438920352714,1.3614993315050854,10,100,100
-7160219918276606868,1,0.856907687235669,2.423700945980891,8,100,100
-7174680275142224611,1,0.6212694781797772,1.8638084345393315,9,100,100
-5376906545605230190,1,1.0098933897355935,2.8564098566300284,8,100,100
-2107064157420468858,1,0.6944983574493747,2.083495072348124,9,100,100
-6693893977926520813,1,0.32336208074872963,1.0724706932721413,11,100,100
-2619209714595586836,1,0.5955767717050002,1.684545495959192,8,100,100
7991847981441457498,1,0.7348154169741677,2.204446250922503,9,100,100
-5330431023027447887,1,0.4501492517627944,1.2732143538700895,8,100,100
-8452434161373620616,1,0.6051619196811103,1.815485759043331,9,100,100
-8324549675622785923,1,0.728414069730212,2.0602661128716946,8,100,100
515804472855478698,1,0.6696005091656865,2.505415691307383,14,100,100
4568050613124501718,1,0.8628546491489736,2.8617651198408964,11,100,100
2971894688271465224,1,0.6718248895352203,1.9002077406410303,8,100,100
-4176221965601389095,1,0.46112279280492846,1.3833683784147854,9,100,100
9146479592359725190,1,0.6930054350704625,2.0790163052113875,9,100,100
-6434850086407993372,1,0.36620376255963805,1.2145604772267182,11,100,100
4628309626101649929,1,0.4627244171694759,1.2242537333877395,7,100,100
2345800332673853302,1,0.3520170278260862,0.9956545098758366,8,100,100
-5144428485386913113,1,0.29397410578757505,0.8314843347825833,8,100,100
-6527754941962265701,1,0.5056108298113556,1.5988818318516465,10,100,100
-5254859790607289220,1,0.3879432866746559,1.1638298600239676,9,100,100
8451599963653886596,1,0.48366437161438464,1.3680094279474468,8,100,100
3061053729926942460,1,0.718316087351159,2.031704705605572,8,100,100
-2996867216960780274,1,1.1024162109951778,3.3072486329855333,9,100,100
-9196100914636609410,1,0.2842684235675223,0.9847347052129173,12,100,100
2338656778938626946,1,0.5163459942964078,1.4604470160220016,8,100,100
8207604034499695120,1,0.3694155431827529,1.1082466295482587,9,100,100
-2907088221204716131,1,0.5859872786331162,1.7579618358993485,9,100,100
-3207917703224559863,1,0.5411318582082291,1.4317003233132402,7,100,100
4733109860838793661,1,0.5812522473143518,1.537848895391186,7,100,100
-1338664365620406700,1,0.4578339610325139,1.3735018830975416,9,100,100
8760294935076503241,1,0.724499022318459,1.916844238164077,7,100,100
4834943604067296472,1,0.4665076786755393,1.3995230360266178,9,100,100
3973495587364798228,1,0.3627258653100846,1.0881775959302538,9,100,100
2635194266457482769,1,0.7058742188718419,1.9965137873161467,8,100,100
-3171869709935416874,1,0.4848504682640569,1.4545514047921708,9,100,100
8069164868906082613,1,0.46579621636736657,1.6135654254432494,12,100,100
1038224632206085565,1,0.318410914678917,0.9552327440367511,9,100,100
-3026050661798193575,1,0.5580447608329822,1.5783889383625072,8,100,100
-4519479733076108228,1,0.4140349200291867,1.1710675984026713,8,100,100
-5504928415870955027,1,0.5157442705348689,1.5472328116046068,9,100,100
-1406128258507682217,1,0.43169906058902874,1.2950971817670862,9,100,100
5126123653833282530,1,0.6182908890125013,1.748790721466395,8,100,100
-8938594146478403717,1,0.6577723192331751,1.8604610696263226,8,100,100
4812029542279219499,1,0.41512828097116894,1.2453848429135068,9,100,100
-1184688901203475101,1,0.6184505386598329,1.7492422788593638,8,100,100
8825958806964754695,1,0.4147866763065751,1.3116706402197753,10,100,100
-3173705361451747595,1,0.5756620382466313,1.6282181236634508,8,100,100
-4072993307879410789,1,0.6665223844576743,1.8852099914505946,8,100,100
-5397222601205605108,1,0.5953280678807015,1.8825926495303469,10,100,100
5879087429411358946,1,0.4177367801310882,1.1815380399269053,8,100,100
8877950699651209319,1,0.32039355564171074,0.9062098233708924,8,100,100
-8851007633234789095,1,0.2857401326806284,0.9476928076480134,11,100,100
1189570584757520356,1,0.4700813960861346,1.3295909715285807,8,100,100
4026785781432121367,1,0.5260114483390995,1.4877850484093385,8,100,100
2033011186167788180,1,0.6312041889859638,1.7853150493813204,8,100,100
-1031748261586998295,1,0.5850474180353279,1.7551422541059836,9,100,100
-1126943501696505401,1,0.7293446749261461,2.0628982618503042,8,100,100
6630749310720873346,1,0.5706555173960034,1.6140575442889273,8,100,100
-2674430041118411854,1,0.5546619305327892,1.8396055090714334,11,100,100
3607880123635523045,1,0.4256992285999243,1.2040592451555552,8,100,100
358012470243966954,1,0.5812072317670193,1.837938644945151,10,100,100
-9070648587949937859,1,0.338733816714927,1.311910430934188,15,100,100
926904177793693575,1,0.5634077091917306,1.6902231275751916,9,100,100
-1561069485661136989,1,0.49838325861719207,1.4951497758515762,9,100,100
2107779835879185424,1,0.49124025377594566,1.473720761327837,9,100,100
4229125274834428745,1,0.4823924760245291,1.276290525889592,7,100,100
-1794465649369510023,1,0.6534707967214963,1.848294526676584,8,100,100
-8555961931960096750,1,0.27453823624181295,0.9898616878453026,13,100,100
-5841956167811034342,1,0.5241543005472301,1.4825322412201525,8,100,100
1016690755925119753,1,0.4099834560075358,1.0847142662467297,7,100,100
-1120609973967665210,1,0.7169910894084975,2.027957045484315,8,100,100
105773063003839783,1,0.6486735297029151,2.0512858117220985,10,100,100
8959281573139073314,1,0.44018275585321814,1.245024846500772,8,100,100
-348251813834021145,1,0.5687252872457592,1.9701221861177176,12,100,100
-2600462407267804464,1,0.4689244228747236,1.5552463657094069,11,100,100
-767784623447311783,1,0.48704088320996863,1.7560508776608101,13,100,100
3765521270432225678,1,0.6868995260431849,2.2781879965582017,11,100,100
-7171782883517187109,1,0.43394247027408644,1.4392243544990964,11,100,100
9050898851634210652,1,0.9522359415797181,2.6933299663223034,8,100,100
2740724303840407007,1,0.36760026942242213,1.0397305730983863,8,100,100
-5820582100358566970,1,0.7105855754875029,2.0098395161622347,8,100,100
5664911014543280789,1,0.6653721618893306,1.9961164856679916,9,100,100
946337238017071778,1,0.3680911103255105,1.0411188808226164,8,100,100
-6871775262240888805,1,0.44378003732242743,1.2551994949836305,8,100,100
5019406146320891781,1,0.6471176348557172,1.830325071327511,8,100,100
4614267160439640705,1,0.286147495912908,0.8093473391182686,8,100,100
-666779231463699792,1,0.8056800604437068,2.6721384615626347,11,100,100
2444795018989863901,1,0.3547516214584507,1.064254864375352,9,100,100
-709114605815909952,1,0.7557406859044294,2.137557455286379,8,100,100
-6301754243430551518,1,0.8970782000084655,2.537320313922432,8,100,100
4868959142519745786,1,0.4488209570242072,1.2694573690018118,8,100,100
4092354525223712257,1,0.4185127311693073,1.1837327608908792,8,100,100
9039449573956811068,1,0.4415508005953742,1.6521318146836295,14,100,100
8866204266845091302,1,0.26986373175502004,0.8095911952650602,9,100,100
-7279154407284451409,1,0.3715885417366091,0.9831308714762129,7,100,100
8514834104960699540,1,0.4506962787911699,1.3520888363735097,9,100,100
266231910339583254,1,0.8100926563925821,2.5617379099767215,10,100,100
-673993099352666527,1,0.4499783854910013,1.3499351564730038,9,100,100
-7257320244253342606,1,0.7833453514843882,2.215635240182282,8,100,100
-1536531970390636208,1,0.3267180327782816,1.0836011269685968,11,100,100
-2498657794472866731,1,0.5359898127219251,1.5160081248903237,8,100,100
-4518510921859807231,1,0.7743068963391839,2.1900706284837845,8,100,100
-2433319115945844016,1,0.8995668648026899,2.544359320930817,8,100,100
7891513171270960342,1,1.161380974325692,3.2848814499469463,8,100,100
3155920995455341424,1,0.7307405114838725,2.06684628383189,8,100,100
3850977722258470,1,0.3241610423696462,0.9724831271089387,9,100,100
3972304583605498183,1,0.3943615283040656,1.1154228436115816,8,100,100
-7697004197846802980,1,0.33086717793917475,1.0462938852800083,10,100,100
5114751132689797910,1,0.7486149614348074,2.1174028629130324,8,100,100
-632409216080879327,1,0.3117542418282377,0.9352627254847131,9,100,100
-7460025753292438482,1,0.5822085622312375,1.8411051299025942,10,100,100
-4042447193785395120,1,0.6422351405077648,1.8165152918773426,8,100,100
455909755679371693,1,0.3801615807810526,1.1404847423431579,9,100,100
4297501441800543219,1,0.3368185990818518,1.1667738530878786,12,100,100
-3931045390056996077,1,0.3024175192894256,0.9072525578682769,9,100,100
-7893455075588450968,1,0.5684270320040131,1.6077544357591216,8,100,100
-1366519332133377011,1,0.22578452700177898,0.9309334534584575,17,100,100
-3790234816717916559,1,0.38005789329759426,1.074966054376809,8,100,100
-7274544304000764776,1,0.9855867380383772,2.787660263657864,8,100,100
2398450808002823131,1,0.7013907742329382,2.217992376405024,10,100,100
-2122757694051335190,1,0.4374233946240598,1.5771524784045667,13,100,100
5236495668091184136,1,0.40637297580315707,1.2191189274094711,9,100,100
2523869490115302337,1,0.4653226441344268,1.3161311884284315,8,100,100
1786657947117675880,1,0.6043020172914599,1.7092242172460066,8,100,100
-8748141674408162466,1,0.5732497031955698,1.901254176682302,11,100,100
8834798198194640306,1,0.8154799165649196,2.3065255156979787,8,100,100
-9082110477046347727,1,0.5807878540155367,1.8366124560504657,10,100,100
-5837978089871232329,1,0.6260345398102609,1.97969503973578,10,100,100
-3560994334125262982,1,0.7977853924214419,2.5228189240629897,10,100,100
3459281059818962312,1,0.7556307838321389,2.1372466052840466,8,100,100
-2718180180566964476,1,0.40429043156540473,1.143506022914934,8,100,100
-5046526903528292846,1,0.5373575805522174,1.612072741656652,9,100,100
-5614656681957657398,1,0.5273205008761079,1.5819615026283238,9,100,100
-662186009704398728,1,0.658153435852412,1.861539030209864,8,100,100
2192582604806037623,1,0.5670647646022684,1.9643699669464283,12,100,100
-3912964809477172567,1,0.4531863004321458,1.1990182485248613,7,100,100
-7028123615267817969,1,0.557317453448392,1.5763318024279043,8,100,100
1039250854031270649,1,0.5340537561664652,1.5105321300138181,8,100,100
4217178571027290112,1,0.7872154297364271,2.3616462892092813,9,100,100
2563930927477672227,1,0.6185992766431638,1.8557978299294915,9,100,100
-2045564871873508975,1,0.8242837437274264,2.3314264992459903,8,100,100
1908932305696524195,1,0.29963000927473354,0.9475132846455343,10,100,100
-8999254088196741931,1,0.9606227309691909,2.7170513889210217,8,100,100
-4429817905152197098,1,0.8352708922693934,2.3625028482057053,8,100,100
-447994457853307215,1,0.36908001397016355,1.1072400419104906,9,100,100
-3065961667871400146,1,0.8281020155110314,2.484306046533094,9,100,100
3018621636477024791,1,0.9093022247993194,2.8754661118242937,10,100,100
367235145326490745,1,0.7429663470867263,2.1014261688736893,8,100,100
8928307982662030872,1,0.554267066777224,1.6628012003316721,9,100,100
209481761619835420,1,0.32478627652990083,0.9743588295897025,9,100,100
-8008772422075282768,1,1.0885853993997767,3.0789844712649934,8,100,100
-1282151437106163731,1,0.8904510874748365,2.6713532624245095,9,100,100
-5430618475796731772,1,0.9253794225317917,2.776138267595375,9,100,100
-2555190533259314643,1,0.8287963982729658,3.10107216572968,14,100,100
-2661096898452698092,1,0.4749848757010454,1.5753466137939653,11,100,100
5340038652771242056,1,0.5003833247655799,1.4152977685376484,8,100,100
-1684042744036981127,1,0.5882621889936053,1.5563954577795571,7,100,100
6517617392679495691,1,0.3741198217355696,1.1223594652067088,9,100,100
-6772580308430225729,1,0.4660009198652457,1.3180496419035368,8,100,100
-5098964690345568480,1,0.6991552357099212,1.9775096330902573,8,100,100
2256043325410417813,1,0.38753760502531565,1.2853168280219212,11,100,100
-8021222365081560779,1,0.9886133986288613,2.7962209525693895,8,100,100
-8145904746169311258,1,0.5755439843463434,1.6278842168096943,8,100,100
-8957123533771473159,1,0.3161995195329407,0.948598558598822,9,100,100
7566277108390218149,1,0.4857409148343135,1.4572227445029404,9,100,100
3702973236593177449,1,0.7265398306198536,2.179619491859561,9,100,100
-2889393180731646434,1,0.6076655560956882,1.8229966682870646,9,100,100
-4670728146480304239,1,0.4063193942253145,1.14924479593732,8,100,100
-1190382034053241916,1,0.701595335242611,1.9844112767955977,8,100,100
-5169027661663180248,1,0.4342018209255964,1.2281082079201449,8,100,100
7875489848485701900,1,0.5931216832075075,2.1385306413941767,13,100,100
7937734805385070299,1,0.3253577243057915,0.9202506126721935,8,100,100
-3837245672614567290,1,0.32541468153896325,1.029051577721471,10,100,100
1987443181418443132,1,0.4557934454991959,1.441345430353281,10,100,100
-1447803149524808808,1,0.785368856169997,2.4835543888583747,10,100,100
4857274587546758250,1,0.7206091441678899,2.0381904497045977,8,100,100
-3449857809889025650,1,0.4537694464488076,1.361308339346423,9,100,100
826843640763071950,1,0.44332206747577924,1.253904160647055,8,100,100
-3866651728612228501,1,0.4760254815492998,1.3464033840844067,8,100,100
1862182018790502479,1,0.7213874695319272,2.040391886276119,8,100,100
5938229915519603903,1,0.6174103166003909,1.7463000865706786,8,100,100
-3808283647886816767,1,0.2932378443191728,0.9725599039393459,11,100,100
-3190324507613640235,1,0.5463329457402959,1.727656469328521,10,100,100
-1478701186814463508,1,0.5038529119085107,1.4251112429243842,8,100,100
-636615658323075478,1,0.3711387228608927,1.049738830783408,8,100,100
-1756565385824061122,1,0.7950723327741792,2.248804152153718,8,100,100
-8370166563287276507,1,0.5247986488298804,1.8179558470336996,12,100,100
-6011810463879354261,1,0.5421057177689602,1.5333065166177298,8,100,100
5940843290081069608,1,0.5151141706102766,1.4569628924952434,8,100,100
-6346851997934695839,1,0.7245665430622471,1.9170228812604784,7,100,100
5554363385560853391,1,0.9831399348943887,2.7807396592764926,8,100,100
-3472906469307351307,1,0.631853373836684,1.9980958085857656,10,100,100
9181158827444377842,1,0.7513009834704606,2.12500008049634,8,100,100
-8556656629020338282,1,0.5905516903463143,1.6703324195402283,8,100,100
-2263468933647181556,1,0.5309382862407022,1.678974281507057,10,100,100
-1116109295115985078,1,0.634194312949022,1.7937723971047879,8,100,100
-2970031471013927334,1,0.40483549397344126,1.145047692214504,8,100,100
-8633699759745041919,1,0.5471716263220031,1.54763506978064,8,100,100
-6305189045484725630,1,0.540115820104141,1.6203474603124233,9,100,100
-4923330596336189216,1,0.5631060849965537,1.5927045249138863,8,100,100
3226616630453124071,1,0.5880267812053891,1.6631908980385157,8,100,100
7396255498706292837,1,0.6873941021998068,1.9442441240524884,8,100,100
-463617987894986538,1,0.7636049146124838,2.1598008530794477,8,100,100
2238283832720436794,1,0.33133907214625935,1.1946600141880002,13,100,100
-8903330209308602781,1,0.4566597037349717,1.3699791112049151,9,100,100
-7831106329201129435,1,0.38166564828955135,1.0795134722060065,8,100,100
-2048037338929585937,1,0.3884436822928819,1.4534231731968317,14,100,100
4055303320936778654,1,0.622748368518747,1.7613983774098605,8,100,100
6123168088055261033,1,0.275697388556876,0.8718316928001703,10,100,100
7114129310170738168,1,0.43815529841180373,1.1592499552229267,7,100,100
-7510084199410835593,1,0.9190518181895964,2.5994710916147583,8,100,100
-7997561833363286852,1,0.45970116246686304,1.3791034874005892,9,100,100
-4226128520010915684,1,0.6954325276837856,2.306488761335561,11,100,100
-42876782125978875,1,0.39492329008769206,1.1170117458780364,8,100,100
-1575869024858268490,1,0.5855045017849584,1.6560568145095806,8,100,100
-2907892558610458266,1,0.29500820883733964,0.8344092198983202,8,100,100
7684521460927328993,1,0.4470884196816412,1.3412652590449237,9,100,100
-6259843484000738433,1,0.6556258310822587,1.8543898843173245,8,100,100
623583260201083288,1,0.6265372859904962,1.981284862750273,10,100,100
5406112773077947268,1,0.3315801309863485,0.9378502365086828,8,100,100
2266923881282382756,1,0.8791520476096131,2.4866174982351836,8,100,100
2863858989658441117,1,0.33537212994163385,0.887311252487602,7,100,100
-4628375191323975117,1,0.5902333810901089,1.7707001432703269,9,100,100
-2902319218459993132,1,0.4157436876125456,1.1759007229853307,8,100,100
1874360824124704842,1,0.6404741963651279,1.9214225890953838,9,100,100
1002643629322566289,1,0.5182247353302264,1.7187570041715945,11,100,100
-8069001223651189840,1,0.5231561567394939,1.6543650272368486,10,100,100
-7201122711465461180,1,0.7268727784896029,2.055906682919622,8,100,100
-9057855236636061808,1,0.6819096727353925,2.2616385253773403,11,100,100
-2224331220539015083,1,0.5741882220374254,1.6240495419204422,8,100,100
-8676060886208158138,1,0.5746413900914139,1.7239241702742418,9,100,100
-7110825051302544119,1,0.32357347966581856,1.3341276343108182,17,100,100
3511230166766884079,1,0.441095519804564,1.323286559413692,9,100,100
-5060931520397914646,1,0.6598266920690845,1.9794800762072535,9,100,100
4266475089853099840,1,0.7417197191201654,2.0979001725186013,8,100,100
-6080658653263261407,1,0.5481312445542429,1.8179456740569602,11,100,100
8573113418873937558,1,0.42830624317168614,1.2114329958849348,8,100,100
-6167773982954098772,1,0.40328149904718213,1.3375334172315718,11,100,100
-7542216974505079564,1,0.24979797379569568,0.8653255644838078,12,100,100
1269367442035684474,1,0.7594495155889174,2.1480476097670484,8,100,100
6929170362546217922,1,0.6803939366766414,1.9244446660090544,8,100,100
4567675673070140745,1,0.7216052997858485,1.9091881679795657,7,100,100
-8507742607132461983,1,0.5800713800904977,1.7402141402714932,9,100,100
-6274132756979226939,1,0.5520314803829299,1.5613808128288735,8,100,100
4949239371309220597,1,0.36536520187502886,1.0960956056250866,9,100,100
-8423604557298253630,1,0.6516545112588131,2.1612935067879118,11,100,100
5523553688083918967,1,0.7589922445196967,2.400144219085693,10,100,100
8686927723443383954,1,0.5944634309211447,2.143368381574432,13,100,100
2475718877414203794,1,0.3610925149297397,1.0832775447892191,9,100,100
-1706628134061197357,1,0.7331228823278967,2.19936864698369,9,100,100
-5675145846241573460,1,0.5140734451936871,1.5422203355810615,9,100,100
-8619499435706305766,1,0.5875541869352686,1.6618541995859075,8,100,100
577555847419375055,1,0.5637165630053967,1.6911496890161903,9,100,100
1766687881190564681,1,0.4771735640712441,1.349650651830921,8,100,100
2189521459674906701,1,0.5977954013985766,1.7933862041957298,9,100,100
-956927241762810191,1,0.35000127115834373,1.0500038134750311,9,100,100
-5982178932963526364,1,0.5706885166300332,1.6141508802175533,8,100,100
4376597364569110737,1,0.690808372336888,1.9539011383194198,8,100,100
-6272740019637879777,1,0.2829251462980191,0.8946878696380963,10,100,100
-2871747846513794977,1,0.6195072004359886,1.752230969688725,8,100,100
-902922848517847554,1,0.3988330680857279,1.2612209013439115,10,100,100
-2969890317215256099,1,0.40555250864311804,1.2166575259293542,9,100,100
4183446175481173557,1,0.5314744965722443,1.503236882215762,8,100,100
-5888713884741290002,1,0.9445055723086164,2.8335167169258493,9,100,100
-361262897886587935,1,0.6261408233464247,1.7709936886639404,8,100,100
-6721205214228324812,1,0.6141161873108197,1.842348561932459,9,100,100
3638286487700091628,1,0.4450190192751957,1.3350570578255871,9,100,100
-8474122467452641332,1,0.5844753686333961,1.6531459863887261,8,100,100
-4922395489380047990,1,0.44536171625178467,1.336085148755354,9,100,100
-261620323803487359,1,0.6308659044942111,1.7843582363489663,8,100,100
-4745889320327601956,1,1.1096294509790106,3.1385060375662563,8,100,100
-4205259258538628262,1,0.5815195837213131,1.644785764168475,8,100,100
-5872319142526647565,1,0.5668455237502661,1.7005365712507983,9,100,100
1884281280526617515,1,0.3934692444484089,1.523899830993503,15,100,100
-418870090892219430,1,0.5833436255517127,1.649944933558249,8,100,100
1194730420240383971,1,0.6235612594124003,1.971873840386293,10,100,100
-6984387284586469101,1,0.7135006890979688,2.0180847025697934,8,100,100
1217025323267628705,1,0.38164416874760326,1.206864828964077,10,100,100
9156456835813708926,1,0.2974061039645122,0.8922183118935366,9,100,100
7806151802609308303,1,0.8193948618903735,2.3175986532483908,8,100,100
1299930416936987155,1,0.37844012027514723,1.070390301278437,8,100,100
6450571784679396815,1,0.5175686318760361,1.9365644946214533,14,100,100
704901296418728044,1,0.568592376445307,1.8858075713255948,11,100,100
4167858256052400726,1,0.49021603043794104,1.4706480913138231,9,100,100
-3144745210853468264,1,0.4257338528799995,1.2772015586399985,9,100,100
6908114247483675649,1,0.973807100054243,2.754342416063848,8,100,100
-2857624383559601777,1,0.5568950745994049,1.6706852237982148,9,100,100
-9017389599234426258,1,0.49290466819988726,1.394144933450582,8,100,100
-4189168788202701258,1,0.558791561545872,1.676374684637616,9,100,100
8521304750641776024,1,0.6871525231199694,2.2790270929349528,11,100,100
-1931140672789454667,1,0.4408639372957784,1.2469515185697833,8,100,100
8442426489521113354,1,0.48515401802103125,1.3722227842502868,8,100,100
7613026453583629418,1,0.6450354509449059,1.7066033900206241,7,100,100
-5265308473600333164,1,0.7232237731285317,2.045585737178024,8,100,100
-3982296187180859047,1,0.4290456589709167,1.28713697691275,9,100,100
-449110862731972068,1,0.6643098565225728,1.8789520174246948,8,100,100
1282485785501394545,1,1.4290841091615933,4.28725232748478,9,100,100
3615115037406916095,1,0.659334240157946,1.978002720473838,9,100,100
4404765836893587819,1,0.3669287163938699,1.2169648770851949,11,100,100
2262569691179968424,1,0.5868518869410337,1.6598677952325043,8,100,100
3599293546913412358,1,0.6450563646242418,1.8244949186933743,8,100,100
-8755860746467343921,1,0.6808025354543733,2.2579665664247854,11,100,100
4482920277039245803,1,0.42650993143091065,1.279529794292732,9,100,100
6023324052929614087,1,0.7060761858910961,2.118228557673288,9,100,100
-4413418996190022532,1,0.8355501903394266,2.3632928224428764,8,100,100
3946814622015562472,1,0.47291581732159577,1.4954911242563527,10,100,100
-8065886750706453746,1,0.5556294147847828,1.6668882443543485,9,100,100
2994012689843446458,1,0.7160672234556671,2.0253439579637003,8,100,100
1047058879798045868,1,0.6249307642086778,1.8747922926260332,9,100,100
4671409566720056180,1,0.7447612926987413,2.1065030417301567,8,100,100
4697345192734127425,1,0.534173285647439,1.5108702104400114,8,100,100
-8831904840976375287,1,0.5764132358165972,1.630342831246386,8,100,100
-6760147191530899112,1,0.8019641208286323,2.405892362485897,9,100,100
6917512306414848241,1,0.6141382771377574,1.8424148314132722,9,100,100
-5188090766524923493,1,0.380945700211848,1.0774771515346213,8,100,100
2512535024546275893,1,0.2633111162251115,0.7899333486753345,9,100,100
-3605009132575047204,1,0.5754160866912946,1.6275224676129632,8,100,100
6724909131431200840,1,0.6288691073010632,1.7787104410052494,8,100,100
2147634045828172757,1,0.33579538801398096,1.1137073083741797,11,100,100
-5672357081999439612,1,0.7079825383925142,2.3481124379713565,11,100,100
-6498599530069237686,1,0.4228538944173787,1.1960114247746756,8,100,100
8051320352248106060,1,0.7047706748577337,1.9933924934932918,8,100,100
-754797637839569819,1,0.6475202319704553,1.8314637879271811,8,100,100
7408116274531768844,1,0.43365355338130845,1.3009606601439254,9,100,100
6492401426228259090,1,0.6099237244476617,1.7251248062539875,8,100,100
7472062541838909600,1,0.529838466065441,1.4986094891534074,8,100,100
-7157413129268942457,1,0.40162338246765167,1.204870147402955,9,100,100
6856989788352854244,1,0.3755384343017,1.4051361567224763,14,100,100
1731673587561148530,1,0.40093997695514727,1.134029506215051,8,100,100
6152844633904673240,1,1.0105350086227414,2.6736243239402855,7,100,100
7996661288663042113,1,0.6618764945780152,1.872069430496383,8,100,100
-7632958810868202833,1,0.5455777157902985,1.5431268099983482,8,100,100
4458585251259755440,1,0.5311477750223067,1.6796367432011807,10,100,100
-6678260322120620231,1,0.48046835360596923,1.3589697239212675,8,100,100
6177852962205165220,1,0.5470607356157166,1.6411822068471498,9,100,100
4418119777772068111,1,0.3764280661176572,1.064699352722934,8,100,100
6614286662665952126,1,0.5338126634103728,1.6014379902311184,9,100,100
-2644254389537265537,1,0.6282371154683103,1.776922898162873,8,100,100
5544494437202994937,1,0.7970234370577151,2.254322708432479,8,100,100
79084932985223992,1,0.47162474029106205,1.4914083802051394,10,100,100
-3483102088850252196,1,0.40690557212376144,1.286748400525004,10,100,100
-1450784416476042916,1,0.6606944269434606,1.7480331462987293,7,100,100
-2505228608918972650,1,0.35722407781019955,1.0716722334305986,9,100,100
-6988713700507655418,1,0.35233417421672464,1.114178488039422,10,100,100
7639533311892390541,1,0.5618420788614114,1.8634193670165704,11,100,100
-2848657554878783805,1,0.9394540395660078,2.8183621186980234,9,100,100
2296477983840806657,1,0.33025232029130974,0.9340946207223072,8,100,100
-8525578407443996690,1,0.5189747293725514,1.6411421928867498,10,100,100
-3503109730183935220,1,0.5436210186875774,1.5375924348380996,8,100,100
5237712508389817282,1,0.45963013668305375,1.300030345945148,8,100,100
2695330265888976110,1,0.4389264375502002,1.241471441735201,8,100,100
8518537615171955105,1,0.3307509430777568,0.9355049389365105,8,100,100
-7836803968361414686,1,0.5504236887941044,1.45628419626801,7,100,100
-865726135355139883,1,0.7742153365409136,2.1898116582668203,8,100,100
3287862107037455870,1,0.3960593761519249,1.1202250825181588,8,100,100
-8459515960524563742,1,0.41847537516941935,1.5088344226923713,13,100,100
-841102479198677719,1,0.4290799526859472,1.6618195109441398,15,100,100
-5642130242243602912,1,0.3126502762626698,0.9379508287880093,9,100,100
-3513448584847294604,1,0.664193622271886,2.2028810332228876,11,100,100
4501800018429591570,1,0.6348892083951041,1.795737858233349,8,100,100
-7952919147522421450,1,0.5046924419319839,1.4274857924148148,8,100,100
-4328263034330757811,1,0.6375752282508904,1.803335069651062,8,100,100
-9001692823671863906,1,0.7908048851581355,2.2367339875630665,8,100,100
315734042647986295,1,0.26260730137746424,0.9468440904276724,13,100,100
3734510437710445689,1,0.3001446401704251,0.8489372416052152,8,100,100
-2068079870336007969,1,0.47016503981123675,1.3298275517094744,8,100,100
-8651619018883977220,1,0.4709790866623696,1.4129372599871088,9,100,100
5050070321499765048,1,0.4393837699457654,1.3181513098372961,9,100,100
-5332153311143460852,1,0.5720430858456909,1.7161292575370726,9,100,100
-4714594047725945480,1,0.36896703608879344,1.0435963730107498,8,100,100
1782018464373947411,1,0.7969395888129024,2.2540855497824888,8,100,100
-7264346987546706595,1,0.47065982663682715,1.4119794799104814,9,100,100
4494680649482950157,1,0.5742528911172986,2.148657571925332,14,100,100
-1436241401302066969,1,0.5387586282720046,1.5238395178955875,8,100,100
6228791924219992415,1,0.8056211753114445,2.4168635259343336,9,100,100
-2630336398013162262,1,0.8262728943585117,2.3370526668461578,8,100,100
8897204552609560516,1,1.1305590123653735,3.197703776700486,8,100,100
-1789079678829462844,1,0.5091881155499546,1.4402014776198888,8,100,100
6826185056352053676,1,0.4756057437854795,1.345216186407937,8,100,100
-3398303043653807327,1,0.6327957414944827,2.0987460434719285,11,100,100
-2668871684485085509,1,0.3808642943245087,1.077246900914757,8,100,100
2238955366807560237,1,0.6168476944504613,1.7447087508208348,8,100,100
-1108776994375632090,1,0.6177371465874445,1.8532114397623336,9,100,100
-8651483802368733551,1,0.5102224252358901,1.6134649770403866,10,100,100
2074116551547919110,1,0.5319844080553224,1.5046791296857198,8,100,100
-344885311150894910,1,0.5511205506093835,1.5588043143486359,8,100,100
3148389884176798020,1,0.5248117557116724,1.818001250604085,12,100,100
-7946991905711592568,1,0.8389630100046901,2.3729457341559748,8,100,100
-644097087872466465,1,0.4550173873132938,1.286983520508063,8,100,100
-1340631929118233974,1,0.593628912763046,1.679036118892589,8,100,100
8433633039360565583,1,0.25895358746509883,1.0029229316929935,15,100,100
4481480743561806624,1,0.47606679001485064,1.3465202220688524,8,100,100
2176796349740137653,1,0.8681589705751703,2.4555243809665415,8,100,100
-7655680963716333644,1,0.7020002476231335,2.328271424102514,11,100,100
2700523381071425184,1,0.5510967617975399,1.6532902853926197,9,100,100
8872376546958184911,1,0.4732963764183972,1.4198891292551916,9,100,100
2737330875376822961,1,0.5772389279336756,1.6326782412270195,8,100,100
-2845900276062205983,1,0.5063203601165476,1.5189610803496427,9,100,100
-8405504373130442929,1,1.0097524928479036,2.856011340051094,8,100,100
7609551679519963496,1,0.3121676446270464,0.8829434335312673,8,100,100
723421665869437931,1,0.8156235381921471,2.306931739004129,8,100,100
4928735701054950246,1,0.3628976234628148,1.0886928703884444,9,100,100
-2161655815432951917,1,0.48950630895760167,1.3845329219900695,8,100,100
1685640199905314370,1,0.6369033926722265,1.9107101780166795,9,100,100
-4391492462467037788,1,0.298162328826596,1.192649315306384,16,100,100
7980271861306500501,1,0.649268300095277,2.2491313670177933,12,100,100
9171105063852842490,1,0.7088640016039397,2.126592004811819,9,100,100
-6066760953590636207,1,0.6794854416806654,2.038456325041996,9,100,100
3895533338240032178,1,0.6101932515099147,1.7258871439077168,8,100,100
-5763770346377586696,1,0.49696527474673036,2.0490403200448704,17,100,100
-5061089240456087951,1,0.9891074020764917,2.7976182053203855,8,100,100
-2525558207172860821,1,0.7192630968138982,2.385525817680771,11,100,100
5722316955019818165,1,0.803256177729871,2.409768533189613,9,100,100
5601807647238605335,1,0.4327722834319136,1.2983168502957407,9,100,100
8203370460961460727,1,0.41739629208037987,1.1805749942886299,8,100,100
-2304206959078395497,1,0.5851141150068082,1.6549526339571183,8,100,100
-8038398408363450366,1,0.5433451611332063,1.8822028502588235,12,100,100
-3724522368850299671,1,0.3267573369982651,0.9802720109947953,9,100,100
2843345247298529470,1,0.6816203376893922,1.927913451899335,8,100,100
4640367534862995827,1,0.5223532728016244,1.5670598184048732,9,100,100
6559044325771065469,1,0.4358598269035306,1.3783097935818915,10,100,100
-6689717885343199417,1,0.6772302092540204,1.9154962935516098,8,100,100
7068273097237213304,1,0.5120862808816126,1.5362588426448378,9,100,100
-1833133054195213702,1,0.4484480245715516,1.2684025567370225,8,100,100
-558109006894790077,1,0.38126637654182144,1.0783841611645824,8,100,100
-718816927377041289,1,0.6648037950633213,1.8803490865913055,8,100,100
3474316657196538358,1,0.4987191022917221,1.4961573068751663,9,100,100
-6752148559980308024,1,0.5437906179022279,1.7196169228013747,10,100,100
-3876251554153986756,1,0.4376639118963266,1.237900479930097,8,100,100
2830534538555450542,1,0.6892958703276588,1.949623136610283,8,100,100
-2358252433866574475,1,0.20970358362732536,0.7264345227435929,12,100,100
-263709483455536432,1,0.4441583847871749,1.256269623215501,8,100,100
-6877578122217007003,1,0.4800792295488753,1.3578691148832915,8,100,100
-3441197949668021963,1,0.5005913590427115,1.5017740771281343,9,100,100
-615422300799219694,1,1.1078114758882502,3.323434427664751,9,100,100
-1944358640900975480,1,0.455992194532453,1.5123550165948956,11,100,100
4970535037135862840,1,0.5961673135545558,1.6862158005447725,8,100,100
3939332026330461569,1,0.7120338801443928,2.1361016404331785,9,100,100
5118127755287768134,1,0.5299579995614886,1.835828362236126,12,100,100
2934973094670023275,1,0.5571369396172156,1.6714108188516466,9,100,100
9152094876596148400,1,0.45280561484608595,1.3584168445382578,9,100,100
-9200522033083323332,1,0.3874834849312288,1.0959687991706693,8,100,100
598835388150978976,1,0.8679773402278802,2.6039320206836405,9,100,100
177288279208466513,1,0.34181466017418616,0.9667978564725694,8,100,100
7428871263688785106,1,0.4965352132345182,1.4896056397035546,9,100,100
2241054366226932060,1,0.40789569987948465,1.2898794594076404,10,100,100
7394471416468301764,1,0.42077777846198794,1.4576169819842486,12,100,100
-4147894833278697096,1,0.5105513913052832,1.5316541739158496,9,100,100
8821128706252060554,1,0.41253381096924535,1.237601432907736,9,100,100
7254167410764477272,1,0.7938097627208793,2.381429288162638,9,100,100
-781275813220526177,1,0.6882009538958518,2.176282502211421,10,100,100
-3314537619708454993,1,0.6335859787340762,1.792051768110324,8,100,100
-9181630027674451815,1,0.4437978783420329,1.2552499570074156,8,100,100
-1932857041848251890,1,0.5114737146019762,1.4466661279749211,8,100,100
2692939487645527768,1,0.5533932745220875,1.5652325483103873,8,100,100
5854491138558510510,1,0.5425388479431777,1.5345315937510327,8,100,100
-6962880985924381880,1,0.5198692231740436,1.4704122121461956,8,100,100
924513481068797640,1,0.8375818383535989,2.369039190794098,8,100,100
-2552044433244809285,1,0.4375016775954581,1.2374416120329563,8,100,100
-7052566028522225105,1,0.6411699058306296,2.0275572695804636,10,100,100
-2252439223125633241,1,0.49531889944830493,1.5663358903845626,10,100,100
7548939891414241740,1,0.495417303774139,1.401251740063398,8,100,100
-8809849523987012032,1,0.6855398856167727,1.9389996075738805,8,100,100
-431125113689085323,1,0.5071072136168951,1.5213216408506853,9,100,100
-5955420051818502819,1,0.4073868836736369,1.1522641120483355,8,100,100
719483440095824853,1,0.5896553527965867,1.66779719410165,8,100,100
6638044610052558029,1,0.5846098110210731,1.6535262468847474,8,100,100
-6214524199324392559,1,0.4987069844965063,1.5770499560432403,10,100,100
-3363659863510282769,1,0.4566020850321409,1.3698062550964227,9,100,100
3852310969864809557,1,0.7235859630151311,2.0466101648775905,8,100,100
8610749469458175937,1,0.5782620742577469,1.8286252391479014,10,100,100
-2566938449549632090,1,0.43672826262626724,1.2352540641554122,8,100,100
-961766672299385877,1,0.5677810253078359,1.6059272528968862,8,100,100
8974877558777445753,1,0.4659468210901238,1.2327794127855733,7,100,100
-4067958282911724943,1,0.45136929498091866,1.354107884942756,9,100,100
-2694436758084997638,1,0.3731791344737518,1.0555099863348656,8,100,100
-2807279757017409471,1,0.3414315245483728,0.9657141852760623,8,100,100
-4342287375018580662,1,0.587272716561675,1.5537775597955155,7,100,100
3708307747368066018,1,0.6495087733841124,1.83708823240025,8,100,100
-4159323109070427494,1,0.29315136962413163,0.8794541088723948,9,100,100
1640879554595032699,1,0.6333146915712936,1.8999440747138807,9,100,100
3263474060265956802,1,0.9964819931719784,2.8184766988087717,8,100,100
-5870241426784732090,1,0.47748896342677705,1.5099526820214535,10,100,100
-4117799344739644269,1,0.8167821688446097,2.310208841369117,8,100,100
-4259535176887268819,1,0.6295220505265627,1.990723516963539,10,100,100
3586845115628618573,1,0.8424398941102081,2.6640288571793262,10,100,100
-6119285862094628624,1,0.38619461109047204,1.2212545911288153,10,100,100
-9157636860683241221,1,0.6685573853031546,1.8909658430408325,8,100,100
7750399554895115542,1,0.5501343107558611,1.7396774409953883,10,100,100
7671139676423685682,1,0.7494053718713711,2.1196384812314917,8,100,100
-3310692675308732828,1,0.5299612591808345,1.6758846506622573,10,100,100
7671930292767750966,1,0.4558894270416949,1.289450021329729,8,100,100
-2115931695463315010,1,0.39729137190214975,1.589165487608599,16,100,100
5175149420100359951,1,0.301309779230205,1.0863878588132387,13,100,100
3162653103036736940,1,0.9784278274639581,3.2450779881405394,11,100,100
7427062921175698983,1,0.3530621740736534,0.9986106298717825,8,100,100
1584599356123064907,1,0.397343795706329,1.192031387118987,9,100,100
1835225508353952155,1,0.4650627360862962,1.860250944345185,16,100,100
3402342479976380168,1,0.6637592155180211,1.9912776465540631,9,100,100
2358551096109066499,1,0.6741316651959542,1.9067322874905541,8,100,100
7698249105840814319,1,0.3298591116162237,1.0940189069109765,11,100,100
8611373796115664897,1,0.3305803228816718,0.935022352145874,8,100,100
-2486082769706316535,1,0.6596116818493474,1.8656635727421484,8,100,100
-6765760182525295474,1,0.5755645624290107,1.6279424204168857,8,100,100
-4709563691809333429,1,0.5368231978861094,1.5183652940940637,8,100,100
184706174454689037,1,1.0563808164363873,2.7949209300700546,7,100,100
-2005186219437347056,1,0.3229122339756271,0.9133337214890521,8,100,100
-8889148455071232506,1,0.4014399642748997,1.3314257373535183,11,100,100
6241355842340698767,1,0.5804416821815017,1.641736998215467,8,100,100
-9021226579228778231,1,0.8464929359692182,2.3942435810013767,8,100,100
5270824143006268697,1,0.5276395606952775,1.5829186820858325,9,100,100
5779451933987464016,1,0.499863867583632,1.870319332525688,14,100,100
8434117651325837675,1,0.7342589793701666,1.9426666573295666,7,100,100
8305595999327632082,1,0.41526804198913053,1.3772882827034973,11,100,100
-4646966723482062404,1,0.5126568665137053,1.6211633563082133,10,100,100
2260004367850979167,1,0.4389109872407387,1.3879584097538367,10,100,100
8418018314071439928,1,0.7175513499649604,2.02954170163914,8,100,100
5162147585376721685,1,0.7144222530074821,2.020691278928648,8,100,100
2416963654044701242,1,0.3334203814766867,1.0543678237885452,10,100,100
2904063053401661327,1,0.48701673822185415,1.8862077164574984,15,100,100
-9023951041279840976,1,0.46568067445754435,1.3171438511058189,8,100,100
3058616165927965516,1,0.5876981443669369,1.662261372690447,8,100,100
-6326928310061989954,1,0.3891436045271636,1.2906433257830487,11,100,100
-475915096338948185,1,0.7557516683137221,2.1375885182307175,8,100,100
-8116596322123209168,1,0.706801896295899,2.120405688887697,9,100,100
-3657388644535907724,1,0.8485986507197983,2.400199441718896,8,100,100
-3189032853025116866,1,0.7137176288013576,2.0186983007112924,8,100,100
-1636917603849319606,1,0.712568834490971,2.363323461307408,11,100,100
-8336649903837889740,1,0.8801541719955585,3.173440997443537,13,100,100
-5474678456372247699,1,0.40336344099260074,1.4543475691464152,13,100,100
-661060215228107344,1,0.5624145642318641,1.6872436926955923,9,100,100
7761167648176098780,1,0.6209162287491871,1.862748686247561,9,100,100
-6166774126285713855,1,0.5597477729908171,1.6792433189724514,9,100,100
-3785663679516475986,1,0.9167001323069013,2.592819519475261,8,100,100
6847782354113348497,1,0.4579419570083804,1.295255452761857,8,100,100
6528496556029111582,1,0.5391102891844166,1.6173308675532498,9,100,100
1037833383386197110,1,0.4968534173953513,1.4053136827838524,8,100,100
8305508283176599674,1,0.8639276845568891,2.4435564968198755,8,100,100
2738411748190673539,1,0.447141960059543,1.264708448444589,8,100,100
-8434118833062861944,1,0.46420030682045477,1.4679302601016315,10,100,100
-9034002109517873338,1,0.4427207151668281,1.2522032794648887,8,100,100
-7324418422160992448,1,0.30509363385895244,0.8629351095940438,8,100,100
125737029380494816,1,0.6049597364522455,2.006424459084387,11,100,100
1674154212828145939,1,0.5675045854872284,1.702513756461685,9,100,100
-7553937248690795440,1,0.570281177460993,1.8914086906401968,11,100,100
-2158751344753280147,1,0.7113382175670371,2.0119683094352148,8,100,100
-5779516655981972767,1,0.9682013090829764,2.7384868448250606,8,100,100
-5198942378775558108,1,0.45083848695579337,1.4256764756444187,10,100,100
2436457447087029022,1,0.6303497859212741,1.7828984325776858,8,100,100
2462775740907139634,1,0.33605808193746667,0.9505157944421084,8,100,100
2209087584187696583,1,0.5561171233932761,1.6683513701798285,9,100,100
-5028329011114666038,1,0.8471070984574048,2.3959806948419655,8,100,100
7889100084015904699,1,0.33702012100368683,1.0657511996772029,10,100,100
-2897919795206734878,1,0.5562068153295606,1.8447293122866486,11,100,100
-9162147112206517189,1,0.4554087683795514,1.3662263051386543,9,100,100
7346662528905900711,1,0.45236389643926056,1.2794783149446811,8,100,100
-5499402289562963870,1,0.36079810435727305,1.0204911449211178,8,100,100
-5340390820201114146,1,0.600163912330229,1.6975198889286143,8,100,100
-928634973642716289,1,0.5325916740476535,1.5977750221429605,9,100,100
4536667904337038881,1,0.4685760564407883,1.4057281693223649,9,100,100
-722416866852220718,1,0.782334029199079,2.212774788798653,8,100,100
-2137616199165559739,1,0.4290890662928285,1.2136471540346523,8,100,100
-1074904791966119403,1,0.5508084711236171,1.557921620266017,8,100,100
6653515518086476280,1,0.6982443269840195,1.974933194141749,8,100,100
-381619700363918374,1,0.42623237446790974,1.4136528596123155,11,100,100
5896222281867824434,1,0.6033159475934863,2.257401571871688,14,100,100
-8829984544160063797,1,0.8970474412872701,2.8367130836939403,10,100,100
-3539113363812064528,1,0.25531820421949397,0.807387053437614,10,100,100
510680148504116567,1,0.5229130587239306,1.4790214791787626,8,100,100
3947455578469218731,1,0.6013374344416272,1.8040123033248818,9,100,100
-3280673470630534889,1,0.5629609528437531,1.5922940291962322,8,100,100
1786980248700797446,1,0.7523374036326411,2.495220883599634,11,100,100
-5503184545443850293,1,0.44949086241928554,1.3484725872578567,9,100,100
-1896881521575484936,1,1.017881727585676,3.0536451827570277,9,100,100
-5214777974767481571,1,0.7617867020268879,2.1546581712837933,8,100,100
-7286083010929414913,1,0.3080441594654025,0.9241324783962075,9,100,100
1657651823521818979,1,0.6285564866342063,1.9876701358372753,10,100,100
-6334045790374190434,1,0.7816789883783479,2.2109220535734813,8,100,100
9064870551793370412,1,0.5977116126198128,1.7931348378594383,9,100,100
-5399160023187567736,1,0.6047989973382244,1.8143969920146732,9,100,100
1732899639419747956,1,0.5722328408036395,1.6185188885995825,8,100,100
-393800408291701032,1,0.4790141893102088,1.7923069798020739,14,100,100
-4783350046193749552,1,0.8012445036336732,2.2662616876312787,8,100,100
-7185244211357962468,1,0.5932318443306946,1.677913039768146,8,100,100
2011838362527102329,1,0.7228299712766479,1.9124283441819716,7,100,100
-3044946217629236656,1,0.5871164767789696,2.1168785616963373,13,100,100
457926517908101047,1,0.934753131541473,2.804259394624419,9,100,100
-5241316052667611685,1,0.31219437146337065,0.8830190284400855,8,100,100
-2678608586756251914,1,0.499211694737272,1.4119838983854152,8,100,100
-4303249539607490483,1,0.5568835048071717,1.57510441032033,8,100,100
8889375886500557706,1,0.5345605145694128,1.511965459226408,8,100,100
-568536561312095585,1,0.5286964300899966,1.398799273065777,7,100,100
312279917087990232,1,0.6187985569760661,2.231109926360331,13,100,100
4105356411064752650,1,0.3929230049913964,1.3031781790554038,11,100,100
1394110700386616818,1,0.47186524595263374,1.3346364608774617,8,100,100
-6220878877685836521,1,0.38954344242973865,1.1017952388352787,8,100,100
8465824520868442497,1,0.55045866321591,1.5569322140914077,8,100,100
2362997693113403042,1,0.8527926013751863,2.412061725512442,8,100,100
4173627345127792034,1,0.5638597584476776,1.6915792753430328,9,100,100
508197283006910716,1,0.6828934336494131,1.9315143110450628,8,100,100
8420708670772090331,1,0.6994331237546243,2.098299371263873,9,100,100
-2381273131496423533,1,0.5967996912271785,1.6880044347071026,8,100,100
-4966529944940262517,1,0.4191566721828005,1.3901854100043478,11,100,100
-1790440541261013729,1,0.5532896672311441,1.6598690016934325,9,100,100
-6071739179287226624,1,0.6507543331795296,1.9522629995385887,9,100,100
8205616315788082486,1,0.7230742983386039,2.39816614313865,11,100,100
-2062692315760210216,1,0.46419451229720626,1.4679119362102115,10,100,100
560654857312979864,1,0.22661658440552918,0.7166245622892669,10,100,100
-3620308253862872969,1,0.33136630674032647,0.9372454502113057,8,100,100
-5577838188293023916,1,0.5440255951674089,1.5387367499276894,8,100,100
1448734299857601227,1,0.3440781692955306,1.0322345078865918,9,100,100
3363498392310133636,1,0.4610192385909861,1.3039593194605807,8,100,100
-1534436996731657478,1,0.6566133810428711,1.8571830974129628,8,100,100
-5072583267208186553,1,0.290286655786586,0.8210546511786405,8,100,100
4754351624247347699,1,0.4804051680163749,1.3587910080857657,8,100,100
5062214360834355168,1,0.48517156014902224,1.4555146804470667,9,100,100
-4919278098757436752,1,0.7511929292474236,2.1246944570009587,8,100,100
-6832824364106093096,1,0.49172266055107233,1.5549635844592153,10,100,100
-3619354156939480733,1,0.5435132640203845,1.7187398528168603,10,100,100
-3695684022916943222,1,0.4802133854687589,1.4406401564062767,9,100,100
-5660001654561523202,1,0.5652999647219629,1.5989097538376642,8,100,100
8882929365381247304,1,0.41282940153863756,1.167657877204619,8,100,100
3265621063026106040,1,0.47938127453317325,1.3558949999850274,8,100,100
110356409497690728,1,1.0896443841617645,3.0819797324904927,8,100,100
-7747900785635429009,1,1.297528686489207,3.6699653320023686,8,100,100
-5943738662498753231,1,1.0381618088773281,3.114485426631984,9,100,100
-8537705386475861273,1,0.5030570691571098,1.3309639002627336,7,100,100
-3212148117212684906,1,0.505511616931904,1.429802769204503,8,100,100
1241794994658134466,1,0.5662278143310615,1.6986834429931845,9,100,100
2654837450514323853,1,0.31003108268772767,0.82026514349183,7,100,100
1120049545261464437,1,0.6646304081806433,1.8798586744292638,8,100,100
-1988657307358981823,1,0.322913935291536,1.021143523729482,10,100,100
-6176431555356277819,1,0.6584974906722916,1.862512164194811,8,100,100
7967771088275596033,1,0.7397346123316089,2.2192038369948266,9,100,100
-9125061943116308613,1,0.31805787928325135,0.8996035330039975,8,100,100
8886906021259380147,1,0.7526964014238228,2.1289469184859873,8,100,100
-1779237512779168355,1,0.4261754188249805,1.205406114504643,8,100,100
-4789949656464226836,1,0.4760923252650018,1.4282769757950053,9,100,100
6718355048893603593,1,0.7217637905429185,1.9096074951078752,7,100,100
6571369635360889345,1,0.5757562962491583,1.6284847255545223,8,100,100
4811178491255016414,1,0.5798015572217147,1.8334935117330668,10,100,100
2369531287052708889,1,0.40097418357917275,1.1341262571582906,8,100,100
1210532985211888766,1,0.4464972252921039,1.4808637662286919,11,100,100
-1969409105213223216,1,0.5592749452556529,1.9373852411661865,12,100,100
-366436046498317164,1,0.3675820382748177,1.0396790076259868,8,100,100
-6125715051819870999,1,0.7954736582686525,2.249939272068138,8,100,100
-6553155641239157280,1,0.7635431391861882,2.2906294175585646,9,100,100
-586726042901282149,1,0.39079166169131935,1.1053257360523643,8,100,100
4904390899454535208,1,0.3710648219875444,1.337893242197009,13,100,100
6578437098329783078,1,1.263125236574304,3.5726576810782102,8,100,100
5696976816704345586,1,0.8446568647047416,2.5339705941142245,9,100,100
3721688084160781113,1,0.6632451216778672,1.9897353650336016,9,100,100
6274930405312026171,1,0.5043243339478207,1.6726545883508177,11,100,100
1754699819269427278,1,0.607112993750738,1.7171748593104517,8,100,100
-1370314620034674484,1,0.43020913015558804,1.2168151730455294,8,100,100
4966470581153121095,1,0.4575400925435608,1.2941188084090895,8,100,100
5368843415075268478,1,0.639371324213785,1.8084151961911599,8,100,100
-8912281820058218702,1,0.32727144196190067,0.9256634235998383,8,100,100
-8788255239329197005,1,0.22863800843018395,0.7583064867770349,11,100,100
-7585500088068488237,1,0.3246972204502953,1.2149057533628143,14,100,100
4480790867627923921,1,0.19833813890671861,0.7681603089034945,15,100,100
8054306965559657438,1,0.22384291421526212,0.8669398789222457,15,100,100
5651054930346867247,1,0.4200837806342957,1.2602513419028871,9,100,100
-5312053267015368396,1,0.451738771467644,1.6902517111540956,14,100,100
-7392179891693070488,1,0.6940831365781037,1.9631635703264232,8,100,100
3645525020952132980,1,0.41589903673837253,1.2476971102151175,9,100,100
-2768183249594786778,1,0.4414747180388812,1.4642059941629137,11,100,100
1803561297010960223,1,0.6938884080989155,2.194267811581,10,100,100
4876549184539171473,1,0.2326749985545707,0.6581042771620284,8,100,100
-5742918026224728041,1,0.6438420635652248,1.9315261906956744,9,100,100
6812008137798026826,1,0.5310856819267631,1.6794403875922925,10,100,100
5173765929774437006,1,0.21953076876305921,0.9051485476831392,17,100,100
-3289675749776681594,1,0.5269118817339188,1.8998078072428615,13,100,100
2761391929425498775,1,0.7425592141240257,2.227677642372077,9,100,100
-6145428857255206580,1,0.6586133126642921,1.8628397582586276,8,100,100
-6455678742384626238,1,0.40237425900298684,1.4507810227620968,13,100,100
9117498589136058099,1,0.4229883270256429,1.1963916576103404,8,100,100
6668943654982462596,1,0.306727896486468,0.9201836894594039,9,100,100
3029542773846488235,1,0.36187397368132773,1.0235341628999564,8,100,100
8298254781890177555,1,1.0817635256808504,3.059689298596789,8,100,100
-8648163946121802894,1,0.43212570611998186,1.2222360684898574,8,100,100
-7777113122145346577,1,0.6084686329489585,1.8254058988468755,9,100,100
-8882063483072170008,1,0.392565482124518,1.1103428578800523,8,100,100
142117929623619257,1,0.4663871153687475,1.3191419677410963,8,100,100
5424873424657543243,1,0.2788494298949807,0.9248389319661631,11,100,100
-8700894287306829908,1,1.044081277503961,2.9531078057318574,8,100,100
-281381734881400819,1,0.48381664339975056,1.6046382734861508,11,100,100
-6911342483369330223,1,0.4966206650517446,1.6471044091134017,11,100,100
-3286967054934246028,1,0.9355212539280604,2.806563761784181,9,100,100
-6505792516528871849,1,0.5989916146833738,1.7969748440501214,9,100,100
1241986980009592187,1,0.38482504763876385,1.3330730690709052,12,100,100
-2466622171926926788,1,0.774028012811168,2.1892818267484992,8,100,100
-5532191684717020555,1,0.3967851365673008,1.254744773253635,10,100,100
-5054828458385714697,1,0.5166103537011623,1.461194737333091,8,100,100
8022517160618473256,1,0.3637104793830862,1.028728585441561,8,100,100
-2259230742024991286,1,0.5135913169916543,1.5407739509749627,9,100,100
3577459726839786231,1,0.4288901083843804,1.6047598421506932,14,100,100
6359814906905447254,1,0.5681535345955643,1.606980868270517,8,100,100
-1314614611401760122,1,0.48115172600695405,1.4434551780208622,9,100,100
904748327672745284,1,0.19273476933545636,0.721147473372182,14,100,100
-4488542482769319092,1,0.5609853842892962,1.4842278159714788,7,100,100
1119777299798505543,1,0.6704558403954272,2.1201675262118758,10,100,100
-7863339919438149882,1,0.9941951466613339,2.8120085201079337,8,100,100
-5892305514257743213,1,0.3969372263708204,1.1227080178887472,8,100,100
-3743572920541186985,1,0.6826415696696477,2.047924709008943,9,100,100
-8558214539689710741,1,0.36753401557267623,1.2189724273472056,11,100,100
-6796664418745995945,1,0.6766310092478616,2.0298930277435847,9,100,100
8644656674614112768,1,0.3697444463497677,1.0457952212799455,8,100,100
-4062597779565690658,1,0.41974514158511167,1.18721854393976,8,100,100
-598448163043056041,1,0.3630390676915417,1.0268295464013248,8,100,100
5208822761556725453,1,0.6715707473691436,1.899488918044957,8,100,100
7454412706683537337,1,0.35294299400612067,0.9337993891227557,7,100,100
448618730475717613,1,0.5992138277356808,1.894880501112527,10,100,100
-4148345581991211327,1,0.7293739629869145,2.306482989061998,10,100,100
8083384897328514760,1,0.23999698691804908,0.7199909607541473,9,100,100
6548656889458911398,1,0.7951149489808499,2.866827718438388,13,100,100
-6260397944006228942,1,0.38272444371199066,1.2102809583507985,10,100,100
3702658903927292685,1,0.3881219769760261,1.0977747273891085,8,100,100
-2198383014268294950,1,0.5677896116962692,1.6059515388708345,8,100,100
-1317233506046608734,1,0.6608448095333035,2.382709845896559,13,100,100
5330048033924107448,1,0.4315833331360246,1.2947499994080738,9,100,100
-4543668493122592140,1,0.4084146153609063,1.1551709762295694,8,100,100
2214424791152164734,1,0.6273962747792383,1.7745446415503119,8,100,100
8063539836940148474,1,0.7557634103356871,2.267290231007061,9,100,100
-323043370272964674,1,0.5228517815942907,1.5685553447828722,9,100,100
-2563332749507681820,1,0.44731635174301354,1.4835805013222145,11,100,100
-1904032385883088172,1,0.6670916783314695,2.212492797793942,11,100,100
4199627967097030194,1,0.38508030579986713,1.089171582129902,8,100,100
-7483372360597526342,1,0.446402083996885,1.411647337675958,10,100,100
-6763413466395666037,1,0.4640649064712934,1.31257376910621,8,100,100
2453291549837142650,1,0.5480231285193671,1.5500434816924453,8,100,100
7598552953809491288,1,0.6827864346839024,1.8064831047420524,7,100,100
8810656861577580505,1,0.3752083157343703,1.2997597325485486,12,100,100
-8852587084603499712,1,0.6693611711116115,2.1167058779903933,10,100,100
-3317378551278753248,1,0.44900576982892265,1.2699800985516694,8,100,100
1974130747841481808,1,0.4029288470637041,1.13965488037769,8,100,100
5017133212764808647,1,0.553656280287857,1.565976440952254,8,100,100
-8757198729377052448,1,0.3398608352155606,1.1271908713468197,11,100,100
-3806122171488675246,1,0.6291854548987854,2.086772077448351,11,100,100
2884582765775609642,1,0.4747758304862158,1.8387988846549095,15,100,100
-7209979237642677922,1,0.6324392229355964,1.7888082529044438,8,100,100
9053386184619759226,1,0.5604274157700454,1.5851281042154073,8,100,100
-3056008656135242363,1,0.7423113628820821,2.0995735937829934,8,100,100
-4338927384762344241,1,0.277733108437304,0.833199325311912,9,100,100
2133877198688008569,1,0.6015067960611405,1.7013181376985047,8,100,100
-9131107027737076554,1,0.8281851065477378,2.3424612196704353,8,100,100
-5311735978473778700,1,0.6765109162282587,2.029532748684776,9,100,100
890942231727865099,1,1.1000717794142194,3.1114728600629857,8,100,100
-2319393439841555732,1,0.4794095907575704,1.3559750903621826,8,100,100
7433416310770270480,1,0.6017345188512356,1.902851626315431,10,100,100
2100921275958559278,1,0.653543124946211,2.066684823974035,10,100,100
44960782935534390,1,0.6588295242134569,1.8634512968689683,8,100,100
262932119355039020,1,0.29247428325529384,0.8272421960499736,8,100,100
6684044978302300497,1,0.33823654909329404,0.9566774300360192,8,100,100
510150272765899986,1,0.6396336908811037,1.8091572811896335,8,100,100
-385269506894934949,1,0.48675972154828945,1.3767643996610845,8,100,100
8153019803217122614,1,0.5912556343010017,1.7737669029030052,9,100,100
-6600049732451909158,1,0.5611539975699786,1.8611372595476248,11,100,100
-5177818124757627492,1,0.5305294939487849,1.5915884818463546,9,100,100
-1418684237792519264,1,0.2717640888522264,1.0870563554089057,16,100,100
-3710407798744282517,1,0.5699006509447495,1.61192245954264,8,100,100
3019238617440580904,1,0.4359181398330663,1.2329626908727476,8,100,100
-5700747103519898724,1,0.522012094604085,1.4764731678237686,8,100,100
-7571586666605997282,1,0.7043929071601283,1.9923240050905318,8,100,100
-4784528967001630423,1,0.6952112534963807,1.9663543668179628,8,100,100
-381747673672932770,1,0.715759409267335,2.02447332796404,8,100,100
-4749096275428462645,1,0.6229519430843443,1.7619741732331042,8,100,100
-5514927031084251120,1,0.6959738668181178,1.968511363022857,8,100,100
5981562297511679237,1,0.45192388907506315,1.195678222021757,7,100,100
-6131241895485847658,1,0.5375281900281323,1.5203593129912942,8,100,100
-4534954347148989022,1,0.6130786216696595,1.7340482031324724,8,100,100
-1806024036571021021,1,0.20785928943826232,0.7200457002644705,12,100,100
-7920989633451659073,1,0.7622886026908811,2.410568218890343,10,100,100
1753130972664775986,1,0.4728109667494232,1.3373113632315377,8,100,100
1829447224335269967,1,0.46374226605096436,1.4664818080088258,10,100,100
-3688726970171786137,1,0.6815885651291915,2.155372292934263,10,100,100
-6892241601320940308,1,0.5950218494386085,1.7850655483158253,9,100,100
3115530913045556877,1,0.8756413091975972,2.4766876304827496,8,100,100
8265871513412303621,1,0.43081005726340593,1.2185148515772768,8,100,100
8783035199725454052,1,0.5410166477195866,2.0242989363076664,14,100,100
3663899504290155468,1,0.4365334390474258,1.234703019860477,8,100,100
6918854766886328144,1,0.35404094048896745,1.1195757568932645,10,100,100
162058579786338105,1,0.34121961825779457,1.1316974448694075,11,100,100
-5825237935169649526,1,0.4590261178254704,1.2983219226245013,8,100,100
2462440478208585144,1,0.6169013368522425,1.7448604744450693,8,100,100
6059303861510544133,1,0.7311035794957855,2.1933107384873565,9,100,100
-1818260134952821489,1,0.941470792348619,2.824412377045857,9,100,100
-1541632205631850796,1,0.31502246916009785,0.9450674074802936,9,100,100
-3865819058487665115,1,0.6638082958630982,1.8775333896507311,8,100,100
-1195488704015289556,1,0.4914749669549477,1.5541803085336237,10,100,100
-1205979524136246865,1,0.5489448196610606,1.5526504179182496,8,100,100
-1361539813975645158,1,0.41035104857235716,1.2310531457170715,9,100,100
-1467634739058081523,1,0.5003341575672738,1.5010024727018216,9,100,100
-15669807420350741,1,0.32570205223368554,0.9771061567010566,9,100,100
-1749839124357060579,1,0.6464123994230732,1.8283303643004887,8,100,100
-1788887603001763055,1,0.8787083449553414,2.48536251761252,8,100,100
-1817868232213983802,1,0.3838051631139452,1.1514154893418356,9,100,100
-2012690049478234521,1,0.8318793810654505,2.3529102059225924,8,100,100
-2028814158008205327,1,0.8378402058819515,2.369769964519444,8,100,100
-2352124646929455131,1,0.5220299900821052,1.5660899702463154,9,100,100
-249007664708710327,1,0.8790027678048667,2.4861952711862623,8,100,100
-2504661731626452195,1,0.6978240660544767,1.973744516729159,8,100,100
-254682218877417920,1,0.4026193956880076,1.2078581870640228,9,100,100
-2582088821484279564,1,0.6871622754573482,2.279059437778867,11,100,100
-2700406029277835379,1,0.9861158215503282,3.118372032827191,10,100,100
-2838536628037117856,1,0.23079214396437484,0.8321329090378203,13,100,100
-28868481936098600,1,0.639942949996409,1.9198288499892269,9,100,100
-3122955133136343129,1,0.3192524612025794,1.0588406272064503,11,100,100
-3288128578243344281,1,0.6365397408696705,1.800406269054687,8,100,100
-3290369237520651808,1,0.4476560410629969,1.2661624890990748,8,100,100
-3332082747882987961,1,0.5458123154682045,1.444083649245202,7,100,100
-3488330482702037833,1,0.5075399132295016,1.4355396574696504,8,100,100
-3493901520193388259,1,0.8839241862339837,2.9316448688583536,11,100,100
-3685965352692881382,1,0.5937132041110945,1.9691239311161914,11,100,100
-3734737628820571208,1,0.2908172626514376,0.9196449328739611,10,100,100
-3824887763589599655,1,0.3877185353770511,1.1631556061311532,9,100,100
-3951462272105116818,1,0.39697327307328834,1.4853379795464983,14,100,100
-400080702404029856,1,0.6532076299434234,1.9596228898302703,9,100,100
-4089726813071894659,1,0.4566740549985027,1.5146164919201595,11,100,100
-4263088020701992909,1,0.4604704814749634,1.59511653860068,12,100,100
-4296865354235691288,1,0.5333288625113651,1.5999865875340953,9,100,100
-4342530329444979742,1,0.7108528387054935,2.2479140515056586,10,100,100
-4444819315900349729,1,0.4505457037250939,1.2743356893539162,8,100,100
-4577365472387727730,1,0.43296209495164734,1.224601733348175,8,100,100
-4710128927524856180,1,0.40725108247526615,1.1518800082552907,8,100,100
-4784876471357970894,1,0.5725663628345048,1.6194622313583822,8,100,100
-4817686990841027324,1,0.477713446157343,1.3511776689674078,8,100,100
-4860942011920857960,1,0.5452551205800091,1.5422143729552524,8,100,100
-5028604483066384120,1,0.38347876208193366,1.084641732436632,8,100,100
-5033924269900837799,1,0.45236371781446677,1.2794778097174693,8,100,100
-5254489674550362380,1,0.69092735095122,2.0727820528536602,9,100,100
-5366856145210424378,1,0.6376596937895992,1.8035739742718522,8,100,100
-5459495896971233613,1,0.4909898518827248,1.3887290150402132,8,100,100
-5630620663743252240,1,0.48009621477405096,1.3579171563548984,8,100,100
-5718411117502889085,1,0.4291506315241539,1.2138212868048743,8,100,100
-574019824150752106,1,0.560983761569612,1.5867016877656401,8,100,100
-5891789864589397900,1,0.469254868244454,1.556342329014513,11,100,100
-597569732389702727,1,0.38754045813709487,1.3972969931301011,13,100,100
-5997719903849349091,1,1.2923931238851325,3.6554397674321724,8,100,100
-6020244937052389762,1,0.4480076712289467,1.2671570493983262,8,100,100
-6129232009395681058,1,0.3142691216615785,0.9428073649847355,9,100,100
-6204192188019061097,1,0.2701142636224283,0.8103427908672849,9,100,100
-6354136896546798244,1,0.7564183922261793,2.1394742982294286,8,100,100
-6422815315583024240,1,0.34643024189308796,1.09550861474524,10,100,100
-6438956369328770266,1,0.5566593921783157,1.7603115602083965,10,100,100
-6530260961284873177,1,0.5569614077057986,1.6708842231173957,9,100,100
-6585778506458017115,1,0.5195999739304294,1.46965066028224,8,100,100
-6602190215313763098,1,0.7203715471425571,2.0375184238333874,8,100,100
-6699176851007908215,1,0.9095558192922975,2.5726123507570784,8,100,100
-6711640095756466884,1,0.5143560521774339,1.6265366531731005,10,100,100
-6766795895103717259,1,0.4044704103198203,1.144015079705801,8,100,100
-6824997073638208038,1,0.5465938702952617,1.7284815852196789,10,100,100
-6928034254594521056,1,0.6405667322571162,1.8117963207260581,8,100,100
-6992494290758883434,1,0.38432020960474766,1.2153272131843227,10,100,100
-7050776872515855067,1,0.24596752488598425,0.7379025746579527,9,100,100
-7102450533839492373,1,0.7573378882856303,2.003727710850595,7,100,100
-7236143654015361160,1,0.48064096358918645,1.732975639309232,13,100,100
-7405350620037253862,1,0.7889391632851203,2.366817489855361,9,100,100
-7500917816917864558,1,0.384320748766549,1.152962246299647,9,100,100
-7514637525470469750,1,0.4100633288425537,1.230189986527661,9,100,100
-752276786321322618,1,0.4830413219420643,1.3662471773541918,8,100,100
-7660887435460559051,1,0.46394939989111444,1.3122470671617452,8,100,100
-7747885648554746432,1,0.6183286245065109,1.7488974535612176,8,100,100
-7770092002819342037,1,0.3545721466317861,1.0637164398953582,9,100,100
-8027179493469952343,1,0.7694566233546606,2.176351984811935,8,100,100
-8039550106613553938,1,0.36012051531882305,1.1943846286219701,11,100,100
-8131772497238464015,1,0.48182399979319007,1.3628040703687616,8,100,100
-8164518276082598852,1,0.5207626135711333,1.4729391017783118,8,100,100
-831569704110003430,1,0.5908109619150455,1.671065750277903,8,100,100
-8358571357622246031,1,0.584009649783585,1.7520289493507553,9,100,100
-8387660898113729642,1,0.6274911472369095,1.8824734417107285,9,100,100
-8536620705879151534,1,0.46359809604106017,1.3907942881231805,9,100,100
-8623029077491343810,1,0.6032944457198293,2.089873263821697,12,100,100
-8730499572346220695,1,0.8657844509725324,2.5973533529175974,9,100,100
-9019607673090730365,1,0.6385049169041843,1.915514750712553,9,100,100
-9026371666460092747,1,0.5922727367830186,1.776818210349056,9,100,100
-9092240960759111408,1,0.3849508446701584,1.2173214563633898,10,100,100
-9145390188095000103,1,0.40064490187737983,1.2019347056321394,9,100,100
-9199864081130194048,1,0.28045441401360943,0.793244871850891,8,100,100
-975317891266166270,1,0.5878966045681797,1.7636898137045391,9,100,100
1023406923834152020,1,0.5525674641777908,1.6577023925333725,9,100,100
1074537277846098196,1,1.0721586039396431,3.0325224774128943,8,100,100
1090884415192643246,1,0.39936812281369666,1.1295836313252274,8,100,100
1098489750846450632,1,0.6628934536411881,1.8749458250954179,8,100,100
114619529190721675,1,0.5343142443420479,1.5112689018353118,8,100,100
1178430402817838646,1,0.47628084312328206,1.4288425293698461,9,100,100
1189727689799658772,1,0.6416507076968546,1.8148622662623726,8,100,100
1198889405316862604,1,0.5728456907652404,1.8114971306306435,10,100,100
1240511853027804043,1,0.25257647065405525,1.010305882616221,16,100,100
1299750956305222952,1,0.3570599143530647,1.2368918260113997,12,100,100
1301475379434489575,1,0.4541241783346033,1.2844571440046681,8,100,100
1378691862862438156,1,0.39486253340876437,1.1168399000393479,8,100,100
1537996802837104777,1,0.6959178197603211,2.0877534592809632,9,100,100
1599927652035867405,1,0.4828476545762068,1.4485429637286205,9,100,100
1629180192157073012,1,0.5819020523471866,1.74570615704156,9,100,100
1644900758695891236,1,0.5620331277054956,1.5896697434081632,8,100,100
1838850109792416753,1,0.7852093167051759,2.2209073299723414,8,100,100
1910421991652829553,1,0.5136419400026732,1.8519623519084358,13,100,100
2040438202386560792,1,1.0255751331290313,3.401447910907785,11,100,100
2102443278112831079,1,0.449436515039001,1.2711984299877095,8,100,100
2129809947914022787,1,0.3695675145226026,1.0452947825007608,8,100,100
2137257773166857346,1,0.5165092894599552,1.5495278683798657,9,100,100
2239823040277735319,1,0.5993553419649903,1.8953280083984685,10,100,100
2280781456163619966,1,0.42253393504994446,1.3361696234714764,10,100,100
2309071219544700964,1,0.4794859393420836,1.3561910367695558,8,100,100
2446574874368172934,1,0.5034385938352678,1.5103157815058035,9,100,100
2719707717212053157,1,0.6112507580186788,1.728878224001701,8,100,100
2741556720205303224,1,0.46820742146187494,1.4046222643856248,9,100,100
2796903602825979536,1,0.5631290790354103,1.6893872371062308,9,100,100
2885699876589331866,1,0.37760521436197125,1.0680288307469992,8,100,100
2962666737867345904,1,0.49089011370429125,1.388446912870959,8,100,100
3213640378832153504,1,0.36978165842850047,1.0459004729328014,8,100,100
3259899852719743461,1,0.7337779630351624,2.0754374941896607,8,100,100
3386403082295694701,1,0.5961374179942255,1.6861312431310251,8,100,100
3471060247311635100,1,0.5447492188358627,1.634247656507588,9,100,100
3544360577550196138,1,0.4665160358868933,1.319506610031556,8,100,100
3546788436039368064,1,0.5630028059133513,1.5924124075535375,8,100,100
3574298191131764819,1,0.25616763205943494,0.8873907079631026,12,100,100
3586825847464836856,1,1.1095624894396254,3.138316641731945,8,100,100
3591945728034809755,1,0.41772380067719156,1.4470376926073407,12,100,100
3620729236072354841,1,0.4269757190972488,1.2809271572917464,9,100,100
3782052460762716195,1,0.688966610444191,1.9486918490247918,8,100,100
4084686625038871720,1,0.7710468442246189,2.1808498086548624,8,100,100
4093152238838295194,1,0.4380645713173096,1.2390337159041904,8,100,100
4176834457140748394,1,0.6563865944964777,2.1769880513639754,11,100,100
4325557686291634823,1,0.7168669005905052,2.1506007017715154,9,100,100
447222059999641248,1,0.2849283195536004,0.8547849586608011,9,100,100
4561005230500856740,1,0.8544311741208722,2.41669630911221,8,100,100
4842208398263245083,1,0.4628161780487203,1.3884485341461608,9,100,100
4852295807765480098,1,1.0242485686885645,2.7099069934638003,7,100,100
4896647133961863520,1,0.7023556499852363,1.9865617716369834,8,100,100
4898145214704881578,1,0.4322842191916566,1.2226844111614092,8,100,100
4939386520866996247,1,0.30809043129588876,1.0218203621072317,11,100,100
495178552666872440,1,0.6219911057084163,1.966908578405154,10,100,100
511018684120604067,1,0.6768421395425066,1.9143986666532715,8,100,100
5121576441536118259,1,0.8357933702576088,2.3639806391196565,8,100,100
5172759042470834479,1,0.5442953954542891,1.6328861863628672,9,100,100
5232456738391662196,1,0.49820010916063784,1.4946003274819135,9,100,100
530345822967894061,1,0.5653425263458499,1.5990301362891395,8,100,100
5309803019446138191,1,0.8872970029281201,2.8058794902939512,10,100,100
5312446970699656970,1,0.583488229458912,1.8451517929891186,10,100,100
5320736644552673608,1,0.751651248709555,2.12599078019945,8,100,100
5379511475147342820,1,0.3733357939936815,1.1200073819810445,9,100,100
5380231888246580592,1,0.7227188385237566,2.044157566445655,8,100,100
5475877427741676908,1,0.7260245656318941,2.05350757466532,8,100,100
5513173394062671660,1,0.5227111983236745,1.4784505317472665,8,100,100
5609293372375247595,1,0.5004757039528326,1.6598901267005346,11,100,100
5618126363054710156,1,0.6190015761378967,1.8570047284136901,9,100,100
5685330279591766980,1,0.6580577242417575,1.8612683168941355,8,100,100
577110701834728758,1,0.4415974523502063,1.2490262124461369,8,100,100
5835973668018039557,1,0.6550948559322747,1.8528880598005433,8,100,100
5892289090025265749,1,0.3477107106901277,1.0995578126166614,10,100,100
5938885058581334730,1,0.32577026030647344,0.9773107809194203,9,100,100
5979182763520941310,1,0.3688336419973323,1.2232828005654208,11,100,100
6004121164448370961,1,0.6424015942193334,1.927204782658,9,100,100
6079041859978219180,1,0.6169177195824042,1.9508651227974576,10,100,100
6132880966042845727,1,0.9211669937156871,2.6054537114463527,8,100,100
6207890877132628045,1,0.4287880739821419,1.4853654596333448,12,100,100
6302408864264805884,1,0.592936382392793,2.371745529571172,16,100,100
6494638087515605397,1,0.6164187766340627,1.7434955880346463,8,100,100
6689696171830582465,1,0.9063787707087153,2.563626300366638,8,100,100
7006581699201954250,1,0.2718007279176843,0.7687685513681374,8,100,100
7063731227367330583,1,0.5103706901923136,1.4435463038153744,8,100,100
7129216142000252611,1,0.69542108842527,2.08626326527581,9,100,100
7275737276129978196,1,0.5060820888646359,1.5182462665939078,9,100,100
7368502948550093171,1,0.3320352190219681,0.9961056570659043,9,100,100
7396263459578960448,1,0.7026390994140567,2.434013239139171,12,100,100
7427509262410620899,1,0.8138723587540488,2.3019786555811144,8,100,100
7480707022951695552,1,0.3870333868010978,1.340722980329918,12,100,100
7488937357257893375,1,0.47960637786767,1.3565316883621887,8,100,100
7538060153574508823,1,0.4162187345089901,1.380441373082869,11,100,100
7584571493757068995,1,0.42228006343097263,1.335366810922251,10,100,100
7690425622546849075,1,0.6005502037362175,1.6986124860193685,8,100,100
7695262856059542915,1,0.5539425030662374,1.5667860012223456,8,100,100
7746279457956801420,1,0.4446969320814376,1.334090796244313,9,100,100
7784430562521478699,1,0.6017481379803792,1.7020007557292178,8,100,100
7879122305732499490,1,0.3403038600469661,1.0761352942955877,10,100,100
8035414829142100267,1,0.7072875328895529,2.2366395645722412,10,100,100
8112562675843440149,1,0.8112337910494889,2.2945156591150577,8,100,100
8257407179708148752,1,0.39908872124398936,1.3236275464290508,11,100,100
8269812135696097349,1,0.46934056061401774,1.3274955723842712,8,100,100
8291654314503371645,1,0.7660970316546261,2.166849624519485,8,100,100
8311052109282466718,1,0.566729644882711,1.792156495367756,10,100,100
8401788301588774579,1,0.45437127207988626,1.2851560306561816,8,100,100
8434277527016702047,1,0.9110812405118031,2.8810918534689693,10,100,100
8554721282818506215,1,0.7739463930486052,2.3218391791458157,9,100,100
860154424532315603,1,0.520612379396854,1.561837138190562,9,100,100
8643122201694054820,1,0.4403960155695798,1.245628036067145,8,100,100
9033094464364994905,1,0.6489443461179727,2.339802114850801,13,100,100
9101518012234561119,1,0.5231512024423635,1.735096247124579,11,100,100
926954766593964346,1,0.6812640768700161,2.1543461709612854,10,100,100
98262964342640738,1,0.7021633878758039,1.986017972271604,8,100,100
