y_true,y_pred_proba
1,0.4197055568249689
1,0.4010778950253185
1,0.32025866599506797
0,0.41125872784796097
0,0.5456287248243337
1,0.4871635686967336
1,0.5477948538685402
0,0.36924303951247506
0,0.5248786288304365
0,0.5568005261376341
0,0.500925899037237
1,0.5145348860777751
0,0.5437002790500047
0,0.39308670157349324
0,0.4929408057198117
0,0.5098789915485867
1,0.448440199639219
1,0.5124800612130297
0,0.5746063922261091
1,0.43999116165384033
0,0.49057554594811603
1,0.5576487523461006
0,0.4656831595701653
1,0.5620484430603476
1,0.5472389411373929
0,0.4021499420861391
0,0.49390506472136425
1,0.5511568780118389
1,0.5400643422900927
0,0.48807338546912926
0,0.43385767167064393
1,0.48340917158347646
0,0.4199965277455509
1,0.5037442342302021
1,0.5406173397624745
1,0.44666738611508305
1,0.48605215043625133
0,0.373220087693029
1,0.46812093928764364
1,0.3889858307894182
0,0.49408499080436263
0,0.45328107197052
0,0.3319684090592501
0,0.46300021044048567
1,0.5725883775270911
0,0.4818276346813348
0,0.39452177227178553
1,0.5570319777912003
0,0.39555895935454854
0,0.5348594546892651
1,0.5056269343197856
0,0.5405789015296154
0,0.4957067357932677
0,0.6256309734009504
0,0.5211235152105337
0,0.503131837284896
1,0.5530113448552963
1,0.5843025345656395
0,0.4614648813067141
0,0.5233371846417487
1,0.5001521970564954
1,0.456625220978314
0,0.5709582275005691
1,0.5445918843543259
0,0.5274383432237171
0,0.46862068833196796
0,0.4816382719149147
1,0.4897049914984363
0,0.513265359300139
0,0.42879957739596253
0,0.49799305410306866
0,0.5224819915625156
0,0.6517754265841997
1,0.5566339522083539
1,0.5818360585858637
0,0.39116425928417387
0,0.562103704487415
1,0.5468801619862256
0,0.5826945514618044
1,0.42333383279024867
1,0.5817419546845206
1,0.5609821585244591
0,0.5821668800854378
1,0.5639777802532178
0,0.5181002644205056
1,0.6039119288620944
1,0.501840570474683
1,0.5195367134555942
0,0.38974233633723127
0,0.5080345388278462
0,0.38228515877824726
0,0.4046536308509311
0,0.4679794274677624
0,0.3881707707127473
0,0.3067835321002512
0,0.5265416624830166
1,0.497593254322187
1,0.6349254160866402
1,0.4270507511024116
0,0.5209711587543135
0,0.611859064845773
1,0.5389373098579227
0,0.45773447426266495
0,0.5036038967092838
1,0.4237057253151522
0,0.49354643204331344
0,0.5223115656545585
1,0.6010930791463837
0,0.4864478665147142
0,0.4854161883458588
1,0.5508043230426529
0,0.4819982622016835
1,0.48455479403767104
1,0.5566760591526508
0,0.4685114096647778
0,0.6301383231827496
1,0.5762804664472622
0,0.421703737655711
0,0.5636525591086046
1,0.49739030767360604
1,0.4291291246894934
0,0.4859114142907131
0,0.4689315859253405
1,0.4902133880420161
0,0.3842318814249463
0,0.45780678105881284
0,0.5613898435440493
0,0.7443492488926426
0,0.46630849299743454
0,0.5700511401992979
1,0.5222398901158289
0,0.4376002838262327
0,0.5119345886762592
0,0.5132644916575467
0,0.5534046210078346
0,0.49844496606507843
1,0.46068637311810823
0,0.5195538952469808
1,0.5853883238025719
1,0.5565994228841765
1,0.6335903505317493
0,0.49432143933793843
0,0.4957830304377457
0,0.39983456630061637
1,0.3869991660898976
1,0.40476555603250325
0,0.40728114351790917
1,0.5683272057816303
1,0.613448276204953
1,0.4994304489972371
0,0.4298039599623554
1,0.388533620958653
0,0.5739838327518466
0,0.5630603215656195
1,0.4986576330528883
0,0.5306011563825138
0,0.4022769214020979
0,0.5762702564889167
0,0.4013340408402759
1,0.6027380141779869
0,0.40588477745474355
0,0.5099151527640581
1,0.39259442555517327
1,0.3552276573815065
0,0.45288246718802466
1,0.6018821782755298
1,0.5314623901429776
0,0.3812126923229521
0,0.38570428415477964
1,0.33021887274730777
0,0.5017512796366883
0,0.5003994296024231
1,0.4875970174932192
0,0.5810476639786257
0,0.4541704100452494
1,0.5982941375640556
0,0.3263218481223447
0,0.48791853734592244
1,0.6206251349962156
1,0.5238687792806368
0,0.47875834203743267
0,0.4335170855561639
1,0.5449714002656918
0,0.5163724448125584
1,0.5379866789412611
0,0.5407358983114852
1,0.5554372395276446
0,0.6023064281165519
0,0.4552949466883442
0,0.46884065555236165
0,0.43814897258160257
0,0.4750696559807713
1,0.4576399210415756
0,0.5066111549835698
0,0.4985920283803695
0,0.4510664905735978
0,0.5302027980161303
1,0.49611887638587043
0,0.465136338520514
1,0.4684376958232921
1,0.49296831466042745
1,0.5707540716151464
1,0.5414814378802599
0,0.4758939415987113
1,0.5291113835751413
1,0.47618989830575126
1,0.46321198704821304
0,0.46931572894260887
1,0.37463401694352555
1,0.47704259164826907
1,0.42814420549596877
1,0.4553422445673661
0,0.417714867311213
0,0.4316678133278261
1,0.5961379785193072
1,0.48325803773005893
1,0.5475413332187132
1,0.5429269536801037
0,0.3878507347584789
1,0.5108198717121745
1,0.5055608186110968
0,0.4617606313236545
0,0.4609775423143047
1,0.5747956162916166
0,0.4897794757921262
0,0.5273944520625339
0,0.5247666604772423
0,0.41639749488504946
1,0.48118030691119557
0,0.4128963575381442
0,0.3841608691854539
0,0.46970312676840553
0,0.4457969134176887
1,0.47113185042083733
0,0.5035366138669359
0,0.38757449234888347
1,0.5081642723019628
1,0.49390974451739955
0,0.3774702602416252
1,0.40671959149984416
1,0.462348964006034
1,0.5025992169075485
1,0.500718557906636
0,0.4872922974775221
1,0.5660646134187078
1,0.6075017679296899
1,0.44030599578156626
1,0.4080216386959847
0,0.49917109219512945
0,0.466345783702766
0,0.5298566869526139
0,0.5464228563856302
1,0.5739277922343395
1,0.43992761167657674
0,0.4135827196839013
1,0.5145482133292991
1,0.38857184544077444
1,0.47285601473458905
0,0.539606230819427
0,0.45625324953265123
1,0.4163270210162872
1,0.5116330484927312
0,0.5766461778572083
1,0.5320420140952374
0,0.6126081328345903
1,0.4826881903891833
0,0.5500982356740937
1,0.5506603229718836
0,0.5479509771334232
0,0.5138681202660023
1,0.5269569644091868
0,0.5933813957644863
0,0.44374940036851107
1,0.41930591324668265
0,0.3517025267997296
0,0.5661728430726409
1,0.5483960180002988
1,0.4978532982622003
0,0.45851818127827665
0,0.5012088342537915
1,0.5687163096658029
1,0.4850540968826532
0,0.4912821830881133
0,0.4917423319312603
1,0.43272943852873064
1,0.5157750279865974
0,0.5988394172758613
1,0.5300489862074791
1,0.6129906165993402
0,0.37124637674557476
0,0.553958068006941
1,0.5511596753662126
0,0.5323587317874344
0,0.5109163091553506
1,0.4408359546699422
1,0.559612689238322
0,0.48037521231841485
1,0.5650634636977561
0,0.4295624518649586
1,0.6744436642057465
0,0.4598180378471993
0,0.5589495107851633
0,0.43343873806772143
1,0.5699507495128167
1,0.4250202418903598
1,0.5974338780044529
0,0.4774040556216957
0,0.38877038552964766
0,0.3992716901771558
0,0.5280278285641412
1,0.5607539385805745
0,0.4239904506979794
1,0.47441171985487024
0,0.4922053307982351
1,0.5070697171232998
0,0.5824602663086186
0,0.45884818628447605
0,0.47850107094749655
1,0.3800816994973585
0,0.5110110756335098
0,0.5206245477455694
1,0.6014515625393024
0,0.5985755095316443
1,0.4850147906402193
0,0.4228244795836132
1,0.5900923281577504
1,0.407730952086672
1,0.6126525752996445
1,0.5956987492779989
1,0.5833797770729544
0,0.5141194572804504
0,0.45456332251714493
0,0.5033862779439602
1,0.6442792907328837
0,0.48780570060067907
0,0.5861582412122938
1,0.5484085515344526
1,0.4065813081354542
0,0.5357241302903573
1,0.49818989525065915
0,0.5873403396974921
1,0.5605740353041955
0,0.5671922406909536
1,0.4537142191024506
1,0.5786316405098967
1,0.509800380880873
1,0.5377202452644886
1,0.49839117736320593
0,0.37978517565399184
0,0.5517606302191181
1,0.604196264849086
0,0.5461817836816287
0,0.4739050859458252
0,0.48490316755822577
0,0.44253722629898157
1,0.4353343047434321
0,0.5563278551793649
0,0.43691491595076903
0,0.4944464751651438
1,0.4681349524679548
1,0.5930361159178504
0,0.40692544262791286
1,0.39989485983577994
0,0.5085663729510909
0,0.4565000101871121
1,0.5685961907988394
0,0.4277830825949807
0,0.5301229136896043
1,0.5564759272710156
0,0.34782150965374026
0,0.5401694997971495
1,0.48452648309244783
1,0.526058152583359
0,0.5325108192958345
0,0.5091393204384604
0,0.502094636986989
0,0.5183122265171061
0,0.5094528390431898
0,0.4903953889120293
1,0.5947727997264735
0,0.5438816317876219
0,0.4218006791994969
0,0.46840523255550875
0,0.4205408256548257
0,0.6084892320494598
1,0.6473000831630743
0,0.5705751458062408
0,0.5819698864186531
0,0.4247847536458953
0,0.45725813603583915
1,0.5575920162318754
0,0.5306546101951233
0,0.5726526889271667
0,0.4154055195603011
1,0.5457361615059607
1,0.37643214778983203
1,0.46268562696565335
1,0.5108635480812436
1,0.4941660756120761
1,0.5250286447708644
0,0.4430121384789419
0,0.5020167667502463
1,0.5077158357391616
1,0.40079993275729275
1,0.5653074124068307
0,0.5144220221735701
0,0.4964274695161484
1,0.4484794131688031
0,0.45449309447784814
1,0.5521286669386346
1,0.6123003208068494
1,0.5758079368284134
1,0.38776621033465064
0,0.46107391721141905
1,0.4209705104029105
0,0.510811918729916
0,0.4864991843380038
1,0.5682951300368386
0,0.5828389324237645
0,0.4231846059130695
1,0.6413133829085559
1,0.5605476708416116
1,0.5162114847063417
0,0.6086054784833029
1,0.42833600276194306
0,0.3432069371005568
0,0.5955449779792843
0,0.4672321590024799
0,0.5390549615913752
0,0.43114698936261003
0,0.5763276499462138
0,0.4899133414130616
1,0.5150209462103296
0,0.49444296203461086
1,0.3767095213058331
0,0.484325073637931
0,0.4228849877172221
1,0.42400079291888393
0,0.3806185978773682
0,0.4429064346074713
0,0.5641682028205343
1,0.4429642789530959
0,0.5138909966236213
0,0.4867853565593768
1,0.44601172424773056
1,0.6503733108792398
0,0.39590347515187496
0,0.38828247240072283
1,0.4305739545147377
0,0.5661647779529485
0,0.49330914609256876
0,0.5856143756164474
0,0.613891078822062
0,0.5195368625942867
1,0.5147727872489736
0,0.47825425383161957
1,0.46266027913176544
1,0.40501321724400535
0,0.44748494073624245
0,0.5232247288169687
0,0.44723647219996326
1,0.5998347241838976
1,0.4609257282456793
0,0.31825892461772676
0,0.4813619451337667
1,0.669582175588187
0,0.4534647568962814
0,0.37353621298697975
0,0.5138213199766827
1,0.5128877906182725
0,0.6149228029286843
0,0.5436875447843014
1,0.49472676339976357
0,0.47037503161084304
1,0.5851090466742959
1,0.6538352401876533
1,0.5533204980399284
0,0.4763465556494148
0,0.5746558011806249
1,0.39366965377648055
1,0.44082424657553604
0,0.5606481565113817
0,0.5606842299299103
0,0.48225863736349156
1,0.5557485133518951
0,0.5404631931913324
1,0.4075037711231385
1,0.6236141216017148
0,0.4217700070300775
1,0.4750950996427565
0,0.4870868563848688
0,0.6302499751893103
1,0.43671228476206564
1,0.5154252490309326
0,0.5233673784690243
1,0.5936862614416278
1,0.5066738395642801
0,0.4790463512788315
0,0.5812297071823627
0,0.5153033712155844
1,0.4595669697407857
0,0.4570295642390818
1,0.4816826798387627
1,0.4467755719602921
0,0.4632045275558735
1,0.45915285638060505
0,0.41509089961625834
0,0.4831126378826359
1,0.3971920587932726
0,0.5203042652548362
0,0.5298447073380247
0,0.6359984281269997
1,0.5012481055142674
1,0.4981573213166234
0,0.43249045474356723
0,0.5382259943286601
0,0.49266089048701917
0,0.5104521600543037
0,0.32741588348752615
1,0.4928309541982123
0,0.5757785922190065
0,0.6104400543310649
1,0.5365905980776404
0,0.3506787695238653
0,0.535055554916946
0,0.4041559425639619
0,0.5758687514653567
1,0.5874637308717071
0,0.34969593841762947
0,0.4867117195124828
0,0.4836909981758534
0,0.35181671273242054
1,0.4018357313075036
1,0.4710060573910582
0,0.38701498020541203
1,0.37969504819974176
1,0.4546895988568145
1,0.5752529470065273
0,0.5710662427271762
0,0.5152712719865732
0,0.39432607124631774
0,0.5561997959894042
1,0.6342620525971765
1,0.3061501736319872
1,0.5864689107908494
1,0.5273683925749768
1,0.4378377840981333
0,0.5673223074697887
1,0.44974969227776046
1,0.514449312786822
1,0.47455801850967083
1,0.4268301943175418
0,0.5232009975679675
0,0.43612781008662177
0,0.5370336432370779
0,0.5781325163902297
0,0.42005331950052055
0,0.465039049796703
0,0.4596406459942305
1,0.451380671610118
0,0.5412936449061005
0,0.3926680588470091
0,0.48147215315905767
1,0.37608058675609185
0,0.6007559549745786
1,0.3969440977403597
0,0.5273692862836112
1,0.42950781792475645
1,0.6263621256720616
1,0.425991991294624
1,0.39606732892726165
0,0.5154823568830833
0,0.5467568408086055
0,0.5095230957777637
1,0.5077261200904098
0,0.4688213496107204
1,0.44816166443982036
0,0.48044239924987203
1,0.5344311316254716
0,0.40262632646388685
1,0.48715495935782976
0,0.49309542889596897
0,0.4439842360595425
0,0.5118746651674302
0,0.5426375144594476
1,0.4659074047150523
0,0.47121516987180084
1,0.5944819980960219
1,0.5115522603930095
1,0.5294161939697504
1,0.553482637611322
0,0.4582367099068727
1,0.5633280712016214
0,0.4012338023135033
0,0.4831011047860258
1,0.5472111092649637
1,0.5987120344817285
0,0.44331985110135785
0,0.609446322210318
1,0.4347112167521485
0,0.45170642551616735
1,0.5205879476882423
1,0.4894461928809887
1,0.49416754081121145
1,0.2622734575006819
0,0.5313083350502812
0,0.4260364979994138
0,0.49867404038196095
0,0.4771781460646851
0,0.4098273519392602
1,0.5488126707978104
0,0.4336434041283207
1,0.5968563296847722
0,0.44651790432370514
1,0.5470819083506933
1,0.6255641980449956
1,0.6079054172745835
0,0.49037566034761526
1,0.5562885119434996
0,0.525705547730764
1,0.5467198728233551
0,0.4507857819431914
1,0.4260185783938299
0,0.4831008459677036
1,0.39676771980302084
1,0.3375876425050533
1,0.3812801759312419
1,0.49020520588828764
0,0.42871904715861
1,0.5286984119627861
0,0.503342014169823
1,0.5120292907859859
0,0.6392077422963456
1,0.5102752997845795
1,0.5233702323245703
1,0.519472406700288
1,0.5016922320489987
0,0.37942668481400593
0,0.36849215815247177
1,0.4921090160008239
1,0.569332927836972
0,0.36409180740417707
0,0.48116358788763874
1,0.5632963249750514
1,0.47575842227631543
0,0.5566130393550314
1,0.5505843685987997
0,0.4297304168461271
1,0.5706418975596874
1,0.5187548632744801
0,0.4303907682967177
0,0.41064451686945047
1,0.48032265816539366
0,0.5781895329176673
0,0.5421301157849719
0,0.5441101470741534
0,0.5714371441736037
1,0.4566007372425077
0,0.533028515788968
0,0.5210998547098417
1,0.5561029571655044
0,0.4474049933217395
0,0.40454361557525026
0,0.5272153529712701
0,0.5323036387003229
1,0.5908275701100089
0,0.41195228093064884
0,0.3830572692425886
1,0.5698333568498618
0,0.45051478145251445
1,0.49354187036373043
1,0.59312973148514
0,0.5037067198315454
0,0.48448394377964127
0,0.5677392209212401
0,0.3988506643344692
0,0.5840618615626983
0,0.5249529447758826
0,0.5156788325340937
1,0.5167397320395257
1,0.574970207629721
1,0.5820933550156877
1,0.4352280243455435
0,0.40000660276032124
0,0.44546679221090946
0,0.5612341482784129
1,0.5172090717932102
1,0.47475671310721984
0,0.5732466178825553
0,0.4760494956025683
0,0.5255678826910827
0,0.4829534404756174
1,0.4901853717376534
0,0.5088980277032822
0,0.4790846075147767
1,0.38537862969569053
0,0.4561400866589999
1,0.5281932022936707
0,0.43701776069051484
0,0.47086178384460603
1,0.5703962609215167
0,0.38218986084530315
0,0.5545803660542814
1,0.488188798331039
1,0.5740297844593092
0,0.37797866304201444
1,0.5562587535567726
0,0.4798004511345118
0,0.5089069403641994
1,0.6032095833333485
1,0.43886950875868375
0,0.5214254487316183
0,0.4971283240425803
1,0.5567157250949112
0,0.44766217731975994
1,0.5147491695052269
0,0.4411011246832958
1,0.48456851115714217
0,0.4972617456108261
0,0.46764802427870933
0,0.5386431885479128
0,0.6326874293503405
0,0.35691394996742815
1,0.493258132440046
0,0.6367083631159763
1,0.5493774993594327
1,0.5167386462050505
0,0.5109016369553212
0,0.46666468491121177
0,0.48876039644432584
0,0.5913186490618458
1,0.48621567283690076
0,0.47203820871464147
1,0.517442717212521
1,0.5641828041936522
1,0.5184677319953975
0,0.4871147992740927
0,0.5411454878083897
0,0.5677738457809468
0,0.43446883171292033
1,0.3422682875801771
1,0.5436178661407263
1,0.47667196365968306
0,0.48782936605945787
0,0.4522306994859573
0,0.3903052244697585
1,0.5266697458797196
1,0.5321812677777933
0,0.4762450455892644
1,0.5101942814183426
0,0.47030882313784045
1,0.5928056044791223
1,0.486145794223971
1,0.6323678440610756
1,0.5022780566838942
1,0.4449256742890148
0,0.5632997770614402
0,0.4287130443728806
1,0.47401818122798384
1,0.5949485854689989
0,0.46755956979881286
0,0.42702678123957954
0,0.3984341573957395
0,0.42940186679840503
1,0.4545461951993759
0,0.4923839882156716
0,0.5548360540867189
0,0.5036668908084863
1,0.5258826559340576
1,0.4438485881650813
1,0.4557563555223827
1,0.5197607477748502
0,0.6309875508805411
0,0.42908519047668214
1,0.6156130945834746
1,0.5261816635901351
0,0.44825863087941564
0,0.4984373694261281
0,0.45290313624027084
1,0.3555585531042666
0,0.4137214765740525
1,0.5376512940406949
0,0.431475757989826
0,0.5394123832195213
0,0.4534135383057686
1,0.5457514470112867
1,0.5500035961890843
1,0.4680057917926251
0,0.5125403486185204
0,0.41562362020240384
0,0.40043262648540895
0,0.49219635871280365
0,0.462694769610337
1,0.3628316589863576
1,0.46559822435450493
0,0.6415424876743204
0,0.4226460692254719
0,0.5709713381965266
0,0.42764638456483683
1,0.5668637032583707
0,0.5717968791144695
0,0.5028000010327685
1,0.4481255205803403
1,0.43719774322266935
1,0.4934079379713273
1,0.5214082885007708
1,0.4662868542896444
1,0.4319265743535241
0,0.6559099068408724
0,0.4382242004627584
1,0.5934572089631007
0,0.5590674875054313
0,0.4374396426168705
0,0.557780369872052
1,0.5465961369311737
1,0.4414085352275766
1,0.5631969447188949
0,0.6063088223942447
1,0.4862543131060437
1,0.4400240807462542
0,0.44217965268316406
0,0.5443414684174056
0,0.5618142185425324
0,0.4696860372574565
1,0.5429604035884024
0,0.4710357222981761
0,0.6074208374804805
0,0.4921659603662537
1,0.44220462982751135
0,0.4335905750159021
0,0.43946492937455706
1,0.5397365332490955
0,0.5673717514358152
0,0.5482319056085102
0,0.4360073354082952
0,0.5184853258604649
0,0.5774078946251237
0,0.3648310452809308
1,0.6375622881333564
0,0.46145639817395123
0,0.41902687654107246
1,0.4315598795120108
0,0.527671387586849
1,0.5678792575766342
0,0.4790819954178483
1,0.5295005409106092
0,0.5170431994872872
1,0.4903079017701678
1,0.4204183734601535
1,0.5563394641732058
1,0.4582868751096568
0,0.5599840338474533
1,0.5612913404667349
0,0.539501019184192
1,0.48075836224914864
0,0.507898217099214
0,0.5417621343017591
1,0.49241896321651785
1,0.43157580340879875
1,0.4975859748299964
1,0.5284748452361795
0,0.4745068105377391
0,0.490424497922873
0,0.553966212149185
0,0.3541877122335283
1,0.5131335766088361
1,0.33258691772604704
1,0.5373432290820093
0,0.5697014778143363
1,0.3827637479079105
1,0.6239754281375963
0,0.4826567623636512
1,0.4012071568731018
1,0.6206842370357051
0,0.4091277603100305
0,0.4377476211246657
0,0.4372788349696966
0,0.44783493769033555
0,0.4458167722025946
1,0.5885895864772781
1,0.46374195523285305
1,0.5096051712160196
0,0.409796845896211
1,0.4881429773437638
1,0.45262008771809226
0,0.5968015826184252
1,0.5398885019390135
0,0.5860180292648633
0,0.6123409367388564
0,0.4166003097401807
0,0.45652700957371994
0,0.5347990793509699
1,0.4665576465453002
0,0.528629046210092
1,0.4562414935438836
0,0.5120952361738206
1,0.5034199172341312
0,0.3353667242209514
0,0.5630205085455419
1,0.5286630062780887
0,0.3936966465037578
0,0.47927476036029565
1,0.40469807362330235
1,0.46141882460386335
1,0.48262611906205194
1,0.44854524523359884
0,0.35975862650716095
0,0.38522492370227385
0,0.5466611960740106
1,0.49388391359569234
0,0.5354117170392599
1,0.5429297376140411
1,0.41905945500481045
1,0.4852918163604392
0,0.5129726184642458
1,0.456620401791884
0,0.5497012073119099
1,0.46096479903441717
1,0.45008012506482564
0,0.5371710767330264
0,0.47411054135617287
1,0.4811998254596099
1,0.42503649713711494
1,0.5670660847505747
0,0.5604179923703041
1,0.47020387039684675
0,0.530617533609811
0,0.5549517365584612
0,0.5113098260110629
1,0.49917237699205647
0,0.6215001295986
0,0.578546658641234
1,0.5676185014434099
1,0.5331553726350884
1,0.4649128110545071
0,0.5667726084789422
0,0.3991096362154541
1,0.6308070202370736
1,0.39036795593064977
1,0.5311266288110948
0,0.5180666110540714
1,0.651234329892879
1,0.6074169883789146
1,0.5685936272278729
1,0.507117519298025
1,0.5068096327558619
1,0.49243228491995117
0,0.4351440615591355
0,0.5847116114798583
1,0.5111410219014774
0,0.4854386219986608
0,0.5090885220749147
0,0.5369912762353718
1,0.4519081508793976
0,0.34920956106285383
1,0.4545218957075031
0,0.547440698615464
1,0.5541143353069861
0,0.5195731387542463
1,0.4967209596876446
0,0.4088557281333646
0,0.5172384969323472
0,0.4725842944362023
0,0.5494990098993947
0,0.5065968543948716
0,0.5362526323400963
1,0.5983616290235819
1,0.5506243773580036
0,0.4702788971603143
0,0.522531601772179
1,0.5442803268227221
1,0.4538431162931173
0,0.45949092790102747
1,0.5876442659086888
0,0.40041269874348917
1,0.5120580767106023
0,0.5161389597275091
0,0.539592284088797
0,0.430529527225457
0,0.4425779081985658
1,0.5242669907416572
0,0.5238669814881369
1,0.34035841484109053
1,0.5354851314889932
0,0.5295145640191676
0,0.5236455077061435
0,0.37590153308153085
1,0.45171894429492065
0,0.4761610284265598
0,0.5501778818459108
0,0.4873824432544024
1,0.4792121628112616
1,0.48722866137745235
1,0.4474898337020525
1,0.4376120128837583
1,0.4540238802667855
0,0.526051104527556
1,0.3473714028678472
0,0.5509745538207818
1,0.31796406126224563
0,0.3815072549817518
0,0.5576362532749701
0,0.4621230759972759
1,0.5207830331686634
0,0.5505639022033457
0,0.4371722155581023
1,0.5323879441313683
0,0.5132120547007102
0,0.4102570004933431
1,0.520955340438199
1,0.3216398896613995
1,0.41679300984292866
0,0.6258949459302514
0,0.43387326950154603
0,0.5357245956911113
0,0.5256628239782815
0,0.560263244866508
1,0.6020808815369133
0,0.48834983196478327
0,0.42019880255741004
0,0.4884169429492013
1,0.5651191612204628
0,0.5606795275753537
0,0.5900207942503901
1,0.5552564952671796
1,0.5839149437320238
0,0.5783535592694207
1,0.5265267143845298
0,0.4839008245765993
0,0.6046324008978662
0,0.4362518322007933
0,0.5800150012572239
1,0.6829538149574471
0,0.36025742475850026
0,0.5863174279745291
0,0.5755396163431538
0,0.5255356329460831
1,0.5363244610078476
1,0.5333320248578906
1,0.4664279605923573
0,0.4514726676689825
1,0.6006740749698243
1,0.48744730905791456
0,0.4317293728342606
1,0.5142049849533883
1,0.4841082970031048
1,0.5021735357545793
1,0.5397925049892589
1,0.4085794816421554
0,0.5293036259558893
0,0.3651094372049502
0,0.4537138163384419
1,0.604913473234171
1,0.45191964394628703
0,0.45342901171344857
1,0.43367085892223417
0,0.6015083727912119
1,0.5275754169365777
0,0.52842711083674
1,0.4108165931680948
1,0.5316415776425427
0,0.4858121913473341
0,0.493213530532618
1,0.4342067970433099
1,0.4050922966204954
1,0.5940563796068741
0,0.5262774788726244
1,0.49054380507340234
0,0.4900145366456823
0,0.5078965625004698
0,0.5885496330890471
0,0.569098604031527
0,0.4169411828782578
0,0.5549462398123884
0,0.5647867087275874
1,0.524355330428701
1,0.5188614344999974
1,0.548888331794715
1,0.5872933361860947
0,0.42081905274782627
0,0.3948432984499347
0,0.6011287510187784
0,0.6336190569270281
1,0.45330036580793887
0,0.5083293526230279
1,0.6044883265923927
1,0.507597990311345
1,0.538389052209007
0,0.4839900220646799
0,0.3403107868950167
1,0.5084784461855646
0,0.5217577586197455
1,0.583992762616161
1,0.557126803847896
1,0.4980432237325542
0,0.4880686065690334
1,0.5071918717751875
0,0.41363436797937936
1,0.3992124817553987
1,0.5326475878058099
1,0.4342209015091967
0,0.5656539835907832
1,0.448892247123846
1,0.5601487611484661
1,0.49665789780096126
0,0.4868872968020133
0,0.46592294028046183
0,0.4706596178187413
1,0.4803429582791666
0,0.5128489009283912
0,0.4484600201753185
0,0.38341428046418485
1,0.5565156334899033
0,0.4109254936898394
1,0.550402453700388
1,0.5099353433919028
1,0.48998133480754114
1,0.48392298682987045
1,0.5124634510950402
0,0.5139359190848175
1,0.5552478150577859
0,0.45409343161022825
0,0.4759127894669488
1,0.5489469944209003
0,0.33736371381252195
0,0.4233051135195416
1,0.4551188743279904
1,0.43586648444321935
1,0.48196384165254397
0,0.4879496192068262
0,0.41633382217790865
1,0.5084802699141047
0,0.5321082062033119
0,0.48566894071316413
1,0.39946319970109045
0,0.48055090525311844
1,0.5629686017200678
0,0.5969026653379814
1,0.5615716418532323
0,0.5424650742894422
0,0.4783207779615922
0,0.6028463309777026
0,0.5211930145244071
1,0.5504665733630533
0,0.43269854135097224
1,0.4680460983302817
1,0.5044104739633618
0,0.5259942786869216
1,0.48688514166846103
1,0.3835787526770633
0,0.6470756194945234
1,0.6252909451955699
0,0.626482311475012
0,0.5617343375053605
0,0.5503847061744408
1,0.4207889876925841
0,0.37622150070712634
1,0.5008335214362158
0,0.4516329061577419
0,0.4491594060909644
1,0.5311289039001369
1,0.4118090251913772
1,0.5436178661407263
1,0.5377973058082018
0,0.49359958871438336
0,0.36717793322556647
0,0.4610182951404442
1,0.5807629937171777
0,0.40255543336923955
1,0.555700046683074
0,0.5620031304463924
1,0.5576387888916642
0,0.6023644832923744
1,0.5570175658360708
0,0.5096501809515007
0,0.43697749994049656
0,0.5306013268343118
1,0.4492432752234859
1,0.6079054172745835
0,0.45559514636559617
0,0.3674139333545593
1,0.53543655843104
1,0.44285784943782475
1,0.5123837874417583
0,0.5083441231892419
0,0.23973886566038324
0,0.4116786056209012
1,0.3392296160468171
0,0.49074253808109886
1,0.5554622306069585
1,0.47652622466199346
1,0.541030640573045
0,0.44291130894551234
1,0.5231396662295708
0,0.4543428765935741
1,0.5425111514360109
1,0.5542071590311196
0,0.6543451706107064
0,0.4880247255964661
0,0.4494294442591316
1,0.49399771843430124
1,0.5605860908074336
1,0.5824656499005681
0,0.5698986858388936
1,0.4882573641940787
0,0.43403568094980416
0,0.5784396618761313
0,0.44361511816957794
1,0.500794557213865
0,0.4715892098924875
1,0.5301434295213866
1,0.5240660320266456
0,0.5822021724396383
1,0.4731612731343406
0,0.6057511793639921
0,0.42074895998102263
1,0.5093936157370854
0,0.49619235366331166
1,0.4315333922404558
0,0.5613816474111902
0,0.5024450863154795
1,0.48273538463873794
1,0.586461673433779
0,0.6007981175693514
1,0.4227530028350988
1,0.4074329073587399
1,0.5826869117524215
0,0.5037640885650161
0,0.4511144168052808
1,0.6674849669110204
1,0.35420860382294644
1,0.5717996956621102
1,0.5699504671852346
1,0.5432224083759897
0,0.5793564803045445
0,0.3564882880551168
1,0.47091805609525605
0,0.5834618225635027
1,0.512991119655361
0,0.45065208774400056
0,0.5122492035468085
0,0.5755638326120119
0,0.5211088539565814
1,0.5087044872486443
0,0.4123253650229866
0,0.4892148808549564
1,0.564141846847747
1,0.5219267444171628
1,0.4512557341542216
1,0.5596023437176038
0,0.462402771333551
1,0.5509712716543101
0,0.5382310141660367
1,0.5103602299322647
0,0.4928120057101872
0,0.42733471897946185
0,0.5587896599579694
1,0.5976749324416705
0,0.3622630105660919
0,0.4927131967705178
1,0.6033988627715751
0,0.5171098188986779
0,0.5736220683107233
0,0.4224371149839628
1,0.4438022109344819
1,0.4550485368241165
0,0.46459210794483147
1,0.5689866611714509
1,0.4290139405844425
0,0.5455959119764792
1,0.46526201737461736
0,0.5728456522126398
0,0.4261830233600018
1,0.5676499740927939
1,0.4715250970366723
1,0.360560622832871
0,0.5345647604370916
1,0.5411005908444841
1,0.580649109365251
0,0.4886051867355734
0,0.4850516800818554
1,0.5705751458062408
0,0.532692509469975
1,0.6036007051275578
1,0.3955001302895423
0,0.38521016850519124
1,0.6078443013803302
0,0.37410042299209545
0,0.460122190458116
0,0.31492358505206114
0,0.5700787692694013
0,0.6161970743846529
0,0.3972113707100454
1,0.47214488533314874
1,0.5079273383418057
1,0.5776606888870065
0,0.42259242305130884
0,0.47157152329916097
0,0.42987175049566684
1,0.45835026374740967
1,0.46780829228065585
1,0.573671448544371
0,0.3693741555519177
0,0.44649286059144205
1,0.3489503011195487
1,0.4838781818900355
0,0.5535988689515227
1,0.5930184796118422
0,0.5220689578483343
0,0.3914410866744244
0,0.4170362139728843
1,0.4774360943995303
1,0.4682911904047471
0,0.3716709350617416
0,0.6090939224580507
1,0.46531331852586655
1,0.470364342011672
0,0.4633964571845014
0,0.5675431604184283
0,0.5257052087440675
1,0.48037573632745967
0,0.5164267619669739
0,0.3985804502698119
0,0.5040074027916357
0,0.5262998042202319
0,0.5905663923476296
1,0.5572334801659614
0,0.41197568133433143
1,0.4945232508173468
0,0.4615096727969017
0,0.5596135474404759
0,0.488036114117979
1,0.47123866708726453
1,0.49228925228727743
1,0.43855418262513907
1,0.5373800620287292
1,0.5651307483038096
0,0.4585448106704762
0,0.4180630645746844
1,0.5865656783670615
1,0.5149399599905217
1,0.3517325562007495
0,0.5416139163543656
1,0.4617199385582614
1,0.4241402861547315
1,0.5982624734016128
0,0.37560556884160645
0,0.5030839732621346
0,0.5004248975349133
1,0.49741177511411727
1,0.5227039687673515
1,0.45978570537695757
0,0.5819608072518951
0,0.6176423188789724
0,0.5431318952821418
1,0.5225890711583849
1,0.4921022988085788
1,0.5194948261390362
1,0.47102521994395175
0,0.45804316886209456
1,0.6088502175584091
0,0.5846042880809638
0,0.48979526803471624
0,0.5424859447649276
0,0.4558607677072614
0,0.5631907093980341
0,0.44036315604268866
0,0.42680993131057504
1,0.5672102574552412
1,0.5247945104546451
1,0.5230805802854358
1,0.571549462481159
0,0.5979412087900314
1,0.6489965992375244
0,0.4047839829031196
0,0.5546834788225364
0,0.4910324724466186
1,0.4312760063469543
0,0.5245998950248737
0,0.6602171807156659
0,0.5755073131524888
1,0.5707818613348669
0,0.47317636373214794
1,0.5516094212622322
0,0.4546582155993265
0,0.5427642836283458
1,0.3995230598461412
0,0.4226701327630065
1,0.4870981326759261
0,0.44402182949250624
1,0.49761987403852004
0,0.503894723061798
1,0.4975652819245032
0,0.4840800355358033
1,0.49490878127941895
1,0.5699884908344054
0,0.5134454633838925
1,0.37404730880761683
0,0.5190139826987207
0,0.49369733013734896
0,0.5480881967065314
1,0.43328198947822955
1,0.5641111182380788
0,0.5834614321605234
0,0.5584844719092072
0,0.4533262817464269
1,0.47898528635090293
0,0.6034155453488064
1,0.5827247510225563
0,0.39774272124262583
0,0.37126623828350325
1,0.5001558612540222
0,0.4623389121838648
0,0.46872540449854666
1,0.553233622542844
1,0.5422849785105095
1,0.5335221541070299
0,0.557107882160209
1,0.46528670817582374
0,0.41355906971492745
1,0.5133591433738737
1,0.5452026275303582
0,0.40589497488693044
1,0.5652388281703817
1,0.5094798033796177
1,0.5527864345672722
0,0.5611496911851747
1,0.549038830628757
1,0.5879574730574566
1,0.503647681702951
0,0.46208301715280575
0,0.5310862545760464
0,0.4438989471927536
0,0.48128194926211515
1,0.6055722416950482
1,0.41693468570809217
1,0.5286787148733728
0,0.5069830297671601
1,0.4103468012431749
1,0.5917714918011071
0,0.48441163973025825
1,0.529999127104825
0,0.5878599574864534
0,0.4880832483110897
0,0.3852109840574843
0,0.47847130489522105
1,0.5993267285797896
0,0.47626662953425425
1,0.48150852966276336
1,0.5542791776421564
1,0.7278031060126173
1,0.5632245560739022
0,0.4697585804927739
1,0.571635702438102
1,0.6122346019049976
1,0.5914677422742453
0,0.48373044805265686
0,0.6585376885670432
0,0.48734216540259295
0,0.414202460583199
1,0.48067463304475827
1,0.5106505357665333
0,0.5367183642120192
0,0.41281668845096403
1,0.5404803348982274
1,0.49099437812078506
0,0.5378461197472456
1,0.6353743604473052
0,0.48041724728125734
0,0.638869261906206
0,0.5281929329793768
0,0.43350309217890703
0,0.4587278709934964
1,0.5051597144290652
0,0.5494976651324378
1,0.4858710834353272
1,0.5207830331686634
1,0.4690910971391902
0,0.5710430371845621
1,0.443827565738472
1,0.5597935959899378
1,0.42299311876614215
0,0.37401739270390993
0,0.3359668631745551
0,0.49922589610768137
1,0.514223173457847
0,0.5396247410120683
1,0.474796528549065
1,0.5349557807469602
0,0.5525511832944863
0,0.45880977812518065
0,0.5930097179741173
1,0.5191385732849928
1,0.4105417393851568
0,0.5054871499986568
0,0.4341920817077998
0,0.5016775031041496
1,0.34157492933885475
1,0.4611673064758011
1,0.5339422286835196
1,0.600423467670415
0,0.4072676570512234
1,0.4613309137991447
0,0.47933596339473583
0,0.4065827610355513
0,0.48402345324184626
1,0.5841317757275207
0,0.3642553876248518
0,0.5652351099985988
0,0.5306640157290329
1,0.518363336451831
1,0.53066223317256
1,0.4288871820812985
0,0.33639542191628324
1,0.42969406851680336
0,0.46398281848970596
0,0.610074854187515
1,0.5620238705340087
1,0.4993889918735224
0,0.6397836734561818
0,0.5810918497292293
0,0.378856516699761
1,0.555574036425057
1,0.46134355764775953
1,0.5779295856741375
0,0.3937722952933034
0,0.5562691549941214
0,0.5053483178053148
1,0.5321928809842237
0,0.4914866771532143
0,0.5025461624952563
0,0.5576803402641756
1,0.5043505678243837
1,0.5627985882744427
0,0.48061546703945607
1,0.5826000666423301
0,0.5688153448899899
0,0.482008413891688
0,0.3859328955811326
0,0.5012053732613991
0,0.5720870926298236
1,0.5104946284574677
1,0.6002167348357151
1,0.3824081469104883
0,0.3708261381721057
1,0.4973242830185481
1,0.5233780019700996
0,0.51593960848916
0,0.5239315794294964
0,0.4128094680059129
0,0.5025294470372589
1,0.37679530013074686
0,0.4909713296038053
1,0.578280966246692
1,0.4666162911040822
1,0.4904948298437967
0,0.5442438342827303
1,0.5604583497883928
1,0.6106331593644819
0,0.5103306717131637
1,0.47177021241186834
0,0.4043158560063447
1,0.38453296508402607
0,0.38912790845170164
0,0.5510299788672345
0,0.48467607379375605
1,0.4394550799009605
0,0.42919715822904236
0,0.3448457735441767
1,0.6349620507574466
1,0.5064192334952964
1,0.513852379021345
1,0.551854214760506
1,0.48611358353422973
0,0.4393996388214727
1,0.5633846578054292
0,0.4656995048328756
0,0.5133487406135694
1,0.5759176599702193
1,0.55666400670659
1,0.4429229729848477
1,0.5995661212957726
0,0.5633143409227319
0,0.5424372571923497
1,0.4419055820704605
1,0.5667993056731611
1,0.3882600659078673
1,0.5530878351275403
0,0.46578314051951974
1,0.6291062752226649
1,0.4719100333267841
1,0.4391285263008858
1,0.4548603695513409
1,0.422351442088144
1,0.35126157701930305
0,0.421221415321076
0,0.526620529078433
1,0.505866042686864
1,0.5153242754505194
1,0.4472861560824065
1,0.4910116144448671
0,0.44218216691037904
0,0.441457104278092
1,0.569327976860712
0,0.4977182226271371
1,0.6200470164817594
0,0.6609013335213412
0,0.5903600775796639
0,0.430640202696426
1,0.42402684471834823
0,0.4764469156462126
1,0.501680371511235
0,0.4257622632867928
0,0.364383933486431
0,0.6477793428746167
1,0.6395396377745531
0,0.5665315948150503
0,0.3864797240819959
0,0.48992172590767036
1,0.40149745352278254
0,0.616124641168825
1,0.48973689981945845
1,0.5186576688160952
0,0.3982123671099306
0,0.4331672238494037
1,0.4954726449873886
1,0.4623848759725968
1,0.4988035539965823
0,0.4221696041471303
1,0.5882489169171758
1,0.5012299999477271
1,0.5046265784169512
0,0.5348867264225562
0,0.40378205309986887
0,0.3863427287925171
0,0.43904898478687093
0,0.42152570640520726
0,0.47049996759793905
1,0.4524133729468317
0,0.4988976299390258
1,0.5216755449468126
0,0.5075255247776991
1,0.5756069419088296
0,0.537001868897394
0,0.4979883415644461
1,0.5712903202563144
1,0.564656997845983
0,0.4812430684573267
1,0.5161811017478197
1,0.6347469712097131
0,0.5088536729812158
1,0.6258271200741796
0,0.5322842742639821
0,0.4282326710389112
0,0.4916699141518385
1,0.5157985464651189
0,0.48821797567912784
1,0.5697918334752915
0,0.6429987145604179
0,0.6087958574399182
0,0.5109015311975612
1,0.5084396587860203
0,0.502658413897683
0,0.45649853146746516
0,0.509964614627795
1,0.4720824356798351
0,0.5448357633857344
1,0.696447787383171
1,0.4763454173434381
1,0.561267244267576
0,0.5319521270980819
1,0.5261110694283949
1,0.5796691244168656
1,0.36713466497380887
0,0.6203521946621444
1,0.5543177059704313
1,0.6010165719168442
1,0.5998740547818621
1,0.641683974401729
0,0.5154766058510174
1,0.4405811443210481
1,0.49703443836364775
1,0.45418241662206077
1,0.6062082853635063
1,0.5439486462293562
0,0.40478421681887583
0,0.5246305412985777
0,0.35713003113009983
0,0.537483921718818
0,0.4376402685804215
1,0.5188345681731167
0,0.4670815795721957
0,0.4667062964866835
0,0.3323558834897922
1,0.41547953945666183
0,0.5425841167167567
1,0.4916638987459567
1,0.4962687364916506
0,0.5047020861724963
0,0.5756453627621543
1,0.49384585101893763
1,0.49404023245336315
1,0.4983635227876271
0,0.5967268586251491
0,0.42957529370889697
0,0.622760976164541
0,0.40669325677334267
1,0.5475382940484376
1,0.5486883661653429
0,0.39383599996003643
0,0.5354453229772805
0,0.5251240079591255
0,0.5676934529092417
1,0.6030489295314796
1,0.4814588079215282
0,0.47459475095866116
0,0.49971671353935354
1,0.5242322885873706
0,0.5100840695758491
1,0.6001315166857654
1,0.46772830127159365
0,0.5130605514484234
0,0.5094454393735597
0,0.4864875171002424
0,0.5687077130849622
0,0.4342819110545533
1,0.44854964866292946
1,0.5778662493040325
1,0.5111570152444688
1,0.5056556319890558
0,0.4856294002876367
0,0.5045667136521638
1,0.5286572791924117
0,0.5064584063196025
0,0.4689450645673348
0,0.567140801649141
0,0.5231982137192704
0,0.5475966203650493
0,0.5345269308638889
0,0.5121358537558379
0,0.5277773180537996
1,0.5845985343872968
1,0.5646958183497711
0,0.45203492049332256
0,0.5622408298305672
1,0.47315250849946205
1,0.47884537012030226
0,0.5037710664037076
1,0.4958253395388538
1,0.5851435262383053
0,0.4662807976237109
0,0.4367251612272545
1,0.5279830961990871
1,0.43398742921151756
0,0.5873338806694925
0,0.4502918130620138
0,0.5753661845354159
0,0.35113191982285513
0,0.43462092897266624
1,0.45849647457074943
0,0.47615437895107465
0,0.47930904836857097
1,0.561476340094138
1,0.5596576687082009
1,0.40323810616216416
1,0.5928895762489128
0,0.5091437436572922
0,0.5751463343642997
1,0.5619950198295971
0,0.4198755595480391
0,0.6146825421074115
1,0.5068144253480422
1,0.4867212456707806
1,0.5880055007064218
0,0.5189096985107614
0,0.5827764186962745
1,0.5098014175642981
0,0.5117073197743631
1,0.498117866566138
1,0.5484334043713778
1,0.4529012850479604
0,0.46666737253216917
0,0.48403699023833674
0,0.46824377519605237
1,0.5537436916204924
0,0.4842975600056852
0,0.45686090977327637
1,0.5006951435370455
0,0.5299268551675572
1,0.4256739124538111
0,0.5911455807432968
0,0.3845207188096978
1,0.48623744671095676
0,0.596263664425574
1,0.412271189198451
1,0.43696071105783096
0,0.4704744881269811
0,0.3522739861948268
0,0.5397231441338155
0,0.41409933606240545
1,0.5875931320968413
1,0.4785236010973452
0,0.35288871107348185
1,0.5171475321357634
0,0.634611372978255
0,0.4497697600071022
0,0.5430767978596089
0,0.47081507085613805
1,0.48062214811134474
0,0.37287692217707
1,0.4934667021220857
0,0.641653255688176
1,0.5822462873800652
1,0.481692965041495
1,0.5116534560012769
1,0.4874638199918263
0,0.414318670667989
1,0.44470042114256486
0,0.4999734576827975
0,0.39267307407873736
0,0.604926925143301
1,0.5515180689881248
0,0.5714740825265482
1,0.5937026339557722
1,0.42278321653876294
1,0.5266204545426564
0,0.5500643459877002
0,0.38962143165309254
0,0.4964004151065011
1,0.5388979868579544
0,0.5188430621740666
0,0.5697719331946709
0,0.4506014038261812
0,0.47881749096021053
1,0.49636639961521645
1,0.524220522344827
0,0.4442494377855053
0,0.5433021740890834
1,0.6588189025144162
1,0.47241131585638985
1,0.5509266331509617
0,0.5243392579744176
0,0.4851295575219018
1,0.5328523907962301
0,0.5575944148120536
1,0.4534174013737048
0,0.3914041965730917
1,0.5564862759068471
0,0.5385475036198402
0,0.6209278770939758
0,0.47689286675714443
0,0.4265785761069543
1,0.4402111796801807
1,0.3910507764921263
0,0.437778978567541
0,0.5745717066914802
0,0.5068749657801942
1,0.5114536234190549
1,0.4587349420676198
0,0.5502390003278913
1,0.5048936534829885
0,0.5705898297887503
0,0.5954229428651819
0,0.5724217144033146
0,0.506183020886236
0,0.3655316067848309
0,0.51733003711682
1,0.5845000541950414
0,0.46551058153751845
0,0.6058512780555878
1,0.5656793008219487
0,0.45921503388656626
1,0.48187454777813865
1,0.47681266194917116
1,0.5350799896874799
1,0.5002490636723141
0,0.52786446145849
0,0.49242682888539363
0,0.5316924604338545
0,0.5419520886981494
1,0.4940335840448683
0,0.3634024968147674
0,0.48880282661540525
1,0.5604362830609745
1,0.47134778017222695
1,0.3982537467663794
1,0.43875953365915793
1,0.4338740605780694
0,0.5699004112298655
1,0.49626090652012417
1,0.5044331039705993
1,0.42792972946516633
1,0.595246236557273
1,0.5608499611295136
0,0.4957502157702484
1,0.6418254380552496
0,0.4737443106266335
1,0.4784293388953942
0,0.5507085733660193
0,0.4237817253948098
0,0.4843998410282712
1,0.4771798876615654
1,0.5308875761084648
1,0.6199606886010738
1,0.5162004243224393
1,0.551654178730582
1,0.4716637075172608
0,0.4756145761859822
1,0.5595386982629235
0,0.43755474543269185
0,0.6208002326867877
0,0.6245787520649155
0,0.5493686377440145
0,0.5642951406723418
1,0.396242105448549
0,0.38479834355777903
0,0.43068723538933695
1,0.4268260498463165
1,0.5252731799029262
1,0.5174329447105285
0,0.3523321818026236
1,0.5999841093966242
1,0.6195091541413672
1,0.5882365606174628
0,0.47263965791525914
1,0.6070623083714201
0,0.4993085438476244
0,0.4923177692808306
1,0.5486618095279572
1,0.48204754700741853
1,0.5601585515752319
1,0.650783492727276
1,0.5408063309563443
0,0.4643073613339739
1,0.5805016223718127
0,0.46453529225945445
0,0.4347858584928071
0,0.48788783374540073
0,0.611240090503523
1,0.5217087264308036
0,0.4480789069093851
1,0.44234889919188797
0,0.44825881542630397
0,0.5120210838420947
1,0.5308722806856542
0,0.36639455673736754
0,0.5602892454380999
0,0.44805171453718395
1,0.5089724695481953
1,0.429313204279769
1,0.46273063875335346
1,0.49965032720006464
0,0.6079054172745838
0,0.5070271840460876
1,0.4201241299401556
1,0.3928085141956667
0,0.39008282286873314
1,0.49701522632438305
1,0.5912847829813668
0,0.5694967477291533
0,0.4923567686639002
0,0.5242411515621349
1,0.6265016960844916
0,0.3391310077507916
0,0.47765641243887225
1,0.6362368323979559
1,0.4845645052947375
1,0.52252374190439
1,0.5457796132274463
0,0.6931831594930216
1,0.4460549132401629
0,0.47546153916087086
1,0.5472831002829701
0,0.34424503022074565
0,0.4978976061849881
0,0.4854453195913595
0,0.40813652700683833
1,0.5179835184047131
1,0.52808273551954
1,0.591890375121684
0,0.49341547056625773
1,0.5438741415671768
1,0.5433522172203797
0,0.6398769933570435
1,0.45999655623672686
0,0.49765483855996046
1,0.5742745811275225
1,0.4656482906553255
1,0.45829382296678
1,0.6031986381397438
0,0.33982761384932
0,0.4441783068477629
0,0.4203408278248714
0,0.5152292290018328
0,0.42619996641715624
0,0.33964402343079914
0,0.4664166525397874
0,0.43877492305023413
0,0.5719210837363269
0,0.4777319649636145
0,0.5132327959947269
0,0.5354783706946883
0,0.43769234027753373
1,0.44800354279538634
1,0.4951533259232922
1,0.5767810603843162
1,0.47103168425965963
1,0.5264335491341277
0,0.6166575668774327
0,0.6112814209124104
0,0.4535572626171533
1,0.4109984513847138
0,0.4896131635855335
1,0.43332285078074684
1,0.41536212707285125
1,0.520469712873774
1,0.5744245728390995
1,0.49357896356330405
0,0.511149309421461
1,0.5249366229669509
0,0.5432919068340578
1,0.5193582790517398
1,0.5751675470882817
1,0.46200259906062413
1,0.493848406988619
1,0.5430263331568013
0,0.5567745338014274
1,0.5066841161753671
0,0.4892375256258219
0,0.4528908003867925
0,0.5070695708831136
1,0.5371616005887163
1,0.47808167588364847
1,0.5025062738124499
1,0.5683819605537263
1,0.4463870537826329
1,0.44578129146507234
1,0.4266014352248275
0,0.45479163680096774
1,0.450579008593102
1,0.5745522792883117
0,0.5145686529343317
1,0.466490929747957
0,0.48339978434611053
0,0.4529640643709564
1,0.39587652401813517
0,0.5053959842144833
1,0.58006862254137
0,0.497355290222796
1,0.5435504736550847
1,0.6496195328763664
1,0.5278861584484971
1,0.40651389351248374
1,0.5615021737180405
0,0.4100003798846133
1,0.5492462558758284
1,0.44126859982188416
1,0.5157394813202326
1,0.5143877942906109
1,0.5701300141258607
1,0.4169221096287281
1,0.48621887307211664
1,0.41053317756781893
1,0.5190820705908621
1,0.5803394381762447
1,0.6095072981520939
1,0.5051723178642129
1,0.5621512766311383
0,0.48864575497311263
0,0.38975454840055346
0,0.6127608431859008
1,0.5679356363556338
0,0.5409174971881997
0,0.4513068461345461
0,0.3977064589209291
1,0.40520219120981005
1,0.5273467944759033
0,0.4430123095125969
1,0.4377324122008578
1,0.5250236250211614
0,0.49244479658948465
0,0.420243043683038
1,0.4012071568731018
1,0.5132985276062862
0,0.5686484391509272
1,0.5779987534938381
1,0.5375682022214695
0,0.4552822676467611
1,0.5702700603312996
0,0.5505271868999543
0,0.4974007098055543
1,0.6138310202892557
0,0.5176388803332278
1,0.5055553639709683
1,0.6315577066412792
1,0.5786624749086829
1,0.42381501105577124
1,0.4888632583169779
1,0.6392887255988483
0,0.5616244697648168
0,0.5553698946874496
1,0.3895064680368633
0,0.41536186145108245
0,0.39271863501557686
0,0.5126341149505711
1,0.516316508238808
1,0.5235370476105099
1,0.5729992829852206
1,0.4393062507474934
0,0.5253798114375946
1,0.38727985756043726
1,0.5359004246271826
1,0.5371921512253781
0,0.5579539454418104
0,0.47312087965682353
0,0.49653910292039444
0,0.5869839192435903
0,0.5154377663779821
0,0.5861735147418644
1,0.3520485249683279
0,0.5063399057205291
1,0.5071003638328705
0,0.4330168645362708
1,0.538502226146081
0,0.5784036950322702
1,0.6320673808231676
1,0.5673592799979935
1,0.4827428432120959
1,0.5357667786173079
0,0.4905859868346454
1,0.5949806372105404
1,0.6543763026044073
0,0.4979240289308367
1,0.5831485402952701
1,0.5157900517378772
0,0.36491019798728547
1,0.5491217863975729
1,0.4187104453853305
1,0.5249274141212759
1,0.5327345063592416
1,0.626623775092102
1,0.6253077342292884
1,0.4257802235821527
0,0.4749913530345348
1,0.508739266057994
0,0.47171384077835293
1,0.6306970724258251
1,0.5321535076500395
1,0.5816378398270976
0,0.49886721992849176
1,0.5506163993189778
1,0.5573221218945856
0,0.3964133581395133
0,0.46288236433647106
1,0.44293679506018613
1,0.5751944063992959
0,0.557792522790541
1,0.5170099375734094
1,0.5321573803435372
0,0.5494955053706454
1,0.4644038016957722
0,0.5191767451273822
0,0.41935076192202175
1,0.5013742300057075
1,0.6133263370213693
1,0.5558579002362103
1,0.39526401510639614
0,0.5214344876754023
1,0.549542337833148
1,0.4110299903919051
0,0.6307460007514675
0,0.4909590801930378
1,0.4904864078811999
1,0.47362246492216453
0,0.6070657151641516
0,0.587863854615324
0,0.5042440163860912
0,0.4315064101463939
1,0.5585591988939043
0,0.5252713301756904
1,0.5326967089468111
0,0.5310533804236983
1,0.508061873270397
1,0.5495948117163549
0,0.45123424034072396
1,0.564482748793095
1,0.6012362308614043
0,0.5060398968384825
1,0.4996286732049411
0,0.5226584247508567
1,0.4187361328430274
0,0.5727829502214996
1,0.5853465717170125
0,0.4116250326321369
1,0.4712726324940329
1,0.4581046959473772
1,0.5685119472387262
1,0.4741561401752199
1,0.419632468306828
1,0.4615718981916058
1,0.4347562233855068
0,0.4623421890550573
0,0.5627413996966568
0,0.5966931127259739
0,0.49853532784577775
1,0.5146526697077158
0,0.5452982047600403
1,0.4798883478223222
0,0.48111534629725017
0,0.44847002813121867
1,0.5656928059281817
0,0.5127796164866419
1,0.42986158417441017
0,0.4186872171123405
0,0.6243419934347416
1,0.5780427494814675
1,0.46852723222080717
1,0.3292797798294632
0,0.5437636918623229
0,0.45014606955768516
0,0.42783345753008456
1,0.4891838229609559
1,0.619866823641724
1,0.5507497639908352
0,0.6248284301103776
0,0.5140076743889921
1,0.5629484325951702
0,0.37939120429186524
0,0.43278820013246705
1,0.5627337019840332
1,0.5550920213986203
1,0.52488391114067
1,0.5775828119101154
0,0.46032077920829223
0,0.5568239464529072
1,0.5496640654622664
0,0.626011027446781
0,0.527343837030516
0,0.48192596078708944
1,0.4568761286387979
0,0.4213753790742479
1,0.47684125435408414
0,0.4922876911597838
0,0.5849456973403784
1,0.6226805572904284
0,0.5446802176846666
0,0.5137947774781575
0,0.48264523878685706
0,0.47467900401366797
1,0.44277757517936184
0,0.49406064098286184
1,0.539971668765266
0,0.5831755598798221
1,0.4546709606376123
0,0.559115383016859
0,0.4503317586412468
0,0.4509655740725759
1,0.517750547955813
0,0.3555955990668753
0,0.5968922106869128
1,0.5987610407673829
0,0.44856066963673036
0,0.37377108356982824
0,0.5856062728096457
0,0.3926194093751802
0,0.6057546476292528
1,0.5170728214047398
0,0.3072303473800801
1,0.5586301471154294
1,0.44082424657553604
1,0.5860490467348919
1,0.49008442765692967
1,0.4274082028876447
0,0.42979830612896297
1,0.5991532606471349
0,0.48786621210397785
1,0.4363261906410681
1,0.5293100782376999
1,0.5926121586083759
1,0.573987213325176
1,0.5850628124062741
1,0.5321322372014442
0,0.5988521786152927
1,0.5703733528514474
0,0.49582544621370206
1,0.46988169345671177
1,0.5152311660673579
1,0.5409879295119229
1,0.6191744844252387
1,0.5356533512228099
1,0.5327166663853904
1,0.4551029993786797
0,0.35338545732143334
1,0.6085145793738224
0,0.5929678375823079
0,0.528440902046606
1,0.5405344227530715
1,0.44548629458061234
0,0.5291256583926032
1,0.612670801193634
0,0.5430625202100535
1,0.6185484539812237
0,0.47345833329179837
0,0.4631274186614103
1,0.5819461509304792
0,0.46365565529937053
1,0.36213967679333275
0,0.5093480694617138
1,0.45372145556625154
1,0.5287556941121074
0,0.5042229097215201
1,0.5741824613830776
1,0.6014327601933999
1,0.4441090257548675
0,0.5366173107794662
1,0.5801111227483443
1,0.5929444332583386
1,0.4996286732049411
1,0.47712330211110615
1,0.4843208997882334
0,0.3570334334568543
0,0.575518368980786
1,0.5125921867616355
1,0.5180681169766718
1,0.4181883241707577
1,0.5170714540570643
1,0.5185749440184031
0,0.5265477967564801
1,0.5196679790962663
1,0.44218084904505267
1,0.504674864324691
0,0.6030164431271738
1,0.6712148887192366
1,0.57916902953987
1,0.4591858653264473
1,0.6149879631911375
1,0.4838712726144492
1,0.5990289436207981
0,0.4468207286038335
1,0.5583031400801577
0,0.5020421694808266
0,0.4666835096940992
0,0.35231992775436066
1,0.40907224145693366
0,0.5250338987943419
0,0.5640652475548512
0,0.43084364230663647
1,0.5138003214161637
1,0.5750958606296677
1,0.5345466566412337
1,0.5338194643509754
0,0.5029646771826484
1,0.47412739292500106
1,0.5019361092890696
0,0.45258660532866213
1,0.4472584107984175
1,0.544887416665964
0,0.5382322740222866
1,0.3762099665991847
1,0.5072480026196343
1,0.4790011227715188
0,0.4740015545650199
0,0.49619688350964636
0,0.6714317519736124
1,0.5647420610758842
0,0.4550626645513681
0,0.47603727471132146
0,0.3800212746037048
0,0.5928895762489128
0,0.48018648422891197
1,0.5256598085474913
0,0.3865306073413505
1,0.48769089307951835
1,0.4930664788395048
0,0.6253304607927206
1,0.4669329192214153
0,0.42169363680632777
1,0.5195418486302191
0,0.4492826575824901
1,0.42368258342576365
0,0.5283066380920262
0,0.4518998384488011
1,0.54477254977562
1,0.5075849066495638
0,0.4787736740506562
1,0.5159759526435236
1,0.43439919179984665
1,0.576750831398995
0,0.5199167243048286
1,0.47810786431015345
0,0.39349338934119416
1,0.4931705243148497
1,0.5474757220087092
0,0.4768236413682214
0,0.5757149183906496
1,0.5229048854775155
1,0.535464560855361
0,0.4397259193584717
1,0.517974630660619
0,0.4352317758153501
1,0.5063014072713525
0,0.4898304450899605
1,0.5706688856136549
1,0.5334448510864934
0,0.4891323828277693
1,0.49592749397797803
1,0.6225376341515224
0,0.3980217475634061
0,0.5162144117194116
0,0.42531347156677834
0,0.42467216166664096
0,0.596293253427599
0,0.4098143400285419
0,0.5927339644006436
1,0.4711269999708131
0,0.5026349017299644
0,0.42988363382757155
0,0.5259359053695105
0,0.4691800085488276
0,0.48689243133321525
1,0.48324360368593644
1,0.47155624390493045
0,0.5181134309825437
0,0.529033876795706
0,0.4337325236664275
1,0.5112971931076454
1,0.5908075149887441
1,0.5695986942049358
1,0.5336105376972492
1,0.43446079197197834
0,0.5082382519329841
1,0.3367891889890235
1,0.5183167857131976
0,0.612015264303524
1,0.5497387820786563
1,0.5898397773893719
0,0.4833239136836812
0,0.5272011276221309
1,0.5434418355774273
1,0.529283962500941
1,0.4849885525941811
0,0.46266494032087235
0,0.5212668885298313
0,0.5946747282760448
1,0.41055679461175787
0,0.3210292807028876
0,0.486887700351957
0,0.5806827050410646
1,0.5285307915727852
0,0.5657937403544125
1,0.6221385998025922
0,0.556910325435859
0,0.4852807070975588
1,0.5852113555383879
0,0.489246920779878
1,0.5371935423759309
1,0.5155675460861128
1,0.45752024903437505
0,0.5147436620349514
1,0.4733433303106589
1,0.48851559225463415
1,0.5206147462725927
1,0.48206137737738536
1,0.48341670149614147
0,0.6085503253045323
0,0.5552434586822113
1,0.5847021295000787
0,0.4391897540585769
1,0.5059768854455701
0,0.42649082713415815
0,0.49718038360261535
0,0.5160978591192453
0,0.48125220662811174
0,0.44969338060414676
0,0.5398293455711295
0,0.5077905099969992
1,0.5240264832092734
1,0.5326272741898166
0,0.5137714928644813
1,0.525847515989151
1,0.4746650687613066
0,0.39621247618449323
0,0.4920681817018735
1,0.535303231573805
1,0.5986633928244013
1,0.5459233729553559
0,0.5436120691774528
0,0.4536605076302098
1,0.49267527244966847
1,0.49707603103558434
1,0.4823075752009301
0,0.33498757953105046
1,0.5231459846267963
0,0.5234267520768775
1,0.4990824768274682
1,0.46227840998276004
0,0.4938718022434541
0,0.4442223704198679
0,0.42673366075987823
1,0.42581031263311925
1,0.4941429534452584
1,0.4440839050917183
0,0.41835675167606845
1,0.5141662529461871
0,0.49120160356889025
0,0.6058687922507632
0,0.5384613425092517
1,0.535150206127188
0,0.4657942551081115
0,0.4699276242641079
0,0.5903365716800874
1,0.4974751031216338
0,0.44288783951928695
1,0.5170256697854805
0,0.48981169156438936
0,0.6102408590164632
1,0.5133488923610591
1,0.5636926325716188
1,0.5599453576707963
0,0.5067464800377567
1,0.542497085844515
0,0.5278244462781874
1,0.4785956591359581
0,0.539146786822381
0,0.5078692196822764
1,0.49214228877125027
0,0.564787307356434
1,0.4247239433695084
0,0.5221274898838665
1,0.5177993314630953
1,0.38182733789818046
1,0.4794353150505688
1,0.568906344298688
1,0.5430480985401824
1,0.5558994266074695
0,0.5015228076018939
0,0.4923783982028791
0,0.48638031598563264
1,0.49068826082253514
1,0.6365732038896357
1,0.5432020285770488
0,0.581792391818968
0,0.36385484812091173
1,0.5419206830167569
0,0.5117388292253134
0,0.593657097664672
1,0.4786366611480754
0,0.45231969078364515
0,0.46698384070244003
0,0.36787235565278165
1,0.5773098945543621
0,0.5436182811502555
1,0.44467860806395987
1,0.6318092579609741
0,0.6028268208160598
1,0.5013266129204567
1,0.486139055112062
1,0.3997362006528418
1,0.545906893221932
0,0.473389580353199
1,0.5621208600315922
0,0.5051954200654339
0,0.5084214784896379
1,0.5136263381931622
1,0.4257487440720587
1,0.4698939471962305
0,0.5398880114373286
1,0.4944375953766401
1,0.6039580813613691
1,0.5291056861400106
1,0.45209599887331364
0,0.47735074359162477
0,0.46214173834932154
1,0.4807338446392372
0,0.5685302806930915
0,0.4696277135505133
0,0.5539947134248769
0,0.43133384297922406
1,0.4345499353667863
0,0.42090242434923
0,0.44816072787828953
1,0.6442602313969436
1,0.44340242104449656
0,0.3879766765067056
0,0.48494671855878746
0,0.6486170109557633
1,0.39491156396081734
0,0.45342242260622506
1,0.5602091393163511
1,0.5744094908139616
0,0.5822055437630285
0,0.3257853897769432
0,0.5157184199737731
1,0.5021597703765192
0,0.49541241045036916
0,0.5111121943224122
1,0.5292427667847697
0,0.5512419066782146
0,0.45782978216048725
1,0.5000549624841295
0,0.3958468388966894
1,0.5771238683126041
0,0.4073907765106436
1,0.4793895617245975
0,0.5020864429792
0,0.46885517148904554
0,0.6021637106414434
1,0.4747516385728514
1,0.5363338811719949
0,0.5935184074152681
0,0.5762571653713124
1,0.4697423030494452
0,0.5897860317147697
1,0.5723964939905424
1,0.49126185594870025
1,0.5445299305945329
0,0.4310483100750835
0,0.513244055014918
0,0.3629290905281596
1,0.4811390892064905
0,0.6440776982782462
1,0.5875640351509437
0,0.5991668245246922
1,0.5125876035811766
1,0.505479157425348
1,0.41819063109112703
1,0.5913932270648172
1,0.5083675693864222
1,0.5384816124923499
0,0.5696345870905678
1,0.40936792456927623
1,0.46640543564980325
0,0.5923649235857266
0,0.5639015293284995
1,0.45428622756609255
1,0.5380302845569743
0,0.5214436289344345
1,0.481636132320832
1,0.4268329835626958
1,0.49243759953797583
0,0.5516693377779376
1,0.5779062375739854
0,0.4591286137228922
1,0.5336517288993368
0,0.5956763402014084
0,0.4259653716839113
1,0.4723956792068402
0,0.5679500657102107
1,0.5444095489730183
0,0.4199643320454312
0,0.4982519802249551
1,0.4785027543634786
0,0.4185503981382172
0,0.5164229022108053
0,0.4103481434186723
0,0.5690663464081644
1,0.48852495258870654
0,0.5664660454729835
1,0.5571225749629315
1,0.6092165394395082
1,0.510964911944248
0,0.4867752467897201
1,0.5548816596452867
0,0.5758683353779338
0,0.5151744802092678
1,0.43412256097301066
1,0.37181273528317854
0,0.43272034102061646
1,0.5109087776697032
0,0.5236244895380965
1,0.5537456194211372
1,0.487554517577913
0,0.5208054116329489
1,0.5955658600101233
1,0.5020583570600871
1,0.570146391925953
0,0.47224802303215774
1,0.4434063115178715
0,0.47388624601539764
1,0.548002308476451
0,0.4097924208665677
1,0.5997086500821655
0,0.6245719811426321
0,0.4994259437098396
0,0.511084628979858
0,0.538751017260429
1,0.5955737930870871
0,0.5543738655224782
1,0.5997139780287302
1,0.5494902540802595
0,0.4649988640512898
0,0.4153198857213746
0,0.3573864400819434
1,0.4098681760550959
0,0.5053735854715155
1,0.5418820878206677
1,0.525231489015658
1,0.44657268937664796
0,0.370515085873254
1,0.45397050409875117
0,0.5471249071528659
1,0.4832544608555158
0,0.41720209220779586
0,0.48848324946926996
0,0.47755870508790443
0,0.41921226718065807
1,0.3730600912894421
0,0.47176021929377976
0,0.4592171872229456
0,0.6001440382254369
1,0.5426740008993779
0,0.44497395918116994
1,0.6138164194536663
0,0.4411616285061727
0,0.5123369275711782
0,0.6072092856523845
1,0.5172312480944887
0,0.5813817718112914
0,0.6324183300651087
0,0.4730712274035117
1,0.4939480576742565
0,0.5377181803606983
0,0.5225875811964914
1,0.38296151901430514
1,0.35606466906228845
1,0.6305409856285393
0,0.5171528291585414
1,0.5553494644945403
0,0.41285844152802426
1,0.37230328356753
0,0.5200571760370923
1,0.546976976478718
0,0.5524818073187822
1,0.4772230660517359
0,0.48349906129248804
0,0.5046038741718172
1,0.45265224933010123
1,0.4173525118587301
1,0.4912734397303856
0,0.4573641066857236
1,0.3881401946033472
1,0.5382366334345088
0,0.5261936768035466
0,0.46014701875646974
0,0.4583727892422592
0,0.4052201033743563
1,0.49442684424698746
0,0.5242734563335268
1,0.5460010822506847
1,0.5472693256106775
0,0.5388649409107765
1,0.5303115399462558
0,0.5042648486745884
0,0.40554780703325954
1,0.37239048294224
1,0.5574015483742824
0,0.47713159009350364
0,0.5616715018197728
0,0.5600989052379255
0,0.4575985176159984
0,0.4967329083308979
1,0.5261295532057938
0,0.5830703414546694
1,0.47482776710210295
1,0.5006253109319541
1,0.46448523307504386
0,0.35401111160158505
1,0.5903596833274901
1,0.45343171886579314
0,0.46963140556886135
1,0.47871039930888704
0,0.45086130800887764
0,0.4545007422474875
1,0.42068923789496393
0,0.558237908768762
0,0.5234631639253617
1,0.4812212030754999
0,0.49128600859228433
0,0.539784576176858
1,0.4525892244748583
0,0.4723462073425507
1,0.5648758709049992
0,0.48074783581213676
1,0.5018106401835544
1,0.47460617654367626
0,0.4530458707108858
0,0.504729920059473
0,0.5864226497542372
1,0.5315135728522336
0,0.42675688545228097
1,0.5423505428557058
0,0.5660401007779396
0,0.5559158284338895
1,0.559618428268184
1,0.5274740528308056
0,0.5448275335953969
1,0.469433914681054
1,0.45626988087887094
0,0.4783887032036651
0,0.5591592164911448
1,0.534704456669083
0,0.5647010137833441
1,0.3260748506666215
0,0.38081946419127044
1,0.48712471927309303
1,0.5444943361191955
0,0.4688905466799355
1,0.6527884749956314
0,0.490156541972835
1,0.48365406652667897
1,0.4330189061581927
1,0.4592184455016439
1,0.5114092285806551
1,0.5329937552394933
1,0.5544034207926039
1,0.5449442519280961
1,0.4267535412282778
1,0.5721766450443322
0,0.4937099712861865
1,0.41428803014831456
1,0.602097054070443
1,0.49878954437275036
0,0.5029058498869483
0,0.4692859374293696
1,0.565196440520442
0,0.49828390464244576
1,0.5034484009638965
1,0.4793504762260236
0,0.38473286950023516
1,0.5358753384674178
0,0.5202508815271522
1,0.45413917870021003
1,0.5222331619593241
0,0.4525937331942047
0,0.35950185466854157
1,0.5261055804254591
1,0.45466448103467216
1,0.563694408434553
1,0.5769893709702284
1,0.4735002034959559
0,0.5604424226104459
0,0.4890958932405893
1,0.4968664194270408
0,0.5241622328986246
1,0.5370967461956108
0,0.378543700784707
0,0.4299226404264683
1,0.6699140255766561
0,0.6427552798417137
0,0.5703904192790736
0,0.3677122665812778
0,0.6079063436545326
0,0.457740036493194
1,0.48938424270123826
1,0.415739169344834
1,0.3813550278358326
1,0.4287078219544694
0,0.4155692051363601
1,0.537541982894392
0,0.4319996418123643
0,0.5278996519653253
1,0.4814999420516196
1,0.5155981625433403
0,0.47296533463728374
0,0.46864545674584246
1,0.45230286941246206
0,0.39126353482729836
0,0.5680464759930602
1,0.4899385996004538
1,0.5471018659423178
1,0.4941274214142251
0,0.555740490325647
0,0.5119251491128277
1,0.5741245566665635
1,0.49433227678949804
0,0.5862973582554448
0,0.5295851638568568
1,0.6137394477744565
1,0.5849057107725487
1,0.46399043914989974
1,0.588544726991373
0,0.3947107229952286
0,0.45437966166819077
0,0.4983029712569827
1,0.5115646032652899
1,0.5226192236850872
1,0.5251534153720129
0,0.592934100843556
0,0.4776644373052688
1,0.4888046420724706
1,0.5320282046103277
0,0.441827846182983
0,0.4274265605919907
0,0.47308499886396194
1,0.5876099741320276
1,0.4843669318681663
0,0.5350448979341325
0,0.47587681750126687
1,0.43775571297678484
1,0.50965109708126
1,0.5918804295794101
0,0.43744567780457294
1,0.4505204905125491
1,0.4264520793578703
1,0.47416350614254926
0,0.42171521860589783
0,0.5873767242918707
0,0.3707694976185563
0,0.47026706899944093
0,0.5487211932332939
0,0.5498036480358656
0,0.42108693684302795
0,0.5958010670582974
1,0.45775201675337773
1,0.5139097304252682
0,0.549831228923921
1,0.5137263875119216
1,0.5700047706342328
0,0.5951105938825891
0,0.3186668564970741
1,0.4626125188029446
0,0.48599770097178285
1,0.5343811622191919
0,0.47912871517749084
1,0.5601111958837188
0,0.5093419666341575
1,0.431522385187139
1,0.5442975005527102
0,0.4270241571363616
0,0.5369594864851415
0,0.4958048887683557
1,0.6657292602108215
0,0.5750616573499128
1,0.5657225775781909
0,0.5301344452030005
1,0.612353873558543
1,0.5114815687762122
1,0.5969351783574909
1,0.34683907907278666
1,0.4708234174355336
1,0.5134825327858228
0,0.4402338973349382
1,0.5211781486165545
0,0.4865723104880982
1,0.5325005734639242
0,0.5614575926238928
0,0.5860400057713036
0,0.5101242139540678
0,0.44524391684202275
0,0.5536457065342577
1,0.5337279171092068
1,0.547734478087604
1,0.6114601312872284
1,0.5863556530124164
1,0.41511456046215034
1,0.5106852283266875
0,0.4957209504023296
1,0.4143940077163288
1,0.5886378002390548
0,0.47744486549869597
0,0.40922428714318576
0,0.3927358509800762
0,0.480344153228033
1,0.49865697727283237
1,0.5548516909665397
0,0.34629175066280926
0,0.4338729256249706
1,0.5914078682064172
0,0.374097792008943
1,0.532030090578057
0,0.4581647737942197
0,0.5796522095416138
1,0.44838928826241753
0,0.4282383569266379
0,0.46105388048875057
0,0.4549297024695184
1,0.563420179074984
0,0.4045290207252146
0,0.45469135227425767
1,0.49912319795991056
1,0.5589096033837496
0,0.5455903068936443
1,0.5161683446509382
0,0.4817278301858317
0,0.37315454345022414
1,0.4187193337048497
1,0.48212342176784784
0,0.48736613832741527
0,0.5910175334982274
1,0.5828405783891909
1,0.5425450919281212
0,0.38131380283847965
1,0.5881894871072265
1,0.46704536199933855
0,0.5140678319050956
1,0.3523674762206413
0,0.5007883668060054
1,0.538338291541635
0,0.5155770116702093
1,0.46844863027105565
1,0.5713270365698127
1,0.5133633866660825
1,0.6228203141180428
1,0.5915232078634872
0,0.47500119774177696
0,0.5836609083466737
0,0.40357148826625855
0,0.42797735942086346
0,0.5970468008772097
1,0.5875637742103532
0,0.5353925873047012
1,0.39033826942147015
0,0.45662685546130827
1,0.44207919554571584
0,0.5488129190567043
0,0.5277227218363298
1,0.5242428636434896
1,0.4956092648484642
1,0.36156069448649186
1,0.38513109932785783
0,0.3662057773384437
1,0.4874562428494153
1,0.5907618283881615
1,0.3650310649211655
0,0.4326197397808711
0,0.47695627224534815
1,0.44223409269281533
0,0.5048474243580079
0,0.46960199317808404
1,0.5416546598338627
0,0.640499152794135
1,0.49271152910223276
0,0.43616214739862025
1,0.41069367264108275
1,0.3096283540601425
0,0.495397833463026
1,0.6078145030808673
1,0.4666870891641652
1,0.4523556061606213
1,0.5127056829903056
0,0.519480791685178
0,0.5659432068929477
0,0.5583405570415302
1,0.5752724419207175
0,0.5345377765675329
1,0.5716249069719053
0,0.4400466112357452
1,0.4638432579292934
0,0.45235514743972594
0,0.4660438126871575
0,0.42401849113129164
0,0.43879814529330197
1,0.5095152445106911
0,0.553325811850147
0,0.472335091582003
0,0.5357464782533742
0,0.49580971229094584
1,0.46442035233939366
0,0.4446466675663276
0,0.5693754535363982
1,0.5711446434762298
0,0.517856295172628
0,0.575872092589428
1,0.48550947917335807
0,0.4611457344983853
1,0.5965615273145434
0,0.6078616351718653
1,0.4160574932971457
0,0.5197113900840941
1,0.5149431614457306
0,0.6217562551239927
0,0.5643517708069024
0,0.5166967122234055
1,0.4050359519872971
1,0.4977362010886454
0,0.5142687725430861
0,0.5322694147072904
1,0.5468141323225076
1,0.46689135669856646
0,0.4084325104444152
0,0.389447594697947
1,0.5178944806935123
0,0.4638729960245227
1,0.42619812783007244
1,0.5357514788268475
1,0.37212828442243717
0,0.51868107764449
1,0.5276221228464996
1,0.58229836764995
0,0.5436433279329962
0,0.48576382524301404
1,0.4286013622091424
1,0.6625870543931822
1,0.4303385656137165
0,0.5241200965779133
0,0.5703201675941626
0,0.3909623846634721
1,0.5688271451769845
1,0.5683777466760557
1,0.43987928562178674
0,0.515087933503225
0,0.37794151875067084
1,0.5505963776340057
1,0.4131058003846233
1,0.5469854449372096
0,0.5812957104488206
1,0.5863417786185836
0,0.5939827008426541
0,0.5679936203822232
0,0.5466484365536273
0,0.5007424100829891
1,0.556525429425739
0,0.5409982498576215
0,0.37675794327099377
1,0.5396664963190674
0,0.4651134168306153
0,0.4725052176513328
1,0.5040912975779803
1,0.49912752193140614
0,0.5816272996942784
1,0.5982949193307108
0,0.5436291101870829
0,0.4481165749265572
1,0.41648223520673705
0,0.45047319905203875
0,0.5119137739915133
0,0.4211102519372581
0,0.5548018214653606
0,0.48474399748796343
1,0.5453643812831185
0,0.38576390278555217
1,0.5297872420054262
0,0.49848024367690685
1,0.45954701411124466
1,0.5863030306996712
1,0.549558263571393
1,0.42126935825085726
0,0.4926122864801817
0,0.5148756179016101
0,0.4588044251105326
0,0.4941679268835488
1,0.581114004350066
0,0.5679440231813817
1,0.5793270615049236
0,0.4158765689670903
0,0.5676155064312179
0,0.49622465339822197
0,0.4312366347400401
0,0.4671685201452815
1,0.4683256570063978
0,0.3923230727062199
0,0.6322010861473647
1,0.4391536963085328
1,0.5604643790170349
0,0.5614406357786292
0,0.3984325952502679
0,0.41235147142886563
0,0.39630291220671854
0,0.42926682764688856
0,0.5693563422997887
1,0.5328870206038664
0,0.423145933509504
0,0.3109795716045504
0,0.4638481250370452
1,0.5174395814138849
1,0.5176376461996014
0,0.5392078861445735
0,0.5461097185382173
0,0.4084979373656607
1,0.4167757130882502
1,0.4237789349439772
0,0.6223754473015797
1,0.40572782253912154
0,0.4180041425014374
1,0.4907082002095688
1,0.4642338616122354
1,0.44311718267825895
1,0.5238625198624051
0,0.49914651177833597
0,0.5041109915836979
0,0.567839146463465
1,0.5574853170965447
0,0.5771671293171845
1,0.520690323002376
1,0.4971838251651313
1,0.5206744960639609
0,0.5733500148454087
1,0.6372589457532375
1,0.537392193709678
1,0.5549930536814525
1,0.5088759025517293
0,0.5113523492900379
1,0.5166139026876593
0,0.5211345041292699
0,0.38921353447310525
0,0.6116281687678765
1,0.4787883558898182
0,0.4185901841682807
1,0.5993782832537147
1,0.5081900816473451
1,0.4942354659668019
1,0.45284819437037166
0,0.4863286929735377
0,0.5703295967778061
1,0.536763825583439
1,0.4178279347386478
0,0.4265307942989286
0,0.45791495186402514
1,0.5455110640057599
0,0.5292167596171667
0,0.40430520692458377
0,0.4320409393676912
1,0.5158747980688665
1,0.48673199764348546
0,0.4909234041183156
0,0.30178720025376926
0,0.47710174410255135
0,0.4430676724395007
0,0.42090261772761056
0,0.5976911560127273
1,0.5870899718117434
0,0.5559884910047478
1,0.6177133142505008
1,0.5966357113547347
1,0.5563914801827249
0,0.3987828880280531
1,0.5560779160617498
0,0.41952028466988694
0,0.3251812719669785
0,0.5089748510260339
1,0.47839321000489016
1,0.5589890869044681
1,0.4924314098506696
1,0.5191489532147174
0,0.4327847050778321
0,0.4665256482917457
1,0.5099941579185857
1,0.6002235647705192
1,0.5502444665957451
1,0.36933475058829307
1,0.42790731954782263
1,0.5353636376547388
1,0.43970351974723004
1,0.4366310832181481
0,0.4238578183398452
1,0.4848394875814137
1,0.5724369654172411
0,0.4612115286885371
0,0.6297123946072666
1,0.5042393928503366
0,0.5301778470681987
1,0.577803271363238
1,0.49148937457574404
1,0.5704686702232187
1,0.2995857295019022
1,0.5393373697393833
1,0.5718390675954148
0,0.599303017532877
1,0.47553857643775793
1,0.515895822148555
0,0.4099773195514267
0,0.5145103054472321
0,0.45863278582217065
1,0.4920803755232258
1,0.5496444876625382
0,0.5072394126011777
1,0.5527305930850699
0,0.4795024172263144
0,0.516039337662586
0,0.4606820330915669
0,0.31213957241364376
0,0.4480012490987498
1,0.5366963525301898
1,0.4434463054580586
0,0.3999769595222045
1,0.4615940992127421
1,0.5135517097397827
1,0.5311637753574504
0,0.4663995210231075
0,0.6557273609360732
1,0.524899083935441
0,0.5153026351165898
1,0.6036945445433345
0,0.4836702324509474
0,0.44449781875801264
1,0.5432831558030126
1,0.4363912889110487
1,0.5931603926076208
0,0.56385485068074
1,0.38708870157591985
1,0.5193388550818201
1,0.6204399752648689
1,0.598983869269386
0,0.5804453892618117
1,0.5603023395624289
0,0.5221091140640204
0,0.4008217622044713
1,0.41765897395338286
0,0.4672849113801099
1,0.5238264271987144
1,0.5553080976982393
1,0.5347313826739859
1,0.5215217081067559
1,0.4922025461545696
1,0.620313469655105
1,0.48720042693589793
1,0.4999889981938639
1,0.43577169783418945
1,0.5304795257714883
1,0.5718034658444745
1,0.5530377137031329
0,0.3560039331474766
0,0.4278637358003954
0,0.5527265827814771
0,0.47478658225415304
1,0.6659293434928156
1,0.5912967321704872
0,0.45059381513457714
1,0.507408201479839
1,0.6362692368966745
0,0.5175790451751504
1,0.6300348072344025
0,0.3270139393602983
1,0.5683108290184082
0,0.5793061539307339
0,0.4992753641570288
1,0.4475501996647998
1,0.5405368479248109
1,0.5938914951257112
1,0.6827913952859324
1,0.5352830556321906
1,0.5319897580199964
0,0.46405805509706066
1,0.5464708315146145
0,0.40110504788238277
1,0.608426594258733
0,0.5391409151818741
0,0.4374247484464992
0,0.3807042786388585
1,0.5485074595398404
1,0.5521407328603409
0,0.5469999679105931
0,0.44761274653299293
0,0.517129224292446
0,0.36549654997394326
1,0.5579913297457957
0,0.5518237635769849
1,0.4670317489304918
0,0.46308876660924864
0,0.4615116032498302
0,0.5248348827485452
1,0.5830202206208757
1,0.5848778889842907
1,0.5368583569137177
1,0.5240940505835412
1,0.4680359890451215
1,0.5948664944432763
1,0.426956901627631
1,0.4017027314117532
1,0.5165958365189456
0,0.42241490249744684
1,0.474350171725192
0,0.54912289408069
1,0.5515696239589744
0,0.5506301085483708
1,0.47625657686572115
0,0.5743974562499932
0,0.4806751252272792
0,0.44228051250660017
0,0.423339045812077
0,0.44332821281418694
0,0.3708309103519255
1,0.4455119865370643
0,0.4924669654037175
1,0.5977759678216976
0,0.5545698078536051
1,0.5071286489445574
1,0.5890913071822411
0,0.39311072097183863
1,0.5936134403963632
0,0.6021990437439215
1,0.7012331709348416
1,0.3699400122940775
0,0.37367814355075984
0,0.558088319061506
0,0.5917910067275151
0,0.4170256356319056
1,0.516532442909952
0,0.46827160961014325
1,0.519425188506156
0,0.4715575374914153
0,0.3930193531305013
0,0.48967269699377236
0,0.48771268917342125
0,0.5576108706780172
0,0.503326556057579
1,0.5001417864516221
0,0.45367281292048506
0,0.5462999487650737
1,0.47974746077127656
0,0.5737826193069051
1,0.6176361638555592
0,0.46551272863627724
1,0.5156379694988789
0,0.47095122438004733
0,0.4883716901467953
0,0.5122134422289867
1,0.4582943232831022
0,0.5842669007261725
0,0.42131173870351146
0,0.5693398983397215
0,0.5639761438438669
1,0.5556683716465265
1,0.5257391569242346
1,0.548483760193478
0,0.5524975842048929
1,0.512829813043882
1,0.48688821780805674
0,0.5172103940195331
1,0.44921917428262736
0,0.5140561699600527
1,0.4156111173419155
0,0.6782298391827212
0,0.4237329564604
0,0.4883900036922671
0,0.34744223229426835
0,0.43830994614897417
1,0.5216590754807501
0,0.29963672004403036
1,0.5764255575373186
1,0.5091421984238804
0,0.5053112869099611
0,0.5766122717661757
0,0.4238092471305753
0,0.5878859055989463
0,0.4878470153209742
0,0.38381778237359604
0,0.5173736605700733
0,0.5214834240661734
1,0.5698939315659398
1,0.43299556472379236
1,0.5724740316954756
0,0.5261593854129818
1,0.5129631031018556
0,0.478073071515423
1,0.5924959618897635
0,0.4209195747016512
0,0.4367302045891952
0,0.36070934357516665
0,0.5583460932202937
1,0.5409392508510988
0,0.45380870256257144
1,0.4949626926439017
1,0.4462557209831763
0,0.46319894641557596
1,0.5461864518030667
0,0.43417269590812435
1,0.4208757446183781
0,0.536061574031784
0,0.38205328430662094
0,0.4937560283667423
0,0.4430760542833752
1,0.5154374384814591
1,0.5534087383679527
1,0.48083401843365386
1,0.4433963550795923
0,0.43650558126390604
0,0.6284093616315015
0,0.48597641344155246
1,0.46811584339105483
1,0.48786328637338966
0,0.47798778236343475
1,0.6073279319948762
1,0.46788950100269283
0,0.4283462212011876
1,0.47648906862548496
1,0.5684747017487355
1,0.5292495360984684
0,0.4374339468726157
1,0.5225371929160532
0,0.47011134590044157
0,0.5546240396267349
0,0.422041971097957
1,0.5888239459310575
1,0.4899096559275647
1,0.4040427125797656
1,0.6076728556003828
1,0.5230375445011964
0,0.4072056889414401
1,0.5430518095623458
0,0.5304707318703009
0,0.559990519417944
1,0.5014871283517405
1,0.5477363242958753
0,0.5338893920205973
1,0.47763322407277575
1,0.5252702719577208
0,0.4180111341337587
1,0.446339726991785
0,0.5896734558007414
0,0.4849833658848312
1,0.5087172776870453
1,0.5476905222436688
1,0.4464600575340263
0,0.5738779016358874
1,0.43520971143803033
0,0.6514674376060081
0,0.5131540815861722
1,0.4135158579201025
1,0.48757411741965306
0,0.5492022548521781
0,0.4782261379212077
1,0.6430070656877339
1,0.4392996420479934
1,0.44855011282207896
0,0.5138708422348628
1,0.6274070906336339
0,0.4661499399444094
1,0.5575115259547802
0,0.47265951912533943
0,0.4750026837029662
0,0.4964460587903354
0,0.5405655153357048
1,0.5157498109224563
0,0.3857101064793984
0,0.4778042145137913
0,0.34192702984717005
1,0.5700752259477383
0,0.43730541989165367
1,0.5288768071375705
0,0.4330823870629259
1,0.5520872938581826
1,0.5857785523479893
1,0.5534772246622542
0,0.5282848162598749
0,0.4358374703358081
1,0.5847216542207876
0,0.5168704579088788
0,0.5064401330897674
1,0.4824287406139586
1,0.4715645950078865
0,0.3506119937293208
0,0.5041755075456912
0,0.4840353648011688
0,0.41423856249444535
1,0.4257334580739154
0,0.564278029012011
0,0.4899906844322498
1,0.5569528326660189
1,0.5358239458446166
0,0.568051466867813
0,0.5487400967429689
0,0.5016280505356426
1,0.5195415469929884
0,0.5702741431894766
0,0.491588279228613
1,0.4658302910964786
0,0.5734966600453247
0,0.49038401722055863
1,0.48448876782025496
0,0.47873973797327396
1,0.45635540046679857
1,0.5550765025994059
0,0.5280080395601492
1,0.5495695918550462
0,0.4691087607332428
0,0.5309839893616429
1,0.49585740705631415
0,0.5467970408244022
0,0.5913179105894429
0,0.5271420297638816
1,0.5150980163747692
1,0.4889019152050778
0,0.4566918208601754
0,0.5502545800446603
0,0.46341939139874744
1,0.464098378160239
1,0.5564312961316629
1,0.4390905324717434
0,0.32327246760888395
1,0.5981537003340343
0,0.635808916295471
0,0.4180223145901392
0,0.5660044531834462
0,0.4949129653364833
0,0.5019809869747504
0,0.4278261524269706
0,0.4230329868401173
1,0.43299628743370255
1,0.49097442397345487
1,0.6085403456067147
1,0.5875808751763372
1,0.47731988446611967
1,0.551687277090809
0,0.5610005239090863
1,0.43680810036196077
0,0.45958141059918506
0,0.48996994165409224
0,0.43804337759449413
0,0.5671595994037624
1,0.47637672969641215
1,0.47633260754009005
0,0.5443146029573374
0,0.43974727109830836
1,0.5055625431689389
0,0.4359422511171427
1,0.6125328262491121
1,0.5386789096223502
1,0.5175106039516221
1,0.5664764392109729
1,0.519508676836465
0,0.5176842581270888
1,0.5326631590316214
1,0.5376932248540182
0,0.4583012740954473
1,0.5239000129487408
1,0.620217144845708
0,0.4842362046786425
1,0.5127507727945947
1,0.43057838280513644
0,0.4677590619053639
1,0.5185779581326312
0,0.498811677651375
1,0.5175329977340243
0,0.4543309149983407
1,0.4863485053669908
0,0.7081375109708908
0,0.504910438778428
0,0.4637191671854579
0,0.47909517458793494
1,0.559867126706615
1,0.5652272165130807
0,0.5078630914392968
0,0.4506854122239972
0,0.5192203659481707
1,0.5536370599816596
1,0.42555246823689913
0,0.5770759376162149
1,0.59453134065104
0,0.5143920355808377
1,0.4782211849007944
1,0.5253426975701251
0,0.5283812708012046
0,0.6150636169008958
0,0.3672780315021579
0,0.38123176229014366
0,0.48001168303228103
0,0.46387957208708114
1,0.5569352826206166
0,0.5314216468542798
0,0.4611408675801753
1,0.49139609995222083
1,0.5615678992499278
1,0.49694066069309734
1,0.5592516787112523
0,0.48681334575238744
1,0.44144461711646255
0,0.5424539296434349
1,0.528382040450205
1,0.45366479122340375
1,0.4942317596584366
1,0.5533344721888889
0,0.5079453009964043
0,0.47527068388679605
1,0.5745392076155174
1,0.5598140926543982
0,0.5156816994892278
1,0.47025682327520263
0,0.48306077121808877
1,0.5712272407488999
0,0.5466772415322557
0,0.45951367553415273
0,0.48873632748120066
0,0.5942720909793943
1,0.41433661586524057
0,0.3622163680758434
0,0.43968552110228243
0,0.3105737766673149
1,0.5231412950514065
0,0.4852776341451147
0,0.6081045267244896
1,0.596685430064108
1,0.4224758075715292
1,0.5503650664095308
0,0.5412145757061009
0,0.47238200923861273
1,0.3231029202239685
1,0.5634978810308483
1,0.3387477299302746
0,0.45152891859552574
1,0.48550057243758366
0,0.5551333185099453
0,0.33804504184652057
0,0.4092359614900111
1,0.47325470931031993
0,0.4934122275293555
0,0.41868819411766744
0,0.43129451478956876
0,0.4868077008832353
0,0.5715759089491943
0,0.34539307844250794
0,0.5591505768457707
0,0.4732587746307329
1,0.5005274577381021
0,0.6004031592093682
0,0.42452295189665235
0,0.45800077678865564
1,0.6994040741973712
0,0.433650021651859
0,0.4709347846458957
1,0.6608539251757718
0,0.4517399344830644
1,0.4358712455412014
0,0.49333220949503115
0,0.4815303250286274
0,0.4673453175426693
0,0.5570991983863169
1,0.5990730869591195
0,0.6098870462891424
1,0.4162268992820141
0,0.2957940675302801
0,0.494278114753673
1,0.5803495468146226
0,0.49952302164232565
0,0.6028382858715645
1,0.5747257783519376
1,0.5696419470664763
0,0.5239965798268257
0,0.5391600270280288
0,0.5592423450335915
0,0.5195457269763012
1,0.6001880638654176
1,0.5949798901045341
1,0.611046459502581
0,0.430578218022791
0,0.49469438185888487
1,0.5618060929491491
0,0.5342549518053972
0,0.422370043530606
1,0.5455052450595612
0,0.4453342503222097
1,0.46933450115560493
0,0.45854531411234034
1,0.5086214563555383
0,0.48585061369143195
1,0.5074428233154705
1,0.5908200536676802
1,0.49968959534314944
0,0.43109847480072666
0,0.5671903430346461
1,0.49740300726307596
0,0.3884884107651812
1,0.5434335915947861
1,0.4878142370397861
0,0.5373344410227234
1,0.5294681808204208
1,0.4980157415523501
1,0.3437332729921493
0,0.4760696131911473
1,0.5293531501689688
1,0.4966213637830834
1,0.5737459886174854
0,0.5447231151399361
1,0.4273724064337638
1,0.4946401285803147
0,0.5410090880667314
0,0.5218649945610933
0,0.5036229344402169
1,0.5327884782190822
0,0.4026475648440922
0,0.4184531853034528
0,0.4100331014450049
0,0.5314658362420833
0,0.4324219018614405
0,0.5624169348896033
0,0.3277084872015933
1,0.5053431011226267
0,0.37725232138848025
1,0.48302164369079115
1,0.4658073739722722
0,0.5488783420080551
0,0.5142024761783774
0,0.5281571761954099
0,0.4703825427288084
1,0.5754383445080593
1,0.5989216122597789
0,0.5321135862876627
0,0.5562663323919387
1,0.5021339437830319
1,0.532881129685273
1,0.5542405358016126
0,0.5118953561722687
1,0.4917534599687477
1,0.3300971593163154
1,0.49729113568746275
1,0.5357225139417088
0,0.5864303058566303
1,0.4018243985998688
1,0.5105236042271043
0,0.536857681375805
0,0.5601912340774584
0,0.455151134203149
0,0.5064401330897674
1,0.42482024604545443
1,0.5316032525517428
1,0.5608202682192913
1,0.5415720142299704
0,0.4942866693999179
0,0.49576976674839257
0,0.4279325772763322
0,0.39838211002056895
1,0.528349362089538
0,0.512147554059092
0,0.5364008394149189
0,0.5342613038995022
0,0.5371666954905092
1,0.47190097738723646
0,0.4936033670669156
0,0.4786777479088996
0,0.465032538181277
0,0.42454221395506947
0,0.5262568464133418
1,0.49441424460845795
0,0.5807422594406154
1,0.5319660395292065
0,0.43247149999152035
1,0.43541599571289796
1,0.4482967791749298
1,0.5965265179749686
1,0.4985330666158842
0,0.44152724724198505
1,0.5181564639064412
0,0.5042796115447584
1,0.540496982248532
1,0.5452198556887408
1,0.576894127229085
0,0.522838609322962
1,0.4249306179321868
0,0.4850453445931365
1,0.5933721096591172
0,0.42818659693392186
1,0.6067184926409723
0,0.5553686353959554
0,0.5263486324515219
0,0.5471903677428002
1,0.4797364567078817
1,0.649466436868024
0,0.4825877338743437
0,0.4065062134323193
0,0.48118073184173094
1,0.5615660653910914
0,0.5244938575111087
0,0.4792155543945735
0,0.43428651284685144
1,0.5087622322002496
0,0.38692579937058325
1,0.5033801520120605
0,0.524507795240073
1,0.45380342797091344
0,0.35299246029773407
1,0.5302719368894583
1,0.5058997382002458
1,0.557267527119488
1,0.676225880082539
0,0.4786507944617824
0,0.5472245159277683
0,0.5245697617884205
1,0.5614084678310381
0,0.6191861775977316
0,0.4734901390247113
0,0.6770385227227822
0,0.604357401275086
0,0.5718121586873071
0,0.5209701876004015
0,0.45299693880474934
1,0.3753031398684129
1,0.538307663024918
0,0.5028453005947758
0,0.45396703096016994
0,0.49841564609644434
0,0.47776593772243003
0,0.44873516114909784
0,0.5576217081676977
0,0.5183789800357531
1,0.4585129054361438
0,0.5808411633899664
0,0.5661119165720067
0,0.4827410286737772
1,0.6398248765991582
1,0.5186429610940885
0,0.4885245131933408
0,0.5424654880619536
1,0.456369868368164
1,0.512170632406998
1,0.5466738891724338
0,0.3852654652707223
1,0.4912427639725478
1,0.5059757844380763
1,0.4122756744069926
1,0.3921472875456168
0,0.48340216057744523
1,0.6988195530884926
1,0.48307240790988837
0,0.6058753881798371
0,0.4556541469415985
0,0.504462418459975
1,0.5433980136345936
1,0.4962044729720301
1,0.42898601891897126
1,0.4636231444910044
0,0.46432306550083124
0,0.5614389638400218
1,0.4941736108360305
0,0.5123203477290997
0,0.504434591114195
0,0.5822659695613461
1,0.5991291830231453
0,0.4556159699883525
0,0.5065767316604377
0,0.5197012636731702
0,0.5494372251001226
1,0.4447186057925214
1,0.47476807975420493
0,0.4297615189321642
0,0.4796079308775354
1,0.4726375324283721
0,0.4720369736429382
1,0.49461948029262115
0,0.5607753320024758
0,0.5245562772520849
0,0.4743089686693363
0,0.5159602453704906
0,0.45721366942677233
1,0.5457370124776277
0,0.5798742147981688
0,0.5188763342699285
0,0.34283626486237917
0,0.4806375936510248
1,0.4701902668903204
1,0.5289163299095165
1,0.4999342473419296
0,0.34971924517512587
1,0.5228938107760803
1,0.5213926298846685
1,0.6315519465832011
0,0.40728558732248205
1,0.5592624448491806
0,0.4693261839395491
0,0.4984354657258151
1,0.5296847855927117
0,0.5013966245812013
0,0.4060379655701108
0,0.4330972430911506
1,0.5679612811606217
0,0.530022118077305
1,0.4165428947932928
1,0.4711687487962418
0,0.5203940357279558
1,0.5001041083621093
0,0.5287782858909119
0,0.4842014856073304
0,0.4389591497610536
0,0.494934201011058
1,0.4279288375578352
1,0.5997812953714293
0,0.49281257782147203
0,0.45126684736797024
0,0.626729123108189
0,0.5631329586507191
0,0.5225581051835452
1,0.5151344465275264
1,0.5407921471100916
1,0.42984424953225486
1,0.43893352711261246
0,0.39382898625627927
1,0.5268755117040217
1,0.46542204457453956
0,0.5735055071628749
1,0.5671995473704815
1,0.5181717154936192
0,0.47752386501796523
1,0.5228452447992281
1,0.41675838811517857
0,0.5048724467355823
1,0.5409371511321636
1,0.5172877152331428
0,0.4976875328688644
0,0.5629492179645856
1,0.5083622685815034
1,0.4354271900712146
0,0.5488567142395723
1,0.5782143641036451
1,0.4852295116828401
1,0.5016415893773626
1,0.49996790906186933
0,0.43549181568925927
0,0.38418311935814586
1,0.5408802789527385
0,0.43730555871579474
1,0.586705407181891
0,0.4548205884820609
1,0.44429164852776765
0,0.5342451455998682
0,0.4961703845376434
1,0.5415168239853192
1,0.48430573685643885
1,0.4888543717851613
1,0.5808628477611323
0,0.4766864579606386
1,0.5115892620652736
1,0.5257545777158894
0,0.43414620469593307
1,0.4895074612192815
0,0.5031972204027815
0,0.5438812358486422
1,0.37582226110271166
1,0.5768367823687136
1,0.5695734998448394
0,0.5907383541518044
0,0.494523944156077
1,0.5149735686355766
1,0.537866358210579
1,0.3682576713951515
1,0.5578159193735974
1,0.4191661850422663
0,0.4696798519582996
0,0.5155632608197076
1,0.5396306271294089
0,0.5125802345987122
1,0.5127724320767951
0,0.563415638568696
1,0.41837180785893635
0,0.4415510477298994
0,0.4399596343508431
1,0.5417261472344248
1,0.6163459051355801
0,0.5445043776698998
0,0.5576736287719627
1,0.5819763915176502
1,0.603096767230198
1,0.5922089441076951
1,0.4943374265519362
0,0.5320830591937
1,0.4460456075829993
0,0.3760814745034233
0,0.4303640926957921
0,0.5504063129000112
0,0.5102833327756884
1,0.4324364452958253
0,0.4132417494327075
1,0.41202937343821305
0,0.4859342720356517
1,0.503258799889591
0,0.45838094951742814
0,0.6764717926069411
1,0.4957013197296644
1,0.3581685632950259
1,0.5634625684901943
1,0.5153039835428722
1,0.5237306997442781
1,0.5026932328507009
1,0.42855868866600516
0,0.5543282136351279
0,0.5330068408114568
1,0.5932984469529715
1,0.6011178631335065
0,0.4297550878941008
1,0.5425099948513579
1,0.40799286948933894
1,0.5299613445732908
1,0.42736828305285557
0,0.4467759957612585
0,0.48881469126912386
0,0.5206011022592797
0,0.5146911522385618
0,0.3871557953242804
1,0.3848349385486194
0,0.3835743933338756
1,0.5142135766998728
0,0.39410644850962023
0,0.3685488789879176
1,0.5321315012917778
1,0.4646750460117518
1,0.5318198560998777
0,0.5397239410985546
0,0.5880231537491202
0,0.4476010531333746
1,0.3631031149479816
1,0.5954611664114436
1,0.39373587769324075
0,0.5251506291619342
1,0.5697638765343876
0,0.4759158494339261
1,0.5581826647638329
1,0.4735484207720057
1,0.4431379091093898
1,0.536351292784248
1,0.5567952092567781
0,0.5687009513943622
0,0.5243085501660235
0,0.5231704576353036
0,0.4772237059560231
0,0.5699861964086972
0,0.5231326380069874
1,0.4536806060744716
0,0.4801131546063687
1,0.48332671349952283
0,0.4713487992366931
0,0.5051895815132736
0,0.48265242523176793
1,0.3929001081410431
0,0.27357084258561415
0,0.570741338046125
1,0.5244085006061951
0,0.5815870830857072
0,0.3740609639959743
1,0.5478458869302391
1,0.48280889676593025
0,0.4992631309672998
0,0.5780001489879467
0,0.4708940889263468
0,0.6215058152327374
0,0.4856541469397051
0,0.4688670803006588
1,0.49746965582768904
0,0.5058515545477787
1,0.5155027113933708
0,0.44121791268767596
1,0.5778124571270737
0,0.4843564185953338
0,0.4919643950408991
0,0.38262668930259874
0,0.5558930022503425
0,0.4591816354379802
1,0.5388201568495837
1,0.5216571466012796
0,0.49276642762911593
0,0.4430930534980182
1,0.5156898710459077
1,0.4765177835105134
1,0.5106003734827452
0,0.49154223498690763
0,0.63898843169038
0,0.4014220405354468
0,0.4542505465965822
1,0.5153202348318363
0,0.45437280581020184
1,0.6003810209597951
1,0.5525473041777239
1,0.5524132521807597
0,0.5230666264874337
1,0.6354141105010741
0,0.5028707059982466
0,0.5546471548340104
1,0.45429921284573566
0,0.524640995927549
1,0.5434105863478939
0,0.4961082531229906
0,0.4844258688699224
0,0.332864072788605
1,0.562978025898438
0,0.41727584878464774
0,0.5037996124960338
0,0.5031684550175178
0,0.3967370144615891
0,0.4940261353145796
0,0.4684854941249028
1,0.456330024740952
0,0.5933771925757817
1,0.5478068068508067
0,0.515661961790033
0,0.5377168560725777
1,0.5855397238833584
1,0.529228525439821
1,0.5475389045330311
0,0.5075597645722255
0,0.4793241462113326
0,0.451436876971548
1,0.4593631541209813
1,0.4549024550849185
1,0.5386135435943957
1,0.44058642050999963
1,0.5824493560949134
0,0.42917859863673746
1,0.35485144015518366
1,0.4079713246905508
0,0.3988157865233532
0,0.49146533986514823
0,0.46061776179904135
1,0.5556185134419075
1,0.3044042195812365
1,0.5806419563543239
1,0.49052525990067364
1,0.5294845492743028
0,0.5399551934513332
1,0.5637895631477439
0,0.5532216147882101
1,0.5229974411762152
1,0.4340534354791635
0,0.42071090883543166
1,0.4649172282364913
1,0.4686774304661603
1,0.48633095929455283
1,0.4365588030584716
1,0.5423919384444444
0,0.4896746587738153
1,0.5285637115187041
0,0.48244963634858085
1,0.5785050666309578
0,0.5451513128874174
0,0.4856041663649744
0,0.4221746892177352
0,0.5583507314100693
1,0.5957431713733858
1,0.3260748506666215
0,0.36647307034399096
1,0.46926812495986053
0,0.37339605742289167
0,0.5183807042210411
1,0.5920502212954469
0,0.5000468089955169
0,0.5313690664213563
0,0.6142010029413447
0,0.40129588850328146
1,0.55050198008602
1,0.4390722898287577
1,0.49251290855454094
1,0.5128017804888738
0,0.4357286315231325
0,0.5375324568389502
0,0.29209939644558913
0,0.44634223760516784
1,0.5071488473209645
0,0.5869567670391235
0,0.45904592146453355
0,0.4535856482940407
0,0.4852294939009505
0,0.46376462912398225
1,0.5433397397506304
1,0.5112890607968725
0,0.5973832429424947
1,0.5717166721959684
1,0.5677668908803193
1,0.41286448092340666
0,0.5115277539181536
1,0.47607596140799907
0,0.6032565888415073
1,0.5172804057972898
1,0.45642088609551007
1,0.37080101593624926
0,0.5089231148643947
0,0.4535351347217986
0,0.4985472678677917
1,0.4704963603341839
0,0.5448006140945896
0,0.5283048537155602
0,0.5911286310664493
0,0.4738311001584442
0,0.4546696123696126
0,0.4484337523355561
0,0.45386537446248143
0,0.5389505961108249
1,0.5417598701610777
1,0.5613443364129719
0,0.42197397107625556
1,0.5263538984210269
0,0.54816039157955
1,0.5237255575300637
0,0.5157749504742466
1,0.5349010893216075
0,0.5311969531272055
1,0.514300151986236
0,0.41028440503714947
1,0.47692310835494445
1,0.4546541097340005
0,0.44321300309657585
1,0.5709331164273181
1,0.5607937924495023
1,0.5462599488921669
0,0.4411339724711793
0,0.4905881213849618
1,0.44568950840123456
0,0.483961658097936
1,0.5754837518948076
0,0.4421274169811735
0,0.5752301879224638
0,0.522962749046499
0,0.3710133410222428
0,0.3302976818160769
1,0.4738454833855673
1,0.40087290469199094
1,0.44983880655151615
0,0.4768847181221038
1,0.5190268108974678
1,0.4965998648550734
0,0.48392945065109455
1,0.4813420893261165
1,0.4092765560806523
1,0.5262429365176582
0,0.41592230762564886
1,0.46480431459479044
1,0.4460851500557849
1,0.5614345752014971
1,0.44898558355991336
1,0.6724558735651568
0,0.5084456927941396
1,0.45507820226893236
0,0.4410969200126887
1,0.6452583021136563
1,0.6585111468235857
1,0.6142081806165651
1,0.6010422270423619
0,0.46033063732547874
1,0.46792426372849766
0,0.5122715039471925
0,0.5114827368406791
1,0.4892468069716451
1,0.5740709101083489
1,0.5078545817784422
1,0.49485081980770085
1,0.5086516564241931
0,0.5588231372850228
0,0.4779977519755727
1,0.5285547744511574
1,0.593674990213137
0,0.40171301583377145
0,0.37860061549467444
1,0.4949918141424093
1,0.6469549036099254
1,0.3676959458869144
0,0.5045630790173895
1,0.5930922006184999
0,0.5751975964134715
0,0.3972559540616876
1,0.5200647477712426
0,0.43208579084638177
0,0.526719726546096
0,0.5241669653163421
0,0.5295240811858684
0,0.41458384477868726
1,0.5198319221532
1,0.39953495561156455
0,0.48419766495699057
0,0.5020306471574619
1,0.45122759966045
0,0.40222718268109187
0,0.3945263572285941
1,0.5063734222514532
0,0.441584051133483
1,0.5049598636066944
0,0.4672239818883485
1,0.5783715971309205
1,0.5257547819444051
1,0.4141919603299062
1,0.5469646177371327
0,0.5201131539465093
0,0.5350966689132292
0,0.3913648077916019
1,0.5628975020628985
0,0.5299659518143952
1,0.5443510706189263
0,0.5509242006240029
1,0.4128009736992402
0,0.46977815826762237
1,0.43862052007865865
1,0.5511036223936533
0,0.6334122334316662
0,0.571071953589446
1,0.5318840309481017
0,0.5968250334665574
1,0.40452877846371593
0,0.46881534150730547
1,0.44301656195456773
0,0.419085124404774
1,0.5296479988927459
1,0.5320406596703293
0,0.5126786963532974
1,0.5742220517278265
0,0.4577060045432597
1,0.4741580674412919
0,0.4228322916290951
1,0.4311219814707819
0,0.5098158857704853
1,0.595024357236969
0,0.5236902344519736
1,0.4996557850728872
1,0.5477945576966021
1,0.5821229330599109
1,0.5504799174369762
0,0.48926466079676
1,0.5665539049892812
0,0.42980801059402907
0,0.45919013681308424
0,0.5085801229456466
1,0.4933041180435248
1,0.44912593914912785
1,0.5040250781448304
1,0.6392644113654069
0,0.5271202136490525
0,0.3906962973754268
0,0.4722273726720983
0,0.5088255213153533
0,0.48642266096544723
1,0.6302239995575413
0,0.4343438906107624
1,0.5139480964306427
0,0.5031941529271484
0,0.39331569429415497
0,0.4407721457544411
0,0.5030789422354657
0,0.42876405031517467
0,0.415062658197302
0,0.3981869364859941
0,0.5402517146742205
0,0.6513073974649504
0,0.4643985603524825
1,0.5267187027300401
0,0.5496762381004691
1,0.503080175062191
1,0.5934697808495267
0,0.3857417215092484
1,0.5526181647466225
0,0.6270688764781476
0,0.5153498122105163
0,0.5047965631766196
1,0.47324684449013477
0,0.4778047883698327
0,0.4252476325437855
0,0.4954697775785742
0,0.5760890099413315
0,0.5275278023594911
1,0.43536350995109246
1,0.43898682348998574
0,0.48994922236043265
0,0.46916010898771243
0,0.41491813142467937
1,0.5551401663433277
0,0.420296330974072
0,0.4813072408957968
0,0.5095988293517825
0,0.49217305067006867
0,0.5600438396065165
1,0.5994171986314977
0,0.5219838924360818
1,0.5715255266238889
0,0.5747140423099939
0,0.4365548540400198
0,0.48545933353439774
0,0.47322367764096573
0,0.5134932735231973
1,0.5427503573513007
1,0.4891170147616431
1,0.530489696992727
1,0.5091126864146918
1,0.6015071625331442
1,0.4394269484368843
0,0.41775056118012066
1,0.41232206429328533
0,0.5438310873388019
1,0.5392373583115861
0,0.4957886045087198
0,0.5659086382920568
0,0.48138779089510036
0,0.520940497499416
1,0.5567083699173652
0,0.4685891210273573
0,0.3997351577851445
1,0.42292487230610365
1,0.5223568794745836
1,0.5617065000181345
0,0.5147903911664241
0,0.29451965649131434
1,0.5399022014710672
1,0.50866165224195
0,0.42714670672159544
0,0.526296888872357
0,0.514532034978749
0,0.5016901452712406
1,0.4959283376074873
1,0.6001253596533682
1,0.5592894036288444
1,0.45332751121948783
1,0.47328067161938625
0,0.35503880690217476
0,0.47351712880827146
1,0.47998150616544677
1,0.3524129574676517
0,0.5025066665981304
0,0.3976169883074226
1,0.5360876972431804
0,0.5988712628178174
0,0.53725864500124
0,0.5469628008970688
1,0.5367713359588202
0,0.5867387498296394
0,0.4633428787229083
0,0.47008159766544305
1,0.46959039607796416
1,0.5178321388518322
0,0.461760225347803
1,0.5322820516957584
0,0.5470204526491396
1,0.5680342494909408
0,0.3445787846996169
1,0.5229755706270055
1,0.5887889289735435
0,0.5136296321686605
1,0.579700471580667
0,0.5077805487072848
0,0.45645084993431845
1,0.5436899259539963
1,0.49464416946554535
1,0.5645480548189834
1,0.4131047141953518
1,0.4495937191188547
0,0.4379122493689002
0,0.5411172797403027
0,0.4771167206429611
0,0.41661167031549556
0,0.40830787066593016
0,0.4766369444612911
0,0.4458733559345708
1,0.5351024196238565
1,0.6046759316551433
0,0.482869349634464
0,0.5692833003423945
1,0.5035078747114934
0,0.43442931347402985
0,0.554261954954458
0,0.4967002268689349
0,0.3761474331309261
0,0.4938404060878997
1,0.45889681708285524
0,0.5714551359369355
1,0.4692569053163503
0,0.5105794335636931
0,0.7229341127012574
1,0.41153359135850187
0,0.5566841976914583
0,0.5042915848138032
1,0.5195889113023957
0,0.6276697274263028
0,0.4257170307756118
1,0.556069023111045
0,0.44854123872470747
1,0.5889645771077162
0,0.4732194135242706
0,0.409256927767463
0,0.5396464475581202
1,0.561088239321021
1,0.6069105591865204
0,0.5881347124601267
1,0.5474434748384813
0,0.5402113072371642
1,0.5110342735912534
0,0.4446016243168665
0,0.6158164349340529
1,0.62277334625544
1,0.4770278245033
1,0.40131591578924075
0,0.4065882869302545
0,0.5295202954403552
1,0.5009057163035541
0,0.4808553470668468
0,0.47174581418374417
1,0.5649120897325343
0,0.492189582594463
0,0.42135098886837963
1,0.5004869618591571
1,0.5424096738486373
1,0.4244760837983483
0,0.45443742315495783
0,0.32042199342193867
0,0.5292475786047883
0,0.46187235102652247
0,0.49194799498336983
0,0.5011312976553307
1,0.5383834536987496
0,0.40779110442227456
1,0.552849249628801
0,0.5063436209629113
0,0.5372075601225974
1,0.5159111742174395
0,0.548835760893586
1,0.5181377577675967
1,0.4596030985912712
1,0.5339436562723623
1,0.38383953899980655
1,0.46206784581867016
1,0.5895837261298829
1,0.44427933807358694
0,0.4963811974728147
1,0.5361002499852716
1,0.4304687210270682
1,0.47514372160228613
1,0.4979299238804219
1,0.48868234107967945
0,0.4146432632554285
1,0.5921361928629272
0,0.5442274720034815
0,0.4657791702015008
0,0.49597524285297795
0,0.44022304252583494
1,0.5585933248253339
0,0.6192454449483866
1,0.4638902038234677
0,0.33619013604057
0,0.5131020087943293
1,0.5225622457542838
1,0.4278958448574311
0,0.47019645825713935
1,0.5309487107553883
0,0.5142555904852693
0,0.43399246899049815
1,0.5397264143849986
1,0.514812242956364
0,0.5141658806290471
1,0.48958723019407085
1,0.5889274028650342
0,0.4670897536363381
0,0.47971067406582574
0,0.48279926464075384
1,0.5636390468006394
1,0.5167791703715726
1,0.47277861216823636
1,0.3850459676582133
1,0.5154173555723318
0,0.4573903127381318
0,0.5971506871818311
0,0.39953607801325297
1,0.5233454312867055
1,0.4660624947310688
0,0.5135484086354756
1,0.531357814533326
0,0.5242423396678277
0,0.5392795512732393
0,0.5875154650546551
0,0.5576295806479388
0,0.37901452631186333
1,0.47099857473282053
1,0.4665395342506623
1,0.5721710464083982
1,0.3971395055606494
1,0.47457156191727823
0,0.4847663338899542
1,0.5828970546539487
1,0.5447170187151359
0,0.3854119204019325
1,0.437841994278578
1,0.5493632490254758
0,0.4259436103260712
0,0.5253192788715039
0,0.41437641361682714
1,0.43457644477335083
1,0.5164919519866148
1,0.5431450872495862
0,0.4497514912417347
0,0.40114877424882145
1,0.6032909779454868
0,0.4452760855009929
0,0.6514431134549558
0,0.49041480364956663
1,0.5748004807644925
1,0.4900841934941369
0,0.5047769362367273
1,0.5520428439866698
1,0.5992028406813634
0,0.5713834542889608
1,0.5497821544081603
1,0.49977180311800884
1,0.5095247558506549
1,0.4677548550033157
0,0.5271721140449593
1,0.54242665067035
0,0.47157901986566686
1,0.47763229639811405
1,0.5084519191456517
0,0.4338851243663701
0,0.5484199017349586
1,0.4122756744069926
1,0.5258385809999625
0,0.497583903862699
0,0.5634235720762534
0,0.47937848803275307
1,0.5358665998580585
0,0.47464444219478574
0,0.5240955323718985
0,0.5446018084917179
0,0.525987497142144
1,0.47840369528126514
1,0.5601802439990778
1,0.49512140298995216
0,0.5128949153132767
1,0.37409057317831523
1,0.4087322927798633
1,0.6157359435214667
0,0.44712503575003265
1,0.37301775837137313
1,0.5807397513472019
1,0.5631649406760163
0,0.5718846907423712
0,0.5813558900222748
0,0.5090370196880493
0,0.5039723145679819
1,0.5384936262188028
0,0.5125221023417705
0,0.39866848832757856
0,0.4876578920309039
1,0.5402440795081161
1,0.43197185227496104
1,0.3851246710032176
0,0.4779843992913426
1,0.5102007228635331
1,0.4367372295695795
0,0.5185589330260184
0,0.4394925010430182
0,0.5545180388746763
1,0.5055154462007222
1,0.5173289138039214
1,0.4472015593429481
1,0.47759456504024955
0,0.5868091396604815
1,0.43926295564677104
1,0.5076257353915467
1,0.5636350312063471
1,0.398081819816088
0,0.3842402511075483
1,0.40992949939801776
0,0.5248087464249572
1,0.5742501795847305
1,0.36727165067043455
0,0.5211370444002038
1,0.40783965165636193
0,0.44213068260255356
1,0.3892541915154118
0,0.3986972551321164
1,0.4400250648476267
0,0.3141956533963591
0,0.560533339447599
0,0.4744329037892444
0,0.32293770005355976
1,0.5299781367298138
0,0.51777966178476
0,0.5068500859039141
1,0.4846173900456908
1,0.5418910416854611
1,0.5470658954036701
1,0.5955493821258864
0,0.5831576005928303
0,0.5957796388361661
0,0.41130485238311926
1,0.5192253099091456
0,0.5998430203127431
1,0.6740745040962566
1,0.37106544377593026
0,0.4521498921022318
1,0.4674854110550458
1,0.4731112529720389
1,0.34836956537051833
0,0.5970424372956005
1,0.5905320758828855
0,0.6310075229944088
1,0.535425276361178
0,0.502640572485209
0,0.4932078883808834
1,0.5395807032907607
1,0.5925047547833933
0,0.5994550627873084
1,0.49133936382336885
1,0.42468329664272897
1,0.5540264917259985
0,0.5358796649635743
1,0.49934513513144657
1,0.6085116018037757
1,0.6708561508629303
1,0.5327882015112377
0,0.4962861909275308
1,0.5333580777416335
0,0.39578389579704015
1,0.4861514966647949
1,0.5279461265260554
1,0.5397730321788615
0,0.44071123256075323
0,0.4955056682045219
1,0.523660681857158
1,0.6038019678784853
1,0.4505919189813677
1,0.4606868599310371
1,0.4951406096278971
0,0.5782320390470241
0,0.5602930267343584
1,0.485019223310224
0,0.4275921328230587
1,0.5296368000537507
0,0.4554342370529915
0,0.4522445111975555
1,0.47387160058678024
0,0.40785899959172517
0,0.4830206020418488
0,0.5274255032762475
0,0.5264024644911681
1,0.552863499095253
1,0.5350647284909258
1,0.5443735412793141
0,0.4220119649155816
1,0.5130790175910868
1,0.5058785142516199
1,0.5973995980540463
0,0.38064309513203615
1,0.5370466708376139
0,0.44432643135840083
1,0.4605997899276913
0,0.545100721615843
0,0.3924772853493193
1,0.5719145684074439
1,0.4779386865525136
1,0.521356120120365
0,0.5010552569247283
0,0.5272726613414366
0,0.5711137287216441
0,0.5305542485806981
1,0.4618332078210887
0,0.47721689369358955
0,0.495982368235913
0,0.504639366828679
0,0.4855600273361087
1,0.57813600918023
1,0.5016166231789352
1,0.4549884378202024
0,0.491392611774117
0,0.5303845973745525
1,0.6057862292034422
0,0.5843930040305273
1,0.5284788512299575
0,0.38695229257983527
1,0.47429140496874594
1,0.4237912585374349
0,0.4763861322892082
1,0.5269976632624876
0,0.5683931438339201
0,0.40130582501223666
0,0.3396328643217603
0,0.38095619024666505
0,0.5450901621225457
0,0.5020906561302854
1,0.33347090967973037
1,0.5625860703221593
0,0.47619760480049556
0,0.34855972564943966
0,0.4996011712533042
0,0.5547728801756192
1,0.5192566185361723
1,0.5753888832292883
0,0.5528091639432138
0,0.5872582691985354
1,0.4904440112078773
0,0.45548267034391937
1,0.547076770451379
0,0.3492011201646265
1,0.5653615154907721
1,0.5301340846857123
0,0.45545490448525133
1,0.4579790238247183
0,0.3655202730669966
0,0.4585409358280603
1,0.5675146537075884
1,0.5833102857032545
1,0.4872525338747122
0,0.4590325346902282
1,0.4949860920492495
1,0.4275812456437547
1,0.5343991030802392
0,0.4684190603768019
0,0.4888835356426914
1,0.4406910362660073
0,0.4876956948648207
0,0.5830782205168691
0,0.4678323557655323
0,0.5930732166515131
1,0.44496845645462985
0,0.4888400455154017
1,0.5489560083579129
1,0.5630639375064959
1,0.47055682981350494
0,0.5246900919600872
1,0.5615435723797192
0,0.5722534778396636
0,0.48543545023341
0,0.5042856922534943
0,0.5700114128719701
1,0.5474366570413325
1,0.5384471184486563
1,0.4130216750830243
1,0.5451208783049616
0,0.45279238654784787
1,0.6239396310734281
1,0.5481162878951742
0,0.4733820214348157
0,0.5454202885477969
0,0.5644650042876591
0,0.49747154041165065
0,0.5163603097231959
0,0.3924113570375789
0,0.47297569816752233
1,0.427677972374569
1,0.5325942231495813
1,0.5308878860185352
1,0.35999280132323874
1,0.5425379536185899
1,0.6455991179289642
0,0.5632033439878822
0,0.6187839524585317
0,0.4218907403340739
0,0.4236370292011649
0,0.4454955527029467
1,0.3818385262858109
1,0.5086534616582837
1,0.49829660451815494
1,0.40421268683329264
0,0.48050103825520485
0,0.4404041505938728
1,0.3823820767584779
0,0.4465771734386961
0,0.6008045771737874
0,0.4273111026720347
0,0.5694983011977471
0,0.5691873841020028
0,0.5138585302892174
0,0.4052864009283223
0,0.6105049414164293
1,0.4919562870512895
1,0.4313979893033473
1,0.4847097750198471
1,0.4237536070835478
1,0.509599158220845
1,0.5191941958458
0,0.43361787037223115
1,0.4452750655781233
0,0.3771822169391635
1,0.47452433894187945
0,0.5514189238203318
1,0.46832232310196226
0,0.37256359850903037
1,0.5258565640732475
1,0.4499114610184227
0,0.38207394073622764
1,0.5229165208981383
0,0.37923876310974747
0,0.5326517011251289
0,0.4632474273548616
1,0.4543046767089985
0,0.5709889303729596
1,0.5874849967692521
1,0.41319945920932266
0,0.47858266321634957
0,0.541821446516734
1,0.5992363782797065
1,0.4268654323968855
0,0.3101503283495276
1,0.4692851106240458
1,0.48177340303889327
0,0.47931819831621914
0,0.48924481888875077
1,0.5260525571279014
0,0.479707994580839
0,0.5996995276551514
0,0.38839295981010385
1,0.5871718563608063
1,0.5964843188290254
0,0.5078350994881069
1,0.5293133401609791
1,0.41956060747616586
1,0.6068607329065322
1,0.5583724422310785
0,0.4728744210731949
0,0.5184909870869149
1,0.6262559434099876
0,0.541601544642597
0,0.534078671943141
0,0.4557658481887539
0,0.49126246496889303
0,0.42167102409387724
1,0.44611521255037134
0,0.5001898832748936
0,0.4996011712533042
1,0.5365505920090305
1,0.48889558530242405
1,0.5750326203978572
0,0.426965551604426
1,0.48606500211241654
0,0.5527147106204792
0,0.5434172892206505
0,0.470003472865783
0,0.4246944525579442
0,0.456639096604489
0,0.5107045670786212
1,0.46084641363814327
1,0.45101474656175095
1,0.452693646384272
0,0.4721167168917612
1,0.4924969390744533
1,0.3768241654068738
0,0.3816890433275831
1,0.3988104318246387
0,0.5376820168644182
1,0.4897172923150974
0,0.5393959289643048
0,0.48907717033712567
1,0.4298752873774403
1,0.526433311355483
1,0.4600118912156635
0,0.4691739213122842
1,0.4693443622114327
1,0.4179231851761423
1,0.5583107333726268
0,0.450636980067138
0,0.5063292644397229
0,0.5802619119052175
1,0.5355829597418728
0,0.5819132645995331
0,0.41022673936744875
0,0.5645995269448257
1,0.4924369240619663
0,0.5197490705581107
1,0.5338337034434358
1,0.6436051740713077
0,0.5089950795139724
0,0.47781446051770665
1,0.5328045817493239
0,0.42642285145462494
0,0.5692035379246124
1,0.48432607196325117
0,0.4318398629104241
0,0.46817442471344917
0,0.49020759379836326
0,0.4004586386168111
1,0.5443413417677299
0,0.5026878079822482
1,0.4995591334506061
0,0.4719657917716386
0,0.48110422764328165
1,0.49858264247025547
0,0.3777321111496121
1,0.6186898169338008
1,0.6162420534695919
1,0.5417466277702622
1,0.4342759484915193
1,0.5139758630676765
0,0.5711316813124807
1,0.5708509919775067
0,0.5800562512751322
0,0.44364227866714046
0,0.4307511727111882
0,0.601553352269923
0,0.5028920906686498
1,0.4776970769425891
1,0.5208613624052445
1,0.47137966110693863
0,0.49992539401804925
1,0.5639193902764045
0,0.5222775885657724
0,0.5533656297020029
0,0.4429688539376886
1,0.5775074272700382
1,0.6336944726016749
1,0.5239617811288979
1,0.4732923818207095
1,0.5438864591683265
0,0.46160505617819314
1,0.46724155833488884
1,0.5047803846751532
0,0.5267077598465875
0,0.4004722258338173
1,0.3699440417203662
0,0.5427104242518845
1,0.5070973207376994
1,0.4913503167618104
0,0.384074981006828
0,0.5244894880284388
1,0.5297092081645387
0,0.45709729585812764
0,0.5388379520130894
1,0.4069676686950065
0,0.5063532791231474
0,0.477019798510185
1,0.4890393824771735
1,0.5642292296768113
1,0.6031482994761581
1,0.5516104430601473
1,0.4652319342470763
0,0.3528746479301856
0,0.33252727506777674
0,0.5926109987058161
1,0.4770694299117014
0,0.5454249465982167
1,0.5618157923232509
1,0.5371080936630596
0,0.502857915758146
0,0.5253560860942388
0,0.42191476959119795
1,0.4120745210722168
1,0.5576258191109777
1,0.6479345399988176
1,0.641296781158443
1,0.5489863686738305
0,0.2624667543088534
0,0.558996959733401
0,0.5006382401162858
0,0.28210707690099984
1,0.5432550091034222
0,0.5418667689955696
1,0.476668957047579
0,0.5627437288095657
0,0.6092831232041523
1,0.4402770680651484
0,0.3807663428445609
1,0.5461242762063092
0,0.5784859488957808
1,0.4754172974537499
1,0.5820637967260606
1,0.5100864601978699
0,0.6185929720991171
1,0.5794166696934694
1,0.5781846058552423
0,0.5775860615402724
1,0.5765851587754712
1,0.515980963450063
0,0.54748475789348
0,0.4501941432444858
0,0.6708458318040392
1,0.5469453104938503
1,0.5135906889558913
1,0.511064741730671
0,0.591299502638738
0,0.5366678257199277
1,0.4633020029858026
1,0.4505801114101394
1,0.47474523546249797
0,0.47554979540590314
1,0.4784701002081777
0,0.3257269157821957
0,0.5462263556498443
0,0.6142949352417161
1,0.7067992485187484
0,0.4774419570983848
1,0.3992629065509346
1,0.4835965496983388
0,0.4373921446429908
1,0.5389314682833123
0,0.5187324954807363
1,0.493923870030306
0,0.452272729865094
1,0.5866045976483414
0,0.4486945753393265
0,0.47082715930256763
1,0.5055183717283525
0,0.5967635876431998
0,0.3817695154179532
0,0.35165184039046066
0,0.4097292653592478
0,0.5976964040441626
1,0.6332326263912258
1,0.5020485127041314
0,0.5533831784556017
1,0.6013601874367053
0,0.3795785267526276
0,0.5745968131928513
0,0.5365561196162388
0,0.5562649521075184
1,0.5572169653677549
0,0.526293530140366
0,0.5023724844512621
1,0.4367296883534463
1,0.4316608675798511
1,0.5550587080401672
0,0.3624915603219243
1,0.5043578459207021
0,0.47541303422785797
0,0.5874475109315765
1,0.6642532228900391
0,0.5114884497243082
1,0.5058900233004054
1,0.5092686925956632
1,0.5057370700780163
0,0.5860313410850622
1,0.5608657008389846
0,0.49103221361161187
0,0.439606871042753
0,0.6063865120948365
0,0.4332889631373522
1,0.523119156341829
0,0.4625256223640266
1,0.5570118838065944
1,0.5508372284624984
1,0.4454543122761985
1,0.5463401527596022
0,0.4924174136928991
1,0.5763513422993515
0,0.4083808626236427
1,0.6079892550842559
0,0.5837237084539645
0,0.583260975460543
1,0.4936386904037533
0,0.5369001893715745
0,0.4164047466431568
0,0.5269915499303972
1,0.516582338894996
1,0.4972566485098569
0,0.4683546480379881
1,0.48721177521070724
0,0.4648206738487766
1,0.5011598185668069
0,0.4792455030326379
1,0.46146757191018456
0,0.47306843908470547
0,0.4734096701485672
1,0.3750075000755206
0,0.4809576334659678
0,0.5186592747216885
1,0.4370802483408441
1,0.48361148371451923
0,0.35862176482896246
1,0.40118199184136094
1,0.36341396386448294
1,0.3648796502587288
1,0.5124740334884947
1,0.6500405806865384
0,0.4377768870290342
1,0.6086323171142828
1,0.4954277301781324
1,0.4835490546119072
0,0.46680028963234144
1,0.5775105262736216
0,0.4540485682978219
0,0.5416353273272428
1,0.3491823722398861
0,0.3534449589512175
0,0.4845920813051658
0,0.4846426667508875
0,0.5831582334267242
1,0.5264862741226375
1,0.5700266574103435
0,0.563658506467539
0,0.45175426215748365
0,0.5711696941533242
0,0.3931500983231872
0,0.5925285410914211
0,0.47548556789502106
0,0.45616946163528077
0,0.5004527925115887
0,0.49134005543718606
0,0.439307083177262
0,0.4837977039422141
1,0.43626377285206075
0,0.520667321146199
1,0.5102009636664273
0,0.3519102034364353
0,0.3895443424548286
0,0.48430379755016645
0,0.6183452210874544
1,0.5331544045081705
0,0.38909573441149675
0,0.6207540557424988
0,0.5017988235820043
1,0.48416456462384694
0,0.6837467165224518
1,0.6103798938091192
1,0.5260399704860849
1,0.5573418923059705
1,0.4465262546036807
0,0.4982959686467326
0,0.4946567398776126
0,0.5186228025525691
0,0.4479855842482239
1,0.561577383482319
0,0.5108365276471615
1,0.595851266106147
0,0.46290722093753783
1,0.5693887307419301
1,0.4613185160761836
1,0.4494555471957384
1,0.5705404479298127
1,0.5653370389520928
0,0.4417423466694607
1,0.6104265225914484
1,0.4541739116405156
1,0.5999376037869224
1,0.5590132064714488
0,0.5012459102070859
1,0.4733015300188454
1,0.6111237574435758
1,0.47056051992641607
0,0.4541874483772137
1,0.5476291424388101
1,0.5516305571002074
0,0.5440216499734847
0,0.653786924151454
0,0.4344217240108703
1,0.5429981840417832
1,0.4820391307133066
1,0.5622460881993891
1,0.4496013440059966
1,0.45994788656435326
0,0.5671076707774454
0,0.5818454176785486
0,0.5962622276003038
0,0.5432476251400679
0,0.405582224017399
1,0.4529262177223943
0,0.4169343665254232
0,0.5406910509254174
0,0.5013468175029638
1,0.5281162748742495
1,0.4621831840908253
1,0.6610617598303795
1,0.41841691142720405
1,0.5128473303164018
1,0.5464835685359976
1,0.4762076703128054
0,0.5937177509456378
1,0.5974534213058769
0,0.4293802832900851
0,0.45049768878737867
1,0.5724715282443485
1,0.46529643162625745
0,0.5456115080498146
0,0.4858048365453978
1,0.38588771597342775
0,0.4909162673829859
0,0.4375830134946083
0,0.532013424925674
0,0.5132059524165851
0,0.5910275341560375
1,0.49052125984972833
1,0.47341725179571853
0,0.4131536486950434
1,0.4275334070569979
1,0.5980256464446265
0,0.4948913855510127
0,0.4730834964146049
1,0.5922162205105761
0,0.5034615282594712
0,0.5597853356508116
0,0.5199744057369764
1,0.5053278276218991
0,0.4253639321335306
1,0.6214304269792599
1,0.48242995397483845
1,0.5359429050505552
0,0.5199824344902946
0,0.4626932212044408
0,0.4399444695251465
0,0.4187965843631013
1,0.4922798370984288
1,0.5948250448063008
1,0.5249136138286457
0,0.5730505729190255
1,0.6190485661531505
0,0.5868655187673303
1,0.5721002987047045
1,0.45888148535972106
0,0.48481743681901046
0,0.6344810925444492
1,0.4959099557654738
1,0.5761093923186528
0,0.4300373970372286
1,0.49088263948431554
1,0.5642260293627113
1,0.502689927670781
0,0.5040865876189322
1,0.5302176234076191
1,0.5605295218790897
1,0.5048038519941116
1,0.5475047588650206
1,0.5778849676193211
0,0.5533541005649262
0,0.5604993940873184
1,0.48587820052911546
1,0.439878250008163
1,0.49670960689642774
0,0.5386773937639562
0,0.47963365387792134
0,0.5190251174719611
1,0.5260161891178139
1,0.4326496312133919
1,0.48718988613473113
0,0.5281182291971053
0,0.5040121375019843
1,0.5647472589769065
0,0.5075023062800811
1,0.5627753634772026
0,0.5511421490067264
1,0.493299824520945
0,0.5081214253374312
1,0.3870339699147031
0,0.5546065409262131
0,0.5361959037662882
0,0.4558449553202834
0,0.5499631372099759
1,0.5221184277223635
0,0.4091178728168405
1,0.5624831875462067
0,0.37821641942495304
1,0.5363140408859944
0,0.49473112995379864
0,0.39961027758742873
0,0.4799965767243344
1,0.5330611958421273
1,0.4284593531519936
0,0.36541406251277225
1,0.607905983224091
0,0.4845607547222244
0,0.6054380817747037
1,0.4984229027239698
1,0.3922697910630242
0,0.37313885796551294
1,0.6536864832545437
1,0.3799054393419976
0,0.4638543661236134
0,0.46477889676304274
1,0.571901835393293
1,0.6645492456574565
0,0.5318983717821383
0,0.39390438262732047
0,0.3524404732375252
0,0.5240130112179068
0,0.4792867530763256
1,0.43183134770608894
0,0.449363717362435
1,0.548467358182128
1,0.4750877897816033
1,0.47648381887668884
1,0.5921770686244868
1,0.5682155231138781
0,0.47724209367131
0,0.5252730548912382
0,0.5353983212700283
0,0.4502535706232785
1,0.49565510053614686
1,0.4002374505355174
0,0.3775456220941522
1,0.5837717829016985
0,0.4680398603189047
1,0.5105937403295044
1,0.5539600518920942
0,0.5637326531636653
0,0.581839668717012
1,0.5074263848381056
1,0.44992135497842517
1,0.512516624757983
1,0.563298050199517
1,0.5857063276092306
0,0.6800855454675315
1,0.5140264981471532
1,0.5210968279543667
1,0.44852505184700525
1,0.4582708073226488
1,0.4388283870154024
1,0.6164677489272152
0,0.38711423687533675
1,0.5181503450836036
0,0.4012120530288154
1,0.5513644959695475
0,0.5221911410166847
1,0.5617857092532299
0,0.3842560208037311
1,0.5577854013865476
1,0.5037484610662535
0,0.4589949567035399
0,0.5019038702826523
1,0.45381455574289853
1,0.5014754822568285
1,0.525058895354695
0,0.3829978014035229
0,0.5472155294895064
1,0.49144491891613284
1,0.4852475884444371
0,0.4570467144009818
1,0.5103544806027727
0,0.4587258159700219
1,0.4752776647050558
0,0.4959674946572457
1,0.43578237268890324
0,0.4329362069392669
0,0.5280129500053511
1,0.4555647741173804
1,0.5796751617678818
0,0.4849846832488123
1,0.611114999430165
0,0.44825672868575406
0,0.43123527455128086
0,0.5462170228386805
0,0.5046023685283971
0,0.5395097881685667
0,0.5493269485784359
1,0.5895182113551799
1,0.5087585916536598
0,0.4630635223987699
0,0.5698662590295959
0,0.4499086437413809
1,0.5049127904746431
0,0.5415361186604426
1,0.47529817901558186
0,0.5077992531437225
0,0.5761571671478707
1,0.40625333523264795
0,0.3819504812652159
0,0.5519435885153947
0,0.47997038823170807
1,0.5283356901675476
0,0.5695467392749264
1,0.4604142239894842
0,0.36307458023948497
1,0.47753127042361815
0,0.414547382401381
0,0.5099653297835561
0,0.5760731376863613
1,0.5273936198138339
0,0.5999521864997728
0,0.5424599412599371
0,0.5079129513230862
1,0.46162659181486565
1,0.44828152842578706
1,0.510716604946469
1,0.6090725658481708
1,0.5159867837901919
0,0.45032414321913167
0,0.4630718133164524
1,0.5504923481647225
1,0.43723124624488746
0,0.5837592405662358
1,0.6014067265595352
0,0.4084398759146693
0,0.484198154789809
0,0.47805125293597567
1,0.5287656069427192
0,0.4316980418399006
0,0.4995219225926836
0,0.6051683129153949
1,0.5349309613500967
0,0.49333464393445653
0,0.559244338114006
1,0.519691972185328
0,0.4283483986306267
0,0.4316533515764982
1,0.5518493830736593
1,0.36797064775748217
0,0.5388677775095976
1,0.5550162002801633
0,0.5700796941171316
1,0.5254394372615206
0,0.48681545127723636
0,0.5217686605098925
1,0.6342180295550114
1,0.4204840176746342
0,0.4970873136576202
1,0.5498365019795128
1,0.6097463507216518
1,0.507696713672815
1,0.3925208274230503
1,0.5986387779002383
1,0.5092556300418728
1,0.6032960949814072
1,0.5402882563042058
0,0.5379534898578254
1,0.48050240113145193
0,0.5612307947060113
1,0.4717480789804561
0,0.4839871390974426
0,0.5170129418660655
1,0.5474074980351887
1,0.5637282930839259
0,0.5921122088510791
1,0.6385216815723684
0,0.4687426286087808
1,0.4874779476449878
0,0.42727339941672327
0,0.5671883220430729
1,0.4713226978006211
0,0.394161693064435
1,0.5625131296418423
1,0.4956942541040796
0,0.5770047675827026
0,0.5122519623784085
0,0.44148171716673035
1,0.3982962168086623
0,0.49291684535592667
0,0.5374388382005586
1,0.5242169411397902
1,0.6736609676875215
1,0.5006038964173516
1,0.5681908475052291
1,0.4492982322224236
0,0.5579968058317634
0,0.5584298434293731
0,0.43985808318004066
1,0.5325712870472282
1,0.4529568539393721
0,0.5479344506773998
0,0.5790162807018528
0,0.3912808642058015
0,0.4356240822194216
1,0.5137096292630355
1,0.5375884003295791
0,0.4371989246979087
1,0.5030991460646703
1,0.5587458347511309
0,0.43225886467964275
0,0.34189459080056955
1,0.479690254597588
0,0.5825804720283274
1,0.49134643139763756
1,0.3754595521320906
0,0.3205819144372175
1,0.6258394631274047
1,0.4597216141844155
1,0.5324356270759012
1,0.5261481551798232
1,0.33629732680711144
0,0.4834020634887499
0,0.3532909705232529
1,0.6041344888699477
1,0.5512651965054649
0,0.5572173561691459
0,0.4844220234630157
0,0.37374396801944304
0,0.47611807921415694
1,0.5954740170720656
1,0.4953720127414822
0,0.4832345067523963
0,0.42507569002753554
0,0.43404153146741176
0,0.5279608738194883
0,0.539327820565281
1,0.5246841181157996
0,0.6053605096571347
0,0.5077176590214444
1,0.576664779155049
0,0.5637344923704646
0,0.5390491253196295
0,0.4760630323289375
0,0.6278657280650236
0,0.44896359208802566
1,0.5001244523596465
0,0.45734771498924504
0,0.5575389108231573
1,0.5544854596140815
1,0.32743770448390647
1,0.4311243196036412
0,0.5757624509518939
0,0.3729038984084755
0,0.5536903930891603
1,0.5765778602545183
0,0.3697976056042414
0,0.4504526201452502
1,0.5211270886774151
0,0.4561722985217171
1,0.4510857801300112
0,0.46360033893554214
0,0.4738571294210622
0,0.5136136676899766
1,0.3392457671820866
1,0.5356843717317206
0,0.5173618448598282
0,0.5118167759474926
0,0.4031736489354347
1,0.5578146603781126
1,0.49963359760842035
0,0.4840302212682494
1,0.3988313480051411
1,0.5560198651009867
1,0.5328545458279884
0,0.548452127829035
0,0.43587941866603475
1,0.4557220676959802
0,0.49496023988811894
0,0.5350933838220768
1,0.574516680191352
0,0.3976459762687805
0,0.4485239681544048
1,0.5170254912763179
1,0.6423900681736261
0,0.46734850261122934
0,0.42914054806607754
0,0.472320292242295
0,0.5043587963458118
1,0.5331238734450319
0,0.4401288702228744
1,0.5357078530213166
0,0.5563895031321151
1,0.484430007334111
1,0.5935952495788637
0,0.43328658290756106
1,0.49483182102431766
0,0.5357257820909498
1,0.6427622863271839
1,0.5638345357562929
0,0.40475966902372723
0,0.5055224269269564
0,0.5633232321190293
0,0.5565805206416221
0,0.6479859234632847
0,0.49641807718660724
1,0.5145754835164561
0,0.5168710639057608
0,0.48241326219565084
1,0.567936376177488
1,0.5346481839545589
0,0.44198802796605263
0,0.4496573054321918
0,0.5744437726748999
0,0.34737762229205776
0,0.4236655226425847
0,0.4948791596037608
0,0.4749042983353305
1,0.5926834442764591
0,0.518509908185704
0,0.49504657050280915
1,0.6438085959392181
1,0.3091933255713898
0,0.5751678951109026
1,0.6618375755992899
0,0.6613594079166157
0,0.4983105363155185
0,0.5645989859190832
1,0.4006825095374899
1,0.49069099011065354
1,0.536337533544967
1,0.37693798633927533
0,0.4518261254031181
0,0.6238272757833336
1,0.47635618193672646
0,0.5342309201077442
1,0.457960684000374
1,0.5698666252851673
1,0.6459015158422792
0,0.4460629304642929
0,0.35794435451720297
0,0.4672931854048402
0,0.49671665251777397
0,0.42270726865193337
0,0.41919577024151494
0,0.4669935277413107
1,0.43120032731704544
1,0.37944996193476266
1,0.4956942541040796
0,0.5016500728309689
1,0.43866619782453237
1,0.5583529208075485
0,0.554751972527086
0,0.5333821202399511
0,0.5131803401135184
1,0.4812444279042276
0,0.44116567762403175
1,0.5202255654708726
1,0.5287787577038936
0,0.6565672468069284
1,0.4623460159063764
1,0.42786072071848924
0,0.5209338091200395
0,0.5331853025680194
0,0.530229018464825
0,0.45137021501012836
0,0.4995579376025651
1,0.45207395981724297
0,0.5671449648095604
0,0.3862537300345967
0,0.42299486186717167
1,0.40236535449267663
1,0.5440947515706396
1,0.5758847580232886
0,0.5963757576536055
0,0.3448742496476806
0,0.5963685057848999
1,0.4108856154456012
0,0.49827203579411317
1,0.5771499748855841
0,0.45719452057023924
0,0.46683647797785904
0,0.5249322378912952
1,0.5228150852833869
0,0.44335969397480623
1,0.5587340453158404
1,0.41831455299235265
1,0.5375430771846261
0,0.39656123496537404
0,0.49951577405236863
0,0.5342201761203534
0,0.4432506656443663
0,0.6120355762589532
1,0.5491158993101231
1,0.5935421380194308
1,0.5484378351054033
0,0.3371745383161241
1,0.5623187994155551
0,0.562929453466785
0,0.435517979415411
1,0.5001591622434359
0,0.5424403038218931
1,0.4775177165561473
1,0.5264935995321585
0,0.4814826926338771
1,0.5386027075821603
1,0.5172736490828481
0,0.44554945630773574
0,0.5368203399698815
0,0.46931244265063454
1,0.5975676995319812
1,0.4858996987576695
1,0.5224754355974045
0,0.5926240924588569
0,0.4406352321032027
1,0.46341118335347525
0,0.4211085743913569
1,0.4088668676948793
1,0.5346455170751115
1,0.5388338922296558
0,0.4424174693717147
0,0.44982152726110264
1,0.4203973307863224
0,0.4505035849704857
0,0.47588857267448986
0,0.391343787533364
1,0.5855206193337094
0,0.441645350990569
0,0.4418959522247794
0,0.536390788756214
0,0.45429008895971174
1,0.5631701601674688
1,0.39524395618398983
0,0.5100641146393018
0,0.49907395740570315
1,0.5064985599984759
1,0.423243962240775
1,0.45275032940607546
0,0.5546265768907982
1,0.4601452626947871
0,0.5068981412756217
1,0.5086053076678172
1,0.4761275443021615
0,0.4210386858165681
0,0.5697597250575444
0,0.45281685752707235
1,0.4989623721119169
1,0.4365032377885949
0,0.40328085113758616
0,0.3980820525088925
0,0.4126470289783983
1,0.5337154078552993
0,0.5461143279311442
0,0.4137441294513208
0,0.5410028504834806
1,0.3782098969914437
1,0.4819029717335865
0,0.5088999294169051
1,0.6209166609136103
1,0.570558179870188
0,0.5556997625594291
1,0.46341443619918726
0,0.5552653590724581
0,0.5471977948327438
0,0.4208963477356403
1,0.5622825462185082
1,0.5404630884091159
1,0.4520564126758678
1,0.4660843549248127
0,0.5024900272356954
1,0.517853794392825
0,0.5271046974574636
1,0.5326532854109952
1,0.5454923253303192
0,0.4922608599843773
0,0.5799020503482382
0,0.5799581003076222
0,0.5730199798894215
1,0.568598581917808
1,0.5229368886343448
0,0.5881210454869537
1,0.5193317341452316
1,0.4431529359984467
0,0.38738432104066045
0,0.4029466839484511
0,0.4693002515776491
0,0.5056906058018977
0,0.4991384057855067
0,0.36500190238103575
0,0.47449528649109757
0,0.5015134855209282
0,0.4711112757742012
0,0.618194682999362
1,0.5616484174999078
0,0.4885789380411365
1,0.5998336282642248
1,0.5435911750337633
0,0.5173400604187022
0,0.48220855629964166
0,0.5276535635560403
0,0.49147248050228076
0,0.6007493641315815
1,0.49731433542343684
1,0.49225990762329724
0,0.49844186966048754
1,0.4220597960622355
0,0.5012052054386383
1,0.6270613303661697
1,0.5348923333106318
0,0.5176383334318221
0,0.40103523671885877
0,0.48522515923538895
1,0.5104575482664213
1,0.5697597329589748
0,0.49159616703694314
1,0.4523651054448626
0,0.3969022835345261
1,0.6187695089755945
0,0.4474042334561287
0,0.5709357444775183
1,0.39584584212075014
1,0.4337068838023002
0,0.4670669113812926
1,0.6245340170952414
1,0.5042707771461091
0,0.4461613500304199
1,0.47852018767871707
0,0.41956043655845093
0,0.47648436592918675
1,0.483743155079752
1,0.4030255190032551
0,0.4851593571768496
0,0.4418242471626286
1,0.5302411064124725
1,0.5170129359554232
1,0.5291632044650215
0,0.5879728824433721
1,0.5266741649051662
0,0.4612751723101091
0,0.43333986937231656
0,0.45182222780768805
1,0.37257832032805793
1,0.5905062716504074
1,0.5178739995365406
1,0.5437641257365768
1,0.29789445510315027
0,0.34628162066645507
1,0.47002013983775437
1,0.4950783022004026
1,0.4692887890541351
0,0.6248901882282547
0,0.5103056959076312
0,0.36336386033047696
1,0.4818640261381045
1,0.5620742671198935
1,0.5969247502917918
1,0.5951857214560137
0,0.4613356433282559
1,0.6593748434481959
0,0.3767056672988022
1,0.48727156267302063
1,0.519545199324811
0,0.5838161413836664
0,0.42888665858818187
1,0.4984584330101731
1,0.4920400260523652
0,0.5229187647249479
0,0.6253904728699916
1,0.5211745479612856
1,0.6031116964000797
0,0.5806082909491457
0,0.5554648756821055
0,0.5854147315280972
0,0.3645312247538473
1,0.5492468435826626
0,0.45502207863073524
1,0.43609196200877726
1,0.47687320549461826
1,0.5434265137556559
1,0.5273139087014119
1,0.5886488530857047
1,0.41929817647026735
1,0.42554373411182356
1,0.4414471158394646
0,0.5643634764748787
0,0.47587646579752235
1,0.5895508944855542
0,0.5747344578848967
1,0.5679454126395997
1,0.4086854055486993
0,0.47874977562140075
1,0.5292024045098287
1,0.5007285603697026
0,0.5295206437530979
1,0.4904061587146745
1,0.5415905070258842
1,0.5112664167561485
1,0.5222668946628243
1,0.5462464570402845
1,0.5310712029961524
0,0.6081584476062408
1,0.45400686055227385
0,0.5732631606312492
0,0.612243456252598
1,0.5394246037919692
0,0.4230959725594928
0,0.5168264366657214
0,0.39995477993337186
1,0.36577048210394775
0,0.46160054682418916
0,0.3713708662630248
0,0.5412023999508313
1,0.47815236554741586
1,0.5216807908866841
1,0.5249464817338855
1,0.5973140836793751
1,0.5524652667259605
1,0.4266621924276614
1,0.5009492461171077
0,0.48490120668586495
1,0.4777882522333416
0,0.5059654647181336
0,0.4591296210305662
0,0.4995321192810669
1,0.4044991444557922
1,0.5709316829119213
1,0.4693162407580533
0,0.3285662449505075
0,0.5118649042556463
1,0.418084643818766
1,0.5774985842183249
1,0.5022948488857232
1,0.5717875856723698
1,0.5758738269906646
0,0.4627301728590618
1,0.48291538269494355
1,0.5111075192894057
1,0.507271876773985
1,0.5416450561423392
1,0.463191843707251
1,0.30124986785380353
0,0.4286425113146321
1,0.4992002917936618
0,0.44259860184976996
0,0.49922884280106344
0,0.3989364350131788
0,0.42049721959400643
1,0.5346785573554619
1,0.59342912622661
1,0.5255320156648258
1,0.4408573859628941
0,0.37798047500419635
0,0.5485960678389588
0,0.5716759061615541
1,0.5390174107844387
0,0.5127152677825194
0,0.6652854458568221
1,0.4222092402855484
1,0.526760821344993
0,0.3730180360749271
1,0.46094897854136263
0,0.5490073637742926
0,0.5995078425683156
0,0.41786963019051954
0,0.4374441507982615
1,0.5940503211642021
1,0.5117384962645042
0,0.3774344989207348
1,0.6199523752443644
0,0.38353670795145556
0,0.503955080435356
0,0.5671972443053316
1,0.5826119439510151
0,0.571332210613688
0,0.5310015687434372
0,0.5295254480204584
1,0.5219693686724678
1,0.38139983841890385
1,0.48787683609911187
0,0.4453600379544994
0,0.44597651643482644
0,0.4941265187727947
0,0.5036403558242525
0,0.6088039913968036
0,0.4250584138002057
1,0.6431496813118514
0,0.5947699746583955
1,0.4795164705160208
0,0.639388424251052
0,0.4933782239588942
0,0.48995189107724807
1,0.5285722031617955
1,0.5533324823755692
1,0.5396268264312307
1,0.5262515750768455
0,0.4729085512031164
1,0.5589482425755383
0,0.528896643588048
0,0.4428778085173484
1,0.40638170888624314
0,0.5491290022585789
1,0.46399733539929433
0,0.5201876321932858
0,0.4182301012517876
1,0.5718266437933058
0,0.5282986975425076
0,0.3689050733484482
1,0.6601098371125163
1,0.6033345040989437
1,0.4685802538441636
1,0.39347783866087066
0,0.6236631041566899
0,0.3904428164437625
1,0.32278832228861926
1,0.419685515219546
0,0.45370737846333953
0,0.484273773829828
1,0.47490369425263856
1,0.43496405503216906
1,0.5286946784049757
1,0.5405562791784507
1,0.5327210304052943
0,0.354650096121841
0,0.5333352069359711
1,0.5787341527929963
1,0.4996464740986828
1,0.4011507477138541
1,0.5407894197460543
0,0.6307054884201017
1,0.5450913333171825
1,0.5856072147241195
1,0.5512673177803928
0,0.4822061423266784
0,0.5276106282234904
1,0.48753816637050335
1,0.6275333197649389
1,0.5138524481897582
0,0.6141753804533487
0,0.39904066555511547
1,0.44270303508085185
0,0.488829483934836
1,0.45683721581141085
0,0.5202336500252182
1,0.4550581192907504
0,0.520933996469638
0,0.49915664050586456
0,0.4648353289314101
0,0.48104828169363845
0,0.5054412351153825
1,0.5458055075208142
1,0.5236259300950987
1,0.5917588546060398
1,0.5601005323672972
1,0.4911769435855801
0,0.6767834486052022
1,0.5662183006313217
1,0.38850991444361777
0,0.5226569572155154
0,0.5397843216079768
0,0.49815943960358483
0,0.4457785132622236
1,0.5072917115398557
1,0.5869182351900845
1,0.5627659542914437
1,0.43667904522600304
1,0.5122062589104015
1,0.409544722023437
0,0.5101671026603374
1,0.5301134118941571
1,0.529082056048832
0,0.5036484789130691
0,0.5055327226884028
0,0.5691217029102954
1,0.51150555236167
0,0.484807721418297
0,0.47037640136674314
0,0.3953271341114559
1,0.529359067870791
0,0.4784300781131564
0,0.35693328432000304
1,0.5415832261773534
0,0.37032682490611607
1,0.5217199631461686
0,0.5732357707106721
0,0.40088199883764414
1,0.46300197436210366
0,0.44204261846047604
1,0.5216814476169261
0,0.36750976913601585
1,0.4670311454241012
0,0.5748368476510667
0,0.44371733741214936
1,0.37707434850103505
0,0.4158808809663415
0,0.41390599132556105
0,0.43989741843114033
1,0.5295681045616342
0,0.45458466860550967
0,0.5244421143029022
1,0.4451952504230628
0,0.5879620725182211
1,0.6357510360412866
1,0.4933230812946177
1,0.6699513487847566
0,0.5548860649274907
1,0.6101764681699491
1,0.5165432679554105
0,0.5352488048111631
1,0.3734301014660169
0,0.46997840709212413
0,0.5719819600950046
0,0.48809065909215965
1,0.5236133261213884
0,0.3618027086011519
0,0.504100707008406
1,0.5268397901956092
1,0.5089570246041716
1,0.49294076133317405
0,0.38004797306228516
0,0.5544557304650845
0,0.531932047737005
1,0.4640040946571192
1,0.4443380233985375
0,0.4270486969042617
1,0.5083888096909812
1,0.47242839730732095
0,0.47492621326427814
0,0.4322807458791976
0,0.4510248678904094
0,0.51230379441301
1,0.45309164241176914
1,0.5543489350893573
0,0.49074622536520657
0,0.5761665304531779
0,0.5630099938099418
0,0.49521567026654295
0,0.5653406340700805
1,0.37300411682034057
1,0.4169057200618659
0,0.49245330433149764
1,0.498320115457608
1,0.45480293716317366
1,0.6373561248536035
1,0.39449468573930546
0,0.5447317719582956
1,0.3669555746904554
0,0.4528535014591677
0,0.4623916776072174
1,0.4804052597112498
0,0.6307383018838166
1,0.5109264218121083
0,0.4448293676852417
0,0.5760464352827026
0,0.6158384525781764
0,0.471802259976124
0,0.5192015405193944
0,0.4514614651828912
0,0.4148001477102368
0,0.5527121809241948
1,0.648710442369094
0,0.5129161589386088
0,0.46611811287697447
1,0.5828219684550002
0,0.4653874424839144
1,0.5436056987765923
0,0.48057392448413283
1,0.49910392104849327
1,0.4830160877901732
1,0.504545076485801
0,0.49990110156726536
0,0.5449971032003054
0,0.560863575587903
0,0.49762954762776507
0,0.5010039119398684
0,0.5953664656367755
1,0.5695573160754305
0,0.44480221388800617
1,0.5293510149032303
1,0.45640021318352664
0,0.47382746430428724
1,0.5971345306820004
1,0.5426735119980206
0,0.45934975606088724
1,0.4194372993902879
1,0.5181597751996508
1,0.4515679983151553
1,0.5352609897238941
0,0.5280170703972713
1,0.48150928748388155
0,0.6179002208812082
0,0.58558058316643
0,0.44148652448156817
0,0.42729909693837487
1,0.527710330954898
1,0.5064469180748473
1,0.54019386657578
0,0.5575781596095469
0,0.45280114691310036
0,0.6024700145029134
0,0.5121473753305986
0,0.4124815685614529
1,0.4602827321115091
0,0.6798436618952964
1,0.45864064719105274
1,0.5432300212047215
0,0.4957511327213375
0,0.43621829267576445
0,0.5463436635263055
1,0.4550966670408559
1,0.5503316964909928
1,0.5875927843526234
0,0.5848444257474662
0,0.5674000115780831
0,0.5195715141454688
1,0.504169902015891
0,0.44698746730315125
1,0.5135693635551664
0,0.5445575796850315
0,0.5112077594825387
0,0.5471052749302571
0,0.44642076439950346
0,0.4018892532022354
1,0.585455177127321
0,0.4138281657506501
0,0.41897600301790694
1,0.5026694709089923
0,0.5424788526396199
0,0.3644873574444301
0,0.5255986148603277
0,0.5480426022041054
0,0.4537777608259985
1,0.4880088150944215
1,0.575679191176358
1,0.6122647055941736
1,0.5277223971678187
0,0.5272460421974888
1,0.5171333429692999
1,0.5052233012126757
0,0.4126656057420551
0,0.3731788114731915
0,0.5509479407073183
1,0.6018123804088898
0,0.4517725600302697
1,0.49593652515202274
1,0.5501586870648084
0,0.45523522457963167
1,0.5766076636020404
0,0.4577406091709942
1,0.5320767594418239
1,0.5033467271325274
1,0.5371129260820745
0,0.44347478432166587
1,0.5299491363368499
1,0.47583302433321617
0,0.5438879265253801
0,0.5359884605885367
1,0.4502078048621043
1,0.6475017243101548
1,0.47982527650179835
1,0.4784266595711819
1,0.5914042671848527
0,0.5013246144277819
0,0.4574841006703132
0,0.5083122228822812
0,0.4910172297309851
1,0.5641252503426242
0,0.41947035356220885
0,0.519783910644788
0,0.436327285823863
0,0.4706689297025669
0,0.5694940911022931
0,0.474842046353609
1,0.43480880105664044
1,0.40333523663224546
0,0.5626046817002608
1,0.5040151931800788
0,0.3862308454989055
1,0.5167764325524072
1,0.42782285487964783
0,0.5140352499693941
0,0.5449242814048862
0,0.44847504780383146
0,0.5871015580919208
0,0.6616801655841943
1,0.49627034184033086
1,0.4657363703645164
0,0.5213174791301161
0,0.4089655972153494
0,0.39186055445505186
0,0.449568651882883
1,0.4520683775380724
1,0.6890966852470355
0,0.49264570576456207
1,0.3243145959816896
0,0.4388635491511667
1,0.5667798161685432
1,0.45845922499155217
1,0.5366227748121131
0,0.47040523841438864
0,0.5652897198054668
0,0.5390568733120831
0,0.5088388550964372
1,0.5023886026210335
1,0.5755695137695134
0,0.36756599568757486
1,0.4441287241473915
1,0.45886766867211426
0,0.5006257279963012
1,0.5911426729596072
0,0.44414881444899534
0,0.5042528065857059
0,0.4662724372180191
0,0.4368603078137683
1,0.41174327284765916
0,0.4989929961277541
1,0.44435670630956037
0,0.42859026015679075
0,0.352315763996069
1,0.5849029952294188
0,0.5562156643333731
1,0.5267095452846505
0,0.4688194844719945
0,0.4843973612084625
0,0.3773807366230894
0,0.600985313704317
1,0.5402999298476143
1,0.5305159961440551
0,0.450712128348404
0,0.514787831147098
1,0.5241574157051939
1,0.5265688772187783
1,0.5038193308849589
0,0.48075621252477446
0,0.47306843908470547
0,0.37956761129099464
0,0.3657924627581413
0,0.37741595506098863
1,0.47286401425666486
1,0.6285383668380282
0,0.4366490417164419
1,0.5187841451808096
0,0.5921976139082528
0,0.5439191219467516
0,0.6567997939002989
1,0.553255916268166
0,0.44300900829198536
1,0.5112815000037141
1,0.37300013813974425
1,0.4672271448787189
0,0.49099000062497317
1,0.4592259017225981
0,0.37561376142610103
0,0.3717684606679511
1,0.499048532915964
1,0.5228110133927616
0,0.43067850220618636
1,0.4908087245641108
0,0.5895668356531907
0,0.4122659153322468
1,0.5173200812460553
1,0.543654601263583
1,0.45598497822043704
0,0.5272764000767548
1,0.5843051001633502
0,0.38991080484967117
1,0.41726667858941785
1,0.5808187896094064
0,0.5806386505911028
0,0.5210783305887859
0,0.5116896475705639
1,0.5887398696901541
1,0.5286910974299699
1,0.5143858311239066
1,0.5743899144009746
0,0.5073740835843312
1,0.4958812801864021
1,0.44461482157714
1,0.5271564769003094
1,0.5673331654858207
1,0.5897620412754027
1,0.5503816467233947
0,0.4844439200827139
1,0.5097752133267442
0,0.43947514016247236
1,0.5715064321675227
0,0.452843945572957
1,0.6300807722030042
0,0.5022086716085855
0,0.4661828717082139
1,0.6860770394135924
0,0.49863022931775064
1,0.6214962105906884
0,0.5174029191983059
1,0.605819339827019
1,0.5828023643177043
1,0.5087830396934973
0,0.5898336793395985
0,0.5484298537514201
1,0.5600883471165848
1,0.5558866432701195
0,0.39075745077738805
0,0.4940275649724436
0,0.4321140675722777
0,0.4750460787109596
1,0.5673898244415436
0,0.3722522319435845
1,0.47747754482638116
0,0.4173397475616576
1,0.5368835188150127
1,0.4275474935387148
1,0.4343699896854917
1,0.5347772773988376
1,0.43597009270588444
1,0.5191344879672596
1,0.45023885821478005
0,0.5903438146990316
0,0.3718562149265641
0,0.4094308421831463
0,0.41535099877587095
0,0.4492555147533982
0,0.5625861249398357
0,0.7271394305136776
1,0.5237094407065056
0,0.5217947481297188
0,0.4117129843718537
0,0.5929985134432876
0,0.6020162350148952
0,0.5862272483514394
0,0.5359976410524587
0,0.5200124500873953
1,0.5783337517623636
1,0.5031296393113563
1,0.408604640310625
0,0.5706960913928013
0,0.5895205208563913
1,0.5103111753972686
0,0.3874699067508314
0,0.45449600798278067
1,0.6010108080522505
1,0.3545403812035929
0,0.46526360594262806
1,0.4344531508170251
1,0.39293499688728345
0,0.6273433729156345
1,0.6420769890558097
1,0.563744430579359
1,0.561920259560236
1,0.5879508742811403
1,0.5743311310877326
0,0.4331667030886381
0,0.5666645950628152
1,0.5140769837056431
1,0.5018541781974135
1,0.6049865127708945
0,0.6153919505188011
1,0.47709134007369197
0,0.5481429137325523
0,0.5067138923183819
0,0.42351604348251354
1,0.5980569826227522
0,0.5862454719585903
1,0.5639741470821316
1,0.5626966833577998
0,0.4204528140028961
0,0.4176922888048539
1,0.607928198525935
0,0.44993835608661814
0,0.45310415064871307
0,0.33792730355500633
0,0.4446432568416833
1,0.5162692978423449
0,0.5129969359108638
0,0.5851480910149884
1,0.5336040337655586
1,0.4506018671920098
0,0.5124135244358548
0,0.5532422024920228
0,0.5187289781510506
1,0.47406179417882566
0,0.49295457995287767
0,0.491252313599572
1,0.4908956118479516
0,0.5636493991400292
1,0.37677578838998066
0,0.45603451454113564
0,0.4361615139823773
1,0.4356972197531389
1,0.5542092329503666
0,0.596422934471848
1,0.6078056102259496
1,0.44976496087083784
0,0.6417308310397623
0,0.4187761572129617
0,0.3528780820181759
0,0.48306018915947124
1,0.5970364645208244
0,0.39585649325755307
1,0.5792948427670005
0,0.5786734196406762
0,0.41144705424716527
1,0.589923305582748
0,0.4547286409480365
1,0.5623461513935168
1,0.5674471493617477
0,0.5290562965477704
1,0.4459934633033524
0,0.6048288312689067
1,0.5072357163649941
0,0.543980457063378
0,0.44610395206517695
1,0.3759766377589978
1,0.4874718037489278
1,0.4041073623007413
1,0.48719800723173745
0,0.6118730702143266
0,0.4847021610067154
0,0.3631824572060156
0,0.489628631294227
1,0.6168672193210397
0,0.4453449042156963
1,0.5072880567940239
0,0.4794684207316176
1,0.4984278588749259
1,0.5208378983263737
0,0.5410766233305592
1,0.47377010601680947
0,0.5303472847826133
0,0.49656429350003295
1,0.5433037505512891
0,0.4085911879418932
0,0.47186901913074325
0,0.4425564938898652
1,0.4723419304767994
0,0.5467292972148053
1,0.3598117953079227
0,0.41109337566362963
1,0.5325508147533695
1,0.48963106253682975
0,0.469723529786427
0,0.532612470547211
1,0.502370454863972
0,0.5310742949710051
1,0.45886628071947994
0,0.5839014646097986
0,0.513638334979692
0,0.42352673044326594
0,0.49126893362244595
0,0.5185922297356121
0,0.4556886625809291
0,0.5092204872158509
0,0.523828011782388
1,0.5519588198892641
0,0.4781136461228272
1,0.476744495900457
1,0.4190319758434435
1,0.43773706025866715
0,0.4535303448591457
1,0.5103702425568812
0,0.4023098981927171
0,0.48267688354759797
0,0.48808015240225555
1,0.498986639566936
1,0.598782518674267
1,0.5267947784530437
0,0.41648229529851094
1,0.506039739085116
0,0.5042701192092264
0,0.45901533509982506
1,0.49833506946708417
0,0.5633487831420895
1,0.47261157444490814
0,0.4663270473006916
0,0.4813662546939783
0,0.5956020588217812
1,0.33229966473709693
0,0.45880893368838355
1,0.657043663985003
1,0.4157353804504925
1,0.5772888690212387
1,0.5343883938409574
0,0.37875428203292655
0,0.45743304302716153
0,0.47625830641793454
1,0.5019873355258623
0,0.39045053078829833
1,0.4532234485082189
0,0.5395900309286775
1,0.55792353803943
0,0.46185699999513485
1,0.5196887639672659
1,0.494259255984428
1,0.4087255552224627
0,0.44249646406771265
1,0.43194822497730534
0,0.47327704460023173
1,0.34313987093364745
1,0.4447223834979418
1,0.5254231196661161
0,0.5726686151029747
0,0.465470481461916
1,0.6496361837078259
1,0.4724871602739339
0,0.3839911646845034
1,0.40143411810371693
1,0.6221103173529335
0,0.4567202636302835
1,0.5929595343588541
0,0.4730132163591045
0,0.49503947369534995
0,0.5070412488226862
0,0.4087394140918103
0,0.4079671417291532
0,0.5643673377881094
0,0.49572371888779865
1,0.456654865870771
0,0.4025762879162098
1,0.5028480855341088
0,0.5803194986439105
1,0.4663960386828393
1,0.5281458364130048
0,0.5401784278474374
0,0.4539640507334445
0,0.5912995026387382
1,0.4827903897213069
1,0.5829147715526348
0,0.5751245490844902
0,0.49444628277020686
0,0.5315033680305195
0,0.4522982585441203
0,0.364626168109378
0,0.3188723934590314
1,0.5262480995471418
0,0.3661608926219599
0,0.5284100032312188
0,0.5617882712306448
0,0.40541726684923934
0,0.4915614498728015
1,0.5750282249188804
0,0.5674464285718324
0,0.554667201422047
0,0.48736052767010535
1,0.5502025216156424
0,0.45253115539865263
1,0.44941901911741855
0,0.5771833473476947
1,0.3737087800754034
0,0.34978269667749456
0,0.44770870060201967
1,0.5737648428542874
0,0.4790786413942045
1,0.6209234745491049
0,0.5111123830010268
0,0.5482520433142621
0,0.5031505411098633
1,0.5057649631155234
1,0.3454469755661202
1,0.4552365525949117
1,0.5340843946429006
0,0.517784238000285
0,0.5470245257853713
0,0.3749053078464301
0,0.4442370871206907
0,0.41430978290052906
0,0.6632603187125755
1,0.438192056027731
1,0.46376762227150414
0,0.37589278266818954
0,0.44042442959948835
1,0.586163447450753
1,0.48427637914872745
0,0.4757598055657907
1,0.5030591044837696
1,0.5011815274553639
1,0.4728818152349904
1,0.48137274407014524
1,0.5097838951466758
1,0.4550653666824487
1,0.4462981340629653
1,0.4795818267035919
0,0.4913420187628174
0,0.5104100441367818
0,0.4508795865438991
0,0.4674708649327778
1,0.5858994238627361
0,0.5940868245507384
0,0.4948807739104756
0,0.556418299329086
0,0.543052348151069
0,0.4356017495115244
1,0.5654882291842177
1,0.6735530255062288
0,0.4796249222258788
0,0.5198312006659459
0,0.3911548597931985
1,0.39215923720346596
1,0.5520995268555067
0,0.39174998539987255
1,0.4827004620465407
1,0.5293442330511267
1,0.49302325441424155
1,0.5344301227575161
0,0.4793057761353207
0,0.4485386088202024
0,0.5161888188570283
0,0.5407193019815014
1,0.5175173094080665
1,0.36631675857147356
0,0.5031133363559318
1,0.49348718656922935
1,0.425414576525579
0,0.4682691159892014
1,0.5668976996089311
1,0.5847238097003585
1,0.40730342985385665
1,0.46628997484762147
0,0.435974833892238
1,0.5436551423200144
0,0.40175688365437373
0,0.573564833265285
1,0.5379487736834488
1,0.5033336580635676
1,0.5559756262596066
0,0.526043347691433
0,0.5833204782784132
1,0.5325732860251766
1,0.4250724645367537
1,0.49635948207084785
1,0.5409137807317201
0,0.3980527948722477
1,0.5352787944161767
0,0.4679677881086699
1,0.44283392452363424
0,0.4176252709619391
1,0.5845948407062319
0,0.5674424365374059
0,0.5182592638515766
0,0.4648355611407295
0,0.5170149122665675
0,0.5153055647233139
1,0.5973955243797979
1,0.5646302255509046
1,0.5803623740529925
1,0.5123101084195802
1,0.531920009745163
1,0.48008151068958765
1,0.43464430115852426
1,0.5027684491709172
1,0.549153392602188
0,0.4372653986825392
0,0.45755633571601945
0,0.5180184844482968
0,0.421891529413992
1,0.6523645810551415
0,0.4774958329023899
1,0.5900024766816298
1,0.5043912329292973
1,0.5688956842368904
1,0.4129523499840077
0,0.4704029857572076
0,0.5377456423042231
1,0.5047273896594503
1,0.5379358199804054
0,0.5858851487481309
1,0.48942000547248676
0,0.527689558276051
0,0.46262554839775544
1,0.5294409239676467
1,0.524518462657404
0,0.4623047629753164
1,0.4836986131930564
1,0.4973064782212234
1,0.44882673093461584
1,0.4337168662242619
1,0.5564367070383757
0,0.5476865379589014
0,0.4586007649209706
1,0.45146929259196833
0,0.5983859611384702
1,0.3996145930282432
0,0.6011151904299593
0,0.4955678033187002
0,0.46011526289162863
0,0.4809577415906285
0,0.4871909014877658
0,0.41180866937598265
0,0.567968982415055
0,0.5131381919450184
1,0.5858361355356254
1,0.4752946406684377
0,0.5202651556562405
0,0.40852669599126834
1,0.5687566647848321
1,0.6354471404501973
1,0.5045628512581306
1,0.5644246782763322
1,0.5233551020313556
1,0.5001177739526237
1,0.5167924064142086
1,0.5313860934196443
1,0.5099310608895161
1,0.5485753156348905
1,0.4230594428148552
1,0.49856087803174975
1,0.4592218526995181
1,0.7263126886090643
1,0.6273983990502573
0,0.5622832714724069
1,0.41641053874770556
0,0.4896550782552158
1,0.5932755902506013
0,0.4901200826386841
1,0.5063511892712855
0,0.4064482942988124
0,0.5051460520267917
0,0.49750838368486533
0,0.5304519145164913
1,0.3545881144038338
1,0.4552606308853792
1,0.4669905398907078
1,0.5249055315384111
0,0.42045055429266115
1,0.5145433104778218
0,0.5265974069415018
0,0.47569748608989126
0,0.61274673606541
1,0.5069119057712758
1,0.5680034806188485
0,0.4484622348607628
0,0.6442241486596108
0,0.4855265553151465
1,0.5639153691454036
0,0.35079557024537894
1,0.37596314883374854
0,0.4276702691004011
1,0.41312259135221086
1,0.476727456546076
0,0.5283724923367256
0,0.5744533206687402
0,0.4964377765571346
0,0.5559605807013689
0,0.4635509560940031
0,0.4361878237438079
0,0.5222378721057821
1,0.5432056555862701
0,0.43389402467073324
1,0.5089043276191544
1,0.534491261100974
1,0.511690379987108
0,0.48313410602332746
1,0.4804702275461848
0,0.5453293015786969
1,0.42721174872802214
1,0.5450650612726745
1,0.43528533522526197
0,0.4988389293308955
0,0.3706177557679311
0,0.5420957064910266
1,0.5395243650987946
0,0.45469592240399564
0,0.409959703964466
0,0.526409447768989
1,0.49743969547148326
0,0.4583714026714589
1,0.4756634743188258
0,0.5831989671341026
1,0.47333250679846844
0,0.41240742369816774
1,0.48989643176104614
0,0.3658023143323727
1,0.49157772517818593
0,0.5288345195913625
1,0.40633663333479586
0,0.519642833412425
1,0.49912383928403037
1,0.5720067217409381
0,0.5559498768709081
0,0.46567728464339114
1,0.4096713623470845
1,0.6542168586145274
0,0.37041101846124125
1,0.5382003266208157
1,0.4550991039165851
0,0.5154937866856919
0,0.4251868932591252
0,0.4755303691352077
0,0.5440320849115736
0,0.48619772644007464
0,0.4934122222664392
1,0.49672969134709927
1,0.5058032420207088
1,0.4266922724678898
1,0.5761015090365584
0,0.3773122546814993
1,0.45673377440847174
0,0.5319179599544935
1,0.6086963635892388
0,0.5437037132631686
1,0.5425697123077111
0,0.5014288605140744
0,0.5860055296184469
0,0.455415956305039
0,0.4963290059238499
1,0.5226542601833847
1,0.49435611533163115
0,0.5801558885381938
1,0.41394351797841666
0,0.5245343632350795
1,0.4889766906246524
1,0.44932412192415716
1,0.40880520824861327
0,0.4440839834004429
1,0.6196513745731697
1,0.5612655637506425
1,0.3722509141596871
0,0.6141922142762695
1,0.46529498077419373
1,0.385852586134168
0,0.5785390232674271
1,0.5368520114211836
1,0.44185378230544287
1,0.6420898099718163
1,0.5577803913325362
1,0.47455886941734293
1,0.4565670785765501
0,0.5283608404319207
0,0.44336709008148156
0,0.44247380937948394
0,0.5067986991608986
0,0.49378728092540985
0,0.37106225734624304
1,0.5190132788752306
0,0.6140692117402711
1,0.5273255405809483
0,0.5114215375640935
1,0.4523651054448626
1,0.5273519095110839
0,0.5552274087920535
0,0.4592105085593994
0,0.4220908861872252
1,0.3947995375193091
1,0.5512362720961015
0,0.4885099396569363
0,0.4774224566638024
0,0.6469619835864944
1,0.5739080605918798
0,0.5488355179772657
1,0.5159359311038157
0,0.547862519503298
0,0.42666308836644223
1,0.4810424352631181
0,0.5800825187119053
0,0.5193741961287104
0,0.5697079832731091
1,0.47268562310955864
1,0.5770910671629067
0,0.4547391652318421
1,0.5403962450415744
1,0.4444260680261513
1,0.3983928647412046
0,0.5533648135945274
1,0.35571360984318373
1,0.6123774331806867
1,0.46778346380405006
1,0.47060109128983496
0,0.42395634837105245
1,0.42651315413598917
0,0.48056982765779327
0,0.5775276267617293
1,0.4913919140831537
0,0.4267081216146329
1,0.6135466188930828
1,0.6488381496601796
1,0.4512704464455496
1,0.4710741776515416
0,0.5939939442998761
1,0.5657833940982886
0,0.503150084255429
1,0.5955231477872899
1,0.48209244557422465
0,0.4693234487085847
1,0.5631966173488729
1,0.6212872486865002
0,0.4647549222324878
0,0.48212320359183286
1,0.46756022005109754
1,0.5001710075053225
1,0.41491014653698877
1,0.5784401582271479
0,0.457967246983925
0,0.5550104920460524
1,0.4338371071785337
0,0.39108718788603986
0,0.40669029520140293
1,0.4770228910038426
0,0.5922144767853563
1,0.5136836865039663
0,0.5934308925961422
1,0.42314715344075277
1,0.4486521983140869
1,0.5323991284446333
1,0.5230373407685823
1,0.4192371857982619
0,0.45657322212820317
0,0.5058646580092818
0,0.5505004805214094
1,0.4365009723680274
0,0.610628733203067
0,0.5183342273863196
1,0.531612563089228
0,0.4618345494000401
1,0.4316634871615773
1,0.5355706720375288
1,0.4284986965137089
1,0.5462996330307179
1,0.47573536467793776
1,0.556424880450255
0,0.3505366515017044
0,0.497343373786968
1,0.40234421478747084
0,0.42550712952609093
1,0.602872069497848
0,0.4868483460131839
0,0.4861884891593863
1,0.5018454921947346
1,0.5966467364790001
0,0.5075923629508327
1,0.39778637001478817
0,0.4632917561998753
1,0.5440878176349125
1,0.5776607376564804
1,0.4556571433349205
1,0.5213186952006865
0,0.3954978146739887
0,0.47184666455029484
1,0.5304074159419174
1,0.4114967607820282
0,0.3239726194003244
0,0.375869105081708
1,0.49502656377134513
1,0.5649946186071665
1,0.5344995277575065
0,0.4109951812596602
0,0.5526666448541709
1,0.43954329213022064
1,0.48757028416348763
1,0.5775303811604915
1,0.5712794435167906
1,0.5061512835716969
1,0.4337684929282204
0,0.4498716307381283
0,0.4108224217769567
1,0.5937987064649507
1,0.4560945701518819
1,0.5796043215892177
0,0.5613151964185387
0,0.5261522318151088
0,0.4699483410160228
0,0.5106879347820057
0,0.42822144963152536
0,0.5034019896015564
0,0.39201185566021524
0,0.5140709239759316
0,0.48328165814825136
1,0.44587328044284574
1,0.4386878543805251
1,0.48838431141964483
0,0.5280767486252042
0,0.4313000704557023
0,0.49305143842624577
0,0.5301695602761363
0,0.5301968181310819
1,0.5717899442367282
1,0.5850278870533675
0,0.5044548735283877
0,0.5313576740092506
1,0.5182762710312349
0,0.6346858819944207
1,0.3523748385740424
1,0.5518170654142269
0,0.5271639469195165
1,0.43472436335527603
1,0.4867702819243647
1,0.5293233913354126
0,0.5577949982250948
1,0.6131757651618172
1,0.5539120073212943
0,0.41000358741000026
0,0.40006049434164764
0,0.524900552614627
1,0.5494008008066373
0,0.5130697653642328
1,0.5536026848380261
1,0.5397272797442589
1,0.5631173903816139
1,0.5135616033781919
1,0.6664979386480402
0,0.5665017999420544
0,0.3923523783957884
0,0.3344353076536012
1,0.5310017763158923
1,0.5593279506530919
1,0.5818423236320058
1,0.46983423761600773
1,0.521785017362444
0,0.5131857658944756
1,0.4243858819192124
0,0.5014003316465432
0,0.5039814359247473
1,0.6005890674359495
0,0.47732176384476704
1,0.5519894601054469
0,0.44969211147907473
0,0.5327507569433514
1,0.5040540853635326
0,0.5429895478208925
0,0.5023711783626509
0,0.5022932615148272
1,0.5067142415758165
1,0.5495841445572909
1,0.5978176972199298
0,0.5530569452181959
0,0.5447582748306408
1,0.5054974871586647
0,0.5154833254635444
1,0.4702433286717358
0,0.580532225529411
1,0.5819100570353789
0,0.546417938308292
1,0.43620186924381504
1,0.4920615168822628
0,0.41975593653436943
1,0.5133823680204394
1,0.5507693671250111
1,0.5731002144245199
1,0.4319195685405308
1,0.4381060821825616
1,0.5370093842439982
1,0.44269333260261323
0,0.4966615965813406
1,0.5728798943033235
0,0.2774747366502803
1,0.410600036310728
1,0.44652721211791857
1,0.48880182839300634
0,0.6211039245763033
0,0.5131997116351894
1,0.574210739825023
0,0.3948514950271892
1,0.5297092417432108
1,0.45888699120161774
0,0.6001295234188722
1,0.5537931261233963
1,0.47790744694282067
0,0.43209015963249914
0,0.5551067123788239
0,0.46885003270260595
0,0.41751435474000237
1,0.4603403551584775
1,0.5471344834625061
1,0.5319152442602659
1,0.46548782431459257
0,0.4429790828657125
0,0.5461889531808731
1,0.523342053858179
0,0.5963390692001208
1,0.5021780803557474
0,0.4108188142912474
1,0.5450180555528358
0,0.4765979446240226
1,0.43452891379098524
1,0.5293309077761829
1,0.5012990855761256
0,0.5029521971237224
1,0.4310102205678098
0,0.4293634131182028
0,0.4342849502011482
0,0.529980333373098
1,0.4731186398174781
0,0.5224547394459508
1,0.6041126939869452
0,0.5554352917765466
1,0.39959843286057667
1,0.4424396696821022
1,0.5285435079870122
0,0.4786982107172916
1,0.45893519361083324
0,0.575094117974465
0,0.4834934072086884
0,0.493013462770778
1,0.44935837023063135
0,0.3272734519162775
0,0.453380597561598
0,0.4644843034793845
0,0.5197052067929947
0,0.6511808618218554
1,0.40552304397596345
0,0.4671078893008275
1,0.5538564946224257
0,0.4468517334391566
1,0.4433212451626639
1,0.3768925358620296
1,0.5609443267681178
0,0.573189461359219
0,0.4150811095187092
1,0.5691526205358962
1,0.4012437655149879
1,0.5951720242856083
0,0.5691364629391092
0,0.423040866999431
0,0.4063751448313911
0,0.4816747438138587
0,0.4805227681745035
0,0.4331618949683074
0,0.5207150883288011
1,0.6959163446165297
0,0.40778894991681747
1,0.49995832267607726
1,0.38562533566167695
0,0.44042555387878707
0,0.517384082222898
0,0.550878148851927
0,0.4661392373332314
0,0.5220610250812678
1,0.6169017352702341
0,0.580952020294137
1,0.6417141606376306
1,0.5070406119861559
0,0.4986466425844053
1,0.5125112331415311
0,0.6490373182696701
0,0.5881083092999562
1,0.49535133943057114
1,0.5188282315161703
1,0.2941206020213891
1,0.5035036717647926
1,0.4362566083319997
1,0.5423809343247803
0,0.544739920378266
1,0.563824863190517
0,0.4033094373702877
1,0.5263982160230578
0,0.5096757279490678
1,0.5417947642724733
0,0.48406357988996246
0,0.4722679889475113
0,0.54799512909439
0,0.43944632666024536
1,0.5658391834189395
0,0.3658655795012846
0,0.41058750080137807
1,0.49242900597661227
1,0.5492729996624511
0,0.41293748621221804
0,0.5296937349132899
0,0.5016567572284363
0,0.45041520631621995
0,0.4381884218546242
0,0.36878344505727756
0,0.47012496154348427
1,0.5113041387972891
0,0.4889315800843247
1,0.44384710241963343
1,0.5236714196090161
0,0.5711581289849614
0,0.4698679486377231
0,0.5742257203685658
1,0.4770364012080286
1,0.4720790147453127
0,0.45180695834922535
0,0.46682408349245785
1,0.43832282753372476
1,0.491467573454403
1,0.5465702843353513
1,0.5560143925707732
1,0.5933842113604033
0,0.5054280340152774
1,0.32966796466212217
1,0.6038854173733355
1,0.5501233933819518
1,0.5719322854210609
0,0.45173867022800945
0,0.43039443612799216
0,0.4675278700500443
0,0.5406571325336148
0,0.5915161217000339
1,0.33378683765267314
0,0.3785596455388972
1,0.37338904674100104
0,0.4563866898048031
0,0.5684798960459332
0,0.3042909896864592
0,0.4013914209118722
1,0.5646773526313421
1,0.49580772373101606
1,0.464853799372352
0,0.45204088891984434
1,0.5166812292814494
0,0.361127655308918
0,0.5477713015249542
1,0.4885958911216505
0,0.579251070866167
0,0.5780206540928682
0,0.6213207598921922
1,0.5102028308542704
1,0.45894807785426295
0,0.5197237117681552
0,0.38623452989581825
0,0.5442065722888585
1,0.5299440686530019
1,0.4676101968536437
0,0.5245423148174899
1,0.5959355027533642
0,0.4663631236696505
1,0.483758873998263
1,0.40032270812994286
0,0.5203726985560555
0,0.40729542663271917
0,0.5236775524460924
0,0.5027759966694803
0,0.33769941065457926
1,0.6668423794820894
0,0.461695066266004
1,0.5074599729880926
0,0.33826686340103745
1,0.5255140948717552
1,0.5323620988925586
1,0.47346137010614514
0,0.497350452594308
0,0.514198743702317
0,0.46455696080807496
1,0.46685726668783234
0,0.45858555025662684
1,0.5029508424807335
1,0.5849066471646095
1,0.5020605643048036
1,0.530436298594249
1,0.3868910161006023
1,0.36414189423571147
1,0.44909953178664497
1,0.5223713667372963
1,0.5604961001121459
0,0.5814950533458848
0,0.5464624637109674
0,0.5780352769222744
0,0.4579340045236679
0,0.5025135896162197
0,0.5877251748302337
0,0.5671363810808955
0,0.39050870088114925
0,0.5963539358829607
1,0.4437240112935385
0,0.5416175854054919
1,0.5933389537574093
0,0.38478467881110445
1,0.4872383210815797
0,0.5067145207550314
1,0.4692895992373718
0,0.42047626220374157
1,0.6313031871225241
0,0.5682686402666084
0,0.6481316327529038
0,0.3846715499161463
0,0.473108846791226
0,0.5159262540963366
1,0.43839277391131504
0,0.5419890167260208
0,0.5217265371983993
0,0.3453365343462719
1,0.585558684528965
0,0.42132907907253436
0,0.4683131453458919
1,0.4073656909889273
0,0.37515126422585493
1,0.656040751885241
1,0.4614660562683869
0,0.41259800902586796
1,0.5382323867173195
1,0.5820923961192626
1,0.5092805592450054
0,0.4957188377204242
1,0.6001678604479529
1,0.4942222099007011
0,0.4772923114740154
0,0.4775115132650305
1,0.42315956719059483
0,0.4955342867490235
1,0.4680768304269002
1,0.5240661773716063
0,0.5354991709048094
0,0.5187645834904625
1,0.3397338524472085
1,0.49448640452525094
0,0.449747097329882
1,0.5182601490937322
0,0.554380658819613
1,0.5599190828735272
0,0.5168711800837291
0,0.5358222213633033
0,0.510656687446364
0,0.4774602748663059
1,0.4695731136068087
0,0.36697530796332883
0,0.4417854145128953
1,0.49991041459974694
0,0.5518292085144298
0,0.4526935630561372
0,0.5023437952531801
0,0.522179158071578
1,0.5945260969795696
1,0.4533868814935274
1,0.5018077927995378
1,0.49169811783858963
0,0.43986439697411606
0,0.5021597320087163
0,0.5807902238297493
1,0.4977181438307399
1,0.5742365244749494
0,0.439023187129839
1,0.4300514396232905
1,0.5002089794688923
1,0.4157763087423204
0,0.45479677897346865
1,0.6585462970760381
0,0.488274994833452
0,0.48857718566668695
0,0.4668087050740244
0,0.5542994903208468
0,0.3760762184590784
1,0.465634578224306
0,0.47682928813652403
1,0.44291550876502295
0,0.5077343142944103
1,0.4004727252348311
1,0.44283199854257493
0,0.4835318181022245
0,0.4910659676276465
1,0.5820120860991184
0,0.6602099951268018
1,0.4329242734130283
1,0.45150196124844477
1,0.47735318839611635
1,0.5493910023753126
1,0.4486597221138539
0,0.5556850523824843
1,0.4313405724203373
1,0.5169697519409666
1,0.4564252301387089
0,0.5127095218447242
1,0.5216530731137822
1,0.5471485201532277
1,0.5631669470249964
0,0.442981667554559
0,0.559343946235892
1,0.507226273282142
0,0.5294395879772432
0,0.46445328189116986
0,0.42977501089641573
1,0.49470687378854966
0,0.5973342619485272
1,0.3821882139089944
0,0.42786798002487736
1,0.5233825529018721
0,0.5099412494459729
0,0.5864771548784308
0,0.4015905881673321
0,0.4811583463216307
0,0.4484223891715281
1,0.47377642963786004
1,0.5571429801577759
0,0.44195123323614144
0,0.4981718615329771
1,0.4208591215815585
0,0.4455422353465627
0,0.35867523442349236
1,0.5269888367236555
0,0.45418803860605395
0,0.482797514413865
0,0.5766833836168834
1,0.6601958711225558
0,0.39944053204937763
1,0.43331804365160187
1,0.4867331071685977
1,0.47774298261180387
0,0.578020596019207
1,0.4914118550156104
1,0.5889836230098218
1,0.6286774703547366
0,0.477861869072081
0,0.5390928755514918
1,0.5409302981430955
1,0.5842826366832546
1,0.45806300586048054
1,0.5722828423161791
1,0.44421022693413914
0,0.5647056379693701
0,0.6190111709206579
0,0.5765232798947361
0,0.5217702043915688
1,0.4563045687797627
0,0.630094808505721
1,0.5135482670681403
0,0.48184090535193846
0,0.5374142523735884
1,0.3706547173809894
1,0.4578841130158754
0,0.5520066867345157
0,0.4599856561420448
0,0.3658185146231124
0,0.5259750122847111
0,0.3775921143599666
0,0.6018840807292001
0,0.4825047178137721
1,0.4504720673230452
1,0.580142249116946
1,0.4611892076645729
0,0.5606303267862679
0,0.4020577401076525
0,0.4020402011240264
1,0.4919971266594613
0,0.5016821569703493
0,0.6617209064198204
1,0.45926539081702517
1,0.44153869351721214
1,0.5688161529666856
1,0.497177557329265
0,0.5628816233950089
0,0.49716505860513754
1,0.42006984849168655
1,0.4700905317754763
0,0.6079104343865328
0,0.42127550480703285
1,0.5655210938538102
0,0.4699671344989477
1,0.477119586966764
0,0.5007934587175175
0,0.5220976899869313
0,0.4479165840716395
0,0.472757821904921
1,0.35631047668363913
0,0.4750456967039141
1,0.44239582378357595
1,0.5973058766749779
0,0.426356998778882
1,0.5036803389914607
0,0.40535947808773676
1,0.4861513807032277
1,0.410447424218515
1,0.5060171619183983
1,0.37720475385399926
1,0.47795500701891475
0,0.48739334228642894
0,0.4295895607803576
0,0.5586562649278903
1,0.541801509211097
1,0.45430470078673507
0,0.4714591233338097
1,0.4364370308873799
1,0.4421274754842782
0,0.6153939682232443
0,0.41648913680912225
1,0.4172053627180016
0,0.4224240813121192
0,0.48898530975014004
1,0.5867782716326585
1,0.43219106035784366
1,0.39063252915303026
1,0.5407137988484239
1,0.5035871696941612
1,0.35290929074466404
1,0.3768359168786223
0,0.44914879040287214
0,0.520643330998032
0,0.5967573932782829
0,0.49472432954114937
1,0.5178828738156955
0,0.5137553668204817
0,0.5247523609224742
0,0.47870843629591003
1,0.650917805979036
1,0.5473341141437905
0,0.5094590930730936
1,0.5067952165116669
1,0.42693184525726247
0,0.35625584655639714
0,0.585946297701411
0,0.540715052914979
0,0.4885459901617666
0,0.4546286886648431
0,0.4365075235063476
0,0.4061843241713225
0,0.6503032888453615
1,0.5337299639053593
1,0.4206079526092861
0,0.5166174525824765
1,0.4747572936279279
0,0.4845403146259715
0,0.47785305792570615
0,0.5743827827807058
1,0.3641876698935057
1,0.5154216332787832
0,0.4172208639675412
1,0.48232529908128685
1,0.49056044989848124
0,0.3084852477494937
1,0.5141877152707409
0,0.4782847519682445
1,0.5784181839985348
0,0.65890042218721
0,0.46867194035397425
1,0.4549375410706739
1,0.4427946778084645
1,0.5101087519360755
0,0.515987195923262
1,0.5019439704596157
1,0.38186297957319043
0,0.47870066479632656
0,0.36983800088471314
1,0.544917434970575
0,0.5061858177477984
1,0.6477309461445265
1,0.5299251205200992
1,0.5132189828912674
0,0.6243853133951439
1,0.5359810168995324
0,0.5943766231790321
1,0.44369994202725876
0,0.4731221821107039
1,0.569643945530189
0,0.4203867669712412
0,0.5166826695237579
1,0.5250290905896879
0,0.480825382824768
0,0.46731418831205
1,0.5381701001608982
1,0.49055714862634875
0,0.5012352312927318
1,0.5402280438804629
1,0.4271693695177863
1,0.4322828438894235
0,0.6256020562997708
1,0.5260405747912217
0,0.42834261937380885
0,0.5184134565901535
0,0.6097433158827716
1,0.5746631746714618
1,0.523646114725137
1,0.6404835629174224
1,0.528981871251572
0,0.4119327043006653
1,0.3730709202902744
0,0.37253959856348157
1,0.521039798451264
0,0.4971392053752875
0,0.4736982450408399
0,0.347620297998741
0,0.4841302606596503
0,0.46020596841886974
1,0.5135854354353627
1,0.45519091794020133
0,0.37490215672615923
0,0.472265503594582
1,0.47838257046967236
1,0.5411989184773078
1,0.4584841107345116
1,0.5519705431315678
0,0.5268246228221164
1,0.5394625260880156
1,0.5486924184711782
1,0.5418931627401257
0,0.5027443333527422
0,0.48390681164272786
1,0.48607098027851164
1,0.3393647643063764
0,0.4415973996444143
1,0.44138502242294586
1,0.563429642647829
1,0.4176545787628482
0,0.5761772208015404
0,0.44257917606367847
1,0.4100218296063566
1,0.46131332244251055
1,0.48170880014806
1,0.48544531665358315
1,0.5356095991582213
0,0.4408020946456874
0,0.44033261994643974
0,0.5522925021659492
0,0.5423136018597192
0,0.5656165979779542
1,0.5519292996792219
0,0.4146750219282245
0,0.42350605173768446
1,0.45159027725723083
1,0.48710373412484215
1,0.396120610495644
0,0.35798861360901224
1,0.45735611596918696
0,0.42839539081261324
0,0.42927330882942655
0,0.5773378329686549
0,0.49854527241580787
0,0.5378379545485573
0,0.5224354831634345
1,0.5694455568193445
0,0.32238817300304295
0,0.44506177368629535
0,0.4831832562459446
0,0.482032023998927
1,0.5371131766520161
1,0.5936664171010694
1,0.5145279200816292
1,0.4563245007647658
0,0.41133640228585
0,0.5068339901204738
1,0.44341144868850896
1,0.6127462379562917
0,0.45668530254240464
1,0.3422366901735877
1,0.4818735702033738
0,0.4750552045162514
0,0.4275299428677861
0,0.427974808797938
0,0.5308261219352305
0,0.47132158395586304
1,0.5031035141018416
0,0.5301658411963197
0,0.4226366532661345
1,0.46008918718599984
0,0.45486610838497393
1,0.43581379902325834
0,0.41406866396769215
1,0.49068860043345136
1,0.34213002757330796
0,0.5012831516978046
1,0.447200050443431
1,0.4980923797810877
1,0.5676254188718598
0,0.5361875036162753
0,0.5193952441077597
1,0.5601673938816154
0,0.5182895958440961
0,0.6186923209527463
0,0.45040781882562986
1,0.68368337757598
0,0.5710231350497165
1,0.5614840063714441
1,0.4844953287987278
0,0.5016107246969692
1,0.5029270321706636
0,0.5424567360092184
0,0.5186637332942917
1,0.46165120593886155
1,0.5787191094450517
1,0.6489224976048715
0,0.5376350354433128
1,0.5601571311430127
1,0.44162699935197
1,0.6598885452398847
0,0.3894816268397394
1,0.46311153808928207
1,0.5293132268734538
0,0.47107214468187175
0,0.47959929357188047
0,0.38565641867614664
1,0.5197590226942918
0,0.41005607513938264
0,0.4907909336776999
1,0.5088325934905344
1,0.5887270559117924
0,0.35351433561698026
1,0.4948927713477741
0,0.4989594252858329
1,0.49168176526024204
0,0.39169756482462875
1,0.4921774485438275
0,0.510376389361755
1,0.3528315053931169
0,0.44904676475022187
0,0.4943790171358144
1,0.44538265679566985
0,0.4548303173502622
0,0.45285674932451037
0,0.38890751011342467
0,0.5213739929083461
0,0.5547511253186568
0,0.5857456871519761
0,0.5939382626080756
1,0.424016410791866
0,0.4841768500292738
1,0.4831730121751602
0,0.36479699122594766
1,0.42984116931632643
1,0.49172382259169717
0,0.3894949584465581
1,0.44354048432286897
1,0.522095133760404
1,0.5793911558019503
1,0.5425300619912219
1,0.5522325268609948
0,0.4135698037144403
1,0.5502330303492329
1,0.47834210997751664
0,0.519155749135367
0,0.49458570999918455
1,0.4142857390084125
1,0.5384415024287892
1,0.41943903442050395
0,0.41414042598941203
0,0.6029340968914724
0,0.37273656959907925
0,0.5913673475236982
0,0.4972850617732612
1,0.44088210083320906
0,0.43301809030617117
1,0.4786439719251611
1,0.44446275259713247
0,0.4377796083548966
0,0.47933990369223556
1,0.587740703916614
0,0.4273379435757288
0,0.5129630471812581
0,0.5675903198355577
0,0.5019082931607762
0,0.28133953999162215
0,0.3280634808517302
0,0.46750651795960635
1,0.5818273626743453
0,0.567855425381875
0,0.4744507861425667
1,0.5167751584233021
0,0.5517407741511371
1,0.49037874017236227
0,0.4739698032763676
1,0.38360078821976634
1,0.3405459815752494
1,0.5357931072654468
0,0.48728716997284865
0,0.4493730506452037
1,0.5449235851153638
1,0.46294394903997854
0,0.43157336711511385
0,0.5196327586123276
0,0.42440669385162333
0,0.4600967759052967
0,0.5469577952646342
0,0.5336404943591686
1,0.40771387864138986
0,0.6082676608449015
0,0.3655475526750599
0,0.4020349058442071
0,0.5126527533513414
1,0.45289736519534357
0,0.6419113830558811
0,0.37672580923635285
1,0.37067451262545054
0,0.5382948576297575
1,0.5176300948618893
0,0.5141436088942911
1,0.5092928771669796
0,0.542997385076454
1,0.5411480372848234
0,0.5004388406529822
1,0.46552881783167366
0,0.5000479220680052
1,0.5176684778932956
0,0.5483567787837305
1,0.5076869724005852
1,0.5729502182756923
0,0.5314960153521031
1,0.5236099493629511
1,0.3802608208865823
1,0.5540545710202396
1,0.4840053491615104
0,0.4661949489808359
1,0.3826760683241778
0,0.4490902559163262
0,0.47211535799376975
1,0.5556782791729163
0,0.6025113812626557
0,0.517253795665992
0,0.4740196447021577
1,0.6971597918488178
0,0.579876877877536
1,0.5045811131591997
0,0.38716839245490736
0,0.4609916175463521
1,0.47542054348580337
1,0.45156428654537956
0,0.5029817324833252
0,0.5278134113022066
0,0.4372049590913049
1,0.5392474324774732
1,0.4399909428985654
0,0.44547822418603084
0,0.5166054431988831
1,0.4791337184987197
0,0.4869723780836271
0,0.4403021656092262
0,0.5473355943867149
1,0.5645387561588401
0,0.44926711212299086
0,0.49135880693527034
0,0.47776725065506453
0,0.5255472058277542
1,0.631468079518225
1,0.569560077347058
0,0.48621869265104317
0,0.4173012853054839
1,0.4536316369505449
1,0.4585747423804474
0,0.515577879951058
1,0.45140472938139453
0,0.5698982897235783
1,0.4581662883626038
1,0.4508840194552225
1,0.6735744947938187
1,0.5216439920275399
0,0.3765411637714145
0,0.6075453591176591
0,0.5616222070442737
0,0.5086244109406479
0,0.501933786028018
0,0.5031243460010418
0,0.5123483911124351
0,0.5381649376092723
0,0.5084739005769002
0,0.46178285790444856
0,0.4249593421533357
1,0.5545543723951825
1,0.5402929348944986
0,0.5510829259546595
1,0.5444978154276215
0,0.5870804090429855
1,0.5941474222203645
0,0.5925322415459203
0,0.5132467405461638
1,0.5279673668791094
1,0.49042052380938744
0,0.45088063384607174
0,0.6143456442123291
0,0.4073242650474871
1,0.560897788881869
0,0.47656842669915717
0,0.5420288128657055
1,0.5815881661929982
1,0.48595308331952397
0,0.5128582580208639
0,0.40715913534415393
0,0.49825494868143677
1,0.4323673544585352
0,0.40414345841382465
0,0.5401442900422257
0,0.39195378659477004
0,0.5218368486451009
1,0.601538331985282
1,0.46627638671739957
0,0.5400367632430185
0,0.4420284534269987
1,0.5441899735698179
0,0.5388957573579494
0,0.4641820210366053
1,0.5174776257276582
1,0.5516046956178071
0,0.6440471545284229
0,0.4140564944926869
0,0.5663855019449674
1,0.5865078759967124
0,0.4959396158867835
1,0.49160914399789857
0,0.36331470359948886
1,0.6031286288612621
1,0.5994030245233316
0,0.4823225683033808
1,0.47190020947533634
0,0.6282625582957153
1,0.5314792218178426
0,0.44397499004303637
0,0.4866849029905505
1,0.538558748449067
0,0.5182989801929545
1,0.6038323816343151
1,0.529394717632809
0,0.37820910410675745
0,0.4457512206010323
1,0.5005741384177574
1,0.4333124777069388
0,0.5947508375738423
1,0.5562579444609556
1,0.5552265898023935
0,0.5258438277146802
0,0.5917363958232493
0,0.5121084558923749
0,0.4646891839976526
0,0.47148418576035667
0,0.44010299859064145
1,0.4533316449310375
1,0.5472658354671591
1,0.49558443863140195
0,0.41142321299726187
1,0.5352655075241599
0,0.5788291347335115
1,0.5439024150074918
1,0.43701012312809245
1,0.579409950128922
1,0.49590163010190086
1,0.4766922532531021
0,0.5486812798313293
0,0.34971823519376005
1,0.5579518211495424
0,0.35641085309192055
0,0.5868139594617554
1,0.5932577329065941
1,0.5917397140625099
0,0.40451995122777556
1,0.5057212739968681
1,0.5987246487689047
1,0.5540786491839962
1,0.6396149955957732
1,0.3933968045499835
1,0.4591196069052959
0,0.5280426059392792
0,0.4246072901200567
0,0.46192540630894763
1,0.539482481743463
1,0.4340120219616253
0,0.3733126342746679
0,0.3704061752628976
1,0.4904202438613729
1,0.47802491435436806
0,0.37422772717331776
1,0.4942863557402233
1,0.5846351618404253
0,0.49195730835488277
0,0.4468795095737414
1,0.39141492359850294
0,0.4862903899778383
0,0.501201818903605
0,0.3485428253734
1,0.46230378049015486
1,0.5671247540412201
1,0.5633391573160967
0,0.3351444671673244
0,0.5223904311256392
1,0.621366431437486
1,0.6177129769638567
1,0.5099809195175593
1,0.5246446866758524
0,0.5484026757559626
0,0.5036302364000357
1,0.5055489311212531
0,0.443909180429469
1,0.5660889342879477
0,0.4486880251389606
0,0.41213133609515173
1,0.4683941285254611
0,0.392009057035084
1,0.55245100897219
1,0.4928838459306039
1,0.3475274370181536
0,0.5375164189656993
1,0.5517084672882858
0,0.6611070148754455
1,0.3643246758196506
0,0.4494833518627945
0,0.5722423877971601
0,0.43891400585250057
1,0.5986144864312053
1,0.5019581196119498
0,0.43682409779675757
1,0.5719495468370168
1,0.41406750280991955
0,0.5337338135038215
1,0.4649090613089459
1,0.5353336228029169
0,0.48847578865954816
1,0.46855179296371974
1,0.5824229771839845
0,0.452769034076263
1,0.6599513075904915
1,0.5814425363895824
1,0.5513040200476368
1,0.6032632963679277
0,0.5388136045517293
0,0.561054984554308
0,0.5429861143531605
1,0.48802472712143313
0,0.5516236244844457
0,0.43203778293680933
0,0.504310663402632
1,0.3978119199868576
1,0.6840984009743666
1,0.6420650678629302
1,0.601207122311193
0,0.551169142072321
1,0.5237956981787246
1,0.47048621887010766
0,0.5064280797121707
0,0.6003789172188626
0,0.46340648667442413
1,0.49144703892598074
1,0.6000047333327102
1,0.5212261154336659
0,0.5671897920267841
1,0.555584827260515
0,0.49186392478239815
1,0.4237799738160435
1,0.5324835523140196
0,0.44597024458960355
1,0.37254741932489954
0,0.3623029448341448
0,0.5427238020071566
1,0.6590405128642682
0,0.5931517654674885
1,0.572234338942229
1,0.48723522252068996
0,0.5840396784977386
0,0.38738044595198656
0,0.5667884385811118
1,0.5266625239763341
1,0.3946909695110331
1,0.5124041772756092
0,0.5704038984797535
1,0.5224055993938623
1,0.5235704295436793
1,0.5971761657055344
1,0.5101392339822279
1,0.5574242076541678
0,0.5441923753701603
1,0.5159128065582322
1,0.5346798813945635
0,0.4151392156083182
0,0.4366660712903111
1,0.4605747381506318
0,0.6117162826315642
1,0.5562129057297475
1,0.5095869069787808
0,0.4396286085680404
0,0.5313296731954898
0,0.5688528905265045
0,0.3756408631235473
1,0.5733964992145593
1,0.40460927414234854
1,0.5788406501805907
0,0.49727311658739715
0,0.43165493097880425
0,0.5955888622906619
0,0.4135725273059917
1,0.6173926985318796
0,0.4978453264469998
0,0.5606753586306152
1,0.4342060082176745
0,0.4529440083699684
0,0.5354493240576679
0,0.47636800439391613
0,0.38902297599583907
1,0.48849513141837814
0,0.4045409151198841
1,0.460765791634874
1,0.5752530646272537
0,0.5726295813871203
0,0.42735449816039517
0,0.5021122998520982
0,0.5286698611711191
1,0.505686938079747
0,0.35528797748444496
0,0.4824215217609431
1,0.34966209370155127
1,0.568976547541829
1,0.49494967281184493
1,0.6118324487083575
0,0.6334959207492163
1,0.5809681061949714
0,0.4051408133144057
1,0.4107187279911381
0,0.37363884179765466
1,0.46367689261388495
0,0.44830096612373843
1,0.4743562181702805
1,0.49143991965227485
0,0.42070597760483514
0,0.5451620373621507
1,0.4997732694812129
1,0.4547892348112692
1,0.5515927909284497
0,0.5788228008921259
0,0.4923946672310176
0,0.5437339956275073
0,0.5305384848082664
0,0.6005884787066978
0,0.44445656977436127
0,0.4770557379587566
1,0.5650404486279431
1,0.48805947190646637
1,0.53371534210946
1,0.508384993060659
0,0.41049031249787077
1,0.5034793517624006
0,0.5673890670678609
0,0.5822308014257879
0,0.5530630625904357
1,0.4072039296978009
0,0.42696947866449536
0,0.5806880988088146
0,0.4376217440450063
1,0.5710476740498406
1,0.5418332868070888
0,0.4802002481609253
1,0.5449648865131345
1,0.5509598693761356
0,0.5640508268413702
0,0.5091175653228891
0,0.6015602111856468
1,0.5281012746344522
0,0.4497078007288391
0,0.4833403043183742
0,0.4963371258777425
1,0.5367188291088223
0,0.582257059832951
0,0.4734543281313233
1,0.4320947454956344
1,0.48804413922261725
0,0.5011744993294006
1,0.6129016348202674
1,0.45869494652999726
0,0.5239356048630535
1,0.34983817346514123
1,0.49062855628402247
0,0.5309011504652289
1,0.3502393412602072
0,0.532864543834584
1,0.5893427377986874
1,0.5516239752564757
0,0.43761578733782114
0,0.41034565964515546
1,0.49395087712722335
1,0.4885661583063026
0,0.35343804789636996
0,0.6432563825280133
1,0.5029194392966901
0,0.45257659669573697
1,0.5032650739071204
0,0.5090612870310317
1,0.49856806556644523
0,0.47167314366041313
1,0.49552215729958254
1,0.5951861176653664
0,0.5744522565078777
1,0.5296608576171935
1,0.5244825244204774
0,0.4739083369643488
1,0.5403993893732063
0,0.4447174746424727
0,0.4419824945120246
1,0.46223271618633066
1,0.6052783366016615
0,0.44132307664765147
0,0.5715574015655773
1,0.48859368764256966
0,0.6831092690184909
0,0.44746921988182653
0,0.5254619846591347
0,0.39617901878998163
0,0.568673193810289
0,0.5250289331962825
0,0.5063012951684929
0,0.5423409850122705
1,0.4314196506256524
1,0.4624091682468751
0,0.5967063028332215
0,0.5080048219884604
1,0.5190673998246106
1,0.6584948745886119
1,0.45430998352511986
0,0.46745927723650155
1,0.5783492569540879
0,0.5335775105418581
0,0.49020419989771424
0,0.48473158572297204
1,0.4646856445311161
1,0.5247691247918347
1,0.518073080638145
1,0.44492123794211436
0,0.5546275321178781
1,0.5086370723706438
0,0.493144785637337
1,0.6401824434655938
0,0.5160482803181421
0,0.37048816693364467
1,0.6142466363887074
1,0.5336022797684374
0,0.4571698809252168
0,0.5828419382721146
1,0.580077727805694
1,0.340760079939414
1,0.5388067524960464
0,0.5628154879284798
0,0.37996484418729465
1,0.5521530561232418
0,0.48566758681317107
1,0.48872420712268366
1,0.5308594733992826
0,0.4491098227685875
1,0.36013671955865223
0,0.48461495729758386
1,0.43356579272997353
1,0.5794002604265882
1,0.6951888656399032
1,0.5604729944715
0,0.4459344584491921
1,0.44694896249289795
0,0.5082735504986032
1,0.5652755309617966
0,0.545787498330919
0,0.5167442310691477
0,0.40487058251843766
0,0.5305259921340576
1,0.5280194300931325
0,0.5200107300271892
1,0.40844825437306737
0,0.5496247224957294
0,0.5915621878990457
1,0.574216711207428
0,0.4526143698616105
1,0.40781554849124074
0,0.38358967378081243
1,0.4869907278816399
0,0.47734666527966685
1,0.40734748049594394
0,0.5542857810826621
1,0.5124998351449517
0,0.4876608718870242
0,0.45051521171761666
1,0.5467373985659076
0,0.46654693299900185
0,0.4562605160245271
1,0.4581362702872752
1,0.49432450989940063
0,0.4372768889421807
1,0.4999396068996517
0,0.4753376471814129
0,0.5217095550887774
0,0.5553514972177473
0,0.465334867879153
0,0.45647782304361234
1,0.5353586666357344
0,0.4263873384292334
1,0.3603430874355085
1,0.5060459035160615
1,0.5498640534201162
1,0.5416873363179264
1,0.48744250014581997
1,0.5214181685471091
0,0.4612687328231588
0,0.4740850805569216
0,0.410943258836102
0,0.5284084800135969
0,0.5508384655755031
0,0.5447426888966741
0,0.4593706972156718
1,0.5229647946225415
1,0.5301763899453408
0,0.522863818680351
1,0.5453053522626835
0,0.44619075410020903
0,0.5873055820383112
0,0.4345542495279443
0,0.5145779408575923
0,0.41546229831910947
0,0.5757924904114206
0,0.5525851974556383
0,0.5352488095000069
1,0.48880182839300634
0,0.4574163300169678
1,0.48145589113533876
0,0.44652731579840327
1,0.4733752343342663
0,0.5092637169475488
1,0.5354230685073933
0,0.5156970789287292
1,0.5160402634313975
0,0.5072873824700309
1,0.5399534138016213
1,0.5107303126331487
1,0.513036201447049
1,0.5461706440144825
1,0.5389464454714514
1,0.527061066157272
1,0.6339552677831044
1,0.5344128380505786
1,0.653142003357008
0,0.3870976954145658
1,0.48339174759355263
0,0.5017381394860182
0,0.4479543639919504
1,0.33255935060886876
1,0.5433269280961163
0,0.42322349683315585
1,0.5178222610077283
1,0.5671853412242029
0,0.3860621581868459
0,0.5517862409011994
1,0.5787132867569506
1,0.4294546117392228
1,0.46026611769826964
0,0.5153551690536846
1,0.5237613061868245
0,0.4263802978285767
1,0.46642609186828315
1,0.5372093185578434
0,0.4309305922624283
1,0.632095947369885
1,0.37329123326200087
1,0.5637601076288856
0,0.6332746720021588
1,0.4072677825694551
1,0.6162466370314322
0,0.5599856184731064
0,0.38990039185055836
0,0.5454594662764658
0,0.4220481999983737
1,0.5555097223907123
1,0.4616616665849786
1,0.5785714266547395
0,0.5708272298019499
0,0.5526084520393495
0,0.4770221325744472
0,0.5292374351482573
1,0.5863526697239434
1,0.40163469693102166
1,0.5273737117530819
1,0.571945339389083
0,0.4511544136077518
0,0.5339399108003986
0,0.5286566338586692
0,0.4232150015838297
1,0.44850274225049497
0,0.4626711958456403
1,0.5016925309988353
1,0.30201055090171053
1,0.5171582504606926
0,0.49823616371967533
0,0.45436994677472753
0,0.5018266348929565
0,0.5292139378461549
1,0.4921417278106935
1,0.5344630016498654
1,0.7024010772774153
1,0.4793411841612657
0,0.6028408733950227
1,0.4793969752397882
0,0.38219695376623736
0,0.4025081399705706
0,0.5179068322103069
1,0.5866942479508256
0,0.46524490377623223
1,0.5545477704905178
1,0.4321852411736189
0,0.5792186315335613
1,0.5869797398632983
0,0.4864632267003502
1,0.520541593682721
1,0.5125909138085541
0,0.49883307324350473
0,0.4824734991165373
1,0.518045061013075
1,0.5333870161273058
1,0.5088638921294094
0,0.45098314489487723
1,0.616873023615376
1,0.46331684097562015
1,0.6771148275328632
1,0.5465815599755907
1,0.5634383765704158
1,0.5452714721297335
0,0.3704111105117058
1,0.5839602955493834
1,0.5422348915095572
0,0.5054690850310292
0,0.6206151759772386
0,0.45765927174176196
1,0.5790049092515812
0,0.483537155564153
1,0.5071088301434954
1,0.5085857569467384
0,0.5258301007684306
1,0.5742781397378789
1,0.3747761069027203
0,0.45222869592605713
0,0.46091865332850734
0,0.4059224431095149
1,0.5148980711212758
1,0.6252465384649828
0,0.43315697295894356
1,0.5399623663061441
1,0.45712567417293953
0,0.4682567562091026
1,0.5185196207127206
1,0.5187261733287387
0,0.5392153849676977
1,0.5376885924792646
1,0.4183608322869089
0,0.5930258861051619
0,0.4486704304533747
0,0.4868809109800361
0,0.524133071351126
0,0.45331650711918864
1,0.4940891995727435
0,0.45120758329774374
0,0.556046779761545
0,0.40648429985562884
1,0.5147019602978133
0,0.46486188286223956
1,0.6204660414403423
1,0.5157188093257541
1,0.6003996307958364
1,0.38881581580744345
0,0.5916095168106806
1,0.5528544330138906
1,0.5722997234181278
0,0.5157845309413073
0,0.4737762242593661
0,0.6155060616511715
1,0.41246185940914776
1,0.5743448447259454
1,0.5909291271578287
1,0.5349223113323736
0,0.5568172057832547
0,0.45274881868466943
0,0.4727373172679364
1,0.49399789427315727
0,0.5166223102699836
1,0.4874201884298505
0,0.5792939414248439
0,0.4627392728136627
0,0.5339862320622288
1,0.5813379315836166
0,0.6037297781641543
1,0.41077453171490297
0,0.3498583228844374
1,0.5587455751164185
1,0.491437920246858
1,0.5333124057953091
0,0.4683143269809801
0,0.570205726494879
0,0.37307489233221125
1,0.5492543180314697
0,0.42774550238787423
0,0.4660651598246498
0,0.44869256110416333
0,0.43649843612080225
1,0.4189401365530485
0,0.4240840314854458
0,0.5924127876410366
0,0.5835388110107286
0,0.5460970553176927
0,0.5062185422998324
0,0.4193517700749923
0,0.4878398751143428
0,0.5646056169359372
0,0.3419315071358845
1,0.4784560775495965
0,0.5745368687846393
1,0.48036398787465934
0,0.36513057209225475
1,0.5242898307894404
0,0.4079654451425598
0,0.3943278345997238
1,0.49925480927796734
0,0.5100870892160829
0,0.5000815224269617
1,0.6190571256833258
0,0.4322191743805347
1,0.49492777954117984
0,0.4272536405641838
1,0.5681092291786701
1,0.586749857422364
0,0.5560895610759289
1,0.5161797446186115
1,0.492901673966979
0,0.4450852857856256
0,0.4553873152341064
0,0.41851337304064223
0,0.43954295017885997
0,0.5205976891966346
1,0.4897496186214593
1,0.5194610434909132
0,0.4761760257958936
1,0.5858165703443953
1,0.5671167289958812
0,0.5288560753470036
1,0.53057734372237
0,0.4426879560927453
1,0.45925965729571366
1,0.5767487155275359
1,0.4058231767311632
1,0.4895897293180691
0,0.634220854973045
0,0.5563055340911295
1,0.47762380101979035
0,0.41112062943427935
0,0.4255755494388614
0,0.5673013506853894
1,0.5792704131304609
1,0.3541070992295394
1,0.5099752559663728
0,0.5407144260485959
0,0.5107584854266211
1,0.5301483838226316
1,0.6074603758598012
0,0.38707166378292956
0,0.5674318453988307
0,0.5622222704089075
1,0.6503869129676751
1,0.543979728306148
0,0.49793718419142907
0,0.43700109882504323
1,0.4967966622532945
0,0.4171055349480046
0,0.46129549566552325
0,0.4807262478523754
0,0.5184666302775376
1,0.5481686580053874
0,0.3797303683139983
0,0.6390666666928603
1,0.3836575948565522
1,0.6449676777037946
0,0.572014972346138
1,0.4273058113173587
0,0.45342526975335773
0,0.5803422145725243
1,0.512566737928294
1,0.599427348220876
1,0.441112111684383
0,0.609870303562744
0,0.5481557670202125
0,0.4565439026238573
0,0.4510228033606693
1,0.4366870400934018
0,0.4822193274769538
1,0.48125973859344595
0,0.4083073203023371
0,0.49316283978857084
0,0.4804303076568654
1,0.4346447233191305
1,0.534665657615866
0,0.4948689055093603
0,0.3905966955753102
0,0.5604961001121459
1,0.4748772272968914
0,0.5181827389933392
1,0.5042495789137083
0,0.4355961831841665
1,0.49573500978187224
0,0.33389054601559165
0,0.4322327354204998
1,0.49841549713620215
1,0.6231542707848923
0,0.49035296315296
1,0.6442837584085803
0,0.5365448319759792
0,0.5218701174788013
1,0.5424224165554672
0,0.46628207166056496
0,0.4913569953036576
1,0.5399275112114119
1,0.4955979213465051
1,0.5301053464387326
0,0.625258266654026
1,0.4456116234215665
0,0.5258229686090172
0,0.47193823733723667
0,0.4821442104473868
0,0.4835375351705994
0,0.4794194646700909
0,0.4963825233692383
0,0.4619142297313869
1,0.43177742454584833
1,0.5349122507877985
0,0.5515419196351183
1,0.4340524431102467
1,0.5675450267870041
1,0.42973573641576407
1,0.49590532692241807
1,0.4826261297658145
1,0.4593550067795167
0,0.5438929444051076
0,0.5616846171743881
0,0.5906664619173505
1,0.4492568752047939
1,0.5604268804217543
0,0.5613073826761119
0,0.2812151605301774
1,0.5161187259078684
1,0.5140843800904663
0,0.4699833584815246
0,0.49484575780022483
0,0.49104265779567646
0,0.45695156187895913
0,0.4608475292580143
0,0.4348895199794202
0,0.5163814405514586
0,0.4907922690455644
0,0.4622358136396197
1,0.5718257149686075
0,0.466778284028161
0,0.5880551092409609
1,0.572713016905653
0,0.3892685526569669
1,0.51039328975563
0,0.5934722014399497
1,0.5351080917607081
1,0.4625796308228987
1,0.5064653953831124
0,0.41532782120455347
0,0.592529414571914
1,0.5931005910631972
1,0.5261320184375976
1,0.4866612365035682
0,0.48720564956442686
0,0.46422699393551115
0,0.4661814962224303
1,0.5921760351327174
1,0.6315588302622053
0,0.40565886167694226
1,0.4417419093580251
1,0.45704332632238465
1,0.44556190077711116
0,0.4540626982701505
0,0.41472097115954987
1,0.3469677664308864
1,0.5839519417421363
1,0.47299353545902567
0,0.49344186403879153
0,0.5616255343091322
0,0.4945533979239414
1,0.6640497162086175
0,0.603340600698839
1,0.6607787423177792
0,0.5124259164705096
0,0.4375971863582864
0,0.5129783182600653
1,0.45027892313350504
1,0.4129008063538462
1,0.6795519995920971
1,0.5234971445121632
0,0.5051738287124423
1,0.5178296898721879
0,0.4851605757411658
0,0.4603854975529092
0,0.4493352434600762
1,0.42802016414619837
1,0.4668248304551896
0,0.39757876830714084
0,0.3314921761101138
0,0.5559263654144453
1,0.4227290598806044
0,0.5466403045376191
1,0.6469745053102864
0,0.5187746048455096
1,0.5764597903102788
0,0.5309684325869466
0,0.5492418225906508
0,0.5752550888784073
1,0.5217055640742484
0,0.36453528975176125
0,0.41766516669923004
0,0.5718069306171849
0,0.419229251583014
1,0.5130537353417927
1,0.6590617823649552
1,0.5288043407718306
0,0.42829762465932913
0,0.38548093934474414
0,0.5400964587473052
1,0.5056478060374797
1,0.39795062830993644
1,0.44733969847546157
1,0.6217393666236783
1,0.5209949319973295
0,0.549121141984045
0,0.5183580104712674
0,0.45939733878188427
1,0.5081495567286191
1,0.4718024469271057
1,0.4917367779230351
0,0.5799382065592635
0,0.6262116800358453
1,0.4561683920009385
1,0.5620392421751369
0,0.5203840516817182
0,0.478542139721038
0,0.5643074512983086
1,0.5565792835243015
1,0.5326541999174825
1,0.5620414104803706
1,0.463130126956755
0,0.5482548041803783
0,0.5411022261485382
0,0.4791156641472094
1,0.5785884543586696
1,0.4329187892569862
0,0.5002579039617859
0,0.5233798743739235
0,0.3557306726916157
1,0.41224714975492627
0,0.5319310169039267
0,0.5673256518598396
1,0.44623529277677193
1,0.478306037240154
0,0.42361116341051497
1,0.44050960303858905
1,0.3798315657563288
0,0.43085693136469694
1,0.5046484579297646
1,0.5015403972985482
1,0.4500463281241046
0,0.4911610678288992
0,0.5062342222038964
0,0.40957621918570497
1,0.515828038837661
0,0.493238229665642
1,0.4976951345527853
0,0.6412110582983291
1,0.5821347548590811
1,0.5163657066268197
0,0.37140070600805053
1,0.5159413119968644
0,0.5997342511419282
0,0.5133832624575354
1,0.49854453949470995
1,0.5410807354917767
0,0.526397568057257
1,0.5181041561287881
0,0.5961479258515984
1,0.4804706652124746
0,0.6325724381986514
1,0.5355214623645784
0,0.6107146661791604
1,0.5846004226699333
1,0.49289006370624616
0,0.6497451193431563
1,0.5402865917250038
0,0.47984099602236496
1,0.5601926068555523
0,0.5935003663757425
1,0.473832629547475
0,0.4006897112198034
0,0.44893216417667525
1,0.42769160035661485
1,0.570292249143999
0,0.47968567170047144
1,0.6243011813267285
0,0.5106613291485348
0,0.6203530473846777
0,0.5262420468119577
1,0.5583834041510396
0,0.47871946168663393
1,0.6126287370908093
0,0.5326631022904493
1,0.4605230677858405
0,0.5080761432208227
0,0.48376643780250517
1,0.5356855534164823
0,0.45863612879554155
1,0.4579202798943192
1,0.37116948443411846
1,0.5341470719277909
1,0.6656790230426084
0,0.5324177648530515
0,0.5352243677906832
0,0.5646381229467609
0,0.390118854213485
1,0.5128541248539434
0,0.49695153428806366
0,0.44456578175089234
1,0.5333682718372599
0,0.4373164674296099
0,0.5147622818734847
0,0.5713323811795297
1,0.5031714571300139
1,0.594347329297816
1,0.5933984651879467
0,0.4242313613572773
1,0.4456126254300297
1,0.4161131834955804
1,0.5343701064967236
0,0.5577012585789602
1,0.5532888917105098
0,0.46751840593323063
1,0.45581008105379645
0,0.5955253469999687
1,0.5639949268591389
1,0.5339722113170355
1,0.5334701156157595
1,0.5388776745943299
1,0.5090077696274702
1,0.45795265678543945
0,0.37650921433808304
0,0.49808932541326695
0,0.4823710269392326
0,0.5449906964488783
0,0.5306641292514878
1,0.4998051190812571
1,0.5179758197027513
0,0.48171537292168926
1,0.585419642885424
1,0.5786958722929241
0,0.4818418075168968
0,0.559534389281359
1,0.553277403746022
0,0.5456529868314177
0,0.5866143344760237
0,0.3947684956153713
1,0.6313980723770147
0,0.5676119795196778
0,0.5775371823005334
0,0.6169381068004421
1,0.5677475172660761
1,0.616022147632086
0,0.4138142504784986
0,0.6244629684163711
0,0.4769790239530901
0,0.47837824472999513
0,0.3955649597940127
1,0.5868770086996143
1,0.49822937345070767
0,0.4716119946912889
1,0.5162366469501743
0,0.5393027936699473
1,0.46715220663417245
0,0.37919125601570497
1,0.48464113152178356
0,0.47465498115418275
1,0.5764994635232998
1,0.5746158523766043
1,0.4580465898778763
0,0.567212538748062
0,0.5212146771488876
0,0.5407043284532137
0,0.3714346954750996
0,0.5061733476945591
1,0.4395061224470307
0,0.49760121249401273
0,0.5023668517852226
1,0.5819176519906518
1,0.38028171197334104
0,0.46073452881696114
0,0.545546600956349
0,0.4703592757489231
0,0.5569596662845936
0,0.4266335175511152
1,0.4501374284834127
1,0.5544732800353177
0,0.5308751720124277
1,0.5096889621905986
0,0.592277901237553
0,0.5463436015093981
0,0.5931956416339407
1,0.4182288145723349
0,0.482543795335244
1,0.5858934805824542
1,0.5956365952799654
0,0.49812210086256
0,0.488212465286979
0,0.5815843421732975
0,0.47819026554739297
0,0.4999320625924665
0,0.4584935504123044
0,0.4673132355070106
1,0.5252130730762535
1,0.47018779493646856
0,0.39529733153716967
1,0.5442637739359797
1,0.5103928017946742
0,0.5238319000295563
1,0.56042680502462
0,0.6038313747752405
0,0.4818956307914449
0,0.525422791311404
1,0.5244250175773667
1,0.5340495333147627
1,0.3371472326862669
1,0.4991047899909256
1,0.3787831555758626
0,0.3214470252819983
0,0.5583832140316676
0,0.43421071311221887
0,0.49017284137388945
1,0.47300828316456006
1,0.4225378547912132
0,0.5172332320662852
1,0.5805652070019669
1,0.5116673036207269
0,0.4483119137537655
0,0.4456952386722001
0,0.39207794199269413
0,0.42677299372888766
0,0.46975797566030264
1,0.5449107926480563
0,0.5155050613204449
0,0.559647260937494
0,0.557841215616309
1,0.498483731523694
0,0.6493376309535355
1,0.46021530165538305
0,0.28850297391927604
0,0.5700390424440177
1,0.5339640495342224
1,0.5010124371091498
1,0.43334492418527293
1,0.5717982415908134
0,0.392688818695636
0,0.5560471459755769
0,0.46991660772125793
0,0.5758807946208659
1,0.5192828871790285
0,0.5246281508502596
1,0.5440907636806149
1,0.5175514461599042
0,0.40055311777437497
1,0.534936225384742
0,0.5331588681028581
1,0.45837435633078777
0,0.472375196836615
1,0.5248047156014144
0,0.4432868336760021
1,0.5371794953645508
0,0.5760581009002746
1,0.47243364846990293
1,0.5481292754772681
0,0.5152054578750709
0,0.5620601969456049
0,0.4203203948152357
0,0.47441397162951865
1,0.5717420683302076
1,0.5830388410573744
1,0.5893341957610694
1,0.49620389343348015
0,0.5194593021108661
1,0.45408256833315225
1,0.5351634151069189
0,0.6285826121324893
1,0.5316934624716764
0,0.49922729587027576
0,0.4510273421080997
0,0.4805305174148869
1,0.3962053850038182
0,0.45443246345906735
1,0.5254619547036011
1,0.5275729070907605
1,0.29345368965890684
0,0.4812944020313721
1,0.5926695769205377
1,0.5172546424421537
0,0.45328244170010734
0,0.5690723242718013
1,0.4550956164482313
0,0.5253983143382001
1,0.5560380997867698
1,0.45154047966630684
0,0.48508106922868155
0,0.5300056262145912
0,0.4226931669486303
0,0.4645615436696565
0,0.28428525451485054
1,0.5418470066296754
1,0.4343066894168729
1,0.5646561777584596
1,0.5040034184752228
0,0.5776431588995539
1,0.5287683355161161
1,0.5493443261864545
1,0.5205415696878068
0,0.4767481270770486
0,0.5300696269798102
1,0.6429111741839107
0,0.5286000302324857
1,0.6723325603157274
1,0.5477711047609776
0,0.4232397475319529
0,0.36268667303854524
1,0.4216504310701858
0,0.4179418431867574
0,0.5621023738826093
1,0.5518359555323575
0,0.39647692357568604
0,0.4549161895869991
1,0.5919078422110535
1,0.356957442630906
0,0.4435863867648127
1,0.638194037789495
1,0.5010006204824065
1,0.39541056979926226
1,0.5095221665686849
0,0.4834270867733314
0,0.487629844037809
0,0.5040981856098201
1,0.4539158317522752
0,0.6164854137162684
0,0.5637883007940799
0,0.5657100976061786
1,0.5444035254481353
0,0.3890640545098327
1,0.5668026129939578
0,0.41990901906765965
0,0.5077688293537069
1,0.6530354794543425
1,0.4287948026915355
0,0.5538624406189043
0,0.4149474396462931
1,0.6034984996164746
1,0.5265415653225294
1,0.5657572119334384
1,0.7149403480979177
1,0.540041933965768
1,0.5529654023285415
1,0.35792564931332205
1,0.5422678174790622
0,0.37204936695759383
1,0.5612819914189241
0,0.401509432903969
0,0.5468025322969601
0,0.6449549842300734
0,0.4315591368809304
1,0.5090601079883186
1,0.5720761345504304
0,0.4258318111473034
0,0.4349128639312631
0,0.39664268631016203
0,0.5672563025937333
0,0.4411634260246357
0,0.5395909698480615
0,0.4716091943812212
0,0.4622807436635955
1,0.500344094083654
0,0.45306731693251506
0,0.43605215595249613
0,0.35185207668256757
1,0.5177578691015772
0,0.4539271024824732
1,0.5841057367752608
0,0.5360736432343919
1,0.5550586730981195
1,0.5705342830599015
0,0.41742021314022953
1,0.47971834420338993
0,0.3976285938609524
0,0.6024577788722728
1,0.47108836388873665
0,0.4377361443779534
0,0.4925315129643983
1,0.5525380941292141
1,0.5343601489389577
0,0.6327981529467673
1,0.5743361055266385
0,0.5560896096115749
1,0.5084335213110778
0,0.4517088041379009
1,0.3837012259866725
1,0.3530763185846404
1,0.5593169738553224
1,0.36909619913203207
1,0.550294480192515
1,0.4576702403758908
1,0.4886740431367287
0,0.44440810250427937
1,0.5987847895528231
0,0.46284261389030373
1,0.5086564732017326
0,0.5034262897214439
0,0.47366473557301736
1,0.6149284199005277
1,0.5621692286174993
1,0.5386539431333364
1,0.5193433189417311
1,0.45072176955802973
1,0.5146282768375224
1,0.48550091404697177
1,0.4765291085144204
0,0.4675550000618878
1,0.42487378266875414
1,0.5154967441415691
0,0.4579737075909163
1,0.4633864385554631
1,0.46168733933764555
0,0.5541569326912104
1,0.5244271178054192
0,0.47326333855652314
0,0.4733791856049898
0,0.5696140426600451
0,0.5083238973823098
1,0.3461945354396225
1,0.3951412684995387
0,0.6031226804335469
0,0.38548986763982335
1,0.6109301344384483
0,0.3298031033092836
1,0.5356411305754167
1,0.3919920367833214
1,0.44994089679652566
1,0.48600835253446045
0,0.6324580251005606
0,0.5569220815948458
0,0.4053490990430813
1,0.47608548294104086
1,0.5290657447805888
1,0.49086227497061113
1,0.5758024371301003
0,0.6004706382959345
1,0.4246418888129796
1,0.40479801364349116
0,0.4038686908778654
0,0.3464763338777227
0,0.3607640228392158
0,0.5097782280077671
0,0.560470929229581
1,0.5793578044422857
0,0.461975823586864
0,0.4126839639920098
0,0.4942085233304802
1,0.4256730949225296
1,0.639316326554163
0,0.3917052147260972
0,0.3349011051483417
1,0.34885441020471
1,0.48951150838696317
0,0.464935256996138
0,0.47480809755527675
1,0.525464032015103
0,0.5837380140610242
0,0.5968441917526106
1,0.5604050590706334
1,0.39679533891836466
0,0.40824741674610776
1,0.403465762723292
0,0.4645227703051041
1,0.4727408984925673
0,0.3513616528586558
0,0.47278347518722874
1,0.4717013547774038
0,0.5243614725144159
0,0.3928413961815858
1,0.6004663846981155
1,0.48112646390711095
1,0.48780371821312346
0,0.49570671833570673
0,0.5767266550715601
0,0.4138239653798506
0,0.5195333771896932
1,0.5233562234601113
1,0.57265236152958
0,0.5921851808964982
1,0.4976170329453797
1,0.4624528906703111
1,0.6020972562503982
0,0.48432923290557317
1,0.4049483466144109
0,0.5433185934122164
1,0.6519341324612895
0,0.40503437826247723
1,0.5084402284171421
1,0.5610780068879587
0,0.6143108533160426
0,0.4749801072434275
1,0.4651987331907542
0,0.43582913905114107
0,0.4646936541596339
0,0.46556391260445945
0,0.5203253614188117
0,0.49376944387466254
1,0.47250912357878194
0,0.5720293047917935
1,0.4619625434831386
1,0.5772497726607091
1,0.5638357833497202
1,0.4925730299270899
1,0.4848144564748428
1,0.4839697510606694
1,0.6238231199435983
1,0.4876726786644724
0,0.5779410906981252
0,0.45740299858395733
1,0.5821097947263089
1,0.5578212241680983
1,0.4505293204718586
1,0.4947499492975381
0,0.5918463510099762
1,0.47016077611299995
1,0.5809525721350008
0,0.415524185944196
1,0.6163658599274546
0,0.4168449869913543
0,0.537126053382833
0,0.4490840140001756
0,0.6211167385221804
0,0.5682555470308122
1,0.5551823021161996
0,0.42677563346633063
0,0.5036965603400452
0,0.4766933909965072
0,0.5042234204584555
1,0.4186244706114985
1,0.4177294870608382
1,0.4772273731113444
1,0.4936321645029341
0,0.5196676520652017
1,0.6114582468851251
0,0.44202972409470637
1,0.458395442040775
1,0.4883053569329014
0,0.5732165718352152
1,0.4828262194353528
0,0.5160866350361649
0,0.46494524436361057
1,0.5239523288153201
0,0.5290728021488462
1,0.5055589188078696
0,0.3807930180929635
0,0.40999478654505417
1,0.5124047655740138
1,0.57890260888397
1,0.5527923550039563
0,0.6612364515635806
0,0.42189821758522905
1,0.5252636250406344
1,0.5809443617983403
0,0.621617681648897
0,0.3661501265702801
1,0.37563840107836033
0,0.4641259286602462
1,0.5388772095879015
1,0.5900681383421282
0,0.49529842382307326
0,0.5983128088896554
1,0.47945594216925075
1,0.5196729711083129
0,0.3352455137185426
1,0.6589471176041812
0,0.5162827940487668
1,0.35475106483543384
0,0.4502954364025451
1,0.501496589048934
1,0.5002602573200351
1,0.5250984612050504
1,0.5258239589409828
0,0.36325113345446514
1,0.42020961151758024
1,0.6023829957788571
1,0.6336486575367303
0,0.45195452684544685
0,0.4573644218402368
0,0.48359372507877746
0,0.5156132208266643
1,0.519758955351009
1,0.4584464426280268
0,0.49129545322106266
0,0.48480544072160486
0,0.504940801979961
0,0.6507664707063768
0,0.4002812568267745
1,0.5323372222781192
0,0.4803534680431139
0,0.3877070051691033
0,0.582849949063754
1,0.4924385850004484
0,0.5381049924906215
0,0.49397141859217253
0,0.48073447424407867
0,0.4096323203886764
1,0.46111474533764246
1,0.45209860334703167
0,0.5284665972604817
0,0.4107054425235585
1,0.5331992479349511
1,0.5703137750737097
1,0.5868938723114099
1,0.539014777910827
0,0.5056832082292143
0,0.4756099426500835
1,0.556902154045457
1,0.4447528867317607
1,0.6477542158672063
1,0.5349713926668719
1,0.5022389726544167
0,0.46284261389030373
1,0.6066414945719094
1,0.5671067365308535
1,0.4519085432057376
1,0.42359625592948513
0,0.5658999214348318
0,0.3746328068207193
1,0.3510177536040046
1,0.5993590429859712
0,0.33832556018245
1,0.5249923862649407
0,0.4756774723078978
1,0.4331847768374351
0,0.4879071840901837
1,0.5390357624354376
0,0.44983125407090746
1,0.5258974899708022
1,0.47001490241737
0,0.5259482945747261
0,0.5391149749013641
0,0.4062199303496524
0,0.5032998187442437
0,0.613230530682294
0,0.45685689365967097
0,0.5084567491488488
0,0.5585549235170746
1,0.6116933488516673
1,0.497921698967611
1,0.581158079978891
0,0.4846524937252414
0,0.5047563167703489
1,0.423504167498593
1,0.46112691268114164
0,0.5224132814298789
0,0.4808486988750612
1,0.5538718124766903
0,0.5091144211493214
0,0.4679296320751942
1,0.4910804402588928
1,0.4380001976840916
0,0.39008060372756564
1,0.5584827866475532
1,0.6460690157620114
0,0.5615837031172927
1,0.4295911459705722
1,0.4514508294667231
1,0.4524067786474349
1,0.5400923967647431
1,0.5683880777355517
1,0.602624578554346
1,0.5882686013725013
0,0.2645558927751073
1,0.5034609877741207
1,0.47648270670281495
1,0.5666373324881737
1,0.622186158205708
0,0.378956454871181
0,0.4751885114141939
0,0.5435519292719028
1,0.45295728943011754
0,0.5679585503823461
1,0.5290585574389445
1,0.4592664193884927
1,0.6207972355686678
1,0.4092327757903287
1,0.4434687051071717
0,0.5364264699395033
0,0.442377734522519
1,0.5734276009050231
0,0.4172755804061113
0,0.5831904687377719
1,0.5155817522519806
0,0.43862713194837477
1,0.42965110037299253
0,0.4289161551144305
0,0.5914311431973913
1,0.4563409683585761
0,0.5563555148572852
0,0.5406568501073725
1,0.6143809047487033
1,0.4457880114590876
1,0.574767489084105
1,0.5246913630318566
0,0.36601097187391907
1,0.45303386628259307
1,0.5501243448699036
1,0.42585312616735665
0,0.44194463694371333
0,0.5222266379159228
0,0.49312607837452144
1,0.5577172191718536
1,0.598488833502049
0,0.3928407114285376
1,0.47060355825432004
0,0.5019867319921688
1,0.48943502287320934
0,0.4321612925015669
1,0.4014578542317627
1,0.4162038774787813
0,0.521538314373363
0,0.5473569235048773
1,0.5490400163225013
1,0.594324627967137
0,0.3082644704838948
0,0.4233444440662959
1,0.43773174065777776
1,0.40981280331189196
1,0.498552732466956
1,0.5479094288884121
0,0.578067611492463
0,0.4327706390653131
0,0.38004389674265787
0,0.39916335785885504
1,0.3762006875781561
0,0.4551837404405812
0,0.41177290497538005
0,0.4147225836456515
1,0.5392685821398513
0,0.49152255786445265
1,0.620912779137429
0,0.42569148731046824
0,0.446983686459807
1,0.5025216644898807
1,0.5353908300941715
1,0.5891143776616576
1,0.5102059285961174
0,0.475384073328929
1,0.4728896263110222
1,0.5940884108608969
1,0.53240315785697
0,0.4212764412578325
1,0.4256774691671245
0,0.520671053773995
1,0.46718781900174816
1,0.5153844588791118
0,0.5393438548709113
1,0.507331901871866
1,0.5360987480654071
0,0.5423358465502195
1,0.5083434884347826
0,0.5785527808000788
1,0.4102490001431693
0,0.43268980805516827
1,0.4696108886388579
1,0.4446932003770267
1,0.5601602218827261
1,0.5748106164712123
1,0.3837808599356545
0,0.5875180027255922
0,0.5802148023955529
1,0.5415139174566183
0,0.4872333130776648
1,0.5707980741002164
0,0.509724664690559
1,0.5044423624451245
1,0.5465869197543778
1,0.5352439534403579
1,0.5002255284613784
0,0.49875371558631715
1,0.4238318931524204
1,0.47910827738651635
1,0.5095989265811471
1,0.5218703168749816
1,0.5541994423194457
1,0.4572745325758157
1,0.328915956778798
1,0.5610393878638378
1,0.4948807917605262
0,0.4734305720861141
0,0.46542571738360233
0,0.46343669939822574
1,0.4574885254091226
0,0.5605199467146558
0,0.6551789020053004
0,0.5524117915335623
1,0.38888233365041364
0,0.5055748037131041
1,0.4785219946028566
1,0.48584833474022043
1,0.5388894384420765
1,0.37425776693437496
1,0.5016619438954868
0,0.4950336369084874
0,0.5056023814016819
1,0.5462406912874264
1,0.5074571315770664
1,0.45970642422350255
0,0.5645177489893433
0,0.4257271261903896
0,0.42481009861812735
1,0.6126124338345486
1,0.5094354517558374
1,0.5161530496644139
0,0.5068802033944081
0,0.48757362151468564
0,0.4495718275846812
0,0.37909125239019154
0,0.5073227415503847
1,0.4421405869565038
0,0.4590908203557582
0,0.4617295135830488
0,0.43943103689679375
1,0.34312620575749
1,0.5576387897827805
0,0.47128714795845783
1,0.5334654841635439
0,0.5317135073918549
1,0.605048122720239
1,0.4858740582323045
0,0.4847759976205635
0,0.43902779735342173
1,0.5185162139192508
1,0.5015155341320892
1,0.5741296518041589
0,0.4990554603174019
0,0.5853748678272263
0,0.4550859873338796
1,0.4946034959467914
1,0.5146532658203606
0,0.6318740618584725
0,0.5908776559979902
0,0.5656765070921764
0,0.5720294890416204
0,0.5572722562623921
0,0.47110685004085123
1,0.5261844704323685
1,0.5197499034719992
0,0.5303153836163957
1,0.5388722109368814
1,0.45515277967770135
0,0.39232271411274416
1,0.41567985495403004
1,0.3615933118823886
1,0.5185683759337941
1,0.42487822235330436
0,0.4933123834989185
1,0.41789611080986483
0,0.4367356344709287
0,0.5690545491151049
1,0.5246610906304463
1,0.6096786839052233
0,0.47712652111974907
0,0.5813821568575193
0,0.41010969029145683
0,0.5237992360471164
0,0.49106624971050156
1,0.5880376023896574
0,0.5611792308054929
1,0.49460771086425126
0,0.5213187673386523
1,0.5883378596970994
1,0.5242125249690576
1,0.5237783175818678
0,0.36129418022420784
0,0.37093890417340086
0,0.5648094615092072
1,0.429247104082968
0,0.5117768122665919
1,0.5717383142097534
0,0.41582777304952345
1,0.4963926285467144
0,0.344778319811687
1,0.45204330013789357
0,0.46020108409248456
1,0.3825803647993241
0,0.4323123707039177
0,0.41567093233819613
1,0.458872682114476
0,0.5217314718425272
1,0.457356834322974
1,0.4886531899398513
1,0.5025552599172153
1,0.48281613458056416
0,0.526831938728021
1,0.366735472782415
1,0.4685457606892088
0,0.5393554159790878
1,0.3863518651688512
1,0.5334864043382075
0,0.492153376338135
0,0.38850242865824486
0,0.571883799079882
0,0.5123379959857352
1,0.5830641346066614
1,0.5293296097879618
1,0.5438798142170775
0,0.5127023194291772
0,0.4809288336650463
1,0.5652729856775561
1,0.5728799622451217
0,0.5138837197946721
1,0.4908261927114207
1,0.6175395854945589
0,0.33423442067377906
0,0.5434125901222999
0,0.514394694279843
0,0.5264024423350239
0,0.520368187000704
1,0.3404557079939681
1,0.5113321864179409
1,0.4148958866481809
0,0.5286985970354825
1,0.507803728846674
1,0.5723411219463239
1,0.4963526818677428
0,0.49761530394841946
1,0.5345924825219971
1,0.5885039555411851
0,0.4328750786121693
0,0.49052031655795725
1,0.5245796408877843
1,0.5735375551604552
0,0.3772229283806905
1,0.4756184402909947
1,0.48020108231158565
0,0.4983665018662783
0,0.4986692595239306
0,0.34054616809099736
0,0.49162945026365235
0,0.47440564071796554
1,0.5880608195151237
1,0.5664972646597158
1,0.4714057388898779
0,0.47280726740596
0,0.39950488276428875
1,0.4479964710490643
1,0.5336143832671684
1,0.5555985648022779
0,0.4825265121595772
0,0.5848510876647407
0,0.4710725728777911
1,0.5525823961826664
1,0.6134976401512968
0,0.388564082254019
0,0.3907934522198144
0,0.6272351483563103
1,0.5495284670102465
0,0.44879644100189614
0,0.3843121270142893
0,0.375569613273923
1,0.3298640255131996
1,0.48863496610504387
0,0.5087077973199665
1,0.40284076165038374
1,0.4388823543947219
1,0.5522707534972531
1,0.535019408551204
1,0.576977719744426
1,0.6004155163197306
0,0.5175839208756662
0,0.36288193594782997
1,0.4525343976767285
0,0.43618771307908305
1,0.5630680081000374
1,0.4818872068567794
1,0.4383655703965315
1,0.5417053149513233
1,0.39576008375344357
0,0.5152361036099742
0,0.5025339805323694
1,0.4488491713355031
0,0.5860081591086054
1,0.3956015197913691
0,0.4335951424407766
1,0.5067254381190124
0,0.525230879369942
1,0.47959888656443095
1,0.5457173981924379
0,0.4558088923373703
0,0.5496242838539892
0,0.5951144582670668
1,0.5267261033675705
0,0.5183949404015085
1,0.37542366697919893
1,0.4332931592776671
0,0.4269452492765458
0,0.5085583020481504
0,0.4241544540987258
1,0.47453982451942367
1,0.46435062704970526
0,0.5018401249149999
1,0.5014748949370795
0,0.5446919586134751
1,0.5368867807803078
1,0.42508839942905013
0,0.4722705633231204
0,0.6207956122151371
0,0.6028072718949598
1,0.5805974929290132
0,0.4319959076955854
1,0.490559823683728
0,0.47903928846054655
0,0.3421850986629941
0,0.4925851668758785
0,0.5655877035554793
0,0.42334702459111495
0,0.5595965964770541
0,0.5458501372357765
0,0.5028290584851981
1,0.42820622555176974
1,0.48350129041748846
1,0.41824308225129986
1,0.479530351383448
0,0.5609757078072234
1,0.5575554560728336
0,0.4774946881037554
1,0.5965489491449574
1,0.45280103190247445
1,0.5473691867708768
1,0.5480781096499083
1,0.5229230755005186
0,0.4095501848008402
1,0.5444919084070051
1,0.49185629586744234
1,0.3637956172748276
0,0.4693109349838159
1,0.5553356217835067
1,0.5397138596249578
0,0.3556696084228268
0,0.5371793358667406
1,0.5478204439153259
1,0.583019246044148
0,0.2784427075320499
1,0.5676484769201786
1,0.45287728880549044
0,0.4787362084021599
1,0.509828270328493
1,0.529990663355895
1,0.4381123911775354
0,0.5602930274416486
1,0.599580951632197
0,0.6500024238116796
0,0.5272509682702239
0,0.4528730987650263
0,0.4968478833824354
1,0.35557717294753777
0,0.5168060610538145
1,0.4828842161866694
1,0.4417188793804456
1,0.5924377060961297
0,0.5691761928883688
0,0.49740982995131283
1,0.5674677157024233
0,0.457571037135671
0,0.4213681464682245
1,0.5451554888620384
0,0.5754146885033969
1,0.5257447638539826
0,0.4641282992328283
1,0.6018964982749718
0,0.49081217013588424
0,0.5282979074813979
0,0.525708370358536
0,0.41716928990860874
1,0.5798926586313778
1,0.49585807837107543
0,0.3005841965077253
1,0.5752184760874482
0,0.4482436960153229
1,0.4848789058189245
1,0.45295416031355223
1,0.4512346247376667
1,0.5275113686714727
1,0.5231878941797278
1,0.37497625959343106
0,0.5328547298282296
1,0.4222813948360205
0,0.41464297940329725
1,0.5152898546267558
0,0.5081224869371497
0,0.43191585391416276
1,0.4850586301327634
0,0.5625537969950204
0,0.4248567975428071
0,0.4490974821981729
0,0.4734599949476278
0,0.41262922834101606
0,0.6184286571884047
0,0.37178519106339386
1,0.43058870606308974
1,0.5561186884899041
1,0.49056374701756117
1,0.49584829957885346
1,0.5336163626280754
0,0.5037694775975694
1,0.5774722498580437
0,0.5419543837482352
0,0.434575987393574
1,0.5167997094134835
1,0.5080527557105471
1,0.45487221844232134
0,0.5984644035352361
0,0.4901149443010922
0,0.5063432907942915
1,0.5483414744365871
0,0.5750123268295169
0,0.42296639235549466
0,0.5813930933805286
0,0.43254629957186935
1,0.3666779953472761
0,0.43263276410453294
1,0.5192891065152883
0,0.44154239515008087
0,0.5293068846441714
0,0.5917955316251713
1,0.41852739567250963
0,0.5888661871743567
0,0.3151390256325111
1,0.5972755312574465
0,0.4819896507100861
1,0.4984713269514945
1,0.5516501854483792
1,0.5988734950429063
0,0.5224302850480379
0,0.4705461392435459
1,0.5508503276691797
0,0.3957604437282664
1,0.5548154587244571
0,0.5038188263396777
0,0.49987636605430746
1,0.514837146436503
0,0.4758842000957782
0,0.448573966298681
1,0.49688333550754393
1,0.5777165002347976
0,0.5171224070125766
0,0.4837213686002687
0,0.4482183918479338
0,0.6462169550815398
0,0.40374619249242183
0,0.5516587444742415
0,0.5368313145411869
1,0.5284483615420174
1,0.5604668865739812
0,0.3791290162193415
1,0.5656868210032983
0,0.4173946853248908
0,0.40185760887224986
1,0.44943189699869895
1,0.5748177493856322
0,0.5446973268531026
0,0.6153971042371882
0,0.5410517306986878
1,0.6337466644615789
1,0.4769774686389189
1,0.5878956808223289
1,0.5428255037355356
1,0.46222390357388354
1,0.42508359912620364
1,0.4129638333637469
0,0.46912642766922763
1,0.4274042958640144
1,0.5680412019939575
0,0.49945409097319804
0,0.6407672211271742
1,0.6898910498804876
1,0.45571107666152433
0,0.5232162446737288
0,0.4368647429603673
0,0.4316224686612265
1,0.5619107663895822
0,0.3699045729088615
1,0.5473282604042723
0,0.43703930336036473
1,0.47378408873106026
0,0.368350801298939
1,0.5293199748299393
1,0.5144277760373959
0,0.4310578428458412
1,0.4709725476609086
0,0.4775741177347773
1,0.4921404274677347
1,0.5384975464696745
1,0.49534431536566115
0,0.5651750901803267
0,0.4008674261268357
0,0.4542626568358267
1,0.5248666039253913
0,0.54037593012946
0,0.4291066127305773
1,0.6135150338637482
1,0.568545235104173
1,0.5279194392968442
1,0.5364174519487666
1,0.4229217368179412
1,0.5425225035021454
0,0.47278861714011217
1,0.4949285491885736
1,0.5829114357518053
1,0.3668642140665468
0,0.5790538598972415
0,0.5551320801459328
1,0.4379848014812289
0,0.516342863676333
1,0.5249517898077063
0,0.5148184678746652
1,0.43854598591087207
1,0.5915031961226463
0,0.47683146109597835
0,0.5205390501071525
1,0.4844869061972707
1,0.5777270420538618
0,0.4020881403239217
1,0.5994486726590309
0,0.4151597045719534
0,0.5273754444855193
0,0.5107976337231438
0,0.456050313331595
0,0.465634030563
0,0.4992408032158819
0,0.6169544061639624
1,0.44479913080275607
0,0.4818013752191749
0,0.5021429796884771
1,0.4945655069212988
1,0.5373968868936503
0,0.44789035879132144
1,0.5307037710979354
0,0.4896670223373709
0,0.5147252674364974
0,0.4563198428727533
1,0.5378075688549343
1,0.45894163193129006
0,0.4357974133508597
0,0.4368873072086568
0,0.43442577212068517
1,0.4953148910291255
1,0.40039456844683113
1,0.5036917279974024
0,0.426893742844749
0,0.5390122904589226
1,0.3063703603724426
0,0.4947741057415383
0,0.41575740751465057
1,0.4458046018416229
1,0.3798235280886022
0,0.523512467056202
0,0.5698166913437557
0,0.5357797694006949
1,0.42898882291054863
1,0.5578356177208427
0,0.48309837340195316
1,0.5454430723497894
1,0.5373581406398433
0,0.5013997922790233
1,0.44685855477503966
0,0.35767644166221324
1,0.4898244192232771
0,0.3906993705324429
1,0.5479402510143159
0,0.5211993976784738
0,0.34436141462616404
0,0.5323584890204514
0,0.4403901927321716
1,0.4875235548678388
1,0.472648376271267
1,0.5605903140789585
1,0.4991491076561742
0,0.46062441187436465
0,0.45866670574653967
0,0.5569473593019251
0,0.5735373942093811
0,0.4424472534668731
1,0.5370186816027376
1,0.48864257350236484
0,0.658405940920255
0,0.36637683304551016
1,0.5430446019087629
0,0.43124834654533895
1,0.5452283685907799
0,0.5462827984169558
1,0.5362644606062492
0,0.5243935651499468
1,0.46359609479576974
1,0.37052379487832926
0,0.4714744619233742
1,0.4880172895572483
0,0.5034928984169862
0,0.41480539643709324
1,0.4426847655520459
0,0.5856776150392026
0,0.3743252569837892
0,0.4979809546367537
0,0.4635918342197107
0,0.36238884884168904
1,0.4449368889209852
1,0.5580984816554152
0,0.44389797218406396
0,0.6267856668901383
0,0.4522525076844251
0,0.4517526250418491
0,0.2727130966311658
0,0.4621834058138645
1,0.5748021610561863
1,0.4726523798674926
1,0.5520939284239552
0,0.41149329245602734
0,0.5550846433715844
0,0.440330132324209
0,0.5001602499122684
0,0.4176087375392554
0,0.45356745530423725
1,0.49659833856214924
1,0.5712248550523568
0,0.48618315160911496
0,0.5734859400794946
1,0.5015655812791623
0,0.3813361828446858
1,0.5961825167909298
1,0.5096123750545024
1,0.5966667876010329
1,0.36691616809624367
0,0.5955750684142495
0,0.5814165892135341
1,0.515665027692382
0,0.35941774200914717
1,0.5664820964984302
0,0.49014363572085773
0,0.49271950787954777
0,0.6042275655161575
1,0.5841057710944365
0,0.5886908954526542
1,0.60877535749988
1,0.5184556300516784
0,0.5742795463403801
1,0.5043501282947526
0,0.49128620139021867
1,0.5403817914691725
1,0.5540146361943857
0,0.604351927667831
1,0.5164860150984881
1,0.4927170714749755
0,0.6453028962386225
1,0.5205706372137842
0,0.5689466365627504
1,0.49428412953355133
1,0.407788094473497
0,0.48454032030944955
0,0.5197905113002489
0,0.5614869350527305
1,0.45402444467114234
0,0.48700883866417644
0,0.5073122027741264
1,0.36419751966369746
1,0.46274681641822285
0,0.5404400274667711
0,0.5967671243382464
1,0.3354989651707087
0,0.5326921750172068
0,0.5225384328741195
0,0.46222059757376616
1,0.5117880788473805
1,0.43424071053406177
0,0.5177880076114224
0,0.5197342985547364
1,0.6268547823927957
1,0.4745158749215759
0,0.4490974821981729
0,0.5725292256450826
1,0.5875673981408862
0,0.4281970050167312
1,0.47906414285951515
0,0.5505972542362936
0,0.5561477656442609
0,0.5236406446973861
0,0.5120854600892802
1,0.5339835646802357
0,0.4514373300895204
1,0.5660597769258184
1,0.4430309427504437
0,0.5722834504765199
0,0.41929379554206325
1,0.5708784495885785
0,0.504754365261569
1,0.578163740864221
0,0.5443500564439073
1,0.5456023341754629
1,0.4958218954524512
0,0.49504645697144173
1,0.590486064216185
1,0.515463735089764
1,0.47126232515999505
0,0.5290733119976234
1,0.5554626266097319
0,0.5768132486455245
0,0.5384569918566363
0,0.5083893661294189
0,0.49225964130585387
1,0.5171429334856386
1,0.4094449646590556
1,0.5452483577507325
1,0.4706528395090265
1,0.5732773721739254
0,0.37263349805025486
1,0.5883196543319726
0,0.5288297753455278
1,0.3966549415827412
0,0.4978916815059624
1,0.5034281169437365
1,0.4105789492335189
1,0.4536307123943392
0,0.555304342177074
0,0.5100172308054991
0,0.5390379103464679
1,0.6033961180655075
0,0.48699465080120274
1,0.576891433929866
0,0.4619893208857894
0,0.408622319741841
1,0.3505441258917006
1,0.4511490994101514
1,0.5240151941531394
0,0.5400757966522348
1,0.468846674137414
0,0.5558998051890636
1,0.4514675006819437
0,0.4834592556072995
1,0.426438907306873
0,0.4497932332668963
0,0.5064079571734511
1,0.5478336376731756
0,0.5132810046847368
0,0.3288510970188047
0,0.5163982627836419
0,0.4535819895895455
1,0.5113270635254712
0,0.5189028570684805
0,0.5851008960241897
1,0.5376240214810039
1,0.5847882658192328
0,0.49276238493156704
1,0.5794137284186469
0,0.40855623252885226
1,0.4322603690923875
0,0.47710562983973637
0,0.48312068964915533
1,0.498525892299444
1,0.5386876402321364
1,0.5227520325545145
1,0.5772802564034755
0,0.4210522248138114
1,0.4993678625842753
0,0.45203919373733487
1,0.4277211246743237
1,0.5133469955052646
0,0.5600857383242986
0,0.45949430226853005
0,0.5440876633704248
1,0.4671679364419845
1,0.4030319648939195
1,0.5021415327067837
1,0.4664460691196069
0,0.388269512290663
0,0.5833576502275445
0,0.5862149961047871
0,0.4635376188051176
1,0.5891097976036812
0,0.4873632407764877
1,0.5261373209545805
0,0.5226784577293383
1,0.6175371357742506
1,0.5542674403315646
0,0.43492664982232593
0,0.5336203996286889
0,0.26956609059840286
0,0.3881588272411444
0,0.5352155592897249
0,0.47096524537978046
0,0.5862970852905618
1,0.5085712856925825
1,0.576887456733072
1,0.49872812135830163
0,0.4581899142209495
1,0.5076921125074457
0,0.49971838617619313
0,0.6364767641086665
1,0.56143327501546
0,0.44904713336569607
0,0.49791865642805094
1,0.5780932240947747
0,0.5742845270330019
0,0.514367744974277
0,0.5224052695731289
0,0.45675007716123933
1,0.5561360310181586
0,0.41286581912433096
0,0.5067848583225645
0,0.37768475787827793
0,0.5359729516282666
0,0.4357330656538187
1,0.5582941524633069
1,0.5487077501416757
1,0.5498609622055656
1,0.5653856397250773
0,0.5305291780953922
0,0.4806569133681059
1,0.5766542490206762
0,0.37676246308215017
0,0.5059630332976773
1,0.5067927920763947
0,0.4058342564328708
0,0.5398824471845306
0,0.5035136518876505
1,0.4566727270518902
1,0.5485738869977964
0,0.5313293224615756
1,0.5355406027693224
1,0.5293184988283754
0,0.4717299853849687
0,0.45325282373598896
0,0.5237347039347349
0,0.5449010338188167
1,0.3962332418690057
0,0.4665465549340229
1,0.5190242079578241
1,0.5040388505628637
0,0.4429720602952693
1,0.5386614145254367
1,0.5419930905471805
1,0.5948729189135501
1,0.46860705852490425
1,0.513203177470458
0,0.578860653716475
1,0.5605158751580874
0,0.532577986780881
1,0.5157760687250929
0,0.5769320536344184
1,0.4975645358778928
1,0.5935714226857447
0,0.5719804904555023
0,0.5392735842867733
1,0.48979115620188957
0,0.5676173096118385
0,0.47234737311933944
0,0.5138665680260509
1,0.5282318246809833
0,0.5204566750834675
1,0.6005507087399803
0,0.4142921083946252
1,0.5219854816066443
0,0.41220093566651633
0,0.4966270297221385
0,0.44330146871859427
1,0.47287226344744965
0,0.42954789278657296
0,0.46927969284597354
1,0.6068946513871548
1,0.5891701490142425
0,0.5232313630486455
1,0.5536794955790604
0,0.5438076377405006
0,0.5792461444796893
1,0.4392124519939783
1,0.4468819696436247
1,0.5508992464865043
1,0.5570785135240618
1,0.3865584368603301
1,0.5028910414916067
0,0.4791411829328961
1,0.46896015715802264
1,0.5281491307500087
0,0.5574381976292964
0,0.41151961579727825
1,0.578994541730113
1,0.5093760483792384
1,0.5296161413747714
0,0.6013808429929025
0,0.5181167005271113
0,0.5134939715052984
1,0.5096494540793469
1,0.41108477403593324
0,0.582644768156203
0,0.4229393549927816
0,0.5740728344510595
0,0.45990725103266517
0,0.3826277607902878
0,0.5341187856749902
1,0.5528998641309496
0,0.43536982453463485
1,0.401411672854743
0,0.5185682403681052
0,0.5237744309715453
1,0.49521604444407974
0,0.5242441516378413
0,0.44153212578808326
0,0.5036627659483792
1,0.5181515529104016
0,0.4434070637127836
0,0.368828257289459
0,0.49518298219043017
1,0.5762431236509892
1,0.5018278885844527
0,0.5282477584168098
1,0.4851798102302504
1,0.649092131793377
1,0.49717663410751334
0,0.42218812080663676
0,0.5656413827363828
0,0.3218885559789447
1,0.47271404879199647
0,0.5024035815161428
0,0.43663861872831017
1,0.5389478636689835
1,0.3936269465257482
1,0.49543655651219415
1,0.5357716222587736
1,0.5087800965285254
1,0.5170610409214776
1,0.4587055784453643
1,0.5676909849442797
1,0.6205604820083638
0,0.469363262166078
0,0.44098792885059057
1,0.4242833887407407
0,0.41436668946644856
1,0.484906544754189
1,0.4329399556360882
1,0.5632139444194638
1,0.512587739748348
0,0.46126823321520904
0,0.37670922886571273
0,0.5654005982319698
0,0.5698617969633264
0,0.5798601477533586
1,0.5155306818651818
0,0.46785337130947363
1,0.5425971343680714
1,0.5426607008015926
0,0.46768526880958566
1,0.5281195312372338
0,0.39682881861094593
1,0.4964810296306893
0,0.4477570345188951
1,0.5954511134618723
0,0.5927157164771097
0,0.5320126152653722
0,0.524424263949108
1,0.49118695133542284
1,0.4021905395933004
0,0.49152843582654576
0,0.34635258208080966
0,0.5316297160502326
0,0.5280032169640531
0,0.4907481610725572
0,0.5857554437278458
0,0.4568446463550222
1,0.5836716741500516
0,0.5037759703113264
0,0.573788496966891
1,0.5451497068343114
0,0.5137396810654347
0,0.5353276698177036
0,0.5099560953406561
1,0.644767952279492
0,0.4550522332105598
1,0.5357023276110954
0,0.3835269395721757
1,0.4729269774842691
0,0.5813576908565415
1,0.4274687694235537
0,0.5162509886040224
1,0.631358964231231
0,0.3494247391012017
1,0.4918705372997462
1,0.5647860386745385
1,0.5634277790225319
1,0.3878907656054519
0,0.45447037748067715
1,0.5757505232722379
0,0.4216053189087631
1,0.5272783762180882
0,0.4538484998643866
0,0.61451292259669
0,0.5609135474622307
0,0.45811820982409973
1,0.4785721121715832
0,0.424550426503807
1,0.47832436558194
0,0.5547069623410473
0,0.4706726728714627
0,0.5036743327436003
1,0.6047398883985439
0,0.4101911681127211
1,0.5349758709049074
1,0.6095818848240255
0,0.531591444981132
1,0.6175395854945589
1,0.5323172806893891
0,0.5376789494902162
0,0.4349963709352875
1,0.4598929457076325
0,0.44295434066392425
1,0.5399200558043684
1,0.47939408358967256
1,0.5768262240055363
0,0.4104815203381054
0,0.5665137150725723
1,0.47183812965438937
1,0.5454381565126029
1,0.5866824007967478
0,0.34600333898287317
0,0.4493737787556377
0,0.439965191343699
0,0.40306691807723194
1,0.4896385995792196
1,0.581334861848062
0,0.5016668422469455
0,0.5012713782247273
0,0.37870231725255676
0,0.5837484124641656
1,0.3668409642840032
1,0.4545609867275393
0,0.5036070131821279
1,0.44002701977290426
0,0.46018865610885457
0,0.6115056690172439
0,0.49529035611068883
1,0.5664034730408574
1,0.4838200968802984
1,0.4051267461775962
1,0.5644724565704209
1,0.48132694872340337
1,0.5798993732567956
1,0.43651218166527966
1,0.525250024534766
1,0.48333482960332097
1,0.5947391796838396
0,0.5625378174435155
0,0.5144588089436312
0,0.5573653936410935
0,0.5760885620074325
0,0.3099162314166327
0,0.41295295077096744
0,0.4336119693340063
0,0.3601373618573316
1,0.48575781353748954
0,0.5465404400217138
1,0.4448424299315349
1,0.4584494387838539
0,0.4733996585582162
0,0.4794860896403755
1,0.42786979058330493
1,0.5730130048554922
1,0.4729103954561126
1,0.5042577674967031
1,0.472755783721549
0,0.41288805125593464
0,0.5299688299448755
0,0.36478077595409863
1,0.5419993150672264
1,0.5119090962882828
1,0.5304340582726209
0,0.5698874057616992
1,0.5938184523930585
0,0.4992104513224659
0,0.5152224359820603
0,0.4169715306083853
0,0.46516184816305584
0,0.4550550612816198
0,0.5596032830129503
0,0.4538175950757322
1,0.46774606176047084
0,0.3444789493297962
0,0.3455252269106527
0,0.5164699626416931
0,0.471845058082125
1,0.6433687189006199
1,0.4804669330898557
0,0.48958429027905936
1,0.45835147554264705
1,0.5349279455782994
1,0.4353257227155521
1,0.4844207878122116
0,0.5953679417840249
0,0.4211297613109601
0,0.37403125218746686
1,0.36024035751303596
0,0.5309242372095138
1,0.5015963390464716
0,0.5309008212536396
0,0.5140629702606045
1,0.5598304233332749
1,0.48161734876399726
1,0.44036689078020186
1,0.5003096041638172
0,0.5834535778279549
1,0.5273560819010256
0,0.47890280481176345
0,0.3813617819508448
0,0.47608243525499805
0,0.5079800230415484
1,0.5089353857585562
1,0.5681075521738118
1,0.5473908458389942
0,0.5022491689595201
0,0.43730171053884836
0,0.3657715218029548
1,0.5248790485016126
0,0.5046555808615728
1,0.46560020966909726
0,0.4655301660121597
1,0.5907624992290437
1,0.5343372320294467
0,0.5749839080026891
1,0.5756244091518052
0,0.45967969197910646
0,0.5238530311665086
0,0.46054637637406937
0,0.5088578713791392
0,0.5066180697145723
0,0.5587342396431172
0,0.33645637756335023
0,0.4991565279672377
1,0.5443962019402745
1,0.5486634016441136
1,0.44546246347938845
1,0.4662777485511523
1,0.4333087666145481
0,0.560180314024088
1,0.49185870275617477
0,0.5445853656451454
0,0.47824944818056064
1,0.4932574906209886
0,0.4586873848194799
0,0.5375990683294416
0,0.4190993986954429
1,0.3708143045243182
0,0.4061089283634495
0,0.44117668410760996
0,0.5039795519556329
1,0.6272886741414064
1,0.49136104012525034
0,0.4934769290397234
0,0.44077541916963264
1,0.5550806129191332
1,0.5534376278306163
0,0.4908545611847707
0,0.6503723118058251
0,0.4258482318494805
1,0.49699452353037576
0,0.5738419455920784
1,0.623586141523357
0,0.6001211203611715
1,0.5864949653430532
0,0.4388235396623734
0,0.5661151376429837
1,0.4718388123430322
0,0.4497996904764231
1,0.533532144556392
1,0.491992846747367
1,0.5955969618227551
0,0.4347817594547071
1,0.5670610532673988
1,0.5548106250214837
1,0.5710164579701861
0,0.40027615672192096
0,0.41769925341243686
1,0.5119837773748807
0,0.41734036097832733
0,0.507269597673395
0,0.4925072329849824
1,0.48846278209688765
1,0.3772760093168729
1,0.454640434219358
1,0.5169586643442997
0,0.5458112919499034
1,0.47031728148631397
0,0.43001304807910956
1,0.4563381851345572
1,0.42944734377597693
1,0.5723665534564679
0,0.47689226061693085
0,0.5048445383853544
1,0.5246178037251765
1,0.4569626535756207
0,0.6053063050203974
0,0.43196073338498264
1,0.3383267703679606
1,0.592805132298372
0,0.4583171223514276
1,0.40306437327816097
0,0.45998808485933823
0,0.5643874766254956
1,0.4669125389079169
0,0.4909055988521245
0,0.44305515524495503
1,0.46310073662817247
0,0.5471208815826116
1,0.501215098908618
1,0.5239082939000291
1,0.5827329420871662
1,0.4657717244378768
1,0.4519307472126273
0,0.5751970678826247
1,0.4207912196994373
0,0.3722852102917499
0,0.44629564829568685
1,0.5031884153675547
0,0.4778208865365312
0,0.47458117829579727
1,0.5475703639873417
1,0.4616240723436238
0,0.5760514426284373
0,0.5518906288150128
1,0.58504832043255
1,0.5080881051073765
1,0.5787305124208454
0,0.44091501136145067
0,0.3996110504212974
1,0.5405288626075858
0,0.5188235834590681
1,0.54796330834391
1,0.4406176611478727
0,0.5194055131438109
0,0.5559755039031592
0,0.5305589907679206
1,0.5289369324589988
1,0.5994787496314116
1,0.48845329913155766
0,0.45017223980487475
0,0.4476580622297186
1,0.5408299212221797
1,0.5888027059806918
0,0.5159610514036931
0,0.5891578749790007
0,0.38804365413201425
0,0.45774377542266614
0,0.5556506554336146
1,0.5383041766779314
0,0.5573836637787198
0,0.3724305670208981
0,0.3535479788016551
1,0.5740753110359622
0,0.5095376223742412
1,0.5452648569802157
0,0.48919311369573726
1,0.3923050772223484
1,0.5692937752372715
1,0.4602033462884053
0,0.512518804771121
1,0.6252020674047237
0,0.5292434087693614
1,0.4080476256676928
1,0.5323750194888044
0,0.5597043917354507
0,0.4616135580980722
0,0.521229488917145
1,0.48270086093939335
0,0.539649352789768
1,0.5472696074597484
1,0.42928837120510077
0,0.553070883615198
1,0.4766320868901652
0,0.48714415013096213
1,0.5615222557530707
0,0.41081336139512153
0,0.5234639056134907
1,0.49068767094870996
0,0.46611392817969904
1,0.4752830877066802
1,0.4827127281389474
0,0.41271392853348243
0,0.6345266349705565
1,0.5719485503715276
0,0.5004511566523302
1,0.5166740360103776
1,0.5621586403806694
1,0.411005796297523
1,0.5072003197703319
0,0.502476539226413
0,0.4407951334955766
1,0.6199568556347851
1,0.45758772066573833
1,0.4477243635888171
1,0.5404907478988671
1,0.6698652501115557
1,0.41825676495801273
0,0.41190415340692277
0,0.5280703949564365
0,0.4385206172532743
1,0.5483512606909001
1,0.5531701559015925
1,0.546464175932661
1,0.526987897527947
1,0.5225338384200724
0,0.4701161372346788
1,0.4258342375937075
0,0.5439642304863997
1,0.5209484967223269
0,0.5437401330783705
1,0.4901411224909093
0,0.4540741116967966
0,0.5996857903348273
1,0.5422855833795153
0,0.42619269932024584
0,0.6078112979665221
1,0.5644606258503724
1,0.47538330243506677
1,0.5555179938759955
0,0.6284732369136208
0,0.39650522719615383
1,0.5831263933159889
0,0.5574489078021793
0,0.4863933908074557
0,0.4300298570766929
1,0.443106049545162
1,0.4826655395341347
1,0.5521742794939034
0,0.4337682153822514
0,0.5062040598385734
1,0.5100903170339205
0,0.48451537546125495
0,0.4747606114279078
1,0.48190320997367725
0,0.4755481163276412
0,0.4506377000180067
0,0.4879014439142481
0,0.4271780230252852
0,0.47322164622058904
0,0.344742606814195
1,0.522514210878573
1,0.5355174958482605
0,0.5050777147080101
0,0.5614554835980857
1,0.5546078377015181
0,0.591649311982004
0,0.5046238982666944
0,0.5175124112907213
0,0.4911506892600047
0,0.5687026385177931
1,0.4180000703833975
1,0.521882511038335
1,0.5462421540799092
0,0.3556850263544219
0,0.39502903862253325
0,0.6001884156938937
1,0.6292552060478587
0,0.45822310144931666
1,0.5087452938517444
1,0.4712328450253397
0,0.37032741438544636
1,0.5528470628482154
1,0.5210594975977624
1,0.47257152071336345
1,0.40736085966539465
0,0.46300010560014365
0,0.47644159133147923
1,0.48257941028961676
0,0.48703168944129327
1,0.5354311626368037
1,0.5196434412525488
0,0.475148341197811
1,0.5037563621204904
1,0.4065913379078383
0,0.5270506073778681
1,0.5108982635308728
0,0.5254840941095777
0,0.4832043708171337
1,0.38244433895382185
1,0.49849488790440055
1,0.6047485214511386
0,0.412191552167169
0,0.49825462313009505
1,0.6658282163742908
1,0.6846651447597041
0,0.6056305041041654
1,0.47289061374777513
0,0.3858032049289764
1,0.4433252925936317
0,0.5015656368264678
0,0.41865845188140677
0,0.4741174708445514
0,0.5662383472996244
0,0.38474274502885936
1,0.5350075446914925
1,0.554100802938436
0,0.5675623413843057
1,0.4957616618851726
0,0.5136239169641436
1,0.569141398828982
0,0.5371377002226073
1,0.45117749951937053
0,0.4603351615482555
0,0.4937106834878663
0,0.5773867322862979
1,0.47561293578125785
1,0.45362936697243494
1,0.46587752749139205
1,0.5430809285489561
1,0.5011391953917111
1,0.4470611681598418
0,0.5487023182791901
0,0.5353273973769882
0,0.43501840432720895
0,0.3402910322945993
0,0.41445034483874793
1,0.5075009786537832
1,0.36436109735957234
0,0.6140892613529837
0,0.4286687426488845
0,0.5398048419730203
0,0.4584973485257157
1,0.6346315814921597
0,0.4460043666160123
1,0.48547658310244407
0,0.4764451271868044
0,0.5702772845132951
0,0.5380240657570412
1,0.5980364278099635
0,0.4741769096998417
0,0.5352833717703782
0,0.4637725455832679
1,0.587772734221401
0,0.4817543730410747
0,0.4775978207690625
1,0.47306504129496485
0,0.5835417759760758
0,0.5601395875548792
1,0.6146542816553187
0,0.42732609578329644
0,0.4795509731536843
1,0.5868532569081186
1,0.488432225377239
1,0.5376152566042964
0,0.4745539357869598
0,0.5008359369243731
1,0.3896103055965911
1,0.5347313434467427
1,0.5917100879920211
1,0.5227844834759987
1,0.5244133065027119
0,0.47419907576928993
1,0.5257681667691759
0,0.5638512886233947
0,0.5889085903450039
1,0.5262851440806782
1,0.5620989636470424
0,0.4217302380335096
1,0.6086331469715938
1,0.5299434192069574
0,0.5660090750355412
0,0.39095138570882154
1,0.4961419839840401
0,0.5301329895693755
0,0.3684644488390442
0,0.5443737791588469
0,0.5387169260726107
1,0.5338314745082
0,0.5989295759285391
1,0.47780172917502683
0,0.5555301972106437
0,0.4517985090490645
0,0.5800623506625883
1,0.43683620048325633
0,0.3831160828307145
1,0.46005209399086194
0,0.5166927338306795
1,0.6669507561805644
0,0.5064265900901319
1,0.5659081753279184
1,0.5367949823971235
0,0.46300881572142594
0,0.5028908788708615
1,0.4641418887050577
1,0.5657400155487238
0,0.3984295976185986
0,0.5160767407397611
0,0.4074468180936292
0,0.4520717307703818
1,0.48048555791756725
0,0.5356071198892995
1,0.4757293304516995
0,0.5200848105113951
1,0.5463334926688957
0,0.6310063810747253
0,0.4577901789903654
1,0.5265867623698887
0,0.46994018996325354
1,0.5636227971944398
0,0.5518790632891702
1,0.4717189686456441
0,0.5127595841332879
0,0.42442624064259465
0,0.4471054456261061
0,0.4629354437290027
1,0.6148986021585967
1,0.44128689442262065
1,0.34227076890285396
0,0.5349624243155282
1,0.5300330482523787
1,0.512756751405653
1,0.5347199949774372
1,0.508905657445494
1,0.5012196201415928
0,0.6118844839334509
0,0.522990685598141
1,0.4319788962603339
1,0.44505410136893564
0,0.460006469044362
1,0.42173530397897907
1,0.6198893803417502
1,0.5928636695948383
0,0.46472540634742926
1,0.549399500553526
1,0.531609952380733
1,0.49418741900616986
0,0.43778446133178056
0,0.40001498773425004
0,0.5481330624948961
0,0.4370348199800809
0,0.4537211446470914
0,0.3779497462777546
0,0.34687912520626984
0,0.519249601391857
0,0.4955009811560867
0,0.4604936606953093
1,0.5968454550274925
1,0.46217608625249823
0,0.49794519816770777
1,0.5915038620772753
0,0.5296046530648305
1,0.5078940103012775
1,0.5144412244589138
0,0.6146288260007912
0,0.5875597785263595
1,0.563370414407619
1,0.5952711376045886
0,0.5891357564324453
0,0.40478499233774684
0,0.6265335102236939
0,0.6196774056723338
0,0.4498547658161663
0,0.5305023339059352
1,0.5104577723697405
0,0.5313772037498987
1,0.4955269642247407
0,0.4435720885683
0,0.48094388857745557
1,0.47665786371957963
0,0.4779067574724649
1,0.4486258814582179
1,0.5681030432762201
0,0.5050954096174377
1,0.4875828186963778
1,0.4876508097887114
0,0.5122846714053241
0,0.48380563211420236
0,0.5275055687532154
1,0.5429376199120224
1,0.46620157396226025
1,0.5849616947270581
1,0.4068484962688028
0,0.4757238361885106
0,0.5153774568953621
0,0.4882343035924264
1,0.694336123694148
0,0.5346481156622125
0,0.4239832334172194
0,0.49553102674800087
1,0.3450578557533446
1,0.607093108766872
0,0.5972484812466492
1,0.5118884327945628
1,0.4923329722274376
1,0.49897077419678887
0,0.4742688365376333
1,0.4918334540727999
0,0.5094006076892522
0,0.5034270321844536
0,0.3998760087423538
0,0.38367106715581023
1,0.6407822758755084
0,0.4512772575801563
1,0.5688405768699748
0,0.4397231955711228
0,0.5043504625466314
0,0.3633854260313234
1,0.5312936573113621
0,0.5334702107415922
1,0.38984269100153157
0,0.5794163823351532
0,0.34668693963869884
1,0.6320459817719295
0,0.5127829875534775
0,0.4191072710604438
1,0.6245097175162073
0,0.46054860364890865
1,0.5223582167353449
0,0.4960668213950883
1,0.4476858266603396
0,0.39501449937461686
1,0.5243943430749747
1,0.3606856939565454
0,0.5341660976662425
1,0.35247812061759537
0,0.5217511897682426
0,0.4204072041320316
0,0.43260312266280876
1,0.47416152829457525
0,0.4117264262822512
1,0.5800072407633808
0,0.3971157630143177
1,0.4598540737321696
1,0.5258851526991654
0,0.47622602357298927
1,0.6617733774060095
1,0.5917906683197459
0,0.5416639865486186
0,0.4015972689335656
1,0.47451695947731326
1,0.5016104028900827
1,0.48658951061557415
0,0.5943499596848438
0,0.5077732607541359
0,0.4968905823160637
0,0.623340649592006
1,0.5626510461939814
0,0.4966711135081835
0,0.591771996127441
0,0.504342130325713
0,0.43267496097495656
1,0.5842889559960163
0,0.492387762063477
1,0.48287721856450433
1,0.4483482651176261
1,0.5042903590816474
0,0.5532151427145519
1,0.5375009767514908
0,0.39723942757227726
1,0.44531213997415564
1,0.5268291305718734
0,0.6064027326001781
1,0.48838073039673724
0,0.5071801860906934
1,0.6013804134545331
1,0.5450705108871261
1,0.5246358723600961
1,0.4204962775444857
0,0.4934833130842912
1,0.4700508217740756
1,0.5268609668489608
0,0.3792216901051098
0,0.5329542883393757
0,0.4577180659164035
0,0.501170215464738
0,0.5016190077647495
0,0.5930697193046174
0,0.3978820380238429
0,0.536053669946906
1,0.4712821127698852
0,0.48057481773679095
0,0.5023220230291228
1,0.5509530534474821
1,0.6145087053711148
0,0.5336840881307303
1,0.5396594298285164
0,0.41298243700967224
0,0.4754670413791719
0,0.44127219178443916
1,0.438328114431478
1,0.5607247799548966
0,0.4963396821009758
0,0.4938362401629833
0,0.512135671204937
0,0.38216698875906585
0,0.6225857132861679
0,0.42128792733677894
1,0.3605304378068184
1,0.514960205709129
0,0.5451158998018899
1,0.551537619400157
1,0.6208738117627113
0,0.484515258246213
1,0.5708878480444001
1,0.5149363645232279
1,0.5689252875495495
0,0.41096127975878183
0,0.5351429675941255
1,0.574171686072651
0,0.43705657368919476
1,0.5357499080790378
0,0.5199130220134777
1,0.46565538466133904
0,0.43157623695529784
1,0.5599730241788202
1,0.5617053842378104
0,0.5369420369123192
1,0.46399454153160974
1,0.5224930221673622
1,0.49035217347209364
0,0.6256197697670423
0,0.31912141812205813
0,0.4924923225419173
0,0.4637163607002066
1,0.47694546957320433
0,0.5011211119901123
1,0.5618375992119871
1,0.545470825121494
1,0.5097993494389038
1,0.5072448249263302
1,0.5001519920472836
1,0.5638978575486143
1,0.5192567659436552
1,0.4415913853572789
0,0.6078771641035063
0,0.42885344067727915
1,0.44335974164391556
1,0.38324183355926733
0,0.5444946956534901
1,0.5719753805123456
1,0.5645399344022854
1,0.5123885114013002
1,0.5791598374322037
0,0.33728196895291185
0,0.5939553764334977
0,0.4391013294605988
0,0.45681632617516166
1,0.5092865223081255
0,0.48774066060551263
0,0.5142586160926023
0,0.5614009830388841
1,0.5410568494054611
1,0.3622085086356988
1,0.5087636237285347
1,0.5432824525292269
1,0.553248834302683
0,0.4466311579900553
0,0.47020175577603734
0,0.48806346868095535
0,0.4774902652998575
1,0.37572548600964584
0,0.5521118629316109
1,0.36756455510398867
1,0.5560287152210699
1,0.48628521476224285
1,0.5336540566418239
1,0.35936028438272377
0,0.5346239484862376
1,0.5352782527002117
1,0.5967790956873548
0,0.457437434355396
1,0.4019030518123298
1,0.5338681847262778
0,0.43604780341490335
1,0.4636572828212531
0,0.463099648649734
0,0.5056963295085827
0,0.47216873272512766
1,0.4765997167107862
1,0.4084756130282714
1,0.4823722650481547
1,0.4787056573507728
0,0.506520300370138
1,0.5747323679986147
0,0.5492653789497088
0,0.49093650670178207
1,0.4910576114548759
1,0.5021686037533528
1,0.5793281479240869
0,0.5553439898245534
1,0.4938292647253597
0,0.5229332549512288
1,0.5235013981219856
0,0.5461228433924474
0,0.44275618434984754
1,0.5334640584712486
0,0.4650470451312748
0,0.5102219603090528
1,0.5636495898286935
0,0.4249553876991547
0,0.4526379077637494
1,0.4814343449172801
1,0.48540561184623704
0,0.5084249123297597
0,0.44440624552159635
1,0.4108186417540264
1,0.4010286452049963
0,0.5580321856222629
1,0.5032154949508669
0,0.6816067738863053
0,0.5103430885212412
0,0.5295550474650635
0,0.4755622700036632
0,0.4127585109466977
0,0.520939057155116
0,0.3896564503201565
0,0.5801973875969914
1,0.5135819909417169
1,0.573768355586922
1,0.48748327966034133
1,0.5139459384952474
0,0.5008018472508814
0,0.3652223561319928
1,0.5209860662691709
1,0.4474023469928193
0,0.610723990181709
1,0.4858027478354859
1,0.4580425312737969
1,0.4641398838462767
0,0.4903788484789639
0,0.4306779485038358
1,0.5241457811376704
0,0.46535011698975837
0,0.4622727926463479
1,0.4400317196967232
1,0.5119143247098855
1,0.5408212189759102
1,0.5198332695917289
0,0.37493073751235434
0,0.4842741685905346
0,0.5075326623636004
1,0.5354880370557146
1,0.5739634076884768
0,0.525633686245053
0,0.4941633691274703
0,0.5129907302980727
1,0.5291102451816578
0,0.5417832103902264
1,0.5255701834279414
0,0.522043672145056
1,0.568933409460102
0,0.43662567244235545
0,0.4621761932773306
0,0.4716210574011304
0,0.5870702229592186
1,0.5249667685378641
0,0.46846415433168054
0,0.5691486337284535
1,0.47630030325048367
0,0.4850243165758767
1,0.5157087530442489
1,0.6668740850889814
1,0.6340528882820481
0,0.460292350364864
1,0.6235685185062987
1,0.4886525948530509
0,0.5636946726825711
1,0.3735495314642569
1,0.5762698681524012
0,0.5371448355953441
0,0.4918399754919864
1,0.4308282566375194
0,0.42206878236222173
1,0.5900524766457516
0,0.5261213585049359
0,0.3203317529497658
0,0.5160313189341987
0,0.47473368393205045
0,0.4592162518732515
0,0.5054734803275477
0,0.40374611598338334
1,0.4982832479769458
0,0.44098302684767093
1,0.528013736736637
1,0.41141816560844807
0,0.4017504397714581
1,0.3964665325975899
0,0.5826007444516825
1,0.5090287359530563
1,0.48424214041596114
1,0.5707333779834669
0,0.6134347570936685
0,0.5203877017732517
1,0.4836940958043496
0,0.556524822904003
1,0.41098233390027195
0,0.5623626453607901
1,0.5311216002728656
1,0.4268297185402956
1,0.5129363541499886
1,0.5435856267807148
0,0.37961465222873486
0,0.47106299198038326
1,0.5611873083869174
1,0.4800166160097652
0,0.4099944832043307
1,0.6096039897910098
1,0.32473521563914837
1,0.48383432128175513
0,0.4708157465219723
0,0.5292415541836742
1,0.5536510167442426
0,0.41014624762014196
1,0.4653825001177722
0,0.4990940478399885
1,0.48930689520414417
0,0.5396146927275455
1,0.5370814353583763
1,0.5017546800958778
1,0.5336442454772167
0,0.5797816945222047
0,0.4627172425307929
0,0.44074238096231877
1,0.6057673128495525
1,0.5516986250461074
0,0.5019276040378787
0,0.42148973282421887
0,0.5088330146922888
0,0.5441458321739744
0,0.43697773427084047
1,0.5473303903861001
0,0.4344494477009458
1,0.47146285992066106
0,0.44933493533316443
0,0.3971204567679726
0,0.5055292791402394
1,0.48244583961967547
0,0.4845196693901126
0,0.41248628557450595
0,0.47829811316551585
0,0.3290404229904954
1,0.4301179236769446
1,0.6277414766053869
1,0.4250862971798164
1,0.5466320998734135
1,0.4158624892874103
1,0.5219421404701209
0,0.48720285756428267
1,0.47319130243531643
0,0.553908487744315
1,0.3959936457417193
1,0.5393832403133005
0,0.5269721058267836
1,0.5457598964903333
0,0.43332977039883663
1,0.5207781975968285
0,0.5034727055900888
1,0.4438710163991018
0,0.4771138175274934
1,0.4645000594339006
1,0.4273999339893846
1,0.47681808576968476
0,0.35427781772641936
0,0.44641407067185385
1,0.5037341849768611
0,0.5497272184807108
0,0.5127506970729419
1,0.3962436072626026
0,0.556048126008215
1,0.45628168913269945
0,0.4802066535002383
1,0.5244662248901287
1,0.57653142658219
1,0.4817346406796312
1,0.519179609219916
1,0.5210874418447824
0,0.4774877093875911
0,0.5242356736500212
0,0.37561045526106707
0,0.5964109569416729
0,0.5864889084195919
1,0.4533121253629562
1,0.5671212095509558
1,0.543782815221062
1,0.568509345680604
0,0.42957651012709813
0,0.3834222741820807
0,0.4552480460839364
1,0.4696266559642917
1,0.4610446638503727
0,0.5362407248198209
0,0.3991139373822301
1,0.4964793105356277
0,0.4861871764033624
1,0.574020997398828
1,0.5616520099099046
1,0.48761656680237403
1,0.5453283157999855
0,0.4737701769503105
0,0.5149665989361911
0,0.5509390743769856
0,0.49074046752359124
0,0.41983399523777243
1,0.40713892966317017
0,0.5831813030446548
0,0.4565906829565434
1,0.5079805881703746
1,0.5283554830428607
0,0.4808076248755625
0,0.5466905832041977
0,0.5459371136484433
0,0.5101012238473482
0,0.523320837614181
0,0.516394454334772
0,0.4884250500014483
0,0.40008860863774404
0,0.5061039009367336
0,0.44928107157101344
0,0.5171894284399787
1,0.4715283189395952
0,0.44294293567311843
0,0.5904569459329809
1,0.48939527570482017
1,0.47827704227910667
0,0.4607673180170192
0,0.5145327854615588
0,0.47034794207246794
0,0.5369988720289662
1,0.43697149320390005
1,0.48549968584503383
1,0.5404916340406072
0,0.5833528543976343
1,0.5330361365521419
1,0.43363686870095186
0,0.4746352937484007
0,0.4847211426136213
1,0.47412379276459865
0,0.5070363059373841
0,0.4167231916151364
1,0.4375039460261837
0,0.43085990617743264
0,0.46954874224130977
0,0.537594409499925
0,0.5117482214831065
1,0.5441546970514322
0,0.4360135166152034
1,0.5509783264902084
1,0.45917250915499364
1,0.5698895240104026
0,0.3635021342389226
1,0.5453576639407482
0,0.5188163234587139
1,0.4241881197465829
1,0.5696992838385437
1,0.5844622129474446
0,0.6252912118336595
1,0.48381383069679623
1,0.48577825371901795
0,0.5771247553602094
1,0.5186421587988894
0,0.5604426646092521
1,0.5147721451488089
0,0.3876348812791146
1,0.4506954886826337
0,0.49329361815094047
0,0.4841675650549723
0,0.6048240988602798
0,0.4396986620511122
0,0.5524450455066974
1,0.4119513093070873
1,0.4883816975913271
0,0.41476840462310866
1,0.6047855036360569
1,0.5960956673624035
1,0.4587123300271697
1,0.46982760108730814
1,0.6011699986411159
1,0.5710792252837797
1,0.4950701217671993
0,0.46257014788619405
1,0.41323393836609906
0,0.4998056840112149
0,0.574813015159822
0,0.5236277780115753
0,0.5030066076617493
0,0.3387627979135643
0,0.48080991759329045
1,0.38959942918140417
1,0.4233859381937584
1,0.4987559653552631
0,0.39397253248309766
1,0.5332431508966748
0,0.49819942590206506
1,0.544506666776695
0,0.4948972301999453
0,0.4753106129116505
1,0.6170441256101121
0,0.45588459919422375
0,0.6097590785312881
0,0.5058582513085588
0,0.47279163863391016
1,0.4124789758884049
1,0.5293655344460517
1,0.5765950908430487
0,0.4269474549335788
0,0.5629147710475833
1,0.4565429978184707
1,0.3987665718706377
0,0.497035141985845
0,0.47163458006754533
1,0.5105962670907855
1,0.596522986782427
1,0.4752645013845527
0,0.5557562847489788
1,0.507279919405853
0,0.5139858334949781
0,0.5263624826140766
1,0.5571179212946398
0,0.636437773586811
0,0.5699161539229082
0,0.5190020432769921
1,0.5017554015917927
0,0.4968849845598242
1,0.5519887695436694
1,0.4371254411846927
1,0.43133648275178416
1,0.5695288143226066
0,0.4375603471492156
0,0.4649764057105729
1,0.5192290286506656
1,0.4551585925054523
0,0.5472531037467859
1,0.4182126968410223
1,0.5074122386222496
1,0.49286625849422333
1,0.5463214266453938
1,0.6095881724095956
1,0.5456939278895794
1,0.4799208447154656
1,0.5250924338318098
0,0.5911403921545333
1,0.6140243238796447
0,0.43188974076119035
0,0.4395784422853487
0,0.48197656561793256
1,0.5927346675480503
1,0.6235590884764926
0,0.392585200936864
0,0.4569445069028397
1,0.4575777447851442
1,0.43792453855591634
1,0.5479810442460785
1,0.5132171610174753
0,0.4181447564441107
1,0.5658745364138076
0,0.4711984815924962
0,0.56048246853514
0,0.3615178439605528
1,0.5365758821929734
1,0.48605600602896015
0,0.4913679645928681
0,0.5159716349357827
1,0.4832691554929152
0,0.4751497395795773
0,0.5406703985025454
1,0.4626101154936985
0,0.42331680099337465
0,0.48928543625522875
1,0.5352551499864625
1,0.5472283173657305
1,0.5429890827961433
1,0.5263022741992177
1,0.5405864012212667
0,0.47755677957710035
0,0.4369265329727784
0,0.5065614516220148
0,0.45220716544267037
1,0.45725073169148134
0,0.49711164147940984
1,0.5824735537695749
0,0.5679200507641469
1,0.6451493562043312
0,0.5217504521276204
0,0.37065779134911586
1,0.4623773867507178
0,0.4082313589648214
0,0.4814909508812699
1,0.414969982448259
1,0.5084947328399354
0,0.39277229683079595
0,0.5273524335597815
0,0.3745252418672605
0,0.46115958693954984
1,0.5228095928309502
0,0.3693565291613113
1,0.45171883897196946
0,0.5275797221311421
1,0.3733884707333443
1,0.4705793921777898
0,0.5951034883072012
0,0.6443504772545054
1,0.4219665229828625
1,0.4855580078948169
0,0.43494296808079913
1,0.5603106726050411
1,0.5763835917070752
1,0.4591381605902492
1,0.5091948761716956
0,0.5052606208943632
0,0.5098724696699807
1,0.577688790587902
1,0.44288441874899814
0,0.47200511948330515
1,0.45457651006146843
0,0.47041953234302275
1,0.5653415892482041
1,0.5521840081749113
0,0.48454764991667515
0,0.4047510789277251
0,0.46685368973450814
0,0.4596592301059068
0,0.4168456220185427
0,0.38251680913872804
0,0.4157780053594322
1,0.532043369889359
0,0.559781014648677
0,0.37110975272619295
1,0.4212508455702455
0,0.4477934970014442
0,0.4983287771903633
1,0.5610085380411227
1,0.4988183722250981
1,0.6016115658482343
0,0.4567316448910466
1,0.4893872922300549
0,0.43931197331217153
0,0.4859871481828193
1,0.5184710681643511
1,0.7021149554918015
1,0.4572551311971849
0,0.48561681682760277
1,0.5931595742631065
1,0.5351940640402302
0,0.39593790428763276
1,0.5678349693922248
1,0.5251179895477232
1,0.49764229131529725
1,0.5579699178714429
0,0.4622365109803491
0,0.6864820683631334
0,0.32680418034017594
1,0.6041954412286865
1,0.460702839877356
0,0.5417080192760038
0,0.5072608695503422
1,0.5317677893402526
1,0.5857143281665608
0,0.44460783241529994
1,0.6408783694232519
1,0.46244807208961675
1,0.5837653712867025
0,0.3848441055466429
0,0.5413567177295404
1,0.5090598708742516
1,0.5184222532771441
0,0.47117259124111616
0,0.49867654321015487
1,0.4889139604554637
0,0.40415969484993486
1,0.5612667134992765
0,0.6016821422717551
0,0.4831870699396767
0,0.5421140566619381
0,0.5411784133295839
0,0.5240070542832456
1,0.5478016607267673
0,0.37698497623336646
1,0.5836870085417317
0,0.4267009801072241
0,0.5621381785667081
1,0.4764004407522346
1,0.49184422744555073
0,0.4183877499828842
0,0.4561290971792733
1,0.4227645491377377
0,0.43541578710463047
1,0.567673706722787
0,0.48484848628202976
0,0.5146434932348849
1,0.5367448591692653
1,0.6494932384821805
1,0.5347322121597469
0,0.47761868301226446
1,0.5916453431805496
0,0.418257809194983
0,0.5748218912251761
1,0.45018195543934897
0,0.5019535551328621
1,0.5654361242920826
1,0.5572252517734398
0,0.5491399918743214
0,0.3815757594258105
0,0.35269762244329045
0,0.479531673777201
0,0.4955383727937067
1,0.5381849041957445
1,0.5251044990173288
1,0.517561778201267
1,0.5623890707470106
1,0.5097868160213277
0,0.4398320987798713
1,0.42078860173149485
0,0.5109097041551512
1,0.6071845597209936
1,0.6364863571914652
0,0.44868975943516404
0,0.46592094258605443
0,0.4281699507943846
1,0.49630912477340666
0,0.39928543220901536
0,0.38308028853165144
1,0.5381709954348255
0,0.47833909996686186
1,0.541415493538333
1,0.5096331319952614
0,0.4304260256268402
0,0.44509159973163853
0,0.5106978229137772
1,0.4669412995298435
0,0.5527753123763938
1,0.45819282644195297
0,0.5075547176141046
1,0.5041193738072711
0,0.5283802953422609
0,0.4515720017136787
0,0.4255497681884934
1,0.5116365445431107
0,0.5538200588224487
0,0.6030664027010663
0,0.4402966388769876
1,0.39102838987308103
0,0.6211234486418864
1,0.49146985407029686
1,0.4080967626490854
0,0.4317588899238297
1,0.5879866725584271
1,0.5622308557756676
1,0.5274753437330043
0,0.512210756782315
1,0.41352825822020517
1,0.5187045320138979
0,0.38781468800185565
1,0.4501356294818223
1,0.39373164995104587
0,0.46862990766607326
0,0.6583180398207074
0,0.505510950127295
1,0.41919767056461676
0,0.5047601622096864
0,0.5119499861760998
0,0.5073389951667436
1,0.5263975312591183
1,0.5220752372981934
1,0.4027872884228651
1,0.46021604219661094
0,0.5050945558700449
0,0.453603665502387
1,0.6209962714885269
1,0.6652271808227753
1,0.4128194723516694
1,0.31452505792938806
1,0.521621683833318
1,0.470985145957625
1,0.47637999049295177
0,0.3218885559789447
1,0.4955545269429826
0,0.44049253129597893
0,0.4026003959414385
0,0.34024786777946026
1,0.5334056882346726
0,0.4768698048378435
0,0.4661272440890179
0,0.43082066048878764
0,0.40405113738521853
1,0.4069691767984605
1,0.5060080485563664
0,0.4934353567076323
0,0.5145923780763182
0,0.48645263792316035
0,0.41323888390135755
1,0.5149719435039279
1,0.5942946804125815
0,0.3688318173553146
1,0.49143820091021406
0,0.5713376094487163
0,0.5821451771515175
1,0.5165344869046276
0,0.5002842894593772
1,0.5735799931907485
0,0.5292176445478999
0,0.5486492845795834
0,0.5305832431017696
0,0.4777426643563949
1,0.3457508507552464
1,0.5928915598446939
0,0.3726937231817412
0,0.5245138074018783
0,0.4232261150408987
0,0.5145948167342098
0,0.47244855339941516
1,0.5319787150850235
1,0.45290808065028604
0,0.5502730514653585
0,0.5413738870241557
1,0.5053850934388968
0,0.47904592105445565
1,0.5498262537267607
1,0.5730090315505001
1,0.559807477842235
1,0.40397802032250635
0,0.5231513619114869
1,0.6015189463439481
0,0.5845281388639395
0,0.5352051038633819
1,0.5587281340644363
1,0.5032439966801461
1,0.4362841071184126
1,0.4080121544316462
0,0.4318097383752558
0,0.4430458405312959
0,0.5036385608847018
1,0.4370628585805438
0,0.3982760218372447
1,0.6244793216974744
1,0.49586057391784016
1,0.49880051309438533
0,0.518522842418502
1,0.45184070727040526
0,0.6414308204285336
1,0.5653763107094791
0,0.6398733342674711
0,0.4718498217577747
0,0.5070990651579359
1,0.5095507861040348
1,0.36731167784274477
0,0.4514360380344995
0,0.45231106951322103
1,0.3816897913713399
1,0.3614257487804821
0,0.43817912049443286
1,0.5597801514706401
1,0.5457045394538689
1,0.5990725876264101
1,0.5282711146000438
1,0.5279806946445884
1,0.4833933006727908
0,0.4257274334967558
0,0.4870491394801125
1,0.5345945986505483
1,0.5420975656377242
0,0.5166359367759322
1,0.4607921875597153
1,0.5490462229348788
1,0.4267949318722794
0,0.45234045628408853
0,0.4522417906195135
1,0.4832035641990462
1,0.4376997056105796
1,0.5206429331540365
1,0.5604426646092521
0,0.5056128620774887
0,0.44116629166176324
1,0.4046843680053576
0,0.521266004732205
1,0.5750754835979892
1,0.4634780256598176
1,0.5209019798324871
1,0.5737933823236202
1,0.6380227095233045
0,0.5123212963142542
0,0.577740002273129
1,0.5418773037493131
0,0.44209803034811634
0,0.49102118705497005
0,0.4272773951288291
0,0.38537789557325136
1,0.33160848924642233
