y_true,y_pred_proba
1,0.6385022827279793
1,0.31440189328748513
1,0.5008561593244154
1,0.6762512924862186
0,0.3349094887442363
1,0.6931262282109427
0,0.4789473053763327
0,0.6235322377016687
0,0.3626827894863898
1,0.7040557979031521
0,0.22840722960901774
0,0.28722404878908103
0,0.6146230170945313
0,0.5470796351673184
0,0.4254500022631411
0,0.3757858771168841
0,0.25457057762771135
0,0.4683688518121917
1,0.3362834852254389
1,0.6104975595523675
1,0.695843234233577
0,0.4602378811397244
1,0.7407999257077938
0,0.5267209906824318
1,0.6731751210933232
0,0.21354766209275133
1,0.7338268244452545
0,0.4939364930028885
0,0.3797173976942686
0,0.6677785979713088
0,0.4738409775412608
1,0.2898302484461702
1,0.5204243074633598
1,0.6390385754547675
1,0.7837703276639496
1,0.4737921491757086
0,0.3989725118563156
1,0.3588296638166853
1,0.544692873971946
0,0.2851191298716684
1,0.7964419257965867
0,0.2796396223036202
1,0.48438036266762236
0,0.5078279361045746
0,0.7215335562419111
0,0.36165197920373304
0,0.296104205920866
0,0.47477996576131015
1,0.6135946995925787
1,0.8866161237835641
0,0.45612466464028306
0,0.304996894970764
0,0.4607634337153948
0,0.2986196884998569
1,0.5599874533977631
0,0.6484159873137936
0,0.3421037535889959
0,0.2759244616639013
0,0.674200647530972
0,0.5189017880597949
0,0.1940276837055877
0,0.5605160823799455
1,0.45690679676845936
1,0.36694243636013646
0,0.5334440795569837
1,0.43299894147409596
0,0.3512399436071884
1,0.5624527926511825
0,0.4198160360646183
0,0.48836968995433694
1,0.5787274104215636
0,0.3316845663826445
1,0.6210301118644682
0,0.5614319173212804
0,0.6536960349965109
0,0.4107124125432933
1,0.3871636584970015
1,0.5130463986000936
0,0.4163052980645264
0,0.25855422166250874
1,0.20967374662967805
1,0.5521650507440616
1,0.5732512185255123
1,0.47458588538397256
1,0.38828590751987524
1,0.5045764089412901
0,0.28890381571328083
0,0.2852477459260739
1,0.41136040606149143
1,0.6916132810028583
0,0.3158944418350059
0,0.2344631339866705
0,0.3221216176084618
0,0.5299904191421237
0,0.48802581904916537
0,0.5753255139350903
0,0.5577632561514125
0,0.27235144440705245
0,0.6480635748593198
0,0.30790333809159454
1,0.4992638316810535
1,0.7305242912000721
1,0.49070372722802885
0,0.6361875628330997
0,0.29016775397161143
1,0.39681538072907163
0,0.5487697917630179
0,0.5979131069943606
1,0.7052300661344706
0,0.5892630163181867
1,0.47127150413666846
1,0.5111192822623469
1,0.6201394029082049
1,0.512232920719679
0,0.30119276796355693
0,0.2014221614004464
1,0.7527978453194836
1,0.6380734597747723
0,0.3203218890762827
1,0.5548130469907353
0,0.36581369354428533
0,0.24013097031904665
0,0.5988039164821605
0,0.6588490441476431
0,0.5414571317570325
1,0.8178666230859964
0,0.5789592985704805
0,0.6030645911495924
0,0.48661975106164856
0,0.19890484024609448
0,0.5143768407492357
1,0.5574560775615477
0,0.735483243138022
0,0.6246040231732871
0,0.19470684494736934
0,0.343968276079999
0,0.6638330593247376
0,0.47297657595070236
0,0.3430250521546807
0,0.36340437093168604
0,0.6480298781623911
1,0.49286822133758085
1,0.304156186045224
1,0.44248867270664555
1,0.5912668640008748
0,0.22278671989236926
1,0.8303561891260182
1,0.6330024444874206
1,0.6168944359450802
1,0.7210488630499721
1,0.6116350717504413
0,0.5323934809266198
0,0.3400812939221754
0,0.24195759373705247
1,0.7754968159329145
0,0.31376203422519366
0,0.33479153900879194
1,0.3085453342365919
0,0.19653391841117082
1,0.42018421056310895
0,0.463220170527211
0,0.22810030958954
1,0.5652194972726976
1,0.7638388422603871
0,0.1905337415174448
1,0.629682784492423
1,0.5061274331273166
0,0.3369741737447098
0,0.39436169126935333
0,0.5265341199160618
0,0.46108284502966795
1,0.41898284112568746
0,0.6368361575819861
0,0.29009090128005965
0,0.5484207245375078
1,0.4421154310868032
0,0.6971053162697419
1,0.3299918087847495
0,0.4041163139975239
1,0.41429522956265097
0,0.7183844399700909
0,0.226516548992572
1,0.6298424335338181
1,0.633265246109484
1,0.8220246066046374
0,0.26346193335728435
1,0.7412700018950366
0,0.44209184799653917
0,0.35250920229337357
0,0.6535733041704817
0,0.43643711454854633
0,0.7456094591190537
1,0.5989118462932713
1,0.3571533443794552
0,0.4761060415877347
0,0.5796781066385936
1,0.42080930229419183
0,0.1467979530392514
1,0.1885659926147541
0,0.21443182652142234
1,0.6107246446833394
1,0.3301067567957444
0,0.39566431151854614
1,0.6722253259593552
1,0.3731710193997144
0,0.32027044155360035
1,0.5443440296286373
1,0.6066659557294287
1,0.6469594662057282
1,0.24902308479471352
1,0.8453241571854466
0,0.14593529597478597
0,0.6705129263115733
1,0.736928323082562
0,0.559540571536713
1,0.3653938001103369
1,0.7350801975597132
1,0.3759730017161731
0,0.713364174342475
1,0.6471890048755916
1,0.6751469086046805
0,0.28849119672553136
0,0.7308061229547475
1,0.7597579002232228
0,0.6960688541512047
0,0.3210258769036718
0,0.23484970042797898
0,0.4737629074068365
1,0.49269805092656266
0,0.2809238386151248
0,0.5194033577206635
1,0.5259652682743602
0,0.43533204300088163
0,0.4522265298901329
1,0.64408751563538
1,0.5831510268856668
0,0.47524716806309064
0,0.4415133938485504
0,0.5369945160741597
1,0.4053601035799914
1,0.41719211969882253
1,0.43793616883908115
1,0.48354117226280724
1,0.2901086962310353
1,0.8458447502508424
0,0.4207681808067732
1,0.7139448248645687
1,0.3972622356043204
0,0.25694172515061653
0,0.1515693972932343
0,0.25984529826902536
0,0.23005592934350375
1,0.19971069622518092
1,0.6487332093015258
1,0.46263585348218245
1,0.44532771333725213
0,0.4251783046882721
1,0.6008662702311485
0,0.5675512805324999
1,0.21970701540954868
0,0.178352689322932
1,0.586938012339682
1,0.38025078763569303
1,0.5773980629279979
1,0.7113994266639319
1,0.2955069998343674
0,0.49177570267151277
0,0.5091583868966425
1,0.6027721161177256
0,0.3766973709834203
0,0.4966059477922736
0,0.6808674404109534
0,0.5789501810181864
0,0.4370749879106824
1,0.38350328185489807
1,0.5188467501492449
1,0.7875406386948943
1,0.5543074864348215
0,0.5634270804296496
1,0.5493219269776137
0,0.15648929943313145
0,0.8099563047733166
0,0.12258440608312705
1,0.5319389357627238
0,0.5508589511577333
0,0.5124347094632103
1,0.7553476733598375
1,0.3782775631877871
0,0.5201535331701332
0,0.22417720450687448
1,0.7531344056295296
0,0.7124757002930817
0,0.49566912717151224
1,0.6084558178792268
1,0.7603355655058442
0,0.4668493348813819
1,0.4955132416660353
0,0.4731547218690034
1,0.8085756957085342
0,0.4785873663460045
0,0.5595345059726621
1,0.5287561518856595
0,0.6297001190788315
1,0.4302891508369243
0,0.5567695776727293
0,0.29874903086603
1,0.6837690850386974
0,0.5275518029104321
0,0.836946333986156
0,0.628745575342467
0,0.724885977104536
0,0.25799214295049316
0,0.5303001863618164
1,0.16154833166936217
1,0.3411709859261036
0,0.4486571580596572
0,0.7278070792648489
1,0.6220303805374423
0,0.5762340691419008
0,0.2130763950560703
1,0.8891038756669731
0,0.2760975278255309
0,0.3047206380810171
1,0.32800318991808947
1,0.31703646841171823
1,0.7406851396231748
0,0.698810680704849
1,0.4301109669398575
0,0.4412414720405787
1,0.6315451359382157
1,0.18369984322265667
0,0.1468248884117626
0,0.5754702396122893
0,0.36481300559699986
1,0.4808191805223361
0,0.5355573705667396
0,0.3271169089765006
0,0.2056697714873018
1,0.37942038869315187
1,0.6049199707845399
1,0.6938706187002568
1,0.6997412518783788
0,0.280281111018813
1,0.6638842040206607
1,0.6153419241974368
0,0.4799475569546785
1,0.5834923806622418
0,0.5537739812895708
0,0.15709726202564975
0,0.28418880356626525
1,0.5018735943524261
0,0.19981311256310524
0,0.2989839780952461
1,0.319152230030273
0,0.46018682109377845
1,0.5776524982644561
0,0.2243489212475374
1,0.39369488140392334
0,0.5473244926462026
1,0.3016338548499541
0,0.3855142534042459
1,0.6699280167984646
1,0.6443066196972258
0,0.5673344016590417
0,0.5416222977038221
0,0.20494750576958584
0,0.2519953254149445
0,0.38272675334311357
0,0.40042337734718086
0,0.2919879772640746
0,0.6971864410372381
1,0.38587480550417813
1,0.48267505103378494
0,0.414475844158587
0,0.45082536353245695
0,0.25346384507418673
1,0.5653327489261242
1,0.7046859100244647
1,0.47332627163274626
0,0.5735045812363346
0,0.3415312202828217
0,0.5041420576799038
1,0.21836387458488088
0,0.46214134930419726
0,0.32631508786200825
0,0.29684795739683123
1,0.5424069233145612
0,0.5476355460496195
0,0.5653325620929975
0,0.5735296588823549
0,0.23531170957482492
0,0.5322001302022221
0,0.6264047282789588
1,0.7602634215284739
0,0.5892111411192902
1,0.47325646002838856
1,0.3277384211116745
1,0.6669222811719139
1,0.5591546626103404
1,0.6271444421758569
1,0.6370226188306501
0,0.22171299034643488
0,0.6983216562058661
0,0.47131918093546654
1,0.5109612054643947
1,0.14827814964311314
0,0.47551689022629157
1,0.5510027756913638
1,0.35519927030278614
0,0.4864527688968977
0,0.5192348901044964
0,0.3470491595210653
1,0.5078374881762403
0,0.4864233168269136
0,0.5053226749004113
1,0.5137277379658514
1,0.7678028448099307
1,0.43653309186641737
1,0.5278398561083059
1,0.5826787631770799
0,0.5330714675076169
0,0.5058228093968253
1,0.62927707081176
0,0.31912257481923967
0,0.7115231762960863
0,0.6082262574948117
0,0.5690887018354794
0,0.5121912602651169
1,0.540697755021613
0,0.6859496135886312
0,0.6590263309762432
1,0.7473476669992469
0,0.6583547867436956
0,0.4625131336964433
0,0.536363664488667
0,0.15655336093034394
0,0.35346730369450685
1,0.6413142129900645
0,0.6840280079484039
0,0.5868410660269452
0,0.663177696888573
0,0.19547688144730693
0,0.24112791303646455
0,0.26438673765157505
0,0.5181570294946644
0,0.3676077388956593
0,0.3354792819424204
1,0.5692434622143158
0,0.68584092121288
1,0.6452435156105598
0,0.8331417844260559
1,0.5251322031446286
0,0.5888063073745657
0,0.33898449828727145
0,0.4149806280959705
1,0.5646925192129164
0,0.6882729735130821
0,0.3201669679288954
0,0.47520292236140904
0,0.3512038545744875
0,0.17075392012768623
0,0.4329484581369549
0,0.5486310906319674
1,0.40095046081098984
1,0.2940761996038859
1,0.36105454633115647
0,0.3336840978817006
0,0.28290690952050646
0,0.22895855709684665
0,0.3607178276881114
1,0.5577157358141265
0,0.5348993235440468
1,0.3768607727942467
1,0.505746785236824
1,0.6136440956026998
1,0.6074020651509003
1,0.6569640381485164
0,0.38292165328295336
1,0.5594008695030724
1,0.5241444126166165
1,0.4506818629574226
0,0.3257692032613601
0,0.3425407094731308
1,0.515553011814958
0,0.5479992009706343
1,0.6771917190128627
0,0.25238991329843247
1,0.4115729224597737
1,0.2621178668225602
1,0.6105490218729588
0,0.5607588686515981
0,0.29142619484508087
0,0.19453467445006029
0,0.5368330830748633
1,0.7239647535431232
1,0.8602763996402204
0,0.39068146148867455
1,0.40401370325781927
1,0.2663571941562116
1,0.4555625004753148
0,0.5240472798568613
1,0.6521744152170172
0,0.5509019996735051
1,0.2885912290384823
0,0.5278350880700262
0,0.6657217126775248
0,0.46632568417819636
1,0.5794355432796456
1,0.29238266360740117
0,0.41354176206004284
0,0.4159722284631215
1,0.5262568106466923
0,0.4525393637780473
0,0.3397692330091463
0,0.20584716447905482
0,0.5186884594956065
0,0.2115891548891437
0,0.3028803368137901
0,0.32173517862146545
0,0.7917634421554194
1,0.2349280897526763
0,0.3755691565410882
0,0.38191929526347823
0,0.2645820320995654
1,0.5057920378342052
0,0.5654341128487101
0,0.453763026812958
0,0.4961735579796632
1,0.7862833986121962
1,0.6923876514808032
0,0.5925675810035994
1,0.23541920997520055
0,0.18414585770247957
0,0.5083853163250801
1,0.42069987893933036
0,0.25057282193801345
1,0.7333061121590674
1,0.7782418566696984
0,0.24357354613668716
0,0.3925096475185596
0,0.5661412989402129
1,0.48035090944200803
0,0.21329644799415098
0,0.6938558717866208
0,0.29397903071969733
0,0.37898407940614504
0,0.34637917542076113
0,0.4981918092624878
0,0.5551990699962663
1,0.4792062244319502
1,0.2828501019796123
1,0.45627224331910365
0,0.4296284869167091
0,0.4533003962802191
0,0.5275012914697423
0,0.5735074735288151
0,0.12476354910655109
1,0.4881800639663987
1,0.3647023656867959
0,0.5472679040977488
0,0.7058940700829044
1,0.560464665279396
0,0.5342498583632515
1,0.6336052141274716
0,0.5909976062701803
1,0.44649285274536554
0,0.21272338688548903
0,0.5075948875148136
0,0.19484197314638071
1,0.4789669835919445
1,0.3763554443276529
1,0.4506901326086301
1,0.17253978803842182
0,0.26753964243842104
1,0.7001797470185186
0,0.18429539016054883
1,0.49525775845499276
1,0.29725734918961433
0,0.3606055359044161
1,0.5653418647529481
0,0.5250874056997457
1,0.6484588390566679
0,0.5751119154574198
1,0.5791960441131563
1,0.8296681416641594
1,0.3888564969100557
0,0.5324012122867218
0,0.23317581712636118
0,0.407066975243041
1,0.6040863460626448
0,0.33379647333549534
0,0.6260536273055806
1,0.6056768478179148
0,0.3991907600435445
1,0.5954098832755657
0,0.5085630197741259
0,0.5719003986683897
1,0.5442513497144519
0,0.6039994270241822
1,0.30364545517810254
1,0.6556519493870261
0,0.6958601693532612
1,0.6099818625267925
1,0.6350086987115495
1,0.5500754248728194
0,0.5896563300683637
1,0.4418709587669555
0,0.32895297583473704
0,0.6703032160179659
0,0.3520195849385345
1,0.5013649883159337
0,0.2555258107641512
1,0.5088452999546395
0,0.23349607006657563
1,0.7480696954202882
1,0.7015112607877001
0,0.5366186716389288
1,0.664911534418879
1,0.399800981363732
1,0.7425117232024483
1,0.6897179232381524
1,0.4768601062252182
0,0.31291107524136874
1,0.45196963170769155
1,0.7694512788293925
0,0.699812071674603
1,0.19557650920692302
1,0.5461432364123162
0,0.3279344118065004
0,0.5529337097736303
1,0.18763527844566785
1,0.4556040961276017
1,0.7273729369595401
0,0.348095476412369
1,0.4237482837769454
0,0.36707597368025924
0,0.34087235263188115
0,0.34221151541654415
1,0.8394128708190832
1,0.3711923317029187
0,0.5465227879815161
1,0.5940700079085276
0,0.1743241113976627
0,0.2655323306487908
0,0.2796457471867636
0,0.5667306030705199
0,0.3629293794089095
1,0.5635687119975028
0,0.717525658153854
1,0.7272456636369505
0,0.40675066548715316
1,0.25006196401433695
1,0.5006669575543429
0,0.2507007231959914
1,0.7678155579979431
0,0.6174233233008106
0,0.45070598988989524
0,0.4671675765858883
1,0.5920539090596871
0,0.6017982817442948
0,0.6212398842090149
0,0.4805394011783196
0,0.6109503098091617
0,0.19605389147130095
1,0.37878817575574153
1,0.6983402151591531
0,0.40975825850876807
0,0.5248065398137519
1,0.5748186960022562
1,0.2764462762534431
1,0.4561831945929479
0,0.5922822512365343
1,0.7769033018047926
0,0.5474117092780978
0,0.806810070019871
0,0.3741392827849826
0,0.8088171317588202
1,0.7809869677206374
0,0.3905620060388745
1,0.39450733344546385
0,0.3136705688855183
0,0.3526634642526984
0,0.3033856668130057
0,0.31301530309080466
0,0.23612166256618528
1,0.8026902471077859
1,0.3795075123028829
1,0.63307958155732
0,0.2654000528492456
1,0.6701207006490084
0,0.4984357497246895
0,0.2132928487736853
0,0.19797585448725963
0,0.2734107839499084
0,0.6789446297096697
1,0.4407389126526855
1,0.6236689723141718
1,0.6896330470212805
0,0.5100708283114145
0,0.41065031451531314
1,0.33329556741013033
0,0.3187722059237507
0,0.1633407930716621
1,0.31069512456488974
0,0.5727737271118104
1,0.609002517884927
0,0.5235719367777308
0,0.5729542354667273
0,0.2892751765099627
0,0.32654073539348666
0,0.5711624346052062
0,0.6788375053400827
0,0.6126031073127791
0,0.590712354921729
1,0.47530162342873633
1,0.6814545237366801
0,0.37760783229416167
0,0.4507468863780392
0,0.3201444451096307
1,0.17509070206955976
1,0.6006688108372202
0,0.21358701631816346
1,0.7714251154745422
1,0.8057221873702902
0,0.1812926886679703
1,0.684895047092337
1,0.40132678092149404
1,0.48862064203651834
0,0.5151954964156834
0,0.5414458164408719
1,0.5011499291702723
1,0.5405069058147896
0,0.1692693819556109
1,0.6051991244314625
0,0.5236955514039681
0,0.46600967565310925
1,0.6379840192845617
1,0.2456839857911267
0,0.6206252323822575
0,0.6132942109249738
1,0.5001723251595684
0,0.38441597211223716
0,0.57862110660097
1,0.6824782883342203
0,0.2932393987694208
1,0.6675987605385308
1,0.5857292784080453
1,0.6017811300136116
0,0.3054325605950482
0,0.6638339280501195
0,0.38369072223828105
0,0.35114382121553195
0,0.6703375035518412
0,0.36888606598281115
1,0.4787645652499144
1,0.6337489172712925
0,0.6624312117487454
1,0.35187919243199794
0,0.3152825864292738
0,0.8415727205190161
0,0.39404607172250233
0,0.4994082405940155
1,0.5611392768353373
1,0.5590530671265481
0,0.45917278627224717
1,0.40134307537116715
0,0.3459100649569056
1,0.4328353994376452
0,0.2128461939530125
0,0.3057273291483271
1,0.6843187803735452
1,0.4995889406352136
0,0.5654170957958029
1,0.2549164636711611
1,0.40825013702414514
1,0.5858998244856826
0,0.6091453906835718
1,0.47232020986990886
0,0.32206172159098834
1,0.3548987505076817
0,0.6670016213276636
1,0.29497105596341827
1,0.5635611361266708
0,0.2598724633767079
1,0.8364017807400377
1,0.4181069848784846
0,0.18340264127397957
0,0.6272711445012408
0,0.2543141376948184
1,0.705777959970163
1,0.645975365732104
0,0.3769089447354675
0,0.35361557508233854
1,0.5494991508142616
0,0.47046749464390464
1,0.8208507604096061
0,0.28110454177193267
0,0.22133555425446633
1,0.5928669208857053
0,0.5316520663966292
0,0.44832371130053605
1,0.753234677120704
1,0.7959149768806607
0,0.3840665884574281
0,0.18808618787292763
0,0.5093911391622988
0,0.460893912102271
0,0.4057453796047934
1,0.5373715049398643
1,0.8328612818790768
0,0.30059344082094297
1,0.46948167804210333
1,0.7502038966808907
1,0.7259008953942107
0,0.18570614075144323
0,0.18175732658295266
1,0.5439065100918027
0,0.3594974222777291
0,0.6196689115237207
1,0.5508310660438913
1,0.4994325038367873
0,0.18983316450402415
0,0.468164242960803
1,0.7161638345196778
1,0.3264182880014794
0,0.5064814096158714
0,0.6279926983978681
0,0.728798627886964
1,0.6973690653354636
1,0.28464837123262104
1,0.6544452941338337
0,0.6675576621146452
0,0.293347505556857
0,0.44867702203730503
0,0.19979262715669224
1,0.41745039688602337
0,0.3980472075456242
0,0.5719948794769392
0,0.7279540384216594
1,0.6980146797423402
1,0.4742822746803234
0,0.4598827080652504
0,0.4805563452462658
1,0.642884018103502
0,0.4374504368659997
0,0.31242834141504894
1,0.5026516332715409
0,0.47244499590683986
0,0.8175902689074136
0,0.48625024475352563
1,0.3905306094568887
1,0.5263235058464674
1,0.3902128975582522
0,0.2621668390869963
1,0.5914003562155331
1,0.4819343413680198
1,0.6039955353244966
0,0.720064369031269
1,0.5003308423056905
1,0.8570670389316308
1,0.6249490657083929
0,0.13645661424271963
1,0.5365360060373632
0,0.24169987716601
0,0.4066880891897982
0,0.2871360527617256
0,0.1839794646191703
0,0.34308185323331736
0,0.19847812862818698
1,0.4159174782162489
1,0.6388467020729209
1,0.6958307167392362
0,0.2210171808098737
1,0.5432896903188299
0,0.5142445265381392
0,0.7457404758814044
1,0.5645849429008385
1,0.6081793783263986
0,0.29663839850450086
1,0.7289650210569789
0,0.21800274729319147
0,0.23656719450740982
1,0.35369390396830547
1,0.4762394647733922
0,0.4467077135287193
0,0.3566846629383723
0,0.502238809117421
1,0.6357107894905318
1,0.33534639309486935
0,0.3844067329780691
1,0.3635754467779639
1,0.4618890104345233
1,0.7351060320359485
0,0.5085952834673219
0,0.5388112469601845
1,0.43013523461854186
0,0.28802925575907534
1,0.6892428664491882
0,0.37335845031277687
0,0.23292423295221223
1,0.7230132239914255
0,0.17714722620582907
1,0.7010226523523554
1,0.4750296601610706
0,0.6955199681475766
1,0.7492312596151736
1,0.6107275105998107
0,0.3897073756549242
1,0.420459045405723
1,0.34947325429215437
0,0.46719846208145815
0,0.3933628235912418
1,0.38248056857226714
1,0.44801110874501765
0,0.22587025579387596
1,0.6800343549114052
1,0.45237641486181274
0,0.6450193422081849
1,0.2924241613780949
0,0.5289807667996703
1,0.6970181709034841
1,0.49671094731987003
1,0.31914314138202965
0,0.20717774355346127
1,0.7374637051677319
0,0.5218856904227022
1,0.790340955628118
0,0.5185278848632201
1,0.5618017018474812
1,0.5795427432332202
0,0.17583404367017558
1,0.3269762954799867
0,0.36764856587430894
0,0.5896993188305196
1,0.24235645753446788
1,0.5094071927316086
1,0.4071149720498389
0,0.3372781856624133
0,0.4299701368371449
0,0.40619439880532593
0,0.6747706135561365
1,0.5806871717861157
0,0.2908166577425453
1,0.39184558334992325
1,0.7331006708351887
1,0.5266500042191206
0,0.4687337314087301
1,0.6361491089850014
0,0.47486734541637354
0,0.17290858980040547
0,0.7345022152540766
1,0.7081561993895927
0,0.5367407587878978
1,0.6020168900468703
1,0.3308608211149313
1,0.5604941689735728
0,0.3066915168494953
0,0.23535974352984027
1,0.4740985711668796
0,0.6400681439645546
0,0.2450137193020146
1,0.6303319829241539
0,0.6443210587406978
0,0.7101667621157394
1,0.6264718003185473
1,0.36481715710110224
0,0.5376470777171165
1,0.5105913541000687
1,0.29198727672510183
0,0.43124822913523886
0,0.4968715316236157
0,0.3982824734194002
0,0.5170917031416958
0,0.6122728472816177
0,0.47713212128789145
1,0.7925479103476915
1,0.6732394285402249
1,0.6086117818070876
1,0.7446196230155858
0,0.6308642186646752
0,0.45033684706417654
1,0.45260877604666294
0,0.616995360925143
1,0.5098317921769007
1,0.5212880871889697
1,0.640962011550233
0,0.31939418842481715
0,0.5638085477697959
0,0.6028765395268095
1,0.40485278729162266
0,0.250042451731304
0,0.16550211234157125
0,0.3600914456873542
0,0.6013145383782219
0,0.4933208380220036
0,0.4417101678627653
1,0.6166224765227478
0,0.33136179721468006
0,0.3294808190808281
0,0.38138110506434736
1,0.4591106135150849
1,0.7656279653012859
1,0.6998198004484828
1,0.7502809831181672
1,0.4414497638568939
1,0.666393690005478
1,0.4838211225874411
0,0.42556292937014084
1,0.5768173287376427
0,0.46612994306829886
0,0.35892363125301546
1,0.3188803575756989
0,0.6817997331189403
1,0.24362298873784338
1,0.6979486642574698
0,0.6170960886325202
1,0.4934116816315573
0,0.38979599496235845
0,0.41289528812738563
0,0.3050595641396345
0,0.3671004641246765
0,0.2344632356151359
1,0.6562081604884594
0,0.5761511236765536
0,0.4262824709580136
0,0.5718231728206987
0,0.5520229402832261
1,0.7187490655176371
0,0.6013845507666453
0,0.5924886733368752
1,0.42853957965668193
1,0.6832005169526695
0,0.5235041138529093
1,0.6465579770861396
1,0.6081297817741149
0,0.6006932286360156
0,0.29627774993949507
1,0.5700511596980846
1,0.6518096778291849
0,0.30830753761166485
1,0.7270749591916923
0,0.4504781187259083
1,0.8575323171770423
1,0.5422638595223663
1,0.4713735462975715
0,0.3946044005101376
1,0.5454151781201079
0,0.18920003271376123
1,0.7202057912236557
0,0.7632109508558657
1,0.4176962897372531
0,0.373970224050822
1,0.21542281508486083
1,0.37609534468461725
1,0.4663018853188664
0,0.6975157181584599
1,0.5389950557604704
0,0.41382029202314474
0,0.40284032221719335
0,0.45698240780685984
1,0.2975272855296748
0,0.5283139807249091
1,0.45675955574915456
1,0.4202192904452984
0,0.47366730699579734
1,0.3010358845407238
0,0.6221804510662088
0,0.16421838795779983
1,0.5448232071406719
1,0.6686111029704701
0,0.6367031224662401
0,0.6200406330029196
0,0.7356133691118742
1,0.3850276883725316
0,0.3036199657371751
1,0.4919893680447252
1,0.7366587228229569
0,0.23604609963403717
0,0.22084578961962986
0,0.3770719581039962
0,0.4949821123507804
1,0.47708681668548664
0,0.2081582586486884
1,0.7147325440698354
0,0.6653158640113714
1,0.5143967692795601
1,0.3352483950565623
0,0.2662810021941422
1,0.8201892645755872
0,0.41838210678749704
1,0.4666081939407135
1,0.5060736739423158
1,0.6548049513479781
0,0.5927678877545213
1,0.37560617931745316
1,0.49843557875208844
0,0.6121959001736053
1,0.2906172322356207
1,0.8106103742014444
0,0.6940514010400389
1,0.4469844328993645
1,0.6201356288415304
1,0.32978131483240763
1,0.3852070128447778
0,0.1810506365623484
1,0.8212133572695157
0,0.2669430622351644
0,0.37804005724912443
0,0.1565334384096669
0,0.46811757231473294
1,0.8333917817554727
1,0.7493461067901864
1,0.6728423635761324
0,0.30038930565891375
0,0.5055001714870218
0,0.5079086010599276
1,0.5166353384107822
1,0.4776618031200442
1,0.4163274789880359
1,0.6602078849867904
0,0.19012621128737422
0,0.601485815750659
1,0.3932647714955345
1,0.5466579197539405
0,0.23169150208427725
0,0.3573117263140772
1,0.5864998137435495
1,0.729334401708013
1,0.636549528774966
0,0.17961546937278564
0,0.6881938665067193
1,0.8641180850917649
0,0.6936507313219626
0,0.3544056511627333
1,0.6578477529781069
1,0.4549238957587579
0,0.6418429228821316
0,0.6072400007190758
1,0.563414319001122
0,0.5498214799781724
0,0.17596671858027096
0,0.48475661987660656
1,0.5713957130635037
0,0.4109313461878706
0,0.7079972213139629
1,0.32917996790256326
1,0.4396587092072799
1,0.6441277336785873
0,0.3989362813321075
1,0.7237598599957064
1,0.47382097741831414
0,0.7650526296585761
0,0.41724537193084477
0,0.19265523360931666
0,0.15803834077081946
1,0.5056601143168349
0,0.5286403523849359
1,0.8181256373277516
0,0.3331804382677451
1,0.5943317079070887
0,0.48516287199825225
1,0.6941727861571457
1,0.5043110114492472
1,0.7172441865339914
0,0.47906454410864907
1,0.21845775397694078
0,0.45040283590726476
0,0.54523604595234
0,0.7034041945555489
1,0.7806061687793856
0,0.4061442158832704
1,0.7554022543649983
0,0.6546691260184566
1,0.4910368483396499
0,0.5847261871839571
1,0.6223129400818066
1,0.6915131962836367
0,0.30017775890087284
1,0.25516969366890974
0,0.15422997522641477
1,0.787604634672479
1,0.5131997671361461
0,0.4990167704428369
0,0.32906689511841064
1,0.29548346929257646
0,0.2424743110662267
0,0.3239840149246837
0,0.5933707711544193
1,0.8505620394834892
0,0.2334462543462742
1,0.7128654308138886
1,0.736685810512675
0,0.2877453763900753
1,0.37979591534120233
0,0.6084965522795072
1,0.485023926155122
1,0.5545443298007173
1,0.5123532181117819
1,0.5813373544381812
0,0.42528863926534966
0,0.3480245485918671
0,0.5983340537015517
1,0.7236121280653248
0,0.3153415277444702
0,0.28943045092260694
0,0.27153145088634
1,0.7577392199731594
0,0.6595148576806091
1,0.7533518163283135
1,0.6260177359786755
0,0.28925923922141134
1,0.4699263726111967
0,0.33008150656456736
0,0.5190426580985295
1,0.5544903989497532
0,0.48668095409535345
0,0.39326426688340255
1,0.4036020265810131
0,0.30904015846366023
0,0.7127362389811209
1,0.8620922046963395
0,0.44594338438564984
1,0.6021355662959059
1,0.19169345826041978
0,0.18022308277294488
0,0.3559522917138813
1,0.591009687434064
1,0.5752110625055834
1,0.34344163300505853
0,0.2681804919242401
1,0.5240962835842066
1,0.35963992117702537
1,0.8862007076432309
1,0.7155578891521814
0,0.30946639781120094
1,0.554172989885551
1,0.6250436851954291
1,0.6126531883084718
0,0.7706743907715574
0,0.3485872891625129
0,0.6834190797335339
0,0.4494998827335055
1,0.6488628972250303
0,0.5315383597567896
0,0.7239570856001434
0,0.32186518012320475
1,0.5458384537761097
1,0.3552167959674484
1,0.6571845084898887
0,0.1625531495163089
1,0.5758385475572569
0,0.3125617264730709
1,0.6259779678429025
0,0.3424285663347432
0,0.6112349080418531
0,0.5336636250844784
1,0.4155811116889163
0,0.29708549325942557
0,0.43250511998204766
0,0.3195845882638843
1,0.5845859815332163
0,0.6182748723260797
1,0.7154007248819075
1,0.712225922660187
1,0.47005426600088873
1,0.5042469300786876
1,0.4691897954104405
0,0.48963472148425224
1,0.5717914057489616
0,0.6970154200769901
0,0.4498597953565265
0,0.4831162268817393
0,0.6238861491806453
1,0.31019117231587384
1,0.6776163662128383
0,0.5041224894923233
1,0.5792927827376518
1,0.46037457978773855
1,0.47339642509169505
0,0.3187937351941673
0,0.4620058967623678
0,0.4211239969197505
0,0.2959884843957191
0,0.4041567595140038
0,0.5492659481428585
1,0.5202997087942464
0,0.23918912503223977
1,0.38328259659554
0,0.5670222993714407
1,0.6694515708082722
0,0.397249590051375
0,0.7336785716639357
1,0.4974627734917906
0,0.4860032813404932
1,0.5399815727551162
1,0.8446774239605255
1,0.6325603916942214
0,0.47639508123915053
1,0.5703077224226385
0,0.31495716736607654
1,0.8653185718111136
0,0.24895855583020934
0,0.5875207500072246
1,0.5413821064536518
1,0.6536060230680522
1,0.42951326117594196
1,0.5064948366838514
0,0.27870181670670086
0,0.23553177497832614
0,0.21471272145812562
0,0.3210426046222824
1,0.4870434845971321
1,0.7135585372594162
0,0.2730311016946501
1,0.26263564611354123
1,0.5460148564179232
0,0.18155099484098997
0,0.18935627480857375
0,0.6203571867048003
0,0.49803717344339377
1,0.3301144596550918
0,0.2738796942243289
0,0.44586172588074513
1,0.3749296243575437
0,0.25696844106840183
1,0.5233606325068813
0,0.13548656635585668
0,0.39192506300084035
0,0.3925035127147671
1,0.2332293178263187
1,0.542202255376486
1,0.4876331576947451
1,0.3484834661581639
0,0.2693639484767256
0,0.47003768836003534
0,0.38612309915892834
1,0.5283466811448185
0,0.5798232220148892
0,0.311462916693116
1,0.6146072500687164
0,0.29944000028591644
1,0.6930118864164458
0,0.20830325199556343
1,0.5314476503689187
1,0.3613253780731144
1,0.6472713391080245
0,0.1806815275991069
1,0.6170856602720317
1,0.596611249372148
0,0.5440086218787366
1,0.7718879075085439
1,0.30883850432614635
0,0.6406936395899933
0,0.4126764532480895
0,0.15566542274071327
1,0.43258000200260643
1,0.5318092608183361
1,0.4075509010248098
1,0.3866807168680084
0,0.19865418701248044
1,0.48377340998791873
0,0.3435648484060317
0,0.3777603263061613
0,0.4575302916073558
0,0.3626645824194224
0,0.6658838919697471
1,0.7352896272610161
0,0.65626719707219
1,0.514055107450805
1,0.5791946283729963
0,0.4738506259128916
1,0.46242634445078196
1,0.8497291478853165
0,0.3314018611791437
1,0.5552040130064906
1,0.817129941192074
0,0.4747215930162306
0,0.356594537086516
0,0.3526847345374696
1,0.59035280869355
0,0.2812504603818735
0,0.6648326987737387
1,0.46615470823984995
1,0.5599081848922682
0,0.6182924148903157
0,0.14865066965709295
0,0.7069613053455877
1,0.33549649141572224
0,0.5584982143377801
0,0.18609235439434405
0,0.4208380313971091
1,0.7726768507317126
0,0.22169465765824878
1,0.39940500718481386
1,0.537973225611475
0,0.35630623749284357
1,0.8161571591990778
0,0.4136420916030723
0,0.42342901332292426
0,0.6190625991620736
0,0.373168181723836
1,0.6948287275750328
0,0.6512427507165668
1,0.6133466570634748
0,0.4508422131951639
1,0.5680957012563803
0,0.4050850507464379
1,0.7813052150278786
1,0.4735334398597755
0,0.4980605236392639
0,0.5280435938098291
0,0.46628394796915024
1,0.6779744300846903
1,0.4850548693619181
1,0.496505207920577
1,0.341677422762575
1,0.7581526235900272
1,0.46075523729158285
0,0.18166265813304616
0,0.3490704117856099
1,0.229958016263914
0,0.3466976455196185
1,0.3083231606289185
0,0.6512186113043875
1,0.7562017130360984
1,0.650445069701446
1,0.6205680546060359
1,0.5168139759782352
0,0.16264893675595563
1,0.8349905377015706
1,0.3687062903991756
1,0.2636706154225453
1,0.8466085632188719
1,0.7279048657732121
0,0.3589767806416892
1,0.48900049220359904
0,0.7006796981845754
0,0.6775021340067374
0,0.7058380687255057
1,0.3250285913223214
1,0.395821075838178
1,0.6801876540886962
0,0.4350643354668951
0,0.4063646310353132
1,0.3534673188638659
1,0.6573537464770625
1,0.40892031993333416
0,0.7171329348425244
0,0.6876347049479524
0,0.39766084753293474
0,0.6060758407262952
1,0.43067752130685855
0,0.2552845034260768
1,0.7758717370832307
1,0.8697035039149966
0,0.20588389395368387
1,0.5704032027627829
1,0.5485970620931041
1,0.4890910391035827
0,0.6650197451108963
1,0.8233497631136024
0,0.6766166751821392
0,0.6244480323030346
0,0.48473336891503044
1,0.27789611887721793
0,0.5088342093111454
0,0.5264370455707502
1,0.24995233538361952
1,0.6581565415726756
0,0.49179131476305055
0,0.698485366852922
1,0.5631413074443069
0,0.545677545387303
1,0.6060813443159078
1,0.7143530948872022
1,0.5994429435681454
0,0.6533576177540327
0,0.3281944016255826
0,0.21404435143523817
1,0.801800522471625
0,0.6893166313932285
0,0.643110731512776
0,0.19977022083658902
1,0.4624496099346262
0,0.698154989787246
0,0.5035245549851765
0,0.43665106360614536
1,0.6467894449141453
0,0.5328927450234356
1,0.5997591210176382
1,0.6683468933461421
0,0.5644007944563735
0,0.669775568992062
1,0.25087889678183656
1,0.3123891573244036
0,0.28234501767523645
1,0.5178141191646386
0,0.36519156816378867
1,0.575474497036522
1,0.6940408581566055
0,0.24079983265621538
0,0.4057931428428097
1,0.5272106968502938
0,0.7693472497204175
0,0.5531943207264619
0,0.5862272722372498
1,0.8416261395705473
1,0.7254357822012577
1,0.5272298566605069
1,0.43122433034229374
0,0.38985162023987463
1,0.7197125095243826
1,0.4871829983297623
1,0.6980941320263232
1,0.5358269778529141
1,0.37025928224923943
0,0.43601552083929074
0,0.7220822266776795
0,0.49246605429232
1,0.517530636328405
1,0.8468132753823049
1,0.3853962880782992
0,0.39544606753419115
1,0.7617303140612206
0,0.40341479661253193
0,0.6152999000665875
0,0.33775012461457987
0,0.32670981234248336
0,0.6337387932371252
0,0.4918619781927106
0,0.6355924020780089
1,0.5353990625211087
1,0.3084905551457907
0,0.3982003604162736
0,0.38867926571405326
1,0.4253069711369342
0,0.3384272992800168
0,0.529768201894759
0,0.3264067558141102
1,0.47724097361568374
1,0.6860164448258229
1,0.715854482074737
0,0.4394004868641925
1,0.7318212751525719
1,0.6114362129202198
0,0.33360535807106434
1,0.5158986613135992
0,0.34528335383071035
0,0.6730844782486826
0,0.5084487815547752
1,0.7250450915582611
1,0.7666430770043475
0,0.3779566693711482
1,0.48532903308959807
0,0.5684349570565336
1,0.5435644085968453
0,0.5636100135164291
0,0.26911317178569416
0,0.5271388776151541
0,0.570729407463541
1,0.59335267725513
1,0.4804891369573608
0,0.23727106843462736
1,0.5811197605479624
1,0.39447578164801006
1,0.7519695302763039
0,0.5624814396005622
1,0.4926569401972268
1,0.8885208956831644
1,0.8221111226078631
0,0.1929538665694565
1,0.8293125969521323
1,0.4030144549161073
1,0.4291482070452961
1,0.25167326058049166
0,0.2428760335628256
1,0.5728040991818039
1,0.8872683718793426
0,0.7456658965915023
1,0.5646814676482127
0,0.4464561700422464
0,0.221557347651789
0,0.31307194190073384
1,0.3373172629551901
1,0.4594613227068335
0,0.27093116381213417
0,0.5949572459614436
1,0.6264538298585284
0,0.3549339025056959
1,0.3506627060720565
0,0.4319953620989689
1,0.6155605968814253
0,0.6308878305350103
1,0.43809456869606483
0,0.43824557688790566
1,0.8786854144604062
1,0.8519450628054636
1,0.6210638924384607
1,0.6395630889732343
0,0.5956647648249387
0,0.1654095740054155
1,0.6212050390368876
1,0.5810375214206246
0,0.5003286222045344
0,0.2515115365296577
0,0.3592051425767685
1,0.5135293689866252
0,0.34739875333038167
1,0.3992729954340828
0,0.37276860288253816
0,0.6502486036266372
1,0.8284117307344573
0,0.5374053783686593
0,0.4006809811238393
0,0.31019457741453177
0,0.2021978436548219
0,0.26401950054242673
1,0.8494313276673576
0,0.3233341199171998
0,0.6297845206155324
1,0.6440604352244103
1,0.6378781733674003
0,0.41410109100582554
1,0.34828699271149394
0,0.3064255145787162
0,0.5761414511110791
1,0.8369782596221583
1,0.6898692725738067
0,0.25009611041393776
1,0.6505420356833965
1,0.5052821776624189
1,0.366699267178246
0,0.21990907058582876
0,0.19804572628774272
0,0.315653904978497
0,0.40080030394867966
0,0.18616150838757425
1,0.7268751154403614
1,0.5639898652089169
1,0.5253954924789801
1,0.40587720193152405
0,0.19697289775416696
0,0.5950622700312891
1,0.15166042618798703
0,0.4919988345450894
0,0.6866301924476128
0,0.4184261303178294
0,0.35867831494744457
0,0.5325719518639986
1,0.571835049806422
0,0.47964654133629064
0,0.5086544730093744
0,0.6841385453312107
1,0.7231195353524627
1,0.5387207248849015
0,0.6330902148647277
1,0.467201227779555
1,0.34304226794494963
0,0.41414518751212087
1,0.5122219702539166
0,0.5748858043345533
0,0.5647742996699046
1,0.391010040200844
1,0.6126518693012323
0,0.45972265562700276
1,0.8456495099190956
1,0.5518071757856414
0,0.3984269203127118
1,0.8918484825042394
1,0.440984151832142
0,0.45346563040309096
1,0.2984122040326843
1,0.5958174124145506
0,0.1960230139177345
0,0.4717222033607334
0,0.47796949487727663
1,0.5517641745932398
1,0.6314803754790942
1,0.5326306659287332
1,0.23269383396136353
1,0.5156718513607087
0,0.2883773637407182
1,0.7540542681301453
1,0.761219149692136
0,0.2468344072649737
1,0.2745130316314716
0,0.23364475466081397
0,0.15186764931226934
0,0.41200418970865227
0,0.6382029730450182
1,0.8408065605861215
0,0.47185221054756843
0,0.4374670683698238
0,0.7103642113698561
1,0.3092356785801906
0,0.6688316281865937
1,0.646591111639886
0,0.43699979253871307
0,0.5150825613589823
1,0.5569775220609707
1,0.23164289903162147
1,0.7474139193712228
1,0.4292715653993777
0,0.8431210029237787
0,0.28477452027340955
0,0.43897414490441466
0,0.28982790966297345
1,0.6375441937559714
1,0.6658928550882884
0,0.2134316427899173
0,0.500624950980342
1,0.32241470926909777
1,0.641725469906416
0,0.3605786282311428
0,0.6904747125056003
1,0.2521194296148519
1,0.5395999654547519
1,0.4735512134401979
0,0.5930845099213369
0,0.34140840738160594
0,0.4090858768818916
1,0.7307595517559787
1,0.6299306398354318
0,0.6239440733504455
0,0.7127158770434397
1,0.4462758782321265
0,0.4514914865033252
1,0.35621458186898675
1,0.26375508806070974
0,0.37499122980235167
0,0.16958150406256423
0,0.6425009098008201
0,0.28552116914212894
0,0.4276204223257897
0,0.31460915832172764
0,0.4006053260313383
0,0.6127517296415798
1,0.5546997446727799
0,0.3086581622945909
1,0.6908485531570454
1,0.5895220524821642
0,0.23704868995100467
0,0.35847731174264225
0,0.5189886998026075
1,0.3690633878356823
1,0.6840230662204997
0,0.22311910104733304
0,0.4162064324257546
0,0.4461400756547532
1,0.2436276090240704
1,0.5885575500013109
0,0.5798306283316547
1,0.2114780370003695
0,0.5409694110882424
0,0.3081777653051683
0,0.6787335296376111
1,0.561994704105769
0,0.39770437490361465
0,0.4267530879001899
0,0.48983458406412467
1,0.8311342468421499
1,0.5581911312311758
1,0.24013528941883389
0,0.31449342900951605
0,0.3656538270971055
1,0.8431648563151526
0,0.5258837760521168
0,0.2265385915153339
0,0.6731850098864348
0,0.2920995706684979
1,0.6033069232899468
1,0.4350383916289849
0,0.4408959881365788
0,0.29935776374907763
1,0.4906581125524079
0,0.4767618907208524
1,0.2365324794731512
0,0.3453454087673404
0,0.133863225827013
1,0.27177271942973674
0,0.26387960712866393
1,0.6633597184219161
1,0.701644929328679
1,0.3900028435124306
0,0.41235662370249787
0,0.4891623863730531
1,0.1673219405114444
0,0.3299808400980983
0,0.1948918246531086
0,0.26061266628759155
0,0.6261213901187895
1,0.5623418540674072
1,0.7434400844203838
0,0.5734821931940333
1,0.8686122523599004
1,0.5455693981658976
1,0.22593713126534315
0,0.3188537696805342
0,0.3679375243779113
0,0.46905095133276664
1,0.45382427096339517
1,0.4785255616031236
1,0.44030342849768245
0,0.6336168955637614
0,0.4127217801921203
1,0.8232177901290518
1,0.5732425980007129
0,0.7566485127474677
0,0.36622805408033127
1,0.6199550307417503
1,0.7701987938739979
1,0.6544098333453222
0,0.41681106788342714
1,0.32537788476502827
0,0.6093844245116228
0,0.31009442161281414
1,0.5746715474518466
0,0.45619830851301596
1,0.3326655782258761
0,0.3429664734437093
0,0.5894673475159388
1,0.5050420690374479
0,0.5207493442842539
0,0.2236935297682842
1,0.8649944908950985
0,0.6652994491804816
1,0.5365347962834205
0,0.190377508770607
1,0.6936410486374387
1,0.6274234407984703
1,0.6174034557452848
0,0.5950195689498661
1,0.6200208534552398
0,0.5317498927724117
0,0.2620275587712229
0,0.5296828673963833
0,0.36791733807453053
1,0.43892122120046595
1,0.243082478098463
0,0.41777037371734593
0,0.19471360592688686
1,0.8447753218336049
0,0.23668716993213446
0,0.35861192199523234
0,0.20531949085198772
1,0.6954837693415115
1,0.619666839658301
0,0.5597144856485055
0,0.6139410793911843
0,0.3826022076597817
0,0.37842097125944046
1,0.5616947421771615
0,0.45836725534718603
1,0.41825693823379156
0,0.3303969832636576
0,0.1811580648657939
1,0.6952638290704192
1,0.6182959875009469
1,0.3999967150564351
0,0.6766292683586642
0,0.3461056418068205
0,0.22771401539911906
0,0.5669608990793384
0,0.4841149044062424
0,0.5665629494488128
0,0.4548099837064364
1,0.7913597062331947
0,0.536056725831825
1,0.49296574207781596
1,0.7120094638824771
0,0.33896731583643236
0,0.6884597738023779
1,0.3251573181718024
0,0.23046498069487337
1,0.47909056880150325
1,0.7984659469972765
1,0.5688552047051942
0,0.6725951899585129
0,0.444984763172682
1,0.3563570360583317
1,0.6722867696276599
0,0.20222778198283467
0,0.29185137359985125
1,0.5345804585020346
0,0.3820167356479308
0,0.3511800060861455
1,0.5824287247258545
1,0.6197117451239971
1,0.761826182119756
1,0.32481999461123656
1,0.5262058996050587
1,0.47507875320915355
1,0.8057789759073272
1,0.30155431740658456
0,0.27088693186577206
0,0.25056879900945883
1,0.6024172477004103
0,0.3479328724259617
1,0.7705625427413929
1,0.4312396368334508
0,0.5933526555777882
0,0.2488103090943723
1,0.694859558395396
0,0.4567649639342537
1,0.536400981023164
1,0.4316278572883576
1,0.7094777828329385
1,0.6758747875654266
0,0.33587619528112467
0,0.36958541720064475
0,0.5209947782699055
0,0.42234292213607144
0,0.34979487947415333
0,0.5979583085496617
1,0.29189680246171845
0,0.2653145943712915
0,0.650245970892795
0,0.20345013917121846
1,0.6450609101787088
1,0.7095323917462795
0,0.12956611561137382
1,0.8413232746046762
1,0.6051822902291912
0,0.2442450092306986
1,0.8309408602239922
1,0.7394991584618575
0,0.23780591721541638
1,0.6005336252490744
1,0.8181393501175187
1,0.49784960183639215
0,0.31653008802516747
0,0.41170664516329547
1,0.21052552067653815
1,0.37814191417331877
0,0.21113756453076143
1,0.6298159238497452
1,0.5959351601731346
0,0.3906102486214592
0,0.3371134867433434
0,0.44656893765074024
0,0.40060207835962675
0,0.5038007690377457
1,0.19514248792996294
0,0.4753059477946758
0,0.6547048380765814
0,0.3096383044383314
1,0.6660023642137489
1,0.805636118934532
0,0.7704189502810983
0,0.24466493063277253
1,0.6707952734918229
1,0.8364443534090172
1,0.5929696159454424
1,0.7197212989158087
1,0.27022381456970546
0,0.540056053125574
0,0.5246027268541164
1,0.5971454773156412
0,0.29683005360264436
0,0.18725007180710734
0,0.47150026492478514
0,0.38014428568331565
1,0.3392041628069729
1,0.6841072862477473
1,0.7993253512634316
1,0.46174068224397896
0,0.6520382696978835
0,0.7695469358612457
0,0.5022266206033795
1,0.6988473422241288
1,0.7708696332378516
1,0.38798584146435794
0,0.5696366226150974
1,0.4659143723771819
1,0.1667425955039842
0,0.6088755897821745
0,0.7091625318922441
0,0.46791081460548545
1,0.6631761268503396
1,0.5710390573579525
1,0.3847798803848665
0,0.32897621809653593
0,0.8173233854781415
1,0.7088205797544183
1,0.6122796761876098
1,0.5948103774490858
0,0.40902591775420655
0,0.4155536572518187
1,0.5443384965680537
1,0.5180375019888928
0,0.26557583038925325
0,0.48954212615837256
1,0.7806319525394645
0,0.7377401297475771
0,0.5156320338231182
1,0.29648147902165206
0,0.620590759274163
0,0.637875106798485
0,0.6526858935823958
0,0.4907508882111051
0,0.22115497849341764
0,0.6134231485414299
0,0.35363430701906323
1,0.632152673108414
1,0.6753237498854696
1,0.45617318501915927
1,0.702410122698553
1,0.7039738627914989
0,0.28196307735508735
1,0.5325288385029786
0,0.2568397163760889
1,0.548026714763443
1,0.2699338083464991
0,0.20318290511650527
1,0.4300096960437731
0,0.36792299660253364
1,0.2617899878394716
1,0.5095892971421931
0,0.17638682439718809
1,0.7221101351059456
1,0.4760269742420951
0,0.6028294889901071
1,0.4749185027288067
0,0.2169830728182283
0,0.22470413717102058
1,0.7919200706377006
0,0.24418242685899016
0,0.6055412461168843
1,0.8229089843204023
1,0.2303297787267061
1,0.5567025307400495
1,0.5262289573077424
1,0.5964948431408983
1,0.5115093662942362
1,0.5537288656594483
0,0.5801697432612895
1,0.4177221912990234
1,0.38455597612513454
1,0.4658726185922864
0,0.48521276785698925
1,0.616724304084631
0,0.6500549079731641
1,0.7713136822933552
0,0.2987215272940698
1,0.36256663364530967
0,0.32888846404439503
0,0.2126954242705925
1,0.31340615762800716
1,0.4759283507628114
1,0.6465462793256772
0,0.4781719682605936
1,0.23733727681706623
1,0.2356145344274367
1,0.38853574058286083
1,0.6980269095396737
1,0.3597482132555986
1,0.8242990442177072
1,0.5190554506180227
0,0.3828970138100536
0,0.1717686500184838
0,0.30032457899299164
1,0.7590802034414474
1,0.7233595624118936
1,0.3470259297697119
0,0.4265228401515801
0,0.5778166936539926
1,0.5981310616824372
0,0.40587333093108596
1,0.5269633795326736
1,0.6666837198441355
1,0.6436174566790563
0,0.400978015920156
1,0.6146478817454271
1,0.8165420717149015
1,0.4782885899119038
1,0.5813167255835678
1,0.2517635692564259
1,0.5003478683198992
0,0.3556342037138353
0,0.5657682123449282
1,0.6948861292537438
1,0.6281120582554751
0,0.28819801406225487
0,0.22091037431369867
1,0.43792748636488044
0,0.2977343690611786
1,0.8082369240624669
0,0.22502249039582561
1,0.6240228680460398
0,0.46235909732833846
1,0.5865576701973682
1,0.5897976443912585
1,0.6566752473410817
1,0.5173336617428995
1,0.5137423027106418
1,0.4277892827698759
1,0.6736399865322228
0,0.39783962630998876
0,0.5448236778468583
1,0.42424270068640807
1,0.7824051277428307
0,0.7831472430384925
0,0.3603787592528155
1,0.464316362947368
0,0.36433272041610454
1,0.48960846688716436
1,0.6037144271903735
1,0.7199403300689774
1,0.3099695131860394
0,0.4961365574668759
1,0.4953442920084811
1,0.6854142736510116
0,0.5371092217521545
0,0.31193121456158235
0,0.46665529855855004
0,0.5155450205984684
1,0.3608167751270791
0,0.2961760578635441
0,0.4038893580206151
1,0.7188238437339572
0,0.3307853496256655
1,0.7545346814967554
0,0.32710340058703163
1,0.7159797619249487
1,0.5285693878165663
0,0.4854887315963212
0,0.2712471923085596
1,0.20254875502613684
1,0.36831278224762737
1,0.7484216718632491
1,0.4936923361281061
0,0.33439919252165107
0,0.7531550220760835
1,0.6586786175558799
1,0.632086121427148
1,0.7544962493021707
0,0.24179373974937235
1,0.33841401625371803
1,0.33107174019164753
1,0.606766816500768
1,0.7653402547222282
1,0.6838978856874558
1,0.5031175590459173
0,0.21248826313590757
0,0.6303247444671994
1,0.6906761145113594
1,0.5232233585161421
1,0.6393282938100399
1,0.5735313058693027
1,0.41940627195791597
0,0.5189624089153567
1,0.2343024944038565
0,0.38104574254451135
0,0.5883979422616404
1,0.5983664436651787
1,0.47115005774279706
0,0.2818053598956668
1,0.6668845121387567
1,0.38489738583610067
0,0.42805321415058833
1,0.8138481374405003
1,0.660901988214919
0,0.34645898847371837
1,0.6535682175797629
1,0.6453339498820747
1,0.5290603925533353
1,0.5623938078051437
1,0.7624645483534368
1,0.6608015064810043
1,0.2313441651628161
0,0.6976502860123877
1,0.4359738109504883
0,0.3663207427214602
1,0.6855547946353545
0,0.2722010913576926
0,0.391295285774087
0,0.20571863080160674
1,0.5773440724730675
1,0.528234064134562
0,0.3560791286520149
0,0.4944606998452646
0,0.5818213789580231
1,0.6511931491055801
0,0.3468991277340462
0,0.6120735636228887
1,0.48831547236549905
1,0.5959367370157548
0,0.41694189304449747
1,0.4879503107647157
0,0.5717659747427578
1,0.6699665250558549
0,0.6481920430239603
1,0.610944165911419
1,0.4671122338203508
0,0.5377513280947623
1,0.7814605499525336
1,0.2955077227529689
1,0.6897780754528469
1,0.7227153645129784
0,0.19162369752177097
1,0.6876202363069867
1,0.2978954382359151
0,0.2862327553517538
0,0.6403410082899967
0,0.36115609992447645
0,0.23866887109151927
0,0.3299577453356321
0,0.5963110969385653
0,0.4958787522288522
1,0.5591919749970152
1,0.27277419271460246
0,0.39093105545391316
0,0.5366639588707882
1,0.31238559298048085
0,0.20950705046528184
1,0.39626218841489813
1,0.5390695631765016
0,0.6383777756845921
0,0.256289649565343
1,0.5926206638413902
0,0.5176943405053542
1,0.25711397700997785
1,0.646393231237182
1,0.3522545757718422
0,0.192082496939413
1,0.6628913124841218
0,0.44129788813792153
1,0.24463462873899117
0,0.5623789541585413
1,0.48724448881346794
1,0.6735479306538704
1,0.5396489584312807
1,0.22859993383063662
1,0.7704922953071159
0,0.5874068462377604
0,0.25271149259357983
1,0.37198102129183735
0,0.7729914432522887
0,0.49874049391699166
1,0.5957820527921491
1,0.7289922165316995
0,0.3857668438968985
0,0.552338651824703
1,0.7511718063720718
1,0.7961009672139159
1,0.5396094958431141
0,0.5228871309350417
0,0.19214873548754247
1,0.7139809417855216
0,0.4073928841237756
1,0.6926998176241462
0,0.5911143922955161
0,0.38220670366906917
0,0.36607891226358685
0,0.5003877271421926
0,0.2735239390824997
0,0.259472162966286
1,0.5868008001654941
0,0.44224114459997477
0,0.2615219077736026
0,0.6384409348254858
1,0.5945494115052564
1,0.6690226842883057
1,0.5094675847641156
1,0.5714720929552729
1,0.3021743009459685
1,0.5091867175536354
1,0.6740787847753245
1,0.5528254425080582
0,0.6701244364090498
1,0.428638884132491
0,0.33167413451512323
1,0.4873935261154219
1,0.633468160868444
1,0.23735104607257035
0,0.435664951920776
0,0.4844842807525732
1,0.6256460237607799
1,0.7145616521671332
0,0.31792793730493707
0,0.6626907072721573
1,0.46861714171819296
1,0.6168257881865666
0,0.36423010034275716
1,0.4610392051981039
1,0.7054996749578417
1,0.7726830052700076
0,0.39453123290348113
0,0.22717916788034048
1,0.5489556758452807
0,0.4767731571716961
1,0.6430791137357583
0,0.20965084442989781
1,0.47687940098190945
0,0.5426459767646555
1,0.6229575414359965
1,0.2781521277816893
1,0.3122151979083272
0,0.28092981881471263
0,0.4209647952716034
1,0.5450620028517107
1,0.6231604272728875
1,0.40272643728872154
0,0.26488536512267336
1,0.6925795454416883
1,0.34086020976573456
1,0.5302378221939557
1,0.6854248828635778
1,0.6650315813360622
1,0.4336396477390224
1,0.25476439954276286
0,0.25929168469509534
1,0.6897119659388584
0,0.2451445684932327
1,0.6186981729150483
0,0.6030697165206317
0,0.481642496115002
0,0.5430857924259688
1,0.2650078970169286
0,0.4640278028509588
1,0.5623146190760634
0,0.7439550286470866
1,0.5361337324026629
0,0.5187128585866309
1,0.4676307447396269
0,0.5037396031485646
1,0.8002647409676377
1,0.6868435931618471
1,0.5155536799186345
1,0.46006121530012994
1,0.6021797739577117
1,0.6765685500147182
1,0.7958985185847746
0,0.595921309911741
1,0.5437472895762173
1,0.3379073939788658
0,0.5212338676411526
1,0.46183555762893275
1,0.5977798914980348
1,0.3700293871757249
1,0.5293605086950306
1,0.27281423022124235
1,0.4193708214595105
1,0.48053134208950044
1,0.7182934967023724
0,0.3233519281977949
1,0.7288303246217099
1,0.3863976501450954
0,0.8268339067040302
0,0.3708581047634704
1,0.32704387209387414
1,0.5743949779861091
0,0.46622383702984443
1,0.6844201623010827
1,0.5888045020923023
0,0.2252275659425831
0,0.45198877260885567
0,0.4902821491966292
1,0.45246938538546905
0,0.5313004345080902
0,0.6969984163744593
1,0.6086973427755857
1,0.7054916043201033
1,0.7077501370858893
0,0.30394714861078614
0,0.2997697483224721
1,0.6662519162641516
0,0.3720735672615835
0,0.5777740524008341
0,0.431883502675824
0,0.6095338707427332
1,0.7261312510107202
0,0.7280161910754795
0,0.4891325162560145
1,0.7045185768745374
0,0.31487377037188097
0,0.3732018012380498
1,0.4815553850407832
1,0.36577365688940205
0,0.6082190136862876
0,0.6357611377527141
0,0.3048118040760723
1,0.5844680538574338
1,0.5609128205232704
1,0.5249817525380583
0,0.5404256458093142
0,0.35464898940049616
0,0.26931837168650125
1,0.6623477449832343
1,0.8349872216138821
0,0.37464906820455185
0,0.41276677857573646
0,0.205545061218801
1,0.656743277471097
0,0.261412831963633
1,0.8301328618110267
1,0.265321611972513
1,0.6168841556375426
0,0.3423037203274698
1,0.4904781152940386
0,0.32616636307651375
0,0.21944690501635414
1,0.3980370339378955
0,0.602144940405191
1,0.6318424679379115
1,0.5175156932007342
1,0.7748301123872371
0,0.6931263795033344
0,0.5561842701305864
0,0.4652634194520675
0,0.6712343837675926
0,0.30177701564832393
0,0.6968949521740985
0,0.6468890556456466
1,0.37032639287544167
0,0.6513934570687269
0,0.7168314335677909
0,0.5440793444905946
0,0.4739395201055527
0,0.2836220100986098
1,0.7541926026428059
1,0.4234355869426268
0,0.6125776465488176
0,0.536154392172624
0,0.4352648700745136
1,0.8439867960060591
0,0.5377658300215721
1,0.5629471448503494
1,0.45771365872017045
1,0.5379718510750814
1,0.8121409414009024
0,0.5377290133365416
1,0.431777466339789
1,0.6288651718723233
0,0.5031305681955296
0,0.539565949889894
1,0.5454031725246355
1,0.7285542273300829
1,0.5145185292716236
0,0.6011775447558383
1,0.7376787505357462
0,0.4477482010640085
1,0.4693658380020188
0,0.28089696088934385
0,0.6772864986428738
0,0.15369143604039623
0,0.2782443714866654
1,0.5230662475091901
0,0.2620082914555455
0,0.33155307204144935
0,0.49346060319552987
0,0.2984291769300101
0,0.36469234588783955
1,0.540715613532371
1,0.6177019907545593
0,0.6333151612684137
1,0.20498707861088197
1,0.35628387640283327
0,0.63516835668861
1,0.5819098265420445
0,0.6524936295595285
0,0.533215937904391
1,0.46324818528562783
0,0.5857300802816949
0,0.23549314651655814
1,0.8167314692080344
1,0.8299317107544891
1,0.34701641239062625
0,0.6972734157441087
0,0.6425797892185345
1,0.6946118020559425
1,0.3976394348157861
0,0.4740629459793165
1,0.7034558861572605
1,0.5226945743216865
0,0.3022193388296437
0,0.2689342613909416
0,0.3616971513061099
0,0.7379750980497178
1,0.6834180176822972
1,0.5224494227362958
1,0.6689775293672633
1,0.6781156287715164
1,0.6978422869189171
1,0.6226203704471606
0,0.5240936799447372
0,0.389462987280796
1,0.5750330042195009
1,0.6830898272270689
0,0.43806958302531046
1,0.40420242162394765
0,0.3378853732070032
1,0.3362928464661369
0,0.33073854713314527
0,0.31134286328186045
1,0.3034494772393329
0,0.6288916462619152
1,0.6649634213019145
0,0.5766465651056807
1,0.615475034347363
0,0.30098002371581545
0,0.36356721641055495
0,0.6482835985514791
1,0.6058525395641945
1,0.6534027556314119
0,0.5108189551979336
1,0.559531956114264
1,0.8055010586744078
0,0.4463167912279664
1,0.6948923603518279
0,0.21649060946552276
0,0.41368430214326296
1,0.5695807406327628
1,0.5823609479669279
1,0.532394816723433
0,0.16542762370539613
0,0.29615851590548786
1,0.6211832461448337
1,0.4275905060858385
1,0.837329627392828
1,0.4238370463747612
1,0.3949104039018359
1,0.5783465308466453
0,0.2217707923953799
0,0.3374091117651247
0,0.5618768730539313
0,0.5273027335041016
0,0.8150578136538821
0,0.35923928676527067
1,0.5938362752418554
0,0.5632007698458645
1,0.2859455411896939
1,0.5882673100352023
0,0.8643576126281405
1,0.7217173321346642
1,0.4184836574592133
0,0.23936012535453327
1,0.4981921295156331
0,0.4733813242360748
1,0.6056211481335609
1,0.7780538953435577
0,0.4228238808711925
1,0.40906897847067697
1,0.6686318842797315
0,0.22189662718057818
0,0.40612423472079406
0,0.7078590155013856
0,0.4154733881055669
1,0.39196677808120933
0,0.44434766932832886
1,0.5382762505816643
1,0.6834313592600697
0,0.6203129032985513
1,0.49763338701296456
0,0.4668642752154393
1,0.744707170177101
1,0.6307567339121817
0,0.6353353685748
0,0.15377547799552058
0,0.2994436537536611
1,0.6943139982307817
0,0.46500784356620345
1,0.49465601118046953
1,0.5252879694299343
1,0.8189772343134849
1,0.49543874101148305
1,0.7166552528032819
1,0.8453761148170656
1,0.38250410319998146
1,0.8505500545495399
0,0.3010403873237146
0,0.15262284735142687
1,0.880091061813994
1,0.5253703502151026
0,0.29757948365267567
0,0.28462700988757
0,0.3304624081871488
0,0.3025933753032128
0,0.2670996418877186
0,0.3669737437679206
1,0.8249558983761498
1,0.7301017810967254
1,0.7121696187741318
0,0.35728147473925975
0,0.3030744404869421
1,0.4948314966730422
0,0.29701246095352957
1,0.8111110133080175
1,0.7209952470004956
0,0.4149729968591744
0,0.3883062958322693
0,0.7308713719656328
0,0.43875817754787133
1,0.7453988033076492
0,0.41639771051779045
0,0.770935143560391
1,0.5871606441916933
0,0.3831722167119054
0,0.613133818707281
1,0.7872777727596282
0,0.5184309704864344
1,0.4058109530434978
0,0.15831851195443972
1,0.5365296785059627
0,0.2384272910041454
0,0.6270218865818241
1,0.6211400228845674
1,0.5716485507876237
0,0.2682197946149697
0,0.4603422017504211
0,0.24256790154120209
1,0.39814108472241766
1,0.3693311176990007
1,0.6995138704330826
0,0.7285161450883368
1,0.6579018950486833
0,0.30905286664170717
0,0.6327010856001484
0,0.3864174007018834
1,0.7984423730295415
1,0.7483932470504117
0,0.5116860413784007
1,0.7893616554502761
1,0.8284592470955612
1,0.762835139916963
0,0.6913025624277922
1,0.3856150625876454
1,0.6164349893452039
1,0.5832425930287726
1,0.6719730642650511
0,0.2357366135288269
0,0.2265443721595489
1,0.36738646871733793
0,0.23423767871916656
1,0.5326137466364279
1,0.567115129866231
1,0.6611825192236154
0,0.326081488285996
1,0.36743313967315816
1,0.49867073499825465
0,0.35491671692075505
1,0.6151299748810407
0,0.4282315617730414
1,0.5818222107341946
0,0.5495298106678226
0,0.14609232754110607
1,0.37490025040687225
0,0.18737169240435314
1,0.5560300766567136
1,0.24688687784532018
0,0.30492824423487863
0,0.33962685105737667
0,0.5205227018192281
0,0.3708232313351466
0,0.599139619888951
1,0.2774650648654097
0,0.7404107828103792
1,0.5264182840248819
1,0.6143105539694192
1,0.5809061259819682
0,0.6825327825116542
1,0.5206333452844459
1,0.3735252245162712
1,0.7934017934300562
1,0.7375002920648402
0,0.21637991686107005
1,0.5196885239227379
0,0.5695506321300233
0,0.5157867020144066
0,0.5591360597258146
1,0.5600014863163013
0,0.3592756374017992
1,0.5185208339385909
1,0.7229476367338956
0,0.21075411061822233
1,0.8741887108261758
1,0.515702783773109
0,0.5303289063410328
0,0.2138893067758347
1,0.5727771555805311
1,0.7888691622690194
0,0.6975283435676063
0,0.6449819442628841
0,0.619855202255139
0,0.23236969058835577
0,0.5097477434465679
1,0.3775398616086216
1,0.7810603467218113
1,0.7156889970858689
0,0.7575182946791313
0,0.5290300849527597
0,0.2511522587693012
0,0.2528991364583688
1,0.5958267996725035
1,0.43508972777559324
1,0.5424935017796956
0,0.34062632257498315
1,0.5671889561720609
0,0.2794435011023155
0,0.3199731404149229
1,0.5254536244539442
0,0.3377001093131266
0,0.5463275533740087
0,0.37849299684039595
1,0.41854368255576285
0,0.24673204548779523
0,0.3453048933089825
0,0.7126996839940719
0,0.5591151037149054
0,0.3766419423049614
0,0.7077491672657477
0,0.4353155761967176
1,0.4005020358558119
0,0.2074816215581331
0,0.5260186666147778
1,0.5182581821814575
0,0.6112357706794684
0,0.6119332596477906
0,0.5082958518822762
1,0.5864533771781598
0,0.5721584824182879
1,0.5094856311579292
0,0.3627103589919876
0,0.6869356068623566
1,0.3483046100272611
0,0.4124042765618695
0,0.3583669577017752
1,0.47461701515499666
0,0.41694737871850657
1,0.6254173427677111
1,0.6202309336973766
1,0.7001895296073687
0,0.462863763777775
1,0.6980071482730599
0,0.4827882638474093
1,0.605165010034004
1,0.549321225227785
0,0.6970565423632673
0,0.574920971112356
0,0.4972866461440021
0,0.22492563873909707
1,0.4060187095534893
0,0.45463550632047006
1,0.3305934187194539
0,0.688056001046307
1,0.38147778832298945
1,0.7052533236537297
0,0.492402903915476
0,0.6453306539828634
1,0.5705803738859154
0,0.5354912381726253
0,0.6335855690906192
1,0.6161113447098095
0,0.21399647171803737
1,0.6349925039549851
0,0.47993587929060805
1,0.43654904587655285
1,0.417093166699896
1,0.47180793617418526
0,0.48791415317148773
0,0.2837809685035629
1,0.3724427522359799
0,0.205041427655071
0,0.5827953207972747
0,0.22325407943967726
1,0.8266674867834766
0,0.5903083733326833
1,0.49683402413308736
1,0.38855822106270205
1,0.4963591237945818
0,0.48780804993311205
0,0.633255631424291
1,0.6443565287065232
0,0.5779980272779386
1,0.42899007170340236
0,0.3178427780665558
0,0.5524760056942954
1,0.7795143225919855
1,0.43531204054083944
1,0.674593004050798
1,0.4248298764119507
1,0.4345847009660985
0,0.5819391657553329
0,0.7209692185213854
1,0.6110988547501194
0,0.22121838389999543
1,0.6619546429634492
0,0.4425137201654838
1,0.5235750493447688
0,0.4921862814021675
0,0.23282841708108065
1,0.4260022370410354
0,0.7105537466414232
0,0.6925415205276504
1,0.42607048782392304
1,0.7436131372523527
0,0.4974437560503896
0,0.19575944661949451
1,0.6737485986085816
1,0.6542749792251326
0,0.3964424987728369
1,0.5505636031174665
0,0.6448936173669417
0,0.18239443678172249
0,0.24722472805977022
1,0.6493377223588299
1,0.7299939013776251
1,0.631358313932798
0,0.41130364121714147
0,0.4929408426440735
1,0.6273671108221742
0,0.689359261644014
1,0.4844290699323767
1,0.353602051183865
0,0.3680547750248196
0,0.29272015726289435
0,0.32573999039057355
0,0.5958555838933933
0,0.476114410866205
1,0.6417494270194241
1,0.5053718984988848
1,0.6806581012320352
0,0.6616811337159949
1,0.4211225700882825
1,0.8119015667835672
0,0.5341967862746815
1,0.6087653838938969
0,0.3191954328842978
1,0.6162882390619306
1,0.8073664413709155
0,0.47518349035621477
0,0.3531888420807245
1,0.6675651761552842
0,0.5715201234216272
1,0.8305174907642603
0,0.42810865446114604
1,0.5982969045983098
0,0.35636775270367177
0,0.6879693036460711
0,0.4067472705185044
1,0.5179317916846002
1,0.5903921366004543
1,0.3858215612283253
0,0.5951816107616039
1,0.7370622831675804
0,0.32818929871930336
0,0.3554503762482452
1,0.3672116765055246
0,0.3456511285535144
0,0.4257918630572738
1,0.6154563237327312
1,0.477849553673052
1,0.42294855764764194
0,0.41862765128914464
0,0.5879284177235209
1,0.448229506802095
0,0.5527567372836912
0,0.1540482705883414
1,0.643986424139749
1,0.4387226387632702
1,0.6681749521124544
0,0.70193044908129
0,0.5686532977676428
1,0.3875386532726993
1,0.7247591930279954
1,0.821126066889235
1,0.6481098321181641
1,0.6269724435906435
1,0.7596924837118103
1,0.4717411087886528
1,0.38649156122113276
0,0.22629968743730092
1,0.6521783592179398
0,0.7590717789806963
1,0.5488643505516889
1,0.5088823314655349
1,0.8122953897135264
0,0.6477845139601214
0,0.46662282792907644
0,0.24943325421059784
1,0.3184592361488636
1,0.5343819495122302
0,0.738322792501974
0,0.37522449276292863
1,0.7182634463417699
0,0.444813233685116
1,0.4161572064075424
1,0.2562517677287466
0,0.3674024664967213
1,0.45008435096384225
0,0.6306730337732087
1,0.7038826761527106
1,0.347031879525123
1,0.7698205022920356
0,0.6718861486359569
1,0.5251908183243175
1,0.7091697203178728
1,0.3876774825004116
0,0.5281386178904329
1,0.6897549592148243
0,0.5679697785760356
0,0.23267611043088524
0,0.37589870922685975
0,0.18309694896954307
0,0.2357592905981948
0,0.5287737964045175
0,0.8005618982645217
1,0.5869078824473256
1,0.5515793031532978
0,0.48769689800680127
0,0.24427449199094925
1,0.7877396175529225
1,0.5451381312249621
1,0.7015665978734057
0,0.35569029330358387
0,0.42254677847886196
1,0.67090692567172
0,0.5417397775486247
0,0.37787609169749736
1,0.7163829189524838
1,0.729893715331854
1,0.5634984614440305
0,0.7925481921321711
0,0.2914952481958796
1,0.7486395496035376
0,0.19928992445785693
0,0.6145764205749366
0,0.33464013376548085
0,0.48646456444445574
1,0.3868016548724901
0,0.6916948813858781
0,0.5095662709588267
0,0.6809842928996782
0,0.5017222460934518
1,0.7653577295656382
0,0.7470775065900169
0,0.3295410357270152
0,0.405145950395373
1,0.5700804760640756
0,0.6493437835360282
0,0.5686432868333265
0,0.4818531416496326
0,0.4623089989370339
1,0.7087794502320658
1,0.678291964007813
0,0.2591199540321545
0,0.3511994174682618
0,0.29081599219416954
0,0.7377116475848309
1,0.6261781510649841
1,0.5486390579447255
0,0.6158211723874878
0,0.3861500635518129
1,0.3158408182022742
1,0.5946787967857239
1,0.4665081233009891
1,0.5327460132922871
0,0.31510408411475593
1,0.3831553656698612
0,0.4028441772275342
1,0.6628132988013895
1,0.5210415989294331
0,0.17559179165892508
0,0.343373866985506
1,0.29977966089466795
0,0.31164412248826734
0,0.3656806069072396
0,0.4237181213916881
0,0.509853963892874
1,0.835952085948578
1,0.3116907842225949
0,0.30405560305321444
1,0.6715946490765582
1,0.47869227714263385
1,0.6688221872844131
1,0.8427953172758921
1,0.4785564229323063
1,0.40505425347295
0,0.24333896934786903
1,0.6233350715538236
0,0.45532831342075125
1,0.4100548951781655
0,0.4685415331023605
1,0.5342480692973353
0,0.32978603626472275
1,0.6260876257083107
1,0.3864353213785595
0,0.4650488402110773
1,0.7332918498029767
1,0.6710223339413082
1,0.680772436109661
0,0.4780814872581519
1,0.4866884079793844
1,0.49791440820764005
1,0.4041727673890291
0,0.5274217777384412
0,0.32790625915011756
0,0.4317032301094186
0,0.49749988318502236
1,0.16473788737947162
0,0.5259905581925051
1,0.585152808473327
1,0.6398434004766981
0,0.7403357436752359
1,0.4948290757914188
1,0.8117340235903661
1,0.6062421830132819
0,0.38262567551375853
1,0.7394457681874028
1,0.5362002234943384
1,0.50488066007439
0,0.2629072029029245
0,0.8292770732865054
0,0.7509344171479382
1,0.5376873531888918
0,0.7424723885944271
0,0.4737429855024345
0,0.41909901144020356
1,0.3517568435508708
0,0.7398070027818449
0,0.6044807073242741
1,0.6628230311912879
1,0.2014336970333772
0,0.7055896919412922
0,0.36874553389932185
0,0.34617136199858595
0,0.20133106800469544
0,0.676599187170446
0,0.4750172890764474
0,0.18855072132634848
1,0.6189647441511363
0,0.2982679501032551
0,0.29541832880967345
0,0.2579031591973308
0,0.5615490850187401
0,0.1365777839687313
1,0.5112531396164509
1,0.6709872907963855
0,0.6899384599464707
0,0.5574492694211275
1,0.6854435419451197
0,0.30279410812638496
0,0.381993219696698
0,0.16550718680965565
1,0.5514020778761196
0,0.5971518305664006
1,0.41508562344197647
0,0.32477741947133376
0,0.5042344543228156
1,0.34823638470037716
0,0.371066827061616
1,0.49105823066260657
0,0.37253236515373456
0,0.4023982254260116
1,0.666966874778114
1,0.7706005540050234
1,0.6190907772008598
1,0.5590797208576797
1,0.3273772296860507
0,0.7475620784167643
0,0.1938356312381234
0,0.24873600678475852
1,0.7678295776720926
1,0.7589222960897422
1,0.496812060677734
0,0.2249330560562369
1,0.670800924080805
0,0.6071567939525214
1,0.45200249179362795
1,0.6765494891087946
1,0.6311535973755535
0,0.34296431610347045
1,0.5311275946917761
0,0.6466118965140547
0,0.3010841630374764
0,0.2892680927482274
0,0.6455428168056694
1,0.7472154395858739
0,0.8396807441828367
1,0.6279355627958787
1,0.63134699152403
1,0.1514839666165921
0,0.7659244383637637
1,0.62827521359136
0,0.5912727361675437
1,0.2865608846570937
0,0.4007812826801576
0,0.44799420810250257
1,0.6946752834865539
1,0.3062578608513001
0,0.296710004347871
0,0.19007676056285103
0,0.5559881776878307
1,0.2640499276570902
0,0.1773938566763707
0,0.24768272424567006
1,0.35888119304580407
1,0.42804486803870884
0,0.227728111317307
0,0.6165474327944983
0,0.31473986184313013
1,0.23884171457983136
0,0.387587025582484
1,0.33524097035827716
0,0.48584982422303263
1,0.45545098407720747
0,0.5329627294508694
0,0.3654171283651574
0,0.6029450930443941
1,0.6402607455000977
1,0.8345319385793215
0,0.41309590538833063
1,0.28534859204000596
0,0.26344879845908276
1,0.5598969744746204
1,0.6815465784515101
0,0.3313576512860396
1,0.3097215063011435
0,0.6863109279934445
1,0.5895617128252609
1,0.4894699356839817
1,0.6112883887109808
1,0.5689384716649806
1,0.5736462691891776
0,0.3589084204115481
1,0.5850365014644237
0,0.18080355342112
0,0.745591757199597
0,0.2016967139065042
1,0.6447142304003327
0,0.5161438771725527
1,0.700376937299854
1,0.616546843019728
1,0.7036643849862932
1,0.3752716616545582
0,0.7041725352528637
0,0.23382821518841873
1,0.4314856379397107
0,0.6218702463496969
0,0.4071183422982957
0,0.312216208356403
0,0.6020925499543609
0,0.40512938721391795
1,0.5766992144542225
1,0.44541719212007597
1,0.4267732885920603
0,0.5054827153223668
0,0.3368305037459923
0,0.2805620084763225
1,0.7109590254474829
1,0.7604578460586212
0,0.4953135923974259
0,0.631470856703546
1,0.7449961145225913
0,0.3386144497105078
1,0.4880713773308654
0,0.4762189228024482
1,0.8420482144574128
0,0.5991821433770209
0,0.40025061353822156
0,0.2246530514204699
0,0.7678185920499087
0,0.32202907741177206
1,0.6051642037463384
0,0.7071904177083026
1,0.7334489467951197
1,0.6769638590208911
0,0.6698797777490018
0,0.656654129234992
0,0.29761329553090604
0,0.3561661362388599
0,0.24889828330405045
1,0.41726771292327486
0,0.3517184998642468
1,0.7487900739512957
0,0.5909635654268688
1,0.5804916604999976
0,0.1765492895653869
0,0.4971071577726746
0,0.32576357151930035
0,0.25266598537051116
1,0.6846867064768272
1,0.6793488112206921
0,0.4434978059037794
1,0.40281655138803085
0,0.6107279951229169
1,0.6034932893582758
1,0.5587259029052248
1,0.7278403132576922
1,0.3606994008532265
0,0.5307368051336211
0,0.6575742830413519
1,0.6485501554776899
0,0.2901843453894656
0,0.29263913162749455
1,0.49013541724646564
0,0.334916242060913
1,0.41740980125495825
1,0.6182571880059506
0,0.4134111546748655
1,0.502430612163759
1,0.45273186087518164
0,0.5686542053001897
0,0.6343013650787573
1,0.7176535909688877
0,0.2385926427410242
0,0.5707745564442093
1,0.6450948050989928
0,0.545049983798498
1,0.8442625092084188
1,0.6695021822746444
0,0.31268620857740254
1,0.6803120793512367
1,0.5719509836866571
1,0.5650868700385338
0,0.2793548108299933
1,0.5078274982361555
0,0.49065828639554976
1,0.6258317985280023
1,0.802157243028605
1,0.7783836826004661
1,0.45951135203700594
0,0.33898050470588
0,0.554801912023363
1,0.4113877825250015
0,0.5553588450248971
1,0.6311948417641752
1,0.4718599017250324
0,0.8024843052976224
1,0.8032622239609709
1,0.6982433952388306
0,0.20098648688470144
1,0.35088173169049225
0,0.49633313961040265
0,0.5729240041030382
1,0.6142334349615857
1,0.5588025201594189
0,0.2747343932597587
1,0.6847173670617558
1,0.5989829237627704
1,0.2741152677113919
0,0.43694652613969776
1,0.5664751948971626
1,0.857059410009613
1,0.591892494682023
1,0.762583307949729
1,0.587980919148651
0,0.20945298727448095
1,0.6440237358010851
1,0.5978845513226648
1,0.46681510743465154
0,0.5154135430704311
1,0.719747993781066
0,0.2899699765213179
0,0.278679988429056
1,0.20450243159427348
0,0.6302881960588224
1,0.7203176181439294
1,0.8025883438124135
0,0.24533984504938505
1,0.8556130521775696
1,0.5339991258152456
0,0.3265595832203729
0,0.6880793897629138
1,0.6184022315859878
0,0.49988538786166353
0,0.4498005053730767
1,0.24963569655960377
0,0.5201567258409936
0,0.32849971708968395
1,0.6036982467508
0,0.17327164160743627
1,0.7920744710482841
0,0.730298540415662
1,0.3099684101337253
1,0.48757404329263143
0,0.35462864573240066
1,0.8039585999811757
0,0.4495902762482942
1,0.5372764761119365
1,0.62602119433966
1,0.3980448503490783
1,0.41582065693564235
0,0.21879167438150698
1,0.8023330804441327
0,0.39017893970658835
1,0.714904545011763
0,0.22525768804004032
1,0.6210734326628895
0,0.2964390702035502
1,0.3627808294041009
1,0.70127579904077
1,0.6439822987198756
1,0.6269281508164539
1,0.4433604848644193
1,0.8170210714905305
1,0.738317929369299
0,0.4377941741809186
0,0.14199375471302667
0,0.6261953379271085
1,0.6131389970057253
1,0.6090810341612668
0,0.2739169603849142
1,0.7875360412391835
1,0.4212633983616615
0,0.6131685736671666
1,0.45816207896407507
0,0.6581685076358453
0,0.666754616125844
1,0.5586385999496964
1,0.8465083508735043
1,0.469350257108048
1,0.39596057863048323
1,0.5338555808070263
1,0.7714579578825417
1,0.473153630561537
0,0.4908662587233421
1,0.3828569480080519
0,0.2677114189293406
1,0.5401453693006141
1,0.8389682286808884
0,0.4364080772576233
0,0.2531973658383441
1,0.7416381977183186
0,0.6040797130087949
0,0.7528747410259203
1,0.7154425636703927
0,0.2781344876408815
1,0.8009349222859062
1,0.8583824610632126
1,0.3449299142036129
0,0.3237515262287731
0,0.45770872839566157
0,0.7241885736539829
0,0.1840691734178888
1,0.7718256540748016
1,0.7670556058292098
1,0.6784586660301237
0,0.21929249595468836
1,0.40155726144712145
1,0.772555875979983
0,0.42363743770006657
0,0.20277753791737577
1,0.6339889391314248
1,0.39486682644289905
0,0.26858340242351364
1,0.7782486375715522
1,0.6544894332598002
1,0.5599400785126603
0,0.4823023478991083
0,0.5449082273101
0,0.43147207088137185
1,0.5904890107426697
1,0.35611937088883117
0,0.4210034331594072
0,0.397509025804854
0,0.30619488903412845
0,0.20124364191467384
1,0.3345684516440142
1,0.41112418520321753
1,0.6202396419085409
1,0.5211980007541634
0,0.6795585087880345
1,0.41271512794414783
0,0.4983316442055718
1,0.3609937651504668
1,0.38088895687145236
0,0.5744910336065585
0,0.5743424229356142
1,0.7326833613124216
0,0.5041469071976579
0,0.1490142439542754
0,0.28324834346247435
0,0.2588351630867422
0,0.27771482033926703
0,0.5015433975529898
0,0.7004278853370806
0,0.504617149690103
1,0.582871053444807
1,0.2633935534444521
1,0.5548312308207585
1,0.5436825665580166
0,0.5008377424974625
0,0.5353466798760937
0,0.7823149396279384
1,0.6541967412915576
0,0.4718909032187156
0,0.32954278963998795
1,0.3932540029849941
0,0.4307248584789983
0,0.28059945468566244
1,0.48648200542005926
1,0.547000385593144
0,0.6144558139376104
1,0.3136958767481061
1,0.43535909001090983
0,0.5072439253246771
1,0.23243728848795125
1,0.7333332254820072
1,0.5217600735944405
0,0.14451057921126254
0,0.6150931144287023
0,0.5097875460281593
0,0.2965749828927992
0,0.6151263783297529
0,0.5267744219346329
1,0.3760759955979711
0,0.2103828594986329
0,0.639866847672915
1,0.6201351405701053
1,0.3906854013755097
1,0.6273430852089027
0,0.33458575187234707
0,0.3564915693690031
0,0.5008465186115659
1,0.4923020009958623
0,0.21531444517152723
0,0.31806385462188436
1,0.6220850554837309
1,0.7543978717391395
0,0.5905763478352406
0,0.4200261023559175
1,0.35037898869208917
0,0.5387405231744592
0,0.32282666224303785
0,0.5723925819423684
0,0.4268501287772222
1,0.692455266143428
0,0.46288340149281193
1,0.36098108372607796
1,0.5238140762228785
1,0.5012130926035422
0,0.38822441761485227
1,0.6847123902742318
0,0.5122762468936091
0,0.5565647067059689
1,0.7325065718964237
1,0.8615064888038395
0,0.5292970467295296
0,0.16399481820131334
0,0.31716148718406884
1,0.5092339930763158
1,0.6907781375077418
1,0.58868073002568
0,0.6434887750959469
0,0.7220265610312889
1,0.27333135811755704
1,0.749734453568403
0,0.38631388039774295
0,0.3296489414210843
1,0.8204232321225543
0,0.557917546415022
1,0.3719371184255584
0,0.35235996805977493
1,0.2361524499406785
0,0.2892065719942431
0,0.7018205785070735
1,0.8198229909891703
1,0.610159609769643
0,0.4194485476248845
0,0.6911734858340192
0,0.20210009626269723
0,0.772470300140358
1,0.25867148296880593
1,0.29932041856942565
0,0.6637133118914376
0,0.29257946790391337
1,0.7490950955800688
1,0.5341317311513273
0,0.5560792578299066
0,0.3221873233124809
1,0.6705161128331669
1,0.8394700028388458
0,0.5261914341078558
1,0.4660713749613574
0,0.3253833454430785
0,0.22796710966609626
1,0.42817883799033063
0,0.4152546813366506
1,0.6781868242178101
1,0.6521141555654203
1,0.3157161812217565
1,0.8288547797601651
0,0.25169294993143454
0,0.21907401075376487
1,0.49122025041149026
1,0.5476473391480807
1,0.5303265643852837
1,0.5319807784875276
1,0.6246853957552265
0,0.2869195896055783
0,0.739592231727268
1,0.5581410063792681
0,0.6141409514742919
0,0.2793245831013037
1,0.539894635470633
0,0.7386466924902502
1,0.5755045662242164
1,0.4431333928846615
1,0.44796779955842925
1,0.7650416710506948
0,0.49522876783037967
1,0.5382179551905456
1,0.4078302270037104
1,0.5295446077461518
0,0.4229776706918301
0,0.32663843133131226
1,0.26179430419537125
0,0.6068376683626721
1,0.5457978500326044
0,0.7094081993747985
1,0.5632697567598578
1,0.6768691830089903
0,0.44518871486892575
0,0.5208469272215362
1,0.43230711970888414
1,0.7062201994001409
1,0.2897278843868021
0,0.3168154798473575
0,0.2525070068807827
1,0.5259003462040066
0,0.1821941865806009
0,0.29843997407957246
0,0.6255488044835087
0,0.3354395168139035
1,0.5779213659305205
0,0.46812699537746777
1,0.48519052418758674
0,0.40189767669139315
0,0.6472318723243093
1,0.49260896737999144
0,0.6775625567280912
0,0.13432830249951044
0,0.5250734659101542
1,0.7633796440834755
1,0.5318712793093927
1,0.4354787421784718
0,0.6035409943892314
1,0.6198350639422304
0,0.6747524276395699
0,0.5300936922570054
1,0.6451120999936004
1,0.42773686538262795
0,0.5740309188564877
0,0.5193014745862139
0,0.6485157872550256
1,0.43084728066424416
0,0.17970217745678596
1,0.5843256326787251
1,0.678682434332562
0,0.29106371090619637
1,0.7764299931519665
0,0.4666118973374483
0,0.32930255805529096
0,0.6642515775580621
1,0.6117227541685842
0,0.5578727889171647
0,0.2078919301288632
0,0.47055701994885446
1,0.3807434270750904
1,0.4954539947030409
0,0.7574367135272285
1,0.7112478499058389
0,0.5444762154616082
1,0.671805338109851
0,0.2153413107958621
0,0.2389112460309959
1,0.7599128820701471
0,0.3400105888072068
0,0.4672152843505143
1,0.3993429733904017
1,0.691048258105057
0,0.23343357464041178
0,0.6431057659759885
0,0.4121098953850939
1,0.41628551958245175
1,0.7036115988636366
0,0.655943979226205
1,0.784962603003124
0,0.5565563849251405
1,0.5275113551938341
0,0.6495961697116022
0,0.6334591549004903
0,0.5062355451846452
0,0.26443216086503424
0,0.14993303598924201
0,0.3589155672363412
1,0.6841664486489427
1,0.6530502222246664
0,0.3624223957712578
1,0.5604350085637271
1,0.60171753663712
1,0.3421016205862766
1,0.5812296049317376
1,0.6075631795367153
0,0.5188013410894889
0,0.46487117430629754
0,0.6203221179799294
1,0.6584437798280504
0,0.24874930175509066
1,0.6197267718023256
0,0.4596792601260369
0,0.3241743592574365
0,0.5085361206730573
0,0.44882282664193784
1,0.4680837492750218
1,0.42381608351458117
1,0.563950031699755
1,0.5957309193260634
1,0.3933691483827508
1,0.8844871496996225
1,0.6434470248577117
1,0.2581332907763224
1,0.3412080391464507
0,0.6568583068327717
1,0.4939152743970474
1,0.6352052903283996
0,0.516357479960021
1,0.33171522823757704
1,0.4405030383476391
0,0.5318627421311092
0,0.30624110848361735
0,0.3511981707108898
1,0.8059843539852339
0,0.24725750221212944
1,0.7967126484714064
0,0.31106437481995836
0,0.3190534940171994
0,0.5039551386774885
0,0.4348761169853225
1,0.5887722325181391
1,0.7089995226173154
0,0.2168119746705889
1,0.631382062889011
1,0.6635138310913176
0,0.4345340498387462
1,0.49250752622927263
0,0.33871212756773056
1,0.7540109251867579
0,0.4866484026165084
0,0.6242513104169133
0,0.4100694609048206
0,0.355209284391762
1,0.48131332747707317
0,0.35783893982276554
0,0.6291129633805683
0,0.6009900337716932
0,0.6691694952869318
0,0.5051558436345072
0,0.6820523861350267
0,0.26223823535160945
1,0.7408640936646754
1,0.3563110973060471
1,0.4561010742705739
1,0.6507624953214279
0,0.521216245558093
1,0.8781135098403394
1,0.7141444481545873
1,0.5731752618844045
0,0.47742510816380856
1,0.806862657578505
1,0.523261133607881
0,0.15791598891046174
1,0.6051063074152456
0,0.3386274281416064
0,0.29907151505364565
1,0.29019360031963254
0,0.5692770541419393
1,0.7012975085125513
0,0.3066144585568932
1,0.5552103915159923
1,0.5649110538997404
0,0.47236863902075105
0,0.6256764179136781
1,0.35105079969338476
0,0.7465098287681219
0,0.2853783226397282
1,0.2700251806179468
0,0.369753505286336
1,0.4889594061052709
1,0.49408120578311937
1,0.5299285883102561
0,0.5600488544406186
0,0.5951905516210779
0,0.4079223354468454
1,0.6558012591287129
0,0.3740247579635511
1,0.4594913140377302
0,0.24588031153433984
1,0.6678018540224968
0,0.4331797593621623
0,0.3710497565811056
1,0.6219322981661859
0,0.24788438068342272
0,0.5293488754226371
1,0.6089617334691106
0,0.2767276978544302
0,0.31947732649152816
0,0.6894912241663533
0,0.32259355842121984
0,0.3378251516788272
1,0.4360835206049531
0,0.46753655340753036
0,0.3223236013672909
0,0.26172046606837773
0,0.3254127503896833
0,0.5790452400835766
1,0.7386790303520435
0,0.29914533476902816
0,0.282406404632049
0,0.22143677964594236
1,0.7897807370604254
0,0.39533114491318716
0,0.13598774103119812
0,0.42814524566655165
0,0.5697037439761763
1,0.622420351492266
0,0.5137507102835779
0,0.19969186838557104
0,0.36069721723060155
1,0.2570404205925238
1,0.7874621157253828
0,0.24232976896972655
1,0.28841440971762
1,0.6732642818548468
1,0.6402723012209924
0,0.60904618624869
0,0.40407792226978195
0,0.2666688281047125
0,0.3293771070883757
1,0.8704688139188337
1,0.649099671713494
1,0.5409609529610093
0,0.517962019524664
0,0.27415666573224134
0,0.35771249828924084
1,0.5755662249862769
0,0.20558764034746488
1,0.3896703145836612
0,0.2970192869944627
1,0.2873051362172034
0,0.2983945738659798
1,0.39939031098062755
0,0.2414103184668049
1,0.4402322765391321
0,0.3481889068776889
1,0.3517591924562219
1,0.8466186473113395
0,0.3536423668403179
1,0.4369454172939284
0,0.6530427491769071
1,0.5180909295078403
1,0.4160401198709539
1,0.7141100979770113
0,0.3885114008224604
1,0.26573486390615214
1,0.5486189428723176
0,0.5281334526742048
1,0.798104254053624
1,0.6663646372757063
1,0.425823209521697
0,0.5560133983653405
1,0.6665014717093782
0,0.5157754796226585
1,0.36470465304556765
0,0.35177670765792424
0,0.7921661160238984
0,0.339865173536352
0,0.44161991096469
1,0.708972044126857
0,0.3636372888565412
0,0.6888286367008546
0,0.23462880216206836
0,0.29792016405563265
0,0.4532421121193678
0,0.5990887860340469
0,0.43684223155040525
1,0.6021752924101423
1,0.43631588821393547
1,0.5157826468925614
0,0.5394614031490386
1,0.5465171274985452
1,0.4569956729072994
0,0.4284383539437108
0,0.43522071457884276
0,0.14403561138864146
1,0.6741439431381764
1,0.5917838178650896
0,0.6349685181539022
1,0.5675592664660234
0,0.5312821356326078
1,0.6041974380017338
0,0.756392932720651
1,0.35120280904157514
1,0.7539203819288686
1,0.8309083198201529
0,0.3371196868600238
1,0.6121845640458792
0,0.21834750614608225
1,0.3616615384143882
1,0.5630832815877665
0,0.412791316542198
0,0.35287029558777033
0,0.3869646750496711
1,0.483916256857245
1,0.5460852391367521
1,0.5857422660522031
1,0.707270139048881
0,0.30447367652194224
0,0.440868180961774
0,0.49934694271908187
0,0.7289396872251606
1,0.3087792657433772
0,0.5689414332495789
0,0.47154573976733605
0,0.7575167493861602
0,0.5516248100701757
1,0.6573391839446528
0,0.3794631172796682
1,0.5097182957080044
0,0.5525275076793947
1,0.22162153674643995
0,0.37818891946557526
0,0.6071556736986549
1,0.5832427400915943
1,0.5830896247798147
1,0.26222153209988297
0,0.2637868416650675
0,0.3107028562973913
1,0.6337615409154861
0,0.6451039431894358
1,0.8313668040194129
1,0.7601831101580944
0,0.4450614174834572
0,0.65032895375052
1,0.45187721412943965
1,0.5960318065242478
0,0.5238382119850898
1,0.3714510406059429
0,0.18338819009796448
0,0.6929778437368018
1,0.5420050673206359
0,0.7064166649761303
0,0.6688368383269441
0,0.5291722644657205
0,0.6529236446601974
0,0.7172067304952753
1,0.546871719260775
0,0.3944503707162471
1,0.5931119352501941
1,0.43994336707756887
0,0.30308482467654685
0,0.5483390596408395
1,0.7855446119008442
1,0.2683933304691232
1,0.3860439500976057
1,0.6378471912975556
1,0.6847930354330746
1,0.6923205377741108
0,0.15221913950239233
1,0.18865327455643535
0,0.4581525786055533
0,0.36666811342287847
0,0.5056444698060444
1,0.7206616479298337
0,0.34862971999337533
0,0.4976438134674817
1,0.5559134151411838
1,0.4530498001671794
0,0.26531432041970376
0,0.6988379981048274
0,0.2642578793640514
0,0.4183488456021171
0,0.5614850469615215
0,0.7272976146732513
0,0.2544906525585453
0,0.30708429939543314
0,0.6033378347329529
1,0.8377377240523756
0,0.3185776233361058
0,0.5848895123662914
1,0.4185292923770899
0,0.4090050428871488
0,0.6184015091577796
1,0.30263332138792487
1,0.7723076698697984
0,0.5337337300352274
1,0.4704290554355791
1,0.5433167227994701
0,0.40457160717845736
0,0.5533387566591897
0,0.6928782636592433
1,0.5590334787399532
0,0.44547603364341243
1,0.2865018081102789
1,0.4925847599856736
0,0.6974750284177065
1,0.22590249335482862
0,0.3352436879564849
1,0.5551334254733763
1,0.3411805842233238
0,0.4249036148510915
1,0.34602170610851557
1,0.6892367362150984
1,0.8140742013930281
0,0.3568409821983156
1,0.6091100006825944
1,0.5359558580197586
0,0.20972943761580645
0,0.866206287571003
0,0.364719807473209
1,0.4990023141131263
0,0.42164068482404765
0,0.6402258404746224
0,0.6187941777193026
0,0.6046802036242015
1,0.6690130981095085
1,0.708329456270349
0,0.21510874766219878
0,0.6202064724644913
0,0.25701373585103354
1,0.5785550578834454
0,0.29670192004049933
0,0.24118802792841879
1,0.7124705127445939
0,0.7266396758185985
1,0.5533329014989782
0,0.3731036176992205
1,0.3967312631621002
1,0.6815354221580443
0,0.37931049121753674
0,0.6692499016191332
1,0.5335593976005882
0,0.26623569518031714
0,0.42988071532623967
0,0.2594253866167502
1,0.3977458259272896
1,0.6658274940403804
1,0.7834980421982778
0,0.4992824239982882
0,0.2761647958139486
1,0.4620405899196255
1,0.5508692568700297
0,0.25470394673471686
1,0.3625626291583601
0,0.4609189186533561
1,0.47593552646620374
1,0.6160745854283951
0,0.5452535595006711
0,0.4193323862800126
1,0.41269779745692947
1,0.6950897497647347
1,0.6018056835018999
0,0.6737461580453067
0,0.34172420347374116
0,0.5788504323489916
0,0.6913266902700865
0,0.3583632956370119
0,0.39047346878963096
0,0.3568708189822127
1,0.5515455676390769
1,0.842133266344341
1,0.4879709814995381
0,0.38366802776687975
1,0.5794534127115359
1,0.6561748497021528
0,0.5187089609405929
1,0.3931487610946674
1,0.6331633182125381
1,0.3904159183245877
0,0.40603426007541815
0,0.6319025068824435
1,0.4873730631668865
0,0.2840723529702177
1,0.6561221548929687
0,0.52785795576288
1,0.37276715982495523
1,0.5368075002075593
1,0.33083882477835325
0,0.23362215414180162
0,0.23275785018605727
1,0.6299567309619702
0,0.3167129515993696
0,0.43788435401202075
1,0.40820197498900457
1,0.5929684551536337
0,0.5784869072160284
1,0.6687531577092876
1,0.7152462577394871
1,0.8513333409024174
0,0.4248625132791466
1,0.6234653237351436
0,0.20086489167587937
1,0.8100323887781116
0,0.22428951361816013
1,0.36093880973388737
0,0.27703864775793174
0,0.371141200973476
1,0.4030284494552447
1,0.8130582343940286
1,0.5129958570261568
1,0.6707516462069849
0,0.3767796776587455
1,0.47043088679275347
1,0.46619675171147956
1,0.8100260035697159
1,0.7312525866350095
1,0.2874062241321149
1,0.49691354580500413
0,0.5088135281355168
0,0.36263570448606197
0,0.24445074622166843
0,0.3028023229970692
0,0.5400304202433145
0,0.48454608943725497
1,0.3481708862402997
1,0.40294054367538606
0,0.6879771080107712
1,0.2156040150132618
1,0.6226223847009051
1,0.6966513724202574
0,0.40247243441962294
0,0.3330734471300005
0,0.3237361516937868
1,0.6119883740074734
0,0.20257632835902756
0,0.37010196526497985
1,0.20817851559287012
1,0.6329381928864646
1,0.601769352654721
1,0.7031013550851509
0,0.5100069358142237
1,0.4095274391460439
1,0.8385993148636932
0,0.4582803043463949
1,0.6961967104659104
0,0.6013667761541343
1,0.4471070713715308
0,0.3657187654304389
0,0.5952774599620102
0,0.18505790543097272
1,0.8405229815229214
1,0.5445856431962184
1,0.5831697947627275
0,0.33158271981038406
0,0.3847817513707149
0,0.6515706669165393
0,0.6001991729776034
0,0.3988942079508607
0,0.19026095714123628
0,0.5044271735551175
1,0.3564445195258566
1,0.35609364902875784
0,0.3358591593861673
1,0.4054164975413557
0,0.7395104720193968
1,0.15008713137030275
1,0.2306800482849857
0,0.4003375557976658
0,0.2955351630741846
1,0.5525564693427302
1,0.33262800706350026
1,0.734060708200611
1,0.5100997016706567
0,0.4879503545802149
0,0.2602191123650486
1,0.36440029469192353
1,0.23592193863441832
1,0.42996157222849296
0,0.6549310938885025
1,0.6774262666967762
0,0.7371380451700041
0,0.4835938589471478
1,0.5902831714650993
0,0.5774617871979119
0,0.46583030612352155
0,0.7115277446736591
0,0.7888649054020279
1,0.21933797633352653
1,0.3703302679800732
0,0.6637915172861913
0,0.6202318148902761
1,0.8028897332064514
1,0.7162443658369789
0,0.4248868630087071
1,0.7483759792410453
1,0.5962756066378138
0,0.5767000662629891
0,0.5697515588440193
1,0.7340601872652629
0,0.5312491114253425
1,0.2883089587281536
1,0.6754304633955811
1,0.7784790747133946
1,0.1558680453870956
0,0.35840699043174545
0,0.46692819976050703
0,0.48422910385513074
0,0.29027016386123233
0,0.5215243153846075
1,0.6866581766133636
0,0.4419562767444313
0,0.6794356955409487
1,0.44876341172711987
0,0.3179020285409585
1,0.8505533670026821
0,0.23809892660814214
0,0.5777833188993742
1,0.35195892869173484
0,0.7577696628006272
0,0.4294338509776922
1,0.7716009983872889
1,0.713102594354766
0,0.5753388131622089
0,0.8592204835669045
1,0.3670006728337101
1,0.7286932836060459
0,0.3032908845056993
0,0.2496549511728387
0,0.7359626095725517
0,0.4114626972958114
1,0.7664194194486001
0,0.5671122180390553
0,0.42761024151949406
1,0.542256700794359
0,0.2573498301427161
0,0.20738108851206125
1,0.4817624202001869
0,0.7793497099121021
0,0.6221119582107714
0,0.7326483796892179
0,0.37631673877683325
1,0.6801180735798443
1,0.6028072228151776
0,0.798643330623645
0,0.4198446111068853
1,0.3811638433880074
0,0.5363087995924519
0,0.48822683327296607
1,0.5094289673598406
1,0.6048009356417572
0,0.18997566586872902
0,0.3474274380019948
0,0.33142192767970985
0,0.24978179664991904
0,0.4356058207976313
1,0.7136256338070595
1,0.5699830991005368
1,0.21943599372790773
1,0.685787226166778
0,0.19863243439420872
0,0.4854938161290637
1,0.42626705406746807
1,0.6255161401596248
0,0.3946103340709843
1,0.3197298783139965
0,0.1844663048338354
0,0.350953061230904
1,0.7485707901890835
0,0.491739500881607
0,0.2955106170072141
0,0.5654471214337373
0,0.5166768577125389
0,0.2856752913929898
1,0.6766296955677409
0,0.5090599880789229
1,0.25762499548964246
0,0.5216307566642427
0,0.3682684310779058
1,0.8081938946379444
0,0.2599632614285455
1,0.634220588626126
0,0.2121553487540406
1,0.7302863164684098
0,0.5571491623114013
1,0.4113644591397336
1,0.2187422078008177
1,0.30635557697143734
1,0.6233788760829275
0,0.19466291320035936
0,0.7081031246526411
0,0.39015330625135736
1,0.726424823423003
1,0.8548667145946394
1,0.38394675788742116
0,0.28105652507120865
1,0.7840364082856555
0,0.44291879234990633
1,0.5683119494349701
0,0.3701104254460976
1,0.6228450173978856
0,0.49223295582723164
1,0.4895034549029682
1,0.39471077840957763
1,0.5991402210141172
1,0.6534689976431713
0,0.36478071607639867
1,0.6082785790485383
1,0.6766890840527797
0,0.378110110798871
0,0.2372180431309736
1,0.3833493755118902
1,0.4400216202917357
0,0.6339503918087065
1,0.2296168094523993
1,0.427428025429203
0,0.49304110306660126
0,0.3492005408459769
0,0.5516892805598772
0,0.30468448844030893
0,0.26687405747803733
1,0.5355735033582596
0,0.37271844367504725
0,0.48494698777886425
0,0.2607636258569008
1,0.2545778230327383
0,0.4717625763375485
0,0.4293811651487523
0,0.5221224729480963
0,0.3280275102687695
1,0.6882557901135193
1,0.3625663022067455
0,0.4213766192596296
1,0.44069526774687917
0,0.4449184252276529
0,0.25548222020418954
0,0.30131836269655443
0,0.3969586095275812
1,0.516497728712765
0,0.575277951641519
1,0.31281631958209793
0,0.3527697446049207
0,0.5390400031921997
0,0.4068304459178553
1,0.6431378142418649
1,0.5043283457422669
1,0.6025493376729877
1,0.7899250201863641
0,0.6468266657131385
1,0.784683974425426
1,0.5423730374777647
1,0.5252883220707758
0,0.3334281913245965
0,0.5561882815417917
0,0.568972233793128
1,0.7176770527898356
0,0.5257240190239476
0,0.17079437918410142
0,0.7973816349464222
0,0.3619615519487688
1,0.4199292427105442
1,0.766655792893766
1,0.468159776636005
1,0.6790365750998653
0,0.23293144197917082
1,0.7781211255516902
1,0.41465345039336404
0,0.29174185064128616
0,0.48451931039722984
0,0.3695610672558775
0,0.5671371671287107
0,0.305324491075481
1,0.6487572858378295
1,0.7381637369251974
1,0.6701887987707371
0,0.5251081699667011
1,0.597078141506462
1,0.38930619239767944
1,0.621601993325409
0,0.6058197100170414
0,0.2777393785205877
0,0.637889796726609
1,0.6566637594143613
1,0.7838484479149209
1,0.762382812130876
0,0.5176404941018699
0,0.3268988179660003
1,0.5105388596542637
1,0.5689113263202052
1,0.7090603663919283
0,0.30604744749504176
0,0.2707279449676545
0,0.5482734272346852
0,0.21629051283183756
0,0.7489730044596989
1,0.8830839287319654
0,0.5643012044963787
1,0.6685585914170165
1,0.40597549359087803
0,0.3098704427109947
0,0.3899253076188078
1,0.3834760005877795
1,0.6140083449509454
1,0.8634061505301254
1,0.19693040496040853
1,0.7472076852200374
0,0.5158279655753715
1,0.545074712068098
0,0.4359577879458757
0,0.5570335783709957
1,0.6437662747888614
1,0.36734340784752345
1,0.7024704068260359
1,0.6101495961212383
1,0.6735016781038408
1,0.6716068709771627
1,0.5568146162583555
1,0.5458624343860717
1,0.877005288995893
0,0.7159606952622565
0,0.5212058288574914
1,0.6573187878722685
1,0.7999148121246132
0,0.2123901262150991
1,0.3945498279466773
1,0.5674341115221191
1,0.5543863303309605
1,0.4332526655977403
1,0.7017393783544627
0,0.16922243283931
0,0.61453254340351
1,0.47562272970484
1,0.3199272949894236
1,0.7186604890879272
1,0.26322863056872575
0,0.2331780886633711
0,0.42437911269600176
1,0.6751405505121642
0,0.2282751652030052
1,0.5199779072441024
0,0.33369751505763423
0,0.6824039532798064
0,0.24919101384897588
1,0.1519168703559196
0,0.6045542686555642
0,0.6587778830279679
1,0.8457176342491698
1,0.4735100367629771
0,0.15921290491097317
0,0.40072436131040645
1,0.6251918566271559
1,0.40620282349274256
0,0.35751111872777297
0,0.35574484992928923
1,0.5252256144959513
1,0.3731558078788634
0,0.2735343234634797
0,0.38532620464780976
1,0.5754994688078876
0,0.515428323310442
0,0.3920069753883485
1,0.851431818580215
1,0.5903484017026489
0,0.5532539139534157
0,0.5393217381512814
0,0.36488871305878834
0,0.4776748102997995
1,0.471739972159212
0,0.2913376912696801
0,0.2896255076639578
1,0.6150116372092052
1,0.5648875863634665
0,0.35750198468688155
1,0.43454612515127394
0,0.3919972245664442
1,0.7307629143848638
1,0.5167979260048767
0,0.7815318048709461
0,0.29912832090607056
0,0.19592210699214904
1,0.44278729728487726
0,0.3965112616130035
0,0.43979834724026706
1,0.6358928336202081
0,0.13849831788122868
1,0.6825144480263032
0,0.4700357034057117
1,0.4641931163483054
0,0.3331480459929299
1,0.6977967482091666
1,0.5107140953087383
0,0.6059426013353465
1,0.6197856546360944
0,0.337903584223721
1,0.48933904841287124
1,0.5859425920864558
0,0.5761204863874593
1,0.7293662812566172
1,0.6064621116908799
0,0.38538791866303335
0,0.7457299278510556
1,0.5443038827106897
1,0.6378629150374348
0,0.5628866285156456
1,0.45240302093120716
0,0.3568399303467009
0,0.6806243705128414
0,0.363805083433727
0,0.47674334346164626
1,0.6204125734598205
1,0.3716058896404057
1,0.7270877206612486
0,0.6511882876324556
0,0.4756177347294208
0,0.22946701268202713
1,0.3232244639749596
0,0.5485867836909004
1,0.28826592431184855
0,0.40687074133815254
0,0.39283806011468103
0,0.6713651617149881
0,0.5581378050375573
0,0.42738432607465304
0,0.5927596487904756
0,0.20247359073266605
0,0.4147865935518859
0,0.32060096948750344
0,0.39629313154411655
0,0.6109577048813405
0,0.5567197443726681
0,0.3658189982774506
0,0.6842282015266258
0,0.6317881364797086
0,0.5378030520947086
0,0.44176365179680277
1,0.5974903246618665
1,0.3448416184637715
1,0.6708917071805951
1,0.6014030825937365
0,0.5657762836470821
1,0.5048293113736888
0,0.21785705462107527
1,0.40016284586810247
0,0.1998009636411764
0,0.531167372213423
1,0.3187064309253004
0,0.4833536228550632
0,0.352241292375683
0,0.4685633010114713
1,0.6337625851925921
0,0.2931247768869017
0,0.7414256098540404
0,0.5037960616707302
0,0.5990965479336665
0,0.4319355888921673
0,0.7932652109697993
0,0.23906846021718575
1,0.47827161208319263
0,0.5062884413228708
1,0.6212156786613815
1,0.6823332120278062
1,0.6937821222220738
1,0.611931753326706
0,0.7740219577900058
1,0.6090895654357555
1,0.7508999484718365
1,0.6926005575518059
1,0.561453547306901
0,0.6643719131730041
0,0.518862663776653
1,0.30899245351903465
0,0.48714507384764183
0,0.6621455858118711
1,0.6537844757359816
0,0.4149195592680835
0,0.2562928041624873
0,0.6937820699746344
1,0.6410889922468779
1,0.35267105465682835
0,0.6155266650783937
0,0.6398117952071017
1,0.28908356161570015
1,0.6395994421843264
1,0.7541386002884856
0,0.22821246903487713
1,0.8159706807054532
1,0.5347076358994438
0,0.2700561600715615
0,0.4921722962423876
1,0.46905335518040214
1,0.23652155861673602
1,0.7036284286704366
0,0.7189608661436906
0,0.2867062288817298
0,0.4312374566999827
0,0.39181819107416266
0,0.7036455655336302
1,0.34969340255747194
1,0.6949200096269901
0,0.22757033534372037
0,0.5416003052147272
0,0.45275815012127946
0,0.7122044432343859
0,0.4837446331103348
1,0.33287672605926644
0,0.3192360985510569
1,0.6633630350399689
0,0.26139541328452104
1,0.4543705398687305
0,0.32753575158357096
1,0.5851901152282464
0,0.3798943386730333
1,0.7255060925586017
0,0.4984385731560518
1,0.6522196513235324
1,0.6182068149116569
1,0.40934047013563774
1,0.49303579503342465
0,0.39946895727217036
0,0.5593434716969267
0,0.4610583823537198
0,0.41248450223428934
0,0.3114763084830197
0,0.2606001852571438
0,0.4340222166137353
0,0.5537313751648133
0,0.24853733306757406
1,0.2867352791476082
1,0.5279132966804347
0,0.6135044262756456
1,0.2760681691110709
0,0.47215631303803546
1,0.5297085957580341
1,0.2400112911406171
0,0.6013248442795807
0,0.3631237525157738
0,0.24841561353359645
0,0.42400014440383427
0,0.28046923270753277
1,0.7278732102243648
1,0.6292402048627721
0,0.3799042333004104
1,0.5337322122092626
0,0.5510402527740824
0,0.5245475739602043
0,0.6053860361707514
1,0.47266356707555734
0,0.7014274478890572
0,0.28389537108125584
1,0.6985263687645258
0,0.1867989932989838
1,0.49778067988634556
0,0.6027404436888343
1,0.5731534422744571
0,0.4834364728617349
0,0.5426736757867453
0,0.8122720886992418
1,0.7789405226154444
1,0.285629978692318
1,0.801651308106464
1,0.2769823265094069
0,0.5803978674425029
1,0.5335221193210002
1,0.4304143103913629
0,0.7727349317245262
1,0.5354750722401611
0,0.2362365249935233
0,0.29978149701495715
1,0.18983113225979587
0,0.22161040220681297
0,0.5995612634782755
1,0.7641660037180804
0,0.2117411773002331
0,0.48909323734060434
0,0.3168267358705103
0,0.5239919773483146
1,0.6163911633475742
1,0.4912755355047755
1,0.770341368700669
1,0.6840642465624128
1,0.45550151928526933
0,0.548459278871753
0,0.4316678090371523
0,0.397007711051961
0,0.3274347067750658
0,0.32647433730589887
0,0.415555211630355
0,0.4103788239147362
0,0.5817823062472294
0,0.4146244720182201
1,0.6813050656589421
1,0.6757089305741885
0,0.29121037894042345
1,0.6036841049594741
1,0.608329755172402
1,0.5807064277098268
1,0.4724626754289334
1,0.473391405015621
0,0.669581502980927
1,0.4779011269601275
1,0.4924478837820488
1,0.3166844936323432
1,0.6723001720588203
1,0.46548964616437527
0,0.31064421337218184
1,0.43035468390365245
1,0.6276436783690438
1,0.6108259374993662
1,0.5533974517037041
0,0.24966617496485966
0,0.6873575642051342
0,0.31617353970385936
0,0.4774608640052393
1,0.6708916218786507
1,0.7833082174745036
0,0.5677443949274111
1,0.5585933873448227
1,0.38973586976382935
0,0.2282315507201513
0,0.2686345628946459
0,0.4803275513758011
1,0.6979378216996378
0,0.4437940038344715
0,0.611912868564572
1,0.7884481663313969
1,0.4755880821026499
0,0.3921282631005134
1,0.6279731608877704
1,0.6856982989782612
0,0.22949890728119937
1,0.5498632383892196
0,0.2741264782314698
1,0.42822983901087736
1,0.6579314949753766
1,0.5297266212218367
1,0.6940142187850334
0,0.5780393135209602
0,0.5794110027845153
0,0.6572417171016699
0,0.4710516554402534
1,0.3531414658812784
1,0.3732184907841341
0,0.2830832831575972
1,0.5013731213252545
0,0.24735563471506739
0,0.4041415208594952
0,0.5182196303711009
0,0.28849698972077586
0,0.5869132267498713
1,0.7196790294391303
1,0.25854711705758404
1,0.599046669431859
0,0.6500005939779022
1,0.6294537380603297
1,0.5614497211196677
1,0.5051137871411001
0,0.35802752433376533
1,0.5018236919875205
1,0.4971192316758628
1,0.4086280045117936
0,0.29431517771984084
1,0.3385749317594578
1,0.37946395380689785
1,0.5721104743178993
0,0.7073001477096315
0,0.32755908398854683
1,0.6160814273829257
1,0.25547331137896423
1,0.6812426585274337
1,0.7008262653665259
0,0.3166984658760522
0,0.5783256406897913
0,0.4968925012123502
0,0.3113869392155865
1,0.6326175037555343
0,0.5297170929347245
1,0.36269552917673054
1,0.7066318269724124
0,0.38467404968856656
1,0.6123062010831412
1,0.592400667883096
1,0.4183554965804036
1,0.551014861263316
1,0.37505045124865793
0,0.511744900904754
1,0.4989142454710889
1,0.39492202253991804
0,0.6358091505234521
1,0.6489880463781896
0,0.31818376633513346
0,0.4288674010610777
0,0.3579393162029389
1,0.6534727602118559
1,0.33999636856953735
1,0.6481457561597811
1,0.564940314037394
0,0.3109409919893469
1,0.583202146335466
1,0.6319608571743701
0,0.33351060885717343
0,0.5355404059301593
1,0.4948373871723969
1,0.357095703500537
0,0.4178285429015856
1,0.602963944052389
0,0.25841823425307403
0,0.23269273712994176
0,0.5856592479200415
1,0.5288236149857511
0,0.19867557180797604
1,0.33795209471061827
1,0.479213581725954
1,0.6426151371870503
0,0.4025986476131344
1,0.44754431905735154
0,0.18450213962460185
0,0.29891710092183954
1,0.48728137885368844
0,0.3361191636393282
0,0.6270856706573328
0,0.34364345757337555
0,0.2892042976082114
0,0.6303153101581428
1,0.6519465138264936
1,0.6627859930770392
1,0.6643894058428452
1,0.48293189112555507
0,0.5351848813723663
0,0.19663154419375134
1,0.5976389745210583
1,0.7345400177723362
1,0.6491916908852295
1,0.5950738259812594
1,0.5011294175929003
0,0.355844129799754
0,0.3693859305744807
1,0.3230761259029574
1,0.676750263389759
1,0.4783497109617759
1,0.42120972317460853
0,0.3777825639933365
0,0.3696365953317432
0,0.4677986830355401
0,0.5151584533511894
1,0.6153305674161591
1,0.32773445121794065
0,0.5479138824228063
1,0.6359371165895443
1,0.20377848173604984
0,0.604448904170373
1,0.5487038400773144
1,0.7484229508875315
0,0.22367987777833814
1,0.4096438379082307
0,0.7174222716215546
0,0.7672679321259583
0,0.2897109140713032
0,0.43134622149241375
1,0.62661575265095
1,0.476104152272847
0,0.2930898848190367
1,0.2216703848555746
1,0.4128928156767228
1,0.5884518502003486
1,0.48669043781708626
0,0.5178617490798533
0,0.4409213327797161
0,0.3765993144369688
1,0.6216868765621419
0,0.1971171230084441
1,0.3920915141252244
1,0.6729647992942458
0,0.34308631376566223
1,0.6812736144317489
1,0.7692847859052774
1,0.3944814542613815
1,0.492589574376721
0,0.3024739266581173
1,0.5169223385926992
1,0.7750403991426401
1,0.5706017455113369
0,0.6444987762904264
1,0.7248420974544427
1,0.44528219545938347
1,0.4203712356623891
0,0.5286463782011847
1,0.33904172340165944
0,0.2455288940678758
1,0.2593868889748006
0,0.1996381569552376
1,0.6956548449884213
1,0.7434746122206056
1,0.7177196621148697
1,0.7182084386699529
1,0.7111899991958196
0,0.36648891006017176
1,0.7028525645326907
0,0.26606877651468847
1,0.5825901304076199
0,0.5332360172843362
0,0.4922234793715869
0,0.4775971229752323
0,0.6977572963093357
1,0.6565566048089666
0,0.2712987844459402
0,0.3307847703052329
0,0.5693630997452123
0,0.5156574170007794
0,0.7380520956073602
1,0.26019577928790255
1,0.4468236028514581
1,0.36002727084537495
1,0.43609551095914484
0,0.5759652779755684
0,0.2963762340229256
0,0.47708746323905155
0,0.34901774235353766
1,0.3906247905106451
0,0.4870913229325237
1,0.7054823509753598
1,0.5767373031182896
0,0.423747990217013
0,0.5520879622415653
0,0.32607383839353976
1,0.5053486550662013
1,0.5805870765267321
1,0.42714445432955683
0,0.4399919142125563
0,0.5820504168927901
1,0.7106266557288143
0,0.4984036297621433
0,0.3053232733631334
0,0.5390058031325616
0,0.7147554921402328
0,0.45751193713072097
0,0.6246169823623401
1,0.6263521734225457
1,0.29881345968718465
1,0.5687223780888949
0,0.4325755107891615
0,0.5321226922480904
0,0.31032499836672106
1,0.7445131742911215
0,0.1921667518871812
1,0.7297412458282668
0,0.25789554460715325
1,0.452335641112178
1,0.38425860755223973
0,0.2011814016802463
1,0.6415462199681828
0,0.7130801075970107
0,0.6176984351276356
0,0.5074384062800905
0,0.5589865248326531
0,0.5686397564822916
0,0.48302966055492297
0,0.22249849456008755
0,0.5474675487743327
1,0.7256774090991822
0,0.4721167395435695
0,0.23138060010560452
1,0.5941281284252666
0,0.30996526680348085
0,0.6225951409154508
0,0.5491511449971348
1,0.2090706281966312
1,0.37005566143400315
0,0.20259745996881529
0,0.43179758095457677
0,0.41435732413912046
1,0.5094196285286483
1,0.6221656176572953
0,0.7428506552772535
0,0.3054330566620833
0,0.7926527455140118
1,0.4769909952410841
1,0.6730840348261384
1,0.75016011026869
0,0.3170082207325981
0,0.7004402826329632
0,0.4578236425547496
0,0.31665336484035594
1,0.7032424789193742
1,0.5653238609957583
1,0.5121115401123584
0,0.3148366247943208
1,0.42216391845960693
1,0.3524373976775683
1,0.34744201244707656
0,0.34783103677538296
0,0.45580608431783215
1,0.387146249396286
0,0.28709057410441186
1,0.32947953799237706
0,0.4171148693951017
1,0.6001833393056675
1,0.7592013010201373
1,0.742903908065367
0,0.5672079354801145
0,0.4166953764892898
1,0.842924079840843
0,0.313126427207697
1,0.5380551106397766
0,0.3388005695063675
1,0.3697016093347535
1,0.2240648875338362
1,0.31555423221898143
0,0.15952005852252826
0,0.6043942718799815
0,0.4582180876329183
1,0.29342494420905896
1,0.6559259680307106
0,0.2636783737374244
0,0.346072265760087
1,0.513549130341208
1,0.7165593297603091
1,0.7711663680836471
0,0.5477439556929727
0,0.43123448219376787
0,0.5855266589282131
1,0.6080992169957811
1,0.6274624671589072
0,0.6557868001488569
0,0.4703407146397058
1,0.6378914293412902
1,0.568506946568977
1,0.7459414554853815
0,0.3755234274344122
0,0.6173431852907841
1,0.592767032729636
0,0.4596362420419507
1,0.7605829458914433
0,0.3456605612950201
0,0.2800292066052933
1,0.4328166828579485
0,0.4378063014096623
0,0.4018274639454273
0,0.5517699822650782
0,0.48086847493390117
1,0.4793863320120312
1,0.5030060523677258
0,0.48543174504789366
1,0.5894721809629888
1,0.6847211124353028
1,0.640447868015628
0,0.4094683633061487
1,0.6417099337285445
1,0.5321630588464318
0,0.4659340278146599
0,0.4559255541464787
1,0.6756498376989257
0,0.5696382752012987
0,0.6309701962402767
1,0.8163457778997844
0,0.6817569575518081
1,0.7835101327024103
1,0.5225274612277959
0,0.5890246103137659
0,0.40593882421742045
1,0.8055816795718049
0,0.2850209359300036
0,0.45901376909405717
1,0.3605302610786038
1,0.43159105267781883
0,0.3620413255469352
0,0.4748226927590839
1,0.5359761613719433
0,0.6904066821919124
1,0.7716828688800832
1,0.6524829368626613
1,0.44968368925438423
0,0.5356077205466659
1,0.5578248415786339
0,0.5146734563664489
1,0.7049507264516942
0,0.2581521689287646
0,0.1795735702554645
1,0.4102959911822616
1,0.5517214130993573
0,0.6989232804388471
0,0.6578500338419507
0,0.6220921100041561
0,0.49417177282044694
1,0.7477828465328246
1,0.3662507828889581
1,0.21956346255971057
1,0.5168607876621257
1,0.8304730879850001
0,0.24187711176627097
0,0.18483008293745834
0,0.44720179098216567
0,0.31999912652770024
0,0.3938959130607375
0,0.41826827093487323
1,0.4936927275197943
1,0.3710633733195392
1,0.4229778963646887
1,0.34743478884521983
1,0.35284286342398874
0,0.3192120088726936
0,0.21885640679394686
0,0.42540766172418043
1,0.5697411512507522
0,0.22749809324562031
1,0.7268546706291271
0,0.4054328116127111
0,0.7472183762733539
1,0.37691807735961
1,0.7422980517292144
0,0.4040166316283896
1,0.6384904510179183
1,0.5641402122924574
1,0.6816852519192929
0,0.48831380934468743
0,0.6175582738354424
0,0.512623025936009
0,0.5935385520265637
0,0.3109995702039783
1,0.467498048765605
1,0.7873886719352187
1,0.4782528353335817
0,0.5333918721093931
1,0.6214834768786772
0,0.44415379351871637
1,0.681690753639955
0,0.637299656458764
1,0.68204007366058
1,0.40260101877892196
0,0.46524383186506885
1,0.6099738102292536
0,0.7821229920627101
0,0.7922147238022347
1,0.3737794814749698
1,0.4863930850604034
0,0.22302323490438022
0,0.6364430051419276
0,0.339815424062721
0,0.3845089006205777
1,0.4793576710494063
0,0.5640538382594732
1,0.4500277171331854
0,0.6075226710741098
0,0.21315627292575168
1,0.4310346545932234
0,0.48001858840242523
0,0.16531383098461053
1,0.35657799502961746
0,0.40171099294268403
0,0.18742273083975963
0,0.37591362090274044
0,0.3643580817499012
1,0.7403524412432154
1,0.7409730827365915
1,0.7220849542535366
0,0.47967491901283743
1,0.4882480842876402
1,0.6831875715334564
1,0.6231206288994574
1,0.3531192263349858
0,0.6847345468880972
0,0.5493397694470538
0,0.4401953751836974
0,0.32831858682440923
0,0.2596730344388826
0,0.3474583343409749
1,0.5800735729759885
1,0.2537850105282173
1,0.6556717559118816
0,0.2846402078763558
1,0.6297595856588616
0,0.5335803521534769
1,0.680147532090421
0,0.5745831243327996
1,0.3843714776493971
0,0.3690831732557699
1,0.6228386961745341
1,0.5282827401061526
1,0.6219175191903533
1,0.36437868426194353
1,0.718433330660595
0,0.504089768321652
1,0.32364925639119263
0,0.7284623158215245
0,0.6796212316611343
1,0.3146069937976294
1,0.5104964265478971
1,0.7702735981982002
0,0.7695741286454761
0,0.419181381391938
1,0.6831751753045499
0,0.3188031814996567
1,0.8435093756814828
0,0.41656612169249246
1,0.5578767591527058
0,0.45592491833643667
1,0.6842757386294568
1,0.7969078794710208
1,0.6795727213045648
0,0.2599974908456618
0,0.4000317216653506
0,0.5990315743984539
0,0.38195338080601376
0,0.2759346101678569
1,0.6721026241148013
0,0.4603046684619614
1,0.5345002137860275
1,0.569416416128992
1,0.5163028338813885
1,0.4828175149016112
0,0.288178265092169
1,0.6683944785403423
1,0.8542083060121421
1,0.36701887591984494
0,0.5912369848190832
0,0.2984304140153709
0,0.6605967387227936
0,0.3987737762665464
0,0.43354770368086165
0,0.6135599494451903
1,0.557479077876176
1,0.4921954512210755
0,0.25232908914021035
0,0.2512128453720037
0,0.35153688079176454
1,0.35410849058500515
1,0.44390674574501066
0,0.26973484657754926
1,0.3948562461131155
0,0.8607964224605508
1,0.8868362924206412
0,0.694922898468422
1,0.5896371310257414
1,0.5629725139668056
0,0.45461564704418267
1,0.617774510245141
0,0.36151489506629153
0,0.599556475212944
0,0.3439169826317491
0,0.5368289356379445
0,0.380429839915866
1,0.3432672651122159
1,0.4782673987957259
0,0.5713885622626093
0,0.5843528035598579
0,0.30395262586441846
1,0.7284088848987098
1,0.4685193272432057
1,0.5153550385956814
0,0.6338404700717952
1,0.6312863956069251
0,0.4351441990013449
1,0.6571636893435815
1,0.7344436691503442
1,0.7539504655889437
1,0.5917771383111549
0,0.42286365345687804
1,0.5747720164884244
0,0.3097616555562902
1,0.5783389644784007
0,0.5856581801836496
1,0.7123702553019182
0,0.5575890099677693
0,0.2751327739263812
0,0.3605647966751304
1,0.48275915877006015
0,0.5674498943467521
0,0.33921262126766705
0,0.6885746634322388
0,0.2181533833732382
1,0.4237096128821326
0,0.6823915647465106
0,0.32308982322701807
0,0.42545238375396877
1,0.6872904912563715
0,0.5850865664776657
0,0.7144136655625167
0,0.1945720680685282
0,0.2799161543982935
1,0.5324138318648645
1,0.4838092019216378
1,0.7425779439681346
0,0.29361569205967725
1,0.8174749079667332
0,0.25042509941174096
0,0.4443953592666825
1,0.45118338996248125
0,0.28408150075284117
1,0.5244792460459654
1,0.31492356549077594
1,0.40102401795999126
1,0.506575883329822
0,0.5227188552806821
1,0.340155587167954
0,0.6941521300130805
0,0.7654756089464808
0,0.4462578985203536
1,0.6555147552174915
0,0.3827193922861915
1,0.5603157831720394
0,0.5061179785648743
1,0.7519971737520245
1,0.805957983441446
1,0.49714395893491253
1,0.5849534916070835
0,0.2829506616550621
1,0.6355313363683189
1,0.5026259454874512
1,0.7239236196611022
1,0.48997568230240635
0,0.311499061844103
0,0.5837202808411748
0,0.2178626908844586
1,0.7796617252290341
0,0.474714620600225
0,0.2568000121462413
0,0.23839189038485856
0,0.2834150227560153
1,0.7688884989406868
0,0.14222751500790062
0,0.2540211983847715
1,0.2765630468919092
1,0.7096848760966161
0,0.422081788564067
0,0.4263239914968764
1,0.321263437882084
1,0.5071947772399236
0,0.3905710382552672
0,0.7042390303019332
0,0.4850704718376723
1,0.6998416988864067
0,0.5067580774731183
1,0.36042228647210894
1,0.7821620230065607
0,0.7705444172448206
1,0.3756079273735734
1,0.7296215708613035
1,0.405171784756379
1,0.48595207083119407
0,0.8002353057232436
0,0.47622702596036937
1,0.7135089017840333
0,0.21987586213007593
0,0.5342186221145545
0,0.4376037685212711
0,0.35381567631247124
0,0.31618917778818295
1,0.5672713719312723
0,0.395140596477972
0,0.5127595780940604
1,0.5733227898013136
0,0.5859058464569923
1,0.8102247730909576
0,0.8494117672262579
0,0.3570412102756006
0,0.6812192687413314
0,0.699955442675398
1,0.5130375797910045
0,0.6459326058267485
0,0.47096929187845
0,0.759150533951817
0,0.6555293960297969
1,0.6408450704491137
0,0.6308105975851555
0,0.28457963260096114
0,0.43203969583843194
0,0.5856926583484747
0,0.39057573658486683
0,0.2104528784299171
1,0.6133270950816139
1,0.6402067657549052
0,0.3194674595592473
0,0.28123915017166673
0,0.7566254133884356
0,0.30407147565770803
0,0.6043911456252316
0,0.3083361372579607
0,0.3146807483240777
0,0.22719502246748158
1,0.6792425910647766
1,0.7227296149378449
0,0.44682069917909695
1,0.6478988479719971
0,0.3464578496837052
1,0.42542852361960687
1,0.8637532169434122
1,0.6343784733911236
1,0.5734319288737003
1,0.7258159720224141
1,0.652910727120872
1,0.5945389852613712
1,0.5832868318095729
0,0.33885539212720994
0,0.2894832786919622
1,0.5818238384566092
0,0.5270662247039799
0,0.6032580265463584
1,0.42056335525265476
1,0.3534926847584124
1,0.4251935199872259
1,0.7237300263189362
1,0.780958481152201
1,0.5135771821195151
1,0.6599921189374103
1,0.6617006855313484
1,0.48304963681241814
1,0.7568382752781595
1,0.5900305052673182
0,0.35400326911479146
1,0.4852441467297797
0,0.21753702872391859
0,0.3900236131258949
0,0.7680259097151534
0,0.23740159786552764
0,0.42383387531057887
1,0.5365719842420844
1,0.4485721824334983
0,0.3905142101548886
0,0.2163025086087095
1,0.5873823623194555
1,0.3682555922094486
0,0.3258739427133387
0,0.4133926039294505
1,0.7993185090436515
0,0.6841807707019959
0,0.33330120397208896
0,0.5134351800931122
0,0.41909550713524596
0,0.2791013106280373
0,0.5324521946338001
1,0.5444284986429111
1,0.6984019719186314
0,0.18540634912200224
1,0.6823847271076741
1,0.4365520752357781
0,0.34825069684806775
0,0.4697802197521984
1,0.7333655223773718
1,0.46571754858149106
1,0.5968776611059567
1,0.47734118404065506
1,0.3363737196866198
0,0.5029030811665811
0,0.4181050444034544
0,0.43825611948455034
0,0.5521750105827365
1,0.5710458788195507
1,0.5518199483059848
0,0.5009472047047305
1,0.8776241852549793
0,0.5523245926450748
0,0.3936727124313891
0,0.6353037042458755
1,0.503044791947157
0,0.26045019500944644
1,0.6099989661773718
1,0.6140229200517842
0,0.29629470829986515
1,0.7885606843433653
1,0.5790150741960178
0,0.6796185665538558
0,0.6912498838335577
0,0.5480531860503509
0,0.37085106887456615
0,0.569798331195708
1,0.674488735984542
1,0.6772920033034613
1,0.7924501093440501
0,0.6580855853655467
1,0.7362535271012052
0,0.3095255265294338
0,0.18906995808530688
0,0.4435172949293694
0,0.26393525860394623
0,0.4794007335484158
1,0.5904641318107258
0,0.5941066555251323
0,0.6038455585907458
1,0.7565440642775865
0,0.41997582013807666
1,0.7179613466719711
1,0.4104438033336636
0,0.49064172955262625
1,0.5426385679158132
1,0.6472811303965416
0,0.7190687835257338
0,0.4287523765106411
0,0.5580933172319785
0,0.5972810843369127
0,0.3081963018279234
1,0.7110325376271827
1,0.42783648732310237
1,0.31657237135947625
0,0.7922673972865966
0,0.6366859541333255
0,0.360221380393974
1,0.6398568003980637
1,0.5518085820556387
0,0.33545072706184403
1,0.3145952557613069
0,0.42186010599920437
1,0.5296831902763791
1,0.7312285992306305
0,0.39263804614300607
0,0.6113854125118774
0,0.2237713770411763
1,0.6806799070135364
1,0.6756910258222507
1,0.870649151264855
1,0.7073133930265194
1,0.7783565913292247
1,0.2793553018111335
1,0.5697623114156039
0,0.3185600285567586
0,0.30065860927705085
0,0.8041063031225486
1,0.5734798952801178
1,0.2742293432977627
1,0.48526963184815436
0,0.2383807303983236
0,0.3289606218983893
0,0.426442236754522
1,0.5384634235033261
0,0.2696473980696617
1,0.707272654566184
1,0.6465939787966675
0,0.46852584406446635
1,0.7613518461381494
1,0.8198384839682972
0,0.3793487255823154
1,0.2649586371518157
1,0.7599034866050495
1,0.7240218237748921
1,0.26620085081807615
0,0.5379139307586576
0,0.4919985308616251
0,0.6726580651495497
1,0.6571340680494163
0,0.3631996021097685
0,0.364706840890271
1,0.5158933939171353
1,0.7013600367077789
0,0.511092238378003
1,0.6235155803302553
0,0.5105489801738474
1,0.7265483155675961
1,0.43307396197082904
0,0.4780403859773247
1,0.863870268776312
1,0.7403219006795704
0,0.48762903075618896
1,0.5060912315393699
1,0.41729528829367574
1,0.5435749953280224
0,0.3265945300206908
0,0.31202996267024435
1,0.3233513558023468
1,0.2950494864892857
0,0.39081432981100195
0,0.5021704953556173
0,0.3918998696200271
1,0.6075424671775483
0,0.5429835011467777
1,0.5919445852090442
0,0.23183061707545657
1,0.5301042095866099
0,0.5167494112577674
0,0.4259729658985045
1,0.7400966282369075
1,0.44734356697188665
0,0.2499979244672368
0,0.6591285168434902
0,0.24016393974889513
1,0.41339538417118404
1,0.4820358627959934
1,0.4858610249118144
0,0.4343290211879435
0,0.6601298150780188
0,0.5341928869202989
1,0.6216028017268699
1,0.4583605811988244
0,0.29191774393741515
1,0.4241295993154699
0,0.4844167951670278
1,0.45712469566256425
1,0.32834150725382283
1,0.5708719540904688
0,0.2568977478280996
1,0.7800847515360951
1,0.6564030477526993
0,0.4238997596186758
0,0.5362041492316624
0,0.27241830370640063
0,0.8381747803934243
0,0.2840420806181039
1,0.6365808145090008
1,0.49370495200803843
1,0.5245488992124124
0,0.45947697135318477
0,0.3389873577572214
0,0.6026421257174986
1,0.7591582080328647
1,0.8174883966376184
0,0.16124369435463892
0,0.3961481764054093
0,0.19521353687833382
0,0.30515253307675766
1,0.6463655814589343
0,0.497053766460374
0,0.632697443854603
0,0.3118911825649099
0,0.5420435939715312
1,0.3056592537735167
0,0.336905387428918
1,0.5758578053714524
1,0.5879426696061867
0,0.4631606360543142
1,0.25055227585049444
0,0.17837619496032342
1,0.8091588494650066
1,0.3557733636494162
1,0.5986526018732342
0,0.6251233370466623
0,0.7898656156216338
1,0.7741643210436852
0,0.5834299508378293
0,0.8531325578080908
0,0.5769213616832142
1,0.37158341703636233
1,0.425547748330824
0,0.46075312227953913
1,0.6171449949564027
1,0.5378445154971422
0,0.2415711105267821
0,0.6353738443856294
0,0.3378696518550594
1,0.557923105803531
1,0.5545413792645281
1,0.3285424236499105
0,0.5378344797375281
0,0.20959242683320936
1,0.5888706671287607
0,0.3053326839583137
0,0.5535042914871142
0,0.5312325481878247
1,0.2479610331008904
0,0.490347508204501
0,0.5832401700484873
0,0.49786089968793706
1,0.5282201984307227
1,0.5714995810404704
1,0.6577483704746673
1,0.7660646171170336
1,0.17148744047022493
1,0.849013197329244
1,0.4783215293628617
0,0.547638128145963
1,0.7300759698617845
1,0.6091783876893443
1,0.42457330853605196
1,0.6242814045616532
1,0.5641916348480852
1,0.8022536974782205
0,0.4918952178901679
0,0.551946152554103
1,0.7240639018225205
1,0.227169936741952
0,0.40267166521667874
0,0.6908874957369143
1,0.7262113273696105
0,0.7174637762620898
1,0.27637067454884773
0,0.5458677761330588
0,0.7156543551769549
0,0.21241695690382206
0,0.3006963302476347
1,0.5838414763120221
1,0.43276841427049717
1,0.6957153407174995
0,0.5479222846293452
0,0.5477024052944435
0,0.367177145497484
1,0.8533832902285324
1,0.3360151697012627
0,0.24013660667641962
1,0.49022174572196986
1,0.7441936832977581
1,0.3907534231414453
1,0.8324839678010456
0,0.4153467804009072
1,0.3129147522674386
0,0.519177915322756
0,0.4650020191359139
1,0.7482942529201422
0,0.2722390813127148
1,0.3989575086906115
1,0.6788809292401985
0,0.4066685552714919
1,0.8716768112884791
1,0.5041189711111121
0,0.49371216820221914
0,0.4129522131909154
0,0.21482057224034218
1,0.6010407254910854
1,0.25197674387569946
1,0.729272949773039
0,0.32030356366650703
0,0.32908919290151617
1,0.36617845734108123
1,0.533823273103243
0,0.5828874794350097
0,0.8250681629659167
1,0.2615744318851072
1,0.2773170140823629
0,0.657453658668702
1,0.5225811616582983
1,0.7681778018741813
1,0.47187884138773817
0,0.32041199911495816
0,0.3680239263010956
1,0.7283278167238603
0,0.5501921849378355
1,0.6048065933530503
0,0.5043581287554141
1,0.47781872741121567
1,0.38012088587182297
0,0.21247344649810565
0,0.5976497244194686
0,0.5320533036375357
0,0.6685048776253629
1,0.300643093829906
0,0.5334923573144658
0,0.2796217241130155
0,0.7244007045907063
1,0.5476485595281405
0,0.5989796531150796
0,0.4093824961324389
1,0.7001169872008671
1,0.5519736778288326
0,0.353880495848851
0,0.3426629774821757
0,0.3507580060292265
1,0.7111759692175539
0,0.4800194086077145
1,0.7535165403734365
0,0.5532014419457337
0,0.7183190522130484
0,0.5117596536649188
1,0.578096957516587
1,0.8545388435024076
1,0.7880937480892101
1,0.3581232554744229
1,0.6899215398272877
1,0.44407909223154757
0,0.33732021313306937
0,0.309500539502126
0,0.5759414294761593
1,0.6586729481947132
1,0.7271413858034995
0,0.5346928444937442
0,0.4241617771621399
0,0.2970934692035228
1,0.6873343474158472
0,0.6212165639600405
0,0.4464116872344585
0,0.35340546225868713
0,0.40578653360958694
1,0.46016236634723967
0,0.1976580795981269
0,0.32669834490766425
1,0.3402710132792499
1,0.5280170137941164
0,0.6637754046720856
0,0.39409844431320185
0,0.36000030601391847
1,0.7318271744239875
0,0.777606969227514
1,0.5379684749092142
1,0.8063741326114048
0,0.2192610132400314
1,0.6226618453490962
0,0.20654944177466744
1,0.20751489314434246
1,0.5505733226735264
1,0.3037720288538045
0,0.57769873847692
1,0.17071709144282432
1,0.5350809302833844
0,0.6295814343778182
1,0.5623235505873396
0,0.544587916057849
0,0.28047482296335396
0,0.2264186252351055
0,0.3915354885837796
0,0.4784176171434784
0,0.6670412273122459
1,0.48175138355803254
0,0.34875058495808026
0,0.35958911372064767
1,0.3090023620781971
0,0.5591487888581307
0,0.4053826969741618
0,0.14512196106805922
0,0.5520461285952415
0,0.5200347532010544
0,0.4461286206891322
1,0.5602630201222675
0,0.41988265007509484
0,0.3920062419198905
1,0.6636569871336601
1,0.5631718450719849
0,0.4381512915960894
0,0.6215272175195731
0,0.4839971936068148
1,0.47268423001866844
1,0.3456207232398595
1,0.7596206953068957
0,0.2944413018692858
1,0.3563267215257724
0,0.5153034793683509
1,0.6934331892794334
0,0.6958149359102257
1,0.4030368113434474
0,0.7604445648387694
1,0.6255595020743044
0,0.35621007823055884
0,0.24511460794225723
0,0.5291653508063398
1,0.4241597222373924
0,0.2647480095054577
0,0.4128039523398423
0,0.5458758116818359
1,0.4487656892656854
0,0.4382674669814126
1,0.6737573081254898
0,0.555781874188965
0,0.6612735318821176
1,0.7220324178848793
1,0.2867478918559552
1,0.5218992608185828
0,0.321767222314727
1,0.44670700974781535
1,0.6787047731792081
0,0.6273622616305329
0,0.47174890378807777
1,0.5006288204772388
1,0.44412324386963253
0,0.3699061026768559
0,0.5615667534448483
0,0.40190964007814944
0,0.5595936313770342
1,0.3397570080358887
1,0.8247121530745328
0,0.5888036922096687
1,0.8298417205068319
1,0.22118620989641521
0,0.22424909530245046
0,0.37855004729049846
0,0.3133666508232067
0,0.17822629916727176
0,0.6727222142318721
0,0.21903617671425304
0,0.8003572115841218
0,0.2301660466911681
0,0.5188443336904606
1,0.45904903720989015
1,0.5365701469555506
0,0.3663158918866244
1,0.8112608025753574
1,0.534699763855163
0,0.44325428686923324
1,0.7411373524716028
0,0.7795002009767128
1,0.21094476571623372
1,0.6489636843812738
1,0.48449157623257894
0,0.4691290015554408
1,0.5739183641090545
1,0.5967893352681094
0,0.6681524736882309
0,0.5641400770127993
0,0.5305156668835613
0,0.3275685977813333
0,0.17590650986137268
0,0.2210689663878863
0,0.5548982905041114
1,0.5776468910539109
0,0.4367358177904815
0,0.5600196074060025
0,0.39783578502267897
0,0.4834181442505485
0,0.2616380861455158
0,0.662034301798783
1,0.6133219500089475
1,0.5097782236900598
1,0.40168023343518916
0,0.586017497100192
1,0.8077361454883614
1,0.5782610487730947
0,0.34776858930450955
0,0.26468580898473826
1,0.5167949453769167
0,0.23625898876229218
1,0.3959952180471193
1,0.3447069312632826
1,0.5677774176214372
1,0.7454944254276359
0,0.5757840171740503
1,0.5262271129953509
0,0.2671405661274461
1,0.709764690053753
1,0.44351379332204555
0,0.5261112360261875
0,0.6867534321046613
0,0.7644041100948155
0,0.21422604021223596
1,0.5737553604498258
0,0.5620098818206647
0,0.311892193664869
0,0.6696483828670605
1,0.7128237609683522
1,0.5845616106758668
0,0.5829788600380473
0,0.268758265594987
1,0.8772816319546526
1,0.7164379739888096
1,0.6022451290253356
1,0.7832186481076253
1,0.3337934542637609
1,0.7558325784001259
0,0.6289569605937801
1,0.5841539680829828
0,0.34521140523040644
1,0.406881424781501
1,0.6184349907813887
0,0.554989122779726
0,0.40739077901066983
1,0.4109442523798455
1,0.48212551343584503
0,0.5436246575061807
1,0.6663659917515454
1,0.6664352620826386
0,0.33024263109653035
0,0.5491582961932597
1,0.27469520125092195
0,0.6828971376454154
0,0.21963743845814312
1,0.1876967386555762
1,0.6079816010762603
1,0.6351228358767385
1,0.854805833137795
0,0.31766965133096536
0,0.4027106045546176
1,0.6849647514697276
0,0.4155459863978371
1,0.7816885591443283
1,0.1851828191682928
0,0.6829031796333016
0,0.459752841424368
0,0.2872326621605594
0,0.6049963573771355
0,0.1563083790958213
1,0.3463740128861705
0,0.4708447362682436
1,0.491701108690119
1,0.5102402478506901
0,0.3307749249316353
1,0.815397137608675
1,0.7325969162163084
0,0.660921219533062
0,0.2947335608442739
0,0.46715252401151824
1,0.6143354825318619
0,0.3195013465048972
0,0.6261450469467128
1,0.3984725153599076
1,0.6100022239925228
1,0.6521015999673898
1,0.5534843952851405
0,0.36881854048766644
0,0.6085350332209626
1,0.5605601629119727
0,0.689627909122247
1,0.4196377252881221
0,0.3828524973964346
1,0.2964637912316623
0,0.6171170731388032
1,0.2737120555784254
1,0.5007760514304652
0,0.28605756757718925
0,0.2873474175946609
0,0.45712266340803903
0,0.232052384140733
0,0.484818221540612
1,0.6824464305660295
1,0.6901831437880146
0,0.4274162492796763
0,0.3146606556929188
0,0.514038112734395
0,0.694914160131731
0,0.18408099191392993
0,0.3236220323108928
1,0.7261138707932873
0,0.4068214429856518
1,0.6831566218471089
0,0.8416378840244187
0,0.7050773286925672
1,0.6428208242244583
0,0.5718187252336676
0,0.6603710581475346
1,0.6798380201451012
1,0.6890026282567583
0,0.4307114109622331
0,0.26370317921346215
1,0.5484067778475846
0,0.3107547715794244
0,0.5518852567778245
1,0.45671342200235876
0,0.4633751637295053
1,0.6217145432758402
0,0.4490454204973179
1,0.48461589023739227
0,0.2513441739508901
0,0.30599384207877983
0,0.24612998974907008
1,0.4533196507064055
1,0.6394321143411025
1,0.5338864966906667
1,0.5863840957763805
0,0.3888420791270325
1,0.5258857771474406
0,0.37053651417951117
1,0.7902988609629966
1,0.2944444467827588
0,0.4388876902068904
1,0.7062125934981272
0,0.7934067889268562
0,0.32932735363256743
1,0.35622239388031285
0,0.3294226351482426
1,0.5699346061272555
1,0.12367186225476062
0,0.1990311089700678
1,0.23993596594063782
1,0.23296899665963838
1,0.7146387087466112
0,0.4688752622051397
0,0.17225734898584433
0,0.28967948390881815
1,0.5666170087785412
1,0.7626129357328858
1,0.4790520635879475
1,0.8206974874305216
1,0.855852511910474
1,0.5895858334667179
1,0.3977125664378404
0,0.29604551591920353
1,0.3854788732006232
0,0.45397718472669873
0,0.4342191383500676
1,0.8653987057757488
0,0.28455113276279403
1,0.48324253531369926
1,0.5705754649526272
1,0.618430331719083
0,0.380034208016401
1,0.3297046988213216
1,0.28542573967369095
0,0.26879414895033965
1,0.5371547788557187
1,0.41536776218301036
0,0.2408941404958178
1,0.8406554628491769
0,0.6307553040978312
0,0.5116775782042164
1,0.22880801214199584
1,0.5748278822047949
0,0.27281354690529713
0,0.22801729316915897
0,0.6750047550594904
0,0.3722999889805432
0,0.7639269466167528
1,0.5766059451911284
0,0.48383853627797024
1,0.46526643644914556
1,0.6945264931472478
1,0.3755152933588043
1,0.6407773810157683
1,0.4190632625409348
1,0.7241975094714508
1,0.6110638425952489
0,0.2721616370109548
0,0.3124013612951493
1,0.6602472104226165
0,0.6415488397040985
1,0.5309842705928602
1,0.4556241016684501
1,0.7540880398426798
1,0.4952698137651825
0,0.6705280032034452
1,0.6362607374628907
1,0.575875127427492
0,0.5404602151056639
1,0.7291152748784245
1,0.6288295717099318
1,0.763275551506052
1,0.5285606984569202
1,0.7905107973652441
0,0.6857691988494455
1,0.6525995130025362
0,0.27028659983212633
1,0.7401339409052726
0,0.3739392808776161
0,0.5325186979015132
0,0.2838711816516403
1,0.7410246859394912
0,0.5553327892486027
1,0.5753195962359382
0,0.704015023747238
1,0.680972602771994
0,0.6685840985227713
1,0.45668091292468826
0,0.35964487396774597
1,0.6569449401724188
1,0.3696194238523836
1,0.41625706882589963
1,0.523984235482182
0,0.5443147659991981
1,0.8792173387726255
1,0.2922534114107254
0,0.36352026379028407
0,0.35065517853973427
1,0.6179150719555773
1,0.683319178282263
0,0.323422842122638
0,0.6158960663864245
0,0.20535537627740463
1,0.44151192787228727
1,0.7003879384963421
1,0.6412966395018251
0,0.5041018788390289
1,0.4143853846489475
1,0.3964901066724189
0,0.43514710070524504
1,0.6600452493439193
1,0.528432794067069
0,0.26560235940805704
1,0.720396489752442
1,0.38547435540064656
0,0.36039453462277476
0,0.3075893208026818
1,0.21205999013582
1,0.38665495595105703
0,0.6769586249823617
1,0.7249027594143814
1,0.7224641012550304
1,0.4523512154050726
0,0.383807375456867
1,0.5485940150569635
0,0.4970729094656803
1,0.45696041028024953
0,0.1795450234408405
0,0.4004925969773207
0,0.5234310726734713
1,0.6401681387281741
1,0.6490448354179363
1,0.6503643360067086
0,0.4535749957520418
1,0.4067748690996905
0,0.2696808887449136
0,0.3470670188897575
1,0.4276914720546886
0,0.5778250294618396
0,0.4119339427132074
1,0.7959724956447999
0,0.6355759215529997
0,0.38627947382436456
1,0.44590314248852436
0,0.3926448480387109
0,0.285996461500646
0,0.5556624498721557
0,0.2374101501194329
0,0.430492691046804
1,0.5526855176420477
0,0.7430124954267072
0,0.22956936349002804
0,0.44739412278588636
0,0.5327480854716581
1,0.6754214771055047
1,0.253810681999963
1,0.5989375220106491
1,0.24472345292929737
1,0.46331855301043123
0,0.34745478662641494
0,0.5982460142043365
0,0.5826396785430947
0,0.3946310177988261
0,0.7086119609692029
0,0.2525338907707962
1,0.568138878703387
0,0.5467898248225843
1,0.5375340222779129
0,0.20806165452343994
1,0.32186208344914174
1,0.6622175921836222
1,0.5383642933981228
0,0.48872814713926405
0,0.740185083813906
0,0.41716082004482746
1,0.7468754884397112
0,0.37211369262745786
1,0.3475857898792351
0,0.48462711166304595
0,0.506169190696907
1,0.6811780725254303
1,0.37104597592649585
1,0.6595876248318931
1,0.4060505593227317
0,0.6352913505752004
0,0.3396901086698803
1,0.6029473714845559
1,0.5490429352797436
1,0.3074861915549778
1,0.5533452497357869
0,0.34863131118178875
1,0.7121556773383645
0,0.7289218581997751
1,0.7302289702024692
1,0.8575627350341379
1,0.5175921106249309
0,0.49327002139675985
1,0.6818317261300422
1,0.41774616841028683
1,0.42510580036272494
1,0.5166100148536348
1,0.2820216621310144
0,0.671057916844388
1,0.5074335170237434
1,0.42089009851521825
0,0.2763885234100897
0,0.42696369036148885
0,0.2508210273689501
1,0.44906585354014644
1,0.2978647358598838
1,0.6825739958400409
0,0.5930723733799239
0,0.48567536237598824
1,0.8108008475291275
1,0.5162017178347748
1,0.45320162135918957
0,0.6049226048390933
0,0.6903207354695904
0,0.429256661559467
0,0.445078380246727
0,0.6179996783233169
0,0.6006444114878056
1,0.7567016117142275
0,0.4334717258217505
1,0.3354427669657782
1,0.34529314259887
1,0.5700699161822921
0,0.5063403636060186
1,0.8661801289875887
1,0.6090177847387749
0,0.29254528725613876
1,0.43869710943897233
0,0.4717830540997455
0,0.5427067510031194
0,0.7669136079788509
1,0.2586302524365028
1,0.5937897984987318
1,0.5128670088769133
1,0.6069788207514526
1,0.4220095348970348
1,0.5470487058482735
1,0.5870018762927867
0,0.7023558799839897
0,0.7274766077432381
1,0.2111456505035604
0,0.37468230685147086
0,0.3578239648160513
1,0.5844142388397827
1,0.5813513558574573
0,0.4050161118490232
0,0.16652805882663949
0,0.5051709435907
1,0.6964111625023843
0,0.324728743780207
0,0.6844686763132891
1,0.4566233225649828
1,0.6312226061550158
0,0.40181040094702025
0,0.7211740198950126
1,0.7157404883845508
0,0.7313801012688395
1,0.6626554471253914
1,0.8565318809091702
0,0.47912983365360035
0,0.3486914090517421
0,0.3576651043159172
0,0.5349222266171226
0,0.7928893798164768
1,0.5582084210360754
1,0.6019992639542554
0,0.7716549380848597
0,0.45125747268004274
0,0.5545135098612856
0,0.3756094314072758
1,0.4803189360861092
1,0.6805266610261775
1,0.6621731784065714
1,0.3562003684493198
0,0.5802303087010302
1,0.7013505459301946
1,0.4390046792055139
0,0.7598374250075044
0,0.7682865494200786
0,0.5918611704792665
0,0.44943506840987957
0,0.6156188998251327
1,0.757108084626395
0,0.5233063204222484
1,0.39906985190967187
1,0.22694156573756394
1,0.6148941459682687
0,0.5387896179977699
1,0.5418661886574211
1,0.4214416094474654
0,0.5244177218071302
1,0.7717160955313728
1,0.6474044447528565
0,0.38197610239277024
0,0.24221676055563077
1,0.222168683716932
1,0.7154299876574745
0,0.8137990820922146
0,0.4937295396320314
0,0.5539952380679095
0,0.38295446144665246
0,0.3724777441743877
1,0.7712771807370933
1,0.4671348027537699
0,0.26748205121760593
0,0.20826207671063693
0,0.2416741601151202
0,0.39206350089980574
0,0.6158012232693602
1,0.7991590703798136
1,0.7197354574030632
1,0.45824271033919506
0,0.25859404514925305
1,0.534560240628498
1,0.4747875894588588
1,0.22714352561084275
1,0.6659299650235299
0,0.5990256036657662
0,0.5848468511592336
0,0.35475530964051033
0,0.6811418416409423
0,0.4879993322856884
0,0.5552976800343238
0,0.6604664309101124
1,0.8659054701595398
1,0.7106012063545002
1,0.7443979091236714
0,0.5364268377854847
0,0.30201651177694444
1,0.7372907273434827
1,0.6341280974680265
1,0.34927738279123965
0,0.573691611221175
0,0.6265051213332747
0,0.3561748456630689
0,0.32103008823826745
0,0.2555552057302751
0,0.49851674122684686
0,0.3858359171001591
1,0.7892038229060635
0,0.4346166145622064
0,0.7067412515346841
0,0.616799460980169
0,0.19165872417332014
1,0.6058428441972622
0,0.23840408697208484
1,0.8124019876757981
1,0.4120075319911299
1,0.767819968951132
1,0.5888252470390156
0,0.42378588752622026
0,0.5656192015308474
0,0.5530936975574379
1,0.574396061582071
1,0.7797966022296108
0,0.5187598101195491
1,0.6622199907555492
1,0.5664170734303434
1,0.7233427405294736
1,0.4306099731948423
1,0.5501545390826744
0,0.4351053290630098
0,0.2370492316680325
0,0.6190480614267267
0,0.28670248580770546
0,0.5761520182082447
1,0.516532606278546
0,0.260871425692226
1,0.6587038456967832
1,0.5496062816496029
0,0.44157341358034197
1,0.7263780061859993
1,0.7020769895489427
0,0.31145806231336637
1,0.4690141856281646
0,0.7675376892688048
0,0.5936249405067612
1,0.7453907486663917
1,0.43514682582553255
0,0.455395555330538
0,0.6763864047656228
0,0.5164380210602559
1,0.5052211391649758
0,0.6876848097968744
1,0.359237331820972
1,0.47838034146482894
1,0.2923721015291332
1,0.5695996594511387
1,0.6017692118069558
1,0.6267229646262185
1,0.7442364968151864
1,0.4435675208033055
0,0.3752685241706683
0,0.541073593855985
0,0.5326602501431759
0,0.522337728025938
1,0.6833917109880442
1,0.5719058878535399
0,0.5758743032914612
0,0.5130384057920335
0,0.3495405180660823
0,0.42393712800847966
1,0.7379241431029876
0,0.5180155846868232
1,0.6274042631045232
0,0.30488867355212773
0,0.583909498734211
1,0.371413477519785
1,0.34200838427542923
0,0.6632722421160925
0,0.27586181521042213
0,0.3746610173950466
0,0.20694074518876085
0,0.625186998252799
1,0.507998177432223
1,0.7465448448612263
0,0.4136455944458135
1,0.7268603205840636
1,0.7174022020047609
1,0.7881247185761013
1,0.5546646370318387
0,0.17369059627548503
0,0.49826573911231253
0,0.5803496458025132
1,0.43021829518516197
0,0.32868952440328764
0,0.31301377970003236
0,0.5881663901908236
1,0.4202722085127498
1,0.6417726604176692
1,0.2737913286858502
0,0.5913729714975401
1,0.4107977545047971
0,0.5555304779357504
0,0.32081837940440916
1,0.43066776273161045
1,0.5989656120994172
0,0.33363008575391573
0,0.5823207940399252
0,0.406336750381347
0,0.3591513872115139
0,0.6519272076258764
0,0.6173254890626035
0,0.2960266932995612
0,0.4315617945616986
0,0.36210457911606353
0,0.38527508158856905
1,0.19339717342629587
0,0.3719105220880977
1,0.6952149106038428
1,0.85242612658484
1,0.6663568408677824
0,0.176168866086549
1,0.6090646928424946
0,0.20664468552889007
0,0.6776800889627638
1,0.7125669906177629
0,0.7151242138607021
0,0.3866903679838218
1,0.5811999944981565
0,0.287225811627191
0,0.6706931893772362
1,0.4759929659138947
0,0.21830313378031768
0,0.6841258099818259
1,0.7065255611602712
0,0.8163748183407783
0,0.20961959308863926
1,0.6741161158621423
0,0.5748093253912926
0,0.46275394874990505
1,0.452517090085354
1,0.586595978305648
0,0.3054336807744851
0,0.28010568080891113
0,0.3829889265955269
0,0.3569579558568391
1,0.7583570246587845
0,0.6479957126093037
1,0.7276721864009718
1,0.5861755631991805
0,0.34538680723888326
1,0.44002079218076723
0,0.38030463094170824
0,0.4557511790250766
1,0.15608723262258486
0,0.61815073048921
0,0.23474908347484127
0,0.35148134556533045
0,0.4739450747632752
0,0.2385083010384059
1,0.6047419106621621
0,0.3003287299754446
0,0.3894549649342404
0,0.7077652356738806
1,0.7207830122208645
0,0.5325215906491474
1,0.5373365975809589
1,0.6633003713029955
0,0.46922037883890994
1,0.6845838066951759
0,0.22091424103061452
0,0.6457369835637188
0,0.2908193044569438
0,0.5321961423109554
1,0.5188254629996464
0,0.45543825884574024
0,0.5253373572461999
1,0.5989787478095633
0,0.6877668599318285
1,0.5346422278324966
0,0.44918693374371227
1,0.6376614547900042
0,0.545525633643125
0,0.5328622753875896
0,0.6492113413686459
1,0.5915776870319216
1,0.838101073179551
0,0.2295658589936789
1,0.4926935003215848
0,0.6094537572751689
1,0.36114654210081537
0,0.47357457801340613
1,0.6273054760576255
1,0.2954317594503274
1,0.7030445658949169
1,0.2678809039311941
0,0.6787514658928281
0,0.39521241401899887
0,0.7306423366807796
1,0.6095078785479107
1,0.6578396878421973
1,0.4255401376689606
0,0.3577373355708685
1,0.46197588342727625
1,0.32284520533674954
0,0.450176935458097
1,0.6394511073860144
1,0.6809503499475114
0,0.560202038326588
0,0.29675392709644177
0,0.27891149675021837
1,0.5344043499496882
1,0.6653828945232473
1,0.39465522221971217
1,0.5877375431669841
0,0.5860006560810269
1,0.32624457603113594
1,0.5667718590779678
1,0.6912365283885825
1,0.691838746839455
0,0.1983995216322502
1,0.5655509644508191
0,0.6713852141083875
1,0.502782288540524
1,0.3230955692155382
0,0.40484981463240216
0,0.25155911349570675
0,0.5072042587143776
0,0.43566457520865487
1,0.32567280723337716
0,0.5317115452558431
1,0.6731146671766365
1,0.6428595262336445
1,0.5983864531202705
1,0.3570405282714504
0,0.31228868317979913
1,0.4847107673025398
1,0.4412170243486788
0,0.5551121613380409
1,0.36076001110378725
0,0.21117892872998045
0,0.5383818787416279
0,0.2963630330649718
0,0.28467664689797806
1,0.5563155844491533
1,0.5593467053920951
1,0.38639961449629584
1,0.8100120171261779
1,0.3070414421514247
0,0.6372378229641327
1,0.42446426136374416
1,0.6593431569430077
1,0.5067808354455628
0,0.4119846458359767
0,0.5215773881936651
0,0.4356241041527985
0,0.616809630416814
0,0.5095853028265722
1,0.5280750432973165
0,0.5245876825350757
0,0.7142227013752374
0,0.6857552247633688
0,0.5358725089100602
0,0.4323044752679801
0,0.3851537769487843
1,0.3533556900747373
1,0.6207226124281988
0,0.7952615009700081
1,0.6301111559736622
1,0.8562029997676839
1,0.26333581534653877
0,0.419937056232548
1,0.6732485139199073
0,0.18896503921771426
0,0.40417017205493627
1,0.21517951833226273
0,0.30319407274883897
0,0.3157884866942385
0,0.6544329733295754
0,0.41199496168578015
0,0.6229651221763562
1,0.15886956642588246
0,0.5571281388062448
1,0.5013983182292796
1,0.6167443184098631
0,0.7398193058239881
1,0.7560056515220414
0,0.3831141214503954
0,0.20890405617052224
1,0.6055454890948646
1,0.25078770563281
0,0.5639459455233221
0,0.3839039668284407
1,0.4281635418266334
1,0.6336797308371963
1,0.8135917898328627
0,0.5637132510846589
0,0.1664225282496564
1,0.4605175859110241
0,0.5346289167917281
1,0.6321095090754563
0,0.163537258422128
0,0.5336563737860874
1,0.6870492400592683
1,0.6031541467553436
1,0.7606898736077847
0,0.4019598198550189
0,0.5282834612813778
0,0.35247650901563554
1,0.6925145067647948
0,0.47137920797709176
1,0.7310125258827103
0,0.41781241351218784
1,0.5595279057718452
1,0.6850350771964793
0,0.5856849813725052
0,0.6639825588550963
0,0.41530052581495647
0,0.562393413196454
1,0.4838037040183891
0,0.48792775211597356
0,0.3752237559303052
1,0.7986782593886126
1,0.3352272216595863
0,0.29285519406274396
0,0.5087079037513866
0,0.5096885331593848
1,0.6862940780679957
1,0.19595102557998945
1,0.7164172031732969
1,0.8049020079106223
0,0.4179647618220701
1,0.6069355398341765
0,0.34016436510542447
0,0.2576320740331054
0,0.25588669004167863
1,0.7391018142794741
0,0.3317524278120309
0,0.4940594995847696
0,0.42429450376038713
1,0.6294123380148392
0,0.3580299183435107
1,0.31807625723377364
1,0.5182057162158615
1,0.5634769416741895
0,0.35900118466612857
1,0.6959524681980477
1,0.8413136706561223
1,0.5724765756453993
0,0.40792487748350326
1,0.5229942014309218
0,0.6657510611177248
0,0.3476947250083966
0,0.5100198877877192
1,0.46222960314304457
1,0.5854754974914999
0,0.37293245708868616
1,0.45063965833310404
0,0.5248310043806671
0,0.33293725858312295
0,0.3747827795172871
1,0.23932022094971572
0,0.3629248538200686
1,0.7349741248768465
0,0.63658777608551
1,0.2926894317916041
0,0.37401004112418523
0,0.6615849370788989
0,0.2802140535457264
1,0.6532148618588018
1,0.5295523790185387
0,0.4863646961791545
0,0.5754227471191022
0,0.29315032815250003
1,0.37178839205522285
1,0.7580143445197252
0,0.2709334268809883
1,0.6249863163916698
1,0.4386034583176578
0,0.7622571841319862
0,0.49701456406138717
1,0.33387099735861375
0,0.18583575884971085
0,0.4834907283814144
0,0.5285890363607226
0,0.4350157178200561
0,0.7599131652453266
0,0.5066623634392414
1,0.645945086914157
0,0.49996526267865476
1,0.39445878244611715
1,0.6359450424862657
0,0.5495475196004932
0,0.2830426142577317
0,0.3245863606932977
1,0.5077041318598214
0,0.2847935539778004
0,0.31146872264409464
0,0.2613280249116828
0,0.4779741235724384
1,0.6251926557314313
1,0.216902712623717
1,0.7905965645148152
1,0.8655804888687201
0,0.6046129796662153
1,0.5360964261564607
1,0.8225712451870962
0,0.4883846245856388
0,0.1867261919427555
0,0.25771850997845325
1,0.5892796463451815
0,0.5436298988505489
1,0.6217959050479513
0,0.7647328959815984
0,0.6556693250476694
1,0.5252629534152712
0,0.5960577192492591
1,0.45328125890683013
0,0.5177451560224035
1,0.4717474829013977
0,0.26941529093819166
0,0.35812512981509353
1,0.7164822996427594
0,0.41471809974699286
0,0.5853240397140709
0,0.4865922458614015
1,0.5594021516800949
1,0.6104803450414628
0,0.6143400309857548
0,0.5828757763286675
1,0.45939356662039516
1,0.3756139925276876
1,0.6294818545975878
0,0.6766830732291237
1,0.5667136210593042
0,0.34301317723268
1,0.8524595588472099
1,0.6109400661484817
1,0.8462932180238881
0,0.6096296134392613
1,0.5865769357300951
0,0.2524677776582909
1,0.48788034154304244
0,0.46766520425477365
1,0.5198757772679709
1,0.46362352253672134
0,0.5481504590506792
0,0.6133295166566667
0,0.6802942028281432
0,0.3754809868396268
0,0.45515493166112014
0,0.23700020353422568
1,0.54769866836011
0,0.3530347282513373
0,0.25571358044309866
1,0.33128107214832075
0,0.35297159341788464
1,0.5353097604997082
0,0.6662678284169522
0,0.2614756228520596
1,0.436988682629852
1,0.5739115772370309
0,0.5429160393168088
0,0.4144788108021422
0,0.20025873557698465
0,0.6542027471114213
1,0.5724887402790633
0,0.2705410232083443
0,0.6370521330920815
1,0.3551695615378242
0,0.7420503803155052
0,0.3517420494620376
0,0.6675168000458749
0,0.5766434058863569
0,0.6320117254768416
1,0.5088299121515998
0,0.2838784763667417
0,0.3594467462983789
0,0.5168196498480708
1,0.38076806926208523
0,0.2880916020662625
0,0.3333679532775595
0,0.25228007038854455
1,0.789786391231129
1,0.5203912766798455
0,0.6044750080882098
0,0.3469903874715817
0,0.2736512682420849
1,0.6034286042667679
0,0.6077365878191272
0,0.5607165719245061
1,0.6131765217662637
1,0.7662627063544554
0,0.15698832173636817
0,0.5124265653523925
0,0.26156455499847797
0,0.5108564618718862
0,0.5029468330828805
1,0.44821713032624766
1,0.6631834019424173
0,0.2462899490250583
0,0.6389276514951167
1,0.4341115413204923
0,0.3612413638869705
1,0.6013141516390798
1,0.3755322784491273
1,0.7315043972428115
0,0.3410182227607264
1,0.7417450786889851
1,0.6471951930188488
0,0.38865720109350266
1,0.42262397397880364
1,0.7293784217884407
1,0.5356886815457703
0,0.30133413631532346
1,0.7260616442023018
0,0.21321165118008356
1,0.4579953868944178
1,0.47583341973645965
1,0.611684162242588
0,0.445537397068043
0,0.3984890497730154
1,0.3459145591036773
0,0.48019689896232687
0,0.6469653138559703
1,0.547555466164735
0,0.6786465583385064
0,0.5324919644612269
1,0.7122403211197657
0,0.4864099463739617
1,0.4354943005438402
0,0.3973318780971807
0,0.3288523547296045
1,0.6656629558835082
0,0.503972646760163
1,0.5934846730918666
1,0.6250626214272208
1,0.6616457889486957
1,0.7646158087619498
1,0.4552084014890254
0,0.39502727639732044
0,0.1735291191194294
1,0.7393562523069251
0,0.36302252053417605
1,0.43320896834702743
1,0.5604141752741888
0,0.5181990419353598
0,0.4542403466967234
1,0.7056299661127485
0,0.6656833563977176
1,0.7508538041852134
0,0.35625174396456066
1,0.4738343816679629
1,0.5847507369711132
1,0.6706174182231461
0,0.3589258794716057
0,0.4033271757355847
1,0.6102710207010292
1,0.44341947619252625
0,0.37065994542736047
0,0.2229855369648855
1,0.7169457233281836
1,0.5328368123980008
0,0.30438208072862083
1,0.6298610675387312
0,0.29236712813995286
1,0.6221115102655022
1,0.5957578062464917
1,0.4026798515663235
1,0.31421459688769504
0,0.30039184415655684
0,0.6445894841526677
0,0.3157013360551432
0,0.511332166367539
0,0.2557015834580805
1,0.5972794545086945
0,0.5571913134479111
1,0.6601650263143996
1,0.5956290651283912
0,0.25583989676237756
0,0.2436298021833958
0,0.3646794030538873
1,0.7603162208898435
0,0.45469873132623506
1,0.7370436260153513
1,0.8298541505318822
1,0.6930742904193968
1,0.6459135129703154
0,0.5001150517979546
1,0.5519461816061002
1,0.5799014006436253
1,0.5806006516326127
0,0.3089761245682197
1,0.5513706668464172
1,0.7625664133088069
1,0.8251340778924641
1,0.5138178701194437
0,0.47925416520310693
1,0.6578635262940888
0,0.2951929332211994
1,0.41717409959216106
0,0.39679482386480197
1,0.3778606857266729
0,0.4388167903736015
1,0.5378574418435635
0,0.801749653348526
1,0.560583650957543
1,0.4003787487858578
1,0.44649524868368445
0,0.19613876370130648
1,0.7280447310492623
1,0.710417992603771
0,0.39957395432143855
1,0.7936453370729988
1,0.6463376867241994
0,0.36190741462216286
1,0.7299995496718741
0,0.6090155697145786
0,0.33201623654899187
0,0.2457090592193633
1,0.42446581308087833
0,0.19372143643937487
0,0.6436530082192876
1,0.6287205952231646
0,0.5573040245851323
1,0.3830458340784426
0,0.5233448855909976
0,0.5655851978576764
1,0.6632165164157892
0,0.3094464056492472
0,0.44825519262888575
1,0.48471773218251113
1,0.5180965409355843
1,0.4953334900095519
1,0.19523731832143765
1,0.4774170210532795
1,0.6327489578156187
0,0.30379707464613265
1,0.3824086041696817
1,0.33329020394052333
1,0.752622385814927
1,0.28822158251190755
1,0.6914931642790549
1,0.8157922242672794
1,0.6698912236539125
1,0.43710302122506034
0,0.4139838486477911
1,0.526137504945039
0,0.545855366253763
0,0.29926900733013295
1,0.6952390815603903
1,0.5653082870322831
0,0.3932668910133189
0,0.4231668767954342
0,0.4986679330775987
1,0.4533120984209527
1,0.6508713570423804
1,0.39109190878552474
1,0.7439424141066764
0,0.8123390176012684
0,0.7457573172664219
1,0.3516225052791609
0,0.532218293544546
0,0.591966379401136
1,0.3736436412078166
0,0.41435131151287746
0,0.2596833153505107
0,0.5643939087978422
1,0.7283084644006578
0,0.6724828239925115
0,0.3735872731120696
1,0.4583038471072612
0,0.549568626928079
1,0.5779617890355923
0,0.49977126592399174
0,0.49993456907091466
0,0.4820829916710785
1,0.5206709823805489
0,0.3177904782717523
1,0.7357960914385251
0,0.3903756347201577
0,0.5506985957989311
0,0.350406617316761
1,0.23866069231568576
1,0.3492658532921411
1,0.7494087610630693
1,0.4200940021538204
1,0.5839827457970067
0,0.4390880508776576
0,0.3523775515315071
1,0.7514472389730229
1,0.5813735183767476
1,0.47371312458692766
1,0.6432732558857553
1,0.518182438228006
0,0.1766494690394286
0,0.5187307752088027
0,0.29135543880214915
0,0.5351130720091342
1,0.5810302091511746
1,0.550019357883601
0,0.4139781469581329
1,0.5831335628621386
0,0.6189235810663857
0,0.33222730703240866
1,0.720809396976932
0,0.43358995081115675
1,0.643447288686422
0,0.4720042707960613
1,0.556893242923624
0,0.5185206404807507
1,0.31434972248053605
0,0.23323138389117523
0,0.30336156669359005
0,0.23726221096494154
0,0.34140603196179864
1,0.6515815793934838
1,0.5509685654278724
0,0.623448468726254
1,0.6069270372096712
1,0.6262001999545429
0,0.5228576984758098
0,0.32272398931258317
1,0.3811052191237229
1,0.46041178027506335
0,0.4264461462340002
0,0.2343466697625599
0,0.6003569575292287
0,0.3634041829304134
1,0.6659870420016566
1,0.4853224315384597
1,0.4397114237269357
0,0.19958800812254016
0,0.6383829448804439
1,0.4814729910712354
0,0.6040199606640472
0,0.4481151797585195
0,0.23990662798318768
0,0.5726765283888051
1,0.4679176041700288
0,0.2663689090176297
1,0.6685128846350871
0,0.7414675278232287
0,0.510167576039889
1,0.3999579820735807
0,0.5048894162362678
1,0.6113598909813424
0,0.5582418808004912
1,0.4463974221967842
1,0.45383496599265577
1,0.3420850097619358
1,0.5716700176050387
1,0.4297081602051141
1,0.7592945055632101
0,0.6232996593122633
1,0.7785658872720814
1,0.744334605092925
1,0.5485792271470967
1,0.8045987025202531
0,0.6701951510104978
1,0.7265115628061194
0,0.22212862145017784
0,0.5833477650073188
0,0.533059421115066
1,0.614377942804902
1,0.6806623885224299
0,0.31058442767465194
1,0.7582018987204591
0,0.39456805707193043
1,0.34425725256107126
1,0.5492636571709884
0,0.4077172772699223
1,0.7466702547884398
1,0.41687848785206805
0,0.6153718833527568
1,0.8235588190989982
1,0.5539836143345961
1,0.37909388290878354
1,0.8372686706202446
0,0.4630527765352561
0,0.25703314350011774
0,0.2859832301185752
0,0.25583950491500396
0,0.4729076405942709
1,0.7702050812161185
0,0.2866557061531409
0,0.35082335177778706
0,0.37888509328435654
1,0.1910640971718599
1,0.511722033710337
1,0.5472402374968801
1,0.5912699558788046
1,0.7505547737444958
0,0.31877317880705736
1,0.6260144838997624
1,0.5939194350557472
1,0.46282469453217623
1,0.4660420923209346
1,0.38993219476947577
0,0.6289061792528726
1,0.46602601889711387
0,0.47828186728035554
1,0.7139682094059818
0,0.5381518635331275
0,0.3051086172995296
1,0.3276605922803532
1,0.5545301757916467
1,0.6595693515251795
1,0.41940510323462094
1,0.5983727201714282
1,0.3907531365301769
0,0.6540280845197568
1,0.6818928715338723
0,0.33477813329141204
1,0.2450945115525554
1,0.4019950040751223
0,0.39021149178898107
1,0.7178643024442353
0,0.39192683147678636
1,0.6721487992002391
0,0.32071134383941025
1,0.7599883668650874
1,0.6494104373579389
0,0.4936730033095405
1,0.3784558014431846
0,0.2981697266492284
0,0.1872379265039338
0,0.4039529707974224
0,0.5273412054929143
1,0.6379483125578981
1,0.804391429014056
1,0.47364329562510216
1,0.7789587409339852
1,0.43094444766202317
0,0.6539871597217763
1,0.31821561760258804
0,0.6016001486332084
0,0.6505621113185394
1,0.5039326277476506
0,0.6061880052114883
1,0.5392285526176779
0,0.24615879206197863
1,0.6386115808618732
1,0.48284231641301706
1,0.7719133322421594
1,0.5923730378355917
1,0.7026241535945343
1,0.2983921735513794
0,0.20273083230565625
0,0.4385413900041748
0,0.3313228057931144
1,0.7217721100229375
1,0.7890555620668505
0,0.4577638528961203
1,0.41891737560765097
1,0.6987977112992787
0,0.35941742671697946
0,0.577595002347554
1,0.6876664550162805
1,0.5857072536979988
0,0.37722856032725616
0,0.5695242413154193
1,0.5070907093422691
0,0.6813125148538539
0,0.2213171652601415
1,0.6085474523193576
1,0.580774954419926
1,0.6194574360306331
0,0.34158420283967433
1,0.39645134180872016
0,0.48925140724876937
1,0.43131733706245867
1,0.4660779663239817
0,0.29243922603381356
1,0.7663376414014983
0,0.4512636102774873
1,0.5238303576138023
1,0.5501534025103239
0,0.37308382869926343
0,0.4465301322597152
1,0.7674755524213384
0,0.764446236740831
0,0.43783307241652175
1,0.6984391170803785
1,0.6158112739877686
1,0.4605439787398122
0,0.42630485265848883
1,0.6400532910919664
1,0.6735001116192929
0,0.7002883219969521
1,0.4873728013144733
0,0.5141977506275324
1,0.6116552941409268
0,0.30260567166784297
1,0.4947540773535661
0,0.5049716305667953
1,0.6439765163097952
0,0.3203477679944134
0,0.6311177430777143
0,0.2642161710877261
0,0.3613587452242554
0,0.6532779141593608
1,0.5802186331593666
0,0.43409883083119644
0,0.3708356818583053
1,0.725779022931127
0,0.6197793811815644
1,0.7686513002528155
1,0.6898613582012479
1,0.42580068112114866
0,0.4879145389787273
1,0.41837681796275955
0,0.33406682989598363
0,0.3677869274239747
0,0.6832410558319789
0,0.2185752846796873
1,0.7999463363162562
1,0.5695025644951436
0,0.24679239497472547
1,0.48978791302869407
0,0.3501619715126374
1,0.6463255823318496
0,0.4620194200434216
0,0.2475606353771017
1,0.5135913290227322
1,0.5327709553139975
1,0.688426340447168
1,0.22646527100070135
1,0.4269493303676132
1,0.3990294746311805
1,0.7918724922949011
1,0.5967188346595255
0,0.3920129148448297
1,0.5716345792839892
1,0.6086101889108776
0,0.19625250513916184
0,0.365826150685304
0,0.22150993498580726
1,0.4360675101336602
1,0.6715179892318246
0,0.43864095692116084
0,0.5025768725985431
1,0.5362686290643559
0,0.6526567733442447
0,0.5404668958966587
1,0.7140845773010743
0,0.6064116190630492
0,0.5600096448973353
0,0.45235894593723014
0,0.5940987050707152
0,0.27554393281962225
0,0.4472227677781007
1,0.5955228351029483
0,0.34257086135011894
0,0.537757575525404
1,0.5836680821018952
0,0.3820352589744993
1,0.5923845219808809
0,0.37786466652215894
0,0.4030263635609862
1,0.416162948135232
1,0.5351497915549718
0,0.7258214999574415
1,0.6681408484775474
0,0.5302479219448856
1,0.630583367327693
1,0.5055467721546385
0,0.4734284842377154
1,0.4394870568425844
1,0.6854114016084316
0,0.2656630402311569
1,0.4991715493798372
1,0.4823142347919937
1,0.5162426311788688
1,0.5233534286661127
1,0.705903293146389
1,0.3019036283683189
1,0.24839378982393648
0,0.441610324732293
0,0.5056530507477546
0,0.525171788721152
1,0.7094944028064261
1,0.44821500379424944
1,0.6269109336586021
0,0.5898461758057573
0,0.36818664836361564
1,0.7387575040883707
0,0.3866295395071461
1,0.6373874240356446
0,0.5318289246589527
0,0.4963945872408043
1,0.8385529153846968
0,0.2709275464970397
0,0.4854623861006572
1,0.6191459020935753
1,0.5908722661574597
0,0.2562238136918347
1,0.6186887454507547
1,0.6522898062130909
1,0.29935417020097627
0,0.1514283849514127
0,0.4673659639568891
0,0.36379226566102296
1,0.6079338281837633
1,0.38659426351045356
0,0.3171997422183898
1,0.6154068422293058
0,0.7427745255101783
0,0.17693578580746958
1,0.749117083295104
0,0.40577118648796934
1,0.6865175412998273
1,0.7445843209223986
0,0.8588907281478219
0,0.23951272581623836
1,0.27980580864992227
1,0.4661081851809034
0,0.6777819224154095
0,0.41651519332321213
0,0.5200475187232182
0,0.7029824152673867
0,0.2051237427238879
1,0.6238115426724382
0,0.5948928841013451
0,0.34331842787888883
1,0.7826394524568416
0,0.6356697915980103
0,0.5626679290703306
0,0.23943452115469724
0,0.5531221568778182
1,0.7713787497449535
1,0.670622403964022
1,0.5024641389843949
0,0.5753129948571765
1,0.5662171368159274
1,0.44113838383533766
0,0.1775415371739535
0,0.29257582780508196
0,0.5777099844114318
1,0.5433716457258593
1,0.5297847379468089
1,0.6556703175558617
0,0.8023976101976972
1,0.4756997996587277
1,0.17774229075225512
0,0.646393805662658
1,0.4128632074519223
1,0.43837969750308053
0,0.5852836221739708
1,0.5586607916225361
0,0.7260908611067868
0,0.27713478466602354
0,0.4689558911732804
0,0.2388289051128715
0,0.473253836231035
0,0.2658999664008962
1,0.6680135969503919
0,0.3308557881173503
0,0.2091443572178817
1,0.4180149633268152
1,0.5549203471018412
0,0.2406277282435585
1,0.7523731656775331
0,0.43734145965802645
0,0.8175319135229411
0,0.49033141022855864
0,0.573298305351163
1,0.4993808084517172
1,0.7163501621935165
1,0.6101014373594235
0,0.39418858887524494
1,0.6541044273304265
1,0.6981929767305637
0,0.4385111571403681
1,0.43497758426830835
1,0.6314218105477493
1,0.6932187221243563
0,0.5877483978669387
0,0.629361826400687
0,0.13111506326529157
0,0.4792921231974865
1,0.7134298814031507
1,0.7403793583183924
1,0.7793270831196915
1,0.46146042236945567
1,0.5609640777669987
0,0.24061347395288998
1,0.4738438796153794
1,0.5645810307342792
0,0.2405924466294191
0,0.526345930148098
0,0.39892283851593596
0,0.2880295371294024
0,0.28132249405258813
0,0.5820495467974482
0,0.32035979834216477
0,0.6292647249629253
0,0.26160170617989587
1,0.7717241379290233
0,0.29057126514466375
1,0.44447033501753047
1,0.6213444070779819
0,0.40153447018495925
0,0.7123271766679844
0,0.3108747273838283
0,0.37902382872272716
0,0.14672455293754894
1,0.652635361040193
1,0.2722571140534647
0,0.6094411318540205
1,0.5680637201874598
1,0.6652096230728213
1,0.8286963067814441
1,0.564694648176781
1,0.6561593100721747
1,0.7538442834637217
1,0.6104463059349673
1,0.7059956016970064
1,0.6915308525280702
0,0.4736632537964977
0,0.5585035772447301
0,0.16012862116914844
0,0.452454564796284
0,0.5326075334522222
1,0.47193839299234025
0,0.30291179631236553
0,0.5660131876448885
0,0.21281598075007752
1,0.5587094186714127
0,0.2803565633017346
0,0.47421145514412494
0,0.31544341706750856
0,0.33370096431847585
0,0.6560847220586431
0,0.40531945902920297
1,0.6776501055946401
1,0.22347731904497506
1,0.4049411664797207
0,0.6268856040749052
0,0.3170472602499497
1,0.7682233559584875
1,0.443305622294549
0,0.4082884808189125
1,0.4124721393577205
1,0.610653106602978
0,0.26857844959647553
0,0.2808081929139476
0,0.6098134505727297
0,0.4834109259463929
1,0.6096217496761506
1,0.3457216795468262
1,0.4527083244428683
0,0.5753399013399079
0,0.36512887519083626
0,0.5322774554649559
1,0.8845177618479013
0,0.4202374262339983
1,0.5171518019392702
0,0.4290119921972266
0,0.2638784586701753
0,0.4217224114934449
1,0.5099425326146005
1,0.6029988684904001
1,0.56197740454875
1,0.7851501752180893
1,0.472445814511061
1,0.4340139337300674
0,0.46959296786950316
0,0.49291184872489135
1,0.5717516550587541
0,0.3597447618944249
0,0.4138289594626031
1,0.7701274481524811
1,0.8022163900591028
1,0.6368575746506391
1,0.5714651017942484
1,0.622579516463416
1,0.575345933244036
1,0.5188651660407007
0,0.17600815858277571
0,0.7340974188901702
1,0.22044320597332867
0,0.6370602830594776
0,0.7353771077624935
0,0.3268970779237249
0,0.2048927587140384
0,0.18094913872911372
0,0.7397544240474404
0,0.6133581674197444
1,0.3724573679597506
1,0.5182493658992072
0,0.4316010582965817
0,0.34058763606130815
0,0.3143798286233039
1,0.4210476013321231
1,0.4356957442946123
0,0.2813685632935991
1,0.5783333078197969
0,0.5613298281766069
0,0.6196224173014347
0,0.6398335725744624
0,0.271338375274628
1,0.31222960676209377
0,0.5427807755896835
0,0.3082855948702969
1,0.85550775060089
0,0.6843758855433497
0,0.34019799482087315
0,0.35160863662984987
1,0.2824202976929625
0,0.5662315301523977
0,0.5067505994960626
1,0.789872190413842
1,0.6638427421099439
1,0.6800178265057214
1,0.6702535876048907
1,0.4233548139774196
0,0.6610824201700772
1,0.6366932894223765
0,0.5797057202417624
1,0.49516610752202345
1,0.5773850819612466
0,0.337065033562262
0,0.4265994585620473
1,0.38199696550706724
0,0.3858671467263731
1,0.8840402330141396
0,0.6676919218403614
0,0.562543512721297
1,0.8144927734296407
1,0.4539773708476247
1,0.816791925997229
0,0.39210879613173094
0,0.4678067016753559
1,0.365530931867676
0,0.8490824896941978
0,0.6860971524801189
0,0.4274814974407237
1,0.45638067964946477
0,0.4379198256867465
1,0.6372116878009374
0,0.2941035162507468
1,0.818967607484111
0,0.2899102005981786
1,0.5390029738565661
1,0.3033244840399876
1,0.3183583462759292
0,0.5296827845943295
0,0.48260560314306833
0,0.38465344439918214
0,0.4170700832092888
0,0.6535825378127906
1,0.48522857582367596
0,0.5437197029614957
0,0.4474308363801592
1,0.687069181816915
0,0.2032963908266929
1,0.7354230281524026
1,0.48662434959417944
1,0.643662324104838
1,0.8603939061313551
0,0.45664204271253833
0,0.2710181065788339
0,0.17756496345098632
1,0.5034593532067652
0,0.480206912691638
1,0.21754322851129196
0,0.21490885144283514
0,0.24376142633738093
0,0.6943615114820069
0,0.4119299429234625
1,0.6342365242943048
1,0.3569415399954015
0,0.27234223940689317
1,0.4633190768484135
1,0.670877724883083
0,0.28112008772536123
1,0.6067417453348555
0,0.23107527442839185
1,0.5702113820060412
1,0.612474265079857
0,0.520553482825046
1,0.47068908160589185
0,0.27804483607930763
1,0.8301890151079651
1,0.46640084041025864
1,0.3556827196285622
1,0.6799803486812559
0,0.5532502043505992
0,0.6446900417371907
0,0.7407704752152448
0,0.2680835490198314
0,0.3650285965125961
0,0.2750757267267653
1,0.5679097876746996
1,0.2748805623608427
0,0.5982301191303008
0,0.2700130553104563
0,0.3469788369594741
1,0.46806888310169936
1,0.3063854419637545
0,0.7721231480062254
1,0.6457737560831122
0,0.41565147432585986
0,0.33631158455490495
0,0.6021313400748992
1,0.6695207456650054
0,0.1357494352063245
1,0.575366956784745
0,0.6885836213352632
1,0.7491863780832007
0,0.5082969077722388
0,0.20670285479921766
0,0.5202282904694117
0,0.7067946411088433
0,0.5217051719478948
1,0.4988290534963709
0,0.3976168950771544
1,0.5542851705654023
1,0.7888074557929762
0,0.7956115693983028
1,0.7714822495619935
1,0.5340189319280381
0,0.31302369366421673
1,0.6248712432484669
1,0.43809936206775923
1,0.2532533100692284
1,0.49567563531790493
1,0.661156196411677
0,0.21517696573361575
0,0.5707161816267516
1,0.8274928813284662
0,0.2168315736442293
1,0.3201437822480806
1,0.5958665739621561
1,0.651087219912023
0,0.6223151091097081
0,0.3701822656787779
0,0.6742340308764334
0,0.5186637457544262
0,0.7507165775219705
1,0.759553483669714
1,0.6384168674693982
0,0.2938313483922547
0,0.3573126576122849
1,0.4643484156113606
1,0.6442763040435245
0,0.33954678289553397
0,0.6353454658012734
0,0.45239592914127896
0,0.5127699341279051
1,0.691102635754795
0,0.17566672393299004
1,0.7529920233646723
1,0.3891083277398716
0,0.3831983725126825
1,0.8466177472171049
0,0.17830587634782205
0,0.2545840352548285
0,0.5775354807616689
1,0.4965577872160685
1,0.6146196488782972
1,0.5533723656274727
0,0.3543399028435363
0,0.34528212435991656
1,0.40574262051966753
1,0.5308305093810058
0,0.5441781788039249
1,0.5498460924773916
0,0.32006828293117967
0,0.6079368260975807
0,0.6812169365800311
1,0.659535802585785
0,0.5213540207786411
0,0.32293277473377197
0,0.6228676072598044
0,0.37388253747220224
1,0.4798940222517194
0,0.6515373545382313
0,0.4547951923470816
1,0.6558596773216299
0,0.5341237502842376
0,0.23851495716346366
0,0.465167643844731
1,0.42704949781220886
0,0.2550758573900609
1,0.3794715990570886
1,0.6480141811652855
0,0.40619543972702365
0,0.33964069606004255
0,0.4719492733024893
0,0.2182332670301889
1,0.35966427044943383
0,0.5967216048778973
1,0.7615748232338023
0,0.5923161010602025
1,0.7785614576761536
1,0.7444224603510369
0,0.26487120737885367
1,0.4491188587513712
0,0.5236368408655626
1,0.5582152847560469
1,0.7234374066526638
1,0.6034529046576292
1,0.24994479683810145
0,0.24474347969393995
1,0.6738879685668504
0,0.3213832352900388
0,0.5691185945009475
1,0.2514935231404205
1,0.470782942683107
1,0.5254212658716175
1,0.6887562644462711
1,0.20363689964281176
0,0.4434367109789804
1,0.837911203976923
1,0.39102980020290756
0,0.2515688937194047
1,0.3478572788071356
0,0.5571970110282936
0,0.4083149883651324
0,0.6079306253390638
0,0.48007428812762715
0,0.6211126584142043
1,0.8298914349400687
1,0.646734620615798
0,0.2600852216072727
0,0.6844109553888961
1,0.6377093260706596
0,0.4416009709647173
0,0.6761598497846436
1,0.40713329965529554
0,0.30402543411937727
0,0.5483086699298686
0,0.581253177028446
1,0.6849532438075938
0,0.43160254760043193
1,0.386545913076567
0,0.48929935019439785
1,0.35313604176918256
0,0.7605932469774094
0,0.4521595902671107
1,0.5098642085482377
0,0.3489093989854143
1,0.634840726442046
1,0.7536072427685674
1,0.23465861356732126
0,0.5760547755670065
1,0.590567715272416
0,0.3901022755218223
0,0.7000140601308732
0,0.479237806007119
0,0.2224586507516292
1,0.5688708867478374
0,0.6066323414661657
0,0.3798674692485252
1,0.7028040425980512
1,0.6272234234835639
0,0.5049441076715234
0,0.18570174312585697
1,0.41747334030584793
0,0.15541416429310279
0,0.4015080579357322
1,0.8329845634479969
0,0.35879896688640556
1,0.2821089672579623
1,0.8668055000792116
0,0.6154814566276058
0,0.5213139259024392
1,0.6510956086349523
1,0.6800491205251094
0,0.2278989441795401
1,0.6645744102501013
0,0.611877492092865
1,0.5760710152152988
1,0.6040273389509823
0,0.36139892962175646
1,0.46745235841677824
1,0.5806974831096269
0,0.24823598030303728
0,0.2867783632662776
0,0.7017921168054929
1,0.8021908807694856
1,0.6988806836168302
0,0.784763170577594
0,0.3145348872012797
1,0.48138478843545507
1,0.6269428908562696
0,0.5717118654656764
1,0.19720823627045148
0,0.6826033680927934
0,0.30308993916190946
1,0.24144940029481915
0,0.5057595345789042
1,0.7880042131315197
1,0.3247252734868927
1,0.8256791787778762
0,0.4834444634688286
1,0.6071063488248712
1,0.34596188108974896
1,0.7029050310565927
0,0.6362913360995676
0,0.6323612632850073
0,0.642766663563503
0,0.5720295743768616
0,0.15787116216934982
0,0.36929656257080734
1,0.4868083311483765
0,0.21612375536051381
1,0.46558673123883165
0,0.28934491885987457
1,0.7165059029015467
1,0.6137547877465006
0,0.5453924110926849
0,0.4597195510425514
1,0.5142117310708095
1,0.4431432933981381
0,0.5656507952386736
0,0.6353274276347782
0,0.6802884963068392
1,0.7242366269758705
1,0.3493096571617107
0,0.23335491055133925
0,0.24254780221566008
1,0.5604031270467115
0,0.451421573614796
0,0.17583802969454687
0,0.3675379729939029
1,0.28073876851552326
0,0.6071735264880049
1,0.8163298128628268
0,0.34851503396629874
1,0.6159378035857436
1,0.5581572053493165
0,0.2726413335036659
1,0.26593453194028516
0,0.21768270433500192
1,0.7106798701390552
1,0.6982707121201327
1,0.46142739239016456
0,0.28329640616686025
1,0.5244559564067209
1,0.44045312078506355
1,0.6835623806242471
1,0.8491116850181437
0,0.3933867541978691
1,0.5070333231180106
0,0.6305439303352658
0,0.5104960308160839
1,0.6177728655186258
0,0.5301696979497126
0,0.6017490216481316
0,0.4861033211642025
1,0.8560865105872028
0,0.39863066191255
0,0.30777401082573236
1,0.7379283992320446
0,0.27421535473249503
0,0.498802770460456
1,0.7466986744853849
1,0.6655295029979357
1,0.8096360876366758
0,0.4938593664018727
1,0.6042759909089234
1,0.46873336409751154
0,0.5125203702972392
1,0.6703588202483526
1,0.5997849902952589
1,0.6865248473345036
0,0.19641565461582533
1,0.7575116571282884
0,0.6727976475102918
0,0.20503622394304924
0,0.4617824340113171
0,0.21865481779307167
0,0.39343732885537425
1,0.48129786820542253
1,0.4933612516972827
1,0.752008601204631
0,0.2867651551799386
0,0.20616782362215258
0,0.4203378258437321
1,0.3948205611679299
0,0.6708719508955243
1,0.6183105645457526
1,0.6186902035761784
1,0.6454272322737404
0,0.5542813625029124
0,0.23163800514187707
1,0.36816928944631894
0,0.650623127361429
1,0.8316381756435207
0,0.52272850718543
0,0.5976022817748157
1,0.46744183349713403
1,0.6521340719992672
0,0.3918910992614936
0,0.19492525676831604
1,0.4948332389867512
0,0.41723334997236244
0,0.42603793412478413
0,0.5845174858836579
0,0.5299224634496923
1,0.4362804374767002
1,0.5070741307296105
1,0.42784592206549776
0,0.42797404381783855
0,0.42927966984670196
0,0.4896650699310713
0,0.5132559474327867
0,0.6389209743173325
1,0.26335625738458124
1,0.5324916560098297
1,0.5000363446352848
0,0.29816924964974734
1,0.4944414480950341
0,0.5050793320929817
1,0.7535119746877115
0,0.5225533838269656
0,0.6581271604318992
0,0.6293351417771472
0,0.722895720369418
0,0.5398940027162946
0,0.4142617263188328
0,0.3087023734934129
0,0.5287516593421535
0,0.5614148517969192
0,0.46062528117224616
0,0.31894219546192404
1,0.5568439742746066
1,0.7623171400241894
1,0.2613648682472752
1,0.6820791604653489
0,0.39413856736657094
1,0.3310621875453061
1,0.26242866372756335
1,0.6216871930734974
1,0.4485518051147248
1,0.7525067693049775
0,0.255768026784359
0,0.6704427532569798
1,0.6082958072178889
0,0.5851413316784695
0,0.4295676245858819
1,0.6680499790379812
0,0.2348274818322681
0,0.5921402071132335
1,0.5647462620342054
0,0.41746758694754127
0,0.4968367405111112
0,0.26269030750641414
0,0.5118908106801587
0,0.23937071564150014
1,0.4321625661595844
1,0.7055201734293963
1,0.7543462519656494
1,0.6562585562416028
1,0.5358752647379129
0,0.43365646558641663
1,0.6718034644918441
1,0.2962784731022802
1,0.6152869921564512
1,0.7115075983439306
1,0.355638433161871
0,0.5509869464094073
1,0.6331285788394798
0,0.7897595640058255
0,0.5057930528511281
0,0.7120523759495656
1,0.5086159653591006
1,0.7308433326973868
0,0.42156565983029215
0,0.32071899141768295
0,0.40777811729278396
0,0.5872878874297852
1,0.4257010012481567
0,0.49655946882571417
0,0.22530247515076635
0,0.33907075198159214
0,0.3272478494775231
0,0.5218908732358487
0,0.31180204610864215
1,0.23916142178124944
0,0.32683515052443024
1,0.3441547273443076
0,0.3106388330723113
1,0.4912289576110737
0,0.47300068603190987
0,0.5534604987059081
0,0.7723653668084608
0,0.4455363047446096
1,0.4451460070445728
1,0.6850512949778511
1,0.8472247209357398
0,0.31712197700079037
1,0.4938276519854268
0,0.31808867155197024
1,0.518727391816052
0,0.6706601977813883
1,0.4119795897276757
0,0.36502311927743747
0,0.6151780527499112
0,0.40881231470778095
1,0.6702998120282048
1,0.40138995002528316
0,0.2840386941202043
0,0.2667785216639278
0,0.3854530084097161
0,0.2687266068825154
1,0.6172471275258959
0,0.6777007000411543
1,0.7271949020398389
0,0.21690915216239556
0,0.4853203918213008
1,0.48428053781887337
0,0.5674097107689927
1,0.6766532721172803
0,0.6432672315457297
0,0.38200792999617833
1,0.579168565138916
1,0.610305918650147
1,0.5742907891943773
1,0.3816726526772853
1,0.4434157594710219
0,0.6871506001533688
1,0.7868227864398988
1,0.6670382058897303
0,0.4456393176692373
1,0.4837013898482525
0,0.27977724246521896
1,0.5107227389322115
0,0.30983398367396514
0,0.3645509214354464
0,0.5669865411755497
0,0.33531197391141637
0,0.48554959465287817
1,0.24694799742396611
1,0.5224616081343856
0,0.26390501271811934
1,0.7639184818956927
0,0.6656695986002356
1,0.45016346642891086
0,0.5957725765137384
0,0.4979954002444469
1,0.6445747508781533
1,0.2965695041954444
0,0.3992403770476838
1,0.5170792899374467
0,0.6488104170288632
0,0.596883818384692
1,0.517872289805538
1,0.5497815373005949
1,0.7205149234228672
0,0.4001438700562959
0,0.7082194751387243
0,0.13414860780741464
0,0.5858164548868957
0,0.5212455518803064
0,0.6459101299204764
1,0.46892844866261096
0,0.6030723860714722
1,0.6697228268687393
1,0.7008885201820192
1,0.5856366729473974
1,0.2680116468295569
1,0.8680838439558977
1,0.5568959319940155
0,0.325018161946963
0,0.6261455912069309
0,0.45803056785375174
0,0.5783835718480299
0,0.18164960304118904
0,0.48055298585001327
0,0.4968905437302639
0,0.6450349772843433
0,0.3282197342882796
0,0.786546979373317
1,0.7162720648881288
1,0.6758982094799213
0,0.2180799675890626
0,0.509016803074679
0,0.7342678923731235
0,0.4592616215327866
1,0.7099975981151897
1,0.7881754252667817
0,0.3066881636115425
0,0.41104668100742986
1,0.6603394071293364
1,0.31907224493662967
0,0.49091833767962506
0,0.3547365028411301
0,0.42968413861297594
0,0.39538576845898304
1,0.40260325241200773
0,0.616268483091057
1,0.6412432942367496
0,0.2778225074768026
1,0.4711625306837685
0,0.2661828616195233
0,0.40623794233824284
1,0.28494326582548807
0,0.5163098868661491
0,0.5795803376417594
1,0.5470034318221704
1,0.535128300175854
0,0.49847120290420094
0,0.21435306170832322
1,0.6498134869723209
0,0.523637480778928
1,0.5872283926464535
1,0.6517986080934797
0,0.6200420199385538
0,0.8367329342057604
1,0.6647226231590585
0,0.6261869221342702
1,0.5253228595635842
1,0.6903121568739329
1,0.5775657043644173
1,0.3481093779151166
1,0.6046188644956121
0,0.370523823104853
1,0.45291350259401075
1,0.5431951390395638
0,0.4356348267668387
0,0.8095528819736656
0,0.6386983490777483
0,0.27774867068647896
1,0.44494078230741746
0,0.7304881901594247
0,0.450095801247785
1,0.4891564528799134
1,0.2894860810466561
0,0.13086186220356405
0,0.3287489610030739
1,0.49750729684839295
1,0.49418484673593216
1,0.614812725996592
0,0.4427556602881233
1,0.47038869942091266
0,0.5626133196233146
0,0.4601970223790525
0,0.7221190115343502
0,0.35952817850880625
1,0.6978872146407242
1,0.7378037619788209
1,0.7053139427903414
0,0.5292476530713691
0,0.23395613390683234
1,0.5238668999482899
1,0.5157760423403231
0,0.40296828757358544
1,0.4202279298492287
1,0.4235712548989872
0,0.33610218824308646
0,0.5908851298560932
0,0.5652101274285897
0,0.6694494149238146
1,0.5943233976508665
1,0.7199548994160708
1,0.5847534393979242
0,0.4604045325591229
0,0.29835022069902706
1,0.5004217119845118
1,0.6888607285570443
0,0.436701963964581
0,0.299651097072142
1,0.47926130091274094
1,0.8827195333425779
1,0.6710494581390872
1,0.5785216609533529
0,0.2759136549981127
0,0.7499998647310692
0,0.40914724307507344
1,0.8798433956639546
0,0.45320229026303616
1,0.5298604274935507
1,0.4069997042188276
1,0.5508103336599478
1,0.5298893818418191
0,0.5414319504600206
1,0.21001377421404333
0,0.2132123736297152
1,0.48267697735820575
0,0.33207119910379224
1,0.6539776141993511
1,0.6646492860705004
1,0.6419852194008309
0,0.6824312562854091
0,0.1974708423531322
0,0.384038052505134
1,0.6182573162968903
1,0.3383228035596239
0,0.22928656884812829
0,0.3954143534260687
1,0.6865837903145586
1,0.5946098562343971
0,0.4447273521918439
1,0.7908530249010631
0,0.5244184315371807
1,0.7109505991647993
0,0.20344386206443604
0,0.5885910502999696
1,0.435800092038222
0,0.5475717557358658
1,0.7643854657984894
1,0.44361680529884306
1,0.6525472904783866
0,0.14245147705969438
1,0.34730300258702784
0,0.2955102908432467
1,0.6909067852821538
0,0.5141790615265234
0,0.5310311805075587
0,0.5038512559956452
0,0.6708826216694154
1,0.5903343420346043
1,0.6038573023374426
1,0.3136967921590024
1,0.732166756197485
0,0.4289345593791814
1,0.5729220481084409
1,0.6428814011215108
1,0.5490312493147553
0,0.5761671173960206
1,0.8179853801380002
0,0.41378114163865204
0,0.30957318083068364
1,0.6077996153373051
1,0.6448825192734271
1,0.48095925056710326
0,0.8157021089716081
0,0.801226030598972
1,0.6747538349381756
1,0.5284071796373738
1,0.5078294574291448
1,0.5790569320986909
1,0.7543257184883422
1,0.7521393859793746
0,0.6270013885892335
0,0.3936332250876854
1,0.7606873114597195
0,0.23564580503450566
1,0.3089470098502522
1,0.6002263195409524
1,0.3393864570510493
1,0.7098661500179029
0,0.43738854814018224
1,0.590200145719179
1,0.6966713885317477
1,0.6169273919357686
1,0.7037902952699723
0,0.15050385661311066
0,0.6673040414708273
0,0.40366417138462557
1,0.6198286719969295
0,0.26016674590431216
1,0.5572387810764813
1,0.7670478327634388
1,0.634757044318954
1,0.5918660139321964
1,0.8284295076833906
1,0.6618591860530183
1,0.7321137418206503
1,0.40519188078385693
1,0.8412870586974406
0,0.7494469992818923
1,0.6306886731524047
0,0.6009751212081174
0,0.37322479353497046
1,0.46518744602278567
1,0.6642857046897661
0,0.4671226288184885
1,0.4588039781523855
1,0.4276144415556064
1,0.7264814048971823
0,0.2512134543812303
0,0.24859647589790884
0,0.36307029901763654
0,0.29528238635315274
0,0.5967555396414667
1,0.44290332141199074
1,0.7310420541662968
1,0.8487779633871189
0,0.5713198584251459
0,0.18643046451934475
0,0.3375831513396015
0,0.49607254246174015
0,0.8243599689844541
1,0.32581145606940703
0,0.49618872838547856
0,0.3119380051690585
0,0.35290426837598665
0,0.5430496728870298
1,0.6750053558670581
0,0.3553927063644283
0,0.2934683261035452
0,0.24193157380134495
0,0.5510816024393435
0,0.20730771269774206
1,0.6244005544705913
1,0.42160464528843417
0,0.31977326320356514
0,0.2694307680829982
1,0.6156265179395739
1,0.6237370565188801
0,0.29458026433838724
1,0.5817586806607602
1,0.5549957563571319
1,0.5033411943285517
1,0.8296576299334646
0,0.781948246870686
0,0.42619653589370404
0,0.48866613056843095
1,0.5043322166728532
0,0.294364021612479
1,0.6860772833120079
0,0.5607741285917475
1,0.38675592182016333
0,0.28012145032256824
0,0.37817697402093464
0,0.4072697649515193
1,0.34690014621295384
1,0.49884412053777144
0,0.17547131880720343
1,0.5135613851995862
1,0.6234033249829211
1,0.8117489428800015
0,0.5099821659396405
0,0.5753025478495808
0,0.41567567579197695
0,0.46477299565865676
0,0.22357739007055444
1,0.7441049949653155
1,0.7342103048263421
0,0.3652119390599875
1,0.2485038776671906
1,0.21017132924548917
0,0.1901120316992193
1,0.8048070018848624
0,0.49024756484248583
0,0.5942391874838099
0,0.6705725117917539
1,0.5946168678565559
0,0.27092346083201196
1,0.5113259933903832
1,0.3730863480864948
0,0.5909528068262258
0,0.5567461949593405
1,0.8053642657226565
1,0.6383929479529258
0,0.3533518617099899
0,0.21769989562405084
0,0.4838275023321553
0,0.13218249297496376
0,0.31709951016612586
1,0.8176548521050179
0,0.3560989934842143
1,0.6128108789805764
0,0.5029073163747225
1,0.3252413474853528
1,0.6407509227403495
1,0.6410775072729943
0,0.42901357380566696
1,0.378062915078606
0,0.5161132385056836
1,0.8477324739481937
1,0.24396830711487702
0,0.3076311641239329
1,0.7350160471922172
0,0.29994241710922537
1,0.3912247320648384
1,0.6744291472319249
0,0.5520624530158925
1,0.63168590653817
1,0.4816200319060719
0,0.21461784916100354
0,0.4237082876445806
0,0.26791174309405097
1,0.5886118775512202
1,0.5786544290159
1,0.6771836010050318
0,0.5151104270476328
1,0.45201126923272933
0,0.7669188691741823
1,0.6195676059429723
1,0.7853875157750791
0,0.2746608002763561
1,0.6479553829292063
1,0.4505543742610749
0,0.4397713591158907
1,0.28609075960266456
1,0.2291975022200041
0,0.3646455780628006
1,0.289821252844603
0,0.40248991966468806
0,0.46180125654589915
0,0.3654868287535135
0,0.42971513071763695
0,0.691263635195438
0,0.31971631501310394
0,0.27084872373075536
0,0.47153123947262393
0,0.3886025891206146
0,0.6757276299723185
0,0.5536319978032102
1,0.7169567621533722
1,0.572678972611997
1,0.506951025744381
0,0.40968127454716896
0,0.31245096725211
1,0.6100843859291968
1,0.37979590965462373
0,0.3282861426539429
0,0.18490404906550587
1,0.771257404938978
1,0.3903833752482461
0,0.35579874137750045
0,0.372400547393734
1,0.6883925241376192
1,0.864418788871077
1,0.19780393104134936
0,0.3184370398671677
1,0.7355845890703688
1,0.7416747978236016
0,0.2540001391371812
0,0.500646685813312
0,0.24357655351610505
0,0.3641476120460143
1,0.6555839048998264
1,0.597128347514939
0,0.4678610774980981
1,0.506040482514202
1,0.7412944534704903
1,0.6624985243524097
1,0.5697000946787213
0,0.45626725580336575
0,0.527445960789608
0,0.5620544791479198
1,0.4029846927542813
1,0.8098032892808664
0,0.5542982162297412
0,0.20564253923305
1,0.5586356050714274
1,0.1708595307454425
1,0.7405576638393172
1,0.3247769201865655
1,0.6210541781339906
1,0.5233347279761955
1,0.6846195633402807
0,0.378331804362257
0,0.5300049716361934
0,0.45317008026489397
0,0.567124867921508
0,0.7822581694441727
1,0.5790194318444629
0,0.3202627540127513
1,0.35623659005847486
0,0.3503164062115714
0,0.4809713095531325
1,0.5650608832926552
0,0.44479729937630913
0,0.36805652034388936
1,0.6300328324581187
1,0.4357529265270699
0,0.26982834815533047
1,0.7730457842196794
1,0.49416667507396084
0,0.826919677701085
0,0.5100061478393181
0,0.23854593067982424
0,0.765816089345844
1,0.6914962982135388
1,0.527750796765219
1,0.4393895289320233
0,0.4893044880630058
0,0.552108998609474
1,0.518146197761939
0,0.5389259508937109
0,0.5236211299658071
0,0.5758546570086938
0,0.17750249076790423
0,0.5837799455888679
0,0.15789671913121467
0,0.35168423874062005
1,0.3781622795395042
1,0.4695953543268243
1,0.48719472652459084
0,0.4785554143370604
1,0.7615594229940931
1,0.5339864351468856
0,0.29040227483981246
1,0.8761271591157225
0,0.30540402466060107
1,0.5367603016347501
0,0.26343195090264954
0,0.5372030450103583
0,0.567157538638143
0,0.4625957321348628
0,0.3766625630301174
1,0.36029198940155643
0,0.35531312496687556
0,0.5116466026094902
0,0.2524424512612341
0,0.5321757093281005
1,0.727392152792687
0,0.5150073841027476
0,0.5438115496598299
1,0.822902873006794
0,0.4453587964649246
0,0.32662998096452506
1,0.6734026819477994
1,0.4413341753885017
1,0.4485942113180575
1,0.6486114343295514
0,0.2290749783437813
0,0.5689148150553196
1,0.6274161331110123
1,0.5423927415655575
1,0.5002762756117265
0,0.6157663283400162
0,0.2880631783724668
0,0.6419343678637066
1,0.48580900692766366
1,0.4160086473136111
1,0.4873985583882912
1,0.4441239611149736
1,0.8535329780231498
1,0.14562791946574077
0,0.3144826128588343
0,0.31369602096952764
1,0.823719088871153
0,0.63471207434543
0,0.30249603192704144
1,0.5836304367712691
1,0.524372406719131
1,0.7061923534563007
1,0.7498600386317558
1,0.4759146193258543
1,0.1959497697091372
0,0.6906699369665487
0,0.4211993440069797
1,0.515724729053008
1,0.6190052435453329
1,0.5815688295502227
1,0.6570639695673431
0,0.39800077060473765
0,0.6251214746234761
1,0.4406440914169557
0,0.36996394630268226
1,0.45169950484291854
0,0.1852520976343785
1,0.6698613715122766
1,0.4868425561294237
0,0.5118125147936715
0,0.30831300517153754
0,0.33042594855884483
1,0.48163795989326147
0,0.35878837772728395
1,0.8015464213437759
1,0.8767193633476895
0,0.2600055089859841
1,0.5548968935215545
0,0.5155677970410597
1,0.23720309589389987
0,0.5485038573321518
0,0.7358978915516046
1,0.4555173214192757
1,0.18313795367142405
1,0.672186935185269
1,0.597719624621058
1,0.4362025447068509
0,0.22664460066870185
0,0.5742077038386263
0,0.5956325977330655
0,0.37717952859873743
1,0.47953481475026
0,0.668889222716691
1,0.6868594728452774
1,0.7880478253182578
0,0.48820296123132356
0,0.2325621462562377
1,0.14359977940753774
0,0.6389011757336874
0,0.2976582709260097
1,0.5582163624491733
1,0.5932099623629786
1,0.6740557164674607
0,0.4285214042033695
1,0.4498657264352781
1,0.6553142142644645
0,0.6359409166625074
0,0.7789765234665769
1,0.6938749560142113
1,0.5060389548492878
0,0.42811381126079245
1,0.5056027454232961
1,0.7449088949277598
0,0.3248954783430967
1,0.6948266725150966
0,0.5617820351193756
0,0.6511688959312799
1,0.6429316633640627
1,0.4069538122594296
0,0.44261263841198145
0,0.3836254220440907
0,0.32275603226607835
1,0.4882318065615723
1,0.3668526493270901
0,0.35316902525522814
1,0.26612073846713347
1,0.5257318160553897
1,0.510216240731856
1,0.5757665847451626
1,0.5131077495754841
1,0.5521706843742082
1,0.36870657839314264
0,0.31550542051076474
0,0.2759869853788593
1,0.3577321214199329
0,0.6366719130003557
1,0.39231630513590865
1,0.3298039238726561
0,0.8032229479724152
0,0.6384209824503705
0,0.5227031963968972
1,0.5486935844066985
1,0.7668288701598933
0,0.45657111523427596
1,0.5608130748072544
0,0.5290279892510673
1,0.4800585189980862
1,0.6902857927356392
0,0.7203144398974235
1,0.5950252910063543
1,0.4985123816688965
0,0.40826694437388966
1,0.49383797053138184
1,0.2802825609773756
1,0.5251089448736967
0,0.19992018292171718
0,0.7465944505857154
1,0.6258289935709188
0,0.2888482475552833
1,0.6320137712169662
0,0.24230074036459628
1,0.5977253803475093
0,0.6159092250588516
1,0.5224624232732998
0,0.4811189969899083
1,0.47670686939679635
0,0.3178040212088345
1,0.5596244644463821
0,0.21570580914541826
0,0.4682343349294261
1,0.7139668591463053
1,0.5393802834564189
0,0.5498444040774596
1,0.3165782875207103
0,0.5859486523051677
1,0.398424249478935
1,0.4627661235305932
1,0.4746575435067276
0,0.3061209688769811
1,0.6111601646599807
0,0.4676260553686048
0,0.246201213852724
1,0.1612671288424277
0,0.6759103427358596
0,0.3822708003538894
0,0.31069953157263264
1,0.25949968716996824
0,0.572822653567025
0,0.2826406277334846
0,0.6644676673184918
0,0.40294240050958546
1,0.1900174249424284
0,0.5417757076875174
0,0.584354758586061
1,0.4388441650524592
1,0.5088410086360654
0,0.5511836124056692
1,0.1787753102195176
0,0.5761918454400542
1,0.5236281096463108
0,0.6178326456531877
0,0.40028657778834326
1,0.483533596421761
0,0.5366196614282118
0,0.31742520761787113
0,0.3360336285062315
0,0.502952217301342
0,0.30087951352915676
0,0.4688288425597974
0,0.6053469128413725
1,0.7017265597326757
0,0.5024562568621062
0,0.5833843656689431
0,0.503846416701388
1,0.32822128279860713
1,0.318264864721434
0,0.4912164800597418
0,0.4359222885161355
1,0.7132640556594322
1,0.6871941638916298
0,0.6965914331701388
1,0.4028043054178381
1,0.47403819247442575
0,0.42828684911133874
1,0.8583382444585183
1,0.5030042020954157
1,0.7910078602099229
0,0.43149831019414076
1,0.4576452868960789
0,0.5953338524169295
0,0.20417675839103305
0,0.5053136271132443
1,0.7195046165373854
0,0.2135410180122643
1,0.6113633723600093
0,0.25010907667578974
1,0.6053129004049929
0,0.5250259646668285
0,0.4342924870719242
0,0.46069373123898216
0,0.6033748516819977
0,0.5024673338968508
1,0.7891638267996263
0,0.4324199888378855
0,0.41654387533846693
1,0.4712829362386633
1,0.2214107399726047
1,0.37055234406518917
1,0.8121042723239548
1,0.7621705201669008
0,0.860214536524974
0,0.17374496526150152
1,0.6118685697398196
1,0.40164552325705766
1,0.5138341359489224
1,0.5427084140312304
1,0.7633301933866957
0,0.4830159778310694
0,0.32381169491830475
1,0.5621450953691894
0,0.33478926975984286
0,0.5484460502794912
1,0.7587565519939501
1,0.6665062192089581
0,0.2640560961907443
0,0.3875554673494782
0,0.27771302940531384
0,0.7380443463006354
0,0.452248954538153
0,0.357894074553215
0,0.7864042840800861
0,0.47327670438170527
0,0.3599542039921413
0,0.4034648826052509
1,0.48334678960671673
0,0.30442244709716165
0,0.5463016519201845
1,0.45566328764233555
1,0.5373248827631948
0,0.43830465963782683
1,0.5851474595892693
1,0.8545551809302115
1,0.4438617053851223
1,0.4411347317430245
0,0.3011780869929809
0,0.6260881375094354
0,0.28796344792100237
0,0.38150116561890646
1,0.5419221397794629
1,0.7531114517670702
0,0.27564187312417376
0,0.4563865052287288
0,0.28628285433358464
1,0.3646764182061407
0,0.5946435873654478
1,0.39733727267575586
1,0.8547811713868584
0,0.22123960524357206
1,0.42769850235223694
1,0.7037652266349506
1,0.19026196614800958
1,0.5547807479166099
1,0.18398622989244592
0,0.6746902574872522
1,0.513779573591458
0,0.6118919518134439
1,0.407691641060821
1,0.4135678847334734
1,0.6691444555162821
1,0.5686164770651352
0,0.6745284600988727
0,0.4848903898588052
0,0.4954364602926194
1,0.4667560126069941
1,0.46521943057927995
1,0.5024624320515869
1,0.529576655449532
1,0.680407851090614
0,0.23081862019034793
0,0.6390831835416575
0,0.35178571115314883
0,0.40542612993610455
1,0.7570359981462946
1,0.564925636726657
0,0.5801832625769031
1,0.7592180092372189
0,0.382978321799832
0,0.2686653843668916
0,0.4297544206920696
1,0.638995039243246
0,0.2783996072893887
0,0.5480834970645848
0,0.4483247987672738
1,0.7174025745184974
0,0.27066348613528957
0,0.2051411186872291
0,0.36922861290201126
0,0.5165279080273618
0,0.5045672587773524
1,0.322515927750638
1,0.2583664638746018
0,0.46643550546822893
0,0.6175173618789881
0,0.25655098886135863
1,0.5281832130829589
0,0.5585783928857629
1,0.5771281179040662
1,0.37610965950103314
0,0.8001647786990588
0,0.5457910503825888
0,0.6254599747356442
0,0.5146201202710918
1,0.6860426380540758
1,0.36247523316946656
0,0.5908116687953228
0,0.7164891568051368
1,0.580590327467735
1,0.4564447231323063
0,0.3591683556872351
1,0.4002800177276173
0,0.3349279194323728
0,0.7482070239339486
1,0.615481931522147
0,0.4703134131469195
0,0.5048772452733564
0,0.3041122866207538
0,0.8088911178229321
0,0.5511465852366617
0,0.15302552053017934
1,0.6177251873543581
1,0.21804694802055286
0,0.7867548651360391
1,0.5174156271132704
1,0.5663060487382563
1,0.7064332369853624
0,0.36625603409641216
1,0.3796985021710889
1,0.44141243134104574
1,0.46674311814136044
0,0.26025729723592983
0,0.37178330882085664
0,0.33589124592907593
0,0.2314184130416991
0,0.14274365368082584
0,0.4238530458217841
1,0.36667552735022485
1,0.4655621606451298
0,0.4152451101024845
0,0.6259149096334391
0,0.6490300549025425
0,0.27210452906827554
1,0.5584303828938687
1,0.3310913765671228
0,0.20416710880346903
1,0.647533179218761
1,0.6205365498245431
0,0.5573321734936203
1,0.6434236298813577
0,0.4407930117634538
0,0.39326771826449636
0,0.45217396466794496
0,0.6713923353834854
0,0.4225859642274405
1,0.6335337670037006
0,0.21433047670499947
0,0.3837255545260515
1,0.45802226696000686
0,0.44146665649063654
1,0.4396525690340548
1,0.3827140585046989
0,0.3287903826052327
1,0.34680364002519953
0,0.32669318322348956
0,0.41398137890440184
0,0.3195284976195072
0,0.5117484746991106
0,0.5966505631805382
1,0.6712802398862173
0,0.4953452334044741
0,0.24546738546870067
0,0.35294199721646513
0,0.3516054763268611
1,0.4645918642415262
0,0.5792131116630044
1,0.6733420417910976
1,0.7508483351013898
0,0.2980651136556723
1,0.6812948786246543
0,0.2695312246970102
1,0.5548914553107774
1,0.3722776835017266
0,0.3845695530379099
0,0.1942435852775985
1,0.46329779488896583
1,0.6111686290271233
1,0.7432745716969007
1,0.35231994023832
0,0.20919563425731075
0,0.47997217722130364
1,0.5845476580631412
0,0.688878358906206
0,0.5972666330986338
1,0.698028068950222
0,0.22358832909177476
0,0.41559639740087356
0,0.6080073790389346
1,0.7651766899925051
1,0.5410400272039455
1,0.3254757501626729
1,0.42288154243952863
1,0.7196880868828792
1,0.40358746358479664
0,0.388004238284333
1,0.5630191389695346
0,0.22954112013009786
0,0.4304212128596564
1,0.37514266432150956
1,0.5863126650204076
0,0.3140195031444184
0,0.8439902871551427
1,0.7036597366937922
1,0.5521881932300189
1,0.5583864088395013
0,0.3667938340182441
0,0.5404610819450227
0,0.5411448129411384
1,0.7455590970673425
1,0.4655057704672775
0,0.3574627039331175
0,0.5960174681240034
0,0.34214838488515453
0,0.6398846708072555
1,0.6136917171067168
0,0.3352219915893125
1,0.5527213199709091
1,0.7628728638556678
0,0.37330857041723137
1,0.8688972197339453
0,0.6608853202987087
1,0.5064933526862758
0,0.3275485156684992
1,0.3596994023136951
0,0.5765782381908583
0,0.6553502111351137
1,0.6429142027205816
1,0.6646494979090356
0,0.6527913450895377
0,0.7177947798636394
0,0.3178124292338017
1,0.7048338376683265
1,0.33743495126542034
1,0.33987856013892004
0,0.6616202893683105
0,0.5201108625789225
1,0.6230711600790654
1,0.6349825040096012
1,0.7264314153032747
0,0.24304686854543245
1,0.32230857858586903
1,0.6354572237108996
0,0.7777218244367922
1,0.3066707290587437
1,0.5392034680434042
0,0.3836484727466714
1,0.522174322792254
0,0.19645933048585365
0,0.18478030822458774
1,0.59600463390811
1,0.6747708826735387
0,0.5845528198360151
0,0.5162106471422307
0,0.3244298868311169
0,0.7545702963350837
1,0.49734170642286457
1,0.4467876834598142
0,0.1793977368250584
1,0.3371676431930867
0,0.37139391944691885
0,0.515311447140296
1,0.7214367088023658
1,0.7308830431090801
0,0.2709274399424552
1,0.6359702003074349
1,0.5617420837806247
0,0.7999601879144603
0,0.7715291612160009
0,0.572163177532065
0,0.5063986731573011
1,0.7050102494897841
0,0.4353857280193311
0,0.6276738996919115
0,0.5156241957166858
1,0.6294830862961137
0,0.18843957572224976
0,0.3445782575296198
1,0.7516958372630252
1,0.6636648834209505
0,0.5294721705437226
0,0.23194624417186518
1,0.6472253915548187
0,0.2691631330439095
0,0.5511879232051283
1,0.5483953094559743
1,0.7313737140812535
0,0.3591581754572577
0,0.5897852946014583
0,0.3331287644112023
1,0.6403835208935053
1,0.6918073156768694
0,0.23335745085598386
0,0.44126112724451033
1,0.7516802443630197
1,0.7276546267970658
1,0.7983179824753461
0,0.30641095434702253
1,0.4500960568297044
1,0.4602593031839474
1,0.5292632553804061
0,0.35004390731846885
0,0.6157988757123363
0,0.1547216061760224
1,0.649692448935132
0,0.5532088449731731
1,0.740966982154521
1,0.7978730154488439
1,0.7205782053020786
0,0.6397761587783825
0,0.6167329444752704
1,0.5604643814278705
0,0.4546202915559844
0,0.3440685913734831
0,0.6386698210481716
0,0.42027388571552643
1,0.6724928528096394
0,0.3632049466532182
1,0.6829347953279165
1,0.6312357548877371
0,0.387403197998633
0,0.698008864386631
1,0.5537394696216276
1,0.6966863385146471
1,0.32734263072059533
1,0.36648600349161803
0,0.4298879277686614
0,0.7119077652522254
1,0.5711115769291406
1,0.40830275386812476
1,0.2757463054702567
1,0.3183041037550067
0,0.6444105014328827
0,0.4974234035922522
0,0.6141239098774797
0,0.31135491628601125
1,0.725970525210679
0,0.6360320548373467
0,0.6800618731050484
0,0.26960507614573676
0,0.44834696443129957
0,0.4836986141877868
0,0.6581460422209183
1,0.28130495018574153
1,0.5936276768283846
0,0.2709098923041872
0,0.5026211882477217
1,0.8291756525910184
1,0.5783007903530206
1,0.8318079596791663
0,0.7216131603319609
0,0.284494088686889
1,0.656918411037297
0,0.6131928626172156
1,0.6199374959050523
0,0.7749037265731122
0,0.24098027404323555
0,0.5123878561373033
1,0.3503633336274062
0,0.30645558917679344
0,0.396793557529993
0,0.3441039884258842
0,0.43294618025081516
0,0.44882433524413895
0,0.638443999135548
0,0.5252022865491148
1,0.5601005879624046
1,0.5251267363350343
0,0.28774068477385456
1,0.5156683697105527
1,0.5264782684952387
1,0.8791967222781532
0,0.6696950769135579
1,0.6321660183104832
0,0.461750650526734
1,0.697351674627926
0,0.2663957175803638
1,0.8358636008718686
1,0.5499497337522486
1,0.46554803190318533
0,0.6542789726370306
0,0.6876614733696318
1,0.5088653847140746
1,0.47811911236111754
1,0.6303251901629388
0,0.1690856101993218
0,0.37335791708841454
0,0.3467552406662471
0,0.5957996305622346
1,0.5648289214682226
0,0.4432062257560794
0,0.5255025535987583
0,0.512863183271232
0,0.40855961646986505
0,0.3659005672395606
1,0.6129262927944535
1,0.5868964649695988
1,0.2943185361258486
0,0.5888868771705063
0,0.24371739555189892
0,0.2923233373689773
1,0.7513424627756872
1,0.7431661690273853
1,0.41908662962178717
0,0.6171398387343678
0,0.31105836236466605
1,0.5876358332179352
0,0.6620906574760579
0,0.6112365122007217
1,0.6374365310232603
1,0.5777219133875939
0,0.34422502694373447
1,0.45702194628714565
0,0.361431987319918
0,0.31570191985635676
1,0.4177932353457191
1,0.8381034209378195
0,0.2958557675204641
1,0.49209794443125815
0,0.186493635066353
0,0.26107603861752476
0,0.22013259140480654
0,0.19455452285810454
1,0.46531872810828384
0,0.7008639204221372
1,0.5103702230071169
1,0.314306400877921
0,0.35738912012032675
0,0.6719286361916915
1,0.6472320250347443
0,0.46723180801336905
1,0.2591201837710678
1,0.6073815842837117
0,0.40697094462186284
0,0.2922515619830452
1,0.6624888526921355
1,0.6721965567371926
1,0.813053918649898
1,0.7614297060824816
1,0.7533516519902073
0,0.3033188379035037
0,0.6301213166231519
0,0.8036763980132114
0,0.481147006202917
0,0.2422182854393448
0,0.40359826701374163
1,0.7292885803214794
1,0.3005755523211845
0,0.7425210039426978
1,0.8084949801843395
1,0.6920011032416876
0,0.6472983756659658
0,0.7252518719518322
1,0.6322715739217637
0,0.34023551195703183
1,0.59578400358965
0,0.6102927020420861
0,0.5732408199837254
0,0.6237541007281093
1,0.5523587410330413
0,0.26598478310795104
1,0.39015322300365746
0,0.3652774259621387
0,0.37929260255075287
1,0.6609306759238783
1,0.4359121634278071
0,0.5031599503223972
1,0.5700233677069229
0,0.18629546525032334
1,0.5826970745702653
1,0.7783010397609283
1,0.2238201803724071
0,0.2738106212939603
1,0.7655737786902801
1,0.5189276297133476
0,0.3641907916692497
0,0.48665627497740627
1,0.5563949775447001
1,0.6104770759613565
0,0.30325728246561856
0,0.657199066113838
1,0.5485880184264692
0,0.2919881047987214
0,0.7350568324147281
1,0.2592365395088327
0,0.3202102114994324
1,0.43949935235000476
1,0.5671120272428624
1,0.5897453741400576
1,0.577902983863942
0,0.4042511182181612
0,0.3094598708654765
0,0.6569416969515525
1,0.5921450753400058
1,0.4343526133967939
0,0.44738831848718
0,0.36188178598887255
0,0.6806731338717547
0,0.43115120331774964
0,0.3984737639679587
1,0.5619174382391763
0,0.5891868014062441
1,0.40261594415321533
1,0.46126185296411915
0,0.5407039314077593
1,0.6276902060695588
0,0.2989329827397885
1,0.8053223514168167
1,0.8070744452225682
1,0.6064088355328446
1,0.7597090771373063
1,0.20360495708328719
0,0.1543490477969405
1,0.8416631607187752
0,0.42140872970855037
1,0.6993747718743635
1,0.603825701015385
0,0.28287931322157794
1,0.6576280276093757
0,0.15495622748154275
0,0.2888447437551648
0,0.438697154345209
0,0.2330932829769855
0,0.6928308799128754
1,0.3708052536123169
0,0.34250574718413773
1,0.6194285126700682
1,0.5664233668236844
0,0.6538528968089421
0,0.7879709750268108
0,0.7052696448622421
0,0.25736864362405565
1,0.56685428673092
0,0.37523172128275384
0,0.6274758261654597
0,0.259778032526774
1,0.5421074296454629
1,0.6146127000578646
0,0.31369125758023086
1,0.7921344091772076
0,0.2430066515636764
1,0.7182260650085356
0,0.47553988401150304
0,0.6297815850424419
0,0.7947120543969105
1,0.36549458155970954
0,0.5815004236527687
1,0.42508690739314614
0,0.3258565856117385
0,0.24682600627981288
0,0.4809209225570339
1,0.28098412211750723
1,0.33723893330207205
0,0.35482492905868346
1,0.7617605816850853
1,0.6156116096426928
1,0.4020326677421169
1,0.740915596468091
0,0.24619493033585207
1,0.5333929955826955
1,0.4692152999409002
1,0.2899470948892089
0,0.3433643481326838
0,0.2983970652601347
1,0.8257424987119656
1,0.7343494012037806
0,0.43921012554443845
1,0.6508669487923993
1,0.644638347022239
1,0.6715069453066213
1,0.3042252814739215
0,0.4426605439225464
1,0.43159629761609125
1,0.332007088443547
1,0.4493903130895756
0,0.3812341967150435
0,0.3726375419404765
0,0.6362164740437467
0,0.6912564350251256
1,0.6010397792094153
1,0.2763567336942134
0,0.3529496936854015
0,0.454429899262485
1,0.6926550211542656
1,0.5387471451031873
1,0.7331301409920024
1,0.5235322932374102
1,0.6767649280124085
1,0.7116350227047987
0,0.3657971957227017
0,0.4724827461118425
0,0.5804508276220647
0,0.5307134740779995
0,0.46680507928848625
1,0.4047293558321083
0,0.36070395945795986
1,0.8350894083550711
0,0.3677363940377513
1,0.27023764839764985
0,0.26619048547688823
0,0.5619830797185509
0,0.5651446145054481
1,0.3444520126516562
1,0.597246584620587
0,0.5239601148294548
1,0.41962845525992293
1,0.48203711315334463
0,0.7956173553058139
1,0.39094789805835284
1,0.4313307566491816
0,0.37491160345045116
0,0.38456390741233165
1,0.4275833480395018
1,0.2777344912585213
0,0.38002405168262143
1,0.2800336367237686
1,0.2953655996962537
0,0.3137261121214849
0,0.4883400795094209
1,0.5745200056497606
0,0.4734833985574707
0,0.42541840083994403
1,0.45608556959706714
0,0.6383705803337657
1,0.6944111391654869
0,0.5775470614147171
0,0.7206639817566354
0,0.23466788076271833
1,0.6628268363713397
0,0.31095208548301156
1,0.4683574394929269
1,0.7290057875166535
0,0.46640230615841854
1,0.8349657869936868
1,0.7710932259640234
1,0.6821648186949553
0,0.4635536636440491
1,0.7441566115477407
0,0.3709608837573734
1,0.7568367360494193
0,0.3528204498745343
0,0.2324570966881029
0,0.21959992945379891
0,0.4043339599176454
1,0.37122016873067376
1,0.7050538312389434
1,0.6935432236211644
0,0.6141267502573727
1,0.2876757758123449
1,0.617990950493339
1,0.41427931006500995
1,0.6647112988893655
1,0.6113878963052585
1,0.4559372989421555
1,0.31952558430743194
0,0.2203487816721452
0,0.5544498690391773
0,0.4293109950180442
0,0.4002715967999994
1,0.6149265997156066
1,0.41714005294728723
0,0.27216202831967556
1,0.4360281559878968
0,0.32062832041946626
0,0.7105878976205824
0,0.26158966391776584
0,0.33687980583023464
0,0.3079048434837438
1,0.44599641812119734
0,0.42316120661722934
1,0.5317400111025328
1,0.6609832108020697
1,0.6179363438297119
1,0.43422775881584624
1,0.6075069241265509
1,0.5773434994927819
1,0.6370110602499787
1,0.22761378502560445
0,0.5505108834936172
0,0.571544554625873
1,0.2435217400572742
1,0.5648170474471778
1,0.42723755116448975
1,0.7002038189640578
0,0.5754007133799168
0,0.42759597935488436
1,0.611859439145303
1,0.715279047094238
0,0.4830667149911008
0,0.21507361614890944
1,0.5915108408249518
0,0.2266924162992877
1,0.47061228424757917
0,0.5187802718195289
0,0.377924837918164
0,0.5267153440956585
0,0.256295190517312
0,0.5198326769315164
1,0.3728475938304035
1,0.7575570247783087
1,0.3490142484995081
1,0.3920139181184708
0,0.6945750923202778
1,0.8081869126576243
1,0.7762705147118356
0,0.23872120061907118
1,0.4166287601129247
1,0.3653122616195237
0,0.2026200873126197
0,0.45522757146002296
0,0.24177818941460213
0,0.4978805791428314
0,0.5017915563606116
1,0.7674632595559024
1,0.4479189014821976
0,0.3074793702683243
0,0.5231891347071078
1,0.4392037435716674
1,0.6261488315301824
1,0.7448022255135214
0,0.2887450864619486
1,0.5709822656384064
0,0.2670820081083378
1,0.6912321273211397
0,0.4615949018093716
0,0.46337574070563187
1,0.6248533204346813
0,0.5273144446820527
1,0.4108799346096427
0,0.44993157385254234
1,0.7922353156458805
0,0.38539125239500927
0,0.33698452431836856
0,0.40518296171256746
1,0.6031046171935968
1,0.6845583113751154
0,0.6365955147420336
1,0.33204104825565217
1,0.32943959493834984
1,0.7097392525102064
0,0.18571348465151155
1,0.6916708277655315
1,0.7035819153006163
1,0.5320337172936911
0,0.20832480138284584
0,0.5682963812828015
0,0.2547597368084407
1,0.560145979129905
1,0.6775285683553119
0,0.34434609734146165
1,0.5933949740076273
0,0.45735083725315817
0,0.6644069146098239
0,0.5457018396270938
1,0.6282102501229236
1,0.6400878112579582
0,0.5049993469672583
0,0.3845582268024313
0,0.2160297665138598
1,0.8050817434060199
0,0.7270281673306696
1,0.5845972064300721
0,0.3644959277534941
1,0.2184469253205113
0,0.24323270932423413
0,0.22223645530509503
1,0.6598974369139783
0,0.384856207860031
0,0.40880818462626617
1,0.5521013702408819
1,0.7446346270896775
1,0.7404523530536101
1,0.389650851155207
1,0.29038596363074465
1,0.716249188085616
0,0.20124050634078783
1,0.6204943312853978
0,0.36276185111973597
1,0.4851502146532979
1,0.43679745983868623
1,0.7322836235199115
0,0.5308680585692612
0,0.7954020920983407
1,0.615477140896289
1,0.5051543690249104
1,0.48793541997609374
1,0.5176262311097246
1,0.5701839758853909
0,0.7072021545686619
1,0.6980135555271779
1,0.6090923760876319
1,0.7450493702213159
0,0.5555806750670587
1,0.6570439432293804
1,0.7196297326311898
0,0.40554849569257934
0,0.4619169563367928
1,0.32724830044906683
0,0.41238248511543657
1,0.28009617830424927
0,0.39781917475346035
1,0.6276205438135296
1,0.6143278196531676
1,0.3738176547413078
0,0.252245792057172
0,0.3957764762599787
0,0.5179526747012736
1,0.5066020511933875
1,0.5256507594538282
0,0.31805290670528114
0,0.2342714811743228
0,0.5661314862658512
0,0.5030609237682647
1,0.698213716999057
0,0.6990451228027127
1,0.6268082177280151
1,0.3025284268370878
0,0.7140220838607846
0,0.5317145183904348
0,0.24375816420807178
1,0.38461509661425813
1,0.6254758158113083
0,0.24596637146981473
1,0.5441501150751238
1,0.47973228724356465
1,0.42618621075651897
0,0.33256668141967227
1,0.6217907154872516
0,0.20813532490131492
1,0.5184802500694016
0,0.1721479324800707
1,0.5856833761676601
0,0.312470053364325
0,0.6490485684929592
1,0.5125788787737654
1,0.4234196007480221
1,0.6113224559636515
1,0.5941170564414193
1,0.4610239211768446
1,0.4166519516285057
1,0.4287594958847514
1,0.339700629478403
1,0.7446035527226045
0,0.33073953721292787
0,0.5140193223259544
0,0.49007746251288214
0,0.4290291349068081
1,0.39052551582376277
0,0.4609672156900362
1,0.7725108025712387
0,0.4054846172230655
0,0.5001502250279358
1,0.6723374425510131
1,0.6253838172382904
1,0.5471711951246135
1,0.5068296419351481
0,0.31341423164990234
1,0.6187550522563793
1,0.35744527068337567
0,0.20184402614889768
1,0.5061193126864193
1,0.736516689360413
0,0.6078192551330316
0,0.5954828830041736
0,0.6424184986211491
0,0.4735339594221373
0,0.5079011286042187
1,0.44883192130389515
0,0.3330798640586862
1,0.6159853753902603
1,0.4452411441782805
1,0.5409238561300231
1,0.5173397528048396
0,0.362399281748638
1,0.3047914225113252
1,0.7657468121623634
0,0.4036438461334805
0,0.3847957036987363
1,0.596128836758344
1,0.5773123525476022
1,0.6035665400933125
1,0.8075706324839386
0,0.3471665212304147
1,0.36182089200379103
0,0.31222705168013415
0,0.22691621066468712
1,0.6518954344035126
0,0.6238551384896273
0,0.3314453417198075
1,0.27882714379397694
1,0.44787535444799276
1,0.6127322016937097
0,0.4889768007641994
0,0.305922868709239
1,0.6481218206509813
1,0.6330143693106907
1,0.2980399628634131
1,0.3143970963790579
0,0.39092665275161476
1,0.5238593772785588
0,0.7312565477497047
1,0.6538852306836938
0,0.6779597836594485
0,0.26691242150055217
1,0.6774752774129206
0,0.5717517612896769
0,0.4490131901273679
0,0.47552050330698253
0,0.4943819540468323
1,0.6459464916539349
0,0.6501154255520121
0,0.18808616439809694
0,0.4346598081389373
1,0.38248667307025935
1,0.7325901366490589
0,0.37213512402263826
1,0.4689632697969052
1,0.559302414070802
0,0.26993988428444526
0,0.3783886694741465
0,0.4024887313924889
0,0.5787315389045108
1,0.43509948911571455
1,0.411654742682659
1,0.5519157338642791
0,0.574449378190959
1,0.4712005469348457
1,0.7299027771163825
1,0.6246499624617692
1,0.6293272734050088
0,0.308787716298823
0,0.5940941592457484
1,0.7679385626057632
1,0.32771107280372513
1,0.5684339067976024
1,0.6827570309603737
0,0.3083028170412708
0,0.628229331758772
1,0.6281087045003299
1,0.26993320170611373
1,0.6502184096546288
0,0.5950163823376553
1,0.7310277933097854
1,0.8547000419486587
1,0.31013895045150036
1,0.31639159686026574
1,0.31950262387923506
1,0.23932761106327655
1,0.7359603897049277
0,0.24220808737697694
0,0.43145056908637547
0,0.19464753367760795
1,0.722326174397775
0,0.4303005937935488
0,0.15919335533360024
0,0.34478179927637426
1,0.5379998575690845
0,0.29528040302017267
1,0.5490295821058659
1,0.649291632695702
1,0.8615195582445121
0,0.5195767361550965
0,0.341061051755128
1,0.6587054177666486
1,0.5402098875024742
1,0.7547264032559529
0,0.4887815295418844
1,0.6738192126977686
0,0.497847677662124
0,0.19077716147126042
1,0.7169290009287242
0,0.6783598362088383
1,0.8352296878475579
0,0.14689263013123627
0,0.5105137987565138
0,0.2012357506039833
0,0.3930604153404338
1,0.6757234714434348
1,0.4719276967627968
1,0.6414351641424739
0,0.22504978231666156
0,0.3881066984990063
0,0.20854766804265015
1,0.705314845933211
0,0.25858982140131725
0,0.5967888462547016
1,0.41137033389710886
0,0.3428236694022479
0,0.6045506370661422
1,0.6585026173119072
1,0.28312033713207924
1,0.6123415308478755
0,0.8235756558974527
1,0.44751271027044326
1,0.4647158685226454
1,0.5315674775623311
1,0.5626187283636428
0,0.3740889283188983
0,0.7806874092496193
0,0.5309221582029067
0,0.5575569136427042
1,0.23651365437139324
0,0.6072869796171678
0,0.2179160456404083
0,0.26513865005412707
1,0.5196768427678582
0,0.3654725580750029
1,0.6758663502169723
0,0.3375277004458175
0,0.5237166687725893
1,0.5143486919240943
0,0.749547118268842
1,0.47300552092740145
1,0.655045020148957
0,0.36674180333120004
0,0.24078528762194873
0,0.6231165280030461
0,0.48567343389853207
1,0.5181319799123069
0,0.3571576320949396
1,0.8904158287112498
0,0.17729811039867352
0,0.24280374167507743
1,0.7741944484036434
0,0.20081098353878887
1,0.27905624661650363
0,0.5853849442535525
1,0.32831130266762837
1,0.6049470495272401
1,0.6341752407098676
0,0.39674021218779065
0,0.8355761078611871
1,0.8342100954731257
1,0.3587810502566855
0,0.21207005665349637
1,0.717694742320722
1,0.4974937182658658
1,0.5163734565898045
1,0.6555931317935152
1,0.6017808151633307
1,0.6295307273340962
1,0.6129405408669145
0,0.3774498455195524
1,0.6716529758056593
0,0.7015530604798583
0,0.4838049190212591
1,0.5156903308935138
0,0.32897688248101964
0,0.21064359735853777
1,0.6575173816145212
0,0.20588444552208318
1,0.6359044582643596
0,0.7791557534058237
1,0.3507494869735045
0,0.5070768625638868
1,0.6847103709272498
1,0.4013723141456594
0,0.5981904872430843
0,0.2908163249117997
0,0.85421742850117
1,0.6173224026875648
1,0.5141141460643158
0,0.25129691760496414
1,0.7847619326208349
0,0.1929185486239915
0,0.22528282581038478
1,0.5934397247596891
0,0.47502308000428123
1,0.814016570594071
1,0.35067940856297425
0,0.6827935784376088
1,0.7956168925502446
0,0.29633351228897103
1,0.3303613528890524
1,0.5193431400122579
1,0.36861142521244067
0,0.15119827482843454
1,0.5864697900803982
0,0.2603495558672482
1,0.6323051674293633
0,0.6230853985812144
0,0.48124551522337167
1,0.7247047382703641
0,0.48582794224718867
1,0.5215019050016342
0,0.379133686034625
0,0.2928601577559034
1,0.8024659516369351
1,0.5681095942756165
0,0.43271015591420203
1,0.6674849587148408
1,0.7076523438888931
0,0.32847989657291216
1,0.5167267290307286
1,0.43016743430315746
0,0.27042660755225584
0,0.5274951987239959
0,0.6057946938792812
0,0.5373592474477604
1,0.6113216207239582
0,0.358186340733885
1,0.5719077650775041
1,0.40042024924273306
1,0.427156193636924
1,0.3333226640485752
1,0.6122077641490379
1,0.6389333417511478
1,0.6733954556385496
0,0.16454623678668542
0,0.41877136478382787
1,0.32004408588770716
1,0.26746781363918287
0,0.7327961412145512
0,0.42586109624024665
0,0.3679572416124576
1,0.5433638828929573
0,0.38225747759726203
0,0.607121463995939
0,0.7516670232441818
0,0.4085642421293844
0,0.6750445706913955
0,0.4002479396863488
1,0.25944842703943116
1,0.4507262387976525
1,0.5810341025267585
0,0.3362501425215917
1,0.4440832975898924
1,0.5712328516236294
1,0.7282437477407081
1,0.5006014151209907
1,0.3855954585099397
1,0.5401806830147887
0,0.5879526410390743
0,0.2935334827251874
0,0.4415173348437842
1,0.44862988853706576
1,0.5184171796927599
1,0.6880475871254395
1,0.6889250459331975
1,0.3704316375870851
1,0.5217951401793609
0,0.34140767440967645
0,0.49583845564782525
0,0.2902490856605214
1,0.6482136083586079
1,0.6680505048434967
0,0.2589280819592235
0,0.33965462711030525
1,0.41939888294066735
1,0.5025371986550027
0,0.33963306645791275
1,0.46879233792010955
0,0.33225613479088373
0,0.36657065470655154
1,0.6775276998139586
0,0.6174041940949456
1,0.6289531534664629
0,0.534989968686239
0,0.2998629260917073
1,0.3173393021805576
1,0.6664444812257525
0,0.6597532418915724
1,0.512846542414198
0,0.33947572629708306
0,0.4697718326885344
1,0.3846900479716924
1,0.3115388056898272
0,0.4404477419227835
0,0.7546090835508632
0,0.37981026967109727
1,0.41730203253381687
1,0.6753374704620235
0,0.4414276535460423
0,0.668307351800817
0,0.353084201692997
0,0.28678808450204085
0,0.4257151437521265
0,0.35490030864781313
1,0.7042914253240221
0,0.6655233937707148
0,0.2860097026062948
1,0.5767270630400687
1,0.8639402087083043
0,0.3392631219358702
1,0.43519583952198637
1,0.2314989763988974
1,0.45464535911017334
1,0.6031964957786886
1,0.6830884921147129
0,0.17700768367481445
0,0.7252079746992832
1,0.5330904258441447
1,0.62744037343263
0,0.4269590299910437
1,0.720127510848261
1,0.6753702750569957
1,0.5079462123339084
0,0.2695468537300204
1,0.24222564854523515
1,0.3567332083337309
0,0.3236753193870082
0,0.32152894758098044
1,0.6672564833075594
1,0.7287874689550875
1,0.24604164175924395
1,0.26871900297860046
1,0.5902228984570488
0,0.5997387336989015
0,0.30436974186738497
1,0.581703779244353
1,0.2210096852667834
1,0.7108028784027673
0,0.7873389477362023
0,0.3108567062255739
1,0.699789210641892
1,0.6537495302654461
1,0.7741897448360793
0,0.20223662103406662
0,0.6315714877741436
0,0.5225486101099245
0,0.4146408332801061
0,0.21470615601989465
1,0.5944435121600212
0,0.5539592557008243
0,0.7189314455323336
0,0.5143833564726467
0,0.5932046921842814
0,0.27440795098480686
1,0.6859169254617483
1,0.5891059555558038
1,0.48735221076050733
0,0.6038806486257805
0,0.5498640270334709
0,0.24067148223286267
0,0.5101285168025603
0,0.7222502913417564
1,0.3989026658823748
0,0.3665697079504586
1,0.5684509722481398
1,0.6903509190521274
1,0.4426985801215011
1,0.208735421702017
1,0.6816091662483553
1,0.6166790390839137
0,0.7478330948732146
0,0.6970677468571279
1,0.2531401978078228
1,0.632536763472166
0,0.5916879871605453
1,0.6927132719701381
0,0.6169649073787018
0,0.5901309429936773
0,0.585272716596615
0,0.33386655360593726
0,0.44356521442254676
0,0.390795754433598
1,0.5847025779345553
0,0.26547968281366957
0,0.6508317641471871
1,0.7486330004100602
1,0.5323745127524456
0,0.6891160535836831
0,0.5821164085354811
0,0.5415554119764329
1,0.565406010797338
1,0.8266029589954687
1,0.7220308799174645
1,0.6037124535048701
1,0.6065485278318874
0,0.18179500710953975
1,0.7187094356231322
0,0.4183290695875915
0,0.28856571156618743
1,0.7870754066355076
0,0.792614839786514
0,0.356006443733429
0,0.5640774174683724
0,0.41167930544103376
1,0.6003138206692195
0,0.7262036159116895
0,0.4745284783618438
0,0.33816107710617394
1,0.5012696216899789
0,0.3879813748231766
0,0.3431020730548141
1,0.530487993278091
0,0.2769779545053346
1,0.46495018759469414
0,0.3166287198534742
1,0.5407400262099685
1,0.41932154763717977
0,0.4220298299794927
0,0.26226619556096414
1,0.36646105709262844
1,0.5053988978207886
0,0.7166889476963476
1,0.5262095427135913
0,0.2513875331550472
1,0.16715185881177755
0,0.44330883829691536
1,0.5851002217201378
1,0.5868399633604693
0,0.5384512522954412
1,0.7596868415743019
0,0.6318620745171376
1,0.5339848864201
0,0.585059619002511
0,0.3991004011191867
0,0.23265817523507432
1,0.5200524472343395
0,0.3478403272225778
0,0.3489587056431207
0,0.3140848352452669
0,0.24750800647972185
0,0.5694172818205256
0,0.1415492640330425
0,0.5343766760902214
0,0.2236234107520483
1,0.6403998824875716
1,0.31298166131541505
1,0.6831046576214617
1,0.7228175622401022
0,0.22693061998366096
0,0.42890821038411947
1,0.6260936228578314
1,0.7430427853684733
0,0.16565553763247814
0,0.31023447964243195
1,0.7208350155950576
0,0.7817976071064261
1,0.45238591062534855
1,0.3953412998980617
0,0.343223054576378
0,0.432342927021416
1,0.6084397219822825
0,0.5789134953026303
0,0.34537230601808655
1,0.8138194624379307
1,0.7889675585555347
0,0.5991023297775572
0,0.27234096229657884
0,0.1933791750435044
0,0.5964274266554446
1,0.48826385110942444
1,0.23804748796529054
0,0.4056899672137231
0,0.21358875511503816
0,0.3822634074009046
1,0.5425014966539597
0,0.5930180253787949
0,0.24005249869190323
0,0.6002374283940622
1,0.8290684294673533
0,0.6631874031631537
0,0.13729910077024202
1,0.8102015337164098
1,0.6210525310142126
0,0.3738553163922716
1,0.5471002433543892
0,0.2906588355063638
0,0.7030157531610829
1,0.5079690037323759
1,0.6407866439933947
0,0.4808806385607678
1,0.3205341001911842
1,0.771837755505976
1,0.5511625370703854
0,0.5793649235254535
1,0.5019193070858154
1,0.7565091859310842
0,0.3891876860010355
1,0.7158406466780213
0,0.5941911380754954
1,0.7440667911344307
1,0.4929780039388703
0,0.44473989063359576
0,0.5084749497112905
0,0.29573156379667664
1,0.5923863048702895
1,0.7212775195412926
1,0.7093352201350976
0,0.30326106302060585
1,0.5869103025546746
0,0.28606267079003955
1,0.5524333962531561
1,0.3339085431318056
0,0.5919045210887691
1,0.6078175310123712
0,0.7190850894959797
1,0.5890527942607523
1,0.6640802972452099
1,0.8719770470619326
1,0.39965572557533025
0,0.2860473637976151
0,0.18757318537664247
1,0.6471743271145325
0,0.42169548540020874
1,0.6147133797207002
0,0.3510979797626935
0,0.25090389096493254
0,0.22172586762034058
0,0.6571507375715236
1,0.3721462852303825
0,0.4319034628290327
0,0.5270449275234801
0,0.4400592914098136
0,0.5641552460962046
1,0.752253332800958
1,0.5577435502070518
1,0.4946944072643097
1,0.4544585752613742
1,0.4169292322555038
1,0.631471314042391
0,0.32091043031905303
1,0.7888788470045437
0,0.31504820653927756
0,0.3359666454842806
1,0.6776654443154742
0,0.7018037062143744
1,0.32749199926305156
0,0.34679151160363464
1,0.8123091942356779
0,0.6542463747263142
0,0.29671842895885187
1,0.6459695401762633
0,0.49888111735537355
0,0.5873495414823932
0,0.2527741077607664
0,0.4887524999748084
0,0.5122921738785526
1,0.39910610285459497
0,0.3049256996296335
0,0.41922561288237803
0,0.8248302492204012
1,0.4465778829961765
1,0.490593333493295
0,0.263158707758882
1,0.532435237408906
0,0.23419092696129382
0,0.6672080958237755
0,0.6620385330882691
0,0.4082456695091613
1,0.732234548971709
0,0.41194633626278176
1,0.61959401812432
1,0.6227176115229324
1,0.6130056168023397
1,0.8552527048414356
0,0.3061759104558206
0,0.43777555066563906
1,0.5976375010586911
1,0.5062050764381141
0,0.8211504416403141
0,0.34005067865971045
0,0.2649681846212635
0,0.4630938346787235
1,0.7553010267545215
1,0.5751813321020076
0,0.5517350353005823
0,0.46572504347854476
0,0.39694832992112133
0,0.5848773318484446
0,0.4634416532861235
1,0.27460497428717945
0,0.6980841172465321
1,0.2650832072346059
1,0.8184797330906401
0,0.6229374794128725
0,0.18929881686020106
0,0.41879925934336215
0,0.1553974477069259
1,0.27869376342999463
0,0.7474377580809506
1,0.5511751297489578
0,0.7116754919536153
0,0.23689364854577208
1,0.576336363664911
0,0.31946988315863656
1,0.6529283458045692
0,0.6602876685413489
0,0.4628912495506767
0,0.3718422893786845
0,0.7242598124661543
0,0.3284685012635592
0,0.3638936414931628
0,0.6874111843608122
1,0.4375883191281661
1,0.48279038687778525
0,0.6505045159169719
0,0.49792714468237237
1,0.7976393556363605
0,0.46377816711767794
1,0.32541373735692664
1,0.5881268427686898
0,0.44398872732571293
0,0.492214023762451
1,0.6029235401695568
1,0.813351760478125
0,0.30863418159411077
1,0.7576526639488518
0,0.3731680121505446
0,0.5543217208455711
1,0.2674532673012387
1,0.6170623098138733
0,0.2830994166733904
1,0.8454485306617617
1,0.2001101084779078
0,0.6606609744153132
0,0.2915764793504863
1,0.27786153006188946
1,0.47761804477588665
0,0.31624441074143583
1,0.3283561590460539
1,0.42400006157182296
1,0.5563424325038583
0,0.3716767617330682
1,0.5181007390192628
1,0.45293279018369714
1,0.5680604447441555
1,0.6359462652090794
1,0.3680967016988778
0,0.8692509213123366
0,0.25840424321288435
0,0.37843019116717824
0,0.6686973215933821
0,0.6191848999376102
1,0.5391431107924574
1,0.3015534360246053
1,0.4846336126427723
0,0.5546819978790924
0,0.24836233914620723
1,0.25599166336583407
0,0.44915950323417325
0,0.33270887277661093
0,0.4458440093715743
0,0.2614615867882869
0,0.6015066965127097
0,0.5001804197945983
0,0.4259143317098757
0,0.2770484603125805
1,0.7451466531868686
0,0.24824860078565006
0,0.7164693019604714
1,0.4413567661076037
0,0.21830228404243873
1,0.6353699096628118
1,0.43733247132009934
0,0.5565520430131935
0,0.2860123457456763
1,0.15390226060120019
1,0.39904829153060956
0,0.42049318140485853
1,0.34694622566473465
1,0.32319554102833137
0,0.3295835888068395
1,0.7395364425182065
0,0.45284943848945153
0,0.4535345199132689
0,0.5175483007472432
0,0.6530326341049371
0,0.3296845846416285
1,0.6186460634313559
0,0.2934589591955114
1,0.5813872348115232
1,0.6278914719115212
0,0.41790707259831955
1,0.5188092270785304
0,0.34698570159117303
1,0.5628287267699132
0,0.3789098248539712
1,0.6537722662072425
0,0.20960378658760265
0,0.3612759185419755
0,0.6134187706211884
1,0.7659028143072832
0,0.43549360079429356
1,0.7716969000427994
1,0.709544025493771
0,0.7601662607865504
1,0.5546777095456009
0,0.5292912908759344
0,0.29106302589234867
1,0.6702160988929506
0,0.2949366161494593
0,0.49950992723002563
0,0.31261337576747217
0,0.5016929236462284
0,0.6486118027004006
1,0.17713964276494337
1,0.17654232620965915
1,0.7645661825591872
1,0.5314647089623848
1,0.69580050347649
1,0.6285836263164579
0,0.1933513038310177
1,0.8449340797046732
0,0.3158353052631129
0,0.3232550856617517
1,0.3028895955261384
0,0.6309753857768534
0,0.4799259279132818
0,0.30999748693218704
1,0.4921223006713923
1,0.48081298083656376
0,0.25127252522298565
0,0.5883995388391553
1,0.5051453862682374
1,0.5968653291923312
0,0.2585146081046865
0,0.23143381732619547
1,0.6991084848776274
1,0.5184445024606751
0,0.2585221784127291
1,0.5267181751893307
1,0.27264712864290697
0,0.2794401234868024
0,0.2769003907704676
0,0.3111617727636004
0,0.28982801918113515
1,0.49640197228485344
0,0.5465002914986046
1,0.6908239014376185
0,0.6876307100732616
1,0.6118901060412456
0,0.306253275300705
0,0.2927316367608943
0,0.6726553402655866
0,0.696541696076505
0,0.3674411366426
0,0.2406710702193585
1,0.6638021564525836
0,0.16318434400967946
1,0.5167084519727602
1,0.5903497568079907
1,0.5045679930324806
1,0.21763143391465184
0,0.42658526846226336
0,0.17274818732098818
0,0.6953850373566015
1,0.42765717643938594
1,0.6255368252772247
0,0.37381836201204116
0,0.38571303992832245
1,0.3692015197855773
1,0.3730894578617978
0,0.29756610506215964
0,0.3062752106089287
1,0.5602155652292197
0,0.45469716670992316
0,0.3776962870933598
1,0.6149044293016255
0,0.5101466896435362
1,0.5923759258514378
1,0.6176413970592486
0,0.21991118489428615
1,0.4544486594591505
1,0.6424385676988236
1,0.7767886542488296
1,0.5631308872897515
1,0.5877884228895626
0,0.3537793467925518
1,0.7137652331188857
0,0.21166186749380317
1,0.7011345284672205
0,0.5333729515757674
1,0.48282270697587976
0,0.4602336857050326
1,0.41552257101415524
1,0.43483413521310815
1,0.6491243988285651
0,0.6279009741448676
1,0.6966429387102698
0,0.5868150349868266
1,0.3309393393940921
0,0.36028133041872257
1,0.7119703968988107
0,0.48530707998186134
0,0.7211164123795107
0,0.21554826499348936
0,0.4658311409504021
0,0.30280833626865417
0,0.542852829577578
0,0.3481295343913596
0,0.2748679491831556
1,0.537080555270612
1,0.23143249875214178
0,0.6423091237950629
0,0.44306530391495436
1,0.6707768279070258
1,0.43450014351308275
1,0.6645678382371563
0,0.5388813103964814
0,0.3406040567351967
0,0.1703259838265582
1,0.7328129840724316
1,0.3627497311061676
0,0.4147192363799632
0,0.6335289499960768
1,0.652457401153914
0,0.29718732481042986
1,0.7584332298306761
1,0.7357964303898981
0,0.6133149698801303
0,0.26704343319951124
1,0.39061984791492194
1,0.24646913907052775
0,0.6489487981926079
1,0.7307762097401564
1,0.8186405517521973
1,0.4935054672257594
0,0.4208064555240814
0,0.5702062474806429
1,0.5849215019571946
1,0.2919061628482965
1,0.6281790778375869
0,0.4863790614463117
0,0.23211843875484045
1,0.6123578887614013
1,0.4513293362453221
0,0.580426346899727
0,0.5980647405822868
1,0.7207701877431966
1,0.8169754179927194
0,0.6055184555665233
0,0.1616047637456636
1,0.6899622415173239
0,0.24937119388037937
1,0.38213830610716126
1,0.6245728246201903
0,0.29610635236962557
1,0.262051015514505
0,0.4069043845163332
0,0.261105010134118
1,0.5664713319854399
0,0.2938520570829775
1,0.25891766895032764
1,0.3428487320825198
1,0.6931376733582351
0,0.5018530617629943
0,0.2412805716852661
0,0.7537176838176515
0,0.43188660533304096
1,0.8524443297109342
0,0.34117249940831884
1,0.3396048569397909
0,0.7235004367723439
1,0.7365280582653468
0,0.374816244772751
1,0.5701390579832003
0,0.6526662608689423
0,0.19638617537946063
1,0.46475113236266596
0,0.370789530807021
1,0.3459193953954552
0,0.3832050614839522
1,0.39549481966930494
1,0.4003068447626712
0,0.4355715714920749
0,0.22646739529979676
0,0.39631948921484095
1,0.8725753498205748
0,0.5886909150537142
0,0.24803353866207659
1,0.25178370318442433
1,0.23482183320684438
0,0.3179408371626248
0,0.2925482165661783
1,0.31390398046501644
1,0.30779210825437087
0,0.3124882237775454
0,0.4375907297061894
1,0.6138045997333259
0,0.28943604902426223
1,0.2601335564878574
1,0.3030047721829866
0,0.4746228832810833
0,0.3314524541470678
1,0.3739006083549527
1,0.414502218519572
1,0.4580591813732683
1,0.6574837931737021
1,0.3280746671443679
0,0.46734995358025033
0,0.7664078129635357
1,0.508938171572275
0,0.7368483561861062
1,0.48013434893602297
1,0.7709486423148331
0,0.29224087449954367
1,0.5130081503153068
0,0.44156239162262106
0,0.40569527686989565
0,0.7336351823370146
1,0.7889234809779971
1,0.35986023938477213
1,0.374199388169292
1,0.4365243549220913
1,0.5933099539069668
0,0.792404913626968
1,0.7565701326987436
0,0.1752825584788055
0,0.38221013511060353
1,0.3689447875043405
0,0.5817438768209939
0,0.5360455516692151
1,0.4703291950581299
1,0.663324369012442
1,0.5035351527179782
0,0.3534228573199539
1,0.7775377168496967
1,0.32979698208872116
0,0.3282162259538503
0,0.37335920758712443
0,0.28989917946903665
1,0.7014390516505884
0,0.5591166212116333
1,0.7701265809339211
0,0.2218722306446422
0,0.3229539389866017
1,0.35754238400273686
0,0.45765736456872363
1,0.8288282710660957
0,0.39039550473766294
1,0.6018788792659242
1,0.5980453401585974
0,0.48158199947876495
0,0.44915083489177454
0,0.2643533260360203
1,0.13695364525293077
0,0.37661707834210273
0,0.6450317646542169
1,0.6656750741988325
0,0.5824056848293057
0,0.6125696459747969
0,0.8537617884124046
0,0.5239569431827095
0,0.6279306433079214
0,0.5161458979059105
1,0.7656734639702723
1,0.7569959588951659
0,0.43378461641629756
0,0.4350064642379117
1,0.23583967672518114
0,0.31216806432379185
1,0.446924247857245
0,0.569155009479225
0,0.48256107906673235
0,0.4552903032835669
0,0.4977872942634521
1,0.7657061633733697
0,0.5481008272540102
1,0.6431954319872527
0,0.571050254989719
1,0.7147886153142056
0,0.4612238508255544
0,0.6140777492848849
1,0.5548947381205159
1,0.2345847077250646
1,0.5344961678026375
1,0.35419784213852196
1,0.7093382685414802
0,0.4450367978925336
1,0.47837956171101115
0,0.6588145948653307
0,0.27627987830293255
0,0.37597924661948523
1,0.581800092560675
1,0.5263930453918491
0,0.7475907224030777
0,0.565933885594743
0,0.3279624208952871
0,0.6460240073188371
0,0.3010453743519465
1,0.806671918589987
1,0.6170220486752487
1,0.4300080599098556
0,0.18793874447562012
1,0.603654655894434
0,0.31028599210701346
0,0.3603848383231234
1,0.217750907425565
1,0.3025728934088257
0,0.42844095837983737
1,0.772257309129449
0,0.35155452094287065
1,0.5573928252418525
0,0.7091580490448437
0,0.587888849999363
1,0.8565268708067022
1,0.5952988929385321
1,0.7820557126679923
0,0.5587181516073059
1,0.3708187451733123
0,0.7539419392766086
1,0.6848497631947297
1,0.47774466632502605
1,0.6247281998751063
0,0.2295396626100235
0,0.20750312462516576
1,0.3524476720596704
1,0.5622407185134681
0,0.7136764915585743
0,0.7291156094154405
0,0.33234096035478244
0,0.21958867465572254
1,0.6412995202550122
0,0.2628764867667239
0,0.548565398606581
0,0.23682184117132574
1,0.7455811116174381
0,0.4994617572008999
1,0.4523816940175115
0,0.4879538780154709
1,0.4339517796690858
1,0.6818671055719484
1,0.5905142035941192
1,0.3869134739288077
1,0.5605316273878362
1,0.5451650692139326
1,0.45066369880422247
0,0.2900856678620444
0,0.6731915531680716
0,0.4272298638697928
1,0.7405769321530904
1,0.7710104255696891
0,0.5817353884427034
0,0.4858107992018125
0,0.4248154707214909
0,0.42032838638831876
1,0.36278331033879374
1,0.6390204686830556
0,0.4188644663150407
1,0.5845681607800014
1,0.5012852688844116
0,0.43128659118479534
1,0.5652709707677074
1,0.41508176050221757
0,0.36718872156806415
0,0.32153714197787425
0,0.26603782556955213
1,0.5019862708208471
0,0.206532856856563
1,0.19708609272329572
1,0.3256196093265587
1,0.5516437293079268
0,0.2751834088490069
1,0.4733132599588722
0,0.46743240254482554
0,0.48253013865548583
1,0.42985163929049097
0,0.24828347303019302
0,0.5903024807864603
0,0.287223739628009
1,0.23554871538898914
1,0.346317494701113
1,0.3171309457694761
1,0.6230259062936025
1,0.7946400815460486
0,0.15963946122867584
0,0.6475084783169561
1,0.5538393606610446
1,0.26591328522373
0,0.5586994230376326
1,0.6208086868916552
0,0.2423488462531443
1,0.6944477066158126
1,0.5447695540424584
1,0.7008544070528312
0,0.5193281788802623
0,0.2312001808281702
0,0.4452724743770188
0,0.2586616730071368
0,0.20528920317823335
0,0.5838800943730462
0,0.2604762477570748
1,0.5632501697551222
1,0.4215852868740108
1,0.5038184232010087
1,0.43068491719448465
0,0.6540259951173446
0,0.37758956322046816
1,0.524470143459501
1,0.28665410470215946
0,0.3010428995195812
1,0.37849427144998105
0,0.7137948965866996
1,0.5330956953977165
0,0.3537062265189007
0,0.5839198198074474
0,0.20258192933799765
1,0.5942218166814397
0,0.2866078257034084
0,0.5242519298582379
0,0.37153443313555157
0,0.1366889721802239
0,0.15958335887661781
0,0.4459898105784321
0,0.6058755849909938
1,0.6857220982153371
1,0.44103909118063184
1,0.5900711065359775
0,0.7572157813280597
1,0.5988536192953322
0,0.20572601268337184
0,0.4438308620502185
0,0.6460739143820696
0,0.33669751066541526
1,0.6985870272277779
0,0.7229178053458714
1,0.23010497629972124
0,0.2568272850374954
1,0.7843110051341087
0,0.40214506379665443
1,0.26511075757555735
1,0.36399000205400384
0,0.7226019114171979
1,0.5416908622982763
1,0.6969638751716584
0,0.8530347618351599
0,0.5788091161586895
1,0.5075687525365666
0,0.2333042021099139
1,0.8536677682841679
1,0.4477324266497727
0,0.34659759845354843
1,0.3391884877424277
0,0.14095802756641015
0,0.5374604185677802
0,0.31838204780687
1,0.3403121538125606
0,0.6025229302510584
1,0.37810079097713994
1,0.43125177326053893
1,0.40496222597666437
0,0.34753840215752846
0,0.3929057959720297
1,0.6884472125524194
1,0.6165755219700282
0,0.6848537403724991
0,0.35740404309955653
1,0.776808365169534
1,0.46181889221415845
0,0.2692344077593008
1,0.3010409122884449
1,0.39890548008635107
1,0.7550291226468827
0,0.19986660519490543
0,0.3802919553735244
0,0.4475561223428335
1,0.6646150807476021
1,0.775086441175616
1,0.37474568965009813
1,0.4227438611098311
1,0.4933242647493114
0,0.18513357696131572
1,0.5392631870348498
1,0.35469320052823294
0,0.21869574216892354
0,0.34945480851538396
1,0.47821465103458755
1,0.41247436553640326
1,0.432750717305802
1,0.6635771007740255
0,0.20855584118411402
0,0.6569913754656915
0,0.23258574605854257
0,0.3967481115614461
0,0.3186359729634073
1,0.7049946195040292
0,0.2675161017743704
1,0.8591143226772706
1,0.6362645084682325
1,0.34609887879338835
1,0.5184042844018113
1,0.8576231842581574
0,0.25987871694586634
0,0.3756122693887454
0,0.6269954405975136
1,0.6010136287765728
1,0.5263710036207258
0,0.2970940677395418
1,0.778328560187377
0,0.2035811508439121
1,0.48408583124416743
1,0.5712034463717582
0,0.21084604561466808
0,0.3027677688654085
1,0.5487276367139575
1,0.3874417368410408
0,0.6599145927537351
0,0.507037719468676
1,0.7698583873376678
1,0.5050505612382282
0,0.4208521074548853
1,0.49937968286898016
0,0.5333780706751341
0,0.7475685696523391
1,0.4458865895522569
1,0.3631246676466281
1,0.2006375912442457
0,0.20602396448579632
0,0.45344588709805406
0,0.3233741440182216
1,0.40388213198908013
1,0.5162745850767182
0,0.3740120457217633
0,0.7055138271853784
0,0.6268145076252316
0,0.28103119366938295
0,0.2342979935275225
1,0.6468950523076034
0,0.6434486182019381
1,0.7954977193362675
0,0.6960852274979747
1,0.7889441833176712
0,0.6310147037294608
0,0.3146598602647678
1,0.4577609205133662
0,0.38149668314994967
1,0.718464328963834
1,0.37162827799138837
1,0.427703994109437
1,0.6671218080584721
0,0.42345315995503496
1,0.44730050315372566
0,0.2603834760183389
1,0.7211410875149207
0,0.4677428294390874
1,0.3414402779482853
1,0.5265189871101017
0,0.6353479318038541
0,0.5260657103030743
0,0.5734754700839358
0,0.3098316673220439
1,0.4213703590747658
0,0.2983488087210899
0,0.2506369145167535
1,0.46851202265707503
1,0.27807525638514385
1,0.5531198498861779
1,0.6446398451872702
0,0.6005957842841687
0,0.5043818240202312
0,0.5700607420701654
1,0.5295625705542779
0,0.61394873786015
1,0.4582603606164711
1,0.557600909364083
1,0.5837643879246024
0,0.27104003852828634
0,0.4885401256656787
1,0.6127655604555404
1,0.6133313941506018
1,0.5726669458242212
1,0.36118817875929116
0,0.3104143547581521
1,0.6955337553262317
1,0.4167006092281921
1,0.696211953587535
0,0.8399295823801073
1,0.8521014232098999
0,0.3609136526837839
0,0.43915784859315965
1,0.5770180598341175
1,0.5761269697351774
1,0.7834665817425039
1,0.5819626357424675
0,0.2833742857414072
0,0.4732310246279055
0,0.23005577884988707
1,0.5168754245797292
0,0.54366718590279
0,0.6923010885716964
1,0.4909871562792994
0,0.6797949577824458
0,0.6615574961022193
1,0.4923005554690339
0,0.4520932497653159
1,0.5933765017752444
1,0.8640199210964418
0,0.7347444812469803
1,0.6550418914143802
1,0.191122157778486
0,0.3772815563797132
0,0.5477000155370532
0,0.32539695525496115
1,0.29489033358765215
0,0.5630996819841044
0,0.5111639933781434
0,0.5865947624498464
1,0.3919956269293422
0,0.412996095461253
1,0.7288478773297291
0,0.7847104908226992
0,0.3326958765699496
1,0.5331563365823621
0,0.6586989804100067
0,0.5390628088551561
0,0.28163445700847517
0,0.35147552907442764
1,0.1688393937267339
1,0.39361475876398266
1,0.4642769162491344
0,0.27444154198701115
1,0.3789057938274689
0,0.31459565941519785
1,0.8745748562918608
0,0.1340252546619258
1,0.5619078689907768
0,0.5118147724349423
0,0.6201848028455803
0,0.4720014983900854
0,0.6060081493732731
1,0.35278388793680215
1,0.6907972272315492
0,0.5899502055217863
0,0.37708677160658655
0,0.7179652625588357
0,0.36491156085072624
1,0.6429992632914908
1,0.6605659228867591
0,0.3882335293023675
1,0.7646735700227051
1,0.24545820143665104
1,0.7535734650203082
1,0.7194103353584993
1,0.6827408058313662
1,0.6614828538974463
0,0.3411049233358497
0,0.3837223381079336
0,0.7760627743690042
1,0.5625523900351203
1,0.5778156489458672
0,0.24888113845346052
1,0.7069622885776251
1,0.6471611217238654
0,0.5859867007440365
1,0.6743735677467423
0,0.42073500840475
0,0.48676411931945723
0,0.3235389902739273
0,0.44074128400179086
1,0.8329273148497994
1,0.5937675411303833
0,0.7108083873362042
1,0.23862321231930825
0,0.7158327068247036
1,0.7352293724195912
1,0.6214232161426322
0,0.7903947522275722
0,0.666568287053146
0,0.44369755953382173
1,0.333289460765574
0,0.4254929989142178
1,0.886776368158271
0,0.34121351630353447
1,0.6384967916118085
0,0.2968061481550621
1,0.4957983970353406
0,0.5602776190070861
0,0.17511765004402827
1,0.6578536149734651
0,0.6579491118510609
1,0.44942148398896337
0,0.47514949378829235
0,0.6879611553065381
1,0.6551614112509496
1,0.28395932631666065
1,0.768857849940582
1,0.381691849764035
1,0.7856060267448898
1,0.44400191950843204
1,0.29134897564280327
0,0.3539475594299087
0,0.3491436861304833
0,0.1882676748129887
1,0.7537624100495243
1,0.4435780869458877
0,0.4864886271632908
0,0.35161779327753767
0,0.39294878090601987
0,0.3191388129103594
1,0.4999297987170377
0,0.6288685569113539
0,0.3196381117964653
1,0.5631200432581112
0,0.4581913811460906
0,0.19374703051434408
1,0.7236926557151856
0,0.5894017638620118
0,0.3459008228957866
1,0.7586377938399593
1,0.732562857140161
0,0.40248767713631706
0,0.4543878900403541
0,0.2403023272453798
1,0.8573228390718429
1,0.7858564000438749
0,0.6386877802456064
0,0.32652292255954035
0,0.180764012232065
1,0.626290538506046
1,0.3622168378801655
0,0.4726859133020633
0,0.5199380998295646
0,0.6499780834248038
1,0.5251400032698356
1,0.335871031048562
0,0.4489297094925757
0,0.4020092788257957
1,0.6097921483720506
0,0.33882695840768
1,0.49457232159804615
1,0.5560664943776121
1,0.5542616576007481
0,0.38735428215246853
0,0.4774059181060968
1,0.7075491337187964
0,0.2922654520715229
1,0.7105164519829511
1,0.4353223871229111
1,0.7408431891181165
0,0.459241663492706
0,0.27312512122613747
0,0.4984241015300893
0,0.3203096407449899
1,0.7889346159148332
1,0.23225660337441925
1,0.6214994388115399
0,0.21967552395093323
0,0.4949139371329277
0,0.4217885699417808
0,0.5507211791493416
1,0.6163562446647087
0,0.5789332031608748
0,0.48833047187718664
1,0.5800320606212793
1,0.5941464622065386
0,0.1946019204372191
1,0.3487470442527988
0,0.3985567942581058
0,0.4639705880427906
1,0.7271095306914663
0,0.5456237622255173
1,0.5747412220895547
1,0.7584964645967313
0,0.4699830478704715
0,0.47748577958565336
0,0.18181833612092782
1,0.5901279872821148
1,0.6390941218683185
0,0.4252373661868085
1,0.3952188018960317
0,0.4014566219375905
1,0.599099750555805
0,0.39750554786510794
0,0.31118516410587505
1,0.262246829501878
1,0.42989894630167885
0,0.18918878454806173
0,0.31456438280856774
0,0.354587257622063
0,0.5724502009564092
1,0.22454778113603124
1,0.3696665583097799
1,0.6098598720850411
0,0.565183433669186
0,0.6315066852033332
0,0.25434634133387696
1,0.5471102248954257
0,0.6867432044059241
1,0.560196489858823
1,0.3100205507566447
1,0.7353927284390485
0,0.5689382550623084
1,0.3533335565679975
0,0.4555805421461123
1,0.4333078408452696
0,0.6606959802641369
1,0.5114860527815246
1,0.7474618959924859
1,0.6116984780984119
0,0.4779465136445463
1,0.6671152102347022
0,0.49201764913234647
1,0.27580555706825916
1,0.7217303872248716
1,0.43141258316294123
0,0.19049062253245733
0,0.3868640364803545
0,0.4535564343755332
0,0.3960806240522716
1,0.7602001293596906
0,0.5558185329605357
0,0.33062725951315164
1,0.8428661955506949
0,0.35302622282608764
0,0.8360600895750127
0,0.5511787461274835
1,0.5122830351671235
1,0.43372704154745434
0,0.37188958469765077
1,0.6551733111966982
0,0.43769725198856396
0,0.3709210407937304
1,0.528728610240355
1,0.7571734583024424
0,0.48781075439356236
1,0.2801216066813609
1,0.7167956106719905
0,0.4954422647856629
1,0.6182602397041713
0,0.611649731463844
0,0.5094021708821683
0,0.2907854897203263
1,0.7910465219523963
1,0.7173441198103818
1,0.3937809494024861
0,0.6619277989195077
0,0.42504924302526725
1,0.7169352531286737
0,0.6078791006010856
0,0.19899506945906445
0,0.5559358386808149
0,0.46455804733104744
1,0.6669177493638537
1,0.4532829105879828
1,0.4920105148043959
1,0.3002278102664633
0,0.6030204713451883
1,0.4014152440241304
0,0.33970140617963757
0,0.4696736991902025
0,0.4271325276982299
0,0.4470561349036827
1,0.4627967841814655
1,0.7074704254934623
0,0.23288659974885534
0,0.6696541566435742
0,0.7240176694612268
1,0.6755317026279964
1,0.48124051881611224
1,0.8777715116448089
0,0.5311294373944822
0,0.6120929641748722
1,0.6948821870007944
0,0.5077078081247788
0,0.12823139507480003
0,0.2960538769767635
0,0.739033893447931
1,0.5519164110478724
0,0.6040020808710996
1,0.393474466438041
0,0.3026876729185839
1,0.6970414691961742
0,0.273010137026869
0,0.5207327517685219
1,0.8352290837638339
1,0.5000951463293318
0,0.832660731408843
1,0.756887626227138
1,0.5454136435946424
0,0.5446556480991152
0,0.6170481326479541
0,0.7396333766468802
1,0.3305905512618739
0,0.2994925359220372
0,0.37752907250795786
1,0.6208312162586556
1,0.5983015625700578
0,0.4914408075977375
0,0.5411830704851146
1,0.5069487029875631
0,0.551460613708306
1,0.7550769661658031
1,0.8429667166724956
1,0.7190320856525914
1,0.7441074167902431
1,0.5732943657777221
0,0.21423603842976013
1,0.7403146484747061
0,0.5518268821319436
1,0.6517986633314471
1,0.5159981614975143
0,0.6396834750324155
0,0.6236774656039236
1,0.6000230428217244
0,0.6568887529721433
0,0.21589329803216625
0,0.6932950384105999
1,0.29568357574913784
0,0.6551035824345688
0,0.5386563780169009
1,0.7191073895968874
1,0.6478230438198322
1,0.7417641026626799
0,0.6382975772319028
1,0.6530923886509163
0,0.7344942282140631
1,0.39327634008830303
1,0.8000864647446397
1,0.5674898836858082
0,0.5421972452765424
0,0.4677737215836113
0,0.6896386187153263
1,0.4808264948733654
0,0.24811772275413335
1,0.757441537238828
0,0.5037450535907527
1,0.5821339923451944
1,0.5419423315635139
0,0.342918516900371
1,0.40701021029251
1,0.365151362182634
0,0.39213979547935046
1,0.29256744924992467
0,0.7541641150422728
0,0.613956056829241
0,0.3466067743525032
1,0.33897838945634684
0,0.4560962704019264
1,0.3551828597435853
1,0.7774684597461907
1,0.44538078900906264
1,0.43597041418385035
0,0.4351736566515517
1,0.5541245595978777
0,0.578360102307098
0,0.3900295475794767
0,0.5347958279855807
0,0.17630931470867212
0,0.22789658933710968
0,0.6836288573802864
0,0.6011703107860266
0,0.6384816962428612
0,0.3222784729074227
0,0.45387135504804416
0,0.4410936676365012
0,0.2557930147599868
1,0.4178314415312027
1,0.844716175665977
1,0.707812705825838
1,0.5463857139415867
0,0.40731507745414297
0,0.5308055681055802
0,0.4837955148163258
0,0.34697927080462215
1,0.6417706638395014
0,0.4392023463515187
0,0.7731520392205294
1,0.7633495120990572
1,0.710614677275915
0,0.20880344287357863
0,0.40579748255574677
0,0.6035760337306086
0,0.3022524309878319
1,0.3842586648269676
0,0.682036942200827
1,0.39693834599726774
1,0.7771292015086564
0,0.3512090716239105
1,0.4732833513857402
0,0.684911388626929
1,0.36107272909546256
1,0.8522746190769607
1,0.8047993725873266
0,0.6690385619945595
0,0.45360791454594346
0,0.4001643880900561
1,0.723867234949282
0,0.4797969228969971
0,0.2934080585096058
0,0.592856948190498
1,0.4210052957902357
0,0.3109831994703891
0,0.21034653253928565
0,0.3241934540605712
1,0.6476899099567996
1,0.8134372561296567
1,0.6301780730332773
1,0.34652166175821614
0,0.356212866202507
1,0.622103842382396
1,0.5168987015845291
1,0.51626906080342
1,0.6875085816320133
1,0.5354204574879571
1,0.6595440647232838
0,0.663736674225744
0,0.2667104286624339
1,0.27234775977778825
1,0.36788550924826735
0,0.18365643284856642
1,0.25177485848396963
1,0.6272238368810089
0,0.6776014093683439
1,0.6204384661360997
0,0.6470238719814525
0,0.3529256062459804
0,0.3065056773289919
0,0.39658210228100826
0,0.26390381817997693
0,0.6305801097053382
1,0.5622154578959407
1,0.5764531583881384
1,0.28178831645894775
1,0.8502432497621504
0,0.5921247349402442
1,0.6911419626647752
1,0.6441035435606787
0,0.6467953387213838
0,0.636896071429471
1,0.23118236301065465
0,0.21407183536772473
1,0.6652851991033117
0,0.261007670595066
1,0.7509639148430073
1,0.5377961748453818
1,0.35068460917782607
0,0.6166721811456708
1,0.7181011770638965
0,0.4699447186992942
1,0.550135503371064
1,0.5561000689752783
0,0.23366443362743408
1,0.6106592393093004
1,0.5744249440221971
0,0.753940301678664
0,0.3124551265057674
1,0.2326585834065537
1,0.6172673019174186
1,0.2949941431140224
1,0.5072747009474391
0,0.3389609631922515
1,0.5428588831642663
1,0.35770557451808915
0,0.7055375384433961
1,0.6490306681244302
1,0.6582946286117859
1,0.6619591889226667
0,0.42264839583418173
0,0.47712450818501423
1,0.2687889656823448
0,0.3618648591405575
0,0.5761602036946354
0,0.19172171480517278
0,0.6090564543297016
1,0.28866677167462174
0,0.40641960810017586
1,0.7736059858794567
0,0.4245035933638695
0,0.2619403330032835
0,0.17903717461532748
1,0.768859666665336
1,0.718871961018929
0,0.44589328346844753
0,0.18053703742559038
1,0.43556050716243144
0,0.21755160963197112
1,0.7019727216581293
0,0.3202691599767736
1,0.7139055642193108
0,0.3045581716375948
0,0.30617116252379883
0,0.3502788314354422
0,0.4965881752110131
0,0.37672820895496
1,0.8685415406759099
0,0.24974679519344448
0,0.23740464620384366
1,0.6324592868755063
1,0.2965648781648666
1,0.5861585979534107
1,0.31711531451655567
1,0.4828723524283754
1,0.5824437998693729
0,0.6713724830395277
1,0.5820020995434753
1,0.6555619538574491
0,0.6639094198452931
0,0.6414053318579189
1,0.5563978362764567
1,0.31770137097585993
1,0.22903646672279004
0,0.4307306495544857
1,0.2992581231191115
1,0.6560485001476815
0,0.6038482030230284
1,0.15339442416239688
0,0.5934502643554723
0,0.5721638868948469
0,0.2551551519567425
1,0.5637233034506456
0,0.3939913726073555
0,0.7260083797314677
0,0.4581882288723584
1,0.5081520301458595
0,0.7724089359102156
1,0.5188555232209122
0,0.5930957752288465
0,0.4965091202349332
1,0.5893308550444725
0,0.37756235473229804
1,0.5895480348983594
0,0.23784983028198772
0,0.6127575365824258
1,0.5713822295257337
0,0.2648026089063598
0,0.2719231442798752
1,0.34451433602477477
1,0.37248063677571247
0,0.24451599933073023
0,0.5155487301682086
1,0.3455633675977081
1,0.2960424461377227
0,0.5963383705379256
1,0.5298230896924907
0,0.36021907986099844
0,0.2014726275605896
1,0.6831227917402304
1,0.676683359224138
0,0.2927836579760339
0,0.6058661316417063
0,0.185111539748894
0,0.5428170126106519
0,0.3373441253960454
0,0.6575568684371145
0,0.4057129224214169
1,0.689470913353776
0,0.5756896574845354
1,0.7963710764562681
0,0.41529799330475037
0,0.2724610818051801
0,0.38770394977450084
0,0.34309102855470563
1,0.6720765237412831
1,0.4886988035991033
1,0.839436685085889
1,0.6757657537292727
0,0.5315394416905074
0,0.32897958170966074
1,0.7822832770348549
1,0.5343885058778913
0,0.7914524266825809
1,0.6944542905256235
1,0.6714229139681838
0,0.23625426251617446
1,0.3529590082640774
1,0.44787813050128056
1,0.5277671011519173
1,0.36482121681574725
0,0.43710372043448764
1,0.3687615460223554
0,0.6073658718201901
1,0.532156581542735
0,0.6787623907222579
1,0.28208067349274774
1,0.8317355966914786
0,0.582521978893577
1,0.5047564310938142
1,0.440299042392907
0,0.5060396384325953
1,0.8587497908880773
1,0.48034812158070433
0,0.127341018558019
1,0.6557325561468774
0,0.31057551769722985
1,0.2639111127907165
1,0.43465766603118816
1,0.5851711417063468
0,0.33892772475231764
0,0.26728322048928993
0,0.19670362450420129
0,0.2999128659587876
0,0.44948059831829484
1,0.6913259610347198
1,0.8159922865363737
1,0.2701740773155214
0,0.21280309016414978
0,0.3740947675487669
0,0.7519455058748613
0,0.3227221616320149
1,0.552897107653135
0,0.7237491269985032
0,0.2142002780921295
1,0.816509330911709
0,0.4725917400162224
0,0.2717323265839478
0,0.6893862191341223
1,0.7628888329650448
1,0.35545874026794766
1,0.7920874155244798
1,0.7241984600644172
0,0.4461381961857364
0,0.5297385636902272
0,0.3914212464689652
1,0.5996232773580022
0,0.25144285476888506
1,0.2990657858935408
1,0.7258533536024612
1,0.5498062601886802
1,0.7259792323299712
0,0.31381202272107006
1,0.6070238736113466
0,0.3263739309465661
1,0.4581487991205196
0,0.5635630183935826
1,0.8130424576897943
1,0.753749903560022
1,0.7178785588673168
1,0.6894689881510433
0,0.3174229299460428
0,0.24913576756018635
1,0.5421955835799994
0,0.3918906175190418
1,0.48653312223338924
0,0.5366868397429178
0,0.27848021387458344
1,0.6608242497759687
0,0.4673006897495743
0,0.2912169658979533
1,0.4112749605175954
1,0.7338300395406631
1,0.5961909283237359
1,0.5795353049746077
1,0.49313325246888073
0,0.6446789686309273
0,0.1992996036485461
1,0.6608531898876828
0,0.46669405856967683
0,0.17388795008077307
0,0.16235509502678339
0,0.39387283177343524
1,0.41534684113434966
0,0.5673416209732827
1,0.5459665572471417
1,0.39930763886567244
0,0.19404899855263646
1,0.664051145621292
1,0.48237495511647527
0,0.4200743575402401
0,0.5288788141433699
1,0.4234704587200929
0,0.4795078469409473
1,0.3961097067851311
1,0.40373068314144317
0,0.3408120860661516
0,0.3993508322908172
1,0.8251279113125009
1,0.7962904419499267
0,0.6634090587883796
0,0.4998761604479987
0,0.4589487029087786
0,0.23996121917155552
0,0.6107591109641399
0,0.3302706285026582
1,0.5840993817066594
0,0.3748946262146178
0,0.6250137883457514
0,0.2898163843218084
1,0.26393233273995315
1,0.820629883809194
0,0.49151462402100476
0,0.35843377756604217
0,0.18549780272788183
0,0.5899868817069507
0,0.3947670425721871
0,0.27602449868872286
0,0.529163776814464
0,0.22338535338543308
0,0.4284214573738033
0,0.6931027463298299
0,0.1464989989814718
0,0.5501720165021353
0,0.22888254910506114
1,0.5965309998749827
1,0.17568643037332116
1,0.33752413569046275
0,0.3892008320167038
0,0.3382849565615932
0,0.324069388322306
1,0.40020399875098417
1,0.443450885190711
0,0.475780699339335
1,0.5147983871663955
0,0.23009863996913194
1,0.5845911751412506
0,0.460272802566454
0,0.5746050572761697
1,0.4275472137341271
0,0.3195400513958104
1,0.34990802913365543
0,0.5559381529255174
0,0.5318884568721337
0,0.28416004151335145
1,0.40238058266969673
0,0.3114634575220443
1,0.6856583623815831
0,0.3028779713256108
1,0.5190792113357764
1,0.742821383711497
0,0.3866960981726407
1,0.4478368776864168
0,0.7199323171981135
0,0.23257171536895924
1,0.8029200842065918
0,0.574232546998779
1,0.6500866872314811
1,0.22090838105145602
1,0.5864959746559967
1,0.36255152392127016
0,0.500757932017104
1,0.6580405586496192
0,0.7036349664174035
1,0.4307499277943521
0,0.36920625864129875
1,0.43840411123729456
0,0.3627813164341055
0,0.1901438762272884
0,0.4126179116761835
1,0.5652377514195039
1,0.822853991527519
0,0.2655797299175866
1,0.5948689456590831
1,0.4077214153781828
1,0.6105610562262201
0,0.2517501149547614
1,0.6020886076024885
1,0.3122239112662313
1,0.39162667903182924
1,0.5139575127826468
0,0.37626431568938223
0,0.48370929765902826
1,0.5669920132994568
1,0.4543967849390732
0,0.43431785730007766
0,0.32563820329395615
0,0.4908944564794353
0,0.34790331944917197
1,0.44519727784370594
1,0.5494479110524473
1,0.6450236977180841
0,0.25582465238712826
1,0.6199171205122804
1,0.5962259708438522
0,0.603524804201619
1,0.5583205557365376
0,0.23299653792724556
0,0.2804845687909798
0,0.42879494646170735
0,0.4597884446892719
1,0.43988907269329713
0,0.3287787749935214
1,0.646198348430949
1,0.7681544460498947
0,0.49689951912923913
1,0.45584134589391273
0,0.5768912865153186
0,0.4673769999444343
1,0.1750931683406128
0,0.5894487472442627
0,0.3262995632172747
0,0.57405458253422
1,0.8210131809430122
0,0.443264323381935
0,0.28816512144004935
1,0.7775407900476657
1,0.4972721646054889
1,0.5274330781661267
0,0.6384735042466779
0,0.38290049477491755
1,0.6291046417419983
0,0.2946665207029046
0,0.6311111902067904
1,0.7506456274542888
1,0.7631592178230893
1,0.5678335287433338
1,0.768760444714915
0,0.40348646724355086
0,0.1787473211560857
1,0.734121747244119
0,0.21151631784941566
1,0.44611958640870353
1,0.4955756571977145
0,0.5918204615200674
0,0.3648257869307081
1,0.3742136740967961
0,0.379006210396973
0,0.4682594804101878
0,0.6022127679206095
1,0.6671033446818897
1,0.45893177573927013
1,0.5897737923491475
1,0.6820494224983101
0,0.2273517119280634
1,0.6682719516811079
1,0.7103200122051566
1,0.6030837427891826
1,0.6338536238989163
0,0.329483632197619
0,0.6064377004746722
1,0.5621079131393608
1,0.6473414740448208
0,0.512110997307511
1,0.7135055406069654
1,0.6400016570989457
0,0.5496756945388696
1,0.6301737470133294
1,0.2242393805241737
1,0.465678361862293
0,0.654055515268529
0,0.3957969707686729
1,0.6684352881850499
0,0.44475252309193836
1,0.33112786739506717
0,0.4671775003062023
1,0.7086817456565117
0,0.40272310492906066
1,0.37925611570791296
0,0.5122460220400022
0,0.23316916557796372
1,0.30080362075494876
0,0.7452514085150587
0,0.23666316980672836
0,0.36543347813462357
1,0.670192327088694
1,0.2505508485172702
1,0.3800085052227023
1,0.4823760714596933
0,0.43603867709757954
1,0.47726339191429296
0,0.39070921617831195
1,0.5346148540372752
1,0.819797214529152
0,0.1854736743782765
1,0.7329502724928624
0,0.24687277180541933
1,0.8195497374270352
1,0.3191479924698719
0,0.641726408739773
0,0.5551937321521623
0,0.5374807180376654
0,0.3851544955077672
0,0.5039520574262871
0,0.5916854501405837
0,0.2535379282489061
0,0.5064063808070977
1,0.24172988602739054
1,0.6460840030067748
0,0.6256274739211218
1,0.7038713396609302
0,0.4354391308405007
1,0.6292555274482533
1,0.7980744160178843
1,0.46758352555242033
0,0.5308686833617953
1,0.29033541708741756
1,0.6616700620454883
1,0.46256437824663366
0,0.6184135044649034
1,0.7510667958055697
0,0.5074558913698667
0,0.2591312306575996
1,0.34641733107531686
1,0.7192831452513859
0,0.30107713204176084
1,0.5068023109748278
1,0.6110000856820499
0,0.29539736301268377
0,0.3927562711354479
1,0.4632802175455746
0,0.3514586134006966
0,0.6492499103558329
0,0.3179848624726489
0,0.6780945614390409
0,0.4815373676142503
1,0.368702759746436
0,0.18986398294295062
0,0.47797737194954715
1,0.7081746625118509
1,0.6956996982581268
0,0.4896436791728635
1,0.5880172223307257
1,0.8133567910352945
0,0.3489109376142563
1,0.7483467939059397
0,0.29431905869284375
0,0.31710966356815773
1,0.6257042648361897
0,0.4311307899439036
1,0.5175304160094021
1,0.35893183003611434
1,0.7151952470726495
1,0.2826067896653044
1,0.30641329093857517
1,0.6620916370108824
0,0.4330234649284413
0,0.2521047781653495
1,0.3235821734968644
0,0.5434025077319541
0,0.25446583226866865
1,0.6354365837958408
0,0.3357088407403818
1,0.8294389635491403
0,0.3866576657638794
1,0.4416980633163427
1,0.6224475466344096
0,0.24000623421400974
1,0.4137984613439106
1,0.3746863167458655
1,0.821834629963743
0,0.4942149846627911
1,0.5993197623044144
1,0.7509295682252923
0,0.3504794797302327
0,0.3898903140464055
1,0.2598353241541804
0,0.32205233770522756
1,0.7320595929733955
0,0.31196842093865784
0,0.399259199246672
1,0.6159100519212534
0,0.4857826515598385
0,0.4706925257827245
0,0.4618763245697651
0,0.5212582133450326
0,0.6788713980397679
0,0.61881740633867
0,0.5114887415553867
0,0.391697215902406
1,0.6194238604607849
1,0.6005482640420264
1,0.678187415744514
1,0.5668858455950333
0,0.47769569601585943
0,0.27282692710766115
0,0.2535077410562564
0,0.40644909829640624
0,0.6247655696187142
1,0.5095529738548126
1,0.17399217162900815
0,0.4294115299597169
0,0.235365143292851
0,0.52201979578377
0,0.503490741993103
1,0.6762723231308748
1,0.6575479683377387
1,0.48679343498262945
1,0.4807167492623482
1,0.5330173224884845
1,0.48997014016541546
1,0.45481728611019007
0,0.5181805483557235
1,0.5250022678591646
1,0.6210304927407283
1,0.4327829980168552
1,0.7490587524912932
1,0.5258450594453116
0,0.2765677173062913
0,0.3917754545369081
1,0.5167402214120327
1,0.44643349544440486
1,0.5642149420125031
0,0.42466459513640137
0,0.1995407543828742
0,0.46506973039923716
1,0.27909262658599393
0,0.28121350832820924
1,0.4917418611564409
1,0.3081498332755348
1,0.6406889657702614
0,0.6614256899267226
0,0.3883015192879275
1,0.6651769459046701
0,0.30131402850628874
0,0.39094016959827105
0,0.2339313720474616
0,0.7805381116687913
1,0.591577452749433
1,0.6692764656675644
1,0.4101421564888955
0,0.6091576910990454
1,0.4791110774635566
1,0.4667530443744149
1,0.6200099945708236
0,0.2977131728222921
0,0.47356937554894735
1,0.5946098901755721
1,0.8416280681202417
1,0.629528333745718
0,0.4234733089240556
0,0.3502569855770849
0,0.45182402035410524
0,0.4958306753794921
0,0.3502768764343494
0,0.6513524784605544
0,0.27030344988473587
0,0.3508791970400246
1,0.7545162802267779
0,0.3601646379688966
1,0.4757739085066331
1,0.706424600998481
1,0.46327736628235566
0,0.4737821092038608
1,0.6835270589957139
0,0.5021556165246222
1,0.40654266213871526
1,0.5570538199959266
1,0.5392399927126829
1,0.5198998395852493
0,0.2974031401171625
1,0.6544265362462441
0,0.6879076196186955
1,0.6889572450470903
0,0.4398918906088163
0,0.28767469617033664
0,0.2370239825327671
1,0.34568974962812743
0,0.4441067197208669
0,0.270755382588345
1,0.4702884335980828
0,0.5577913316078411
1,0.5088463860840358
1,0.620244532195427
1,0.6088479115784202
0,0.27097239729607536
1,0.42879760856703575
1,0.7180206024130177
1,0.6311374015169364
0,0.48202434239017944
1,0.3360240849016395
0,0.4622491559495253
0,0.4835710489913556
0,0.6614708894501293
0,0.21226479904357554
0,0.3421871661095724
1,0.6759464052561611
0,0.5014552104635179
0,0.505893099674878
1,0.7685555339253216
1,0.8174380178461523
1,0.43918425586223503
1,0.388239698146947
0,0.3036729543292022
0,0.39364204407245607
1,0.35800570600227727
0,0.25375524478250067
0,0.5059524979962231
0,0.25192459357742614
1,0.6520477575187237
1,0.7088581475919317
0,0.6094198744663247
1,0.7980035804196587
0,0.5304626125768497
0,0.2770453252831971
0,0.4467363260997944
1,0.5022326781433385
1,0.48004040858425795
0,0.24436527715628403
0,0.4406254844488303
1,0.7718080690719582
1,0.5877081196549219
1,0.43871133295586495
1,0.3382373344771241
1,0.7867974192102193
1,0.5186206838585099
0,0.5873307558473123
1,0.7154536015297279
0,0.2763112542763462
1,0.7269956498322659
0,0.24997094452904595
0,0.3817779376537427
0,0.45789994067574935
0,0.358106931238359
1,0.3709810828393634
0,0.22007902675663057
1,0.420631954728553
0,0.3462556887878047
1,0.6676729876203206
0,0.402843692762127
1,0.7169501304215009
1,0.7876505544504276
0,0.5127533328054269
1,0.2481851354582385
0,0.32670647775845996
0,0.6600609759463169
1,0.5970959378837029
1,0.7256658324826813
0,0.46109083384097704
1,0.3579031689177867
1,0.2613763880326652
0,0.3674230014331489
1,0.34622996257472716
0,0.3451709051317574
1,0.44533687815554296
1,0.48452871603995923
0,0.2170919859702886
1,0.639447572083836
1,0.6081706857224777
1,0.6044955495312482
0,0.4431265203070151
0,0.37494370299245094
0,0.44592901562057013
0,0.7149468322398939
0,0.2653195122137565
0,0.31634871558018707
0,0.31490520023197416
1,0.619222303169474
0,0.248920631035897
1,0.6230163006768081
1,0.7843578757260576
1,0.4849955918789337
0,0.46596448483167957
0,0.6255425164617047
1,0.47561764382212823
1,0.4385164531737972
0,0.6522197823008588
0,0.551593199183908
0,0.34582667725876326
1,0.7455487911897096
1,0.7897191125620378
1,0.31820234707878625
1,0.5106729436271072
0,0.6419984950351342
0,0.2523071519483899
1,0.5622244231839852
0,0.31099387213340873
1,0.7857601495880983
1,0.6195704742345393
1,0.7038840222405544
1,0.4589143370881947
0,0.8438274983618637
0,0.6723577458931141
0,0.36228615736302416
1,0.32897952757141613
0,0.44789640257228036
1,0.6541030894399771
0,0.2435678251996826
0,0.4223287823304265
